,Application score,Location score,Cost score,Maturity score,Total score
Flywheel - Short duration,0.0,0.0,0.0,0.0,0.0
Flywheel - Long duration,0.0,0.9,0.469494589074861,0.5,0.0
Zinc,0.5940026267016217,0.3,0.6821049759557996,0.3,0.19095940214181453
Nickel,0.3473748434041155,0.3,0.6818956699624957,0.5,0.24334820811502103
Flow battery - Zinc bromide,0.3886043960734408,0.6,0.5455686188930412,0.6,0.27626749884515645
Flow battery - Iron,0.3886043960734408,0.6,0.6003482019571351,0.6,0.2898055592357025
Vanadium redox flow,0.5825186911531856,0.6,0.5259006047856954,0.6,0.332091697444419
Lead-carbon,0.3208899271659794,0.5,0.549073438572409,0.8,0.3358019756580588
Lead-acid,0.3195472757841879,0.5,0.5959475566150179,1.0,0.4363867759529063
Sodium,0.6799632668994364,1.0,0.6024640780793444,0.8,0.5120334006107887
Lithium-ion nickel-manganese-cobalt,0.4580934602711467,1.0,0.5919786887672044,1.0,0.5207509634596416
Lithium-ion,0.5243861083929205,1.0,0.5600044800358402,1.0,0.5419027310953464
Compressed-air energy storage,0.6711690533525498,0.3,0.6954102920723229,0.8,0.5465457301543512
Lithium-ion iron phosphate,0.6217284793034599,1.0,0.5979520143508482,1.0,0.6097243611491946
Pumped hydro storage,0.8527729686650724,0.0,0.565850898288301,1.0,0.6946526832562532
