time,Pload,Ppv,Pcharge,Pdischarge,Ptotal,state of charge,energy_charge_with_es,nem_charge_with_es,demand_charge_with_es,total_bill_with_es,energy_charge_without_es,nem_charge_without_es,demand_charge_without_es,total_bill_without_es
0,9815.796579,0.0,0.0,0.0,9815.796579,2000.0,297867.06203257403,0.0,176213.14050619252,474080.20253876655,298449.3946700492,0.0,180435.14640643,478884.5410764792
1,9808.189281,0.0,0.0,0.0,9808.189281,2000.0,297867.06203257403,0.0,176213.14050619252,474080.20253876655,298449.3946700492,0.0,180435.14640643,478884.5410764792
2,9800.581984,0.0,295.168112963642,0.0,10095.750096963642,2259.747939408,297867.06203257403,0.0,176213.14050619252,474080.20253876655,298449.3946700492,0.0,180435.14640643,478884.5410764792
3,9792.974686,0.0,500.063937406059,0.0,10293.038623406059,2699.80420432534,297867.06203257403,0.0,176213.14050619252,474080.20253876655,298449.3946700492,0.0,180435.14640643,478884.5410764792
4,9785.367388,0.0,507.671235406058,0.0,10293.038623406059,3146.55489148267,297867.06203257403,0.0,176213.14050619252,474080.20253876655,298449.3946700492,0.0,180435.14640643,478884.5410764792
5,9777.760091,0.0,515.278532406059,0.0,10293.038623406059,3600.0,297867.06203257403,0.0,176213.14050619252,474080.20253876655,298449.3946700492,0.0,180435.14640643,478884.5410764792
6,9770.152793,0.0,0.0,838.392358166675,8931.760434833324,2761.60764183333,297867.06203257403,0.0,176213.14050619252,474080.20253876655,298449.3946700492,0.0,180435.14640643,478884.5410764792
7,9762.545495,0.003138,0.0,486.287542166665,9276.254814833335,2275.32009966666,297867.06203257403,0.0,176213.14050619252,474080.20253876655,298449.3946700492,0.0,180435.14640643,478884.5410764792
8,9754.938198,0.012353,0.0,478.671030166664,9276.254814833335,1796.6490695,297867.06203257403,0.0,176213.14050619252,474080.20253876655,298449.3946700492,0.0,180435.14640643,478884.5410764792
9,9748.239536,0.022221,0.0,471.962500166665,9276.254814833335,1324.68656933333,297867.06203257403,0.0,176213.14050619252,474080.20253876655,298449.3946700492,0.0,180435.14640643,478884.5410764792
10,9741.833391,0.024286000000000002,0.0,465.554290166665,9276.254814833335,859.132279166666,297867.06203257403,0.0,176213.14050619252,474080.20253876655,298449.3946700492,0.0,180435.14640643,478884.5410764792
11,9735.427245,0.040151000000000006,0.0,459.132279166666,9276.254814833335,400.0,297867.06203257403,0.0,176213.14050619252,474080.20253876655,298449.3946700492,0.0,180435.14640643,478884.5410764792
12,9729.0211,0.038328,564.055851406059,0.0,10293.038623406059,896.369149237332,297867.06203257403,0.0,176213.14050619252,474080.20253876655,298449.3946700492,0.0,180435.14640643,478884.5410764792
13,9722.614955,0.026187000000000002,570.449855406059,0.0,10293.038623406059,1398.36502199466,297867.06203257403,0.0,176213.14050619252,474080.20253876655,298449.3946700492,0.0,180435.14640643,478884.5410764792
14,9716.208809,0.019928,576.849742406059,0.0,10293.038623406059,1905.992795312,297867.06203257403,0.0,176213.14050619252,474080.20253876655,298449.3946700492,0.0,180435.14640643,478884.5410764792
15,9709.802664,0.017484000000000003,583.253443406058,0.0,10293.038623406059,2419.25582550933,297867.06203257403,0.0,176213.14050619252,474080.20253876655,298449.3946700492,0.0,180435.14640643,478884.5410764792
16,9703.396518,0.005292,589.647397406059,0.0,10293.038623406059,2938.14553522666,297867.06203257403,0.0,176213.14050619252,474080.20253876655,298449.3946700492,0.0,180435.14640643,478884.5410764792
17,9696.990373,0.000262,0.0,1000.0,8696.990111000001,1938.14553522666,297867.06203257403,0.0,176213.14050619252,474080.20253876655,298449.3946700492,0.0,180435.14640643,478884.5410764792
18,9690.584227,0.0,0.0,725.275503893329,8965.308723106671,1212.87003133333,297867.06203257403,0.0,176213.14050619252,474080.20253876655,298449.3946700492,0.0,180435.14640643,478884.5410764792
19,9684.992039,0.0,0.0,408.737224166665,9276.254814833335,804.132807166665,297867.06203257403,0.0,176213.14050619252,474080.20253876655,298449.3946700492,0.0,180435.14640643,478884.5410764792
20,9680.387622,0.0,0.0,404.132807166665,9276.254814833335,400.0,297867.06203257403,0.0,176213.14050619252,474080.20253876655,298449.3946700492,0.0,180435.14640643,478884.5410764792
21,9675.783205,0.0,0.0,0.0,9675.783205,400.0,297867.06203257403,0.0,176213.14050619252,474080.20253876655,298449.3946700492,0.0,180435.14640643,478884.5410764792
22,9671.178788,0.0,0.0,0.0,9671.178788,400.0,297867.06203257403,0.0,176213.14050619252,474080.20253876655,298449.3946700492,0.0,180435.14640643,478884.5410764792
23,9666.574371,0.0,0.0,0.0,9666.574371,400.0,297867.06203257403,0.0,176213.14050619252,474080.20253876655,298449.3946700492,0.0,180435.14640643,478884.5410764792
24,9662.749172,0.0,0.0,0.0,9662.749172,400.0,297867.06203257403,0.0,176213.14050619252,474080.20253876655,298449.3946700492,0.0,180435.14640643,478884.5410764792
25,9660.747252,0.0,0.0,0.0,9660.747252,400.0,297867.06203257403,0.0,176213.14050619252,474080.20253876655,298449.3946700492,0.0,180435.14640643,478884.5410764792
26,9658.745331,0.0,0.0,0.0,9658.745331,400.0,297867.06203257403,0.0,176213.14050619252,474080.20253876655,298449.3946700492,0.0,180435.14640643,478884.5410764792
27,9656.743411,0.0,0.0,0.0,9656.743411,400.0,297867.06203257403,0.0,176213.14050619252,474080.20253876655,298449.3946700492,0.0,180435.14640643,478884.5410764792
28,9654.741491,0.0,0.0,0.0,9654.741491,400.0,297867.06203257403,0.0,176213.14050619252,474080.20253876655,298449.3946700492,0.0,180435.14640643,478884.5410764792
29,9652.32741,0.0,0.0,0.0,9652.32741,400.0,297867.06203257403,0.0,176213.14050619252,474080.20253876655,298449.3946700492,0.0,180435.14640643,478884.5410764792
30,9647.522801,0.0,0.0,0.0,9647.522801,400.0,297867.06203257403,0.0,176213.14050619252,474080.20253876655,298449.3946700492,0.0,180435.14640643,478884.5410764792
31,9642.718192,0.006097000000000001,0.0,0.0,9642.712095,400.0,297867.06203257403,0.0,176213.14050619252,474080.20253876655,298449.3946700492,0.0,180435.14640643,478884.5410764792
32,9637.913583,0.018239000000000002,0.0,0.0,9637.895343999999,400.0,297867.06203257403,0.0,176213.14050619252,474080.20253876655,298449.3946700492,0.0,180435.14640643,478884.5410764792
33,9633.108974,0.028711,0.0,0.0,9633.080263,400.0,297867.06203257403,0.0,176213.14050619252,474080.20253876655,298449.3946700492,0.0,180435.14640643,478884.5410764792
34,9628.304365,0.030102,0.0,0.0,9628.274263,400.0,297867.06203257403,0.0,176213.14050619252,474080.20253876655,298449.3946700492,0.0,180435.14640643,478884.5410764792
35,9620.114508,0.038951,0.0,0.0,9620.075557,400.0,297867.06203257403,0.0,176213.14050619252,474080.20253876655,298449.3946700492,0.0,180435.14640643,478884.5410764792
36,9611.906634,0.029160000000000002,0.0,0.0,9611.877474,400.0,297867.06203257403,0.0,176213.14050619252,474080.20253876655,298449.3946700492,0.0,180435.14640643,478884.5410764792
37,9603.69876,0.036291,0.0,0.0,9603.662468999999,400.0,297867.06203257403,0.0,176213.14050619252,474080.20253876655,298449.3946700492,0.0,180435.14640643,478884.5410764792
38,9595.490887,0.031957,0.0,0.0,9595.45893,400.0,297867.06203257403,0.0,176213.14050619252,474080.20253876655,298449.3946700492,0.0,180435.14640643,478884.5410764792
39,9587.283013,0.028915,0.0,0.0,9587.254098,400.0,297867.06203257403,0.0,176213.14050619252,474080.20253876655,298449.3946700492,0.0,180435.14640643,478884.5410764792
40,9581.941889,0.015981,0.0,0.0,9581.925908,400.0,297867.06203257403,0.0,176213.14050619252,474080.20253876655,298449.3946700492,0.0,180435.14640643,478884.5410764792
41,9577.13728,0.0017250000000000002,0.0,0.0,9577.135555,400.0,297867.06203257403,0.0,176213.14050619252,474080.20253876655,298449.3946700492,0.0,180435.14640643,478884.5410764792
42,9572.332671,0.0,0.0,0.0,9572.332671,400.0,297867.06203257403,0.0,176213.14050619252,474080.20253876655,298449.3946700492,0.0,180435.14640643,478884.5410764792
43,9567.528062,0.0,0.0,0.0,9567.528062,400.0,297867.06203257403,0.0,176213.14050619252,474080.20253876655,298449.3946700492,0.0,180435.14640643,478884.5410764792
44,9562.723453,0.0,0.0,0.0,9562.723453,400.0,297867.06203257403,0.0,176213.14050619252,474080.20253876655,298449.3946700492,0.0,180435.14640643,478884.5410764792
45,9554.189266,0.0,0.0,0.0,9554.189266,400.0,297867.06203257403,0.0,176213.14050619252,474080.20253876655,298449.3946700492,0.0,180435.14640643,478884.5410764792
46,9543.979472,0.0,0.0,0.0,9543.979472,400.0,297867.06203257403,0.0,176213.14050619252,474080.20253876655,298449.3946700492,0.0,180435.14640643,478884.5410764792
47,9533.769677,0.0,0.0,0.0,9533.769677,400.0,297867.06203257403,0.0,176213.14050619252,474080.20253876655,298449.3946700492,0.0,180435.14640643,478884.5410764792
48,9523.559883,0.0,0.0,0.0,9523.559883,400.0,297867.06203257403,0.0,176213.14050619252,474080.20253876655,298449.3946700492,0.0,180435.14640643,478884.5410764792
49,9513.350089,0.0,0.0,0.0,9513.350089,400.0,297867.06203257403,0.0,176213.14050619252,474080.20253876655,298449.3946700492,0.0,180435.14640643,478884.5410764792
50,9507.553234,0.0,0.0,0.0,9507.553234,400.0,297867.06203257403,0.0,176213.14050619252,474080.20253876655,298449.3946700492,0.0,180435.14640643,478884.5410764792
51,9505.551313,0.0,0.0,0.0,9505.551313,400.0,297867.06203257403,0.0,176213.14050619252,474080.20253876655,298449.3946700492,0.0,180435.14640643,478884.5410764792
52,9503.549393,0.0,0.0,0.0,9503.549393,400.0,297867.06203257403,0.0,176213.14050619252,474080.20253876655,298449.3946700492,0.0,180435.14640643,478884.5410764792
53,9501.547473,0.0,0.0,0.0,9501.547473,400.0,297867.06203257403,0.0,176213.14050619252,474080.20253876655,298449.3946700492,0.0,180435.14640643,478884.5410764792
54,9499.545552,0.0,0.0,0.0,9499.545552,400.0,297867.06203257403,0.0,176213.14050619252,474080.20253876655,298449.3946700492,0.0,180435.14640643,478884.5410764792
55,9493.918389,0.001666,0.0,0.0,9493.916723,400.0,297867.06203257403,0.0,176213.14050619252,474080.20253876655,298449.3946700492,0.0,180435.14640643,478884.5410764792
56,9482.507443,0.007726,0.0,0.0,9482.499717,400.0,297867.06203257403,0.0,176213.14050619252,474080.20253876655,298449.3946700492,0.0,180435.14640643,478884.5410764792
57,9471.096496,0.029688,0.0,0.0,9471.066808,400.0,297867.06203257403,0.0,176213.14050619252,474080.20253876655,298449.3946700492,0.0,180435.14640643,478884.5410764792
58,9459.68555,0.032404,0.0,0.0,9459.653146,400.0,297867.06203257403,0.0,176213.14050619252,474080.20253876655,298449.3946700492,0.0,180435.14640643,478884.5410764792
59,9448.274603,0.04109,0.0,0.0,9448.233513,400.0,297867.06203257403,0.0,176213.14050619252,474080.20253876655,298449.3946700492,0.0,180435.14640643,478884.5410764792
60,9438.96214,0.041099,0.0,0.0,9438.921041,400.0,297867.06203257403,0.0,176213.14050619252,474080.20253876655,298449.3946700492,0.0,180435.14640643,478884.5410764792
61,9436.559836,0.031307,0.0,0.0,9436.528529000001,400.0,297867.06203257403,0.0,176213.14050619252,474080.20253876655,298449.3946700492,0.0,180435.14640643,478884.5410764792
62,9434.157531,0.029527,0.0,0.0,9434.128004,400.0,297867.06203257403,0.0,176213.14050619252,474080.20253876655,298449.3946700492,0.0,180435.14640643,478884.5410764792
63,9431.755227,0.022421,0.0,0.0,9431.732806,400.0,297867.06203257403,0.0,176213.14050619252,474080.20253876655,298449.3946700492,0.0,180435.14640643,478884.5410764792
64,9429.352922,0.008221000000000001,0.0,0.0,9429.344701,400.0,297867.06203257403,0.0,176213.14050619252,474080.20253876655,298449.3946700492,0.0,180435.14640643,478884.5410764792
65,9426.644088,0.000723,0.0,0.0,9426.643365,400.0,297867.06203257403,0.0,176213.14050619252,474080.20253876655,298449.3946700492,0.0,180435.14640643,478884.5410764792
66,9420.438135,0.0,0.0,0.0,9420.438135,400.0,297867.06203257403,0.0,176213.14050619252,474080.20253876655,298449.3946700492,0.0,180435.14640643,478884.5410764792
67,9414.232181,0.0,0.0,0.0,9414.232181,400.0,297867.06203257403,0.0,176213.14050619252,474080.20253876655,298449.3946700492,0.0,180435.14640643,478884.5410764792
68,9408.026228,0.0,0.0,0.0,9408.026228,400.0,297867.06203257403,0.0,176213.14050619252,474080.20253876655,298449.3946700492,0.0,180435.14640643,478884.5410764792
69,9401.820275,0.0,0.0,0.0,9401.820275,400.0,297867.06203257403,0.0,176213.14050619252,474080.20253876655,298449.3946700492,0.0,180435.14640643,478884.5410764792
70,9395.614321,0.0,0.0,0.0,9395.614321,400.0,297867.06203257403,0.0,176213.14050619252,474080.20253876655,298449.3946700492,0.0,180435.14640643,478884.5410764792
71,9389.780019,0.0,0.0,0.0,9389.780019,400.0,297867.06203257403,0.0,176213.14050619252,474080.20253876655,298449.3946700492,0.0,180435.14640643,478884.5410764792
72,9383.974449,0.0,0.0,0.0,9383.974449,400.0,297867.06203257403,0.0,176213.14050619252,474080.20253876655,298449.3946700492,0.0,180435.14640643,478884.5410764792
73,9378.16888,0.0,0.0,0.0,9378.16888,400.0,297867.06203257403,0.0,176213.14050619252,474080.20253876655,298449.3946700492,0.0,180435.14640643,478884.5410764792
74,9372.363311,0.0,837.97175314546,0.0,10210.33506414546,1137.415142768,297867.06203257403,0.0,176213.14050619252,474080.20253876655,298449.3946700492,0.0,180435.14640643,478884.5410764792
75,9366.557741,0.0,926.480882406058,0.0,10293.038623406059,1952.71831928534,297867.06203257403,0.0,176213.14050619252,474080.20253876655,298449.3946700492,0.0,180435.14640643,478884.5410764792
76,9360.286196,0.0,932.75242740606,0.0,10293.038623406059,2773.54045540267,297867.06203257403,0.0,176213.14050619252,474080.20253876655,298449.3946700492,0.0,180435.14640643,478884.5410764792
77,9353.88005,0.0,939.158573406059,0.0,10293.038623406059,3600.0,297867.06203257403,0.0,176213.14050619252,474080.20253876655,298449.3946700492,0.0,180435.14640643,478884.5410764792
78,9347.473905,0.0,0.0,1000.0,8347.473905,2600.0,297867.06203257403,0.0,176213.14050619252,474080.20253876655,298449.3946700492,0.0,180435.14640643,478884.5410764792
79,9341.06776,0.005055,0.0,1000.0,8341.062705,1600.0,297867.06203257403,0.0,176213.14050619252,474080.20253876655,298449.3946700492,0.0,180435.14640643,478884.5410764792
80,9334.661614,0.021242,0.0,1000.0,8334.640372,600.0,297867.06203257403,0.0,176213.14050619252,474080.20253876655,298449.3946700492,0.0,180435.14640643,478884.5410764792
81,9331.251284,0.031760000000000004,0.0,54.9647091666648,9276.254814833335,545.035290833335,297867.06203257403,0.0,176213.14050619252,474080.20253876655,298449.3946700492,0.0,180435.14640643,478884.5410764792
82,9329.649747,0.038914000000000004,0.0,93.2835616666707,9236.327271333328,451.751729166665,297867.06203257403,0.0,176213.14050619252,474080.20253876655,298449.3946700492,0.0,180435.14640643,478884.5410764792
83,9328.048211,0.041667,0.0,51.7517291666645,9276.254814833335,400.0,297867.06203257403,0.0,176213.14050619252,474080.20253876655,298449.3946700492,0.0,180435.14640643,478884.5410764792
84,9326.446675,0.041667,0.0,0.0,9326.405008,400.0,297867.06203257403,0.0,176213.14050619252,474080.20253876655,298449.3946700492,0.0,180435.14640643,478884.5410764792
85,9324.845138,0.039411,723.866063145457,0.0,10048.671790145458,1037.002135568,297867.06203257403,0.0,176213.14050619252,474080.20253876655,298449.3946700492,0.0,180435.14640643,478884.5410764792
86,9323.432254,0.034739,969.64110840606,0.0,10293.038623406059,1890.28631096534,297867.06203257403,0.0,176213.14050619252,474080.20253876655,298449.3946700492,0.0,180435.14640643,478884.5410764792
87,9322.231101,0.024659,970.83218140606,0.0,10293.038623406059,2744.61863060267,297867.06203257403,0.0,176213.14050619252,474080.20253876655,298449.3946700492,0.0,180435.14640643,478884.5410764792
88,9321.029949,0.015609,972.024283406059,0.0,10293.038623406059,3600.0,297867.06203257403,0.0,176213.14050619252,474080.20253876655,298449.3946700492,0.0,180435.14640643,478884.5410764792
89,9319.828797,0.0020859999999999997,0.0,1000.0,8319.826711,2600.0,297867.06203257403,0.0,176213.14050619252,474080.20253876655,298449.3946700492,0.0,180435.14640643,478884.5410764792
90,9318.627644,0.0,0.0,1000.0,8318.627644,1600.0,297867.06203257403,0.0,176213.14050619252,474080.20253876655,298449.3946700492,0.0,180435.14640643,478884.5410764792
91,9317.426492,0.0,0.0,1000.0,8317.426492,600.0,297867.06203257403,0.0,176213.14050619252,474080.20253876655,298449.3946700492,0.0,180435.14640643,478884.5410764792
92,9316.22534,0.0,0.0,200.0,9116.22534,400.0,297867.06203257403,0.0,176213.14050619252,474080.20253876655,298449.3946700492,0.0,180435.14640643,478884.5410764792
93,9315.024188,0.0,0.0,0.0,9315.024188,400.0,297867.06203257403,0.0,176213.14050619252,474080.20253876655,298449.3946700492,0.0,180435.14640643,478884.5410764792
94,9313.823035,0.0,0.0,0.0,9313.823035,400.0,297867.06203257403,0.0,176213.14050619252,474080.20253876655,298449.3946700492,0.0,180435.14640643,478884.5410764792
95,9312.621883,0.0,0.0,0.0,9312.621883,400.0,297867.06203257403,0.0,176213.14050619252,474080.20253876655,298449.3946700492,0.0,180435.14640643,478884.5410764792
96,9311.420731,0.0,0.0,0.0,9311.420731,400.0,297867.06203257403,0.0,176213.14050619252,474080.20253876655,298449.3946700492,0.0,180435.14640643,478884.5410764792
97,9310.219579,0.0,0.0,0.0,9310.219579,400.0,297867.06203257403,0.0,176213.14050619252,474080.20253876655,298449.3946700492,0.0,180435.14640643,478884.5410764792
98,9309.018426,0.0,677.09895814546,0.0,9986.11738414546,995.847083168005,297867.06203257403,0.0,176213.14050619252,474080.20253876655,298449.3946700492,0.0,180435.14640643,478884.5410764792
99,9307.817274,0.0,985.221349406058,0.0,10293.038623406059,1862.84187064534,297867.06203257403,0.0,176213.14050619252,474080.20253876655,298449.3946700492,0.0,180435.14640643,478884.5410764792
100,9306.616122,0.0,986.422501406059,0.0,10293.038623406059,2730.89367188267,297867.06203257403,0.0,176213.14050619252,474080.20253876655,298449.3946700492,0.0,180435.14640643,478884.5410764792
101,9305.417796,0.0,987.620827406059,0.0,10293.038623406059,3600.0,297867.06203257403,0.0,176213.14050619252,474080.20253876655,298449.3946700492,0.0,180435.14640643,478884.5410764792
102,9304.416836,0.0,0.0,1000.0,8304.416836,2600.0,297867.06203257403,0.0,176213.14050619252,474080.20253876655,298449.3946700492,0.0,180435.14640643,478884.5410764792
103,9303.415875,0.001539,0.0,1000.0,8303.414336,1600.0,297867.06203257403,0.0,176213.14050619252,474080.20253876655,298449.3946700492,0.0,180435.14640643,478884.5410764792
104,9302.414915,0.007254,0.0,1000.0,8302.407661,600.0,297867.06203257403,0.0,176213.14050619252,474080.20253876655,298449.3946700492,0.0,180435.14640643,478884.5410764792
105,9301.413955,0.024089,0.0,152.408197666669,9148.98166833333,447.591802333331,297867.06203257403,0.0,176213.14050619252,474080.20253876655,298449.3946700492,0.0,180435.14640643,478884.5410764792
106,9300.412995,0.026966999999999998,0.0,24.1312131666655,9276.254814833335,423.460589166665,297867.06203257403,0.0,176213.14050619252,474080.20253876655,298449.3946700492,0.0,180435.14640643,478884.5410764792
107,9299.757071,0.041667,0.0,23.4605891666652,9276.254814833335,400.0,297867.06203257403,0.0,176213.14050619252,474080.20253876655,298449.3946700492,0.0,180435.14640643,478884.5410764792
108,9299.156495,0.022286999999999998,0.0,0.0,9299.134208,400.0,297867.06203257403,0.0,176213.14050619252,474080.20253876655,298449.3946700492,0.0,180435.14640643,478884.5410764792
109,9298.555919,0.012511,649.280874145455,0.0,9947.824282145455,971.367169248,297867.06203257403,0.0,176213.14050619252,474080.20253876655,298449.3946700492,0.0,180435.14640643,478884.5410764792
110,9297.955343,0.009738,995.09301840606,0.0,10293.038623406059,1847.04902544533,297867.06203257403,0.0,176213.14050619252,474080.20253876655,298449.3946700492,0.0,180435.14640643,478884.5410764792
111,9297.354767,0.007363000000000001,995.691219406059,0.0,10293.038623406059,2723.25729852266,297867.06203257403,0.0,176213.14050619252,474080.20253876655,298449.3946700492,0.0,180435.14640643,478884.5410764792
112,9296.754191,0.014092,996.298524406058,0.0,10293.038623406059,3600.0,297867.06203257403,0.0,176213.14050619252,474080.20253876655,298449.3946700492,0.0,180435.14640643,478884.5410764792
113,9296.153614,0.000872,0.0,1000.0,8296.152742,2600.0,297867.06203257403,0.0,176213.14050619252,474080.20253876655,298449.3946700492,0.0,180435.14640643,478884.5410764792
114,9295.553038,0.0,0.0,1000.0,8295.553038,1600.0,297867.06203257403,0.0,176213.14050619252,474080.20253876655,298449.3946700492,0.0,180435.14640643,478884.5410764792
115,9294.952462,0.0,0.0,1000.0,8294.952462,599.999999999996,297867.06203257403,0.0,176213.14050619252,474080.20253876655,298449.3946700492,0.0,180435.14640643,478884.5410764792
116,9294.351886,0.0,0.0,199.999999999996,9094.351886000004,400.0,297867.06203257403,0.0,176213.14050619252,474080.20253876655,298449.3946700492,0.0,180435.14640643,478884.5410764792
117,9293.75131,0.0,0.0,0.0,9293.75131,400.0,297867.06203257403,0.0,176213.14050619252,474080.20253876655,298449.3946700492,0.0,180435.14640643,478884.5410764792
118,9293.150734,0.0,0.0,0.0,9293.150734,400.0,297867.06203257403,0.0,176213.14050619252,474080.20253876655,298449.3946700492,0.0,180435.14640643,478884.5410764792
119,9292.550158,0.0,0.0,0.0,9292.550158,400.0,297867.06203257403,0.0,176213.14050619252,474080.20253876655,298449.3946700492,0.0,180435.14640643,478884.5410764792
120,9291.949582,0.0,0.0,0.0,9291.949582,400.0,297867.06203257403,0.0,176213.14050619252,474080.20253876655,298449.3946700492,0.0,180435.14640643,478884.5410764792
121,9291.349005,0.0,0.0,0.0,9291.349005,400.0,297867.06203257403,0.0,176213.14050619252,474080.20253876655,298449.3946700492,0.0,180435.14640643,478884.5410764792
122,9290.748429,0.0,636.363636363636,0.0,9927.112065363635,960.0,297867.06203257403,0.0,176213.14050619252,474080.20253876655,298449.3946700492,0.0,180435.14640643,478884.5410764792
123,9290.147853,0.0,1000.0,0.0,10290.147853,1840.0,297867.06203257403,0.0,176213.14050619252,474080.20253876655,298449.3946700492,0.0,180435.14640643,478884.5410764792
124,9289.547277,0.0,1000.0,0.0,10289.547277,2720.0,297867.06203257403,0.0,176213.14050619252,474080.20253876655,298449.3946700492,0.0,180435.14640643,478884.5410764792
125,9288.946701,0.0,1000.0,0.0,10288.946701,3600.0,297867.06203257403,0.0,176213.14050619252,474080.20253876655,298449.3946700492,0.0,180435.14640643,478884.5410764792
126,9288.346125,0.0,0.0,1000.0,8288.346125,2600.0,297867.06203257403,0.0,176213.14050619252,474080.20253876655,298449.3946700492,0.0,180435.14640643,478884.5410764792
127,9287.846587,0.002598,0.0,1000.0,8287.843989,1600.0,297867.06203257403,0.0,176213.14050619252,474080.20253876655,298449.3946700492,0.0,180435.14640643,478884.5410764792
128,9287.646395,0.013725,0.0,1000.0,8287.632669999999,600.000000000002,297867.06203257403,0.0,176213.14050619252,474080.20253876655,298449.3946700492,0.0,180435.14640643,478884.5410764792
129,9287.446203,0.026847000000000003,0.0,178.298127666672,9109.121228333328,421.701872333329,297867.06203257403,0.0,176213.14050619252,474080.20253876655,298449.3946700492,0.0,180435.14640643,478884.5410764792
130,9287.246011,0.038661,0.0,10.9525351666634,9276.254814833335,410.749337166666,297867.06203257403,0.0,176213.14050619252,474080.20253876655,298449.3946700492,0.0,180435.14640643,478884.5410764792
131,9287.045819,0.041667,0.0,10.749337166666,9276.254814833335,400.0,297867.06203257403,0.0,176213.14050619252,474080.20253876655,298449.3946700492,0.0,180435.14640643,478884.5410764792
132,9286.865646,0.039267,0.0,0.0,9286.826379,400.0,297867.06203257403,0.0,176213.14050619252,474080.20253876655,298449.3946700492,0.0,180435.14640643,478884.5410764792
133,9286.865646,0.039966,636.363636363636,0.0,9923.189316363636,960.0,297867.06203257403,0.0,176213.14050619252,474080.20253876655,298449.3946700492,0.0,180435.14640643,478884.5410764792
134,9286.865646,0.034790999999999996,1000.0,0.0,10286.830855,1840.0,297867.06203257403,0.0,176213.14050619252,474080.20253876655,298449.3946700492,0.0,180435.14640643,478884.5410764792
135,9286.865646,0.027671,1000.0,0.0,10286.837975,2720.0,297867.06203257403,0.0,176213.14050619252,474080.20253876655,298449.3946700492,0.0,180435.14640643,478884.5410764792
136,9286.865646,0.015905,1000.0,0.0,10286.849741,3600.0,297867.06203257403,0.0,176213.14050619252,474080.20253876655,298449.3946700492,0.0,180435.14640643,478884.5410764792
137,9286.865646,0.002357,0.0,1000.0,8286.863289,2600.0,297867.06203257403,0.0,176213.14050619252,474080.20253876655,298449.3946700492,0.0,180435.14640643,478884.5410764792
138,9286.675934,0.0,0.0,1000.0,8286.675934,1600.0,297867.06203257403,0.0,176213.14050619252,474080.20253876655,298449.3946700492,0.0,180435.14640643,478884.5410764792
139,9286.475742,0.0,0.0,1000.0,8286.475742,600.0,297867.06203257403,0.0,176213.14050619252,474080.20253876655,298449.3946700492,0.0,180435.14640643,478884.5410764792
140,9286.27555,0.0,0.0,200.0,9086.27555,400.0,297867.06203257403,0.0,176213.14050619252,474080.20253876655,298449.3946700492,0.0,180435.14640643,478884.5410764792
141,9286.075358,0.0,0.0,0.0,9286.075358,400.0,297867.06203257403,0.0,176213.14050619252,474080.20253876655,298449.3946700492,0.0,180435.14640643,478884.5410764792
142,9285.875166,0.0,0.0,0.0,9285.875166,400.0,297867.06203257403,0.0,176213.14050619252,474080.20253876655,298449.3946700492,0.0,180435.14640643,478884.5410764792
143,9285.834186,0.0,0.0,0.0,9285.834186,400.0,297867.06203257403,0.0,176213.14050619252,474080.20253876655,298449.3946700492,0.0,180435.14640643,478884.5410764792
144,9285.834186,0.0,0.0,0.0,9285.834186,400.0,297867.06203257403,0.0,176213.14050619252,474080.20253876655,298449.3946700492,0.0,180435.14640643,478884.5410764792
145,9285.834186,0.0,0.0,0.0,9285.834186,400.0,297867.06203257403,0.0,176213.14050619252,474080.20253876655,298449.3946700492,0.0,180435.14640643,478884.5410764792
146,9285.834186,0.0,636.363636363636,0.0,9922.197822363636,960.0,297867.06203257403,0.0,176213.14050619252,474080.20253876655,298449.3946700492,0.0,180435.14640643,478884.5410764792
147,9285.834186,0.0,1000.0,0.0,10285.834186,1840.0,297867.06203257403,0.0,176213.14050619252,474080.20253876655,298449.3946700492,0.0,180435.14640643,478884.5410764792
148,9285.705474,0.0,1000.0,0.0,10285.705474,2720.0,297867.06203257403,0.0,176213.14050619252,474080.20253876655,298449.3946700492,0.0,180435.14640643,478884.5410764792
149,9285.505282,0.0,1000.0,0.0,10285.505282,3600.0,297867.06203257403,0.0,176213.14050619252,474080.20253876655,298449.3946700492,0.0,180435.14640643,478884.5410764792
150,9285.30509,0.0,0.0,1000.0,8285.30509,2600.0,297867.06203257403,0.0,176213.14050619252,474080.20253876655,298449.3946700492,0.0,180435.14640643,478884.5410764792
151,9285.104898,0.006785,0.0,1000.0,8285.098113,1600.0,297867.06203257403,0.0,176213.14050619252,474080.20253876655,298449.3946700492,0.0,180435.14640643,478884.5410764792
152,9284.904706,0.019710000000000002,0.0,1000.0,8284.884995999999,599.999999999998,297867.06203257403,0.0,176213.14050619252,474080.20253876655,298449.3946700492,0.0,180435.14640643,478884.5410764792
153,9284.802726,0.028332000000000003,0.0,182.976326666669,9101.798067333331,417.023673333329,297867.06203257403,0.0,176213.14050619252,474080.20253876655,298449.3946700492,0.0,180435.14640643,478884.5410764792
154,9284.802726,0.034129,0.0,8.5137821666649,9276.254814833335,408.509891166665,297867.06203257403,0.0,176213.14050619252,474080.20253876655,298449.3946700492,0.0,180435.14640643,478884.5410764792
155,9284.802726,0.038020000000000005,0.0,8.5098911666646,9276.254814833335,400.0,297867.06203257403,0.0,176213.14050619252,474080.20253876655,298449.3946700492,0.0,180435.14640643,478884.5410764792
156,9284.802726,0.036366,0.0,0.0,9284.76636,400.0,297867.06203257403,0.0,176213.14050619252,474080.20253876655,298449.3946700492,0.0,180435.14640643,478884.5410764792
157,9284.802726,0.034551000000000005,636.363636363636,0.0,9921.131811363635,960.0,297867.06203257403,0.0,176213.14050619252,474080.20253876655,298449.3946700492,0.0,180435.14640643,478884.5410764792
158,9284.735014,0.027616,1000.0,0.0,10284.707398,1840.0,297867.06203257403,0.0,176213.14050619252,474080.20253876655,298449.3946700492,0.0,180435.14640643,478884.5410764792
159,9284.534822,0.0169,1000.0,0.0,10284.517921999999,2720.0,297867.06203257403,0.0,176213.14050619252,474080.20253876655,298449.3946700492,0.0,180435.14640643,478884.5410764792
160,9284.334629,0.014813000000000002,1000.0,0.0,10284.319816000001,3600.0,297867.06203257403,0.0,176213.14050619252,474080.20253876655,298449.3946700492,0.0,180435.14640643,478884.5410764792
161,9284.134437,0.0013830000000000001,0.0,1000.0,8284.133054,2600.0,297867.06203257403,0.0,176213.14050619252,474080.20253876655,298449.3946700492,0.0,180435.14640643,478884.5410764792
162,9283.934245,0.0,0.0,1000.0,8283.934245,1600.0,297867.06203257403,0.0,176213.14050619252,474080.20253876655,298449.3946700492,0.0,180435.14640643,478884.5410764792
163,9283.734053,0.0,0.0,1000.0,8283.734053,600.0,297867.06203257403,0.0,176213.14050619252,474080.20253876655,298449.3946700492,0.0,180435.14640643,478884.5410764792
164,9283.533861,0.0,0.0,200.0,9083.533861,400.0,297867.06203257403,0.0,176213.14050619252,474080.20253876655,298449.3946700492,0.0,180435.14640643,478884.5410764792
165,9283.333669,0.0,0.0,0.0,9283.333669,400.0,297867.06203257403,0.0,176213.14050619252,474080.20253876655,298449.3946700492,0.0,180435.14640643,478884.5410764792
166,9283.133477,0.0,0.0,0.0,9283.133477,400.0,297867.06203257403,0.0,176213.14050619252,474080.20253876655,298449.3946700492,0.0,180435.14640643,478884.5410764792
167,9282.933285,0.0,0.0,0.0,9282.933285,400.0,297867.06203257403,0.0,176213.14050619252,474080.20253876655,298449.3946700492,0.0,180435.14640643,478884.5410764792
168,9282.733093,0.0,0.0,0.0,9282.733093,400.0,297867.06203257403,0.0,176213.14050619252,474080.20253876655,298449.3946700492,0.0,180435.14640643,478884.5410764792
169,9282.532901,0.0,0.0,0.0,9282.532901,400.0,297867.06203257403,0.0,176213.14050619252,474080.20253876655,298449.3946700492,0.0,180435.14640643,478884.5410764792
170,9282.332709,0.0,636.363636363636,0.0,9918.696345363636,960.0,297867.06203257403,0.0,176213.14050619252,474080.20253876655,298449.3946700492,0.0,180435.14640643,478884.5410764792
171,9282.132517,0.0,1000.0,0.0,10282.132517,1840.0,297867.06203257403,0.0,176213.14050619252,474080.20253876655,298449.3946700492,0.0,180435.14640643,478884.5410764792
172,9281.932325,0.0,1000.0,0.0,10281.932325,2720.0,297867.06203257403,0.0,176213.14050619252,474080.20253876655,298449.3946700492,0.0,180435.14640643,478884.5410764792
173,9281.732133,0.0,1000.0,0.0,10281.732133,3600.0,297867.06203257403,0.0,176213.14050619252,474080.20253876655,298449.3946700492,0.0,180435.14640643,478884.5410764792
174,9281.708345,0.0,0.0,1000.0,8281.708345,2599.99999999999,297867.06203257403,0.0,176213.14050619252,474080.20253876655,298449.3946700492,0.0,180435.14640643,478884.5410764792
175,9281.708345,0.006638,0.0,1000.0,8281.701706999998,1599.99999999999,297867.06203257403,0.0,176213.14050619252,474080.20253876655,298449.3946700492,0.0,180435.14640643,478884.5410764792
176,9281.708345,0.020001,0.0,1000.0,8281.688343999998,599.999999999995,297867.06203257403,0.0,176213.14050619252,474080.20253876655,298449.3946700492,0.0,180435.14640643,478884.5410764792
177,9281.708345,0.028086,0.0,189.312475666666,9092.367783333333,410.687524333329,297867.06203257403,0.0,176213.14050619252,474080.20253876655,298449.3946700492,0.0,180435.14640643,478884.5410764792
178,9281.708345,0.036759,0.0,5.41677116666324,9276.254814833335,405.270753166666,297867.06203257403,0.0,176213.14050619252,474080.20253876655,298449.3946700492,0.0,180435.14640643,478884.5410764792
179,9281.562441,0.036872999999999996,0.0,5.2707531666656,9276.254814833335,400.0,297867.06203257403,0.0,176213.14050619252,474080.20253876655,298449.3946700492,0.0,180435.14640643,478884.5410764792
180,9281.362249,0.040805999999999995,0.0,0.0,9281.321442999999,400.0,297867.06203257403,0.0,176213.14050619252,474080.20253876655,298449.3946700492,0.0,180435.14640643,478884.5410764792
181,9281.162057,0.039436,636.363636363636,0.0,9917.486257363636,960.0,297867.06203257403,0.0,176213.14050619252,474080.20253876655,298449.3946700492,0.0,180435.14640643,478884.5410764792
182,9280.961865,0.033085,1000.0,0.0,10280.92878,1840.0,297867.06203257403,0.0,176213.14050619252,474080.20253876655,298449.3946700492,0.0,180435.14640643,478884.5410764792
183,9280.761673,0.025973,1000.0,0.0,10280.735700000001,2720.0,297867.06203257403,0.0,176213.14050619252,474080.20253876655,298449.3946700492,0.0,180435.14640643,478884.5410764792
184,9280.676885,0.015528,1000.0,0.0,10280.661357,3600.0,297867.06203257403,0.0,176213.14050619252,474080.20253876655,298449.3946700492,0.0,180435.14640643,478884.5410764792
185,9280.676885,0.0020440000000000002,0.0,1000.0,8280.674841,2600.0,297867.06203257403,0.0,176213.14050619252,474080.20253876655,298449.3946700492,0.0,180435.14640643,478884.5410764792
186,9280.676885,0.0,0.0,1000.0,8280.676885,1600.0,297867.06203257403,0.0,176213.14050619252,474080.20253876655,298449.3946700492,0.0,180435.14640643,478884.5410764792
187,9280.676885,0.0,0.0,1000.0,8280.676885,600.0,297867.06203257403,0.0,176213.14050619252,474080.20253876655,298449.3946700492,0.0,180435.14640643,478884.5410764792
188,9280.676885,0.0,0.0,200.0,9080.676885,400.0,297867.06203257403,0.0,176213.14050619252,474080.20253876655,298449.3946700492,0.0,180435.14640643,478884.5410764792
189,9281.016505,0.0,0.0,0.0,9281.016505,400.0,297867.06203257403,0.0,176213.14050619252,474080.20253876655,298449.3946700492,0.0,180435.14640643,478884.5410764792
190,9281.817273,0.0,0.0,0.0,9281.817273,400.0,297867.06203257403,0.0,176213.14050619252,474080.20253876655,298449.3946700492,0.0,180435.14640643,478884.5410764792
191,9282.618042,0.0,0.0,0.0,9282.618042,400.0,297867.06203257403,0.0,176213.14050619252,474080.20253876655,298449.3946700492,0.0,180435.14640643,478884.5410764792
192,9283.41881,0.0,0.0,0.0,9283.41881,400.0,297867.06203257403,0.0,176213.14050619252,474080.20253876655,298449.3946700492,0.0,180435.14640643,478884.5410764792
193,9284.219578,0.0,0.0,0.0,9284.219578,400.0,297867.06203257403,0.0,176213.14050619252,474080.20253876655,298449.3946700492,0.0,180435.14640643,478884.5410764792
194,9285.183562,0.0,0.0,0.0,9285.183562,400.0,297867.06203257403,0.0,176213.14050619252,474080.20253876655,298449.3946700492,0.0,180435.14640643,478884.5410764792
195,9286.584906,0.0,0.0,0.0,9286.584906,400.0,297867.06203257403,0.0,176213.14050619252,474080.20253876655,298449.3946700492,0.0,180435.14640643,478884.5410764792
196,9287.98625,0.0,0.0,0.0,9287.98625,400.0,297867.06203257403,0.0,176213.14050619252,474080.20253876655,298449.3946700492,0.0,180435.14640643,478884.5410764792
197,9289.387594,0.0,0.0,0.0,9289.387594,400.0,297867.06203257403,0.0,176213.14050619252,474080.20253876655,298449.3946700492,0.0,180435.14640643,478884.5410764792
198,9290.788939,0.0,0.0,0.0,9290.788939,400.0,297867.06203257403,0.0,176213.14050619252,474080.20253876655,298449.3946700492,0.0,180435.14640643,478884.5410764792
199,9292.166378,0.006546000000000001,0.0,0.0,9292.159832,400.0,297867.06203257403,0.0,176213.14050619252,474080.20253876655,298449.3946700492,0.0,180435.14640643,478884.5410764792
200,9293.36753,0.020507,0.0,0.0,9293.347023,400.0,297867.06203257403,0.0,176213.14050619252,474080.20253876655,298449.3946700492,0.0,180435.14640643,478884.5410764792
201,9294.568682,0.029935,0.0,0.0,9294.538746999999,400.0,297867.06203257403,0.0,176213.14050619252,474080.20253876655,298449.3946700492,0.0,180435.14640643,478884.5410764792
202,9295.769835,0.036265,0.0,0.0,9295.733569999999,400.0,297867.06203257403,0.0,176213.14050619252,474080.20253876655,298449.3946700492,0.0,180435.14640643,478884.5410764792
203,9296.970987,0.039861,0.0,0.0,9296.931126000001,400.0,297867.06203257403,0.0,176213.14050619252,474080.20253876655,298449.3946700492,0.0,180435.14640643,478884.5410764792
204,9298.172139,0.040739,0.0,0.0,9298.1314,400.0,297867.06203257403,0.0,176213.14050619252,474080.20253876655,298449.3946700492,0.0,180435.14640643,478884.5410764792
205,9299.373291,0.038927,0.0,0.0,9299.334364,400.0,297867.06203257403,0.0,176213.14050619252,474080.20253876655,298449.3946700492,0.0,180435.14640643,478884.5410764792
206,9300.574444,0.034078000000000004,0.0,0.0,9300.540366,400.0,297867.06203257403,0.0,176213.14050619252,474080.20253876655,298449.3946700492,0.0,180435.14640643,478884.5410764792
207,9301.775596,0.025242,0.0,0.0,9301.750354,400.0,297867.06203257403,0.0,176213.14050619252,474080.20253876655,298449.3946700492,0.0,180435.14640643,478884.5410764792
208,9302.976748,0.015499,0.0,0.0,9302.961249,400.0,297867.06203257403,0.0,176213.14050619252,474080.20253876655,298449.3946700492,0.0,180435.14640643,478884.5410764792
209,9304.1779,0.002496,0.0,0.0,9304.175404000001,400.0,297867.06203257403,0.0,176213.14050619252,474080.20253876655,298449.3946700492,0.0,180435.14640643,478884.5410764792
210,9305.379053,0.0,0.0,0.0,9305.379053,400.0,297867.06203257403,0.0,176213.14050619252,474080.20253876655,298449.3946700492,0.0,180435.14640643,478884.5410764792
211,9306.580205,0.0,0.0,0.0,9306.580205,400.0,297867.06203257403,0.0,176213.14050619252,474080.20253876655,298449.3946700492,0.0,180435.14640643,478884.5410764792
212,9307.781357,0.0,0.0,0.0,9307.781357,400.0,297867.06203257403,0.0,176213.14050619252,474080.20253876655,298449.3946700492,0.0,180435.14640643,478884.5410764792
213,9308.98251,0.0,0.0,0.0,9308.98251,400.0,297867.06203257403,0.0,176213.14050619252,474080.20253876655,298449.3946700492,0.0,180435.14640643,478884.5410764792
214,9310.183662,0.0,0.0,0.0,9310.183662,400.0,297867.06203257403,0.0,176213.14050619252,474080.20253876655,298449.3946700492,0.0,180435.14640643,478884.5410764792
215,9311.782607,0.0,0.0,0.0,9311.782607,400.0,297867.06203257403,0.0,176213.14050619252,474080.20253876655,298449.3946700492,0.0,180435.14640643,478884.5410764792
216,9313.584336,0.0,0.0,0.0,9313.584336,400.0,297867.06203257403,0.0,176213.14050619252,474080.20253876655,298449.3946700492,0.0,180435.14640643,478884.5410764792
217,9315.386064,0.0,0.0,0.0,9315.386064,400.0,297867.06203257403,0.0,176213.14050619252,474080.20253876655,298449.3946700492,0.0,180435.14640643,478884.5410764792
218,9317.187793,0.0,0.0,0.0,9317.187793,400.0,297867.06203257403,0.0,176213.14050619252,474080.20253876655,298449.3946700492,0.0,180435.14640643,478884.5410764792
219,9318.989521,0.0,0.0,0.0,9318.989521,400.0,297867.06203257403,0.0,176213.14050619252,474080.20253876655,298449.3946700492,0.0,180435.14640643,478884.5410764792
220,9320.893347,0.0,0.0,0.0,9320.893347,400.0,297867.06203257403,0.0,176213.14050619252,474080.20253876655,298449.3946700492,0.0,180435.14640643,478884.5410764792
221,9322.895268,0.0,0.0,0.0,9322.895268,400.0,297867.06203257403,0.0,176213.14050619252,474080.20253876655,298449.3946700492,0.0,180435.14640643,478884.5410764792
222,9324.897188,0.0,0.0,0.0,9324.897188,400.0,297867.06203257403,0.0,176213.14050619252,474080.20253876655,298449.3946700492,0.0,180435.14640643,478884.5410764792
223,9326.899109,0.007,0.0,0.0,9326.892109,400.0,297867.06203257403,0.0,176213.14050619252,474080.20253876655,298449.3946700492,0.0,180435.14640643,478884.5410764792
224,9328.901029,0.021075,0.0,0.0,9328.879954,400.0,297867.06203257403,0.0,176213.14050619252,474080.20253876655,298449.3946700492,0.0,180435.14640643,478884.5410764792
225,9330.90295,0.030624,0.0,0.0,9330.872325999999,400.0,297867.06203257403,0.0,176213.14050619252,474080.20253876655,298449.3946700492,0.0,180435.14640643,478884.5410764792
226,9332.90487,0.037849,0.0,0.0,9332.867021,400.0,297867.06203257403,0.0,176213.14050619252,474080.20253876655,298449.3946700492,0.0,180435.14640643,478884.5410764792
227,9334.90679,0.041007,0.0,0.0,9334.865783,400.0,297867.06203257403,0.0,176213.14050619252,474080.20253876655,298449.3946700492,0.0,180435.14640643,478884.5410764792
228,9336.908711,0.040945999999999996,0.0,0.0,9336.867765,400.0,297867.06203257403,0.0,176213.14050619252,474080.20253876655,298449.3946700492,0.0,180435.14640643,478884.5410764792
229,9338.910631,0.038232999999999996,0.0,0.0,9338.872398000001,400.0,297867.06203257403,0.0,176213.14050619252,474080.20253876655,298449.3946700492,0.0,180435.14640643,478884.5410764792
230,9340.871454,0.033604999999999996,0.0,0.0,9340.837849,400.0,297867.06203257403,0.0,176213.14050619252,474080.20253876655,298449.3946700492,0.0,180435.14640643,478884.5410764792
231,9342.673182,0.025104,0.0,0.0,9342.648078,400.0,297867.06203257403,0.0,176213.14050619252,474080.20253876655,298449.3946700492,0.0,180435.14640643,478884.5410764792
232,9344.47491,0.014553000000000002,0.0,0.0,9344.460357,400.0,297867.06203257403,0.0,176213.14050619252,474080.20253876655,298449.3946700492,0.0,180435.14640643,478884.5410764792
233,9346.276639,0.0024089999999999997,0.0,0.0,9346.274229999999,400.0,297867.06203257403,0.0,176213.14050619252,474080.20253876655,298449.3946700492,0.0,180435.14640643,478884.5410764792
234,9348.078367,0.0,0.0,0.0,9348.078367,400.0,297867.06203257403,0.0,176213.14050619252,474080.20253876655,298449.3946700492,0.0,180435.14640643,478884.5410764792
235,9349.890694,0.0,0.0,0.0,9349.890694,400.0,297867.06203257403,0.0,176213.14050619252,474080.20253876655,298449.3946700492,0.0,180435.14640643,478884.5410764792
236,9351.892614,0.0,0.0,0.0,9351.892614,400.0,297867.06203257403,0.0,176213.14050619252,474080.20253876655,298449.3946700492,0.0,180435.14640643,478884.5410764792
237,9353.894535,0.0,0.0,0.0,9353.894535,400.0,297867.06203257403,0.0,176213.14050619252,474080.20253876655,298449.3946700492,0.0,180435.14640643,478884.5410764792
238,9355.896455,0.0,0.0,0.0,9355.896455,400.0,297867.06203257403,0.0,176213.14050619252,474080.20253876655,298449.3946700492,0.0,180435.14640643,478884.5410764792
239,9357.898376,0.0,0.0,0.0,9357.898376,400.0,297867.06203257403,0.0,176213.14050619252,474080.20253876655,298449.3946700492,0.0,180435.14640643,478884.5410764792
240,9359.900296,0.0,0.0,0.0,9359.900296,400.0,297867.06203257403,0.0,176213.14050619252,474080.20253876655,298449.3946700492,0.0,180435.14640643,478884.5410764792
241,9362.082507,0.0,0.0,0.0,9362.082507,400.0,297867.06203257403,0.0,176213.14050619252,474080.20253876655,298449.3946700492,0.0,180435.14640643,478884.5410764792
242,9364.28462,0.0,863.314300145459,0.0,10227.59892014546,1159.716584128,297867.06203257403,0.0,176213.14050619252,474080.20253876655,298449.3946700492,0.0,180435.14640643,478884.5410764792
243,9366.486732,0.0,926.551891406059,0.0,10293.038623406059,1975.08224856534,297867.06203257403,0.0,176213.14050619252,474080.20253876655,298449.3946700492,0.0,180435.14640643,478884.5410764792
244,9368.688845,0.0,924.349778406058,0.0,10293.038623406059,2788.51005356267,297867.06203257403,0.0,176213.14050619252,474080.20253876655,298449.3946700492,0.0,180435.14640643,478884.5410764792
245,9370.890957,0.0,922.147666406059,0.0,10293.038623406059,3600.0,297867.06203257403,0.0,176213.14050619252,474080.20253876655,298449.3946700492,0.0,180435.14640643,478884.5410764792
246,9373.09307,0.0,0.0,1000.0,8373.09307,2600.0,297867.06203257403,0.0,176213.14050619252,474080.20253876655,298449.3946700492,0.0,180435.14640643,478884.5410764792
247,9375.295182,0.003033,0.0,1000.0,8375.292148999999,1600.0,297867.06203257403,0.0,176213.14050619252,474080.20253876655,298449.3946700492,0.0,180435.14640643,478884.5410764792
248,9377.497295,0.011105,0.0,882.891701500006,8494.594488499994,717.108298499994,297867.06203257403,0.0,176213.14050619252,474080.20253876655,298449.3946700492,0.0,180435.14640643,478884.5410764792
249,9379.699407,0.018756000000000002,0.0,103.425836166665,9276.254814833335,613.682462333329,297867.06203257403,0.0,176213.14050619252,474080.20253876655,298449.3946700492,0.0,180435.14640643,478884.5410764792
250,9381.90152,0.021116,0.0,105.625589166664,9276.254814833335,508.056873166664,297867.06203257403,0.0,176213.14050619252,474080.20253876655,298449.3946700492,0.0,180435.14640643,478884.5410764792
251,9384.342214,0.030526,0.0,108.056873166664,9276.254814833335,400.0,297867.06203257403,0.0,176213.14050619252,474080.20253876655,298449.3946700492,0.0,180435.14640643,478884.5410764792
252,9386.94471,0.031672,38.1015717394017,0.0,9425.014609739403,433.529383130674,297867.06203257403,0.0,176213.14050619252,474080.20253876655,298449.3946700492,0.0,180435.14640643,478884.5410764792
253,9389.547207,0.032073000000000004,903.523489406059,0.0,10293.038623406059,1228.630053808,297867.06203257403,0.0,176213.14050619252,474080.20253876655,298449.3946700492,0.0,180435.14640643,478884.5410764792
254,9392.149704,0.023234,900.91215340606,0.0,10293.038623406059,2021.43274880534,297867.06203257403,0.0,176213.14050619252,474080.20253876655,298449.3946700492,0.0,180435.14640643,478884.5410764792
255,9394.7522,0.018771,898.305194406057,0.0,10293.038623406059,2811.94131988267,297867.06203257403,0.0,176213.14050619252,474080.20253876655,298449.3946700492,0.0,180435.14640643,478884.5410764792
256,9397.532279,0.014882999999999999,895.52122740606,0.0,10293.038623406059,3600.0,297867.06203257403,0.0,176213.14050619252,474080.20253876655,298449.3946700492,0.0,180435.14640643,478884.5410764792
257,9400.53516,0.002517,0.0,1000.0,8400.532642999999,2600.0,297867.06203257403,0.0,176213.14050619252,474080.20253876655,298449.3946700492,0.0,180435.14640643,478884.5410764792
258,9403.53804,0.0,0.0,1000.0,8403.53804,1600.0,297867.06203257403,0.0,176213.14050619252,474080.20253876655,298449.3946700492,0.0,180435.14640643,478884.5410764792
259,9406.540921,0.0,0.0,1000.0,8406.540921,600.000000000002,297867.06203257403,0.0,176213.14050619252,474080.20253876655,298449.3946700492,0.0,180435.14640643,478884.5410764792
260,9409.543802,0.0,0.0,200.000000000002,9209.543801999998,400.0,297867.06203257403,0.0,176213.14050619252,474080.20253876655,298449.3946700492,0.0,180435.14640643,478884.5410764792
261,9412.721556,0.0,210.097560739401,0.0,9622.819116739402,584.885853450673,297867.06203257403,0.0,176213.14050619252,474080.20253876655,298449.3946700492,0.0,180435.14640643,478884.5410764792
262,9416.325013,0.0,0.0,0.0,9416.325013,584.885853450673,297867.06203257403,0.0,176213.14050619252,474080.20253876655,298449.3946700492,0.0,180435.14640643,478884.5410764792
263,9419.928469,0.0,0.0,0.0,9419.928469,584.885853450673,297867.06203257403,0.0,176213.14050619252,474080.20253876655,298449.3946700492,0.0,180435.14640643,478884.5410764792
264,9423.531926,0.0,0.0,0.0,9423.531926,584.885853450673,297867.06203257403,0.0,176213.14050619252,474080.20253876655,298449.3946700492,0.0,180435.14640643,478884.5410764792
265,9427.135383,0.0,0.0,0.0,9427.135383,584.885853450673,297867.06203257403,0.0,176213.14050619252,474080.20253876655,298449.3946700492,0.0,180435.14640643,478884.5410764792
266,9430.766631,0.0,862.271992406058,0.0,10293.038623406059,1343.685206768,297867.06203257403,0.0,176213.14050619252,474080.20253876655,298449.3946700492,0.0,180435.14640643,478884.5410764792
267,9434.57028,0.0,858.468343406059,0.0,10293.038623406059,2099.13734896534,297867.06203257403,0.0,176213.14050619252,474080.20253876655,298449.3946700492,0.0,180435.14640643,478884.5410764792
268,9438.373929,0.0,854.664694406059,0.0,10293.038623406059,2851.24228004267,297867.06203257403,0.0,176213.14050619252,474080.20253876655,298449.3946700492,0.0,180435.14640643,478884.5410764792
269,9442.177578,0.0,850.861045406058,0.0,10293.038623406059,3600.0,297867.06203257403,0.0,176213.14050619252,474080.20253876655,298449.3946700492,0.0,180435.14640643,478884.5410764792
270,9445.981227,0.0,0.0,1000.0,8445.981227,2600.0,297867.06203257403,0.0,176213.14050619252,474080.20253876655,298449.3946700492,0.0,180435.14640643,478884.5410764792
271,9449.784875,0.0037080000000000004,0.0,1000.0,8449.781167,1600.0,297867.06203257403,0.0,176213.14050619252,474080.20253876655,298449.3946700492,0.0,180435.14640643,478884.5410764792
272,9453.588524,0.016725,0.0,645.280762500008,8808.291036499993,954.719237499992,297867.06203257403,0.0,176213.14050619252,474080.20253876655,298449.3946700492,0.0,180435.14640643,478884.5410764792
273,9457.392173,0.029649000000000002,0.0,181.107709166665,9276.254814833335,773.611528333327,297867.06203257403,0.0,176213.14050619252,474080.20253876655,298449.3946700492,0.0,180435.14640643,478884.5410764792
274,9461.195822,0.035465,0.0,184.905542166664,9276.254814833335,588.705986166664,297867.06203257403,0.0,176213.14050619252,474080.20253876655,298449.3946700492,0.0,180435.14640643,478884.5410764792
275,9464.999471,0.03867,0.0,188.705986166664,9276.254814833335,400.0,297867.06203257403,0.0,176213.14050619252,474080.20253876655,298449.3946700492,0.0,180435.14640643,478884.5410764792
276,9468.80312,0.040072,381.092849739401,0.0,9849.855897739402,735.361707770673,297867.06203257403,0.0,176213.14050619252,474080.20253876655,298449.3946700492,0.0,180435.14640643,478884.5410764792
277,9472.940736,0.036819000000000005,820.134706406059,0.0,10293.038623406059,1457.08024940801,297867.06203257403,0.0,176213.14050619252,474080.20253876655,298449.3946700492,0.0,180435.14640643,478884.5410764792
278,9477.144769,0.032771,815.926625406059,0.0,10293.038623406059,2175.09567976534,297867.06203257403,0.0,176213.14050619252,474080.20253876655,298449.3946700492,0.0,180435.14640643,478884.5410764792
279,9481.348802,0.021227,811.711048406058,0.0,10293.038623406059,2889.40140236267,297867.06203257403,0.0,176213.14050619252,474080.20253876655,298449.3946700492,0.0,180435.14640643,478884.5410764792
280,9485.552835,0.012618,807.498406406059,0.0,10293.038623406059,3600.0,297867.06203257403,0.0,176213.14050619252,474080.20253876655,298449.3946700492,0.0,180435.14640643,478884.5410764792
281,9489.756868,0.001052,0.0,1000.0,8489.755816,2600.0,297867.06203257403,0.0,176213.14050619252,474080.20253876655,298449.3946700492,0.0,180435.14640643,478884.5410764792
282,9493.960901,0.0,0.0,1000.0,8493.960901,1600.0,297867.06203257403,0.0,176213.14050619252,474080.20253876655,298449.3946700492,0.0,180435.14640643,478884.5410764792
283,9498.164934,0.0,0.0,973.885848833335,8524.279085166665,626.114151166665,297867.06203257403,0.0,176213.14050619252,474080.20253876655,298449.3946700492,0.0,180435.14640643,478884.5410764792
284,9502.368966,0.0,0.0,226.114151166665,9276.254814833335,400.0,297867.06203257403,0.0,176213.14050619252,474080.20253876655,298449.3946700492,0.0,180435.14640643,478884.5410764792
285,9506.572999,0.0,0.0,0.0,9506.572999,400.0,297867.06203257403,0.0,176213.14050619252,474080.20253876655,298449.3946700492,0.0,180435.14640643,478884.5410764792
286,9510.777032,0.0,0.0,0.0,9510.777032,400.0,297867.06203257403,0.0,176213.14050619252,474080.20253876655,298449.3946700492,0.0,180435.14640643,478884.5410764792
287,9514.557129,0.0,0.0,0.0,9514.557129,400.0,297867.06203257403,0.0,176213.14050619252,474080.20253876655,298449.3946700492,0.0,180435.14640643,478884.5410764792
288,9517.960394,0.0,0.0,0.0,9517.960394,400.0,297867.06203257403,0.0,176213.14050619252,474080.20253876655,298449.3946700492,0.0,180435.14640643,478884.5410764792
289,9521.363659,0.0,583.696424739401,0.0,10105.060083739401,913.652853770673,297867.06203257403,0.0,176213.14050619252,474080.20253876655,298449.3946700492,0.0,180435.14640643,478884.5410764792
290,9524.766923,0.0,768.27170040606,0.0,10293.038623406059,1589.73195012801,297867.06203257403,0.0,176213.14050619252,474080.20253876655,298449.3946700492,0.0,180435.14640643,478884.5410764792
291,9528.170188,0.0,764.868435406059,0.0,10293.038623406059,2262.81617328534,297867.06203257403,0.0,176213.14050619252,474080.20253876655,298449.3946700492,0.0,180435.14640643,478884.5410764792
292,9531.573453,0.0,761.465170406058,0.0,10293.038623406059,2932.90552324267,297867.06203257403,0.0,176213.14050619252,474080.20253876655,298449.3946700492,0.0,180435.14640643,478884.5410764792
293,9534.976718,0.0,758.061905406059,0.0,10293.038623406059,3600.0,297867.06203257403,0.0,176213.14050619252,474080.20253876655,298449.3946700492,0.0,180435.14640643,478884.5410764792
294,9538.379982,0.0,0.0,1000.0,8538.379982,2600.0,297867.06203257403,0.0,176213.14050619252,474080.20253876655,298449.3946700492,0.0,180435.14640643,478884.5410764792
295,9541.783247,0.0054009999999999996,0.0,1000.0,8541.777845999999,1600.0,297867.06203257403,0.0,176213.14050619252,474080.20253876655,298449.3946700492,0.0,180435.14640643,478884.5410764792
296,9545.186512,0.020260000000000004,0.0,268.911437166666,9276.254814833335,1331.08856283333,297867.06203257403,0.0,176213.14050619252,474080.20253876655,298449.3946700492,0.0,180435.14640643,478884.5410764792
297,9548.589777,0.029779,0.0,272.305183166663,9276.254814833335,1058.78337966667,297867.06203257403,0.0,176213.14050619252,474080.20253876655,298449.3946700492,0.0,180435.14640643,478884.5410764792
298,9551.993042,0.035491,0.0,379.681761500004,9172.275789499996,679.101618166666,297867.06203257403,0.0,176213.14050619252,474080.20253876655,298449.3946700492,0.0,180435.14640643,478884.5410764792
299,9555.396306,0.039873,0.0,279.101618166666,9276.254814833335,400.0,297867.06203257403,0.0,176213.14050619252,474080.20253876655,298449.3946700492,0.0,180435.14640643,478884.5410764792
300,9558.799571,0.040296,733.3326577394,0.0,10292.0919327394,1045.33273881067,297867.06203257403,0.0,176213.14050619252,474080.20253876655,298449.3946700492,0.0,180435.14640643,478884.5410764792
301,9562.202836,0.037348,730.873135406058,0.0,10293.038623406059,1688.501097968,297867.06203257403,0.0,176213.14050619252,474080.20253876655,298449.3946700492,0.0,180435.14640643,478884.5410764792
302,9565.606101,0.032201,727.464723406059,0.0,10293.038623406059,2328.67005456534,297867.06203257403,0.0,176213.14050619252,474080.20253876655,298449.3946700492,0.0,180435.14640643,478884.5410764792
303,9569.009365,0.024078,724.053336406059,0.0,10293.038623406059,2965.83699060267,297867.06203257403,0.0,176213.14050619252,474080.20253876655,298449.3946700492,0.0,180435.14640643,478884.5410764792
304,9572.41263,0.01379,720.639783406059,0.0,10293.038623406059,3600.0,297867.06203257403,0.0,176213.14050619252,474080.20253876655,298449.3946700492,0.0,180435.14640643,478884.5410764792
305,9575.815895,0.002426,0.0,1000.0,8575.813469,2600.0,297867.06203257403,0.0,176213.14050619252,474080.20253876655,298449.3946700492,0.0,180435.14640643,478884.5410764792
306,9579.21916,0.0,0.0,1000.0,8579.21916,1600.0,297867.06203257403,0.0,176213.14050619252,474080.20253876655,298449.3946700492,0.0,180435.14640643,478884.5410764792
307,9582.622424,0.0,0.0,306.367609166664,9276.254814833335,1293.63239083334,297867.06203257403,0.0,176213.14050619252,474080.20253876655,298449.3946700492,0.0,180435.14640643,478884.5410764792
308,9585.841512,0.0,0.0,893.632390833336,8692.209121166665,400.0,297867.06203257403,0.0,176213.14050619252,474080.20253876655,298449.3946700492,0.0,180435.14640643,478884.5410764792
309,9589.044585,0.0,204.174712333347,0.0,9793.219297333346,579.673746853345,297867.06203257403,0.0,176213.14050619252,474080.20253876655,298449.3946700492,0.0,180435.14640643,478884.5410764792
310,9592.247658,0.0,0.0,0.0,9592.247658,579.673746853345,297867.06203257403,0.0,176213.14050619252,474080.20253876655,298449.3946700492,0.0,180435.14640643,478884.5410764792
311,9595.450731,0.0,0.0,0.0,9595.450731,579.673746853345,297867.06203257403,0.0,176213.14050619252,474080.20253876655,298449.3946700492,0.0,180435.14640643,478884.5410764792
312,9598.653803,0.0,0.0,0.0,9598.653803,579.673746853345,297867.06203257403,0.0,176213.14050619252,474080.20253876655,298449.3946700492,0.0,180435.14640643,478884.5410764792
313,9601.395845,0.0,691.64277840606,0.0,10293.038623406059,1188.31939185068,297867.06203257403,0.0,176213.14050619252,474080.20253876655,298449.3946700492,0.0,180435.14640643,478884.5410764792
314,9603.998342,0.0,689.040281406058,0.0,10293.038623406059,1794.67483948801,297867.06203257403,0.0,176213.14050619252,474080.20253876655,298449.3946700492,0.0,180435.14640643,478884.5410764792
315,9606.600839,0.0,686.437784406058,0.0,10293.038623406059,2398.74008976534,297867.06203257403,0.0,176213.14050619252,474080.20253876655,298449.3946700492,0.0,180435.14640643,478884.5410764792
316,9609.203335,0.0,683.835288406059,0.0,10293.038623406059,3000.51514356267,297867.06203257403,0.0,176213.14050619252,474080.20253876655,298449.3946700492,0.0,180435.14640643,478884.5410764792
317,9611.805832,0.0,681.232791406059,0.0,10293.038623406059,3600.0,297867.06203257403,0.0,176213.14050619252,474080.20253876655,298449.3946700492,0.0,180435.14640643,478884.5410764792
318,9614.408328,0.0,0.0,1000.0,8614.408328,2600.0,297867.06203257403,0.0,176213.14050619252,474080.20253876655,298449.3946700492,0.0,180435.14640643,478884.5410764792
319,9617.010825,0.007478,0.0,810.520811333337,8806.482535666662,1789.47918866666,297867.06203257403,0.0,176213.14050619252,474080.20253876655,298449.3946700492,0.0,180435.14640643,478884.5410764792
320,9619.613321,0.020926,0.0,343.337580166666,9276.254814833335,1446.1416085,297867.06203257403,0.0,176213.14050619252,474080.20253876655,298449.3946700492,0.0,180435.14640643,478884.5410764792
321,9622.215818,0.030013,0.0,345.930990166666,9276.254814833335,1100.21061833333,297867.06203257403,0.0,176213.14050619252,474080.20253876655,298449.3946700492,0.0,180435.14640643,478884.5410764792
322,9624.818315,0.036052999999999995,0.0,348.527447166665,9276.254814833335,751.683171166665,297867.06203257403,0.0,176213.14050619252,474080.20253876655,298449.3946700492,0.0,180435.14640643,478884.5410764792
323,9627.976874,0.038888,0.0,351.683171166665,9276.254814833335,400.0,297867.06203257403,0.0,176213.14050619252,474080.20253876655,298449.3946700492,0.0,180435.14640643,478884.5410764792
324,9631.780523,0.038668999999999995,661.296769406062,0.0,10293.038623406062,981.941157077335,297867.06203257403,0.0,176213.14050619252,474080.20253876655,298449.3946700492,0.0,180435.14640643,478884.5410764792
325,9635.584172,0.038061,657.492512406057,0.0,10293.038623406059,1560.53456799467,297867.06203257403,0.0,176213.14050619252,474080.20253876655,298449.3946700492,0.0,180435.14640643,478884.5410764792
326,9639.387821,0.032609,653.683411406058,0.0,10293.038623406059,2135.775970032,297867.06203257403,0.0,176213.14050619252,474080.20253876655,298449.3946700492,0.0,180435.14640643,478884.5410764792
327,9643.191469,0.02564,649.872794406059,0.0,10293.038623406059,2707.66402910933,297867.06203257403,0.0,176213.14050619252,474080.20253876655,298449.3946700492,0.0,180435.14640643,478884.5410764792
328,9646.932941,0.015247,646.120929406059,0.0,10293.038623406059,3276.25044698666,297867.06203257403,0.0,176213.14050619252,474080.20253876655,298449.3946700492,0.0,180435.14640643,478884.5410764792
329,9650.536398,0.0030830000000000002,0.0,1000.0,8650.533315,2276.25044698666,297867.06203257403,0.0,176213.14050619252,474080.20253876655,298449.3946700492,0.0,180435.14640643,478884.5410764792
330,9654.139855,0.0,0.0,1000.0,8654.139855,1276.25044698666,297867.06203257403,0.0,176213.14050619252,474080.20253876655,298449.3946700492,0.0,180435.14640643,478884.5410764792
331,9657.743311,0.0,0.0,381.488496166665,9276.254814833335,894.761950819996,297867.06203257403,0.0,176213.14050619252,474080.20253876655,298449.3946700492,0.0,180435.14640643,478884.5410764792
332,9661.346768,0.0,0.0,494.761950819996,9166.584817180003,400.0,297867.06203257403,0.0,176213.14050619252,474080.20253876655,298449.3946700492,0.0,180435.14640643,478884.5410764792
333,9664.855193,0.0,0.0,0.0,9664.855193,400.0,297867.06203257403,0.0,176213.14050619252,474080.20253876655,298449.3946700492,0.0,180435.14640643,478884.5410764792
334,9667.858073,0.0,0.0,0.0,9667.858073,400.0,297867.06203257403,0.0,176213.14050619252,474080.20253876655,298449.3946700492,0.0,180435.14640643,478884.5410764792
335,9670.860954,0.0,0.0,0.0,9670.860954,400.0,297867.06203257403,0.0,176213.14050619252,474080.20253876655,298449.3946700492,0.0,180435.14640643,478884.5410764792
336,9673.863835,0.0,585.532902333343,0.0,10259.396737333343,915.268954053342,297867.06203257403,0.0,176213.14050619252,474080.20253876655,298449.3946700492,0.0,180435.14640643,478884.5410764792
337,9676.866715,0.0,616.171908406059,0.0,10293.038623406059,1457.50023345067,297867.06203257403,0.0,176213.14050619252,474080.20253876655,298449.3946700492,0.0,180435.14640643,478884.5410764792
338,9679.869596,0.0,613.169027406058,0.0,10293.038623406059,1997.08897756801,297867.06203257403,0.0,176213.14050619252,474080.20253876655,298449.3946700492,0.0,180435.14640643,478884.5410764792
339,9682.872477,0.0,610.166146406058,0.0,10293.038623406059,2534.03518640534,297867.06203257403,0.0,176213.14050619252,474080.20253876655,298449.3946700492,0.0,180435.14640643,478884.5410764792
340,9685.875357,0.0,607.163266406058,0.0,10293.038623406059,3068.33886084267,297867.06203257403,0.0,176213.14050619252,474080.20253876655,298449.3946700492,0.0,180435.14640643,478884.5410764792
341,9688.878238,0.0,604.16038540606,0.0,10293.038623406059,3600.0,297867.06203257403,0.0,176213.14050619252,474080.20253876655,298449.3946700492,0.0,180435.14640643,478884.5410764792
342,9691.881119,0.0,0.0,1000.0,8691.881119,2600.0,297867.06203257403,0.0,176213.14050619252,474080.20253876655,298449.3946700492,0.0,180435.14640643,478884.5410764792
343,9694.883999,0.002128,0.0,495.545052333342,9199.336818666658,2104.45494766666,297867.06203257403,0.0,176213.14050619252,474080.20253876655,298449.3946700492,0.0,180435.14640643,478884.5410764792
344,9697.88688,0.010388,0.0,421.621677166664,9276.254814833335,1682.83327049999,297867.06203257403,0.0,176213.14050619252,474080.20253876655,298449.3946700492,0.0,180435.14640643,478884.5410764792
345,9700.889761,0.022594000000000003,0.0,424.612352166665,9276.254814833335,1258.22091833333,297867.06203257403,0.0,176213.14050619252,474080.20253876655,298449.3946700492,0.0,180435.14640643,478884.5410764792
346,9703.892641,0.025847000000000002,0.0,427.611979166664,9276.254814833335,830.608939166665,297867.06203257403,0.0,176213.14050619252,474080.20253876655,298449.3946700492,0.0,180435.14640643,478884.5410764792
347,9706.895522,0.031768000000000005,0.0,430.608939166665,9276.254814833335,400.0,297867.06203257403,0.0,176213.14050619252,474080.20253876655,298449.3946700492,0.0,180435.14640643,478884.5410764792
348,9709.898403,0.03614,583.17636040606,0.0,10293.038623406059,913.195197157333,297867.06203257403,0.0,176213.14050619252,474080.20253876655,298449.3946700492,0.0,180435.14640643,478884.5410764792
349,9712.199434,0.038173000000000006,580.87736240606,0.0,10293.038623406059,1424.36727607466,297867.06203257403,0.0,176213.14050619252,474080.20253876655,298449.3946700492,0.0,180435.14640643,478884.5410764792
350,9714.201354,0.033722,578.870991406058,0.0,10293.038623406059,1933.773748512,297867.06203257403,0.0,176213.14050619252,474080.20253876655,298449.3946700492,0.0,180435.14640643,478884.5410764792
351,9716.203274,0.026765999999999998,576.86211540606,0.0,10293.038623406059,2441.41241006933,297867.06203257403,0.0,176213.14050619252,474080.20253876655,298449.3946700492,0.0,180435.14640643,478884.5410764792
352,9718.205195,0.016183,574.849611406058,0.0,10293.038623406059,2947.28006810666,297867.06203257403,0.0,176213.14050619252,474080.20253876655,298449.3946700492,0.0,180435.14640643,478884.5410764792
353,9720.207115,0.003139,0.0,1000.0,8720.203975999999,1947.28006810666,297867.06203257403,0.0,176213.14050619252,474080.20253876655,298449.3946700492,0.0,180435.14640643,478884.5410764792
354,9722.209036,0.0,0.0,649.36586477333,9072.84317122667,1297.91420333333,297867.06203257403,0.0,176213.14050619252,474080.20253876655,298449.3946700492,0.0,180435.14640643,478884.5410764792
355,9724.210956,0.0,0.0,447.956141166665,9276.254814833335,849.958062166665,297867.06203257403,0.0,176213.14050619252,474080.20253876655,298449.3946700492,0.0,180435.14640643,478884.5410764792
356,9726.212877,0.0,0.0,449.958062166665,9276.254814833335,400.0,297867.06203257403,0.0,176213.14050619252,474080.20253876655,298449.3946700492,0.0,180435.14640643,478884.5410764792
357,9728.214797,0.0,0.0,0.0,9728.214797,400.0,297867.06203257403,0.0,176213.14050619252,474080.20253876655,298449.3946700492,0.0,180435.14640643,478884.5410764792
358,9730.216718,0.0,0.0,0.0,9730.216718,400.0,297867.06203257403,0.0,176213.14050619252,474080.20253876655,298449.3946700492,0.0,180435.14640643,478884.5410764792
359,9732.298008,0.0,0.0,0.0,9732.298008,400.0,297867.06203257403,0.0,176213.14050619252,474080.20253876655,298449.3946700492,0.0,180435.14640643,478884.5410764792
360,9734.500121,0.0,0.0,0.0,9734.500121,400.0,297867.06203257403,0.0,176213.14050619252,474080.20253876655,298449.3946700492,0.0,180435.14640643,478884.5410764792
361,9736.702233,0.0,0.0,0.0,9736.702233,400.0,297867.06203257403,0.0,176213.14050619252,474080.20253876655,298449.3946700492,0.0,180435.14640643,478884.5410764792
362,9738.904346,0.0,0.0,0.0,9738.904346,400.0,297867.06203257403,0.0,176213.14050619252,474080.20253876655,298449.3946700492,0.0,180435.14640643,478884.5410764792
363,9741.106458,0.0,0.0,0.0,9741.106458,400.0,297867.06203257403,0.0,176213.14050619252,474080.20253876655,298449.3946700492,0.0,180435.14640643,478884.5410764792
364,9743.357441,0.0,0.0,0.0,9743.357441,400.0,297867.06203257403,0.0,176213.14050619252,474080.20253876655,298449.3946700492,0.0,180435.14640643,478884.5410764792
365,9745.759746,0.0,0.0,0.0,9745.759746,400.0,297867.06203257403,0.0,176213.14050619252,474080.20253876655,298449.3946700492,0.0,180435.14640643,478884.5410764792
366,9748.16205,0.0,0.0,0.0,9748.16205,400.0,297867.06203257403,0.0,176213.14050619252,474080.20253876655,298449.3946700492,0.0,180435.14640643,478884.5410764792
367,9750.564355,0.000448,0.0,0.0,9750.563907,400.0,297867.06203257403,0.0,176213.14050619252,474080.20253876655,298449.3946700492,0.0,180435.14640643,478884.5410764792
368,9752.966659,0.001117,0.0,0.0,9752.965542,400.0,297867.06203257403,0.0,176213.14050619252,474080.20253876655,298449.3946700492,0.0,180435.14640643,478884.5410764792
369,9755.295481,0.0049440000000000005,0.0,0.0,9755.290536999999,400.0,297867.06203257403,0.0,176213.14050619252,474080.20253876655,298449.3946700492,0.0,180435.14640643,478884.5410764792
370,9756.897018,0.004110000000000001,0.0,0.0,9756.892908,400.0,297867.06203257403,0.0,176213.14050619252,474080.20253876655,298449.3946700492,0.0,180435.14640643,478884.5410764792
371,9758.498554,0.005319,0.0,0.0,9758.493235,400.0,297867.06203257403,0.0,176213.14050619252,474080.20253876655,298449.3946700492,0.0,180435.14640643,478884.5410764792
372,9760.100091,0.005259000000000001,0.0,0.0,9760.094832,400.0,297867.06203257403,0.0,176213.14050619252,474080.20253876655,298449.3946700492,0.0,180435.14640643,478884.5410764792
373,9761.701627,0.005178,0.0,0.0,9761.696449000001,400.0,297867.06203257403,0.0,176213.14050619252,474080.20253876655,298449.3946700492,0.0,180435.14640643,478884.5410764792
374,9763.303163,0.002519,0.0,0.0,9763.300644,400.0,297867.06203257403,0.0,176213.14050619252,474080.20253876655,298449.3946700492,0.0,180435.14640643,478884.5410764792
375,9764.716637,0.001569,0.0,0.0,9764.715068,400.0,297867.06203257403,0.0,176213.14050619252,474080.20253876655,298449.3946700492,0.0,180435.14640643,478884.5410764792
376,9766.117981,0.001072,0.0,0.0,9766.116909,400.0,297867.06203257403,0.0,176213.14050619252,474080.20253876655,298449.3946700492,0.0,180435.14640643,478884.5410764792
377,9767.519325,0.00147,0.0,0.0,9767.517855,400.0,297867.06203257403,0.0,176213.14050619252,474080.20253876655,298449.3946700492,0.0,180435.14640643,478884.5410764792
378,9768.92067,0.0,0.0,0.0,9768.92067,400.0,297867.06203257403,0.0,176213.14050619252,474080.20253876655,298449.3946700492,0.0,180435.14640643,478884.5410764792
379,9770.322014,0.0,0.0,0.0,9770.322014,400.0,297867.06203257403,0.0,176213.14050619252,474080.20253876655,298449.3946700492,0.0,180435.14640643,478884.5410764792
380,9771.565795,0.0,0.0,0.0,9771.565795,400.0,297867.06203257403,0.0,176213.14050619252,474080.20253876655,298449.3946700492,0.0,180435.14640643,478884.5410764792
381,9772.766948,0.0,0.0,0.0,9772.766948,400.0,297867.06203257403,0.0,176213.14050619252,474080.20253876655,298449.3946700492,0.0,180435.14640643,478884.5410764792
382,9773.9681,0.0,0.0,0.0,9773.9681,400.0,297867.06203257403,0.0,176213.14050619252,474080.20253876655,298449.3946700492,0.0,180435.14640643,478884.5410764792
383,9775.169252,0.0,0.0,0.0,9775.169252,400.0,297867.06203257403,0.0,176213.14050619252,474080.20253876655,298449.3946700492,0.0,180435.14640643,478884.5410764792
384,9776.370405,0.0,0.0,0.0,9776.370405,400.0,297867.06203257403,0.0,176213.14050619252,474080.20253876655,298449.3946700492,0.0,180435.14640643,478884.5410764792
385,9777.825683,0.0,0.0,0.0,9777.825683,400.0,297867.06203257403,0.0,176213.14050619252,474080.20253876655,298449.3946700492,0.0,180435.14640643,478884.5410764792
386,9779.427219,0.0,0.0,0.0,9779.427219,400.0,297867.06203257403,0.0,176213.14050619252,474080.20253876655,298449.3946700492,0.0,180435.14640643,478884.5410764792
387,9781.028756,0.0,0.0,0.0,9781.028756,400.0,297867.06203257403,0.0,176213.14050619252,474080.20253876655,298449.3946700492,0.0,180435.14640643,478884.5410764792
388,9782.630292,0.0,0.0,0.0,9782.630292,400.0,297867.06203257403,0.0,176213.14050619252,474080.20253876655,298449.3946700492,0.0,180435.14640643,478884.5410764792
389,9784.231828,0.0,0.0,0.0,9784.231828,400.0,297867.06203257403,0.0,176213.14050619252,474080.20253876655,298449.3946700492,0.0,180435.14640643,478884.5410764792
390,9785.543675,0.0,0.0,0.0,9785.543675,400.0,297867.06203257403,0.0,176213.14050619252,474080.20253876655,298449.3946700492,0.0,180435.14640643,478884.5410764792
391,9786.544635,0.002023,0.0,0.0,9786.542612000001,400.0,297867.06203257403,0.0,176213.14050619252,474080.20253876655,298449.3946700492,0.0,180435.14640643,478884.5410764792
392,9787.545596,0.008835,0.0,0.0,9787.536761,400.0,297867.06203257403,0.0,176213.14050619252,474080.20253876655,298449.3946700492,0.0,180435.14640643,478884.5410764792
393,9788.546556,0.027361999999999997,0.0,0.0,9788.519193999999,400.0,297867.06203257403,0.0,176213.14050619252,474080.20253876655,298449.3946700492,0.0,180435.14640643,478884.5410764792
394,9789.547516,0.029283000000000003,0.0,0.0,9789.518233,400.0,297867.06203257403,0.0,176213.14050619252,474080.20253876655,298449.3946700492,0.0,180435.14640643,478884.5410764792
395,9790.350286,0.033987,0.0,0.0,9790.316299,400.0,297867.06203257403,0.0,176213.14050619252,474080.20253876655,298449.3946700492,0.0,180435.14640643,478884.5410764792
396,9790.75067,0.030035,0.0,0.0,9790.720635,400.0,297867.06203257403,0.0,176213.14050619252,474080.20253876655,298449.3946700492,0.0,180435.14640643,478884.5410764792
397,9791.151054,0.038634,0.0,0.0,9791.11242,400.0,297867.06203257403,0.0,176213.14050619252,474080.20253876655,298449.3946700492,0.0,180435.14640643,478884.5410764792
398,9791.551438,0.030681,0.0,0.0,9791.520757,400.0,297867.06203257403,0.0,176213.14050619252,474080.20253876655,298449.3946700492,0.0,180435.14640643,478884.5410764792
399,9791.951822,0.027972,0.0,0.0,9791.923850000001,400.0,297867.06203257403,0.0,176213.14050619252,474080.20253876655,298449.3946700492,0.0,180435.14640643,478884.5410764792
400,9792.352207,0.0165,0.0,0.0,9792.335707,400.0,297867.06203257403,0.0,176213.14050619252,474080.20253876655,298449.3946700492,0.0,180435.14640643,478884.5410764792
401,9792.752591,0.0035009999999999998,0.0,0.0,9792.749090000001,400.0,297867.06203257403,0.0,176213.14050619252,474080.20253876655,298449.3946700492,0.0,180435.14640643,478884.5410764792
402,9793.152975,0.0,0.0,0.0,9793.152975,400.0,297867.06203257403,0.0,176213.14050619252,474080.20253876655,298449.3946700492,0.0,180435.14640643,478884.5410764792
403,9793.553359,0.0,0.0,0.0,9793.553359,400.0,297867.06203257403,0.0,176213.14050619252,474080.20253876655,298449.3946700492,0.0,180435.14640643,478884.5410764792
404,9793.953743,0.0,0.0,0.0,9793.953743,400.0,297867.06203257403,0.0,176213.14050619252,474080.20253876655,298449.3946700492,0.0,180435.14640643,478884.5410764792
405,9794.354127,0.0,0.0,0.0,9794.354127,400.0,297867.06203257403,0.0,176213.14050619252,474080.20253876655,298449.3946700492,0.0,180435.14640643,478884.5410764792
406,9794.754511,0.0,0.0,0.0,9794.754511,400.0,297867.06203257403,0.0,176213.14050619252,474080.20253876655,298449.3946700492,0.0,180435.14640643,478884.5410764792
407,9795.154895,0.0,0.0,0.0,9795.154895,400.0,297867.06203257403,0.0,176213.14050619252,474080.20253876655,298449.3946700492,0.0,180435.14640643,478884.5410764792
408,9795.555279,0.0,0.0,0.0,9795.555279,400.0,297867.06203257403,0.0,176213.14050619252,474080.20253876655,298449.3946700492,0.0,180435.14640643,478884.5410764792
409,9795.955663,0.0,0.0,0.0,9795.955663,400.0,297867.06203257403,0.0,176213.14050619252,474080.20253876655,298449.3946700492,0.0,180435.14640643,478884.5410764792
410,9796.356047,0.0,0.0,0.0,9796.356047,400.0,297867.06203257403,0.0,176213.14050619252,474080.20253876655,298449.3946700492,0.0,180435.14640643,478884.5410764792
411,9796.756431,0.0,0.0,0.0,9796.756431,400.0,297867.06203257403,0.0,176213.14050619252,474080.20253876655,298449.3946700492,0.0,180435.14640643,478884.5410764792
412,9797.156816,0.0,0.0,0.0,9797.156816,400.0,297867.06203257403,0.0,176213.14050619252,474080.20253876655,298449.3946700492,0.0,180435.14640643,478884.5410764792
413,9797.5572,0.0,0.0,0.0,9797.5572,400.0,297867.06203257403,0.0,176213.14050619252,474080.20253876655,298449.3946700492,0.0,180435.14640643,478884.5410764792
414,9797.957584,0.0,0.0,0.0,9797.957584,400.0,297867.06203257403,0.0,176213.14050619252,474080.20253876655,298449.3946700492,0.0,180435.14640643,478884.5410764792
415,9798.357968,0.006908,0.0,0.0,9798.35106,400.0,297867.06203257403,0.0,176213.14050619252,474080.20253876655,298449.3946700492,0.0,180435.14640643,478884.5410764792
416,9798.902608,0.020894,0.0,0.0,9798.881714000001,400.0,297867.06203257403,0.0,176213.14050619252,474080.20253876655,298449.3946700492,0.0,180435.14640643,478884.5410764792
417,9799.503184,0.030739000000000002,0.0,0.0,9799.472445,400.0,297867.06203257403,0.0,176213.14050619252,474080.20253876655,298449.3946700492,0.0,180435.14640643,478884.5410764792
418,9800.10376,0.03732800000000001,0.0,0.0,9800.066432,400.0,297867.06203257403,0.0,176213.14050619252,474080.20253876655,298449.3946700492,0.0,180435.14640643,478884.5410764792
419,9800.704336,0.039604999999999994,0.0,0.0,9800.664731,400.0,297867.06203257403,0.0,176213.14050619252,474080.20253876655,298449.3946700492,0.0,180435.14640643,478884.5410764792
420,9801.304912,0.041082,0.0,0.0,9801.26383,400.0,297867.06203257403,0.0,176213.14050619252,474080.20253876655,298449.3946700492,0.0,180435.14640643,478884.5410764792
421,9801.791732,0.03936,0.0,0.0,9801.752371999999,400.0,297867.06203257403,0.0,176213.14050619252,474080.20253876655,298449.3946700492,0.0,180435.14640643,478884.5410764792
422,9802.192117,0.035759,0.0,0.0,9802.156358,400.0,297867.06203257403,0.0,176213.14050619252,474080.20253876655,298449.3946700492,0.0,180435.14640643,478884.5410764792
423,9802.592501,0.026755,0.0,0.0,9802.565745999998,400.0,297867.06203257403,0.0,176213.14050619252,474080.20253876655,298449.3946700492,0.0,180435.14640643,478884.5410764792
424,9802.992885,0.016045000000000004,0.0,0.0,9802.97684,400.0,297867.06203257403,0.0,176213.14050619252,474080.20253876655,298449.3946700492,0.0,180435.14640643,478884.5410764792
425,9803.393269,0.003254,0.0,0.0,9803.390015,400.0,297867.06203257403,0.0,176213.14050619252,474080.20253876655,298449.3946700492,0.0,180435.14640643,478884.5410764792
426,9803.876909,0.0,0.0,0.0,9803.876909,400.0,297867.06203257403,0.0,176213.14050619252,474080.20253876655,298449.3946700492,0.0,180435.14640643,478884.5410764792
427,9804.477485,0.0,0.0,0.0,9804.477485,400.0,297867.06203257403,0.0,176213.14050619252,474080.20253876655,298449.3946700492,0.0,180435.14640643,478884.5410764792
428,9805.078061,0.0,0.0,0.0,9805.078061,400.0,297867.06203257403,0.0,176213.14050619252,474080.20253876655,298449.3946700492,0.0,180435.14640643,478884.5410764792
429,9805.678638,0.0,487.359985406059,0.0,10293.038623406059,828.876787157332,297867.06203257403,0.0,176213.14050619252,474080.20253876655,298449.3946700492,0.0,180435.14640643,478884.5410764792
430,9806.279214,0.0,486.759409406059,0.0,10293.038623406059,1257.22506743466,297867.06203257403,0.0,176213.14050619252,474080.20253876655,298449.3946700492,0.0,180435.14640643,478884.5410764792
431,9806.827033,0.0,486.211590406059,0.0,10293.038623406059,1685.091266992,297867.06203257403,0.0,176213.14050619252,474080.20253876655,298449.3946700492,0.0,180435.14640643,478884.5410764792
432,9807.227417,0.0,485.811206406059,0.0,10293.038623406059,2112.60512862933,297867.06203257403,0.0,176213.14050619252,474080.20253876655,298449.3946700492,0.0,180435.14640643,478884.5410764792
433,9807.627802,0.0,0.0,0.0,9807.627802,2112.60512862933,297867.06203257403,0.0,176213.14050619252,474080.20253876655,298449.3946700492,0.0,180435.14640643,478884.5410764792
434,9808.028186,0.0,237.347730521224,0.0,10045.375916521223,2321.47113148801,297867.06203257403,0.0,176213.14050619252,474080.20253876655,298449.3946700492,0.0,180435.14640643,478884.5410764792
435,9808.42857,0.0,484.610053406059,0.0,10293.038623406059,2747.92797848534,297867.06203257403,0.0,176213.14050619252,474080.20253876655,298449.3946700492,0.0,180435.14640643,478884.5410764792
436,9808.806697,0.0,484.231926406059,0.0,10293.038623406059,3174.05207372267,297867.06203257403,0.0,176213.14050619252,474080.20253876655,298449.3946700492,0.0,180435.14640643,478884.5410764792
437,9809.006889,0.0,484.031734406059,0.0,10293.038623406059,3600.0,297867.06203257403,0.0,176213.14050619252,474080.20253876655,298449.3946700492,0.0,180435.14640643,478884.5410764792
438,9809.207081,0.0,0.0,532.952266166665,9276.254814833335,3067.04773383333,297867.06203257403,0.0,176213.14050619252,474080.20253876655,298449.3946700492,0.0,180435.14640643,478884.5410764792
439,9809.407273,0.0069050000000000005,0.0,533.145553166665,9276.254814833335,2533.90218066667,297867.06203257403,0.0,176213.14050619252,474080.20253876655,298449.3946700492,0.0,180435.14640643,478884.5410764792
440,9809.607465,0.020054,0.0,533.332596166663,9276.254814833335,2000.5695845,297867.06203257403,0.0,176213.14050619252,474080.20253876655,298449.3946700492,0.0,180435.14640643,478884.5410764792
441,9809.807657,0.030395000000000002,0.0,533.522447166664,9276.254814833335,1467.04713733333,297867.06203257403,0.0,176213.14050619252,474080.20253876655,298449.3946700492,0.0,180435.14640643,478884.5410764792
442,9809.815901,0.034305,0.0,533.526781166665,9276.254814833335,933.520356166664,297867.06203257403,0.0,176213.14050619252,474080.20253876655,298449.3946700492,0.0,180435.14640643,478884.5410764792
443,9809.815901,0.040729999999999995,0.0,533.520356166664,9276.254814833335,400.0,297867.06203257403,0.0,176213.14050619252,474080.20253876655,298449.3946700492,0.0,180435.14640643,478884.5410764792
444,9809.815901,0.041667,483.264389406058,0.0,10293.038623406059,825.272662677331,297867.06203257403,0.0,176213.14050619252,474080.20253876655,298449.3946700492,0.0,180435.14640643,478884.5410764792
445,9809.815901,0.040482,483.263204406059,0.0,10293.038623406059,1250.54428255466,297867.06203257403,0.0,176213.14050619252,474080.20253876655,298449.3946700492,0.0,180435.14640643,478884.5410764792
446,9809.815901,0.029813,483.252535406058,0.0,10293.038623406059,1675.80651371199,297867.06203257403,0.0,176213.14050619252,474080.20253876655,298449.3946700492,0.0,180435.14640643,478884.5410764792
447,9809.493003,0.015672000000000002,483.561292406059,0.0,10293.038623406059,2101.34045102933,297867.06203257403,0.0,176213.14050619252,474080.20253876655,298449.3946700492,0.0,180435.14640643,478884.5410764792
448,9809.092619,0.003852,483.94985640606,0.0,10293.038623406059,2527.21632466666,297867.06203257403,0.0,176213.14050619252,474080.20253876655,298449.3946700492,0.0,180435.14640643,478884.5410764792
449,9808.692234,9.900000000000001e-05,0.0,532.437320166664,9276.254814833335,1994.77900449999,297867.06203257403,0.0,176213.14050619252,474080.20253876655,298449.3946700492,0.0,180435.14640643,478884.5410764792
450,9808.29185,0.0,0.0,532.037035166664,9276.254814833335,1462.74196933333,297867.06203257403,0.0,176213.14050619252,474080.20253876655,298449.3946700492,0.0,180435.14640643,478884.5410764792
451,9807.891466,0.0,0.0,531.636651166664,9276.254814833335,931.105318166665,297867.06203257403,0.0,176213.14050619252,474080.20253876655,298449.3946700492,0.0,180435.14640643,478884.5410764792
452,9807.360133,0.0,0.0,531.105318166665,9276.254814833335,400.0,297867.06203257403,0.0,176213.14050619252,474080.20253876655,298449.3946700492,0.0,180435.14640643,478884.5410764792
453,9806.759557,0.0,486.279066406059,0.0,10293.038623406059,827.925578437332,297867.06203257403,0.0,176213.14050619252,474080.20253876655,298449.3946700492,0.0,180435.14640643,478884.5410764792
454,9806.158981,0.0,486.879642406058,0.0,10293.038623406059,1256.37966375466,297867.06203257403,0.0,176213.14050619252,474080.20253876655,298449.3946700492,0.0,180435.14640643,478884.5410764792
455,9805.558405,0.0,487.480218406059,0.0,10293.038623406059,1685.362255952,297867.06203257403,0.0,176213.14050619252,474080.20253876655,298449.3946700492,0.0,180435.14640643,478884.5410764792
456,9804.957829,0.0,488.080794406058,0.0,10293.038623406059,2114.87335502933,297867.06203257403,0.0,176213.14050619252,474080.20253876655,298449.3946700492,0.0,180435.14640643,478884.5410764792
457,9804.357252,0.0,0.0,0.0,9804.357252,2114.87335502933,297867.06203257403,0.0,176213.14050619252,474080.20253876655,298449.3946700492,0.0,180435.14640643,478884.5410764792
458,9803.756676,0.0,216.194616521226,0.0,10019.951292521228,2305.12461756801,297867.06203257403,0.0,176213.14050619252,474080.20253876655,298449.3946700492,0.0,180435.14640643,478884.5410764792
459,9803.1561,0.0,489.882523406059,0.0,10293.038623406059,2736.22123816534,297867.06203257403,0.0,176213.14050619252,474080.20253876655,298449.3946700492,0.0,180435.14640643,478884.5410764792
460,9802.555524,0.0,490.483099406059,0.0,10293.038623406059,3167.84636564267,297867.06203257403,0.0,176213.14050619252,474080.20253876655,298449.3946700492,0.0,180435.14640643,478884.5410764792
461,9801.954948,0.0,491.083675406058,0.0,10293.038623406059,3600.0,297867.06203257403,0.0,176213.14050619252,474080.20253876655,298449.3946700492,0.0,180435.14640643,478884.5410764792
462,9801.354372,0.0,0.0,583.610893166675,9217.743478833325,3016.38910683333,297867.06203257403,0.0,176213.14050619252,474080.20253876655,298449.3946700492,0.0,180435.14640643,478884.5410764792
463,9800.753796,0.004418999999999999,0.0,524.494562166665,9276.254814833335,2491.89454466666,297867.06203257403,0.0,176213.14050619252,474080.20253876655,298449.3946700492,0.0,180435.14640643,478884.5410764792
464,9800.153219,0.010387,0.0,523.888017166664,9276.254814833335,1968.0065275,297867.06203257403,0.0,176213.14050619252,474080.20253876655,298449.3946700492,0.0,180435.14640643,478884.5410764792
465,9799.552643,0.019831,0.0,523.277997166666,9276.254814833335,1444.72853033333,297867.06203257403,0.0,176213.14050619252,474080.20253876655,298449.3946700492,0.0,180435.14640643,478884.5410764792
466,9798.952067,0.023731000000000002,0.0,522.673521166666,9276.254814833335,922.055009166665,297867.06203257403,0.0,176213.14050619252,474080.20253876655,298449.3946700492,0.0,180435.14640643,478884.5410764792
467,9798.351491,0.041667,0.0,522.055009166665,9276.254814833335,400.0,297867.06203257403,0.0,176213.14050619252,474080.20253876655,298449.3946700492,0.0,180435.14640643,478884.5410764792
468,9797.750915,0.029009,495.316717406058,0.0,10293.038623406059,835.878711317331,297867.06203257403,0.0,176213.14050619252,474080.20253876655,298449.3946700492,0.0,180435.14640643,478884.5410764792
469,9797.150339,0.025497,495.91378140606,0.0,10293.038623406059,1272.28283895466,297867.06203257403,0.0,176213.14050619252,474080.20253876655,298449.3946700492,0.0,180435.14640643,478884.5410764792
470,9796.549763,0.034131,496.522991406058,0.0,10293.038623406059,1709.22307139199,297867.06203257403,0.0,176213.14050619252,474080.20253876655,298449.3946700492,0.0,180435.14640643,478884.5410764792
471,9795.949187,0.021966000000000003,497.111402406059,0.0,10293.038623406059,2146.68110550933,297867.06203257403,0.0,176213.14050619252,474080.20253876655,298449.3946700492,0.0,180435.14640643,478884.5410764792
472,9795.34861,0.009819000000000001,497.699832406061,0.0,10293.038623406059,2584.65695802666,297867.06203257403,0.0,176213.14050619252,474080.20253876655,298449.3946700492,0.0,180435.14640643,478884.5410764792
473,9794.748034,0.00171,0.0,632.780756526666,9161.965567473333,1951.87620149999,297867.06203257403,0.0,176213.14050619252,474080.20253876655,298449.3946700492,0.0,180435.14640643,478884.5410764792
474,9794.147458,0.0,0.0,517.892643166664,9276.254814833335,1433.98355833333,297867.06203257403,0.0,176213.14050619252,474080.20253876655,298449.3946700492,0.0,180435.14640643,478884.5410764792
475,9793.546882,0.0,0.0,517.292067166665,9276.254814833335,916.691491166664,297867.06203257403,0.0,176213.14050619252,474080.20253876655,298449.3946700492,0.0,180435.14640643,478884.5410764792
476,9792.946306,0.0,0.0,516.691491166664,9276.254814833335,400.0,297867.06203257403,0.0,176213.14050619252,474080.20253876655,298449.3946700492,0.0,180435.14640643,478884.5410764792
477,9792.34573,0.0,103.637344521222,0.0,9895.98307452122,491.200863178676,297867.06203257403,0.0,176213.14050619252,474080.20253876655,298449.3946700492,0.0,180435.14640643,478884.5410764792
478,9791.566512,0.0,0.0,0.0,9791.566512,491.200863178676,297867.06203257403,0.0,176213.14050619252,474080.20253876655,298449.3946700492,0.0,180435.14640643,478884.5410764792
479,9790.765743,0.0,502.272880406059,0.0,10293.038623406059,933.200997936008,297867.06203257403,0.0,176213.14050619252,474080.20253876655,298449.3946700492,0.0,180435.14640643,478884.5410764792
480,9789.964975,0.0,503.073648406058,0.0,10293.038623406059,1375.90580853334,297867.06203257403,0.0,176213.14050619252,474080.20253876655,298449.3946700492,0.0,180435.14640643,478884.5410764792
481,9789.164207,0.0,503.874416406059,0.0,10293.038623406059,1819.31529497067,297867.06203257403,0.0,176213.14050619252,474080.20253876655,298449.3946700492,0.0,180435.14640643,478884.5410764792
482,9788.363439,0.0,504.675184406058,0.0,10293.038623406059,2263.429457248,297867.06203257403,0.0,176213.14050619252,474080.20253876655,298449.3946700492,0.0,180435.14640643,478884.5410764792
483,9787.562671,0.0,505.475952406059,0.0,10293.038623406059,2708.24829536533,297867.06203257403,0.0,176213.14050619252,474080.20253876655,298449.3946700492,0.0,180435.14640643,478884.5410764792
484,9786.761903,0.0,506.276720406058,0.0,10293.038623406059,3153.77180932267,297867.06203257403,0.0,176213.14050619252,474080.20253876655,298449.3946700492,0.0,180435.14640643,478884.5410764792
485,9785.961134,0.0,507.07748940606,0.0,10293.038623406059,3600.0,297867.06203257403,0.0,176213.14050619252,474080.20253876655,298449.3946700492,0.0,180435.14640643,478884.5410764792
486,9785.160366,0.0,0.0,669.180610166677,9115.979755833323,2930.81938983332,297867.06203257403,0.0,176213.14050619252,474080.20253876655,298449.3946700492,0.0,180435.14640643,478884.5410764792
487,9784.359598,0.000536,0.0,508.104247166664,9276.254814833335,2422.71514266666,297867.06203257403,0.0,176213.14050619252,474080.20253876655,298449.3946700492,0.0,180435.14640643,478884.5410764792
488,9783.441188,0.0017330000000000002,0.0,507.184640166666,9276.254814833335,1915.53050249999,297867.06203257403,0.0,176213.14050619252,474080.20253876655,298449.3946700492,0.0,180435.14640643,478884.5410764792
489,9782.440227,0.00642,0.0,506.178992166664,9276.254814833335,1409.35151033333,297867.06203257403,0.0,176213.14050619252,474080.20253876655,298449.3946700492,0.0,180435.14640643,478884.5410764792
490,9781.439267,0.006106,0.0,505.178346166664,9276.254814833335,904.173164166665,297867.06203257403,0.0,176213.14050619252,474080.20253876655,298449.3946700492,0.0,180435.14640643,478884.5410764792
491,9780.438307,0.010328,0.0,504.173164166665,9276.254814833335,400.0,297867.06203257403,0.0,176213.14050619252,474080.20253876655,298449.3946700492,0.0,180435.14640643,478884.5410764792
492,9779.437347,0.033395,513.63467140606,0.0,10293.038623406059,851.998510837333,297867.06203257403,0.0,176213.14050619252,474080.20253876655,298449.3946700492,0.0,180435.14640643,478884.5410764792
493,9778.436386,0.022074000000000003,514.62431140606,0.0,10293.038623406059,1304.86790487467,297867.06203257403,0.0,176213.14050619252,474080.20253876655,298449.3946700492,0.0,180435.14640643,478884.5410764792
494,9777.435426,0.007809,515.611006406059,0.0,10293.038623406059,1758.605590512,297867.06203257403,0.0,176213.14050619252,474080.20253876655,298449.3946700492,0.0,180435.14640643,478884.5410764792
495,9776.434466,0.012047,516.616204406058,0.0,10293.038623406059,2213.22785038933,297867.06203257403,0.0,176213.14050619252,474080.20253876655,298449.3946700492,0.0,180435.14640643,478884.5410764792
496,9775.433506,0.007297,517.61241440606,0.0,10293.038623406059,2668.72677506666,297867.06203257403,0.0,176213.14050619252,474080.20253876655,298449.3946700492,0.0,180435.14640643,478884.5410764792
497,9774.432546,0.0007980000000000001,0.0,780.969847566668,8993.461900433333,1887.75692749999,297867.06203257403,0.0,176213.14050619252,474080.20253876655,298449.3946700492,0.0,180435.14640643,478884.5410764792
498,9773.374943,0.0,0.0,497.120128166665,9276.254814833335,1390.63679933333,297867.06203257403,0.0,176213.14050619252,474080.20253876655,298449.3946700492,0.0,180435.14640643,478884.5410764792
499,9772.173791,0.0,0.0,495.918976166664,9276.254814833335,894.717823166664,297867.06203257403,0.0,176213.14050619252,474080.20253876655,298449.3946700492,0.0,180435.14640643,478884.5410764792
500,9770.972638,0.0,0.0,494.717823166664,9276.254814833335,400.0,297867.06203257403,0.0,176213.14050619252,474080.20253876655,298449.3946700492,0.0,180435.14640643,478884.5410764792
501,9769.771486,0.0,0.0,0.0,9769.771486,400.0,297867.06203257403,0.0,176213.14050619252,474080.20253876655,298449.3946700492,0.0,180435.14640643,478884.5410764792
502,9768.570334,0.0,0.0,0.0,9768.570334,400.0,297867.06203257403,0.0,176213.14050619252,474080.20253876655,298449.3946700492,0.0,180435.14640643,478884.5410764792
503,9767.395324,0.0,525.64329940606,0.0,10293.038623406059,862.566103477332,297867.06203257403,0.0,176213.14050619252,474080.20253876655,298449.3946700492,0.0,180435.14640643,478884.5410764792
504,9766.394364,0.0,462.288801927282,0.0,10228.683165927281,1269.38024917334,297867.06203257403,0.0,176213.14050619252,474080.20253876655,298449.3946700492,0.0,180435.14640643,478884.5410764792
505,9765.393404,0.0,527.645219406058,0.0,10293.038623406059,1733.70804225067,297867.06203257403,0.0,176213.14050619252,474080.20253876655,298449.3946700492,0.0,180435.14640643,478884.5410764792
506,9764.392444,0.0,528.64617940606,0.0,10293.038623406059,2198.916680128,297867.06203257403,0.0,176213.14050619252,474080.20253876655,298449.3946700492,0.0,180435.14640643,478884.5410764792
507,9763.391483,0.0,529.647140406059,0.0,10293.038623406059,2665.00616368534,297867.06203257403,0.0,176213.14050619252,474080.20253876655,298449.3946700492,0.0,180435.14640643,478884.5410764792
508,9762.390523,0.0,530.648100406059,0.0,10293.038623406059,3131.97649204267,297867.06203257403,0.0,176213.14050619252,474080.20253876655,298449.3946700492,0.0,180435.14640643,478884.5410764792
509,9761.193728,0.0,531.844895406059,0.0,10293.038623406059,3600.0,297867.06203257403,0.0,176213.14050619252,474080.20253876655,298449.3946700492,0.0,180435.14640643,478884.5410764792
510,9759.992576,0.0,0.0,798.854012166677,8961.138563833323,2801.14598783332,297867.06203257403,0.0,176213.14050619252,474080.20253876655,298449.3946700492,0.0,180435.14640643,478884.5410764792
511,9758.791423,0.0008269999999999999,0.0,482.535781166665,9276.254814833335,2318.61020666666,297867.06203257403,0.0,176213.14050619252,474080.20253876655,298449.3946700492,0.0,180435.14640643,478884.5410764792
512,9757.590271,0.002955,0.0,481.332501166664,9276.254814833335,1837.27770549999,297867.06203257403,0.0,176213.14050619252,474080.20253876655,298449.3946700492,0.0,180435.14640643,478884.5410764792
513,9756.389119,0.006041,0.0,480.128263166664,9276.254814833335,1357.14944233333,297867.06203257403,0.0,176213.14050619252,474080.20253876655,298449.3946700492,0.0,180435.14640643,478884.5410764792
514,9755.353302,0.03214,0.0,479.066347166665,9276.254814833335,878.083095166665,297867.06203257403,0.0,176213.14050619252,474080.20253876655,298449.3946700492,0.0,180435.14640643,478884.5410764792
515,9754.352341,0.014431,0.0,478.083095166665,9276.254814833335,400.0,297867.06203257403,0.0,176213.14050619252,474080.20253876655,298449.3946700492,0.0,180435.14640643,478884.5410764792
516,9753.351381,0.033753,539.720995406058,0.0,10293.038623406059,874.954475957331,297867.06203257403,0.0,176213.14050619252,474080.20253876655,298449.3946700492,0.0,180435.14640643,478884.5410764792
517,9752.350421,0.041667,540.729869406059,0.0,10293.038623406059,1350.79676103466,297867.06203257403,0.0,176213.14050619252,474080.20253876655,298449.3946700492,0.0,180435.14640643,478884.5410764792
518,9751.349461,0.034117,541.723279406058,0.0,10293.038623406059,1827.51324691199,297867.06203257403,0.0,176213.14050619252,474080.20253876655,298449.3946700492,0.0,180435.14640643,478884.5410764792
519,9750.213665,0.023885000000000003,542.84884340606,0.0,10293.038623406059,2305.22022910933,297867.06203257403,0.0,176213.14050619252,474080.20253876655,298449.3946700492,0.0,180435.14640643,478884.5410764792
520,9749.012513,0.016367,544.042477406059,0.0,10293.038623406059,2783.97760922666,297867.06203257403,0.0,176213.14050619252,474080.20253876655,298449.3946700492,0.0,180435.14640643,478884.5410764792
521,9747.811361,0.004198,0.0,976.514884726664,8771.292278273335,1807.4627245,297867.06203257403,0.0,176213.14050619252,474080.20253876655,298449.3946700492,0.0,180435.14640643,478884.5410764792
522,9746.610209,0.0,0.0,470.355394166665,9276.254814833335,1337.10733033333,297867.06203257403,0.0,176213.14050619252,474080.20253876655,298449.3946700492,0.0,180435.14640643,478884.5410764792
523,9745.409056,0.0,0.0,469.154241166665,9276.254814833335,867.953089166665,297867.06203257403,0.0,176213.14050619252,474080.20253876655,298449.3946700492,0.0,180435.14640643,478884.5410764792
524,9744.207904,0.0,0.0,467.953089166665,9276.254814833335,400.0,297867.06203257403,0.0,176213.14050619252,474080.20253876655,298449.3946700492,0.0,180435.14640643,478884.5410764792
525,9743.006752,0.0,0.0,0.0,9743.006752,400.0,297867.06203257403,0.0,176213.14050619252,474080.20253876655,298449.3946700492,0.0,180435.14640643,478884.5410764792
526,9741.805599,0.0,0.0,0.0,9741.805599,400.0,297867.06203257403,0.0,176213.14050619252,474080.20253876655,298449.3946700492,0.0,180435.14640643,478884.5410764792
527,9740.604447,0.0,0.0,0.0,9740.604447,400.0,297867.06203257403,0.0,176213.14050619252,474080.20253876655,298449.3946700492,0.0,180435.14640643,478884.5410764792
528,9739.403295,0.0,0.0,0.0,9739.403295,400.0,297867.06203257403,0.0,176213.14050619252,474080.20253876655,298449.3946700492,0.0,180435.14640643,478884.5410764792
529,9737.832965,0.0,0.0,0.0,9737.832965,400.0,297867.06203257403,0.0,176213.14050619252,474080.20253876655,298449.3946700492,0.0,180435.14640643,478884.5410764792
530,9735.630852,0.0,0.0,0.0,9735.630852,400.0,297867.06203257403,0.0,176213.14050619252,474080.20253876655,298449.3946700492,0.0,180435.14640643,478884.5410764792
531,9733.42874,0.0,0.0,0.0,9733.42874,400.0,297867.06203257403,0.0,176213.14050619252,474080.20253876655,298449.3946700492,0.0,180435.14640643,478884.5410764792
532,9731.226628,0.0,0.0,0.0,9731.226628,400.0,297867.06203257403,0.0,176213.14050619252,474080.20253876655,298449.3946700492,0.0,180435.14640643,478884.5410764792
533,9729.024515,0.0,0.0,0.0,9729.024515,400.0,297867.06203257403,0.0,176213.14050619252,474080.20253876655,298449.3946700492,0.0,180435.14640643,478884.5410764792
534,9726.865738,0.0,0.0,0.0,9726.865738,400.0,297867.06203257403,0.0,176213.14050619252,474080.20253876655,298449.3946700492,0.0,180435.14640643,478884.5410764792
535,9724.863818,0.006265,0.0,0.0,9724.857553,400.0,297867.06203257403,0.0,176213.14050619252,474080.20253876655,298449.3946700492,0.0,180435.14640643,478884.5410764792
536,9722.861897,0.010400000000000001,0.0,0.0,9722.851497000001,400.0,297867.06203257403,0.0,176213.14050619252,474080.20253876655,298449.3946700492,0.0,180435.14640643,478884.5410764792
537,9720.859977,0.015602000000000001,0.0,0.0,9720.844375,400.0,297867.06203257403,0.0,176213.14050619252,474080.20253876655,298449.3946700492,0.0,180435.14640643,478884.5410764792
538,9718.858056,0.020811,0.0,0.0,9718.837244999999,400.0,297867.06203257403,0.0,176213.14050619252,474080.20253876655,298449.3946700492,0.0,180435.14640643,478884.5410764792
539,9716.856136,0.03268,0.0,0.0,9716.823456,400.0,297867.06203257403,0.0,176213.14050619252,474080.20253876655,298449.3946700492,0.0,180435.14640643,478884.5410764792
540,9714.854216,0.038914000000000004,0.0,0.0,9714.815301999999,400.0,297867.06203257403,0.0,176213.14050619252,474080.20253876655,298449.3946700492,0.0,180435.14640643,478884.5410764792
541,9712.852295,0.021234000000000003,0.0,0.0,9712.831061,400.0,297867.06203257403,0.0,176213.14050619252,474080.20253876655,298449.3946700492,0.0,180435.14640643,478884.5410764792
542,9710.850375,0.031966,0.0,0.0,9710.818409,400.0,297867.06203257403,0.0,176213.14050619252,474080.20253876655,298449.3946700492,0.0,180435.14640643,478884.5410764792
543,9708.848454,0.016057,0.0,0.0,9708.832397,400.0,297867.06203257403,0.0,176213.14050619252,474080.20253876655,298449.3946700492,0.0,180435.14640643,478884.5410764792
544,9706.846534,0.0041849999999999995,417.488756333346,0.0,10124.331105333347,767.390105573344,297867.06203257403,0.0,176213.14050619252,474080.20253876655,298449.3946700492,0.0,180435.14640643,478884.5410764792
545,9704.662085,0.000357,0.0,0.0,9704.661728,767.390105573344,297867.06203257403,0.0,176213.14050619252,474080.20253876655,298449.3946700492,0.0,180435.14640643,478884.5410764792
546,9702.459973,0.0,0.0,0.0,9702.459973,767.390105573344,297867.06203257403,0.0,176213.14050619252,474080.20253876655,298449.3946700492,0.0,180435.14640643,478884.5410764792
547,9700.25786,0.0,0.0,0.0,9700.25786,767.390105573344,297867.06203257403,0.0,176213.14050619252,474080.20253876655,298449.3946700492,0.0,180435.14640643,478884.5410764792
548,9698.055748,0.0,0.0,0.0,9698.055748,767.390105573344,297867.06203257403,0.0,176213.14050619252,474080.20253876655,298449.3946700492,0.0,180435.14640643,478884.5410764792
549,9695.853635,0.0,0.0,0.0,9695.853635,767.390105573344,297867.06203257403,0.0,176213.14050619252,474080.20253876655,298449.3946700492,0.0,180435.14640643,478884.5410764792
550,9693.803551,0.0,0.0,0.0,9693.803551,767.390105573344,297867.06203257403,0.0,176213.14050619252,474080.20253876655,298449.3946700492,0.0,180435.14640643,478884.5410764792
551,9691.801631,0.0,0.0,0.0,9691.801631,767.390105573344,297867.06203257403,0.0,176213.14050619252,474080.20253876655,298449.3946700492,0.0,180435.14640643,478884.5410764792
552,9689.79971,0.0,0.0,0.0,9689.79971,767.390105573344,297867.06203257403,0.0,176213.14050619252,474080.20253876655,298449.3946700492,0.0,180435.14640643,478884.5410764792
553,9687.79779,0.0,0.0,0.0,9687.79779,767.390105573344,297867.06203257403,0.0,176213.14050619252,474080.20253876655,298449.3946700492,0.0,180435.14640643,478884.5410764792
554,9685.795869,0.0,0.0,0.0,9685.795869,767.390105573344,297867.06203257403,0.0,176213.14050619252,474080.20253876655,298449.3946700492,0.0,180435.14640643,478884.5410764792
555,9684.280062,0.0,0.0,0.0,9684.280062,767.390105573344,297867.06203257403,0.0,176213.14050619252,474080.20253876655,298449.3946700492,0.0,180435.14640643,478884.5410764792
556,9683.07891,0.0,0.0,0.0,9683.07891,767.390105573344,297867.06203257403,0.0,176213.14050619252,474080.20253876655,298449.3946700492,0.0,180435.14640643,478884.5410764792
557,9681.877758,0.0,0.0,0.0,9681.877758,767.390105573344,297867.06203257403,0.0,176213.14050619252,474080.20253876655,298449.3946700492,0.0,180435.14640643,478884.5410764792
558,9680.676605,0.0,0.0,0.0,9680.676605,767.390105573344,297867.06203257403,0.0,176213.14050619252,474080.20253876655,298449.3946700492,0.0,180435.14640643,478884.5410764792
559,9679.475453,0.0024129999999999998,0.0,0.0,9679.473039999999,767.390105573344,297867.06203257403,0.0,176213.14050619252,474080.20253876655,298449.3946700492,0.0,180435.14640643,478884.5410764792
560,9678.092244,0.009183,0.0,0.0,9678.083061,767.390105573344,297867.06203257403,0.0,176213.14050619252,474080.20253876655,298449.3946700492,0.0,180435.14640643,478884.5410764792
561,9676.490708,0.025411000000000003,0.0,0.0,9676.465296999999,767.390105573344,297867.06203257403,0.0,176213.14050619252,474080.20253876655,298449.3946700492,0.0,180435.14640643,478884.5410764792
562,9674.889171,0.040554,0.0,0.0,9674.848617000001,767.390105573344,297867.06203257403,0.0,176213.14050619252,474080.20253876655,298449.3946700492,0.0,180435.14640643,478884.5410764792
563,9673.287635,0.041667,0.0,0.0,9673.245968000001,767.390105573344,297867.06203257403,0.0,176213.14050619252,474080.20253876655,298449.3946700492,0.0,180435.14640643,478884.5410764792
564,9671.686098,0.041667,0.0,0.0,9671.644431,767.390105573344,297867.06203257403,0.0,176213.14050619252,474080.20253876655,298449.3946700492,0.0,180435.14640643,478884.5410764792
565,9670.084562,0.041667,0.0,0.0,9670.042895,767.390105573344,297867.06203257403,0.0,176213.14050619252,474080.20253876655,298449.3946700492,0.0,180435.14640643,478884.5410764792
566,9668.483026,0.038779,0.0,0.0,9668.444247,767.390105573344,297867.06203257403,0.0,176213.14050619252,474080.20253876655,298449.3946700492,0.0,180435.14640643,478884.5410764792
567,9666.881489,0.030038000000000002,0.0,0.0,9666.851450999999,767.390105573344,297867.06203257403,0.0,176213.14050619252,474080.20253876655,298449.3946700492,0.0,180435.14640643,478884.5410764792
568,9665.279953,0.01798,0.0,0.0,9665.261972999999,767.390105573344,297867.06203257403,0.0,176213.14050619252,474080.20253876655,298449.3946700492,0.0,180435.14640643,478884.5410764792
569,9663.678417,0.003489,0.0,0.0,9663.674927999999,767.390105573344,297867.06203257403,0.0,176213.14050619252,474080.20253876655,298449.3946700492,0.0,180435.14640643,478884.5410764792
570,9662.07688,0.0,0.0,0.0,9662.07688,767.390105573344,297867.06203257403,0.0,176213.14050619252,474080.20253876655,298449.3946700492,0.0,180435.14640643,478884.5410764792
571,9660.475344,0.0,0.0,0.0,9660.475344,767.390105573344,297867.06203257403,0.0,176213.14050619252,474080.20253876655,298449.3946700492,0.0,180435.14640643,478884.5410764792
572,9658.873808,0.0,0.0,0.0,9658.873808,767.390105573344,297867.06203257403,0.0,176213.14050619252,474080.20253876655,298449.3946700492,0.0,180435.14640643,478884.5410764792
573,9657.272271,0.0,0.0,0.0,9657.272271,767.390105573344,297867.06203257403,0.0,176213.14050619252,474080.20253876655,298449.3946700492,0.0,180435.14640643,478884.5410764792
574,9655.670735,0.0,0.0,0.0,9655.670735,767.390105573344,297867.06203257403,0.0,176213.14050619252,474080.20253876655,298449.3946700492,0.0,180435.14640643,478884.5410764792
575,9654.069199,0.0,0.0,0.0,9654.069199,767.390105573344,297867.06203257403,0.0,176213.14050619252,474080.20253876655,298449.3946700492,0.0,180435.14640643,478884.5410764792
576,9652.867104,0.0,0.0,0.0,9652.867104,767.390105573344,297867.06203257403,0.0,176213.14050619252,474080.20253876655,298449.3946700492,0.0,180435.14640643,478884.5410764792
577,9651.665952,0.0,641.372671406059,0.0,10293.038623406059,1331.79805641068,297867.06203257403,0.0,176213.14050619252,474080.20253876655,298449.3946700492,0.0,180435.14640643,478884.5410764792
578,9650.4648,0.0,642.573823406059,0.0,10293.038623406059,1897.26302100801,297867.06203257403,0.0,176213.14050619252,474080.20253876655,298449.3946700492,0.0,180435.14640643,478884.5410764792
579,9649.263647,0.0,643.774976406059,0.0,10293.038623406059,2463.78500024534,297867.06203257403,0.0,176213.14050619252,474080.20253876655,298449.3946700492,0.0,180435.14640643,478884.5410764792
580,9648.062495,0.0,644.976128406059,0.0,10293.038623406059,3031.36399324267,297867.06203257403,0.0,176213.14050619252,474080.20253876655,298449.3946700492,0.0,180435.14640643,478884.5410764792
581,9646.861343,0.0,646.177280406058,0.0,10293.038623406059,3600.0,297867.06203257403,0.0,176213.14050619252,474080.20253876655,298449.3946700492,0.0,180435.14640643,478884.5410764792
582,9645.660191,7.000000000000001e-05,0.0,1000.0,8645.660121,2600.0,297867.06203257403,0.0,176213.14050619252,474080.20253876655,298449.3946700492,0.0,180435.14640643,478884.5410764792
583,9644.459038,0.005685,0.0,741.69930333334,8902.75404966666,1858.30069666666,297867.06203257403,0.0,176213.14050619252,474080.20253876655,298449.3946700492,0.0,180435.14640643,478884.5410764792
584,9643.257886,0.014196,0.0,366.988875166664,9276.254814833335,1491.3118215,297867.06203257403,0.0,176213.14050619252,474080.20253876655,298449.3946700492,0.0,180435.14640643,478884.5410764792
585,9642.056734,0.024617,0.0,365.777302166665,9276.254814833335,1125.53451933333,297867.06203257403,0.0,176213.14050619252,474080.20253876655,298449.3946700492,0.0,180435.14640643,478884.5410764792
586,9640.161975,0.036742,0.0,363.870418166665,9276.254814833335,761.664101166665,297867.06203257403,0.0,176213.14050619252,474080.20253876655,298449.3946700492,0.0,180435.14640643,478884.5410764792
587,9637.959862,0.040945999999999996,0.0,361.664101166665,9276.254814833335,400.0,297867.06203257403,0.0,176213.14050619252,474080.20253876655,298449.3946700492,0.0,180435.14640643,478884.5410764792
588,9635.75775,0.041667,657.322540406049,0.0,10293.03862340605,978.443835557323,297867.06203257403,0.0,176213.14050619252,474080.20253876655,298449.3946700492,0.0,180435.14640643,478884.5410764792
589,9633.555638,0.039270000000000006,659.522255406058,0.0,10293.038623406059,1558.82342031465,297867.06203257403,0.0,176213.14050619252,474080.20253876655,298449.3946700492,0.0,180435.14640643,478884.5410764792
590,9631.353525,0.034703000000000005,661.719801406058,0.0,10293.038623406059,2141.13684555199,297867.06203257403,0.0,176213.14050619252,474080.20253876655,298449.3946700492,0.0,180435.14640643,478884.5410764792
591,9629.043191,0.02682,664.022252406057,0.0,10293.038623406059,2725.47642766932,297867.06203257403,0.0,176213.14050619252,474080.20253876655,298449.3946700492,0.0,180435.14640643,478884.5410764792
592,9626.640887,0.016402,666.414138406059,0.0,10293.038623406059,3311.92086946665,297867.06203257403,0.0,176213.14050619252,474080.20253876655,298449.3946700492,0.0,180435.14640643,478884.5410764792
593,9624.238582,0.002614,0.0,1000.0,8624.235967999999,2311.92086946665,297867.06203257403,0.0,176213.14050619252,474080.20253876655,298449.3946700492,0.0,180435.14640643,478884.5410764792
594,9621.836277,0.0,0.0,1000.0,8621.836277,1311.92086946665,297867.06203257403,0.0,176213.14050619252,474080.20253876655,298449.3946700492,0.0,180435.14640643,478884.5410764792
595,9619.433973,0.0,0.0,571.144016299982,9048.289956700017,740.776853166664,297867.06203257403,0.0,176213.14050619252,474080.20253876655,298449.3946700492,0.0,180435.14640643,478884.5410764792
596,9617.031668,0.0,0.0,340.776853166664,9276.254814833335,400.0,297867.06203257403,0.0,176213.14050619252,474080.20253876655,298449.3946700492,0.0,180435.14640643,478884.5410764792
597,9614.629364,0.0,176.724261333343,0.0,9791.353625333344,555.517349973341,297867.06203257403,0.0,176213.14050619252,474080.20253876655,298449.3946700492,0.0,180435.14640643,478884.5410764792
598,9612.227059,0.0,0.0,0.0,9612.227059,555.517349973341,297867.06203257403,0.0,176213.14050619252,474080.20253876655,298449.3946700492,0.0,180435.14640643,478884.5410764792
599,9609.824755,0.0,0.0,0.0,9609.824755,555.517349973341,297867.06203257403,0.0,176213.14050619252,474080.20253876655,298449.3946700492,0.0,180435.14640643,478884.5410764792
600,9607.42245,0.0,0.0,0.0,9607.42245,555.517349973341,297867.06203257403,0.0,176213.14050619252,474080.20253876655,298449.3946700492,0.0,180435.14640643,478884.5410764792
601,9605.114589,0.0,687.924034406058,0.0,10293.038623406059,1160.89050025067,297867.06203257403,0.0,176213.14050619252,474080.20253876655,298449.3946700492,0.0,180435.14640643,478884.5410764792
602,9603.112669,0.0,689.925954406059,0.0,10293.038623406059,1768.025340128,297867.06203257403,0.0,176213.14050619252,474080.20253876655,298449.3946700492,0.0,180435.14640643,478884.5410764792
603,9601.110748,0.0,691.92787540606,0.0,10293.038623406059,2376.92187048534,297867.06203257403,0.0,176213.14050619252,474080.20253876655,298449.3946700492,0.0,180435.14640643,478884.5410764792
604,9599.108828,0.0,693.929795406058,0.0,10293.038623406059,2987.58009044267,297867.06203257403,0.0,176213.14050619252,474080.20253876655,298449.3946700492,0.0,180435.14640643,478884.5410764792
605,9597.106908,0.0,695.931715406059,0.0,10293.038623406059,3600.0,297867.06203257403,0.0,176213.14050619252,474080.20253876655,298449.3946700492,0.0,180435.14640643,478884.5410764792
606,9595.104987,4.8e-05,0.0,1000.0,8595.104939,2600.0,297867.06203257403,0.0,176213.14050619252,474080.20253876655,298449.3946700492,0.0,180435.14640643,478884.5410764792
607,9593.103067,0.002814,0.0,952.67597933334,8640.42427366666,1647.32402066666,297867.06203257403,0.0,176213.14050619252,474080.20253876655,298449.3946700492,0.0,180435.14640643,478884.5410764792
608,9591.101146,0.004199,0.0,314.842132166665,9276.254814833335,1332.48188849999,297867.06203257403,0.0,176213.14050619252,474080.20253876655,298449.3946700492,0.0,180435.14640643,478884.5410764792
609,9589.099226,0.004819,0.0,312.839592166665,9276.254814833335,1019.64229633333,297867.06203257403,0.0,176213.14050619252,474080.20253876655,298449.3946700492,0.0,180435.14640643,478884.5410764792
610,9587.097305,0.015914,0.0,310.826576166664,9276.254814833335,708.815720166665,297867.06203257403,0.0,176213.14050619252,474080.20253876655,298449.3946700492,0.0,180435.14640643,478884.5410764792
611,9585.095385,0.02485,0.0,308.815720166665,9276.254814833335,400.0,297867.06203257403,0.0,176213.14050619252,474080.20253876655,298449.3946700492,0.0,180435.14640643,478884.5410764792
612,9583.652707,0.041667,709.427583406055,0.0,10293.038623406055,1024.29627339733,297867.06203257403,0.0,176213.14050619252,474080.20253876655,298449.3946700492,0.0,180435.14640643,478884.5410764792
613,9582.251362,0.031991,710.819252406058,0.0,10293.038623406059,1649.81721551466,297867.06203257403,0.0,176213.14050619252,474080.20253876655,298449.3946700492,0.0,180435.14640643,478884.5410764792
614,9580.850018,0.019607,712.20821240606,0.0,10293.038623406059,2276.56044243199,297867.06203257403,0.0,176213.14050619252,474080.20253876655,298449.3946700492,0.0,180435.14640643,478884.5410764792
615,9579.448674,0.00797,713.59791940606,0.0,10293.038623406059,2904.52661150932,297867.06203257403,0.0,176213.14050619252,474080.20253876655,298449.3946700492,0.0,180435.14640643,478884.5410764792
616,9578.04733,0.0029340000000000004,714.99422740606,0.0,10293.038623406059,3533.72153162666,297867.06203257403,0.0,176213.14050619252,474080.20253876655,298449.3946700492,0.0,180435.14640643,478884.5410764792
617,9576.957814,0.0005300000000000001,0.0,1000.0,8576.957284,2533.72153162666,297867.06203257403,0.0,176213.14050619252,474080.20253876655,298449.3946700492,0.0,180435.14640643,478884.5410764792
618,9575.956854,0.0,0.0,1000.0,8575.956854,1533.72153162666,297867.06203257403,0.0,176213.14050619252,474080.20253876655,298449.3946700492,0.0,180435.14640643,478884.5410764792
619,9574.955893,0.0,0.0,836.021413459991,8738.93447954001,697.700118166666,297867.06203257403,0.0,176213.14050619252,474080.20253876655,298449.3946700492,0.0,180435.14640643,478884.5410764792
620,9573.954933,0.0,0.0,297.700118166666,9276.254814833335,400.0,297867.06203257403,0.0,176213.14050619252,474080.20253876655,298449.3946700492,0.0,180435.14640643,478884.5410764792
621,9572.953973,0.0,0.0,0.0,9572.953973,400.0,297867.06203257403,0.0,176213.14050619252,474080.20253876655,298449.3946700492,0.0,180435.14640643,478884.5410764792
622,9571.702184,0.0,0.0,0.0,9571.702184,400.0,297867.06203257403,0.0,176213.14050619252,474080.20253876655,298449.3946700492,0.0,180435.14640643,478884.5410764792
623,9570.300839,0.0,0.0,0.0,9570.300839,400.0,297867.06203257403,0.0,176213.14050619252,474080.20253876655,298449.3946700492,0.0,180435.14640643,478884.5410764792
624,9568.899495,0.0,0.0,0.0,9568.899495,400.0,297867.06203257403,0.0,176213.14050619252,474080.20253876655,298449.3946700492,0.0,180435.14640643,478884.5410764792
625,9567.498151,0.0,720.1883037394,0.0,10287.6864547394,1033.76570729067,297867.06203257403,0.0,176213.14050619252,474080.20253876655,298449.3946700492,0.0,180435.14640643,478884.5410764792
626,9566.096807,0.0,726.941816406059,0.0,10293.038623406059,1673.474505728,297867.06203257403,0.0,176213.14050619252,474080.20253876655,298449.3946700492,0.0,180435.14640643,478884.5410764792
627,9564.695462,0.0,728.343161406059,0.0,10293.038623406059,2314.41648776534,297867.06203257403,0.0,176213.14050619252,474080.20253876655,298449.3946700492,0.0,180435.14640643,478884.5410764792
628,9563.294118,0.0,729.744505406059,0.0,10293.038623406059,2956.59165252267,297867.06203257403,0.0,176213.14050619252,474080.20253876655,298449.3946700492,0.0,180435.14640643,478884.5410764792
629,9561.892774,0.0,731.145849406059,0.0,10293.038623406059,3600.0,297867.06203257403,0.0,176213.14050619252,474080.20253876655,298449.3946700492,0.0,180435.14640643,478884.5410764792
630,9560.491429,0.000191,0.0,1000.0,8560.491238,2600.0,297867.06203257403,0.0,176213.14050619252,474080.20253876655,298449.3946700492,0.0,180435.14640643,478884.5410764792
631,9559.090085,0.0044080000000000005,0.0,1000.0,8559.085677,1600.0,297867.06203257403,0.0,176213.14050619252,474080.20253876655,298449.3946700492,0.0,180435.14640643,478884.5410764792
632,9557.753155,0.0188,0.0,281.479540166665,9276.254814833335,1318.52045983333,297867.06203257403,0.0,176213.14050619252,474080.20253876655,298449.3946700492,0.0,180435.14640643,478884.5410764792
633,9556.552003,0.022651,0.0,280.274537166666,9276.254814833335,1038.24592266667,297867.06203257403,0.0,176213.14050619252,474080.20253876655,298449.3946700492,0.0,180435.14640643,478884.5410764792
634,9555.350851,0.028113,0.0,360.374384500004,9194.948353499994,677.871538166664,297867.06203257403,0.0,176213.14050619252,474080.20253876655,298449.3946700492,0.0,180435.14640643,478884.5410764792
635,9554.149699,0.023346000000000002,0.0,277.871538166664,9276.254814833335,400.0,297867.06203257403,0.0,176213.14050619252,474080.20253876655,298449.3946700492,0.0,180435.14640643,478884.5410764792
636,9552.948546,0.032427,665.2421637394,0.0,10218.1582827394,985.413104090672,297867.06203257403,0.0,176213.14050619252,474080.20253876655,298449.3946700492,0.0,180435.14640643,478884.5410764792
637,9551.781309,0.031269,741.288583406058,0.0,10293.038623406059,1637.747057488,297867.06203257403,0.0,176213.14050619252,474080.20253876655,298449.3946700492,0.0,180435.14640643,478884.5410764792
638,9550.780349,0.023382000000000003,742.281656406058,0.0,10293.038623406059,2290.95491512533,297867.06203257403,0.0,176213.14050619252,474080.20253876655,298449.3946700492,0.0,180435.14640643,478884.5410764792
639,9549.779389,0.020001,743.27923540606,0.0,10293.038623406059,2945.04064228267,297867.06203257403,0.0,176213.14050619252,474080.20253876655,298449.3946700492,0.0,180435.14640643,478884.5410764792
640,9548.778428,0.011802,744.27199740606,0.0,10293.038623406059,3600.0,297867.06203257403,0.0,176213.14050619252,474080.20253876655,298449.3946700492,0.0,180435.14640643,478884.5410764792
641,9547.777468,0.003023,0.0,1000.0,8547.774445000001,2600.0,297867.06203257403,0.0,176213.14050619252,474080.20253876655,298449.3946700492,0.0,180435.14640643,478884.5410764792
642,9546.773093,0.0,0.0,1000.0,8546.773093,1600.0,297867.06203257403,0.0,176213.14050619252,474080.20253876655,298449.3946700492,0.0,180435.14640643,478884.5410764792
643,9545.571941,0.0,0.0,931.884026833335,8613.687914166665,668.115973166665,297867.06203257403,0.0,176213.14050619252,474080.20253876655,298449.3946700492,0.0,180435.14640643,478884.5410764792
644,9544.370788,0.0,0.0,268.115973166665,9276.254814833335,400.0,297867.06203257403,0.0,176213.14050619252,474080.20253876655,298449.3946700492,0.0,180435.14640643,478884.5410764792
645,9543.169636,0.0,0.0,0.0,9543.169636,400.0,297867.06203257403,0.0,176213.14050619252,474080.20253876655,298449.3946700492,0.0,180435.14640643,478884.5410764792
646,9541.968484,0.0,0.0,0.0,9541.968484,400.0,297867.06203257403,0.0,176213.14050619252,474080.20253876655,298449.3946700492,0.0,180435.14640643,478884.5410764792
647,9540.767331,0.0,0.0,0.0,9540.767331,400.0,297867.06203257403,0.0,176213.14050619252,474080.20253876655,298449.3946700492,0.0,180435.14640643,478884.5410764792
648,9539.566179,0.0,0.0,0.0,9539.566179,400.0,297867.06203257403,0.0,176213.14050619252,474080.20253876655,298449.3946700492,0.0,180435.14640643,478884.5410764792
649,9538.365027,0.0,605.229905739401,0.0,10143.594932739401,932.602317050673,297867.06203257403,0.0,176213.14050619252,474080.20253876655,298449.3946700492,0.0,180435.14640643,478884.5410764792
650,9537.163875,0.0,755.874748406059,0.0,10293.038623406059,1597.772095648,297867.06203257403,0.0,176213.14050619252,474080.20253876655,298449.3946700492,0.0,180435.14640643,478884.5410764792
651,9535.962722,0.0,757.075901406059,0.0,10293.038623406059,2263.99888888534,297867.06203257403,0.0,176213.14050619252,474080.20253876655,298449.3946700492,0.0,180435.14640643,478884.5410764792
652,9534.76157,0.0,758.277053406058,0.0,10293.038623406059,2931.28269588267,297867.06203257403,0.0,176213.14050619252,474080.20253876655,298449.3946700492,0.0,180435.14640643,478884.5410764792
653,9533.132596,0.0,759.906027406059,0.0,10293.038623406059,3600.0,297867.06203257403,0.0,176213.14050619252,474080.20253876655,298449.3946700492,0.0,180435.14640643,478884.5410764792
654,9531.330867,0.000292,0.0,1000.0,8531.330575,2600.0,297867.06203257403,0.0,176213.14050619252,474080.20253876655,298449.3946700492,0.0,180435.14640643,478884.5410764792
655,9529.529139,0.007351,0.0,1000.0,8529.521788,1600.0,297867.06203257403,0.0,176213.14050619252,474080.20253876655,298449.3946700492,0.0,180435.14640643,478884.5410764792
656,9527.727411,0.021617,0.0,251.450979166664,9276.254814833335,1348.54902083334,297867.06203257403,0.0,176213.14050619252,474080.20253876655,298449.3946700492,0.0,180435.14640643,478884.5410764792
657,9525.925682,0.029748999999999998,0.0,249.641118166664,9276.254814833335,1098.90790266667,297867.06203257403,0.0,176213.14050619252,474080.20253876655,298449.3946700492,0.0,180435.14640643,478884.5410764792
658,9524.236061,0.037791,0.0,247.943455166664,9276.254814833335,850.964447500008,297867.06203257403,0.0,176213.14050619252,474080.20253876655,298449.3946700492,0.0,180435.14640643,478884.5410764792
659,9522.634525,0.041667,0.0,450.964447500008,9071.628410499992,400.0,297867.06203257403,0.0,176213.14050619252,474080.20253876655,298449.3946700492,0.0,180435.14640643,478884.5410764792
660,9521.032989,0.041457,532.946757739389,0.0,10053.93828973939,868.993146810662,297867.06203257403,0.0,176213.14050619252,474080.20253876655,298449.3946700492,0.0,180435.14640643,478884.5410764792
661,9519.431452,0.038891,773.646062406058,0.0,10293.038623406059,1549.80168172799,297867.06203257403,0.0,176213.14050619252,474080.20253876655,298449.3946700492,0.0,180435.14640643,478884.5410764792
662,9517.829916,0.033081000000000006,775.24178840607,0.0,10293.038623406072,2232.01445552534,297867.06203257403,0.0,176213.14050619252,474080.20253876655,298449.3946700492,0.0,180435.14640643,478884.5410764792
663,9516.391595,0.020624,776.66765240606,0.0,10293.038623406059,2915.48198964267,297867.06203257403,0.0,176213.14050619252,474080.20253876655,298449.3946700492,0.0,180435.14640643,478884.5410764792
664,9515.190443,0.013195,777.861375406059,0.0,10293.038623406059,3600.0,297867.06203257403,0.0,176213.14050619252,474080.20253876655,298449.3946700492,0.0,180435.14640643,478884.5410764792
665,9513.98929,0.002807,0.0,1000.0,8513.986482999999,2600.0,297867.06203257403,0.0,176213.14050619252,474080.20253876655,298449.3946700492,0.0,180435.14640643,478884.5410764792
666,9512.788138,0.0,0.0,1000.0,8512.788138,1600.0,297867.06203257403,0.0,176213.14050619252,474080.20253876655,298449.3946700492,0.0,180435.14640643,478884.5410764792
667,9511.586986,0.0,0.0,965.868980833335,8545.718005166666,634.131019166665,297867.06203257403,0.0,176213.14050619252,474080.20253876655,298449.3946700492,0.0,180435.14640643,478884.5410764792
668,9510.385834,0.0,0.0,234.131019166665,9276.254814833335,400.0,297867.06203257403,0.0,176213.14050619252,474080.20253876655,298449.3946700492,0.0,180435.14640643,478884.5410764792
669,9509.184681,0.0,246.870477369699,0.0,9756.0551583697,617.246020085335,297867.06203257403,0.0,176213.14050619252,474080.20253876655,298449.3946700492,0.0,180435.14640643,478884.5410764792
670,9507.983529,0.0,785.05509440606,0.0,10293.038623406059,1308.09450316267,297867.06203257403,0.0,176213.14050619252,474080.20253876655,298449.3946700492,0.0,180435.14640643,478884.5410764792
671,9506.782377,0.0,786.256246406059,0.0,10293.038623406059,2000.0,297867.06203257403,0.0,176213.14050619252,474080.20253876655,298449.3946700492,0.0,180435.14640643,478884.5410764792
