time,Pload,Ppv,Pcharge,Pdischarge,Ptotal,state of charge,energy_charge_with_es,nem_charge_with_es,demand_charge_with_es,total_bill_with_es,energy_charge_without_es,nem_charge_without_es,demand_charge_without_es,total_bill_without_es
0,9724.860285,0.0,0.0,0.0,9724.860285,2000.0,330456.41550159774,0.0,183672.06450560573,514128.48000720347,331036.63899357256,0.0,187959.2086468,518995.8476403726
1,9723.458941,0.0,0.0,0.0,9723.458941,2000.0,330456.41550159774,0.0,183672.06450560573,514128.48000720347,331036.63899357256,0.0,187959.2086468,518995.8476403726
2,9722.057596,0.0,0.0,0.0,9722.057596,2000.0,330456.41550159774,0.0,183672.06450560573,514128.48000720347,331036.63899357256,0.0,187959.2086468,518995.8476403726
3,9720.656252,0.0,0.0,0.0,9720.656252,2000.0,330456.41550159774,0.0,183672.06450560573,514128.48000720347,331036.63899357256,0.0,187959.2086468,518995.8476403726
4,9719.254908,0.0,827.164757321213,0.0,10546.419665321213,2727.90498644267,330456.41550159774,0.0,183672.06450560573,514128.48000720347,331036.63899357256,0.0,187959.2086468,518995.8476403726
5,9717.853563,0.0,991.017060860606,0.0,10708.870623860606,3600.0,330456.41550159774,0.0,183672.06450560573,514128.48000720347,331036.63899357256,0.0,187959.2086468,518995.8476403726
6,9716.452219,0.000728,0.0,1000.0,8716.451491,2600.0,330456.41550159774,0.0,183672.06450560573,514128.48000720347,331036.63899357256,0.0,187959.2086468,518995.8476403726
7,9715.050875,0.015692,0.0,1000.0,8715.035183,1600.0,330456.41550159774,0.0,183672.06450560573,514128.48000720347,331036.63899357256,0.0,187959.2086468,518995.8476403726
8,9713.64953,0.02451,0.0,1000.0,8713.625020000001,600.0,330456.41550159774,0.0,183672.06450560573,514128.48000720347,331036.63899357256,0.0,187959.2086468,518995.8476403726
9,9712.248186,0.034851,0.0,134.690364666667,9577.522970333333,465.309635333333,330456.41550159774,0.0,183672.06450560573,514128.48000720347,331036.63899357256,0.0,187959.2086468,518995.8476403726
10,9710.846842,0.040578,0.0,33.3560341666671,9677.450229833334,431.953601166666,330456.41550159774,0.0,183672.06450560573,514128.48000720347,331036.63899357256,0.0,187959.2086468,518995.8476403726
11,9709.445498,0.041667,0.0,31.953601166666,9677.450229833334,400.0,330456.41550159774,0.0,183672.06450560573,514128.48000720347,331036.63899357256,0.0,187959.2086468,518995.8476403726
12,9708.044153,0.041667,636.363636363636,0.0,10344.366122363637,960.0,330456.41550159774,0.0,183672.06450560573,514128.48000720347,331036.63899357256,0.0,187959.2086468,518995.8476403726
13,9706.642809,0.038833,0.0,0.0,9706.603976,960.0,330456.41550159774,0.0,183672.06450560573,514128.48000720347,331036.63899357256,0.0,187959.2086468,518995.8476403726
14,9705.241465,0.030195,1000.0,0.0,10705.21127,1840.0,330456.41550159774,0.0,183672.06450560573,514128.48000720347,331036.63899357256,0.0,187959.2086468,518995.8476403726
15,9703.84012,0.021021,1000.0,0.0,10703.819099,2720.0,330456.41550159774,0.0,183672.06450560573,514128.48000720347,331036.63899357256,0.0,187959.2086468,518995.8476403726
16,9702.601167,0.000901,1000.0,0.0,10702.600266000001,3600.0,330456.41550159774,0.0,183672.06450560573,514128.48000720347,331036.63899357256,0.0,187959.2086468,518995.8476403726
17,9701.400015,0.0,0.0,1000.0,8701.400015,2600.0,330456.41550159774,0.0,183672.06450560573,514128.48000720347,331036.63899357256,0.0,187959.2086468,518995.8476403726
18,9700.198863,0.0,0.0,1000.0,8700.198863,1600.0,330456.41550159774,0.0,183672.06450560573,514128.48000720347,331036.63899357256,0.0,187959.2086468,518995.8476403726
19,9698.99771,0.0,0.0,1000.0,8698.99771,600.0,330456.41550159774,0.0,183672.06450560573,514128.48000720347,331036.63899357256,0.0,187959.2086468,518995.8476403726
20,9697.796558,0.0,0.0,200.0,9497.796558,400.0,330456.41550159774,0.0,183672.06450560573,514128.48000720347,331036.63899357256,0.0,187959.2086468,518995.8476403726
21,9696.991079,0.0,0.0,0.0,9696.991079,400.0,330456.41550159774,0.0,183672.06450560573,514128.48000720347,331036.63899357256,0.0,187959.2086468,518995.8476403726
22,9696.390503,0.0,0.0,0.0,9696.390503,400.0,330456.41550159774,0.0,183672.06450560573,514128.48000720347,331036.63899357256,0.0,187959.2086468,518995.8476403726
23,9695.789927,0.0,0.0,0.0,9695.789927,400.0,330456.41550159774,0.0,183672.06450560573,514128.48000720347,331036.63899357256,0.0,187959.2086468,518995.8476403726
24,9695.189351,0.0,0.0,0.0,9695.189351,400.0,330456.41550159774,0.0,183672.06450560573,514128.48000720347,331036.63899357256,0.0,187959.2086468,518995.8476403726
25,9694.588775,0.0,0.0,0.0,9694.588775,400.0,330456.41550159774,0.0,183672.06450560573,514128.48000720347,331036.63899357256,0.0,187959.2086468,518995.8476403726
26,9693.988199,0.0,0.0,0.0,9693.988199,400.0,330456.41550159774,0.0,183672.06450560573,514128.48000720347,331036.63899357256,0.0,187959.2086468,518995.8476403726
27,9693.387623,0.0,0.0,0.0,9693.387623,400.0,330456.41550159774,0.0,183672.06450560573,514128.48000720347,331036.63899357256,0.0,187959.2086468,518995.8476403726
28,9692.787047,0.0,0.0,0.0,9692.787047,400.0,330456.41550159774,0.0,183672.06450560573,514128.48000720347,331036.63899357256,0.0,187959.2086468,518995.8476403726
29,9692.18647,0.0,0.0,0.0,9692.18647,400.0,330456.41550159774,0.0,183672.06450560573,514128.48000720347,331036.63899357256,0.0,187959.2086468,518995.8476403726
30,9691.585894,0.0,0.0,0.0,9691.585894,400.0,330456.41550159774,0.0,183672.06450560573,514128.48000720347,331036.63899357256,0.0,187959.2086468,518995.8476403726
31,9690.985318,0.000876,0.0,0.0,9690.984441999999,400.0,330456.41550159774,0.0,183672.06450560573,514128.48000720347,331036.63899357256,0.0,187959.2086468,518995.8476403726
32,9690.384742,0.009472,0.0,0.0,9690.37527,400.0,330456.41550159774,0.0,183672.06450560573,514128.48000720347,331036.63899357256,0.0,187959.2086468,518995.8476403726
33,9689.784166,0.007353,0.0,0.0,9689.776812999999,400.0,330456.41550159774,0.0,183672.06450560573,514128.48000720347,331036.63899357256,0.0,187959.2086468,518995.8476403726
34,9689.18359,0.024926,0.0,0.0,9689.158664,400.0,330456.41550159774,0.0,183672.06450560573,514128.48000720347,331036.63899357256,0.0,187959.2086468,518995.8476403726
35,9688.583014,0.035632,0.0,0.0,9688.547382,400.0,330456.41550159774,0.0,183672.06450560573,514128.48000720347,331036.63899357256,0.0,187959.2086468,518995.8476403726
36,9687.982437,0.038804000000000005,0.0,0.0,9687.943633,400.0,330456.41550159774,0.0,183672.06450560573,514128.48000720347,331036.63899357256,0.0,187959.2086468,518995.8476403726
37,9687.381861,0.035112000000000004,0.0,0.0,9687.346749,400.0,330456.41550159774,0.0,183672.06450560573,514128.48000720347,331036.63899357256,0.0,187959.2086468,518995.8476403726
38,9686.781285,0.030079,0.0,0.0,9686.751205999999,400.0,330456.41550159774,0.0,183672.06450560573,514128.48000720347,331036.63899357256,0.0,187959.2086468,518995.8476403726
39,9686.180709,0.019826,0.0,0.0,9686.160883,400.0,330456.41550159774,0.0,183672.06450560573,514128.48000720347,331036.63899357256,0.0,187959.2086468,518995.8476403726
40,9685.580133,0.00846,0.0,0.0,9685.571673,400.0,330456.41550159774,0.0,183672.06450560573,514128.48000720347,331036.63899357256,0.0,187959.2086468,518995.8476403726
41,9684.979557,0.0,0.0,0.0,9684.979557,400.0,330456.41550159774,0.0,183672.06450560573,514128.48000720347,331036.63899357256,0.0,187959.2086468,518995.8476403726
42,9684.378981,0.0,0.0,0.0,9684.378981,400.0,330456.41550159774,0.0,183672.06450560573,514128.48000720347,331036.63899357256,0.0,187959.2086468,518995.8476403726
43,9683.778405,0.0,0.0,0.0,9683.778405,400.0,330456.41550159774,0.0,183672.06450560573,514128.48000720347,331036.63899357256,0.0,187959.2086468,518995.8476403726
44,9683.177828,0.0,0.0,0.0,9683.177828,400.0,330456.41550159774,0.0,183672.06450560573,514128.48000720347,331036.63899357256,0.0,187959.2086468,518995.8476403726
45,9682.577252,0.0,0.0,0.0,9682.577252,400.0,330456.41550159774,0.0,183672.06450560573,514128.48000720347,331036.63899357256,0.0,187959.2086468,518995.8476403726
46,9681.976676,0.0,0.0,0.0,9681.976676,400.0,330456.41550159774,0.0,183672.06450560573,514128.48000720347,331036.63899357256,0.0,187959.2086468,518995.8476403726
47,9681.555684,0.0,0.0,0.0,9681.555684,400.0,330456.41550159774,0.0,183672.06450560573,514128.48000720347,331036.63899357256,0.0,187959.2086468,518995.8476403726
48,9681.1553,0.0,0.0,0.0,9681.1553,400.0,330456.41550159774,0.0,183672.06450560573,514128.48000720347,331036.63899357256,0.0,187959.2086468,518995.8476403726
49,9680.754916,0.0,0.0,0.0,9680.754916,400.0,330456.41550159774,0.0,183672.06450560573,514128.48000720347,331036.63899357256,0.0,187959.2086468,518995.8476403726
50,9680.354532,0.0,0.0,0.0,9680.354532,400.0,330456.41550159774,0.0,183672.06450560573,514128.48000720347,331036.63899357256,0.0,187959.2086468,518995.8476403726
51,9679.954148,0.0,0.0,0.0,9679.954148,400.0,330456.41550159774,0.0,183672.06450560573,514128.48000720347,331036.63899357256,0.0,187959.2086468,518995.8476403726
52,9679.553764,0.0,0.0,0.0,9679.553764,400.0,330456.41550159774,0.0,183672.06450560573,514128.48000720347,331036.63899357256,0.0,187959.2086468,518995.8476403726
53,9679.153379,0.0,0.0,0.0,9679.153379,400.0,330456.41550159774,0.0,183672.06450560573,514128.48000720347,331036.63899357256,0.0,187959.2086468,518995.8476403726
54,9678.752995,0.0,636.363636363636,0.0,10315.116631363637,960.0,330456.41550159774,0.0,183672.06450560573,514128.48000720347,331036.63899357256,0.0,187959.2086468,518995.8476403726
55,9678.352611,0.013706,0.0,0.0,9678.338905,960.0,330456.41550159774,0.0,183672.06450560573,514128.48000720347,331036.63899357256,0.0,187959.2086468,518995.8476403726
56,9677.952227,0.020651,0.0,0.0,9677.931575999999,960.0,330456.41550159774,0.0,183672.06450560573,514128.48000720347,331036.63899357256,0.0,187959.2086468,518995.8476403726
57,9677.551843,0.025428000000000003,0.0,0.0,9677.526414999998,960.0,330456.41550159774,0.0,183672.06450560573,514128.48000720347,331036.63899357256,0.0,187959.2086468,518995.8476403726
58,9677.151459,0.026956,0.0,0.0,9677.124503000001,960.0,330456.41550159774,0.0,183672.06450560573,514128.48000720347,331036.63899357256,0.0,187959.2086468,518995.8476403726
59,9676.751075,0.021477,0.0,0.0,9676.729598,960.0,330456.41550159774,0.0,183672.06450560573,514128.48000720347,331036.63899357256,0.0,187959.2086468,518995.8476403726
60,9676.350691,0.024864,0.0,0.0,9676.325826999999,960.0,330456.41550159774,0.0,183672.06450560573,514128.48000720347,331036.63899357256,0.0,187959.2086468,518995.8476403726
61,9675.950307,0.020518,0.0,0.0,9675.929789,960.0,330456.41550159774,0.0,183672.06450560573,514128.48000720347,331036.63899357256,0.0,187959.2086468,518995.8476403726
62,9675.726092,0.029075,0.0,0.0,9675.697017,960.0,330456.41550159774,0.0,183672.06450560573,514128.48000720347,331036.63899357256,0.0,187959.2086468,518995.8476403726
63,9675.726092,0.020283000000000002,0.0,0.0,9675.705809000001,960.0,330456.41550159774,0.0,183672.06450560573,514128.48000720347,331036.63899357256,0.0,187959.2086468,518995.8476403726
64,9675.726092,0.008574,0.0,0.0,9675.717518000001,960.0,330456.41550159774,0.0,183672.06450560573,514128.48000720347,331036.63899357256,0.0,187959.2086468,518995.8476403726
65,9675.726092,0.0,0.0,0.0,9675.726092,960.0,330456.41550159774,0.0,183672.06450560573,514128.48000720347,331036.63899357256,0.0,187959.2086468,518995.8476403726
66,9675.726092,0.0,0.0,0.0,9675.726092,960.0,330456.41550159774,0.0,183672.06450560573,514128.48000720347,331036.63899357256,0.0,187959.2086468,518995.8476403726
67,9675.726092,0.0,0.0,0.0,9675.726092,960.0,330456.41550159774,0.0,183672.06450560573,514128.48000720347,331036.63899357256,0.0,187959.2086468,518995.8476403726
68,9675.726092,0.0,0.0,0.0,9675.726092,960.0,330456.41550159774,0.0,183672.06450560573,514128.48000720347,331036.63899357256,0.0,187959.2086468,518995.8476403726
69,9675.726092,0.0,0.0,0.0,9675.726092,960.0,330456.41550159774,0.0,183672.06450560573,514128.48000720347,331036.63899357256,0.0,187959.2086468,518995.8476403726
70,9675.726092,0.0,0.0,0.0,9675.726092,960.0,330456.41550159774,0.0,183672.06450560573,514128.48000720347,331036.63899357256,0.0,187959.2086468,518995.8476403726
71,9675.726092,0.0,0.0,0.0,9675.726092,960.0,330456.41550159774,0.0,183672.06450560573,514128.48000720347,331036.63899357256,0.0,187959.2086468,518995.8476403726
72,9675.726092,0.0,0.0,0.0,9675.726092,960.0,330456.41550159774,0.0,183672.06450560573,514128.48000720347,331036.63899357256,0.0,187959.2086468,518995.8476403726
73,9675.726092,0.0,0.0,0.0,9675.726092,960.0,330456.41550159774,0.0,183672.06450560573,514128.48000720347,331036.63899357256,0.0,187959.2086468,518995.8476403726
74,9675.726092,0.0,0.0,0.0,9675.726092,960.0,330456.41550159774,0.0,183672.06450560573,514128.48000720347,331036.63899357256,0.0,187959.2086468,518995.8476403726
75,9675.726092,0.0,1000.0,0.0,10675.726092,1840.0,330456.41550159774,0.0,183672.06450560573,514128.48000720347,331036.63899357256,0.0,187959.2086468,518995.8476403726
76,9675.726092,0.0,1000.0,0.0,10675.726092,2720.0,330456.41550159774,0.0,183672.06450560573,514128.48000720347,331036.63899357256,0.0,187959.2086468,518995.8476403726
77,9675.726092,0.0,1000.0,0.0,10675.726092,3600.0,330456.41550159774,0.0,183672.06450560573,514128.48000720347,331036.63899357256,0.0,187959.2086468,518995.8476403726
78,9675.529315,0.0,0.0,1000.0,8675.529315,2600.0,330456.41550159774,0.0,183672.06450560573,514128.48000720347,331036.63899357256,0.0,187959.2086468,518995.8476403726
79,9675.329123,0.000946,0.0,1000.0,8675.328177,1600.0,330456.41550159774,0.0,183672.06450560573,514128.48000720347,331036.63899357256,0.0,187959.2086468,518995.8476403726
80,9675.128931,0.008573,0.0,1000.0,8675.120358,600.0,330456.41550159774,0.0,183672.06450560573,514128.48000720347,331036.63899357256,0.0,187959.2086468,518995.8476403726
81,9674.928739,0.005274,0.0,200.0,9474.923465000002,400.0,330456.41550159774,0.0,183672.06450560573,514128.48000720347,331036.63899357256,0.0,187959.2086468,518995.8476403726
82,9674.728546,0.005513,0.0,0.0,9674.723033,400.0,330456.41550159774,0.0,183672.06450560573,514128.48000720347,331036.63899357256,0.0,187959.2086468,518995.8476403726
83,9674.528354,0.004713,0.0,0.0,9674.523641,400.0,330456.41550159774,0.0,183672.06450560573,514128.48000720347,331036.63899357256,0.0,187959.2086468,518995.8476403726
84,9674.328162,0.008246,636.363636363636,0.0,10310.683552363636,960.0,330456.41550159774,0.0,183672.06450560573,514128.48000720347,331036.63899357256,0.0,187959.2086468,518995.8476403726
85,9674.12797,0.015503000000000001,0.0,0.0,9674.112466999999,960.0,330456.41550159774,0.0,183672.06450560573,514128.48000720347,331036.63899357256,0.0,187959.2086468,518995.8476403726
86,9673.927778,0.008544000000000001,1000.0,0.0,10673.919233999999,1840.0,330456.41550159774,0.0,183672.06450560573,514128.48000720347,331036.63899357256,0.0,187959.2086468,518995.8476403726
87,9673.727586,0.005058,1000.0,0.0,10673.722528,2720.0,330456.41550159774,0.0,183672.06450560573,514128.48000720347,331036.63899357256,0.0,187959.2086468,518995.8476403726
88,9673.527394,0.001957,1000.0,0.0,10673.525437,3600.0,330456.41550159774,0.0,183672.06450560573,514128.48000720347,331036.63899357256,0.0,187959.2086468,518995.8476403726
89,9673.327202,0.0,0.0,1000.0,8673.327202,2600.0,330456.41550159774,0.0,183672.06450560573,514128.48000720347,331036.63899357256,0.0,187959.2086468,518995.8476403726
90,9673.12701,0.0,0.0,1000.0,8673.12701,1600.0,330456.41550159774,0.0,183672.06450560573,514128.48000720347,331036.63899357256,0.0,187959.2086468,518995.8476403726
91,9672.926818,0.0,0.0,1000.0,8672.926818,600.0,330456.41550159774,0.0,183672.06450560573,514128.48000720347,331036.63899357256,0.0,187959.2086468,518995.8476403726
92,9672.726626,0.0,0.0,200.0,9472.726626,400.0,330456.41550159774,0.0,183672.06450560573,514128.48000720347,331036.63899357256,0.0,187959.2086468,518995.8476403726
93,9672.526434,0.0,636.363636363636,0.0,10308.890070363635,960.0,330456.41550159774,0.0,183672.06450560573,514128.48000720347,331036.63899357256,0.0,187959.2086468,518995.8476403726
94,9672.326242,0.0,0.0,0.0,9672.326242,960.0,330456.41550159774,0.0,183672.06450560573,514128.48000720347,331036.63899357256,0.0,187959.2086468,518995.8476403726
95,9672.12605,0.0,0.0,0.0,9672.12605,960.0,330456.41550159774,0.0,183672.06450560573,514128.48000720347,331036.63899357256,0.0,187959.2086468,518995.8476403726
96,9671.925858,0.0,0.0,0.0,9671.925858,960.0,330456.41550159774,0.0,183672.06450560573,514128.48000720347,331036.63899357256,0.0,187959.2086468,518995.8476403726
97,9671.725666,0.0,0.0,0.0,9671.725666,960.0,330456.41550159774,0.0,183672.06450560573,514128.48000720347,331036.63899357256,0.0,187959.2086468,518995.8476403726
98,9671.525474,0.0,0.0,0.0,9671.525474,960.0,330456.41550159774,0.0,183672.06450560573,514128.48000720347,331036.63899357256,0.0,187959.2086468,518995.8476403726
99,9671.325282,0.0,1000.0,0.0,10671.325282,1840.0,330456.41550159774,0.0,183672.06450560573,514128.48000720347,331036.63899357256,0.0,187959.2086468,518995.8476403726
100,9671.12509,0.0,1000.0,0.0,10671.12509,2720.0,330456.41550159774,0.0,183672.06450560573,514128.48000720347,331036.63899357256,0.0,187959.2086468,518995.8476403726
101,9670.924898,0.0,1000.0,0.0,10670.924898,3600.0,330456.41550159774,0.0,183672.06450560573,514128.48000720347,331036.63899357256,0.0,187959.2086468,518995.8476403726
102,9670.724706,0.0,0.0,1000.0,8670.724706,2600.0,330456.41550159774,0.0,183672.06450560573,514128.48000720347,331036.63899357256,0.0,187959.2086468,518995.8476403726
103,9670.568791,0.015955,0.0,1000.0,8670.552835999999,1600.0,330456.41550159774,0.0,183672.06450560573,514128.48000720347,331036.63899357256,0.0,187959.2086468,518995.8476403726
104,9670.568791,0.027485,0.0,1000.0,8670.541306,600.0,330456.41550159774,0.0,183672.06450560573,514128.48000720347,331036.63899357256,0.0,187959.2086468,518995.8476403726
105,9670.568791,0.035590000000000004,0.0,200.0,9470.533201,400.0,330456.41550159774,0.0,183672.06450560573,514128.48000720347,331036.63899357256,0.0,187959.2086468,518995.8476403726
106,9670.568791,0.039875,0.0,0.0,9670.528916,400.0,330456.41550159774,0.0,183672.06450560573,514128.48000720347,331036.63899357256,0.0,187959.2086468,518995.8476403726
107,9670.568791,0.040582,0.0,0.0,9670.528209,400.0,330456.41550159774,0.0,183672.06450560573,514128.48000720347,331036.63899357256,0.0,187959.2086468,518995.8476403726
108,9670.555013,0.041667,636.363636363636,0.0,10306.876982363636,960.0,330456.41550159774,0.0,183672.06450560573,514128.48000720347,331036.63899357256,0.0,187959.2086468,518995.8476403726
109,9670.354821,0.035369,0.0,0.0,9670.319452000002,960.0,330456.41550159774,0.0,183672.06450560573,514128.48000720347,331036.63899357256,0.0,187959.2086468,518995.8476403726
110,9670.154629,0.030686,1000.0,0.0,10670.123943,1840.0,330456.41550159774,0.0,183672.06450560573,514128.48000720347,331036.63899357256,0.0,187959.2086468,518995.8476403726
111,9669.954437,0.021181000000000002,1000.0,0.0,10669.933256,2720.0,330456.41550159774,0.0,183672.06450560573,514128.48000720347,331036.63899357256,0.0,187959.2086468,518995.8476403726
112,9669.754245,0.008337,1000.0,0.0,10669.745908,3600.0,330456.41550159774,0.0,183672.06450560573,514128.48000720347,331036.63899357256,0.0,187959.2086468,518995.8476403726
113,9669.554053,0.0,0.0,1000.0,8669.554053,2600.0,330456.41550159774,0.0,183672.06450560573,514128.48000720347,331036.63899357256,0.0,187959.2086468,518995.8476403726
114,9669.170391,0.0,0.0,1000.0,8669.170391,1600.0,330456.41550159774,0.0,183672.06450560573,514128.48000720347,331036.63899357256,0.0,187959.2086468,518995.8476403726
115,9668.770007,0.0,0.0,1000.0,8668.770007,600.0,330456.41550159774,0.0,183672.06450560573,514128.48000720347,331036.63899357256,0.0,187959.2086468,518995.8476403726
116,9668.369623,0.0,0.0,200.0,9468.369623,400.0,330456.41550159774,0.0,183672.06450560573,514128.48000720347,331036.63899357256,0.0,187959.2086468,518995.8476403726
117,9667.969239,0.0,636.363636363636,0.0,10304.332875363636,960.0,330456.41550159774,0.0,183672.06450560573,514128.48000720347,331036.63899357256,0.0,187959.2086468,518995.8476403726
118,9667.568855,0.0,0.0,0.0,9667.568855,960.0,330456.41550159774,0.0,183672.06450560573,514128.48000720347,331036.63899357256,0.0,187959.2086468,518995.8476403726
119,9667.474411,0.0,0.0,0.0,9667.474411,960.0,330456.41550159774,0.0,183672.06450560573,514128.48000720347,331036.63899357256,0.0,187959.2086468,518995.8476403726
120,9667.474411,0.0,0.0,0.0,9667.474411,960.0,330456.41550159774,0.0,183672.06450560573,514128.48000720347,331036.63899357256,0.0,187959.2086468,518995.8476403726
121,9667.474411,0.0,0.0,0.0,9667.474411,960.0,330456.41550159774,0.0,183672.06450560573,514128.48000720347,331036.63899357256,0.0,187959.2086468,518995.8476403726
122,9667.474411,0.0,0.0,0.0,9667.474411,960.0,330456.41550159774,0.0,183672.06450560573,514128.48000720347,331036.63899357256,0.0,187959.2086468,518995.8476403726
123,9667.474411,0.0,1000.0,0.0,10667.474411,1840.0,330456.41550159774,0.0,183672.06450560573,514128.48000720347,331036.63899357256,0.0,187959.2086468,518995.8476403726
124,9667.596882,0.0,1000.0,0.0,10667.596882,2720.0,330456.41550159774,0.0,183672.06450560573,514128.48000720347,331036.63899357256,0.0,187959.2086468,518995.8476403726
125,9667.797074,0.0,1000.0,0.0,10667.797074,3600.0,330456.41550159774,0.0,183672.06450560573,514128.48000720347,331036.63899357256,0.0,187959.2086468,518995.8476403726
126,9667.997266,0.0,0.0,1000.0,8667.997266,2600.0,330456.41550159774,0.0,183672.06450560573,514128.48000720347,331036.63899357256,0.0,187959.2086468,518995.8476403726
127,9668.197458,0.016174,0.0,1000.0,8668.181284,1600.0,330456.41550159774,0.0,183672.06450560573,514128.48000720347,331036.63899357256,0.0,187959.2086468,518995.8476403726
128,9668.39765,0.025789000000000003,0.0,1000.0,8668.371861000001,600.0,330456.41550159774,0.0,183672.06450560573,514128.48000720347,331036.63899357256,0.0,187959.2086468,518995.8476403726
129,9668.781783,0.032867,0.0,200.0,9468.748916,400.0,330456.41550159774,0.0,183672.06450560573,514128.48000720347,331036.63899357256,0.0,187959.2086468,518995.8476403726
130,9669.382359,0.035054,0.0,0.0,9669.347305,400.0,330456.41550159774,0.0,183672.06450560573,514128.48000720347,331036.63899357256,0.0,187959.2086468,518995.8476403726
131,9669.982935,0.039665,0.0,0.0,9669.94327,400.0,330456.41550159774,0.0,183672.06450560573,514128.48000720347,331036.63899357256,0.0,187959.2086468,518995.8476403726
132,9670.583511,0.03866,636.363636363636,0.0,10306.908487363637,960.0,330456.41550159774,0.0,183672.06450560573,514128.48000720347,331036.63899357256,0.0,187959.2086468,518995.8476403726
133,9671.184087,0.033568,0.0,0.0,9671.150518999999,960.0,330456.41550159774,0.0,183672.06450560573,514128.48000720347,331036.63899357256,0.0,187959.2086468,518995.8476403726
134,9672.092017,0.025285000000000002,1000.0,0.0,10672.066732000001,1840.0,330456.41550159774,0.0,183672.06450560573,514128.48000720347,331036.63899357256,0.0,187959.2086468,518995.8476403726
135,9673.693554,0.019703,1000.0,0.0,10673.673851,2720.0,330456.41550159774,0.0,183672.06450560573,514128.48000720347,331036.63899357256,0.0,187959.2086468,518995.8476403726
136,9675.29509,0.007575999999999999,1000.0,0.0,10675.287514,3600.0,330456.41550159774,0.0,183672.06450560573,514128.48000720347,331036.63899357256,0.0,187959.2086468,518995.8476403726
137,9676.896626,0.0,0.0,1000.0,8676.896626,2600.0,330456.41550159774,0.0,183672.06450560573,514128.48000720347,331036.63899357256,0.0,187959.2086468,518995.8476403726
138,9678.498163,0.0,0.0,1000.0,8678.498163,1600.0,330456.41550159774,0.0,183672.06450560573,514128.48000720347,331036.63899357256,0.0,187959.2086468,518995.8476403726
139,9680.13067,0.0,0.0,1000.0,8680.13067,600.0,330456.41550159774,0.0,183672.06450560573,514128.48000720347,331036.63899357256,0.0,187959.2086468,518995.8476403726
140,9681.932398,0.0,0.0,200.0,9481.932398,400.0,330456.41550159774,0.0,183672.06450560573,514128.48000720347,331036.63899357256,0.0,187959.2086468,518995.8476403726
141,9683.734127,0.0,636.363636363636,0.0,10320.097763363636,960.0,330456.41550159774,0.0,183672.06450560573,514128.48000720347,331036.63899357256,0.0,187959.2086468,518995.8476403726
142,9685.535855,0.0,0.0,0.0,9685.535855,960.0,330456.41550159774,0.0,183672.06450560573,514128.48000720347,331036.63899357256,0.0,187959.2086468,518995.8476403726
143,9687.337584,0.0,0.0,0.0,9687.337584,960.0,330456.41550159774,0.0,183672.06450560573,514128.48000720347,331036.63899357256,0.0,187959.2086468,518995.8476403726
144,9689.138841,0.0,0.0,0.0,9689.138841,960.0,330456.41550159774,0.0,183672.06450560573,514128.48000720347,331036.63899357256,0.0,187959.2086468,518995.8476403726
145,9690.740377,0.0,0.0,0.0,9690.740377,960.0,330456.41550159774,0.0,183672.06450560573,514128.48000720347,331036.63899357256,0.0,187959.2086468,518995.8476403726
146,9692.341914,0.0,0.0,0.0,9692.341914,960.0,330456.41550159774,0.0,183672.06450560573,514128.48000720347,331036.63899357256,0.0,187959.2086468,518995.8476403726
147,9693.94345,0.0,1000.0,0.0,10693.94345,1840.0,330456.41550159774,0.0,183672.06450560573,514128.48000720347,331036.63899357256,0.0,187959.2086468,518995.8476403726
148,9695.544986,0.0,1000.0,0.0,10695.544986,2720.0,330456.41550159774,0.0,183672.06450560573,514128.48000720347,331036.63899357256,0.0,187959.2086468,518995.8476403726
149,9697.146523,0.0,1000.0,0.0,10697.146523,3600.0,330456.41550159774,0.0,183672.06450560573,514128.48000720347,331036.63899357256,0.0,187959.2086468,518995.8476403726
150,9698.577896,0.0,0.0,1000.0,8698.577896,2600.0,330456.41550159774,0.0,183672.06450560573,514128.48000720347,331036.63899357256,0.0,187959.2086468,518995.8476403726
151,9699.97924,0.013616,0.0,1000.0,8699.965624,1600.0,330456.41550159774,0.0,183672.06450560573,514128.48000720347,331036.63899357256,0.0,187959.2086468,518995.8476403726
152,9701.380584,0.025701,0.0,1000.0,8701.354883,600.0,330456.41550159774,0.0,183672.06450560573,514128.48000720347,331036.63899357256,0.0,187959.2086468,518995.8476403726
153,9702.781929,0.031622,0.0,25.3000771666666,9677.450229833334,574.699922833333,330456.41550159774,0.0,183672.06450560573,514128.48000720347,331036.63899357256,0.0,187959.2086468,518995.8476403726
154,9704.183273,0.038366,0.0,145.348108666667,9558.796798333333,429.351814166666,330456.41550159774,0.0,183672.06450560573,514128.48000720347,331036.63899357256,0.0,187959.2086468,518995.8476403726
155,9706.841588,0.039543999999999996,0.0,29.3518141666664,9677.450229833334,400.0,330456.41550159774,0.0,183672.06450560573,514128.48000720347,331036.63899357256,0.0,187959.2086468,518995.8476403726
156,9710.044661,0.038383,668.994271781813,0.0,10379.000549781813,988.714959167995,330456.41550159774,0.0,183672.06450560573,514128.48000720347,331036.63899357256,0.0,187959.2086468,518995.8476403726
157,9713.247733,0.034717,0.0,0.0,9713.213016,988.714959167995,330456.41550159774,0.0,183672.06450560573,514128.48000720347,331036.63899357256,0.0,187959.2086468,518995.8476403726
158,9716.450806,0.024463000000000002,992.444280860605,0.0,10708.870623860606,1862.06592632533,330456.41550159774,0.0,183672.06450560573,514128.48000720347,331036.63899357256,0.0,187959.2086468,518995.8476403726
159,9719.653879,0.016156,989.232900860607,0.0,10708.870623860606,2732.59087908266,330456.41550159774,0.0,183672.06450560573,514128.48000720347,331036.63899357256,0.0,187959.2086468,518995.8476403726
160,9723.184442,0.006001,985.692182860606,0.0,10708.870623860606,3600.0,330456.41550159774,0.0,183672.06450560573,514128.48000720347,331036.63899357256,0.0,187959.2086468,518995.8476403726
161,9726.988091,0.0,0.0,1000.0,8726.988091,2600.0,330456.41550159774,0.0,183672.06450560573,514128.48000720347,331036.63899357256,0.0,187959.2086468,518995.8476403726
162,9730.79174,0.0,0.0,1000.0,8730.79174,1600.0,330456.41550159774,0.0,183672.06450560573,514128.48000720347,331036.63899357256,0.0,187959.2086468,518995.8476403726
163,9734.595389,0.0,0.0,1000.0,8734.595389,600.0,330456.41550159774,0.0,183672.06450560573,514128.48000720347,331036.63899357256,0.0,187959.2086468,518995.8476403726
164,9738.399037,0.0,0.0,200.0,9538.399037,400.0,330456.41550159774,0.0,183672.06450560573,514128.48000720347,331036.63899357256,0.0,187959.2086468,518995.8476403726
165,9742.045359,0.0,804.665113781812,0.0,10546.710472781811,1108.10530012799,330456.41550159774,0.0,183672.06450560573,514128.48000720347,331036.63899357256,0.0,187959.2086468,518995.8476403726
166,9745.448624,0.0,0.0,0.0,9745.448624,1108.10530012799,330456.41550159774,0.0,183672.06450560573,514128.48000720347,331036.63899357256,0.0,187959.2086468,518995.8476403726
167,9748.851888,0.0,0.0,0.0,9748.851888,1108.10530012799,330456.41550159774,0.0,183672.06450560573,514128.48000720347,331036.63899357256,0.0,187959.2086468,518995.8476403726
168,9752.255153,0.0,0.0,0.0,9752.255153,1108.10530012799,330456.41550159774,0.0,183672.06450560573,514128.48000720347,331036.63899357256,0.0,187959.2086468,518995.8476403726
169,9755.658418,0.0,0.0,0.0,9755.658418,1108.10530012799,330456.41550159774,0.0,183672.06450560573,514128.48000720347,331036.63899357256,0.0,187959.2086468,518995.8476403726
170,9758.965355,0.0,0.0,0.0,9758.965355,1108.10530012799,330456.41550159774,0.0,183672.06450560573,514128.48000720347,331036.63899357256,0.0,187959.2086468,518995.8476403726
171,9761.968236,0.0,946.902387860606,0.0,10708.870623860606,1941.37940144533,330456.41550159774,0.0,183672.06450560573,514128.48000720347,331036.63899357256,0.0,187959.2086468,518995.8476403726
172,9764.971116,0.0,943.899507860606,0.0,10708.870623860606,2772.01096836266,330456.41550159774,0.0,183672.06450560573,514128.48000720347,331036.63899357256,0.0,187959.2086468,518995.8476403726
173,9767.973997,0.0,940.896626860607,0.0,10708.870623860606,3600.0,330456.41550159774,0.0,183672.06450560573,514128.48000720347,331036.63899357256,0.0,187959.2086468,518995.8476403726
174,9770.976878,0.0,0.0,1000.0,8770.976878,2600.0,330456.41550159774,0.0,183672.06450560573,514128.48000720347,331036.63899357256,0.0,187959.2086468,518995.8476403726
175,9773.926766,0.000944,0.0,1000.0,8773.925822000001,1600.0,330456.41550159774,0.0,183672.06450560573,514128.48000720347,331036.63899357256,0.0,187959.2086468,518995.8476403726
176,9776.329071,0.002007,0.0,98.8768341666673,9677.450229833334,1501.12316583333,330456.41550159774,0.0,183672.06450560573,514128.48000720347,331036.63899357256,0.0,187959.2086468,518995.8476403726
177,9778.731375,0.002847,0.0,101.278298166666,9677.450229833334,1399.84486766667,330456.41550159774,0.0,183672.06450560573,514128.48000720347,331036.63899357256,0.0,187959.2086468,518995.8476403726
178,9781.13368,0.032515,0.0,893.7752055,8887.3259595,506.069662166667,330456.41550159774,0.0,183672.06450560573,514128.48000720347,331036.63899357256,0.0,187959.2086468,518995.8476403726
179,9783.535984,0.016092,0.0,106.069662166667,9677.450229833334,400.0,330456.41550159774,0.0,183672.06450560573,514128.48000720347,331036.63899357256,0.0,187959.2086468,518995.8476403726
180,9785.938289,0.003872,903.275462781814,0.0,10689.209879781814,1194.882407248,330456.41550159774,0.0,183672.06450560573,514128.48000720347,331036.63899357256,0.0,187959.2086468,518995.8476403726
181,9789.839443,0.025591000000000003,0.0,0.0,9789.813852000001,1194.882407248,330456.41550159774,0.0,183672.06450560573,514128.48000720347,331036.63899357256,0.0,187959.2086468,518995.8476403726
182,9793.843284,0.014035,915.041374860606,0.0,10708.870623860606,2000.11881712533,330456.41550159774,0.0,183672.06450560573,514128.48000720347,331036.63899357256,0.0,187959.2086468,518995.8476403726
183,9797.847125,0.0024590000000000002,911.025957860606,0.0,10708.870623860606,2801.82166004266,330456.41550159774,0.0,183672.06450560573,514128.48000720347,331036.63899357256,0.0,187959.2086468,518995.8476403726
184,9801.850966,0.001183,907.020840860607,0.0,10708.870623860606,3600.0,330456.41550159774,0.0,183672.06450560573,514128.48000720347,331036.63899357256,0.0,187959.2086468,518995.8476403726
185,9805.854807,0.0,0.0,1000.0,8805.854807,2600.0,330456.41550159774,0.0,183672.06450560573,514128.48000720347,331036.63899357256,0.0,187959.2086468,518995.8476403726
186,9809.388078,0.0,0.0,1000.0,8809.388078,1600.0,330456.41550159774,0.0,183672.06450560573,514128.48000720347,331036.63899357256,0.0,187959.2086468,518995.8476403726
187,9812.791343,0.0,0.0,1000.0,8812.791343,600.000000000002,330456.41550159774,0.0,183672.06450560573,514128.48000720347,331036.63899357256,0.0,187959.2086468,518995.8476403726
188,9816.194608,0.0,0.0,200.000000000002,9616.194607999998,400.0,330456.41550159774,0.0,183672.06450560573,514128.48000720347,331036.63899357256,0.0,187959.2086468,518995.8476403726
189,9819.597873,0.0,0.0,0.0,9819.597873,400.0,330456.41550159774,0.0,183672.06450560573,514128.48000720347,331036.63899357256,0.0,187959.2086468,518995.8476403726
190,9823.001137,0.0,0.0,0.0,9823.001137,400.0,330456.41550159774,0.0,183672.06450560573,514128.48000720347,331036.63899357256,0.0,187959.2086468,518995.8476403726
191,9826.783472,0.0,0.0,0.0,9826.783472,400.0,330456.41550159774,0.0,183672.06450560573,514128.48000720347,331036.63899357256,0.0,187959.2086468,518995.8476403726
192,9830.787313,0.0,0.0,0.0,9830.787313,400.0,330456.41550159774,0.0,183672.06450560573,514128.48000720347,331036.63899357256,0.0,187959.2086468,518995.8476403726
193,9834.791154,0.0,0.0,0.0,9834.791154,400.0,330456.41550159774,0.0,183672.06450560573,514128.48000720347,331036.63899357256,0.0,187959.2086468,518995.8476403726
194,9838.794994,0.0,0.0,0.0,9838.794994,400.0,330456.41550159774,0.0,183672.06450560573,514128.48000720347,331036.63899357256,0.0,187959.2086468,518995.8476403726
195,9842.798835,0.0,0.0,0.0,9842.798835,400.0,330456.41550159774,0.0,183672.06450560573,514128.48000720347,331036.63899357256,0.0,187959.2086468,518995.8476403726
196,9846.898533,0.0,0.0,0.0,9846.898533,400.0,330456.41550159774,0.0,183672.06450560573,514128.48000720347,331036.63899357256,0.0,187959.2086468,518995.8476403726
197,9851.102566,0.0,0.0,0.0,9851.102566,400.0,330456.41550159774,0.0,183672.06450560573,514128.48000720347,331036.63899357256,0.0,187959.2086468,518995.8476403726
198,9855.306599,0.0,0.0,0.0,9855.306599,400.0,330456.41550159774,0.0,183672.06450560573,514128.48000720347,331036.63899357256,0.0,187959.2086468,518995.8476403726
199,9859.510632,0.012228,0.0,0.0,9859.498404,400.0,330456.41550159774,0.0,183672.06450560573,514128.48000720347,331036.63899357256,0.0,187959.2086468,518995.8476403726
200,9863.714665,0.019902000000000003,0.0,0.0,9863.694763,400.0,330456.41550159774,0.0,183672.06450560573,514128.48000720347,331036.63899357256,0.0,187959.2086468,518995.8476403726
201,9867.65727,0.0061719999999999995,0.0,0.0,9867.651098,400.0,330456.41550159774,0.0,183672.06450560573,514128.48000720347,331036.63899357256,0.0,187959.2086468,518995.8476403726
202,9871.060535,0.007401,0.0,0.0,9871.053134,400.0,330456.41550159774,0.0,183672.06450560573,514128.48000720347,331036.63899357256,0.0,187959.2086468,518995.8476403726
203,9874.4638,0.008528,0.0,0.0,9874.455272,400.0,330456.41550159774,0.0,183672.06450560573,514128.48000720347,331036.63899357256,0.0,187959.2086468,518995.8476403726
204,9877.867065,0.007941,0.0,0.0,9877.859124,400.0,330456.41550159774,0.0,183672.06450560573,514128.48000720347,331036.63899357256,0.0,187959.2086468,518995.8476403726
205,9881.270329,0.006900000000000001,0.0,0.0,9881.263429,400.0,330456.41550159774,0.0,183672.06450560573,514128.48000720347,331036.63899357256,0.0,187959.2086468,518995.8476403726
206,9884.464452,0.005266,0.0,0.0,9884.459186,400.0,330456.41550159774,0.0,183672.06450560573,514128.48000720347,331036.63899357256,0.0,187959.2086468,518995.8476403726
207,9886.666565,0.00314,0.0,0.0,9886.663424999999,400.0,330456.41550159774,0.0,183672.06450560573,514128.48000720347,331036.63899357256,0.0,187959.2086468,518995.8476403726
208,9888.868677,0.000521,0.0,0.0,9888.868156,400.0,330456.41550159774,0.0,183672.06450560573,514128.48000720347,331036.63899357256,0.0,187959.2086468,518995.8476403726
209,9891.07079,0.0,0.0,0.0,9891.07079,400.0,330456.41550159774,0.0,183672.06450560573,514128.48000720347,331036.63899357256,0.0,187959.2086468,518995.8476403726
210,9893.272902,0.0,0.0,0.0,9893.272902,400.0,330456.41550159774,0.0,183672.06450560573,514128.48000720347,331036.63899357256,0.0,187959.2086468,518995.8476403726
211,9895.488086,0.0,0.0,0.0,9895.488086,400.0,330456.41550159774,0.0,183672.06450560573,514128.48000720347,331036.63899357256,0.0,187959.2086468,518995.8476403726
212,9898.290775,0.0,0.0,0.0,9898.290775,400.0,330456.41550159774,0.0,183672.06450560573,514128.48000720347,331036.63899357256,0.0,187959.2086468,518995.8476403726
213,9901.093463,0.0,0.0,0.0,9901.093463,400.0,330456.41550159774,0.0,183672.06450560573,514128.48000720347,331036.63899357256,0.0,187959.2086468,518995.8476403726
214,9903.896152,0.0,0.0,0.0,9903.896152,400.0,330456.41550159774,0.0,183672.06450560573,514128.48000720347,331036.63899357256,0.0,187959.2086468,518995.8476403726
215,9906.698841,0.0,0.0,0.0,9906.698841,400.0,330456.41550159774,0.0,183672.06450560573,514128.48000720347,331036.63899357256,0.0,187959.2086468,518995.8476403726
216,9909.501529,0.0,0.0,0.0,9909.501529,400.0,330456.41550159774,0.0,183672.06450560573,514128.48000720347,331036.63899357256,0.0,187959.2086468,518995.8476403726
217,9913.696612,0.0,0.0,0.0,9913.696612,400.0,330456.41550159774,0.0,183672.06450560573,514128.48000720347,331036.63899357256,0.0,187959.2086468,518995.8476403726
218,9918.100837,0.0,0.0,0.0,9918.100837,400.0,330456.41550159774,0.0,183672.06450560573,514128.48000720347,331036.63899357256,0.0,187959.2086468,518995.8476403726
219,9922.505062,0.0,0.0,0.0,9922.505062,400.0,330456.41550159774,0.0,183672.06450560573,514128.48000720347,331036.63899357256,0.0,187959.2086468,518995.8476403726
220,9926.909287,0.0,0.0,0.0,9926.909287,400.0,330456.41550159774,0.0,183672.06450560573,514128.48000720347,331036.63899357256,0.0,187959.2086468,518995.8476403726
221,9931.313512,0.0,0.0,0.0,9931.313512,400.0,330456.41550159774,0.0,183672.06450560573,514128.48000720347,331036.63899357256,0.0,187959.2086468,518995.8476403726
222,9935.574188,0.0,0.0,0.0,9935.574188,400.0,330456.41550159774,0.0,183672.06450560573,514128.48000720347,331036.63899357256,0.0,187959.2086468,518995.8476403726
223,9939.778221,0.0014990000000000001,0.0,0.0,9939.776722,400.0,330456.41550159774,0.0,183672.06450560573,514128.48000720347,331036.63899357256,0.0,187959.2086468,518995.8476403726
224,9943.982254,0.004366,0.0,0.0,9943.977888000001,400.0,330456.41550159774,0.0,183672.06450560573,514128.48000720347,331036.63899357256,0.0,187959.2086468,518995.8476403726
225,9948.186287,0.006373,0.0,0.0,9948.179914,400.0,330456.41550159774,0.0,183672.06450560573,514128.48000720347,331036.63899357256,0.0,187959.2086468,518995.8476403726
226,9952.390319,0.0076170000000000005,0.0,0.0,9952.382702,400.0,330456.41550159774,0.0,183672.06450560573,514128.48000720347,331036.63899357256,0.0,187959.2086468,518995.8476403726
227,9956.481303,0.008708,0.0,0.0,9956.472595000001,400.0,330456.41550159774,0.0,183672.06450560573,514128.48000720347,331036.63899357256,0.0,187959.2086468,518995.8476403726
228,9960.485144,0.008194000000000002,0.0,0.0,9960.47695,400.0,330456.41550159774,0.0,183672.06450560573,514128.48000720347,331036.63899357256,0.0,187959.2086468,518995.8476403726
229,9964.488985,0.00715,0.0,0.0,9964.481835,400.0,330456.41550159774,0.0,183672.06450560573,514128.48000720347,331036.63899357256,0.0,187959.2086468,518995.8476403726
230,9968.492825,0.0054139999999999995,0.0,0.0,9968.487411,400.0,330456.41550159774,0.0,183672.06450560573,514128.48000720347,331036.63899357256,0.0,187959.2086468,518995.8476403726
231,9972.496666,0.003238,0.0,0.0,9972.493428,400.0,330456.41550159774,0.0,183672.06450560573,514128.48000720347,331036.63899357256,0.0,187959.2086468,518995.8476403726
232,9976.995806,0.000509,0.0,0.0,9976.995297000001,400.0,330456.41550159774,0.0,183672.06450560573,514128.48000720347,331036.63899357256,0.0,187959.2086468,518995.8476403726
233,9982.200799,0.0,0.0,0.0,9982.200799,400.0,330456.41550159774,0.0,183672.06450560573,514128.48000720347,331036.63899357256,0.0,187959.2086468,518995.8476403726
234,9987.405792,0.0,0.0,0.0,9987.405792,400.0,330456.41550159774,0.0,183672.06450560573,514128.48000720347,331036.63899357256,0.0,187959.2086468,518995.8476403726
235,9992.610785,0.0,0.0,0.0,9992.610785,400.0,330456.41550159774,0.0,183672.06450560573,514128.48000720347,331036.63899357256,0.0,187959.2086468,518995.8476403726
236,9997.815779,0.0,0.0,0.0,9997.815779,400.0,330456.41550159774,0.0,183672.06450560573,514128.48000720347,331036.63899357256,0.0,187959.2086468,518995.8476403726
237,10002.29207,0.0,0.0,0.0,10002.29207,400.0,330456.41550159774,0.0,183672.06450560573,514128.48000720347,331036.63899357256,0.0,187959.2086468,518995.8476403726
238,10004.69438,0.0,0.0,0.0,10004.69438,400.0,330456.41550159774,0.0,183672.06450560573,514128.48000720347,331036.63899357256,0.0,187959.2086468,518995.8476403726
239,10007.09668,0.0,0.0,0.0,10007.09668,400.0,330456.41550159774,0.0,183672.06450560573,514128.48000720347,331036.63899357256,0.0,187959.2086468,518995.8476403726
240,10009.49899,0.0,0.0,0.0,10009.49899,400.0,330456.41550159774,0.0,183672.06450560573,514128.48000720347,331036.63899357256,0.0,187959.2086468,518995.8476403726
241,10011.90129,0.0,0.0,0.0,10011.90129,400.0,330456.41550159774,0.0,183672.06450560573,514128.48000720347,331036.63899357256,0.0,187959.2086468,518995.8476403726
242,10014.476,0.0,0.0,0.0,10014.476,400.0,330456.41550159774,0.0,183672.06450560573,514128.48000720347,331036.63899357256,0.0,187959.2086468,518995.8476403726
243,10018.47984,0.0,0.0,0.0,10018.47984,400.0,330456.41550159774,0.0,183672.06450560573,514128.48000720347,331036.63899357256,0.0,187959.2086468,518995.8476403726
244,10022.48368,0.0,593.719887060605,0.0,10616.203567060604,922.473500613332,330456.41550159774,0.0,183672.06450560573,514128.48000720347,331036.63899357256,0.0,187959.2086468,518995.8476403726
245,10026.48752,0.0,0.0,0.0,10026.48752,922.473500613332,330456.41550159774,0.0,183672.06450560573,514128.48000720347,331036.63899357256,0.0,187959.2086468,518995.8476403726
246,10030.49136,0.0,0.0,0.0,10030.49136,922.473500613332,330456.41550159774,0.0,183672.06450560573,514128.48000720347,331036.63899357256,0.0,187959.2086468,518995.8476403726
247,10034.4952,0.0015249999999999999,0.0,0.0,10034.493675,922.473500613332,330456.41550159774,0.0,183672.06450560573,514128.48000720347,331036.63899357256,0.0,187959.2086468,518995.8476403726
248,10038.3078,0.0064139999999999996,0.0,0.0,10038.301386000001,922.473500613332,330456.41550159774,0.0,183672.06450560573,514128.48000720347,331036.63899357256,0.0,187959.2086468,518995.8476403726
249,10042.11145,0.017998999999999998,0.0,0.0,10042.093451,922.473500613332,330456.41550159774,0.0,183672.06450560573,514128.48000720347,331036.63899357256,0.0,187959.2086468,518995.8476403726
250,10045.9151,0.0332,0.0,0.0,10045.8819,922.473500613332,330456.41550159774,0.0,183672.06450560573,514128.48000720347,331036.63899357256,0.0,187959.2086468,518995.8476403726
251,10049.71875,0.0041340000000000005,0.0,0.0,10049.714616,922.473500613332,330456.41550159774,0.0,183672.06450560573,514128.48000720347,331036.63899357256,0.0,187959.2086468,518995.8476403726
252,10053.52239,0.023848,0.0,0.0,10053.498542,922.473500613332,330456.41550159774,0.0,183672.06450560573,514128.48000720347,331036.63899357256,0.0,187959.2086468,518995.8476403726
253,10057.1653,0.036058,0.0,0.0,10057.129242,922.473500613332,330456.41550159774,0.0,183672.06450560573,514128.48000720347,331036.63899357256,0.0,187959.2086468,518995.8476403726
254,10060.76876,0.006669,0.0,0.0,10060.762091,922.473500613332,330456.41550159774,0.0,183672.06450560573,514128.48000720347,331036.63899357256,0.0,187959.2086468,518995.8476403726
255,10064.37221,0.019051,0.0,0.0,10064.353159,922.473500613332,330456.41550159774,0.0,183672.06450560573,514128.48000720347,331036.63899357256,0.0,187959.2086468,518995.8476403726
256,10067.97567,0.007405,0.0,0.0,10067.968265,922.473500613332,330456.41550159774,0.0,183672.06450560573,514128.48000720347,331036.63899357256,0.0,187959.2086468,518995.8476403726
257,10071.57913,0.0,0.0,0.0,10071.57913,922.473500613332,330456.41550159774,0.0,183672.06450560573,514128.48000720347,331036.63899357256,0.0,187959.2086468,518995.8476403726
258,10075.18258,0.0,0.0,0.0,10075.18258,922.473500613332,330456.41550159774,0.0,183672.06450560573,514128.48000720347,331036.63899357256,0.0,187959.2086468,518995.8476403726
259,10078.78604,0.0,0.0,0.0,10078.78604,922.473500613332,330456.41550159774,0.0,183672.06450560573,514128.48000720347,331036.63899357256,0.0,187959.2086468,518995.8476403726
260,10082.3895,0.0,0.0,0.0,10082.3895,922.473500613332,330456.41550159774,0.0,183672.06450560573,514128.48000720347,331036.63899357256,0.0,187959.2086468,518995.8476403726
261,10085.99296,0.0,0.0,0.0,10085.99296,922.473500613332,330456.41550159774,0.0,183672.06450560573,514128.48000720347,331036.63899357256,0.0,187959.2086468,518995.8476403726
262,10089.59641,0.0,0.0,0.0,10089.59641,922.473500613332,330456.41550159774,0.0,183672.06450560573,514128.48000720347,331036.63899357256,0.0,187959.2086468,518995.8476403726
263,10092.40193,0.0,0.0,0.0,10092.40193,922.473500613332,330456.41550159774,0.0,183672.06450560573,514128.48000720347,331036.63899357256,0.0,187959.2086468,518995.8476403726
264,10094.40385,0.0,0.0,0.0,10094.40385,922.473500613332,330456.41550159774,0.0,183672.06450560573,514128.48000720347,331036.63899357256,0.0,187959.2086468,518995.8476403726
265,10096.40577,0.0,612.464853860607,0.0,10708.870623860606,1461.44257201067,330456.41550159774,0.0,183672.06450560573,514128.48000720347,331036.63899357256,0.0,187959.2086468,518995.8476403726
266,10098.40769,0.0,610.462933860606,0.0,10708.870623860606,1998.649953808,330456.41550159774,0.0,183672.06450560573,514128.48000720347,331036.63899357256,0.0,187959.2086468,518995.8476403726
267,10100.40961,0.0,608.461013860606,0.0,10708.870623860606,2534.09564600533,330456.41550159774,0.0,183672.06450560573,514128.48000720347,331036.63899357256,0.0,187959.2086468,518995.8476403726
268,10102.34229,0.0,606.528333860606,0.0,10708.870623860606,3067.84057980267,330456.41550159774,0.0,183672.06450560573,514128.48000720347,331036.63899357256,0.0,187959.2086468,518995.8476403726
269,10104.14401,0.0,604.726613860606,0.0,10708.870623860606,3600.0,330456.41550159774,0.0,183672.06450560573,514128.48000720347,331036.63899357256,0.0,187959.2086468,518995.8476403726
270,10105.94574,0.0,0.0,1000.0,9105.94574,2600.0,330456.41550159774,0.0,183672.06450560573,514128.48000720347,331036.63899357256,0.0,187959.2086468,518995.8476403726
271,10107.74747,0.013014,0.0,459.491377333334,9648.243078666666,2140.50862266667,330456.41550159774,0.0,183672.06450560573,514128.48000720347,331036.63899357256,0.0,187959.2086468,518995.8476403726
272,10109.5492,0.025308,0.0,432.073662166666,9677.450229833334,1708.4349605,330456.41550159774,0.0,183672.06450560573,514128.48000720347,331036.63899357256,0.0,187959.2086468,518995.8476403726
273,10111.42841,0.031162,0.0,433.947018166667,9677.450229833334,1274.48794233333,330456.41550159774,0.0,183672.06450560573,514128.48000720347,331036.63899357256,0.0,187959.2086468,518995.8476403726
274,10113.63053,0.03692,0.0,436.143380166666,9677.450229833334,838.344562166667,330456.41550159774,0.0,183672.06450560573,514128.48000720347,331036.63899357256,0.0,187959.2086468,518995.8476403726
275,10115.83264,0.037848,0.0,438.344562166667,9677.450229833334,400.0,330456.41550159774,0.0,183672.06450560573,514128.48000720347,331036.63899357256,0.0,187959.2086468,518995.8476403726
276,10118.03475,0.038418,590.874291860606,0.0,10708.870623860606,919.969376837333,330456.41550159774,0.0,183672.06450560573,514128.48000720347,331036.63899357256,0.0,187959.2086468,518995.8476403726
277,10120.23686,0.036655,588.670418860605,0.0,10708.870623860606,1437.99934543467,330456.41550159774,0.0,183672.06450560573,514128.48000720347,331036.63899357256,0.0,187959.2086468,518995.8476403726
278,10122.41425,0.029953,586.486326860606,0.0,10708.870623860606,1954.107313072,330456.41550159774,0.0,183672.06450560573,514128.48000720347,331036.63899357256,0.0,187959.2086468,518995.8476403726
279,10124.01578,0.020311,584.875154860607,0.0,10708.870623860606,2468.79744934933,330456.41550159774,0.0,183672.06450560573,514128.48000720347,331036.63899357256,0.0,187959.2086468,518995.8476403726
280,10125.61732,0.005939,583.259242860608,0.0,10708.870623860606,2982.06558306667,330456.41550159774,0.0,183672.06450560573,514128.48000720347,331036.63899357256,0.0,187959.2086468,518995.8476403726
281,10127.21886,0.0,0.0,1000.0,9127.21886,1982.06558306667,330456.41550159774,0.0,183672.06450560573,514128.48000720347,331036.63899357256,0.0,187959.2086468,518995.8476403726
282,10128.82039,0.0,0.0,451.370160166667,9677.450229833334,1530.6954229,330456.41550159774,0.0,183672.06450560573,514128.48000720347,331036.63899357256,0.0,187959.2086468,518995.8476403726
283,10130.42193,0.0,0.0,675.766312733335,9454.655617266666,854.929110166666,330456.41550159774,0.0,183672.06450560573,514128.48000720347,331036.63899357256,0.0,187959.2086468,518995.8476403726
284,10132.37934,0.0,0.0,454.929110166666,9677.450229833334,400.0,330456.41550159774,0.0,183672.06450560573,514128.48000720347,331036.63899357256,0.0,187959.2086468,518995.8476403726
285,10134.38126,0.0,255.490813199991,0.0,10389.872073199991,624.831915615992,330456.41550159774,0.0,183672.06450560573,514128.48000720347,331036.63899357256,0.0,187959.2086468,518995.8476403726
286,10136.38318,0.0,0.0,0.0,10136.38318,624.831915615992,330456.41550159774,0.0,183672.06450560573,514128.48000720347,331036.63899357256,0.0,187959.2086468,518995.8476403726
287,10138.3851,0.0,0.0,0.0,10138.3851,624.831915615992,330456.41550159774,0.0,183672.06450560573,514128.48000720347,331036.63899357256,0.0,187959.2086468,518995.8476403726
288,10140.38702,0.0,568.483603860606,0.0,10708.870623860606,1125.09748701333,330456.41550159774,0.0,183672.06450560573,514128.48000720347,331036.63899357256,0.0,187959.2086468,518995.8476403726
289,10142.38894,0.0,566.481683860606,0.0,10708.870623860606,1623.60136881066,330456.41550159774,0.0,183672.06450560573,514128.48000720347,331036.63899357256,0.0,187959.2086468,518995.8476403726
290,10144.39086,0.0,564.479763860607,0.0,10708.870623860606,2120.34356100799,330456.41550159774,0.0,183672.06450560573,514128.48000720347,331036.63899357256,0.0,187959.2086468,518995.8476403726
291,10146.39278,0.0,562.477843860606,0.0,10708.870623860606,2615.32406360533,330456.41550159774,0.0,183672.06450560573,514128.48000720347,331036.63899357256,0.0,187959.2086468,518995.8476403726
292,10148.3947,0.0,560.475923860606,0.0,10708.870623860606,3108.54287660266,330456.41550159774,0.0,183672.06450560573,514128.48000720347,331036.63899357256,0.0,187959.2086468,518995.8476403726
293,10150.39662,0.0,558.474003860607,0.0,10708.870623860606,3600.0,330456.41550159774,0.0,183672.06450560573,514128.48000720347,331036.63899357256,0.0,187959.2086468,518995.8476403726
294,10152.39854,0.0,0.0,474.948310166666,9677.450229833334,3125.05168983333,330456.41550159774,0.0,183672.06450560573,514128.48000720347,331036.63899357256,0.0,187959.2086468,518995.8476403726
295,10154.40046,0.011782,0.0,797.689604166668,9356.699073833333,2327.36208566667,330456.41550159774,0.0,183672.06450560573,514128.48000720347,331036.63899357256,0.0,187959.2086468,518995.8476403726
296,10156.40238,0.019721,0.0,478.932429166665,9677.450229833334,1848.4296565,330456.41550159774,0.0,183672.06450560573,514128.48000720347,331036.63899357256,0.0,187959.2086468,518995.8476403726
297,10158.4043,0.029748999999999998,0.0,480.924321166667,9677.450229833334,1367.50533533333,330456.41550159774,0.0,183672.06450560573,514128.48000720347,331036.63899357256,0.0,187959.2086468,518995.8476403726
298,10160.40622,0.031578,0.0,482.924412166667,9677.450229833334,884.580923166666,330456.41550159774,0.0,183672.06450560573,514128.48000720347,331036.63899357256,0.0,187959.2086468,518995.8476403726
299,10162.0624,0.031247,0.0,484.580923166666,9677.450229833334,400.0,330456.41550159774,0.0,183672.06450560573,514128.48000720347,331036.63899357256,0.0,187959.2086468,518995.8476403726
300,10163.26355,0.035840000000000004,545.642913860607,0.0,10708.870623860606,880.165764197334,330456.41550159774,0.0,183672.06450560573,514128.48000720347,331036.63899357256,0.0,187959.2086468,518995.8476403726
301,10164.4647,0.030567,544.436490860606,0.0,10708.870623860606,1359.26987615467,330456.41550159774,0.0,183672.06450560573,514128.48000720347,331036.63899357256,0.0,187959.2086468,518995.8476403726
302,10165.66586,0.025849,543.230612860607,0.0,10708.870623860606,1837.312815472,330456.41550159774,0.0,183672.06450560573,514128.48000720347,331036.63899357256,0.0,187959.2086468,518995.8476403726
303,10166.86701,0.019348,542.022961860606,0.0,10708.870623860606,2314.29302190934,330456.41550159774,0.0,183672.06450560573,514128.48000720347,331036.63899357256,0.0,187959.2086468,518995.8476403726
304,10168.06816,0.0059960000000000005,540.808459860606,0.0,10708.870623860606,2790.20446658667,330456.41550159774,0.0,183672.06450560573,514128.48000720347,331036.63899357256,0.0,187959.2086468,518995.8476403726
305,10169.26931,0.0,0.0,491.819080166666,9677.450229833334,2298.38538642,330456.41550159774,0.0,183672.06450560573,514128.48000720347,331036.63899357256,0.0,187959.2086468,518995.8476403726
306,10170.47047,0.0,0.0,908.74145608667,9261.72901391333,1389.64393033333,330456.41550159774,0.0,183672.06450560573,514128.48000720347,331036.63899357256,0.0,187959.2086468,518995.8476403726
307,10171.67162,0.0,0.0,494.221390166666,9677.450229833334,895.422540166666,330456.41550159774,0.0,183672.06450560573,514128.48000720347,331036.63899357256,0.0,187959.2086468,518995.8476403726
308,10172.87277,0.0,0.0,495.422540166666,9677.450229833334,400.0,330456.41550159774,0.0,183672.06450560573,514128.48000720347,331036.63899357256,0.0,187959.2086468,518995.8476403726
309,10174.07392,0.0,0.0,0.0,10174.07392,400.0,330456.41550159774,0.0,183672.06450560573,514128.48000720347,331036.63899357256,0.0,187959.2086468,518995.8476403726
310,10175.27507,0.0,0.0,0.0,10175.27507,400.0,330456.41550159774,0.0,183672.06450560573,514128.48000720347,331036.63899357256,0.0,187959.2086468,518995.8476403726
311,10176.47623,0.0,532.394393860606,0.0,10708.870623860606,868.507066597334,330456.41550159774,0.0,183672.06450560573,514128.48000720347,331036.63899357256,0.0,187959.2086468,518995.8476403726
312,10177.67738,0.0,531.193243860607,0.0,10708.870623860606,1335.95712119467,330456.41550159774,0.0,183672.06450560573,514128.48000720347,331036.63899357256,0.0,187959.2086468,518995.8476403726
313,10178.87853,0.0,463.633193199998,0.0,10642.511723199998,1743.95433121067,330456.41550159774,0.0,183672.06450560573,514128.48000720347,331036.63899357256,0.0,187959.2086468,518995.8476403726
314,10180.07968,0.0,528.790943860606,0.0,10708.870623860606,2209.290361808,330456.41550159774,0.0,183672.06450560573,514128.48000720347,331036.63899357256,0.0,187959.2086468,518995.8476403726
315,10181.08571,0.0,527.784913860607,0.0,10708.870623860606,2673.74108600533,330456.41550159774,0.0,183672.06450560573,514128.48000720347,331036.63899357256,0.0,187959.2086468,518995.8476403726
316,10182.08667,0.0,526.783953860606,0.0,10708.870623860606,3137.31096540267,330456.41550159774,0.0,183672.06450560573,514128.48000720347,331036.63899357256,0.0,187959.2086468,518995.8476403726
317,10183.08763,0.0,525.782993860606,0.0,10708.870623860606,3600.0,330456.41550159774,0.0,183672.06450560573,514128.48000720347,331036.63899357256,0.0,187959.2086468,518995.8476403726
318,10184.08859,0.0,0.0,506.638360166666,9677.450229833334,3093.36163983333,330456.41550159774,0.0,183672.06450560573,514128.48000720347,331036.63899357256,0.0,187959.2086468,518995.8476403726
319,10185.08955,0.0072050000000000005,0.0,654.770009166667,9530.312335833334,2438.59163066667,330456.41550159774,0.0,183672.06450560573,514128.48000720347,331036.63899357256,0.0,187959.2086468,518995.8476403726
320,10185.92588,0.025285000000000002,0.0,508.450365166667,9677.450229833334,1930.1412655,330456.41550159774,0.0,183672.06450560573,514128.48000720347,331036.63899357256,0.0,187959.2086468,518995.8476403726
321,10186.72665,0.034722,0.0,509.241698166667,9677.450229833334,1420.89956733333,330456.41550159774,0.0,183672.06450560573,514128.48000720347,331036.63899357256,0.0,187959.2086468,518995.8476403726
322,10187.52742,0.037513,0.0,510.039677166667,9677.450229833334,910.859890166666,330456.41550159774,0.0,183672.06450560573,514128.48000720347,331036.63899357256,0.0,187959.2086468,518995.8476403726
323,10188.32818,0.01806,0.0,510.859890166666,9677.450229833334,400.0,330456.41550159774,0.0,183672.06450560573,514128.48000720347,331036.63899357256,0.0,187959.2086468,518995.8476403726
324,10189.12895,0.038915,519.780588860605,0.0,10708.870623860606,857.406918197333,330456.41550159774,0.0,183672.06450560573,514128.48000720347,331036.63899357256,0.0,187959.2086468,518995.8476403726
325,10190.19798,0.037704,518.710347860606,0.0,10708.870623860606,1313.87202431467,330456.41550159774,0.0,183672.06450560573,514128.48000720347,331036.63899357256,0.0,187959.2086468,518995.8476403726
326,10191.39913,0.029684000000000002,517.501177860606,0.0,10708.870623860606,1769.273060832,330456.41550159774,0.0,183672.06450560573,514128.48000720347,331036.63899357256,0.0,187959.2086468,518995.8476403726
327,10192.60028,0.00644,516.276783860605,0.0,10708.870623860606,2223.59663062933,330456.41550159774,0.0,183672.06450560573,514128.48000720347,331036.63899357256,0.0,187959.2086468,518995.8476403726
328,10193.80143,0.005817999999999999,515.075011860607,0.0,10708.870623860606,2676.86264106667,330456.41550159774,0.0,183672.06450560573,514128.48000720347,331036.63899357256,0.0,187959.2086468,518995.8476403726
329,10195.00259,0.0,0.0,716.998660566665,9478.003929433335,1959.8639805,330456.41550159774,0.0,183672.06450560573,514128.48000720347,331036.63899357256,0.0,187959.2086468,518995.8476403726
330,10196.20374,0.0,0.0,518.753510166667,9677.450229833334,1441.11047033333,330456.41550159774,0.0,183672.06450560573,514128.48000720347,331036.63899357256,0.0,187959.2086468,518995.8476403726
331,10197.40489,0.0,0.0,519.954660166666,9677.450229833334,921.155810166667,330456.41550159774,0.0,183672.06450560573,514128.48000720347,331036.63899357256,0.0,187959.2086468,518995.8476403726
332,10198.60604,0.0,0.0,521.155810166667,9677.450229833334,400.0,330456.41550159774,0.0,183672.06450560573,514128.48000720347,331036.63899357256,0.0,187959.2086468,518995.8476403726
333,10199.8072,0.0,509.063423860607,0.0,10708.870623860606,847.975812997334,330456.41550159774,0.0,183672.06450560573,514128.48000720347,331036.63899357256,0.0,187959.2086468,518995.8476403726
334,10201.00835,0.0,507.862273860606,0.0,10708.870623860606,1294.89461399467,330456.41550159774,0.0,183672.06450560573,514128.48000720347,331036.63899357256,0.0,187959.2086468,518995.8476403726
335,10202.13637,0.0,506.734253860606,0.0,10708.870623860606,1740.820757392,330456.41550159774,0.0,183672.06450560573,514128.48000720347,331036.63899357256,0.0,187959.2086468,518995.8476403726
336,10203.13733,0.0,505.733293860607,0.0,10708.870623860606,2185.86605598934,330456.41550159774,0.0,183672.06450560573,514128.48000720347,331036.63899357256,0.0,187959.2086468,518995.8476403726
337,10204.13829,0.0,0.0,0.0,10204.13829,2185.86605598934,330456.41550159774,0.0,183672.06450560573,514128.48000720347,331036.63899357256,0.0,187959.2086468,518995.8476403726
338,10205.13925,0.0,101.496579339391,0.0,10306.635829339391,2275.183045808,330456.41550159774,0.0,183672.06450560573,514128.48000720347,331036.63899357256,0.0,187959.2086468,518995.8476403726
339,10206.14021,0.0,502.730413860607,0.0,10708.870623860606,2717.58581000533,330456.41550159774,0.0,183672.06450560573,514128.48000720347,331036.63899357256,0.0,187959.2086468,518995.8476403726
340,10207.09854,0.0,501.772083860606,0.0,10708.870623860606,3159.14524380267,330456.41550159774,0.0,183672.06450560573,514128.48000720347,331036.63899357256,0.0,187959.2086468,518995.8476403726
341,10207.89931,0.0,500.971313860606,0.0,10708.870623860606,3600.0,330456.41550159774,0.0,183672.06450560573,514128.48000720347,331036.63899357256,0.0,187959.2086468,518995.8476403726
342,10208.70008,0.0,0.0,531.249850166667,9677.450229833334,3068.75014983333,330456.41550159774,0.0,183672.06450560573,514128.48000720347,331036.63899357256,0.0,187959.2086468,518995.8476403726
343,10209.50085,0.013949,0.0,532.036671166667,9677.450229833334,2536.71347866667,330456.41550159774,0.0,183672.06450560573,514128.48000720347,331036.63899357256,0.0,187959.2086468,518995.8476403726
344,10210.30162,0.025029,0.0,532.826361166666,9677.450229833334,2003.8871175,330456.41550159774,0.0,183672.06450560573,514128.48000720347,331036.63899357256,0.0,187959.2086468,518995.8476403726
345,10211.11451,0.031714,0.0,533.632566166665,9677.450229833334,1470.25455133333,330456.41550159774,0.0,183672.06450560573,514128.48000720347,331036.63899357256,0.0,187959.2086468,518995.8476403726
346,10212.11547,0.036298000000000004,0.0,534.628942166666,9677.450229833334,935.625609166666,330456.41550159774,0.0,183672.06450560573,514128.48000720347,331036.63899357256,0.0,187959.2086468,518995.8476403726
347,10213.11643,0.040591,0.0,535.625609166666,9677.450229833334,400.0,330456.41550159774,0.0,183672.06450560573,514128.48000720347,331036.63899357256,0.0,187959.2086468,518995.8476403726
348,10214.11739,0.037539,494.790772860608,0.0,10708.870623860606,835.415880117335,330456.41550159774,0.0,183672.06450560573,514128.48000720347,331036.63899357256,0.0,187959.2086468,518995.8476403726
349,10215.11835,0.035985,493.788258860606,0.0,10708.870623860606,1269.94954791467,330456.41550159774,0.0,183672.06450560573,514128.48000720347,331036.63899357256,0.0,187959.2086468,518995.8476403726
350,10216.11931,0.025577000000000003,492.776890860607,0.0,10708.870623860606,1703.593211872,330456.41550159774,0.0,183672.06450560573,514128.48000720347,331036.63899357256,0.0,187959.2086468,518995.8476403726
351,10216.93845,0.019268,491.951441860607,0.0,10708.870623860606,2136.51048070933,330456.41550159774,0.0,183672.06450560573,514128.48000720347,331036.63899357256,0.0,187959.2086468,518995.8476403726
352,10217.73922,0.0040620000000000005,491.135465860607,0.0,10708.870623860606,2568.70969066666,330456.41550159774,0.0,183672.06450560573,514128.48000720347,331036.63899357256,0.0,187959.2086468,518995.8476403726
353,10218.53999,0.0,0.0,541.089760166666,9677.450229833334,2027.6199305,330456.41550159774,0.0,183672.06450560573,514128.48000720347,331036.63899357256,0.0,187959.2086468,518995.8476403726
354,10219.34076,0.0,0.0,541.890530166665,9677.450229833334,1485.72940033333,330456.41550159774,0.0,183672.06450560573,514128.48000720347,331036.63899357256,0.0,187959.2086468,518995.8476403726
355,10220.14153,0.0,0.0,542.691300166667,9677.450229833334,943.038100166666,330456.41550159774,0.0,183672.06450560573,514128.48000720347,331036.63899357256,0.0,187959.2086468,518995.8476403726
356,10220.48833,0.0,0.0,543.038100166666,9677.450229833334,400.0,330456.41550159774,0.0,183672.06450560573,514128.48000720347,331036.63899357256,0.0,187959.2086468,518995.8476403726
357,10220.68852,0.0,0.0,0.0,10220.68852,400.0,330456.41550159774,0.0,183672.06450560573,514128.48000720347,331036.63899357256,0.0,187959.2086468,518995.8476403726
358,10220.88871,0.0,0.0,0.0,10220.88871,400.0,330456.41550159774,0.0,183672.06450560573,514128.48000720347,331036.63899357256,0.0,187959.2086468,518995.8476403726
359,10221.08891,0.0,0.0,0.0,10221.08891,400.0,330456.41550159774,0.0,183672.06450560573,514128.48000720347,331036.63899357256,0.0,187959.2086468,518995.8476403726
360,10221.2891,0.0,0.0,0.0,10221.2891,400.0,330456.41550159774,0.0,183672.06450560573,514128.48000720347,331036.63899357256,0.0,187959.2086468,518995.8476403726
361,10221.24765,0.0,0.0,0.0,10221.24765,400.0,330456.41550159774,0.0,183672.06450560573,514128.48000720347,331036.63899357256,0.0,187959.2086468,518995.8476403726
362,10221.04745,0.0,0.0,0.0,10221.04745,400.0,330456.41550159774,0.0,183672.06450560573,514128.48000720347,331036.63899357256,0.0,187959.2086468,518995.8476403726
363,10220.84726,0.0,0.0,0.0,10220.84726,400.0,330456.41550159774,0.0,183672.06450560573,514128.48000720347,331036.63899357256,0.0,187959.2086468,518995.8476403726
364,10220.64707,0.0,0.0,0.0,10220.64707,400.0,330456.41550159774,0.0,183672.06450560573,514128.48000720347,331036.63899357256,0.0,187959.2086468,518995.8476403726
365,10220.44688,0.0,0.0,0.0,10220.44688,400.0,330456.41550159774,0.0,183672.06450560573,514128.48000720347,331036.63899357256,0.0,187959.2086468,518995.8476403726
366,10220.24669,0.0,0.0,0.0,10220.24669,400.0,330456.41550159774,0.0,183672.06450560573,514128.48000720347,331036.63899357256,0.0,187959.2086468,518995.8476403726
367,10220.04649,0.012037,0.0,0.0,10220.034453,400.0,330456.41550159774,0.0,183672.06450560573,514128.48000720347,331036.63899357256,0.0,187959.2086468,518995.8476403726
368,10219.8463,0.023513000000000003,0.0,0.0,10219.822787,400.0,330456.41550159774,0.0,183672.06450560573,514128.48000720347,331036.63899357256,0.0,187959.2086468,518995.8476403726
369,10219.64611,0.033312,0.0,0.0,10219.612798,400.0,330456.41550159774,0.0,183672.06450560573,514128.48000720347,331036.63899357256,0.0,187959.2086468,518995.8476403726
370,10219.44592,0.036764000000000005,0.0,0.0,10219.409156,400.0,330456.41550159774,0.0,183672.06450560573,514128.48000720347,331036.63899357256,0.0,187959.2086468,518995.8476403726
371,10219.24573,0.036384,0.0,0.0,10219.209346,400.0,330456.41550159774,0.0,183672.06450560573,514128.48000720347,331036.63899357256,0.0,187959.2086468,518995.8476403726
372,10219.04553,0.035826000000000004,0.0,0.0,10219.009704,400.0,330456.41550159774,0.0,183672.06450560573,514128.48000720347,331036.63899357256,0.0,187959.2086468,518995.8476403726
373,10218.84534,0.034720999999999995,0.0,0.0,10218.810619,400.0,330456.41550159774,0.0,183672.06450560573,514128.48000720347,331036.63899357256,0.0,187959.2086468,518995.8476403726
374,10218.64515,0.026671,0.0,0.0,10218.618479,400.0,330456.41550159774,0.0,183672.06450560573,514128.48000720347,331036.63899357256,0.0,187959.2086468,518995.8476403726
375,10218.44496,0.019162,0.0,0.0,10218.425798,400.0,330456.41550159774,0.0,183672.06450560573,514128.48000720347,331036.63899357256,0.0,187959.2086468,518995.8476403726
376,10218.24477,0.006697,0.0,0.0,10218.238072999999,400.0,330456.41550159774,0.0,183672.06450560573,514128.48000720347,331036.63899357256,0.0,187959.2086468,518995.8476403726
377,10218.04457,0.0,0.0,0.0,10218.04457,400.0,330456.41550159774,0.0,183672.06450560573,514128.48000720347,331036.63899357256,0.0,187959.2086468,518995.8476403726
378,10217.84438,0.0,0.0,0.0,10217.84438,400.0,330456.41550159774,0.0,183672.06450560573,514128.48000720347,331036.63899357256,0.0,187959.2086468,518995.8476403726
379,10217.64419,0.0,0.0,0.0,10217.64419,400.0,330456.41550159774,0.0,183672.06450560573,514128.48000720347,331036.63899357256,0.0,187959.2086468,518995.8476403726
380,10217.444,0.0,0.0,0.0,10217.444,400.0,330456.41550159774,0.0,183672.06450560573,514128.48000720347,331036.63899357256,0.0,187959.2086468,518995.8476403726
381,10217.24381,0.0,0.0,0.0,10217.24381,400.0,330456.41550159774,0.0,183672.06450560573,514128.48000720347,331036.63899357256,0.0,187959.2086468,518995.8476403726
382,10216.8446,0.0,0.0,0.0,10216.8446,400.0,330456.41550159774,0.0,183672.06450560573,514128.48000720347,331036.63899357256,0.0,187959.2086468,518995.8476403726
383,10216.44421,0.0,0.0,0.0,10216.44421,400.0,330456.41550159774,0.0,183672.06450560573,514128.48000720347,331036.63899357256,0.0,187959.2086468,518995.8476403726
384,10216.04383,0.0,0.0,0.0,10216.04383,400.0,330456.41550159774,0.0,183672.06450560573,514128.48000720347,331036.63899357256,0.0,187959.2086468,518995.8476403726
385,10215.64345,0.0,0.0,0.0,10215.64345,400.0,330456.41550159774,0.0,183672.06450560573,514128.48000720347,331036.63899357256,0.0,187959.2086468,518995.8476403726
386,10215.24306,0.0,0.0,0.0,10215.24306,400.0,330456.41550159774,0.0,183672.06450560573,514128.48000720347,331036.63899357256,0.0,187959.2086468,518995.8476403726
387,10215.01119,0.0,0.0,0.0,10215.01119,400.0,330456.41550159774,0.0,183672.06450560573,514128.48000720347,331036.63899357256,0.0,187959.2086468,518995.8476403726
388,10214.811,0.0,0.0,0.0,10214.811,400.0,330456.41550159774,0.0,183672.06450560573,514128.48000720347,331036.63899357256,0.0,187959.2086468,518995.8476403726
389,10214.61081,0.0,0.0,0.0,10214.61081,400.0,330456.41550159774,0.0,183672.06450560573,514128.48000720347,331036.63899357256,0.0,187959.2086468,518995.8476403726
390,10214.41062,0.0,0.0,0.0,10214.41062,400.0,330456.41550159774,0.0,183672.06450560573,514128.48000720347,331036.63899357256,0.0,187959.2086468,518995.8476403726
391,10214.21042,0.012555,0.0,0.0,10214.197865,400.0,330456.41550159774,0.0,183672.06450560573,514128.48000720347,331036.63899357256,0.0,187959.2086468,518995.8476403726
392,10214.01023,0.023779,0.0,0.0,10213.986451,400.0,330456.41550159774,0.0,183672.06450560573,514128.48000720347,331036.63899357256,0.0,187959.2086468,518995.8476403726
393,10213.81004,0.026966999999999998,0.0,0.0,10213.783073,400.0,330456.41550159774,0.0,183672.06450560573,514128.48000720347,331036.63899357256,0.0,187959.2086468,518995.8476403726
394,10213.60985,0.035040999999999996,0.0,0.0,10213.574809000002,400.0,330456.41550159774,0.0,183672.06450560573,514128.48000720347,331036.63899357256,0.0,187959.2086468,518995.8476403726
395,10213.40966,0.03548,0.0,0.0,10213.374179999999,400.0,330456.41550159774,0.0,183672.06450560573,514128.48000720347,331036.63899357256,0.0,187959.2086468,518995.8476403726
396,10213.20946,0.038494,0.0,0.0,10213.170966,400.0,330456.41550159774,0.0,183672.06450560573,514128.48000720347,331036.63899357256,0.0,187959.2086468,518995.8476403726
397,10212.90176,0.032653,0.0,0.0,10212.869107,400.0,330456.41550159774,0.0,183672.06450560573,514128.48000720347,331036.63899357256,0.0,187959.2086468,518995.8476403726
398,10212.50137,0.024711,0.0,0.0,10212.476659,400.0,330456.41550159774,0.0,183672.06450560573,514128.48000720347,331036.63899357256,0.0,187959.2086468,518995.8476403726
399,10212.10099,0.016699000000000002,0.0,0.0,10212.084291000001,400.0,330456.41550159774,0.0,183672.06450560573,514128.48000720347,331036.63899357256,0.0,187959.2086468,518995.8476403726
400,10211.70061,0.006176999999999999,0.0,0.0,10211.694433,400.0,330456.41550159774,0.0,183672.06450560573,514128.48000720347,331036.63899357256,0.0,187959.2086468,518995.8476403726
401,10211.30022,0.0,0.0,0.0,10211.30022,400.0,330456.41550159774,0.0,183672.06450560573,514128.48000720347,331036.63899357256,0.0,187959.2086468,518995.8476403726
402,10210.66879,0.0,0.0,0.0,10210.66879,400.0,330456.41550159774,0.0,183672.06450560573,514128.48000720347,331036.63899357256,0.0,187959.2086468,518995.8476403726
403,10209.66783,0.0,0.0,0.0,10209.66783,400.0,330456.41550159774,0.0,183672.06450560573,514128.48000720347,331036.63899357256,0.0,187959.2086468,518995.8476403726
404,10208.66687,0.0,0.0,0.0,10208.66687,400.0,330456.41550159774,0.0,183672.06450560573,514128.48000720347,331036.63899357256,0.0,187959.2086468,518995.8476403726
405,10207.66591,0.0,0.0,0.0,10207.66591,400.0,330456.41550159774,0.0,183672.06450560573,514128.48000720347,331036.63899357256,0.0,187959.2086468,518995.8476403726
406,10206.66495,0.0,502.205673860606,0.0,10708.870623860606,841.940992997333,330456.41550159774,0.0,183672.06450560573,514128.48000720347,331036.63899357256,0.0,187959.2086468,518995.8476403726
407,10205.71051,0.0,503.160113860606,0.0,10708.870623860606,1284.72189319467,330456.41550159774,0.0,183672.06450560573,514128.48000720347,331036.63899357256,0.0,187959.2086468,518995.8476403726
408,10204.90974,0.0,503.960883860607,0.0,10708.870623860606,1728.207470992,330456.41550159774,0.0,183672.06450560573,514128.48000720347,331036.63899357256,0.0,187959.2086468,518995.8476403726
409,10204.10897,0.0,504.761653860607,0.0,10708.870623860606,2172.39772638933,330456.41550159774,0.0,183672.06450560573,514128.48000720347,331036.63899357256,0.0,187959.2086468,518995.8476403726
410,10203.3082,0.0,101.015649339392,0.0,10304.323849339391,2261.291497808,330456.41550159774,0.0,183672.06450560573,514128.48000720347,331036.63899357256,0.0,187959.2086468,518995.8476403726
411,10202.50743,0.0,506.363193860607,0.0,10708.870623860606,2706.89110840533,330456.41550159774,0.0,183672.06450560573,514128.48000720347,331036.63899357256,0.0,187959.2086468,518995.8476403726
412,10201.72268,0.0,507.147943860606,0.0,10708.870623860606,3153.18129900267,330456.41550159774,0.0,183672.06450560573,514128.48000720347,331036.63899357256,0.0,187959.2086468,518995.8476403726
413,10201.1221,0.0,507.748523860606,0.0,10708.870623860606,3600.0,330456.41550159774,0.0,183672.06450560573,514128.48000720347,331036.63899357256,0.0,187959.2086468,518995.8476403726
414,10200.52153,0.0,0.0,594.929059166667,9605.592470833333,3005.07094083333,330456.41550159774,0.0,183672.06450560573,514128.48000720347,331036.63899357256,0.0,187959.2086468,518995.8476403726
415,10199.92095,0.010955,0.0,522.459765166666,9677.450229833334,2482.61117566667,330456.41550159774,0.0,183672.06450560573,514128.48000720347,331036.63899357256,0.0,187959.2086468,518995.8476403726
416,10199.32038,0.023297000000000002,0.0,521.846853166666,9677.450229833334,1960.7643225,330456.41550159774,0.0,183672.06450560573,514128.48000720347,331036.63899357256,0.0,187959.2086468,518995.8476403726
417,10198.7198,0.031627,0.0,521.237943166667,9677.450229833334,1439.52637933333,330456.41550159774,0.0,183672.06450560573,514128.48000720347,331036.63899357256,0.0,187959.2086468,518995.8476403726
418,10197.74781,0.032070999999999995,0.0,520.265509166667,9677.450229833334,919.260870166667,330456.41550159774,0.0,183672.06450560573,514128.48000720347,331036.63899357256,0.0,187959.2086468,518995.8476403726
419,10196.74685,0.035750000000000004,0.0,519.260870166667,9677.450229833334,400.0,330456.41550159774,0.0,183672.06450560573,514128.48000720347,331036.63899357256,0.0,187959.2086468,518995.8476403726
420,10195.74589,0.038202,513.162935860606,0.0,10708.870623860606,851.583383557333,330456.41550159774,0.0,183672.06450560573,514128.48000720347,331036.63899357256,0.0,187959.2086468,518995.8476403726
421,10194.74493,0.033289,514.158982860607,0.0,10708.870623860606,1304.04328847467,330456.41550159774,0.0,183672.06450560573,514128.48000720347,331036.63899357256,0.0,187959.2086468,518995.8476403726
422,10193.74397,0.02918,515.155833860606,0.0,10708.870623860606,1757.380422272,330456.41550159774,0.0,183672.06450560573,514128.48000720347,331036.63899357256,0.0,187959.2086468,518995.8476403726
423,10192.27738,0.020710000000000003,516.613953860608,0.0,10708.870623860606,2212.00070166934,330456.41550159774,0.0,183672.06450560573,514128.48000720347,331036.63899357256,0.0,187959.2086468,518995.8476403726
424,10190.67585,0.007112,518.201885860606,0.0,10708.870623860606,2668.01836122667,330456.41550159774,0.0,183672.06450560573,514128.48000720347,331036.63899357256,0.0,187959.2086468,518995.8476403726
425,10189.07431,0.0,0.0,742.630620726668,9446.443689273332,1925.3877405,330456.41550159774,0.0,183672.06450560573,514128.48000720347,331036.63899357256,0.0,187959.2086468,518995.8476403726
426,10187.47278,0.0,0.0,510.022550166666,9677.450229833334,1415.36519033333,330456.41550159774,0.0,183672.06450560573,514128.48000720347,331036.63899357256,0.0,187959.2086468,518995.8476403726
427,10185.87124,0.0,0.0,508.421010166667,9677.450229833334,906.944180166667,330456.41550159774,0.0,183672.06450560573,514128.48000720347,331036.63899357256,0.0,187959.2086468,518995.8476403726
428,10184.39441,0.0,0.0,506.944180166667,9677.450229833334,400.0,330456.41550159774,0.0,183672.06450560573,514128.48000720347,331036.63899357256,0.0,187959.2086468,518995.8476403726
429,10182.99307,0.0,0.0,0.0,10182.99307,400.0,330456.41550159774,0.0,183672.06450560573,514128.48000720347,331036.63899357256,0.0,187959.2086468,518995.8476403726
430,10181.59172,0.0,0.0,0.0,10181.59172,400.0,330456.41550159774,0.0,183672.06450560573,514128.48000720347,331036.63899357256,0.0,187959.2086468,518995.8476403726
431,10180.19038,0.0,528.680243860606,0.0,10708.870623860606,865.238614597334,330456.41550159774,0.0,183672.06450560573,514128.48000720347,331036.63899357256,0.0,187959.2086468,518995.8476403726
432,10178.78903,0.0,530.081593860607,0.0,10708.870623860606,1331.71041719467,330456.41550159774,0.0,183672.06450560573,514128.48000720347,331036.63899357256,0.0,187959.2086468,518995.8476403726
433,10177.4819,0.0,531.388723860606,0.0,10708.870623860606,1799.332494192,330456.41550159774,0.0,183672.06450560573,514128.48000720347,331036.63899357256,0.0,187959.2086468,518995.8476403726
434,10176.28074,0.0,441.236523199998,0.0,10617.517263199998,2187.620634608,330456.41550159774,0.0,183672.06450560573,514128.48000720347,331036.63899357256,0.0,187959.2086468,518995.8476403726
435,10175.07959,0.0,533.791033860607,0.0,10708.870623860606,2657.35674440533,330456.41550159774,0.0,183672.06450560573,514128.48000720347,331036.63899357256,0.0,187959.2086468,518995.8476403726
436,10173.87844,0.0,534.992183860606,0.0,10708.870623860606,3128.14986620267,330456.41550159774,0.0,183672.06450560573,514128.48000720347,331036.63899357256,0.0,187959.2086468,518995.8476403726
437,10172.67729,0.0,536.193333860607,0.0,10708.870623860606,3600.0,330456.41550159774,0.0,183672.06450560573,514128.48000720347,331036.63899357256,0.0,187959.2086468,518995.8476403726
438,10171.41243,0.0,0.0,751.420311166668,9419.992118833332,2848.57968883333,330456.41550159774,0.0,183672.06450560573,514128.48000720347,331036.63899357256,0.0,187959.2086468,518995.8476403726
439,10170.01108,0.01485,0.0,492.546000166667,9677.450229833334,2356.03368866666,330456.41550159774,0.0,183672.06450560573,514128.48000720347,331036.63899357256,0.0,187959.2086468,518995.8476403726
440,10168.60974,0.025162,0.0,491.134348166666,9677.450229833334,1864.8993405,330456.41550159774,0.0,183672.06450560573,514128.48000720347,331036.63899357256,0.0,187959.2086468,518995.8476403726
441,10167.20839,0.030671,0.0,489.727489166666,9677.450229833334,1375.17185133333,330456.41550159774,0.0,183672.06450560573,514128.48000720347,331036.63899357256,0.0,187959.2086468,518995.8476403726
442,10165.80705,0.036011,0.0,488.320809166666,9677.450229833334,886.851042166667,330456.41550159774,0.0,183672.06450560573,514128.48000720347,331036.63899357256,0.0,187959.2086468,518995.8476403726
443,10164.33929,0.038018,0.0,486.851042166667,9677.450229833334,400.0,330456.41550159774,0.0,183672.06450560573,514128.48000720347,331036.63899357256,0.0,187959.2086468,518995.8476403726
444,10162.53756,0.03652300000000001,546.369586860596,0.0,10708.870623860596,880.805236437325,330456.41550159774,0.0,183672.06450560573,514128.48000720347,331036.63899357256,0.0,187959.2086468,518995.8476403726
445,10160.73583,0.034518,548.169311860607,0.0,10708.870623860606,1363.19423087466,330456.41550159774,0.0,183672.06450560573,514128.48000720347,331036.63899357256,0.0,187959.2086468,518995.8476403726
446,10158.9341,0.029708,549.966231860606,0.0,10708.870623860606,1847.16451491199,330456.41550159774,0.0,183672.06450560573,514128.48000720347,331036.63899357256,0.0,187959.2086468,518995.8476403726
447,10157.13238,0.019249,551.757492860608,0.0,10708.870623860606,2332.71110862933,330456.41550159774,0.0,183672.06450560573,514128.48000720347,331036.63899357256,0.0,187959.2086468,518995.8476403726
448,10155.32794,0.006951,553.549634860607,0.0,10708.870623860606,2819.83478730666,330456.41550159774,0.0,183672.06450560573,514128.48000720347,331036.63899357256,0.0,187959.2086468,518995.8476403726
449,10153.32602,0.0,0.0,1000.0,9153.32602,1819.83478730666,330456.41550159774,0.0,183672.06450560573,514128.48000720347,331036.63899357256,0.0,187959.2086468,518995.8476403726
450,10151.3241,0.0,0.0,473.873870166666,9677.450229833334,1345.96091714,330456.41550159774,0.0,183672.06450560573,514128.48000720347,331036.63899357256,0.0,187959.2086468,518995.8476403726
451,10149.32218,0.0,0.0,476.090886973329,9673.23129302667,869.870030166667,330456.41550159774,0.0,183672.06450560573,514128.48000720347,331036.63899357256,0.0,187959.2086468,518995.8476403726
452,10147.32026,0.0,0.0,469.870030166667,9677.450229833334,400.0,330456.41550159774,0.0,183672.06450560573,514128.48000720347,331036.63899357256,0.0,187959.2086468,518995.8476403726
453,10145.31834,0.0,188.986523199988,0.0,10334.304863199988,566.308140415989,330456.41550159774,0.0,183672.06450560573,514128.48000720347,331036.63899357256,0.0,187959.2086468,518995.8476403726
454,10143.31642,0.0,0.0,0.0,10143.31642,566.308140415989,330456.41550159774,0.0,183672.06450560573,514128.48000720347,331036.63899357256,0.0,187959.2086468,518995.8476403726
455,10141.3145,0.0,0.0,0.0,10141.3145,566.308140415989,330456.41550159774,0.0,183672.06450560573,514128.48000720347,331036.63899357256,0.0,187959.2086468,518995.8476403726
456,10139.31258,0.0,569.558043860607,0.0,10708.870623860606,1067.51921901332,330456.41550159774,0.0,183672.06450560573,514128.48000720347,331036.63899357256,0.0,187959.2086468,518995.8476403726
457,10137.31065,0.0,571.559973860607,0.0,10708.870623860606,1570.49199601066,330456.41550159774,0.0,183672.06450560573,514128.48000720347,331036.63899357256,0.0,187959.2086468,518995.8476403726
458,10135.30873,0.0,573.561893860606,0.0,10708.870623860606,2075.22646260799,330456.41550159774,0.0,183672.06450560573,514128.48000720347,331036.63899357256,0.0,187959.2086468,518995.8476403726
459,10133.30681,0.0,575.563813860606,0.0,10708.870623860606,2581.72261880532,330456.41550159774,0.0,183672.06450560573,514128.48000720347,331036.63899357256,0.0,187959.2086468,518995.8476403726
460,10131.30489,0.0,577.565733860607,0.0,10708.870623860606,3089.98046460266,330456.41550159774,0.0,183672.06450560573,514128.48000720347,331036.63899357256,0.0,187959.2086468,518995.8476403726
461,10129.30297,0.0,579.567653860606,0.0,10708.870623860606,3600.0,330456.41550159774,0.0,183672.06450560573,514128.48000720347,331036.63899357256,0.0,187959.2086468,518995.8476403726
462,10127.30105,0.0,0.0,449.850820166666,9677.450229833334,3150.14917983333,330456.41550159774,0.0,183672.06450560573,514128.48000720347,331036.63899357256,0.0,187959.2086468,518995.8476403726
463,10125.29913,0.005721,0.0,447.843179166666,9677.450229833334,2702.30600066667,330456.41550159774,0.0,183672.06450560573,514128.48000720347,331036.63899357256,0.0,187959.2086468,518995.8476403726
464,10123.18581,0.025063,0.0,978.416277166667,9144.744469833335,1723.8897235,330456.41550159774,0.0,183672.06450560573,514128.48000720347,331036.63899357256,0.0,187959.2086468,518995.8476403726
465,10120.9837,0.03136,0.0,443.502110166666,9677.450229833334,1280.38761333333,330456.41550159774,0.0,183672.06450560573,514128.48000720347,331036.63899357256,0.0,187959.2086468,518995.8476403726
466,10118.78159,0.036811,0.0,441.294549166667,9677.450229833334,839.093064166667,330456.41550159774,0.0,183672.06450560573,514128.48000720347,331036.63899357256,0.0,187959.2086468,518995.8476403726
467,10116.57947,0.036176,0.0,439.093064166667,9677.450229833334,400.0,330456.41550159774,0.0,183672.06450560573,514128.48000720347,331036.63899357256,0.0,187959.2086468,518995.8476403726
468,10114.37736,0.036306,594.529569860601,0.0,10708.870623860601,923.186021477329,330456.41550159774,0.0,183672.06450560573,514128.48000720347,331036.63899357256,0.0,187959.2086468,518995.8476403726
469,10112.49885,0.033594,596.405367860607,0.0,10708.870623860606,1448.02274519466,330456.41550159774,0.0,183672.06450560573,514128.48000720347,331036.63899357256,0.0,187959.2086468,518995.8476403726
470,10111.09751,0.028492,597.801605860606,0.0,10708.870623860606,1974.088158352,330456.41550159774,0.0,183672.06450560573,514128.48000720347,331036.63899357256,0.0,187959.2086468,518995.8476403726
471,10109.69616,0.019353000000000002,599.193816860607,0.0,10708.870623860606,2501.37871718933,330456.41550159774,0.0,183672.06450560573,514128.48000720347,331036.63899357256,0.0,187959.2086468,518995.8476403726
472,10108.29482,0.007031,600.582834860606,0.0,10708.870623860606,3029.89161186666,330456.41550159774,0.0,183672.06450560573,514128.48000720347,331036.63899357256,0.0,187959.2086468,518995.8476403726
473,10106.89348,0.0,0.0,1000.0,9106.89348,2029.89161186666,330456.41550159774,0.0,183672.06450560573,514128.48000720347,331036.63899357256,0.0,187959.2086468,518995.8476403726
474,10105.54253,0.0,0.0,777.310461533331,9328.23206846667,1252.58115033333,330456.41550159774,0.0,183672.06450560573,514128.48000720347,331036.63899357256,0.0,187959.2086468,518995.8476403726
475,10104.34138,0.0,0.0,426.891150166666,9677.450229833334,825.690000166667,330456.41550159774,0.0,183672.06450560573,514128.48000720347,331036.63899357256,0.0,187959.2086468,518995.8476403726
476,10103.14023,0.0,0.0,425.690000166667,9677.450229833334,400.0,330456.41550159774,0.0,183672.06450560573,514128.48000720347,331036.63899357256,0.0,187959.2086468,518995.8476403726
477,10101.93908,0.0,553.171677060599,0.0,10655.1107570606,886.791075813328,330456.41550159774,0.0,183672.06450560573,514128.48000720347,331036.63899357256,0.0,187959.2086468,518995.8476403726
478,10100.73792,0.0,0.0,0.0,10100.73792,886.791075813328,330456.41550159774,0.0,183672.06450560573,514128.48000720347,331036.63899357256,0.0,187959.2086468,518995.8476403726
479,10099.47707,0.0,0.0,0.0,10099.47707,886.791075813328,330456.41550159774,0.0,183672.06450560573,514128.48000720347,331036.63899357256,0.0,187959.2086468,518995.8476403726
480,10097.67534,0.0,0.0,0.0,10097.67534,886.791075813328,330456.41550159774,0.0,183672.06450560573,514128.48000720347,331036.63899357256,0.0,187959.2086468,518995.8476403726
481,10095.87361,0.0,612.997013860606,0.0,10708.870623860606,1426.22844801066,330456.41550159774,0.0,183672.06450560573,514128.48000720347,331036.63899357256,0.0,187959.2086468,518995.8476403726
482,10094.07188,0.0,614.798743860607,0.0,10708.870623860606,1967.25134260799,330456.41550159774,0.0,183672.06450560573,514128.48000720347,331036.63899357256,0.0,187959.2086468,518995.8476403726
483,10092.27015,0.0,616.600473860606,0.0,10708.870623860606,2509.85975960533,330456.41550159774,0.0,183672.06450560573,514128.48000720347,331036.63899357256,0.0,187959.2086468,518995.8476403726
484,10090.46842,0.0,618.402203860607,0.0,10708.870623860606,3054.05369900266,330456.41550159774,0.0,183672.06450560573,514128.48000720347,331036.63899357256,0.0,187959.2086468,518995.8476403726
485,10088.4771,0.0,620.393523860606,0.0,10708.870623860606,3600.0,330456.41550159774,0.0,183672.06450560573,514128.48000720347,331036.63899357256,0.0,187959.2086468,518995.8476403726
486,10086.47518,0.0,0.0,1000.0,9086.47518,2600.0,330456.41550159774,0.0,183672.06450560573,514128.48000720347,331036.63899357256,0.0,187959.2086468,518995.8476403726
487,10084.47326,0.0036810000000000002,0.0,407.019349166667,9677.450229833334,2192.98065083333,330456.41550159774,0.0,183672.06450560573,514128.48000720347,331036.63899357256,0.0,187959.2086468,518995.8476403726
488,10082.47134,0.011171,0.0,405.009939166666,9677.450229833334,1787.97071166667,330456.41550159774,0.0,183672.06450560573,514128.48000720347,331036.63899357256,0.0,187959.2086468,518995.8476403726
489,10080.46942,0.015590999999999999,0.0,403.003599166666,9677.450229833334,1384.9671125,330456.41550159774,0.0,183672.06450560573,514128.48000720347,331036.63899357256,0.0,187959.2086468,518995.8476403726
490,10078.78569,0.01922,0.0,585.254075333334,9493.512394666666,799.713037166666,330456.41550159774,0.0,183672.06450560573,514128.48000720347,331036.63899357256,0.0,187959.2086468,518995.8476403726
491,10077.18415,0.020883,0.0,399.713037166666,9677.450229833334,400.0,330456.41550159774,0.0,183672.06450560573,514128.48000720347,331036.63899357256,0.0,187959.2086468,518995.8476403726
492,10075.58262,0.019503,633.307506860605,0.0,10708.870623860605,957.310606037332,330456.41550159774,0.0,183672.06450560573,514128.48000720347,331036.63899357256,0.0,187959.2086468,518995.8476403726
493,10073.98108,0.017405999999999998,634.906949860608,0.0,10708.870623860606,1516.02872191467,330456.41550159774,0.0,183672.06450560573,514128.48000720347,331036.63899357256,0.0,187959.2086468,518995.8476403726
494,10072.37954,0.013826000000000001,636.504909860607,0.0,10708.870623860606,2076.153042592,330456.41550159774,0.0,183672.06450560573,514128.48000720347,331036.63899357256,0.0,187959.2086468,518995.8476403726
495,10070.64941,0.008437,638.229650860607,0.0,10708.870623860606,2637.79513534933,330456.41550159774,0.0,183672.06450560573,514128.48000720347,331036.63899357256,0.0,187959.2086468,518995.8476403726
496,10068.84768,0.002346,640.025289860605,0.0,10708.870623860606,3201.01739042667,330456.41550159774,0.0,183672.06450560573,514128.48000720347,331036.63899357256,0.0,187959.2086468,518995.8476403726
497,10067.04596,0.0,0.0,1000.0,9067.04596,2201.01739042667,330456.41550159774,0.0,183672.06450560573,514128.48000720347,331036.63899357256,0.0,187959.2086468,518995.8476403726
498,10065.24423,0.0,0.0,1000.0,9065.24423,1201.01739042667,330456.41550159774,0.0,183672.06450560573,514128.48000720347,331036.63899357256,0.0,187959.2086468,518995.8476403726
499,10063.4425,0.0,0.0,385.992270166666,9677.450229833334,815.025120260005,330456.41550159774,0.0,183672.06450560573,514128.48000720347,331036.63899357256,0.0,187959.2086468,518995.8476403726
500,10061.64077,0.0,0.0,415.025120260005,9646.615649739995,400.0,330456.41550159774,0.0,183672.06450560573,514128.48000720347,331036.63899357256,0.0,187959.2086468,518995.8476403726
501,10059.83904,0.0,649.031583860606,0.0,10708.870623860606,971.147793797333,330456.41550159774,0.0,183672.06450560573,514128.48000720347,331036.63899357256,0.0,187959.2086468,518995.8476403726
502,10058.03731,0.0,337.543897060607,0.0,10395.581207060606,1268.18642321067,330456.41550159774,0.0,183672.06450560573,514128.48000720347,331036.63899357256,0.0,187959.2086468,518995.8476403726
503,10056.23559,0.0,0.0,0.0,10056.23559,1268.18642321067,330456.41550159774,0.0,183672.06450560573,514128.48000720347,331036.63899357256,0.0,187959.2086468,518995.8476403726
504,10054.43386,0.0,0.0,0.0,10054.43386,1268.18642321067,330456.41550159774,0.0,183672.06450560573,514128.48000720347,331036.63899357256,0.0,187959.2086468,518995.8476403726
505,10052.42935,0.0,0.0,0.0,10052.42935,1268.18642321067,330456.41550159774,0.0,183672.06450560573,514128.48000720347,331036.63899357256,0.0,187959.2086468,518995.8476403726
506,10050.02704,0.0,658.843583860606,0.0,10708.870623860606,1847.968777008,330456.41550159774,0.0,183672.06450560573,514128.48000720347,331036.63899357256,0.0,187959.2086468,518995.8476403726
507,10047.62474,0.0,661.245883860607,0.0,10708.870623860606,2429.86515480533,330456.41550159774,0.0,183672.06450560573,514128.48000720347,331036.63899357256,0.0,187959.2086468,518995.8476403726
508,10045.22243,0.0,663.648193860607,0.0,10708.870623860606,3013.87556540267,330456.41550159774,0.0,183672.06450560573,514128.48000720347,331036.63899357256,0.0,187959.2086468,518995.8476403726
509,10042.82013,0.0,666.050493860606,0.0,10708.870623860606,3600.0,330456.41550159774,0.0,183672.06450560573,514128.48000720347,331036.63899357256,0.0,187959.2086468,518995.8476403726
510,10040.45492,0.0,0.0,1000.0,9040.45492,2600.0,330456.41550159774,0.0,183672.06450560573,514128.48000720347,331036.63899357256,0.0,187959.2086468,518995.8476403726
511,10038.25281,0.004425,0.0,360.798155166667,9677.450229833334,2239.20184483333,330456.41550159774,0.0,183672.06450560573,514128.48000720347,331036.63899357256,0.0,187959.2086468,518995.8476403726
512,10036.05069,0.022756000000000002,0.0,776.707166333334,9259.320767666666,1462.4946785,330456.41550159774,0.0,183672.06450560573,514128.48000720347,331036.63899357256,0.0,187959.2086468,518995.8476403726
513,10033.84858,0.02909,0.0,356.369260166666,9677.450229833334,1106.12541833333,330456.41550159774,0.0,183672.06450560573,514128.48000720347,331036.63899357256,0.0,187959.2086468,518995.8476403726
514,10031.64647,0.035544,0.0,354.160696166666,9677.450229833334,751.964722166667,330456.41550159774,0.0,183672.06450560573,514128.48000720347,331036.63899357256,0.0,187959.2086468,518995.8476403726
515,10029.45095,0.035997999999999995,0.0,351.964722166667,9677.450229833334,400.0,330456.41550159774,0.0,183672.06450560573,514128.48000720347,331036.63899357256,0.0,187959.2086468,518995.8476403726
516,10027.44903,0.036847000000000005,681.458440860604,0.0,10708.870623860605,999.683427957331,330456.41550159774,0.0,183672.06450560573,514128.48000720347,331036.63899357256,0.0,187959.2086468,518995.8476403726
517,10025.44711,0.034005,683.457518860607,0.0,10708.870623860606,1601.12604455467,330456.41550159774,0.0,183672.06450560573,514128.48000720347,331036.63899357256,0.0,187959.2086468,518995.8476403726
518,10023.44519,0.027027000000000002,685.452460860606,0.0,10708.870623860606,2204.324210112,330456.41550159774,0.0,183672.06450560573,514128.48000720347,331036.63899357256,0.0,187959.2086468,518995.8476403726
519,10021.44327,0.01746,687.444813860606,0.0,10708.870623860606,2809.27564630933,330456.41550159774,0.0,183672.06450560573,514128.48000720347,331036.63899357256,0.0,187959.2086468,518995.8476403726
520,10019.44135,0.005634,689.434907860606,0.0,10708.870623860606,3415.97836522667,330456.41550159774,0.0,183672.06450560573,514128.48000720347,331036.63899357256,0.0,187959.2086468,518995.8476403726
521,10017.26314,0.0,0.0,1000.0,9017.26314,2415.97836522667,330456.41550159774,0.0,183672.06450560573,514128.48000720347,331036.63899357256,0.0,187959.2086468,518995.8476403726
522,10015.06103,0.0,0.0,1000.0,9015.06103,1415.97836522667,330456.41550159774,0.0,183672.06450560573,514128.48000720347,331036.63899357256,0.0,187959.2086468,518995.8476403726
523,10012.85892,0.0,0.0,682.77179506,9330.08712494,733.206570166667,330456.41550159774,0.0,183672.06450560573,514128.48000720347,331036.63899357256,0.0,187959.2086468,518995.8476403726
524,10010.6568,0.0,0.0,333.206570166667,9677.450229833334,400.0,330456.41550159774,0.0,183672.06450560573,514128.48000720347,331036.63899357256,0.0,187959.2086468,518995.8476403726
525,10008.45469,0.0,0.0,0.0,10008.45469,400.0,330456.41550159774,0.0,183672.06450560573,514128.48000720347,331036.63899357256,0.0,187959.2086468,518995.8476403726
526,10006.54415,0.0,0.0,0.0,10006.54415,400.0,330456.41550159774,0.0,183672.06450560573,514128.48000720347,331036.63899357256,0.0,187959.2086468,518995.8476403726
527,10004.74242,0.0,0.0,0.0,10004.74242,400.0,330456.41550159774,0.0,183672.06450560573,514128.48000720347,331036.63899357256,0.0,187959.2086468,518995.8476403726
528,10002.94069,0.0,0.0,0.0,10002.94069,400.0,330456.41550159774,0.0,183672.06450560573,514128.48000720347,331036.63899357256,0.0,187959.2086468,518995.8476403726
529,10001.13897,0.0,0.0,0.0,10001.13897,400.0,330456.41550159774,0.0,183672.06450560573,514128.48000720347,331036.63899357256,0.0,187959.2086468,518995.8476403726
530,9999.337238,0.0,0.0,0.0,9999.337238,400.0,330456.41550159774,0.0,183672.06450560573,514128.48000720347,331036.63899357256,0.0,187959.2086468,518995.8476403726
531,9997.881371,0.0,0.0,0.0,9997.881371,400.0,330456.41550159774,0.0,183672.06450560573,514128.48000720347,331036.63899357256,0.0,187959.2086468,518995.8476403726
532,9996.680219,0.0,0.0,0.0,9996.680219,400.0,330456.41550159774,0.0,183672.06450560573,514128.48000720347,331036.63899357256,0.0,187959.2086468,518995.8476403726
533,9995.479066,0.0,0.0,0.0,9995.479066,400.0,330456.41550159774,0.0,183672.06450560573,514128.48000720347,331036.63899357256,0.0,187959.2086468,518995.8476403726
534,9994.277914,0.0,0.0,0.0,9994.277914,400.0,330456.41550159774,0.0,183672.06450560573,514128.48000720347,331036.63899357256,0.0,187959.2086468,518995.8476403726
535,9993.076762,0.006672,0.0,0.0,9993.070090000001,400.0,330456.41550159774,0.0,183672.06450560573,514128.48000720347,331036.63899357256,0.0,187959.2086468,518995.8476403726
536,9991.87561,0.024565000000000003,0.0,0.0,9991.851045,400.0,330456.41550159774,0.0,183672.06450560573,514128.48000720347,331036.63899357256,0.0,187959.2086468,518995.8476403726
537,9990.674457,0.029702000000000003,0.0,0.0,9990.644755,400.0,330456.41550159774,0.0,183672.06450560573,514128.48000720347,331036.63899357256,0.0,187959.2086468,518995.8476403726
538,9989.473305,0.034608,0.0,0.0,9989.438697,400.0,330456.41550159774,0.0,183672.06450560573,514128.48000720347,331036.63899357256,0.0,187959.2086468,518995.8476403726
539,9988.272153,0.03334,0.0,0.0,9988.238813,400.0,330456.41550159774,0.0,183672.06450560573,514128.48000720347,331036.63899357256,0.0,187959.2086468,518995.8476403726
540,9987.071,0.034902,0.0,0.0,9987.036098,400.0,330456.41550159774,0.0,183672.06450560573,514128.48000720347,331036.63899357256,0.0,187959.2086468,518995.8476403726
541,9985.869848,0.024012000000000002,0.0,0.0,9985.845836,400.0,330456.41550159774,0.0,183672.06450560573,514128.48000720347,331036.63899357256,0.0,187959.2086468,518995.8476403726
542,9984.668696,0.012534000000000002,0.0,0.0,9984.656162000001,400.0,330456.41550159774,0.0,183672.06450560573,514128.48000720347,331036.63899357256,0.0,187959.2086468,518995.8476403726
543,9983.467544,0.014178000000000001,0.0,0.0,9983.453366,400.0,330456.41550159774,0.0,183672.06450560573,514128.48000720347,331036.63899357256,0.0,187959.2086468,518995.8476403726
544,9982.266391,0.002987,0.0,0.0,9982.263404,400.0,330456.41550159774,0.0,183672.06450560573,514128.48000720347,331036.63899357256,0.0,187959.2086468,518995.8476403726
545,9981.065239,0.0,0.0,0.0,9981.065239,400.0,330456.41550159774,0.0,183672.06450560573,514128.48000720347,331036.63899357256,0.0,187959.2086468,518995.8476403726
546,9979.840299,0.0,0.0,0.0,9979.840299,400.0,330456.41550159774,0.0,183672.06450560573,514128.48000720347,331036.63899357256,0.0,187959.2086468,518995.8476403726
547,9978.438955,0.0,0.0,0.0,9978.438955,400.0,330456.41550159774,0.0,183672.06450560573,514128.48000720347,331036.63899357256,0.0,187959.2086468,518995.8476403726
548,9977.037611,0.0,0.0,0.0,9977.037611,400.0,330456.41550159774,0.0,183672.06450560573,514128.48000720347,331036.63899357256,0.0,187959.2086468,518995.8476403726
549,9975.636266,0.0,0.0,0.0,9975.636266,400.0,330456.41550159774,0.0,183672.06450560573,514128.48000720347,331036.63899357256,0.0,187959.2086468,518995.8476403726
550,9974.234922,0.0,0.0,0.0,9974.234922,400.0,330456.41550159774,0.0,183672.06450560573,514128.48000720347,331036.63899357256,0.0,187959.2086468,518995.8476403726
551,9972.833578,0.0,0.0,0.0,9972.833578,400.0,330456.41550159774,0.0,183672.06450560573,514128.48000720347,331036.63899357256,0.0,187959.2086468,518995.8476403726
552,9971.432233,0.0,0.0,0.0,9971.432233,400.0,330456.41550159774,0.0,183672.06450560573,514128.48000720347,331036.63899357256,0.0,187959.2086468,518995.8476403726
553,9970.030889,0.0,0.0,0.0,9970.030889,400.0,330456.41550159774,0.0,183672.06450560573,514128.48000720347,331036.63899357256,0.0,187959.2086468,518995.8476403726
554,9968.629545,0.0,0.0,0.0,9968.629545,400.0,330456.41550159774,0.0,183672.06450560573,514128.48000720347,331036.63899357256,0.0,187959.2086468,518995.8476403726
555,9967.228201,0.0,0.0,0.0,9967.228201,400.0,330456.41550159774,0.0,183672.06450560573,514128.48000720347,331036.63899357256,0.0,187959.2086468,518995.8476403726
556,9965.826856,0.0,0.0,0.0,9965.826856,400.0,330456.41550159774,0.0,183672.06450560573,514128.48000720347,331036.63899357256,0.0,187959.2086468,518995.8476403726
557,9964.262532,0.0,525.758828921212,0.0,10490.021360921213,862.667769450667,330456.41550159774,0.0,183672.06450560573,514128.48000720347,331036.63899357256,0.0,187959.2086468,518995.8476403726
558,9962.660996,0.0,0.0,0.0,9962.660996,862.667769450667,330456.41550159774,0.0,183672.06450560573,514128.48000720347,331036.63899357256,0.0,187959.2086468,518995.8476403726
559,9961.059459,0.011078,0.0,0.0,9961.048381,862.667769450667,330456.41550159774,0.0,183672.06450560573,514128.48000720347,331036.63899357256,0.0,187959.2086468,518995.8476403726
560,9959.457923,0.023781,0.0,0.0,9959.434142,862.667769450667,330456.41550159774,0.0,183672.06450560573,514128.48000720347,331036.63899357256,0.0,187959.2086468,518995.8476403726
561,9957.856387,0.031127,0.0,0.0,9957.82526,862.667769450667,330456.41550159774,0.0,183672.06450560573,514128.48000720347,331036.63899357256,0.0,187959.2086468,518995.8476403726
562,9956.51981,0.03189,0.0,0.0,9956.48792,862.667769450667,330456.41550159774,0.0,183672.06450560573,514128.48000720347,331036.63899357256,0.0,187959.2086468,518995.8476403726
563,9955.318658,0.035431,0.0,0.0,9955.283227,862.667769450667,330456.41550159774,0.0,183672.06450560573,514128.48000720347,331036.63899357256,0.0,187959.2086468,518995.8476403726
564,9954.117506,0.035220999999999995,0.0,0.0,9954.082285,862.667769450667,330456.41550159774,0.0,183672.06450560573,514128.48000720347,331036.63899357256,0.0,187959.2086468,518995.8476403726
565,9952.916353,0.032177,0.0,0.0,9952.884176000001,862.667769450667,330456.41550159774,0.0,183672.06450560573,514128.48000720347,331036.63899357256,0.0,187959.2086468,518995.8476403726
566,9951.715201,0.027942,0.0,0.0,9951.687259,862.667769450667,330456.41550159774,0.0,183672.06450560573,514128.48000720347,331036.63899357256,0.0,187959.2086468,518995.8476403726
567,9950.514049,0.019375,0.0,0.0,9950.494674,862.667769450667,330456.41550159774,0.0,183672.06450560573,514128.48000720347,331036.63899357256,0.0,187959.2086468,518995.8476403726
568,9949.312897,0.005851,0.0,0.0,9949.307046,862.667769450667,330456.41550159774,0.0,183672.06450560573,514128.48000720347,331036.63899357256,0.0,187959.2086468,518995.8476403726
569,9948.111744,0.0,0.0,0.0,9948.111744,862.667769450667,330456.41550159774,0.0,183672.06450560573,514128.48000720347,331036.63899357256,0.0,187959.2086468,518995.8476403726
570,9946.910592,0.0,0.0,0.0,9946.910592,862.667769450667,330456.41550159774,0.0,183672.06450560573,514128.48000720347,331036.63899357256,0.0,187959.2086468,518995.8476403726
571,9945.70944,0.0,0.0,0.0,9945.70944,862.667769450667,330456.41550159774,0.0,183672.06450560573,514128.48000720347,331036.63899357256,0.0,187959.2086468,518995.8476403726
572,9944.436807,0.0,0.0,0.0,9944.436807,862.667769450667,330456.41550159774,0.0,183672.06450560573,514128.48000720347,331036.63899357256,0.0,187959.2086468,518995.8476403726
573,9943.035463,0.0,0.0,0.0,9943.035463,862.667769450667,330456.41550159774,0.0,183672.06450560573,514128.48000720347,331036.63899357256,0.0,187959.2086468,518995.8476403726
574,9941.634119,0.0,0.0,0.0,9941.634119,862.667769450667,330456.41550159774,0.0,183672.06450560573,514128.48000720347,331036.63899357256,0.0,187959.2086468,518995.8476403726
575,9940.232774,0.0,0.0,0.0,9940.232774,862.667769450667,330456.41550159774,0.0,183672.06450560573,514128.48000720347,331036.63899357256,0.0,187959.2086468,518995.8476403726
576,9938.83143,0.0,0.0,0.0,9938.83143,862.667769450667,330456.41550159774,0.0,183672.06450560573,514128.48000720347,331036.63899357256,0.0,187959.2086468,518995.8476403726
577,9937.225183,0.0,0.0,0.0,9937.225183,862.667769450667,330456.41550159774,0.0,183672.06450560573,514128.48000720347,331036.63899357256,0.0,187959.2086468,518995.8476403726
578,9934.822879,0.0,774.047744860607,0.0,10708.870623860606,1543.829784928,330456.41550159774,0.0,183672.06450560573,514128.48000720347,331036.63899357256,0.0,187959.2086468,518995.8476403726
579,9932.420574,0.0,776.450049860607,0.0,10708.870623860606,2227.10582880533,330456.41550159774,0.0,183672.06450560573,514128.48000720347,331036.63899357256,0.0,187959.2086468,518995.8476403726
580,9930.01827,0.0,778.852353860606,0.0,10708.870623860606,2912.49590020267,330456.41550159774,0.0,183672.06450560573,514128.48000720347,331036.63899357256,0.0,187959.2086468,518995.8476403726
581,9927.615965,0.0,781.254658860606,0.0,10708.870623860606,3600.0,330456.41550159774,0.0,183672.06450560573,514128.48000720347,331036.63899357256,0.0,187959.2086468,518995.8476403726
582,9925.266064,0.0,0.0,1000.0,8925.266064,2600.0,330456.41550159774,0.0,183672.06450560573,514128.48000720347,331036.63899357256,0.0,187959.2086468,518995.8476403726
583,9923.86472,0.011549,0.0,470.6465345,9453.2066365,2129.3534655,330456.41550159774,0.0,183672.06450560573,514128.48000720347,331036.63899357256,0.0,187959.2086468,518995.8476403726
584,9922.463375,0.02233,0.0,244.990815166666,9677.450229833334,1884.36265033333,330456.41550159774,0.0,183672.06450560573,514128.48000720347,331036.63899357256,0.0,187959.2086468,518995.8476403726
585,9921.062031,0.027853000000000003,0.0,243.583948166666,9677.450229833334,1640.77870216667,330456.41550159774,0.0,183672.06450560573,514128.48000720347,331036.63899357256,0.0,187959.2086468,518995.8476403726
586,9919.660687,0.034133000000000004,0.0,1000.0,8919.626554,640.778702166666,330456.41550159774,0.0,183672.06450560573,514128.48000720347,331036.63899357256,0.0,187959.2086468,518995.8476403726
587,9918.259342,0.03041,0.0,240.778702166666,9677.450229833334,400.0,330456.41550159774,0.0,183672.06450560573,514128.48000720347,331036.63899357256,0.0,187959.2086468,518995.8476403726
588,9916.857998,0.03198,792.044605860605,0.0,10708.870623860605,1096.99925315733,330456.41550159774,0.0,183672.06450560573,514128.48000720347,331036.63899357256,0.0,187959.2086468,518995.8476403726
589,9915.456654,0.023396,455.630015921216,0.0,10371.063273921216,1497.953667168,330456.41550159774,0.0,183672.06450560573,514128.48000720347,331036.63899357256,0.0,187959.2086468,518995.8476403726
590,9914.055309,0.021096,794.836410860607,0.0,10708.870623860606,2197.40970872534,330456.41550159774,0.0,183672.06450560573,514128.48000720347,331036.63899357256,0.0,187959.2086468,518995.8476403726
591,9912.653965,0.013083000000000001,796.229741860607,0.0,10708.870623860606,2898.09188156267,330456.41550159774,0.0,183672.06450560573,514128.48000720347,331036.63899357256,0.0,187959.2086468,518995.8476403726
592,9911.252621,0.0048590000000000005,797.622861860607,0.0,10708.870623860606,3600.0,330456.41550159774,0.0,183672.06450560573,514128.48000720347,331036.63899357256,0.0,187959.2086468,518995.8476403726
593,9910.000949,0.0,0.0,1000.0,8910.000949,2600.0,330456.41550159774,0.0,183672.06450560573,514128.48000720347,331036.63899357256,0.0,187959.2086468,518995.8476403726
594,9908.799797,0.0,0.0,1000.0,8908.799797,1600.0,330456.41550159774,0.0,183672.06450560573,514128.48000720347,331036.63899357256,0.0,187959.2086468,518995.8476403726
595,9907.598645,0.0,0.0,971.052736833338,8936.545908166661,628.947263166667,330456.41550159774,0.0,183672.06450560573,514128.48000720347,331036.63899357256,0.0,187959.2086468,518995.8476403726
596,9906.397493,0.0,0.0,228.947263166667,9677.450229833334,400.0,330456.41550159774,0.0,183672.06450560573,514128.48000720347,331036.63899357256,0.0,187959.2086468,518995.8476403726
597,9905.19634,0.0,803.67428386061,0.0,10708.87062386061,1107.23336979734,330456.41550159774,0.0,183672.06450560573,514128.48000720347,331036.63899357256,0.0,187959.2086468,518995.8476403726
598,9903.995188,0.0,804.875435860606,0.0,10708.870623860606,1815.52375335467,330456.41550159774,0.0,183672.06450560573,514128.48000720347,331036.63899357256,0.0,187959.2086468,518995.8476403726
599,9902.794036,0.0,402.448064921209,0.0,10305.242100921208,2169.67805048533,330456.41550159774,0.0,183672.06450560573,514128.48000720347,331036.63899357256,0.0,187959.2086468,518995.8476403726
600,9901.592884,0.0,0.0,0.0,9901.592884,2169.67805048533,330456.41550159774,0.0,183672.06450560573,514128.48000720347,331036.63899357256,0.0,187959.2086468,518995.8476403726
601,9900.391731,0.0,0.0,0.0,9900.391731,2169.67805048533,330456.41550159774,0.0,183672.06450560573,514128.48000720347,331036.63899357256,0.0,187959.2086468,518995.8476403726
602,9899.190579,0.0,0.0,0.0,9899.190579,2169.67805048533,330456.41550159774,0.0,183672.06450560573,514128.48000720347,331036.63899357256,0.0,187959.2086468,518995.8476403726
603,9897.989427,0.0,0.0,0.0,9897.989427,2169.67805048533,330456.41550159774,0.0,183672.06450560573,514128.48000720347,331036.63899357256,0.0,187959.2086468,518995.8476403726
604,9896.788274,0.0,812.082349860606,0.0,10708.870623860606,2884.31051836267,330456.41550159774,0.0,183672.06450560573,514128.48000720347,331036.63899357256,0.0,187959.2086468,518995.8476403726
605,9895.587122,0.0,813.283501860606,0.0,10708.870623860606,3600.0,330456.41550159774,0.0,183672.06450560573,514128.48000720347,331036.63899357256,0.0,187959.2086468,518995.8476403726
606,9894.38597,0.0,0.0,1000.0,8894.38597,2600.0,330456.41550159774,0.0,183672.06450560573,514128.48000720347,331036.63899357256,0.0,187959.2086468,518995.8476403726
607,9893.184818,0.0069500000000000004,0.0,1000.0,8893.177867999999,1600.0,330456.41550159774,0.0,183672.06450560573,514128.48000720347,331036.63899357256,0.0,187959.2086468,518995.8476403726
608,9891.925492,0.023245000000000002,0.0,565.0930785,9326.8091685,1034.9069215,330456.41550159774,0.0,183672.06450560573,514128.48000720347,331036.63899357256,0.0,187959.2086468,518995.8476403726
609,9890.524148,0.034054,0.0,213.039864166667,9677.450229833334,821.867057333333,330456.41550159774,0.0,183672.06450560573,514128.48000720347,331036.63899357256,0.0,187959.2086468,518995.8476403726
610,9889.122803,0.038332000000000005,0.0,211.634241166666,9677.450229833334,610.232816166666,330456.41550159774,0.0,183672.06450560573,514128.48000720347,331036.63899357256,0.0,187959.2086468,518995.8476403726
611,9887.721459,0.038412999999999996,0.0,210.232816166666,9677.450229833334,400.0,330456.41550159774,0.0,183672.06450560573,514128.48000720347,331036.63899357256,0.0,187959.2086468,518995.8476403726
612,9886.320115,0.039890999999999996,822.590399860602,0.0,10708.870623860603,1123.87955187733,330456.41550159774,0.0,183672.06450560573,514128.48000720347,331036.63899357256,0.0,187959.2086468,518995.8476403726
613,9884.946444,0.036141,823.960320860608,0.0,10708.870623860606,1848.96463423467,330456.41550159774,0.0,183672.06450560573,514128.48000720347,331036.63899357256,0.0,187959.2086468,518995.8476403726
614,9883.745292,0.027808,335.934999921214,0.0,10219.652483921212,2144.58743416533,330456.41550159774,0.0,183672.06450560573,514128.48000720347,331036.63899357256,0.0,187959.2086468,518995.8476403726
615,9882.544139,0.020099000000000002,826.346583860606,0.0,10708.870623860606,2871.77242796267,330456.41550159774,0.0,183672.06450560573,514128.48000720347,331036.63899357256,0.0,187959.2086468,518995.8476403726
616,9881.342987,0.003695,827.531331860606,0.0,10708.870623860606,3600.0,330456.41550159774,0.0,183672.06450560573,514128.48000720347,331036.63899357256,0.0,187959.2086468,518995.8476403726
617,9880.141835,0.0,0.0,1000.0,8880.141835,2600.0,330456.41550159774,0.0,183672.06450560573,514128.48000720347,331036.63899357256,0.0,187959.2086468,518995.8476403726
618,9878.940683,0.0,0.0,1000.0,8878.940683,1600.0,330456.41550159774,0.0,183672.06450560573,514128.48000720347,331036.63899357256,0.0,187959.2086468,518995.8476403726
619,9877.542165,0.0,0.0,200.091935166667,9677.450229833334,1399.90806483334,330456.41550159774,0.0,183672.06450560573,514128.48000720347,331036.63899357256,0.0,187959.2086468,518995.8476403726
620,9876.14082,0.0,0.0,999.908064833335,8876.232755166666,400.0,330456.41550159774,0.0,183672.06450560573,514128.48000720347,331036.63899357256,0.0,187959.2086468,518995.8476403726
621,9874.739476,0.0,834.131147860613,0.0,10708.870623860614,1134.03541011734,330456.41550159774,0.0,183672.06450560573,514128.48000720347,331036.63899357256,0.0,187959.2086468,518995.8476403726
622,9873.338132,0.0,835.532491860604,0.0,10708.870623860605,1869.30400295467,330456.41550159774,0.0,183672.06450560573,514128.48000720347,331036.63899357256,0.0,187959.2086468,518995.8476403726
623,9871.936787,0.0,277.281169921207,0.0,10149.217956921208,2113.31143248533,330456.41550159774,0.0,183672.06450560573,514128.48000720347,331036.63899357256,0.0,187959.2086468,518995.8476403726
624,9870.535443,0.0,0.0,0.0,9870.535443,2113.31143248533,330456.41550159774,0.0,183672.06450560573,514128.48000720347,331036.63899357256,0.0,187959.2086468,518995.8476403726
625,9869.134099,0.0,0.0,0.0,9869.134099,2113.31143248533,330456.41550159774,0.0,183672.06450560573,514128.48000720347,331036.63899357256,0.0,187959.2086468,518995.8476403726
626,9867.732754,0.0,0.0,0.0,9867.732754,2113.31143248533,330456.41550159774,0.0,183672.06450560573,514128.48000720347,331036.63899357256,0.0,187959.2086468,518995.8476403726
627,9866.33141,0.0,0.0,0.0,9866.33141,2113.31143248533,330456.41550159774,0.0,183672.06450560573,514128.48000720347,331036.63899357256,0.0,187959.2086468,518995.8476403726
628,9864.930066,0.0,843.940557860606,0.0,10708.870623860606,2855.97912340267,330456.41550159774,0.0,183672.06450560573,514128.48000720347,331036.63899357256,0.0,187959.2086468,518995.8476403726
629,9863.392355,0.0,845.478268860606,0.0,10708.870623860606,3600.0,330456.41550159774,0.0,183672.06450560573,514128.48000720347,331036.63899357256,0.0,187959.2086468,518995.8476403726
630,9861.790819,0.0,0.0,1000.0,8861.790819,2600.0,330456.41550159774,0.0,183672.06450560573,514128.48000720347,331036.63899357256,0.0,187959.2086468,518995.8476403726
631,9860.189283,0.007497,0.0,1000.0,8860.181786,1600.0,330456.41550159774,0.0,183672.06450560573,514128.48000720347,331036.63899357256,0.0,187959.2086468,518995.8476403726
632,9858.587746,0.017988,0.0,665.885179499999,9192.6845785,934.114820500001,330456.41550159774,0.0,183672.06450560573,514128.48000720347,331036.63899357256,0.0,187959.2086468,518995.8476403726
633,9856.98621,0.030834,0.0,179.505146166666,9677.450229833334,754.609674333335,330456.41550159774,0.0,183672.06450560573,514128.48000720347,331036.63899357256,0.0,187959.2086468,518995.8476403726
634,9855.49054,0.03253,0.0,178.007780166667,9677.450229833334,576.601894166668,330456.41550159774,0.0,183672.06450560573,514128.48000720347,331036.63899357256,0.0,187959.2086468,518995.8476403726
635,9854.089196,0.037072,0.0,176.601894166668,9677.450229833334,400.0,330456.41550159774,0.0,183672.06450560573,514128.48000720347,331036.63899357256,0.0,187959.2086468,518995.8476403726
636,9852.687851,0.03646,856.219232860606,0.0,10708.870623860606,1153.47292491733,330456.41550159774,0.0,183672.06450560573,514128.48000720347,331036.63899357256,0.0,187959.2086468,518995.8476403726
637,9851.286507,0.030365,857.614481860606,0.0,10708.870623860606,1908.17366895467,330456.41550159774,0.0,183672.06450560573,514128.48000720347,331036.63899357256,0.0,187959.2086468,518995.8476403726
638,9849.885163,0.028721,859.014181860599,0.0,10708.8706238606,2664.10614899199,330456.41550159774,0.0,183672.06450560573,514128.48000720347,331036.63899357256,0.0,187959.2086468,518995.8476403726
639,9848.483818,0.018737,201.72149192122,0.0,10050.18657292122,2841.62106188267,330456.41550159774,0.0,183672.06450560573,514128.48000720347,331036.63899357256,0.0,187959.2086468,518995.8476403726
640,9847.082474,0.006098,861.794247860606,0.0,10708.870623860606,3600.0,330456.41550159774,0.0,183672.06450560573,514128.48000720347,331036.63899357256,0.0,187959.2086468,518995.8476403726
641,9845.68113,0.0,0.0,1000.0,8845.68113,2600.0,330456.41550159774,0.0,183672.06450560573,514128.48000720347,331036.63899357256,0.0,187959.2086468,518995.8476403726
642,9844.279785,0.0,0.0,1000.0,8844.279785,1600.0,330456.41550159774,0.0,183672.06450560573,514128.48000720347,331036.63899357256,0.0,187959.2086468,518995.8476403726
643,9842.878441,0.0,0.0,1000.0,8842.878441,600.0,330456.41550159774,0.0,183672.06450560573,514128.48000720347,331036.63899357256,0.0,187959.2086468,518995.8476403726
644,9841.611696,0.0,0.0,200.0,9641.611696,400.0,330456.41550159774,0.0,183672.06450560573,514128.48000720347,331036.63899357256,0.0,187959.2086468,518995.8476403726
645,9840.810928,0.0,0.0,0.0,9840.810928,400.0,330456.41550159774,0.0,183672.06450560573,514128.48000720347,331036.63899357256,0.0,187959.2086468,518995.8476403726
646,9840.01016,0.0,0.0,0.0,9840.01016,400.0,330456.41550159774,0.0,183672.06450560573,514128.48000720347,331036.63899357256,0.0,187959.2086468,518995.8476403726
647,9839.209392,0.0,0.0,0.0,9839.209392,400.0,330456.41550159774,0.0,183672.06450560573,514128.48000720347,331036.63899357256,0.0,187959.2086468,518995.8476403726
648,9838.408624,0.0,0.0,0.0,9838.408624,400.0,330456.41550159774,0.0,183672.06450560573,514128.48000720347,331036.63899357256,0.0,187959.2086468,518995.8476403726
649,9837.823356,0.0,0.0,0.0,9837.823356,400.0,330456.41550159774,0.0,183672.06450560573,514128.48000720347,331036.63899357256,0.0,187959.2086468,518995.8476403726
650,9840.025469,0.0,0.0,0.0,9840.025469,400.0,330456.41550159774,0.0,183672.06450560573,514128.48000720347,331036.63899357256,0.0,187959.2086468,518995.8476403726
651,9842.227581,0.0,0.0,0.0,9842.227581,400.0,330456.41550159774,0.0,183672.06450560573,514128.48000720347,331036.63899357256,0.0,187959.2086468,518995.8476403726
652,9844.429694,0.0,0.0,0.0,9844.429694,400.0,330456.41550159774,0.0,183672.06450560573,514128.48000720347,331036.63899357256,0.0,187959.2086468,518995.8476403726
653,9846.631806,0.0,0.0,0.0,9846.631806,400.0,330456.41550159774,0.0,183672.06450560573,514128.48000720347,331036.63899357256,0.0,187959.2086468,518995.8476403726
654,9848.833919,0.0,0.0,0.0,9848.833919,400.0,330456.41550159774,0.0,183672.06450560573,514128.48000720347,331036.63899357256,0.0,187959.2086468,518995.8476403726
655,9850.851972,0.014369999999999999,0.0,0.0,9850.837602,400.0,330456.41550159774,0.0,183672.06450560573,514128.48000720347,331036.63899357256,0.0,187959.2086468,518995.8476403726
656,9852.853893,0.024835000000000003,0.0,0.0,9852.829058,400.0,330456.41550159774,0.0,183672.06450560573,514128.48000720347,331036.63899357256,0.0,187959.2086468,518995.8476403726
657,9854.855813,0.031306,0.0,0.0,9854.824507,400.0,330456.41550159774,0.0,183672.06450560573,514128.48000720347,331036.63899357256,0.0,187959.2086468,518995.8476403726
658,9856.857734,0.036097000000000004,0.0,0.0,9856.821637,400.0,330456.41550159774,0.0,183672.06450560573,514128.48000720347,331036.63899357256,0.0,187959.2086468,518995.8476403726
659,9858.859654,0.035875000000000004,0.0,0.0,9858.823779,400.0,330456.41550159774,0.0,183672.06450560573,514128.48000720347,331036.63899357256,0.0,187959.2086468,518995.8476403726
660,9860.400897,0.035837,0.0,0.0,9860.36506,400.0,330456.41550159774,0.0,183672.06450560573,514128.48000720347,331036.63899357256,0.0,187959.2086468,518995.8476403726
661,9861.802242,0.034896,0.0,0.0,9861.767346,400.0,330456.41550159774,0.0,183672.06450560573,514128.48000720347,331036.63899357256,0.0,187959.2086468,518995.8476403726
662,9863.203586,0.027265,845.694302860592,0.0,10708.870623860592,1144.21098651732,330456.41550159774,0.0,183672.06450560573,514128.48000720347,331036.63899357256,0.0,187959.2086468,518995.8476403726
663,9864.60493,0.018607,844.284300860611,0.0,10708.87062386061,1887.18117127466,330456.41550159774,0.0,183672.06450560573,514128.48000720347,331036.63899357256,0.0,187959.2086468,518995.8476403726
664,9866.006275,0.004967,265.862034921222,0.0,10131.86334292122,2121.13976200533,330456.41550159774,0.0,183672.06450560573,514128.48000720347,331036.63899357256,0.0,187959.2086468,518995.8476403726
665,9866.669264,0.0,0.0,0.0,9866.669264,2121.13976200533,330456.41550159774,0.0,183672.06450560573,514128.48000720347,331036.63899357256,0.0,187959.2086468,518995.8476403726
666,9866.869456,0.0,0.0,0.0,9866.869456,2121.13976200533,330456.41550159774,0.0,183672.06450560573,514128.48000720347,331036.63899357256,0.0,187959.2086468,518995.8476403726
667,9867.069648,0.0,0.0,0.0,9867.069648,2121.13976200533,330456.41550159774,0.0,183672.06450560573,514128.48000720347,331036.63899357256,0.0,187959.2086468,518995.8476403726
668,9867.26984,0.0,0.0,0.0,9867.26984,2121.13976200533,330456.41550159774,0.0,183672.06450560573,514128.48000720347,331036.63899357256,0.0,187959.2086468,518995.8476403726
669,9867.470032,0.0,0.0,0.0,9867.470032,2121.13976200533,330456.41550159774,0.0,183672.06450560573,514128.48000720347,331036.63899357256,0.0,187959.2086468,518995.8476403726
670,9867.670224,0.0,0.0,0.0,9867.670224,2121.13976200533,330456.41550159774,0.0,183672.06450560573,514128.48000720347,331036.63899357256,0.0,187959.2086468,518995.8476403726
671,9867.870416,0.0,0.0,0.0,9867.870416,2121.13976200533,330456.41550159774,0.0,183672.06450560573,514128.48000720347,331036.63899357256,0.0,187959.2086468,518995.8476403726
672,9868.070608,0.0,0.0,0.0,9868.070608,2121.13976200533,330456.41550159774,0.0,183672.06450560573,514128.48000720347,331036.63899357256,0.0,187959.2086468,518995.8476403726
673,9868.2708,0.0,0.0,0.0,9868.2708,2121.13976200533,330456.41550159774,0.0,183672.06450560573,514128.48000720347,331036.63899357256,0.0,187959.2086468,518995.8476403726
674,9868.470992,0.0,0.0,0.0,9868.470992,2121.13976200533,330456.41550159774,0.0,183672.06450560573,514128.48000720347,331036.63899357256,0.0,187959.2086468,518995.8476403726
675,9868.609125,0.0,0.0,0.0,9868.609125,2121.13976200533,330456.41550159774,0.0,183672.06450560573,514128.48000720347,331036.63899357256,0.0,187959.2086468,518995.8476403726
676,9868.609125,0.0,840.261498860606,0.0,10708.870623860606,2860.56988100267,330456.41550159774,0.0,183672.06450560573,514128.48000720347,331036.63899357256,0.0,187959.2086468,518995.8476403726
677,9868.609125,0.0,840.261498860606,0.0,10708.870623860606,3600.0,330456.41550159774,0.0,183672.06450560573,514128.48000720347,331036.63899357256,0.0,187959.2086468,518995.8476403726
678,9868.609125,0.0,0.0,1000.0,8868.609125,2600.0,330456.41550159774,0.0,183672.06450560573,514128.48000720347,331036.63899357256,0.0,187959.2086468,518995.8476403726
679,9868.609125,0.005467,0.0,1000.0,8868.603658,1600.0,330456.41550159774,0.0,183672.06450560573,514128.48000720347,331036.63899357256,0.0,187959.2086468,518995.8476403726
680,9868.609125,0.023465,0.0,191.135430166667,9677.450229833334,1408.86456983333,330456.41550159774,0.0,183672.06450560573,514128.48000720347,331036.63899357256,0.0,187959.2086468,518995.8476403726
681,9868.609125,0.028231000000000003,0.0,626.606501499998,9241.974392500002,782.258068333334,330456.41550159774,0.0,183672.06450560573,514128.48000720347,331036.63899357256,0.0,187959.2086468,518995.8476403726
682,9868.609125,0.033682000000000004,0.0,191.125213166668,9677.450229833334,591.132855166667,330456.41550159774,0.0,183672.06450560573,514128.48000720347,331036.63899357256,0.0,187959.2086468,518995.8476403726
683,9868.609125,0.02604,0.0,191.132855166667,9677.450229833334,400.0,330456.41550159774,0.0,183672.06450560573,514128.48000720347,331036.63899357256,0.0,187959.2086468,518995.8476403726
684,9868.609125,0.034641,840.296139860606,0.0,10708.870623860606,1139.46060307733,330456.41550159774,0.0,183672.06450560573,514128.48000720347,331036.63899357256,0.0,187959.2086468,518995.8476403726
685,9868.610184,0.030933000000000002,840.2913728606,0.0,10708.8706238606,1878.91701119466,330456.41550159774,0.0,183672.06450560573,514128.48000720347,331036.63899357256,0.0,187959.2086468,518995.8476403726
686,9868.810376,0.024692000000000002,276.232054921218,0.0,10145.017738921217,2122.00121952533,330456.41550159774,0.0,183672.06450560573,514128.48000720347,331036.63899357256,0.0,187959.2086468,518995.8476403726
687,9869.010568,0.018666000000000002,839.878721860607,0.0,10708.870623860606,2861.09449476267,330456.41550159774,0.0,183672.06450560573,514128.48000720347,331036.63899357256,0.0,187959.2086468,518995.8476403726
688,9869.210761,0.005484,839.665346860605,0.0,10708.870623860606,3600.0,330456.41550159774,0.0,183672.06450560573,514128.48000720347,331036.63899357256,0.0,187959.2086468,518995.8476403726
689,9869.410953,0.0,0.0,1000.0,8869.410953,2600.0,330456.41550159774,0.0,183672.06450560573,514128.48000720347,331036.63899357256,0.0,187959.2086468,518995.8476403726
690,9869.611145,0.0,0.0,199.999999999995,9669.611145000006,2400.00000000001,330456.41550159774,0.0,183672.06450560573,514128.48000720347,331036.63899357256,0.0,187959.2086468,518995.8476403726
691,9869.982089,0.0,0.0,1000.0,8869.982089,1400.00000000001,330456.41550159774,0.0,183672.06450560573,514128.48000720347,331036.63899357256,0.0,187959.2086468,518995.8476403726
692,9870.382473,0.0,0.0,1000.0,8870.382473,400.0,330456.41550159774,0.0,183672.06450560573,514128.48000720347,331036.63899357256,0.0,187959.2086468,518995.8476403726
693,9870.782857,0.0,0.0,0.0,9870.782857,400.0,330456.41550159774,0.0,183672.06450560573,514128.48000720347,331036.63899357256,0.0,187959.2086468,518995.8476403726
694,9871.183241,0.0,0.0,0.0,9871.183241,400.0,330456.41550159774,0.0,183672.06450560573,514128.48000720347,331036.63899357256,0.0,187959.2086468,518995.8476403726
695,9871.583625,0.0,0.0,0.0,9871.583625,400.0,330456.41550159774,0.0,183672.06450560573,514128.48000720347,331036.63899357256,0.0,187959.2086468,518995.8476403726
696,9872.825522,0.0,0.0,0.0,9872.825522,400.0,330456.41550159774,0.0,183672.06450560573,514128.48000720347,331036.63899357256,0.0,187959.2086468,518995.8476403726
697,9874.427059,0.0,0.0,0.0,9874.427059,400.0,330456.41550159774,0.0,183672.06450560573,514128.48000720347,331036.63899357256,0.0,187959.2086468,518995.8476403726
698,9876.028595,0.0,0.0,0.0,9876.028595,400.0,330456.41550159774,0.0,183672.06450560573,514128.48000720347,331036.63899357256,0.0,187959.2086468,518995.8476403726
699,9877.630131,0.0,0.0,0.0,9877.630131,400.0,330456.41550159774,0.0,183672.06450560573,514128.48000720347,331036.63899357256,0.0,187959.2086468,518995.8476403726
700,9879.231668,0.0,0.0,0.0,9879.231668,400.0,330456.41550159774,0.0,183672.06450560573,514128.48000720347,331036.63899357256,0.0,187959.2086468,518995.8476403726
701,9880.613699,0.0,0.0,0.0,9880.613699,400.0,330456.41550159774,0.0,183672.06450560573,514128.48000720347,331036.63899357256,0.0,187959.2086468,518995.8476403726
702,9881.814852,0.0,0.0,0.0,9881.814852,400.0,330456.41550159774,0.0,183672.06450560573,514128.48000720347,331036.63899357256,0.0,187959.2086468,518995.8476403726
703,9883.016004,0.0,0.0,0.0,9883.016004,400.0,330456.41550159774,0.0,183672.06450560573,514128.48000720347,331036.63899357256,0.0,187959.2086468,518995.8476403726
704,9884.217156,0.009541000000000001,0.0,0.0,9884.207615000001,400.0,330456.41550159774,0.0,183672.06450560573,514128.48000720347,331036.63899357256,0.0,187959.2086468,518995.8476403726
705,9885.418308,0.026185,0.0,0.0,9885.392123,400.0,330456.41550159774,0.0,183672.06450560573,514128.48000720347,331036.63899357256,0.0,187959.2086468,518995.8476403726
706,9885.826936,0.025985,0.0,0.0,9885.800951,400.0,330456.41550159774,0.0,183672.06450560573,514128.48000720347,331036.63899357256,0.0,187959.2086468,518995.8476403726
707,9885.026168,0.034758000000000004,0.0,0.0,9884.99141,400.0,330456.41550159774,0.0,183672.06450560573,514128.48000720347,331036.63899357256,0.0,187959.2086468,518995.8476403726
708,9884.225399,0.028182,0.0,0.0,9884.197217,400.0,330456.41550159774,0.0,183672.06450560573,514128.48000720347,331036.63899357256,0.0,187959.2086468,518995.8476403726
709,9883.424631,0.006332,0.0,0.0,9883.418298999999,400.0,330456.41550159774,0.0,183672.06450560573,514128.48000720347,331036.63899357256,0.0,187959.2086468,518995.8476403726
710,9882.623863,0.009261,0.0,0.0,9882.614602000001,400.0,330456.41550159774,0.0,183672.06450560573,514128.48000720347,331036.63899357256,0.0,187959.2086468,518995.8476403726
711,9881.871847,0.015009000000000002,0.0,0.0,9881.856838,400.0,330456.41550159774,0.0,183672.06450560573,514128.48000720347,331036.63899357256,0.0,187959.2086468,518995.8476403726
712,9881.271271,0.006059,0.0,0.0,9881.265212,400.0,330456.41550159774,0.0,183672.06450560573,514128.48000720347,331036.63899357256,0.0,187959.2086468,518995.8476403726
713,9880.670695,0.0,0.0,0.0,9880.670695,400.0,330456.41550159774,0.0,183672.06450560573,514128.48000720347,331036.63899357256,0.0,187959.2086468,518995.8476403726
714,9880.070119,0.0,156.376776460606,0.0,10036.446895460605,537.611563285333,330456.41550159774,0.0,183672.06450560573,514128.48000720347,331036.63899357256,0.0,187959.2086468,518995.8476403726
715,9879.469543,0.0,0.0,0.0,9879.469543,537.611563285333,330456.41550159774,0.0,183672.06450560573,514128.48000720347,331036.63899357256,0.0,187959.2086468,518995.8476403726
716,9878.868967,0.0,0.0,0.0,9878.868967,537.611563285333,330456.41550159774,0.0,183672.06450560573,514128.48000720347,331036.63899357256,0.0,187959.2086468,518995.8476403726
717,9878.268391,0.0,830.602232860607,0.0,10708.870623860606,1268.54152820267,330456.41550159774,0.0,183672.06450560573,514128.48000720347,331036.63899357256,0.0,187959.2086468,518995.8476403726
718,9877.667815,0.0,831.202808860606,0.0,10708.870623860606,2000.0,330456.41550159774,0.0,183672.06450560573,514128.48000720347,331036.63899357256,0.0,187959.2086468,518995.8476403726
719,9877.067238,0.0,0.0,0.0,9877.067238,2000.0,330456.41550159774,0.0,183672.06450560573,514128.48000720347,331036.63899357256,0.0,187959.2086468,518995.8476403726
