time,Pload,Ppv,Pcharge,Pdischarge,Ptotal,state of charge,energy_charge_with_es,nem_charge_with_es,demand_charge_with_es,total_bill_with_es,energy_charge_without_es,nem_charge_without_es,demand_charge_without_es,total_bill_without_es
0,9966.658478,0.0,0.0,0.0,9966.658478,300.0,362320.29145050416,0.0,244686.46682591786,607006.758276422,362550.23195854237,0.0,245611.11582056002,608161.3477791024
1,9959.744551,0.0,0.0,0.0,9959.744551,300.0,362320.29145050416,0.0,244686.46682591786,607006.758276422,362550.23195854237,0.0,245611.11582056002,608161.3477791024
2,9952.737829,0.0,0.0,0.0,9952.737829,300.0,362320.29145050416,0.0,244686.46682591786,607006.758276422,362550.23195854237,0.0,245611.11582056002,608161.3477791024
3,9945.731108,0.0,0.0,0.0,9945.731108,300.0,362320.29145050416,0.0,244686.46682591786,607006.758276422,362550.23195854237,0.0,245611.11582056002,608161.3477791024
4,9938.724386,0.0,0.0,0.0,9938.724386,300.0,362320.29145050416,0.0,244686.46682591786,607006.758276422,362550.23195854237,0.0,245611.11582056002,608161.3477791024
5,9931.717665,0.000147,0.0,0.0,9931.717518,300.0,362320.29145050416,0.0,244686.46682591786,607006.758276422,362550.23195854237,0.0,245611.11582056002,608161.3477791024
6,9924.172662,0.002594,0.0,0.0,9924.170068000001,300.0,362320.29145050416,0.0,244686.46682591786,607006.758276422,362550.23195854237,0.0,245611.11582056002,608161.3477791024
7,9915.764596,0.011929,0.0,0.0,9915.752667,300.0,362320.29145050416,0.0,244686.46682591786,607006.758276422,362550.23195854237,0.0,245611.11582056002,608161.3477791024
8,9907.35653,0.022288000000000002,0.0,0.0,9907.334241999999,300.0,362320.29145050416,0.0,244686.46682591786,607006.758276422,362550.23195854237,0.0,245611.11582056002,608161.3477791024
9,9898.948464,0.029835,0.0,0.0,9898.918629,300.0,362320.29145050416,0.0,244686.46682591786,607006.758276422,362550.23195854237,0.0,245611.11582056002,608161.3477791024
10,9890.540399,0.034695000000000004,0.0,0.0,9890.505704,300.0,362320.29145050416,0.0,244686.46682591786,607006.758276422,362550.23195854237,0.0,245611.11582056002,608161.3477791024
11,9882.921089,0.036579,0.0,0.0,9882.88451,300.0,362320.29145050416,0.0,244686.46682591786,607006.758276422,362550.23195854237,0.0,245611.11582056002,608161.3477791024
12,9877.916288,0.035884,0.0,0.0,9877.880404,300.0,362320.29145050416,0.0,244686.46682591786,607006.758276422,362550.23195854237,0.0,245611.11582056002,608161.3477791024
13,9872.911487,0.03491,0.0,0.0,9872.876576999999,300.0,362320.29145050416,0.0,244686.46682591786,607006.758276422,362550.23195854237,0.0,245611.11582056002,608161.3477791024
14,9867.906686,0.029717,0.0,0.0,9867.876969,300.0,362320.29145050416,0.0,244686.46682591786,607006.758276422,362550.23195854237,0.0,245611.11582056002,608161.3477791024
15,9862.901885,0.019370000000000002,0.0,0.0,9862.882515,300.0,362320.29145050416,0.0,244686.46682591786,607006.758276422,362550.23195854237,0.0,245611.11582056002,608161.3477791024
16,9858.230933,0.01034,0.0,0.0,9858.220593,300.0,362320.29145050416,0.0,244686.46682591786,607006.758276422,362550.23195854237,0.0,245611.11582056002,608161.3477791024
17,9857.430165,0.003983,0.0,0.0,9857.426182,300.0,362320.29145050416,0.0,244686.46682591786,607006.758276422,362550.23195854237,0.0,245611.11582056002,608161.3477791024
18,9856.629397,0.00023200000000000003,0.0,0.0,9856.629165,300.0,362320.29145050416,0.0,244686.46682591786,607006.758276422,362550.23195854237,0.0,245611.11582056002,608161.3477791024
19,9855.828629,0.0,0.0,0.0,9855.828629,300.0,362320.29145050416,0.0,244686.46682591786,607006.758276422,362550.23195854237,0.0,245611.11582056002,608161.3477791024
20,9855.027861,0.0,0.0,0.0,9855.027861,300.0,362320.29145050416,0.0,244686.46682591786,607006.758276422,362550.23195854237,0.0,245611.11582056002,608161.3477791024
21,9854.227093,0.0,0.0,0.0,9854.227093,300.0,362320.29145050416,0.0,244686.46682591786,607006.758276422,362550.23195854237,0.0,245611.11582056002,608161.3477791024
22,9852.869555,0.0,0.0,0.0,9852.869555,300.0,362320.29145050416,0.0,244686.46682591786,607006.758276422,362550.23195854237,0.0,245611.11582056002,608161.3477791024
23,9851.468211,0.0,0.0,0.0,9851.468211,300.0,362320.29145050416,0.0,244686.46682591786,607006.758276422,362550.23195854237,0.0,245611.11582056002,608161.3477791024
24,9850.066866,0.0,0.0,0.0,9850.066866,300.0,362320.29145050416,0.0,244686.46682591786,607006.758276422,362550.23195854237,0.0,245611.11582056002,608161.3477791024
25,9848.665522,0.0,0.0,0.0,9848.665522,300.0,362320.29145050416,0.0,244686.46682591786,607006.758276422,362550.23195854237,0.0,245611.11582056002,608161.3477791024
26,9847.264178,0.0,0.0,0.0,9847.264178,300.0,362320.29145050416,0.0,244686.46682591786,607006.758276422,362550.23195854237,0.0,245611.11582056002,608161.3477791024
27,9846.328103,0.0,0.0,0.0,9846.328103,300.0,362320.29145050416,0.0,244686.46682591786,607006.758276422,362550.23195854237,0.0,245611.11582056002,608161.3477791024
28,9845.527335,0.0,0.0,0.0,9845.527335,300.0,362320.29145050416,0.0,244686.46682591786,607006.758276422,362550.23195854237,0.0,245611.11582056002,608161.3477791024
29,9844.726567,0.0,0.0,0.0,9844.726567,300.0,362320.29145050416,0.0,244686.46682591786,607006.758276422,362550.23195854237,0.0,245611.11582056002,608161.3477791024
30,9843.925799,0.002218,0.0,0.0,9843.923581000001,300.0,362320.29145050416,0.0,244686.46682591786,607006.758276422,362550.23195854237,0.0,245611.11582056002,608161.3477791024
31,9843.125031,0.011682000000000001,0.0,0.0,9843.113349,300.0,362320.29145050416,0.0,244686.46682591786,607006.758276422,362550.23195854237,0.0,245611.11582056002,608161.3477791024
32,9842.199672,0.02154,0.0,0.0,9842.178132000001,300.0,362320.29145050416,0.0,244686.46682591786,607006.758276422,362550.23195854237,0.0,245611.11582056002,608161.3477791024
33,9841.198712,0.029325,0.0,0.0,9841.169387,300.0,362320.29145050416,0.0,244686.46682591786,607006.758276422,362550.23195854237,0.0,245611.11582056002,608161.3477791024
34,9840.197752,0.03426100000000001,0.0,0.0,9840.163491,300.0,362320.29145050416,0.0,244686.46682591786,607006.758276422,362550.23195854237,0.0,245611.11582056002,608161.3477791024
35,9839.196792,0.036563000000000005,0.0,0.0,9839.160229000001,300.0,362320.29145050416,0.0,244686.46682591786,607006.758276422,362550.23195854237,0.0,245611.11582056002,608161.3477791024
36,9838.195831,0.035225,0.0,0.0,9838.160606000001,300.0,362320.29145050416,0.0,244686.46682591786,607006.758276422,362550.23195854237,0.0,245611.11582056002,608161.3477791024
37,9837.288961,0.033826,0.0,0.0,9837.255135,300.0,362320.29145050416,0.0,244686.46682591786,607006.758276422,362550.23195854237,0.0,245611.11582056002,608161.3477791024
38,9836.488193,0.028718,0.0,0.0,9836.459475,300.0,362320.29145050416,0.0,244686.46682591786,607006.758276422,362550.23195854237,0.0,245611.11582056002,608161.3477791024
39,9835.687425,0.02234,0.0,0.0,9835.665085,300.0,362320.29145050416,0.0,244686.46682591786,607006.758276422,362550.23195854237,0.0,245611.11582056002,608161.3477791024
40,9834.886657,0.013237,0.0,0.0,9834.87342,300.0,362320.29145050416,0.0,244686.46682591786,607006.758276422,362550.23195854237,0.0,245611.11582056002,608161.3477791024
41,9834.085889,0.0032300000000000002,0.0,0.0,9834.082659,300.0,362320.29145050416,0.0,244686.46682591786,607006.758276422,362550.23195854237,0.0,245611.11582056002,608161.3477791024
42,9833.22153,0.0,0.0,0.0,9833.22153,300.0,362320.29145050416,0.0,244686.46682591786,607006.758276422,362550.23195854237,0.0,245611.11582056002,608161.3477791024
43,9832.22057,0.0,0.0,0.0,9832.22057,300.0,362320.29145050416,0.0,244686.46682591786,607006.758276422,362550.23195854237,0.0,245611.11582056002,608161.3477791024
44,9831.21961,0.0,0.0,0.0,9831.21961,300.0,362320.29145050416,0.0,244686.46682591786,607006.758276422,362550.23195854237,0.0,245611.11582056002,608161.3477791024
45,9830.218649,0.0,0.0,0.0,9830.218649,300.0,362320.29145050416,0.0,244686.46682591786,607006.758276422,362550.23195854237,0.0,245611.11582056002,608161.3477791024
46,9829.217689,0.0,0.0,0.0,9829.217689,300.0,362320.29145050416,0.0,244686.46682591786,607006.758276422,362550.23195854237,0.0,245611.11582056002,608161.3477791024
47,9828.24982,0.0,0.0,0.0,9828.24982,300.0,362320.29145050416,0.0,244686.46682591786,607006.758276422,362550.23195854237,0.0,245611.11582056002,608161.3477791024
48,9827.449051,0.0,0.0,0.0,9827.449051,300.0,362320.29145050416,0.0,244686.46682591786,607006.758276422,362550.23195854237,0.0,245611.11582056002,608161.3477791024
49,9826.648283,0.0,0.0,0.0,9826.648283,300.0,362320.29145050416,0.0,244686.46682591786,607006.758276422,362550.23195854237,0.0,245611.11582056002,608161.3477791024
50,9825.847515,0.0,0.0,0.0,9825.847515,300.0,362320.29145050416,0.0,244686.46682591786,607006.758276422,362550.23195854237,0.0,245611.11582056002,608161.3477791024
51,9825.046747,0.0,0.0,0.0,9825.046747,300.0,362320.29145050416,0.0,244686.46682591786,607006.758276422,362550.23195854237,0.0,245611.11582056002,608161.3477791024
52,9824.248569,0.0,0.0,0.0,9824.248569,300.0,362320.29145050416,0.0,244686.46682591786,607006.758276422,362550.23195854237,0.0,245611.11582056002,608161.3477791024
53,9823.647993,0.0,0.0,0.0,9823.647993,300.0,362320.29145050416,0.0,244686.46682591786,607006.758276422,362550.23195854237,0.0,245611.11582056002,608161.3477791024
54,9823.047417,0.002585,0.0,0.0,9823.044832,300.0,362320.29145050416,0.0,244686.46682591786,607006.758276422,362550.23195854237,0.0,245611.11582056002,608161.3477791024
55,9822.446841,0.012714000000000001,0.0,0.0,9822.434127,300.0,362320.29145050416,0.0,244686.46682591786,607006.758276422,362550.23195854237,0.0,245611.11582056002,608161.3477791024
56,9821.846265,0.020917,0.0,0.0,9821.825348,300.0,362320.29145050416,0.0,244686.46682591786,607006.758276422,362550.23195854237,0.0,245611.11582056002,608161.3477791024
57,9821.245689,0.027846,0.0,0.0,9821.217842999999,300.0,362320.29145050416,0.0,244686.46682591786,607006.758276422,362550.23195854237,0.0,245611.11582056002,608161.3477791024
58,9820.300547,0.033201999999999995,72.7272727272727,0.0,9892.994617727272,364.0,362320.29145050416,0.0,244686.46682591786,607006.758276422,362550.23195854237,0.0,245611.11582056002,608161.3477791024
59,9819.299587,0.034765000000000004,100.0,0.0,9919.264822,452.0,362320.29145050416,0.0,244686.46682591786,607006.758276422,362550.23195854237,0.0,245611.11582056002,608161.3477791024
60,9818.298626,0.035921999999999996,100.0,0.0,9918.262704,540.0,362320.29145050416,0.0,244686.46682591786,607006.758276422,362550.23195854237,0.0,245611.11582056002,608161.3477791024
61,9817.297666,0.037906999999999996,0.0,100.0,9717.259759,440.0,362320.29145050416,0.0,244686.46682591786,607006.758276422,362550.23195854237,0.0,245611.11582056002,608161.3477791024
62,9816.296706,0.016621,0.0,100.0,9716.280084999999,340.0,362320.29145050416,0.0,244686.46682591786,607006.758276422,362550.23195854237,0.0,245611.11582056002,608161.3477791024
63,9815.579312,0.005086,0.0,100.0,9715.574226,240.0,362320.29145050416,0.0,244686.46682591786,607006.758276422,362550.23195854237,0.0,245611.11582056002,608161.3477791024
64,9814.978736,0.0045460000000000006,0.0,100.0,9714.974189999999,140.0,362320.29145050416,0.0,244686.46682591786,607006.758276422,362550.23195854237,0.0,245611.11582056002,608161.3477791024
65,9814.37816,0.004103,0.0,80.0,9734.374057,60.0,362320.29145050416,0.0,244686.46682591786,607006.758276422,362550.23195854237,0.0,245611.11582056002,608161.3477791024
66,9813.777583,0.00035099999999999997,0.0,0.0,9813.777231999999,60.0,362320.29145050416,0.0,244686.46682591786,607006.758276422,362550.23195854237,0.0,245611.11582056002,608161.3477791024
67,9813.177007,0.0,0.0,0.0,9813.177007,60.0,362320.29145050416,0.0,244686.46682591786,607006.758276422,362550.23195854237,0.0,245611.11582056002,608161.3477791024
68,9812.576431,0.0,0.0,0.0,9812.576431,60.0,362320.29145050416,0.0,244686.46682591786,607006.758276422,362550.23195854237,0.0,245611.11582056002,608161.3477791024
69,9811.975855,0.0,0.0,0.0,9811.975855,60.0,362320.29145050416,0.0,244686.46682591786,607006.758276422,362550.23195854237,0.0,245611.11582056002,608161.3477791024
70,9811.375279,0.0,0.0,0.0,9811.375279,60.0,362320.29145050416,0.0,244686.46682591786,607006.758276422,362550.23195854237,0.0,245611.11582056002,608161.3477791024
71,9810.774703,0.0,0.0,0.0,9810.774703,60.0,362320.29145050416,0.0,244686.46682591786,607006.758276422,362550.23195854237,0.0,245611.11582056002,608161.3477791024
72,9810.174127,0.0,0.0,0.0,9810.174127,60.0,362320.29145050416,0.0,244686.46682591786,607006.758276422,362550.23195854237,0.0,245611.11582056002,608161.3477791024
73,9809.57355,0.0,0.0,0.0,9809.57355,60.0,362320.29145050416,0.0,244686.46682591786,607006.758276422,362550.23195854237,0.0,245611.11582056002,608161.3477791024
74,9808.972974,0.0,0.0,0.0,9808.972974,60.0,362320.29145050416,0.0,244686.46682591786,607006.758276422,362550.23195854237,0.0,245611.11582056002,608161.3477791024
75,9808.372398,0.0,0.0,0.0,9808.372398,60.0,362320.29145050416,0.0,244686.46682591786,607006.758276422,362550.23195854237,0.0,245611.11582056002,608161.3477791024
76,9807.771822,0.0,0.0,0.0,9807.771822,60.0,362320.29145050416,0.0,244686.46682591786,607006.758276422,362550.23195854237,0.0,245611.11582056002,608161.3477791024
77,9807.171246,0.0,0.0,0.0,9807.171246,60.0,362320.29145050416,0.0,244686.46682591786,607006.758276422,362550.23195854237,0.0,245611.11582056002,608161.3477791024
78,9806.57067,0.00276,0.0,0.0,9806.56791,60.0,362320.29145050416,0.0,244686.46682591786,607006.758276422,362550.23195854237,0.0,245611.11582056002,608161.3477791024
79,9805.970094,0.007965,45.4545454545455,0.0,9851.416674454546,100.0,362320.29145050416,0.0,244686.46682591786,607006.758276422,362550.23195854237,0.0,245611.11582056002,608161.3477791024
80,9805.369518,0.006849,100.0,0.0,9905.362669,188.0,362320.29145050416,0.0,244686.46682591786,607006.758276422,362550.23195854237,0.0,245611.11582056002,608161.3477791024
81,9804.768941,0.011301,100.0,0.0,9904.75764,276.0,362320.29145050416,0.0,244686.46682591786,607006.758276422,362550.23195854237,0.0,245611.11582056002,608161.3477791024
82,9804.168365,0.027566,100.0,0.0,9904.140798999999,364.0,362320.29145050416,0.0,244686.46682591786,607006.758276422,362550.23195854237,0.0,245611.11582056002,608161.3477791024
83,9803.567789,0.020977,100.0,0.0,9903.546812,452.0,362320.29145050416,0.0,244686.46682591786,607006.758276422,362550.23195854237,0.0,245611.11582056002,608161.3477791024
84,9802.967213,0.022639,100.0,0.0,9902.944574,540.0,362320.29145050416,0.0,244686.46682591786,607006.758276422,362550.23195854237,0.0,245611.11582056002,608161.3477791024
85,9802.366637,0.020742999999999998,0.0,100.0,9702.345894,440.0,362320.29145050416,0.0,244686.46682591786,607006.758276422,362550.23195854237,0.0,245611.11582056002,608161.3477791024
86,9801.766061,0.014065,0.0,100.0,9701.751996,340.0,362320.29145050416,0.0,244686.46682591786,607006.758276422,362550.23195854237,0.0,245611.11582056002,608161.3477791024
87,9801.165485,0.019009,0.0,100.0,9701.146476,240.0,362320.29145050416,0.0,244686.46682591786,607006.758276422,362550.23195854237,0.0,245611.11582056002,608161.3477791024
88,9800.564908,0.013353,0.0,100.0,9700.551555,140.0,362320.29145050416,0.0,244686.46682591786,607006.758276422,362550.23195854237,0.0,245611.11582056002,608161.3477791024
89,9800.722236,0.004017000000000001,0.0,80.0,9720.718219,60.0,362320.29145050416,0.0,244686.46682591786,607006.758276422,362550.23195854237,0.0,245611.11582056002,608161.3477791024
90,9800.922428,0.0,0.0,0.0,9800.922428,60.0,362320.29145050416,0.0,244686.46682591786,607006.758276422,362550.23195854237,0.0,245611.11582056002,608161.3477791024
91,9801.12262,0.0,0.0,0.0,9801.12262,60.0,362320.29145050416,0.0,244686.46682591786,607006.758276422,362550.23195854237,0.0,245611.11582056002,608161.3477791024
92,9801.322812,0.0,0.0,0.0,9801.322812,60.0,362320.29145050416,0.0,244686.46682591786,607006.758276422,362550.23195854237,0.0,245611.11582056002,608161.3477791024
93,9801.523004,0.0,0.0,0.0,9801.523004,60.0,362320.29145050416,0.0,244686.46682591786,607006.758276422,362550.23195854237,0.0,245611.11582056002,608161.3477791024
94,9801.56422,0.0,0.0,0.0,9801.56422,60.0,362320.29145050416,0.0,244686.46682591786,607006.758276422,362550.23195854237,0.0,245611.11582056002,608161.3477791024
95,9801.56422,0.0,0.0,0.0,9801.56422,60.0,362320.29145050416,0.0,244686.46682591786,607006.758276422,362550.23195854237,0.0,245611.11582056002,608161.3477791024
96,9801.56422,0.0,0.0,0.0,9801.56422,60.0,362320.29145050416,0.0,244686.46682591786,607006.758276422,362550.23195854237,0.0,245611.11582056002,608161.3477791024
97,9801.56422,0.0,0.0,0.0,9801.56422,60.0,362320.29145050416,0.0,244686.46682591786,607006.758276422,362550.23195854237,0.0,245611.11582056002,608161.3477791024
98,9801.56422,0.0,0.0,0.0,9801.56422,60.0,362320.29145050416,0.0,244686.46682591786,607006.758276422,362550.23195854237,0.0,245611.11582056002,608161.3477791024
99,9801.692696,0.0,0.0,0.0,9801.692696,60.0,362320.29145050416,0.0,244686.46682591786,607006.758276422,362550.23195854237,0.0,245611.11582056002,608161.3477791024
100,9801.892888,0.0,0.0,0.0,9801.892888,60.0,362320.29145050416,0.0,244686.46682591786,607006.758276422,362550.23195854237,0.0,245611.11582056002,608161.3477791024
101,9802.09308,0.0,0.0,0.0,9802.09308,60.0,362320.29145050416,0.0,244686.46682591786,607006.758276422,362550.23195854237,0.0,245611.11582056002,608161.3477791024
102,9802.293272,0.000643,0.0,0.0,9802.292629000001,60.0,362320.29145050416,0.0,244686.46682591786,607006.758276422,362550.23195854237,0.0,245611.11582056002,608161.3477791024
103,9802.493464,0.009215,45.4545454545455,0.0,9847.938794454545,100.0,362320.29145050416,0.0,244686.46682591786,607006.758276422,362550.23195854237,0.0,245611.11582056002,608161.3477791024
104,9802.497704,0.017343,100.0,0.0,9902.480361,188.0,362320.29145050416,0.0,244686.46682591786,607006.758276422,362550.23195854237,0.0,245611.11582056002,608161.3477791024
105,9802.297512,0.017478999999999998,100.0,0.0,9902.280033,276.0,362320.29145050416,0.0,244686.46682591786,607006.758276422,362550.23195854237,0.0,245611.11582056002,608161.3477791024
106,9802.09732,0.029070000000000002,100.0,0.0,9902.06825,364.0,362320.29145050416,0.0,244686.46682591786,607006.758276422,362550.23195854237,0.0,245611.11582056002,608161.3477791024
107,9801.897128,0.032269,100.0,0.0,9901.864859000001,452.0,362320.29145050416,0.0,244686.46682591786,607006.758276422,362550.23195854237,0.0,245611.11582056002,608161.3477791024
108,9801.696936,0.038484000000000004,100.0,0.0,9901.658452,540.0,362320.29145050416,0.0,244686.46682591786,607006.758276422,362550.23195854237,0.0,245611.11582056002,608161.3477791024
109,9801.496744,0.034224,0.0,100.0,9701.46252,440.0,362320.29145050416,0.0,244686.46682591786,607006.758276422,362550.23195854237,0.0,245611.11582056002,608161.3477791024
110,9801.296552,0.02188,0.0,100.0,9701.274672,340.0,362320.29145050416,0.0,244686.46682591786,607006.758276422,362550.23195854237,0.0,245611.11582056002,608161.3477791024
111,9801.096359,0.011898,0.0,100.0,9701.084460999999,240.0,362320.29145050416,0.0,244686.46682591786,607006.758276422,362550.23195854237,0.0,245611.11582056002,608161.3477791024
112,9800.896167,0.00376,0.0,100.0,9700.892407000001,140.0,362320.29145050416,0.0,244686.46682591786,607006.758276422,362550.23195854237,0.0,245611.11582056002,608161.3477791024
113,9800.695975,0.001822,0.0,80.0,9720.694153,60.0,362320.29145050416,0.0,244686.46682591786,607006.758276422,362550.23195854237,0.0,245611.11582056002,608161.3477791024
114,9800.495783,0.0,0.0,0.0,9800.495783,60.0,362320.29145050416,0.0,244686.46682591786,607006.758276422,362550.23195854237,0.0,245611.11582056002,608161.3477791024
115,9800.295591,0.0,0.0,0.0,9800.295591,60.0,362320.29145050416,0.0,244686.46682591786,607006.758276422,362550.23195854237,0.0,245611.11582056002,608161.3477791024
116,9800.095399,0.0,0.0,0.0,9800.095399,60.0,362320.29145050416,0.0,244686.46682591786,607006.758276422,362550.23195854237,0.0,245611.11582056002,608161.3477791024
117,9799.895207,0.0,0.0,0.0,9799.895207,60.0,362320.29145050416,0.0,244686.46682591786,607006.758276422,362550.23195854237,0.0,245611.11582056002,608161.3477791024
118,9799.695015,0.0,0.0,0.0,9799.695015,60.0,362320.29145050416,0.0,244686.46682591786,607006.758276422,362550.23195854237,0.0,245611.11582056002,608161.3477791024
119,9799.488346,0.0,0.0,0.0,9799.488346,60.0,362320.29145050416,0.0,244686.46682591786,607006.758276422,362550.23195854237,0.0,245611.11582056002,608161.3477791024
120,9799.087962,0.0,0.0,0.0,9799.087962,60.0,362320.29145050416,0.0,244686.46682591786,607006.758276422,362550.23195854237,0.0,245611.11582056002,608161.3477791024
121,9798.687578,0.0,0.0,0.0,9798.687578,60.0,362320.29145050416,0.0,244686.46682591786,607006.758276422,362550.23195854237,0.0,245611.11582056002,608161.3477791024
122,9798.287194,0.0,0.0,0.0,9798.287194,60.0,362320.29145050416,0.0,244686.46682591786,607006.758276422,362550.23195854237,0.0,245611.11582056002,608161.3477791024
123,9797.88681,0.0,0.0,0.0,9797.88681,60.0,362320.29145050416,0.0,244686.46682591786,607006.758276422,362550.23195854237,0.0,245611.11582056002,608161.3477791024
124,9797.486426,0.0,0.0,0.0,9797.486426,60.0,362320.29145050416,0.0,244686.46682591786,607006.758276422,362550.23195854237,0.0,245611.11582056002,608161.3477791024
125,9797.086042,0.0,0.0,0.0,9797.086042,60.0,362320.29145050416,0.0,244686.46682591786,607006.758276422,362550.23195854237,0.0,245611.11582056002,608161.3477791024
126,9796.685658,0.0023889999999999996,0.0,0.0,9796.683269000001,60.0,362320.29145050416,0.0,244686.46682591786,607006.758276422,362550.23195854237,0.0,245611.11582056002,608161.3477791024
127,9796.285274,0.00614,45.4545454545455,0.0,9841.733679454546,100.0,362320.29145050416,0.0,244686.46682591786,607006.758276422,362550.23195854237,0.0,245611.11582056002,608161.3477791024
128,9795.88489,0.015705,100.0,0.0,9895.869185,188.0,362320.29145050416,0.0,244686.46682591786,607006.758276422,362550.23195854237,0.0,245611.11582056002,608161.3477791024
129,9795.484505,0.030045000000000002,100.0,0.0,9895.45446,276.0,362320.29145050416,0.0,244686.46682591786,607006.758276422,362550.23195854237,0.0,245611.11582056002,608161.3477791024
130,9795.084121,0.033375,100.0,0.0,9895.050745999999,364.0,362320.29145050416,0.0,244686.46682591786,607006.758276422,362550.23195854237,0.0,245611.11582056002,608161.3477791024
131,9794.683737,0.03631,100.0,0.0,9894.647427,452.0,362320.29145050416,0.0,244686.46682591786,607006.758276422,362550.23195854237,0.0,245611.11582056002,608161.3477791024
132,9794.283353,0.034746000000000006,100.0,0.0,9894.248607000001,540.0,362320.29145050416,0.0,244686.46682591786,607006.758276422,362550.23195854237,0.0,245611.11582056002,608161.3477791024
133,9793.882969,0.032092,0.0,100.0,9693.850877,440.0,362320.29145050416,0.0,244686.46682591786,607006.758276422,362550.23195854237,0.0,245611.11582056002,608161.3477791024
134,9793.482585,0.027098,0.0,100.0,9693.455487,340.0,362320.29145050416,0.0,244686.46682591786,607006.758276422,362550.23195854237,0.0,245611.11582056002,608161.3477791024
135,9793.31254,0.023005,0.0,100.0,9693.289535000002,240.0,362320.29145050416,0.0,244686.46682591786,607006.758276422,362550.23195854237,0.0,245611.11582056002,608161.3477791024
136,9793.31254,0.011885,0.0,100.0,9693.300655000001,140.0,362320.29145050416,0.0,244686.46682591786,607006.758276422,362550.23195854237,0.0,245611.11582056002,608161.3477791024
137,9793.31254,0.0008309999999999999,0.0,80.0,9713.311709000001,60.0,362320.29145050416,0.0,244686.46682591786,607006.758276422,362550.23195854237,0.0,245611.11582056002,608161.3477791024
138,9793.31254,0.0,0.0,0.0,9793.31254,60.0,362320.29145050416,0.0,244686.46682591786,607006.758276422,362550.23195854237,0.0,245611.11582056002,608161.3477791024
139,9793.31254,0.0,0.0,0.0,9793.31254,60.0,362320.29145050416,0.0,244686.46682591786,607006.758276422,362550.23195854237,0.0,245611.11582056002,608161.3477791024
140,9793.566548,0.0,0.0,0.0,9793.566548,60.0,362320.29145050416,0.0,244686.46682591786,607006.758276422,362550.23195854237,0.0,245611.11582056002,608161.3477791024
141,9794.167124,0.0,0.0,0.0,9794.167124,60.0,362320.29145050416,0.0,244686.46682591786,607006.758276422,362550.23195854237,0.0,245611.11582056002,608161.3477791024
142,9794.7677,0.0,0.0,0.0,9794.7677,60.0,362320.29145050416,0.0,244686.46682591786,607006.758276422,362550.23195854237,0.0,245611.11582056002,608161.3477791024
143,9795.368276,0.0,0.0,0.0,9795.368276,60.0,362320.29145050416,0.0,244686.46682591786,607006.758276422,362550.23195854237,0.0,245611.11582056002,608161.3477791024
144,9795.968852,0.0,0.0,0.0,9795.968852,60.0,362320.29145050416,0.0,244686.46682591786,607006.758276422,362550.23195854237,0.0,245611.11582056002,608161.3477791024
145,9796.677768,0.0,0.0,0.0,9796.677768,60.0,362320.29145050416,0.0,244686.46682591786,607006.758276422,362550.23195854237,0.0,245611.11582056002,608161.3477791024
146,9797.678728,0.0,0.0,0.0,9797.678728,60.0,362320.29145050416,0.0,244686.46682591786,607006.758276422,362550.23195854237,0.0,245611.11582056002,608161.3477791024
147,9798.679688,0.0,0.0,0.0,9798.679688,60.0,362320.29145050416,0.0,244686.46682591786,607006.758276422,362550.23195854237,0.0,245611.11582056002,608161.3477791024
148,9799.680648,0.0,0.0,0.0,9799.680648,60.0,362320.29145050416,0.0,244686.46682591786,607006.758276422,362550.23195854237,0.0,245611.11582056002,608161.3477791024
149,9800.681609,0.0,0.0,0.0,9800.681609,60.0,362320.29145050416,0.0,244686.46682591786,607006.758276422,362550.23195854237,0.0,245611.11582056002,608161.3477791024
150,9801.706239,0.0014399999999999999,0.0,0.0,9801.704799,60.0,362320.29145050416,0.0,244686.46682591786,607006.758276422,362550.23195854237,0.0,245611.11582056002,608161.3477791024
151,9802.907391,0.006793,0.0,0.0,9802.900598,60.0,362320.29145050416,0.0,244686.46682591786,607006.758276422,362550.23195854237,0.0,245611.11582056002,608161.3477791024
152,9804.108543,0.015283,0.0,0.0,9804.09326,60.0,362320.29145050416,0.0,244686.46682591786,607006.758276422,362550.23195854237,0.0,245611.11582056002,608161.3477791024
153,9805.309695,0.01194,0.0,0.0,9805.297755,60.0,362320.29145050416,0.0,244686.46682591786,607006.758276422,362550.23195854237,0.0,245611.11582056002,608161.3477791024
154,9806.510848,0.019486,0.0,0.0,9806.491362,60.0,362320.29145050416,0.0,244686.46682591786,607006.758276422,362550.23195854237,0.0,245611.11582056002,608161.3477791024
155,9807.712,0.025255,0.0,0.0,9807.686744999999,60.0,362320.29145050416,0.0,244686.46682591786,607006.758276422,362550.23195854237,0.0,245611.11582056002,608161.3477791024
156,9808.913152,0.030979,0.0,0.0,9808.882173,60.0,362320.29145050416,0.0,244686.46682591786,607006.758276422,362550.23195854237,0.0,245611.11582056002,608161.3477791024
157,9810.114305,0.027607,0.0,0.0,9810.086698,60.0,362320.29145050416,0.0,244686.46682591786,607006.758276422,362550.23195854237,0.0,245611.11582056002,608161.3477791024
158,9811.315457,0.012966,0.0,0.0,9811.302491,60.0,362320.29145050416,0.0,244686.46682591786,607006.758276422,362550.23195854237,0.0,245611.11582056002,608161.3477791024
159,9812.516609,0.010322,0.0,0.0,9812.506287,60.0,362320.29145050416,0.0,244686.46682591786,607006.758276422,362550.23195854237,0.0,245611.11582056002,608161.3477791024
160,9813.717761,0.005409,0.0,0.0,9813.712352,60.0,362320.29145050416,0.0,244686.46682591786,607006.758276422,362550.23195854237,0.0,245611.11582056002,608161.3477791024
161,9814.918914,0.002173,0.0,0.0,9814.916741,60.0,362320.29145050416,0.0,244686.46682591786,607006.758276422,362550.23195854237,0.0,245611.11582056002,608161.3477791024
162,9816.120066,0.0,0.0,0.0,9816.120066,60.0,362320.29145050416,0.0,244686.46682591786,607006.758276422,362550.23195854237,0.0,245611.11582056002,608161.3477791024
163,9817.321218,0.0,0.0,0.0,9817.321218,60.0,362320.29145050416,0.0,244686.46682591786,607006.758276422,362550.23195854237,0.0,245611.11582056002,608161.3477791024
164,9818.52237,0.0,0.0,0.0,9818.52237,60.0,362320.29145050416,0.0,244686.46682591786,607006.758276422,362550.23195854237,0.0,245611.11582056002,608161.3477791024
165,9819.723523,0.0,0.0,0.0,9819.723523,60.0,362320.29145050416,0.0,244686.46682591786,607006.758276422,362550.23195854237,0.0,245611.11582056002,608161.3477791024
166,9820.924675,0.0,0.0,0.0,9820.924675,60.0,362320.29145050416,0.0,244686.46682591786,607006.758276422,362550.23195854237,0.0,245611.11582056002,608161.3477791024
167,9822.125827,0.0,0.0,0.0,9822.125827,60.0,362320.29145050416,0.0,244686.46682591786,607006.758276422,362550.23195854237,0.0,245611.11582056002,608161.3477791024
168,9823.326979,0.0,0.0,0.0,9823.326979,60.0,362320.29145050416,0.0,244686.46682591786,607006.758276422,362550.23195854237,0.0,245611.11582056002,608161.3477791024
169,9824.528132,0.0,0.0,0.0,9824.528132,60.0,362320.29145050416,0.0,244686.46682591786,607006.758276422,362550.23195854237,0.0,245611.11582056002,608161.3477791024
170,9825.729284,0.0,0.0,0.0,9825.729284,60.0,362320.29145050416,0.0,244686.46682591786,607006.758276422,362550.23195854237,0.0,245611.11582056002,608161.3477791024
171,9827.847198,0.0,0.0,0.0,9827.847198,60.0,362320.29145050416,0.0,244686.46682591786,607006.758276422,362550.23195854237,0.0,245611.11582056002,608161.3477791024
172,9830.850079,0.0,0.0,0.0,9830.850079,60.0,362320.29145050416,0.0,244686.46682591786,607006.758276422,362550.23195854237,0.0,245611.11582056002,608161.3477791024
173,9833.852959,0.0,0.0,0.0,9833.852959,60.0,362320.29145050416,0.0,244686.46682591786,607006.758276422,362550.23195854237,0.0,245611.11582056002,608161.3477791024
174,9836.85584,0.00029099999999999997,0.0,0.0,9836.855549,60.0,362320.29145050416,0.0,244686.46682591786,607006.758276422,362550.23195854237,0.0,245611.11582056002,608161.3477791024
175,9839.858721,0.0011899999999999999,0.0,0.0,9839.857531,60.0,362320.29145050416,0.0,244686.46682591786,607006.758276422,362550.23195854237,0.0,245611.11582056002,608161.3477791024
176,9843.218414,0.004439,0.0,0.0,9843.213975,60.0,362320.29145050416,0.0,244686.46682591786,607006.758276422,362550.23195854237,0.0,245611.11582056002,608161.3477791024
177,9847.222255,0.007439,0.0,0.0,9847.214816,60.0,362320.29145050416,0.0,244686.46682591786,607006.758276422,362550.23195854237,0.0,245611.11582056002,608161.3477791024
178,9851.226096,0.011782,0.0,0.0,9851.214314,60.0,362320.29145050416,0.0,244686.46682591786,607006.758276422,362550.23195854237,0.0,245611.11582056002,608161.3477791024
179,9855.229937,0.01617,0.0,0.0,9855.213767,60.0,362320.29145050416,0.0,244686.46682591786,607006.758276422,362550.23195854237,0.0,245611.11582056002,608161.3477791024
180,9859.233778,0.021244,0.0,0.0,9859.212534,60.0,362320.29145050416,0.0,244686.46682591786,607006.758276422,362550.23195854237,0.0,245611.11582056002,608161.3477791024
181,9863.237619,0.023876,0.0,0.0,9863.213743,60.0,362320.29145050416,0.0,244686.46682591786,607006.758276422,362550.23195854237,0.0,245611.11582056002,608161.3477791024
182,9867.24146,0.019152000000000002,0.0,0.0,9867.222307999999,60.0,362320.29145050416,0.0,244686.46682591786,607006.758276422,362550.23195854237,0.0,245611.11582056002,608161.3477791024
183,9871.2453,0.014444000000000002,0.0,0.0,9871.230856,60.0,362320.29145050416,0.0,244686.46682591786,607006.758276422,362550.23195854237,0.0,245611.11582056002,608161.3477791024
184,9875.249141,0.006881,0.0,0.0,9875.24226,60.0,362320.29145050416,0.0,244686.46682591786,607006.758276422,362550.23195854237,0.0,245611.11582056002,608161.3477791024
185,9879.252982,0.0027400000000000002,0.0,0.0,9879.250242,60.0,362320.29145050416,0.0,244686.46682591786,607006.758276422,362550.23195854237,0.0,245611.11582056002,608161.3477791024
186,9883.225735,0.000144,0.0,0.0,9883.225591,60.0,362320.29145050416,0.0,244686.46682591786,607006.758276422,362550.23195854237,0.0,245611.11582056002,608161.3477791024
187,9886.628999,0.0,0.0,0.0,9886.628999,60.0,362320.29145050416,0.0,244686.46682591786,607006.758276422,362550.23195854237,0.0,245611.11582056002,608161.3477791024
188,9890.032264,0.0,0.0,0.0,9890.032264,60.0,362320.29145050416,0.0,244686.46682591786,607006.758276422,362550.23195854237,0.0,245611.11582056002,608161.3477791024
189,9893.435529,0.0,0.0,0.0,9893.435529,60.0,362320.29145050416,0.0,244686.46682591786,607006.758276422,362550.23195854237,0.0,245611.11582056002,608161.3477791024
190,9896.838794,0.0,0.0,0.0,9896.838794,60.0,362320.29145050416,0.0,244686.46682591786,607006.758276422,362550.23195854237,0.0,245611.11582056002,608161.3477791024
191,9900.242058,0.0,0.0,0.0,9900.242058,60.0,362320.29145050416,0.0,244686.46682591786,607006.758276422,362550.23195854237,0.0,245611.11582056002,608161.3477791024
192,9902.925103,0.0,0.0,0.0,9902.925103,60.0,362320.29145050416,0.0,244686.46682591786,607006.758276422,362550.23195854237,0.0,245611.11582056002,608161.3477791024
193,9905.527599,0.0,0.0,0.0,9905.527599,60.0,362320.29145050416,0.0,244686.46682591786,607006.758276422,362550.23195854237,0.0,245611.11582056002,608161.3477791024
194,9908.130096,0.0,0.0,0.0,9908.130096,60.0,362320.29145050416,0.0,244686.46682591786,607006.758276422,362550.23195854237,0.0,245611.11582056002,608161.3477791024
195,9910.732592,0.0,0.0,0.0,9910.732592,60.0,362320.29145050416,0.0,244686.46682591786,607006.758276422,362550.23195854237,0.0,245611.11582056002,608161.3477791024
196,9913.335089,0.0,0.0,0.0,9913.335089,60.0,362320.29145050416,0.0,244686.46682591786,607006.758276422,362550.23195854237,0.0,245611.11582056002,608161.3477791024
197,9916.087141,0.0,0.0,0.0,9916.087141,60.0,362320.29145050416,0.0,244686.46682591786,607006.758276422,362550.23195854237,0.0,245611.11582056002,608161.3477791024
198,9918.889829,0.002047,0.0,0.0,9918.887782,60.0,362320.29145050416,0.0,244686.46682591786,607006.758276422,362550.23195854237,0.0,245611.11582056002,608161.3477791024
199,9921.692518,0.010909,45.4545454545455,0.0,9967.136154454545,100.0,362320.29145050416,0.0,244686.46682591786,607006.758276422,362550.23195854237,0.0,245611.11582056002,608161.3477791024
200,9924.495207,0.021607,100.0,0.0,10024.4736,188.0,362320.29145050416,0.0,244686.46682591786,607006.758276422,362550.23195854237,0.0,245611.11582056002,608161.3477791024
201,9927.297895,0.029105000000000002,100.0,0.0,10027.26879,276.0,362320.29145050416,0.0,244686.46682591786,607006.758276422,362550.23195854237,0.0,245611.11582056002,608161.3477791024
202,9929.624362,0.03497,100.0,0.0,10029.589392,364.0,362320.29145050416,0.0,244686.46682591786,607006.758276422,362550.23195854237,0.0,245611.11582056002,608161.3477791024
203,9931.626283,0.037474,100.0,0.0,10031.588808999999,452.0,362320.29145050416,0.0,244686.46682591786,607006.758276422,362550.23195854237,0.0,245611.11582056002,608161.3477791024
204,9933.628203,0.038261,100.0,0.0,10033.589942,540.0,362320.29145050416,0.0,244686.46682591786,607006.758276422,362550.23195854237,0.0,245611.11582056002,608161.3477791024
205,9935.630124,0.035796999999999995,0.0,100.0,9835.594326999999,440.0,362320.29145050416,0.0,244686.46682591786,607006.758276422,362550.23195854237,0.0,245611.11582056002,608161.3477791024
206,9937.632044,0.031304,0.0,100.0,9837.60074,340.0,362320.29145050416,0.0,244686.46682591786,607006.758276422,362550.23195854237,0.0,245611.11582056002,608161.3477791024
207,9939.899631,0.023041000000000002,0.0,100.0,9839.87659,240.0,362320.29145050416,0.0,244686.46682591786,607006.758276422,362550.23195854237,0.0,245611.11582056002,608161.3477791024
208,9942.502128,0.009876,0.0,100.0,9842.492252,140.0,362320.29145050416,0.0,244686.46682591786,607006.758276422,362550.23195854237,0.0,245611.11582056002,608161.3477791024
209,9945.104624,0.0033650000000000004,0.0,80.0,9865.101259,60.0,362320.29145050416,0.0,244686.46682591786,607006.758276422,362550.23195854237,0.0,245611.11582056002,608161.3477791024
210,9947.707121,0.0,0.0,0.0,9947.707121,60.0,362320.29145050416,0.0,244686.46682591786,607006.758276422,362550.23195854237,0.0,245611.11582056002,608161.3477791024
211,9950.309618,0.0,0.0,0.0,9950.309618,60.0,362320.29145050416,0.0,244686.46682591786,607006.758276422,362550.23195854237,0.0,245611.11582056002,608161.3477791024
212,9952.912114,0.0,0.0,0.0,9952.912114,60.0,362320.29145050416,0.0,244686.46682591786,607006.758276422,362550.23195854237,0.0,245611.11582056002,608161.3477791024
213,9955.514611,0.0,0.0,0.0,9955.514611,60.0,362320.29145050416,0.0,244686.46682591786,607006.758276422,362550.23195854237,0.0,245611.11582056002,608161.3477791024
214,9958.117107,0.0,0.0,0.0,9958.117107,60.0,362320.29145050416,0.0,244686.46682591786,607006.758276422,362550.23195854237,0.0,245611.11582056002,608161.3477791024
215,9960.719604,0.0,0.0,0.0,9960.719604,60.0,362320.29145050416,0.0,244686.46682591786,607006.758276422,362550.23195854237,0.0,245611.11582056002,608161.3477791024
216,9963.3221,0.0,0.0,0.0,9963.3221,60.0,362320.29145050416,0.0,244686.46682591786,607006.758276422,362550.23195854237,0.0,245611.11582056002,608161.3477791024
217,9965.952153,0.0,0.0,0.0,9965.952153,60.0,362320.29145050416,0.0,244686.46682591786,607006.758276422,362550.23195854237,0.0,245611.11582056002,608161.3477791024
218,9968.754841,0.0,0.0,0.0,9968.754841,60.0,362320.29145050416,0.0,244686.46682591786,607006.758276422,362550.23195854237,0.0,245611.11582056002,608161.3477791024
219,9971.55753,0.0,0.0,0.0,9971.55753,60.0,362320.29145050416,0.0,244686.46682591786,607006.758276422,362550.23195854237,0.0,245611.11582056002,608161.3477791024
220,9974.360219,0.0,0.0,0.0,9974.360219,60.0,362320.29145050416,0.0,244686.46682591786,607006.758276422,362550.23195854237,0.0,245611.11582056002,608161.3477791024
221,9977.162907,0.0,0.0,0.0,9977.162907,60.0,362320.29145050416,0.0,244686.46682591786,607006.758276422,362550.23195854237,0.0,245611.11582056002,608161.3477791024
222,9979.965596,0.003206,0.0,0.0,9979.96239,60.0,362320.29145050416,0.0,244686.46682591786,607006.758276422,362550.23195854237,0.0,245611.11582056002,608161.3477791024
223,9982.373789,0.005771,45.4545454545455,0.0,10027.822563454545,100.0,362320.29145050416,0.0,244686.46682591786,607006.758276422,362550.23195854237,0.0,245611.11582056002,608161.3477791024
224,9984.776093,0.018298,100.0,0.0,10084.757795,188.0,362320.29145050416,0.0,244686.46682591786,607006.758276422,362550.23195854237,0.0,245611.11582056002,608161.3477791024
225,9987.178398,0.03063,100.0,0.0,10087.147768,276.0,362320.29145050416,0.0,244686.46682591786,607006.758276422,362550.23195854237,0.0,245611.11582056002,608161.3477791024
226,9989.580702,0.035338,100.0,0.0,10089.545364,364.0,362320.29145050416,0.0,244686.46682591786,607006.758276422,362550.23195854237,0.0,245611.11582056002,608161.3477791024
227,9991.983007,0.037552999999999996,100.0,0.0,10091.945454,452.0,362320.29145050416,0.0,244686.46682591786,607006.758276422,362550.23195854237,0.0,245611.11582056002,608161.3477791024
228,9995.219052,0.037138,100.0,0.0,10095.181914,540.0,362320.29145050416,0.0,244686.46682591786,607006.758276422,362550.23195854237,0.0,245611.11582056002,608161.3477791024
229,9998.622317,0.03529,0.0,100.0,9898.587027,440.0,362320.29145050416,0.0,244686.46682591786,607006.758276422,362550.23195854237,0.0,245611.11582056002,608161.3477791024
230,10002.02558,0.02606,0.0,100.0,9901.99952,340.0,362320.29145050416,0.0,244686.46682591786,607006.758276422,362550.23195854237,0.0,245611.11582056002,608161.3477791024
231,10005.42885,0.017497,0.0,100.0,9905.411353,240.0,362320.29145050416,0.0,244686.46682591786,607006.758276422,362550.23195854237,0.0,245611.11582056002,608161.3477791024
232,10008.83211,0.006526,0.0,100.0,9908.825584,140.0,362320.29145050416,0.0,244686.46682591786,607006.758276422,362550.23195854237,0.0,245611.11582056002,608161.3477791024
233,10013.18911,0.0020080000000000002,0.0,80.0,9933.187102,60.0,362320.29145050416,0.0,244686.46682591786,607006.758276422,362550.23195854237,0.0,245611.11582056002,608161.3477791024
234,10017.99372,0.000174,0.0,0.0,10017.993546,60.0,362320.29145050416,0.0,244686.46682591786,607006.758276422,362550.23195854237,0.0,245611.11582056002,608161.3477791024
235,10022.79833,0.0,0.0,0.0,10022.79833,60.0,362320.29145050416,0.0,244686.46682591786,607006.758276422,362550.23195854237,0.0,245611.11582056002,608161.3477791024
236,10027.60294,0.0,0.0,0.0,10027.60294,60.0,362320.29145050416,0.0,244686.46682591786,607006.758276422,362550.23195854237,0.0,245611.11582056002,608161.3477791024
237,10032.40755,0.0,0.0,0.0,10032.40755,60.0,362320.29145050416,0.0,244686.46682591786,607006.758276422,362550.23195854237,0.0,245611.11582056002,608161.3477791024
238,10037.10641,0.0,0.0,0.0,10037.10641,60.0,362320.29145050416,0.0,244686.46682591786,607006.758276422,362550.23195854237,0.0,245611.11582056002,608161.3477791024
239,10041.71083,0.0,0.0,0.0,10041.71083,60.0,362320.29145050416,0.0,244686.46682591786,607006.758276422,362550.23195854237,0.0,245611.11582056002,608161.3477791024
240,10046.31525,0.0,0.0,0.0,10046.31525,60.0,362320.29145050416,0.0,244686.46682591786,607006.758276422,362550.23195854237,0.0,245611.11582056002,608161.3477791024
241,10050.91966,0.0,0.0,0.0,10050.91966,60.0,362320.29145050416,0.0,244686.46682591786,607006.758276422,362550.23195854237,0.0,245611.11582056002,608161.3477791024
242,10055.52408,0.0,0.0,0.0,10055.52408,60.0,362320.29145050416,0.0,244686.46682591786,607006.758276422,362550.23195854237,0.0,245611.11582056002,608161.3477791024
243,10060.27899,0.0,0.0,0.0,10060.27899,60.0,362320.29145050416,0.0,244686.46682591786,607006.758276422,362550.23195854237,0.0,245611.11582056002,608161.3477791024
244,10065.28379,0.0,0.0,0.0,10065.28379,60.0,362320.29145050416,0.0,244686.46682591786,607006.758276422,362550.23195854237,0.0,245611.11582056002,608161.3477791024
245,10070.2886,0.0,0.0,0.0,10070.2886,60.0,362320.29145050416,0.0,244686.46682591786,607006.758276422,362550.23195854237,0.0,245611.11582056002,608161.3477791024
246,10075.2934,0.0026680000000000002,0.0,0.0,10075.290732000001,60.0,362320.29145050416,0.0,244686.46682591786,607006.758276422,362550.23195854237,0.0,245611.11582056002,608161.3477791024
247,10080.2982,0.011446999999999999,45.4545454545455,0.0,10125.741298454544,100.0,362320.29145050416,0.0,244686.46682591786,607006.758276422,362550.23195854237,0.0,245611.11582056002,608161.3477791024
248,10085.48199,0.023291,100.0,0.0,10185.458699,188.0,362320.29145050416,0.0,244686.46682591786,607006.758276422,362550.23195854237,0.0,245611.11582056002,608161.3477791024
249,10091.28756,0.030083,100.0,0.0,10191.257477000001,276.0,362320.29145050416,0.0,244686.46682591786,607006.758276422,362550.23195854237,0.0,245611.11582056002,608161.3477791024
250,10097.09313,0.035691,100.0,0.0,10197.057439,364.0,362320.29145050416,0.0,244686.46682591786,607006.758276422,362550.23195854237,0.0,245611.11582056002,608161.3477791024
251,10102.8987,0.036851,100.0,0.0,10202.861848999999,452.0,362320.29145050416,0.0,244686.46682591786,607006.758276422,362550.23195854237,0.0,245611.11582056002,608161.3477791024
252,10108.70427,0.037649,100.0,0.0,10208.666621,540.0,362320.29145050416,0.0,244686.46682591786,607006.758276422,362550.23195854237,0.0,245611.11582056002,608161.3477791024
253,10114.28186,0.032323000000000005,0.0,100.0,10014.249537,440.0,362320.29145050416,0.0,244686.46682591786,607006.758276422,362550.23195854237,0.0,245611.11582056002,608161.3477791024
254,10116.88435,0.028478000000000003,0.0,100.0,10016.855872,340.0,362320.29145050416,0.0,244686.46682591786,607006.758276422,362550.23195854237,0.0,245611.11582056002,608161.3477791024
255,10119.48685,0.022318,0.0,100.0,10019.464532,240.0,362320.29145050416,0.0,244686.46682591786,607006.758276422,362550.23195854237,0.0,245611.11582056002,608161.3477791024
256,10122.08935,0.005621,0.0,100.0,10022.083729,140.0,362320.29145050416,0.0,244686.46682591786,607006.758276422,362550.23195854237,0.0,245611.11582056002,608161.3477791024
257,10124.69184,0.002186,0.0,80.0,10044.689654,60.0,362320.29145050416,0.0,244686.46682591786,607006.758276422,362550.23195854237,0.0,245611.11582056002,608161.3477791024
258,10127.29434,0.000133,0.0,0.0,10127.294207,60.0,362320.29145050416,0.0,244686.46682591786,607006.758276422,362550.23195854237,0.0,245611.11582056002,608161.3477791024
259,10130.44866,0.0,0.0,0.0,10130.44866,60.0,362320.29145050416,0.0,244686.46682591786,607006.758276422,362550.23195854237,0.0,245611.11582056002,608161.3477791024
260,10133.65173,0.0,0.0,0.0,10133.65173,60.0,362320.29145050416,0.0,244686.46682591786,607006.758276422,362550.23195854237,0.0,245611.11582056002,608161.3477791024
261,10136.85481,0.0,0.0,0.0,10136.85481,60.0,362320.29145050416,0.0,244686.46682591786,607006.758276422,362550.23195854237,0.0,245611.11582056002,608161.3477791024
262,10140.05788,0.0,0.0,0.0,10140.05788,60.0,362320.29145050416,0.0,244686.46682591786,607006.758276422,362550.23195854237,0.0,245611.11582056002,608161.3477791024
263,10143.26095,0.0,0.0,0.0,10143.26095,60.0,362320.29145050416,0.0,244686.46682591786,607006.758276422,362550.23195854237,0.0,245611.11582056002,608161.3477791024
264,10146.46402,0.0,0.0,0.0,10146.46402,60.0,362320.29145050416,0.0,244686.46682591786,607006.758276422,362550.23195854237,0.0,245611.11582056002,608161.3477791024
265,10149.6671,0.0,0.0,0.0,10149.6671,60.0,362320.29145050416,0.0,244686.46682591786,607006.758276422,362550.23195854237,0.0,245611.11582056002,608161.3477791024
266,10152.87017,0.0,0.0,0.0,10152.87017,60.0,362320.29145050416,0.0,244686.46682591786,607006.758276422,362550.23195854237,0.0,245611.11582056002,608161.3477791024
267,10156.07324,0.0,0.0,0.0,10156.07324,60.0,362320.29145050416,0.0,244686.46682591786,607006.758276422,362550.23195854237,0.0,245611.11582056002,608161.3477791024
268,10159.27631,0.0,0.0,0.0,10159.27631,60.0,362320.29145050416,0.0,244686.46682591786,607006.758276422,362550.23195854237,0.0,245611.11582056002,608161.3477791024
269,10161.98762,0.0,0.0,0.0,10161.98762,60.0,362320.29145050416,0.0,244686.46682591786,607006.758276422,362550.23195854237,0.0,245611.11582056002,608161.3477791024
270,10164.38993,0.002297,0.0,0.0,10164.387632999998,60.0,362320.29145050416,0.0,244686.46682591786,607006.758276422,362550.23195854237,0.0,245611.11582056002,608161.3477791024
271,10166.79223,0.011972,45.4545454545455,0.0,10212.234803454545,100.0,362320.29145050416,0.0,244686.46682591786,607006.758276422,362550.23195854237,0.0,245611.11582056002,608161.3477791024
272,10169.19454,0.0212,100.0,0.0,10269.173340000001,188.0,362320.29145050416,0.0,244686.46682591786,607006.758276422,362550.23195854237,0.0,245611.11582056002,608161.3477791024
273,10171.59684,0.029988,100.0,0.0,10271.566852,276.0,362320.29145050416,0.0,244686.46682591786,607006.758276422,362550.23195854237,0.0,245611.11582056002,608161.3477791024
274,10174.18403,0.034718000000000006,100.0,0.0,10274.149312,364.0,362320.29145050416,0.0,244686.46682591786,607006.758276422,362550.23195854237,0.0,245611.11582056002,608161.3477791024
275,10176.98672,0.037785,100.0,0.0,10276.948935,452.0,362320.29145050416,0.0,244686.46682591786,607006.758276422,362550.23195854237,0.0,245611.11582056002,608161.3477791024
276,10179.7894,0.038047,100.0,0.0,10279.751353,540.0,362320.29145050416,0.0,244686.46682591786,607006.758276422,362550.23195854237,0.0,245611.11582056002,608161.3477791024
277,10182.59209,0.034673,0.0,100.0,10082.557417,440.0,362320.29145050416,0.0,244686.46682591786,607006.758276422,362550.23195854237,0.0,245611.11582056002,608161.3477791024
278,10185.39478,0.030215,0.0,100.0,10085.364565,340.0,362320.29145050416,0.0,244686.46682591786,607006.758276422,362550.23195854237,0.0,245611.11582056002,608161.3477791024
279,10188.07359,0.01771,0.0,100.0,10088.05588,240.0,362320.29145050416,0.0,244686.46682591786,607006.758276422,362550.23195854237,0.0,245611.11582056002,608161.3477791024
280,10190.47589,0.011719,0.0,100.0,10090.464171,140.0,362320.29145050416,0.0,244686.46682591786,607006.758276422,362550.23195854237,0.0,245611.11582056002,608161.3477791024
281,10192.8782,0.002888,0.0,80.0,10112.875311999998,60.0,362320.29145050416,0.0,244686.46682591786,607006.758276422,362550.23195854237,0.0,245611.11582056002,608161.3477791024
282,10195.2805,0.0,0.0,0.0,10195.2805,60.0,362320.29145050416,0.0,244686.46682591786,607006.758276422,362550.23195854237,0.0,245611.11582056002,608161.3477791024
283,10197.68281,0.0,0.0,0.0,10197.68281,60.0,362320.29145050416,0.0,244686.46682591786,607006.758276422,362550.23195854237,0.0,245611.11582056002,608161.3477791024
284,10200.14799,0.0,0.0,0.0,10200.14799,60.0,362320.29145050416,0.0,244686.46682591786,607006.758276422,362550.23195854237,0.0,245611.11582056002,608161.3477791024
285,10202.95068,0.0,0.0,0.0,10202.95068,60.0,362320.29145050416,0.0,244686.46682591786,607006.758276422,362550.23195854237,0.0,245611.11582056002,608161.3477791024
286,10205.75337,0.0,0.0,0.0,10205.75337,60.0,362320.29145050416,0.0,244686.46682591786,607006.758276422,362550.23195854237,0.0,245611.11582056002,608161.3477791024
287,10208.55606,0.0,0.0,0.0,10208.55606,60.0,362320.29145050416,0.0,244686.46682591786,607006.758276422,362550.23195854237,0.0,245611.11582056002,608161.3477791024
288,10211.35875,0.0,0.0,0.0,10211.35875,60.0,362320.29145050416,0.0,244686.46682591786,607006.758276422,362550.23195854237,0.0,245611.11582056002,608161.3477791024
289,10214.15955,0.0,0.0,0.0,10214.15955,60.0,362320.29145050416,0.0,244686.46682591786,607006.758276422,362550.23195854237,0.0,245611.11582056002,608161.3477791024
290,10216.56186,0.0,0.0,0.0,10216.56186,60.0,362320.29145050416,0.0,244686.46682591786,607006.758276422,362550.23195854237,0.0,245611.11582056002,608161.3477791024
291,10218.96416,0.0,0.0,0.0,10218.96416,60.0,362320.29145050416,0.0,244686.46682591786,607006.758276422,362550.23195854237,0.0,245611.11582056002,608161.3477791024
292,10221.36647,0.0,0.0,0.0,10221.36647,60.0,362320.29145050416,0.0,244686.46682591786,607006.758276422,362550.23195854237,0.0,245611.11582056002,608161.3477791024
293,10223.76877,0.0,0.0,0.0,10223.76877,60.0,362320.29145050416,0.0,244686.46682591786,607006.758276422,362550.23195854237,0.0,245611.11582056002,608161.3477791024
294,10226.17108,0.002455,0.0,0.0,10226.168625,60.0,362320.29145050416,0.0,244686.46682591786,607006.758276422,362550.23195854237,0.0,245611.11582056002,608161.3477791024
295,10228.23211,0.012638,45.4545454545455,0.0,10273.674017454547,100.0,362320.29145050416,0.0,244686.46682591786,607006.758276422,362550.23195854237,0.0,245611.11582056002,608161.3477791024
296,10230.23403,0.021716000000000003,100.0,0.0,10330.212314,188.0,362320.29145050416,0.0,244686.46682591786,607006.758276422,362550.23195854237,0.0,245611.11582056002,608161.3477791024
297,10232.23595,0.03036,100.0,0.0,10332.20559,276.0,362320.29145050416,0.0,244686.46682591786,607006.758276422,362550.23195854237,0.0,245611.11582056002,608161.3477791024
298,10234.23787,0.034645,100.0,0.0,10334.203225000001,364.0,362320.29145050416,0.0,244686.46682591786,607006.758276422,362550.23195854237,0.0,245611.11582056002,608161.3477791024
299,10236.23979,0.037966,100.0,0.0,10336.201824,452.0,362320.29145050416,0.0,244686.46682591786,607006.758276422,362550.23195854237,0.0,245611.11582056002,608161.3477791024
300,10238.52198,0.041667,100.0,0.0,10338.480313,540.0,362320.29145050416,0.0,244686.46682591786,607006.758276422,362550.23195854237,0.0,245611.11582056002,608161.3477791024
301,10240.92429,0.03347,0.0,100.0,10140.89082,440.0,362320.29145050416,0.0,244686.46682591786,607006.758276422,362550.23195854237,0.0,245611.11582056002,608161.3477791024
302,10243.32659,0.032756,0.0,100.0,10143.293834,340.0,362320.29145050416,0.0,244686.46682591786,607006.758276422,362550.23195854237,0.0,245611.11582056002,608161.3477791024
303,10245.7289,0.021407,0.0,100.0,10145.707493,240.0,362320.29145050416,0.0,244686.46682591786,607006.758276422,362550.23195854237,0.0,245611.11582056002,608161.3477791024
304,10248.1312,0.012762,0.0,100.0,10148.118438,140.0,362320.29145050416,0.0,244686.46682591786,607006.758276422,362550.23195854237,0.0,245611.11582056002,608161.3477791024
305,10250.75277,0.002584,0.0,80.0,10170.750186,60.0,362320.29145050416,0.0,244686.46682591786,607006.758276422,362550.23195854237,0.0,245611.11582056002,608161.3477791024
306,10253.55546,5.3e-05,0.0,0.0,10253.555407,60.0,362320.29145050416,0.0,244686.46682591786,607006.758276422,362550.23195854237,0.0,245611.11582056002,608161.3477791024
307,10256.35815,0.0,0.0,0.0,10256.35815,60.0,362320.29145050416,0.0,244686.46682591786,607006.758276422,362550.23195854237,0.0,245611.11582056002,608161.3477791024
308,10259.16084,0.0,0.0,0.0,10259.16084,60.0,362320.29145050416,0.0,244686.46682591786,607006.758276422,362550.23195854237,0.0,245611.11582056002,608161.3477791024
309,10261.96353,0.0,0.0,0.0,10261.96353,60.0,362320.29145050416,0.0,244686.46682591786,607006.758276422,362550.23195854237,0.0,245611.11582056002,608161.3477791024
310,10264.60795,0.0,0.0,0.0,10264.60795,60.0,362320.29145050416,0.0,244686.46682591786,607006.758276422,362550.23195854237,0.0,245611.11582056002,608161.3477791024
311,10267.01025,0.0,0.0,0.0,10267.01025,60.0,362320.29145050416,0.0,244686.46682591786,607006.758276422,362550.23195854237,0.0,245611.11582056002,608161.3477791024
312,10269.41256,0.0,0.0,0.0,10269.41256,60.0,362320.29145050416,0.0,244686.46682591786,607006.758276422,362550.23195854237,0.0,245611.11582056002,608161.3477791024
313,10271.81486,0.0,0.0,0.0,10271.81486,60.0,362320.29145050416,0.0,244686.46682591786,607006.758276422,362550.23195854237,0.0,245611.11582056002,608161.3477791024
314,10274.21717,0.0,0.0,0.0,10274.21717,60.0,362320.29145050416,0.0,244686.46682591786,607006.758276422,362550.23195854237,0.0,245611.11582056002,608161.3477791024
315,10276.57084,0.0,0.0,0.0,10276.57084,60.0,362320.29145050416,0.0,244686.46682591786,607006.758276422,362550.23195854237,0.0,245611.11582056002,608161.3477791024
316,10278.77295,0.0,0.0,0.0,10278.77295,60.0,362320.29145050416,0.0,244686.46682591786,607006.758276422,362550.23195854237,0.0,245611.11582056002,608161.3477791024
317,10280.97506,0.0,0.0,0.0,10280.97506,60.0,362320.29145050416,0.0,244686.46682591786,607006.758276422,362550.23195854237,0.0,245611.11582056002,608161.3477791024
318,10283.17717,0.0024649999999999997,0.0,0.0,10283.174705000001,60.0,362320.29145050416,0.0,244686.46682591786,607006.758276422,362550.23195854237,0.0,245611.11582056002,608161.3477791024
319,10285.37929,0.012785000000000001,0.0,0.0,10285.366505,60.0,362320.29145050416,0.0,244686.46682591786,607006.758276422,362550.23195854237,0.0,245611.11582056002,608161.3477791024
320,10287.5814,0.022974,0.0,0.0,10287.558426,60.0,362320.29145050416,0.0,244686.46682591786,607006.758276422,362550.23195854237,0.0,245611.11582056002,608161.3477791024
321,10289.78351,0.030772,0.0,0.0,10289.752738,60.0,362320.29145050416,0.0,244686.46682591786,607006.758276422,362550.23195854237,0.0,245611.11582056002,608161.3477791024
322,10291.98562,0.035076,0.0,0.0,10291.950544,60.0,362320.29145050416,0.0,244686.46682591786,607006.758276422,362550.23195854237,0.0,245611.11582056002,608161.3477791024
323,10294.18774,0.036761,0.0,0.0,10294.150979,60.0,362320.29145050416,0.0,244686.46682591786,607006.758276422,362550.23195854237,0.0,245611.11582056002,608161.3477791024
324,10296.38985,0.038262000000000004,0.0,0.0,10296.351588,60.0,362320.29145050416,0.0,244686.46682591786,607006.758276422,362550.23195854237,0.0,245611.11582056002,608161.3477791024
325,10298.59196,0.034251,0.0,0.0,10298.557709,60.0,362320.29145050416,0.0,244686.46682591786,607006.758276422,362550.23195854237,0.0,245611.11582056002,608161.3477791024
326,10300.23059,0.027960000000000002,0.0,0.0,10300.20263,60.0,362320.29145050416,0.0,244686.46682591786,607006.758276422,362550.23195854237,0.0,245611.11582056002,608161.3477791024
327,10301.83213,0.010846999999999999,0.0,0.0,10301.821283000001,60.0,362320.29145050416,0.0,244686.46682591786,607006.758276422,362550.23195854237,0.0,245611.11582056002,608161.3477791024
328,10303.43366,0.009167,0.0,0.0,10303.424493,60.0,362320.29145050416,0.0,244686.46682591786,607006.758276422,362550.23195854237,0.0,245611.11582056002,608161.3477791024
329,10305.0352,0.001425,0.0,0.0,10305.033775,60.0,362320.29145050416,0.0,244686.46682591786,607006.758276422,362550.23195854237,0.0,245611.11582056002,608161.3477791024
330,10306.63674,0.0,0.0,0.0,10306.63674,60.0,362320.29145050416,0.0,244686.46682591786,607006.758276422,362550.23195854237,0.0,245611.11582056002,608161.3477791024
331,10307.76629,0.0,0.0,0.0,10307.76629,60.0,362320.29145050416,0.0,244686.46682591786,607006.758276422,362550.23195854237,0.0,245611.11582056002,608161.3477791024
332,10308.76725,0.0,0.0,0.0,10308.76725,60.0,362320.29145050416,0.0,244686.46682591786,607006.758276422,362550.23195854237,0.0,245611.11582056002,608161.3477791024
333,10309.76821,0.0,0.0,0.0,10309.76821,60.0,362320.29145050416,0.0,244686.46682591786,607006.758276422,362550.23195854237,0.0,245611.11582056002,608161.3477791024
334,10310.76917,0.0,0.0,0.0,10310.76917,60.0,362320.29145050416,0.0,244686.46682591786,607006.758276422,362550.23195854237,0.0,245611.11582056002,608161.3477791024
335,10311.77013,0.0,0.0,0.0,10311.77013,60.0,362320.29145050416,0.0,244686.46682591786,607006.758276422,362550.23195854237,0.0,245611.11582056002,608161.3477791024
336,10312.89792,0.0,0.0,0.0,10312.89792,60.0,362320.29145050416,0.0,244686.46682591786,607006.758276422,362550.23195854237,0.0,245611.11582056002,608161.3477791024
337,10314.09907,0.0,0.0,0.0,10314.09907,60.0,362320.29145050416,0.0,244686.46682591786,607006.758276422,362550.23195854237,0.0,245611.11582056002,608161.3477791024
338,10315.30022,0.0,0.0,0.0,10315.30022,60.0,362320.29145050416,0.0,244686.46682591786,607006.758276422,362550.23195854237,0.0,245611.11582056002,608161.3477791024
339,10316.50138,0.0,0.0,0.0,10316.50138,60.0,362320.29145050416,0.0,244686.46682591786,607006.758276422,362550.23195854237,0.0,245611.11582056002,608161.3477791024
340,10317.70253,0.0,0.0,0.0,10317.70253,60.0,362320.29145050416,0.0,244686.46682591786,607006.758276422,362550.23195854237,0.0,245611.11582056002,608161.3477791024
341,10318.90368,0.0,0.0,0.0,10318.90368,60.0,362320.29145050416,0.0,244686.46682591786,607006.758276422,362550.23195854237,0.0,245611.11582056002,608161.3477791024
342,10320.10483,0.002585,0.0,0.0,10320.102245,60.0,362320.29145050416,0.0,244686.46682591786,607006.758276422,362550.23195854237,0.0,245611.11582056002,608161.3477791024
343,10321.30599,0.009263,0.0,0.0,10321.296727,60.0,362320.29145050416,0.0,244686.46682591786,607006.758276422,362550.23195854237,0.0,245611.11582056002,608161.3477791024
344,10322.50714,0.02299,0.0,0.0,10322.48415,60.0,362320.29145050416,0.0,244686.46682591786,607006.758276422,362550.23195854237,0.0,245611.11582056002,608161.3477791024
345,10323.70829,0.028947,0.0,0.0,10323.679343,60.0,362320.29145050416,0.0,244686.46682591786,607006.758276422,362550.23195854237,0.0,245611.11582056002,608161.3477791024
346,10324.97527,0.029987,0.0,0.0,10324.945283000001,60.0,362320.29145050416,0.0,244686.46682591786,607006.758276422,362550.23195854237,0.0,245611.11582056002,608161.3477791024
347,10326.37661,0.037615,0.0,0.0,10326.338995,60.0,362320.29145050416,0.0,244686.46682591786,607006.758276422,362550.23195854237,0.0,245611.11582056002,608161.3477791024
348,10327.77796,0.035373,0.0,0.0,10327.742586999999,60.0,362320.29145050416,0.0,244686.46682591786,607006.758276422,362550.23195854237,0.0,245611.11582056002,608161.3477791024
349,10329.1793,0.035035,0.0,0.0,10329.144264999999,60.0,362320.29145050416,0.0,244686.46682591786,607006.758276422,362550.23195854237,0.0,245611.11582056002,608161.3477791024
350,10330.58065,0.025733000000000002,0.0,0.0,10330.554917,60.0,362320.29145050416,0.0,244686.46682591786,607006.758276422,362550.23195854237,0.0,245611.11582056002,608161.3477791024
351,10331.84068,0.019361999999999997,0.0,0.0,10331.821318,60.0,362320.29145050416,0.0,244686.46682591786,607006.758276422,362550.23195854237,0.0,245611.11582056002,608161.3477791024
352,10332.44126,0.009239,0.0,0.0,10332.432020999999,60.0,362320.29145050416,0.0,244686.46682591786,607006.758276422,362550.23195854237,0.0,245611.11582056002,608161.3477791024
353,10333.04183,0.001608,0.0,0.0,10333.040222,60.0,362320.29145050416,0.0,244686.46682591786,607006.758276422,362550.23195854237,0.0,245611.11582056002,608161.3477791024
354,10333.64241,0.000101,0.0,0.0,10333.642309,60.0,362320.29145050416,0.0,244686.46682591786,607006.758276422,362550.23195854237,0.0,245611.11582056002,608161.3477791024
355,10334.24298,0.0,0.0,0.0,10334.24298,60.0,362320.29145050416,0.0,244686.46682591786,607006.758276422,362550.23195854237,0.0,245611.11582056002,608161.3477791024
356,10334.84839,0.0,0.0,0.0,10334.84839,60.0,362320.29145050416,0.0,244686.46682591786,607006.758276422,362550.23195854237,0.0,245611.11582056002,608161.3477791024
357,10335.64916,0.0,0.0,0.0,10335.64916,60.0,362320.29145050416,0.0,244686.46682591786,607006.758276422,362550.23195854237,0.0,245611.11582056002,608161.3477791024
358,10336.44992,0.0,1.81729006823251,0.0,10338.267210068232,61.5992152600446,362320.29145050416,0.0,244686.46682591786,607006.758276422,362550.23195854237,0.0,245611.11582056002,608161.3477791024
359,10337.25069,0.0,43.4724576704502,0.0,10380.723147670451,99.8549780100408,362320.29145050416,0.0,244686.46682591786,607006.758276422,362550.23195854237,0.0,245611.11582056002,608161.3477791024
360,10338.05146,0.0,42.6716876704504,0.0,10380.723147670451,137.406063160037,362320.29145050416,0.0,244686.46682591786,607006.758276422,362550.23195854237,0.0,245611.11582056002,608161.3477791024
361,10338.85223,0.0,41.8709176704506,0.0,10380.723147670451,174.252470710034,362320.29145050416,0.0,244686.46682591786,607006.758276422,362550.23195854237,0.0,245611.11582056002,608161.3477791024
362,10339.653,0.0,41.0701476704508,0.0,10380.723147670451,210.39420066003,362320.29145050416,0.0,244686.46682591786,607006.758276422,362550.23195854237,0.0,245611.11582056002,608161.3477791024
363,10340.45377,0.0,40.2693776704509,0.0,10380.723147670451,245.831253010027,362320.29145050416,0.0,244686.46682591786,607006.758276422,362550.23195854237,0.0,245611.11582056002,608161.3477791024
364,10341.25453,0.0,39.4686176704508,0.0,10380.723147670451,280.563636560024,362320.29145050416,0.0,244686.46682591786,607006.758276422,362550.23195854237,0.0,245611.11582056002,608161.3477791024
365,10342.0553,0.0,38.667847670451,0.0,10380.723147670451,314.591342510021,362320.29145050416,0.0,244686.46682591786,607006.758276422,362550.23195854237,0.0,245611.11582056002,608161.3477791024
366,10342.85607,0.0022069999999999998,37.8692846704507,0.0,10380.723147670451,347.916313020017,362320.29145050416,0.0,244686.46682591786,607006.758276422,362550.23195854237,0.0,245611.11582056002,608161.3477791024
367,10343.3688,0.011563,37.3659106704508,0.0,10380.723147670451,380.798314410014,362320.29145050416,0.0,244686.46682591786,607006.758276422,362550.23195854237,0.0,245611.11582056002,608161.3477791024
368,10343.76918,0.015958,36.9699256704516,0.0,10380.723147670451,413.331849000012,362320.29145050416,0.0,244686.46682591786,607006.758276422,362550.23195854237,0.0,245611.11582056002,608161.3477791024
369,10344.16957,0.029140000000000003,36.5827176704515,0.0,10380.723147670451,445.524640550009,362320.29145050416,0.0,244686.46682591786,607006.758276422,362550.23195854237,0.0,245611.11582056002,608161.3477791024
370,10344.56995,0.031192,36.1843896704522,0.0,10380.723147670451,477.366903460007,362320.29145050416,0.0,244686.46682591786,607006.758276422,362550.23195854237,0.0,245611.11582056002,608161.3477791024
371,10344.97033,0.036337,35.7891546704504,0.0,10380.723147670451,508.861359570003,362320.29145050416,0.0,244686.46682591786,607006.758276422,362550.23195854237,0.0,245611.11582056002,608161.3477791024
372,10345.37072,0.032390999999999996,35.3848186704508,0.0,10380.723147670451,540.0,362320.29145050416,0.0,244686.46682591786,607006.758276422,362550.23195854237,0.0,245611.11582056002,608161.3477791024
373,10345.7711,0.030015999999999998,0.0,55.5725225000006,10290.168561499999,484.427477499999,362320.29145050416,0.0,244686.46682591786,607006.758276422,362550.23195854237,0.0,245611.11582056002,608161.3477791024
374,10346.17149,0.025762,0.0,55.9771665000026,10290.168561499999,428.450310999997,362320.29145050416,0.0,244686.46682591786,607006.758276422,362550.23195854237,0.0,245611.11582056002,608161.3477791024
375,10346.57187,0.021699000000000003,0.0,56.3816095000002,10290.168561499999,372.068701499997,362320.29145050416,0.0,244686.46682591786,607006.758276422,362550.23195854237,0.0,245611.11582056002,608161.3477791024
376,10346.97225,0.008645,0.0,56.7950435000021,10290.168561499999,315.273657999995,362320.29145050416,0.0,244686.46682591786,607006.758276422,362550.23195854237,0.0,245611.11582056002,608161.3477791024
377,10347.2066,0.001392,0.0,57.0366465000006,10290.168561499999,258.237011499994,362320.29145050416,0.0,244686.46682591786,607006.758276422,362550.23195854237,0.0,245611.11582056002,608161.3477791024
378,10347.2066,0.0,0.0,57.0380385000008,10290.168561499999,201.198972999993,362320.29145050416,0.0,244686.46682591786,607006.758276422,362550.23195854237,0.0,245611.11582056002,608161.3477791024
379,10347.2066,0.0,0.0,57.0380385000008,10290.168561499999,144.160934499992,362320.29145050416,0.0,244686.46682591786,607006.758276422,362550.23195854237,0.0,245611.11582056002,608161.3477791024
380,10347.2066,0.0,0.0,57.0380385000008,10290.168561499999,87.1228959999917,362320.29145050416,0.0,244686.46682591786,607006.758276422,362550.23195854237,0.0,245611.11582056002,608161.3477791024
381,10347.2066,0.0,33.5165476704515,0.0,10380.723147670451,116.617457949989,362320.29145050416,0.0,244686.46682591786,607006.758276422,362550.23195854237,0.0,245611.11582056002,608161.3477791024
382,10347.25912,0.0,33.4640276704504,0.0,10380.723147670451,146.065802299986,362320.29145050416,0.0,244686.46682591786,607006.758276422,362550.23195854237,0.0,245611.11582056002,608161.3477791024
383,10347.45931,0.0,33.2638376704508,0.0,10380.723147670451,175.337979449982,362320.29145050416,0.0,244686.46682591786,607006.758276422,362550.23195854237,0.0,245611.11582056002,608161.3477791024
384,10347.6595,0.0,33.0636476704512,0.0,10380.723147670451,204.433989399979,362320.29145050416,0.0,244686.46682591786,607006.758276422,362550.23195854237,0.0,245611.11582056002,608161.3477791024
385,10347.85969,0.0,32.8634576704517,0.0,10380.723147670451,233.353832149977,362320.29145050416,0.0,244686.46682591786,607006.758276422,362550.23195854237,0.0,245611.11582056002,608161.3477791024
386,10348.05989,0.0,32.6632576704505,0.0,10380.723147670451,262.097498899973,362320.29145050416,0.0,244686.46682591786,607006.758276422,362550.23195854237,0.0,245611.11582056002,608161.3477791024
387,10348.26008,0.0,32.463067670451,0.0,10380.723147670451,290.66499844997,362320.29145050416,0.0,244686.46682591786,607006.758276422,362550.23195854237,0.0,245611.11582056002,608161.3477791024
388,10348.46027,0.0,32.2628776704514,0.0,10380.723147670451,319.056330799968,362320.29145050416,0.0,244686.46682591786,607006.758276422,362550.23195854237,0.0,245611.11582056002,608161.3477791024
389,10348.66046,0.0,32.0626876704519,0.0,10380.723147670451,347.271495949965,362320.29145050416,0.0,244686.46682591786,607006.758276422,362550.23195854237,0.0,245611.11582056002,608161.3477791024
390,10348.86065,0.001304,31.8638016704499,0.0,10380.723147670451,375.311641419961,362320.29145050416,0.0,244686.46682591786,607006.758276422,362550.23195854237,0.0,245611.11582056002,608161.3477791024
391,10349.06085,0.012041000000000001,31.6743386704511,0.0,10380.723147670451,403.185059449958,362320.29145050416,0.0,244686.46682591786,607006.758276422,362550.23195854237,0.0,245611.11582056002,608161.3477791024
392,10349.26104,0.023411,31.4855186704517,0.0,10380.723147670451,430.892315879956,362320.29145050416,0.0,244686.46682591786,607006.758276422,362550.23195854237,0.0,245611.11582056002,608161.3477791024
393,10349.46123,0.03093,31.292847670451,0.0,10380.723147670451,458.430021829953,362320.29145050416,0.0,244686.46682591786,607006.758276422,362550.23195854237,0.0,245611.11582056002,608161.3477791024
394,10349.66142,0.033728,31.095455670451,0.0,10380.723147670451,485.794022820002,362320.29145050416,0.0,244686.46682591786,607006.758276422,362550.23195854237,0.0,245611.11582056002,608161.3477791024
395,10349.86161,0.037968,30.8995056704516,0.0,10380.723147670451,512.985587810003,362320.29145050416,0.0,244686.46682591786,607006.758276422,362550.23195854237,0.0,245611.11582056002,608161.3477791024
396,10350.06181,0.036857999999999995,30.6981956704512,0.0,10380.723147670451,540.0,362320.29145050416,0.0,244686.46682591786,607006.758276422,362550.23195854237,0.0,245611.11582056002,608161.3477791024
397,10350.262,0.03558,0.0,60.0578585000021,10290.168561499999,479.942141499998,362320.29145050416,0.0,244686.46682591786,607006.758276422,362550.23195854237,0.0,245611.11582056002,608161.3477791024
398,10350.30098,0.029244,0.0,60.1031745000018,10290.168561499999,419.838966999996,362320.29145050416,0.0,244686.46682591786,607006.758276422,362550.23195854237,0.0,245611.11582056002,608161.3477791024
399,10350.30098,0.020597,0.0,60.1118215000006,10290.168561499999,359.727145499997,362320.29145050416,0.0,244686.46682591786,607006.758276422,362550.23195854237,0.0,245611.11582056002,608161.3477791024
400,10350.30098,0.009647000000000001,0.0,60.1227715000005,10290.168561499999,299.604373999995,362320.29145050416,0.0,244686.46682591786,607006.758276422,362550.23195854237,0.0,245611.11582056002,608161.3477791024
401,10350.30098,0.00206,0.0,60.1303585000005,10290.168561499999,239.474015499994,362320.29145050416,0.0,244686.46682591786,607006.758276422,362550.23195854237,0.0,245611.11582056002,608161.3477791024
402,10350.30098,0.0,0.0,60.1324185000012,10290.168561499999,179.341596999991,362320.29145050416,0.0,244686.46682591786,607006.758276422,362550.23195854237,0.0,245611.11582056002,608161.3477791024
403,10350.03955,0.0,0.0,59.8709885000007,10290.168561499999,119.470608500002,362320.29145050416,0.0,244686.46682591786,607006.758276422,362550.23195854237,0.0,245611.11582056002,608161.3477791024
404,10349.63917,0.0,0.0,59.4706085000016,10290.168561499999,60.0,362320.29145050416,0.0,244686.46682591786,607006.758276422,362550.23195854237,0.0,245611.11582056002,608161.3477791024
405,10349.23878,0.0,8.04950139779282,0.0,10357.288281397792,67.0835612300577,362320.29145050416,0.0,244686.46682591786,607006.758276422,362550.23195854237,0.0,245611.11582056002,608161.3477791024
406,10348.8384,0.0,31.8847476704505,0.0,10380.723147670451,95.1421391800541,362320.29145050416,0.0,244686.46682591786,607006.758276422,362550.23195854237,0.0,245611.11582056002,608161.3477791024
407,10348.43801,0.0,32.2851376704613,0.0,10380.723147670462,123.55306033006,362320.29145050416,0.0,244686.46682591786,607006.758276422,362550.23195854237,0.0,245611.11582056002,608161.3477791024
408,10347.93742,0.0,32.7857276704508,0.0,10380.723147670451,152.404500680057,362320.29145050416,0.0,244686.46682591786,607006.758276422,362550.23195854237,0.0,245611.11582056002,608161.3477791024
409,10347.33684,0.0,33.3863076704273,0.0,10380.723147670427,181.784451430033,362320.29145050416,0.0,244686.46682591786,607006.758276422,362550.23195854237,0.0,245611.11582056002,608161.3477791024
410,10346.73626,0.0,33.9868876704513,0.0,10380.723147670451,211.69291258003,362320.29145050416,0.0,244686.46682591786,607006.758276422,362550.23195854237,0.0,245611.11582056002,608161.3477791024
411,10346.13569,0.0,34.5874576704518,0.0,10380.723147670451,242.129875330028,362320.29145050416,0.0,244686.46682591786,607006.758276422,362550.23195854237,0.0,245611.11582056002,608161.3477791024
412,10345.53511,0.0,35.1880376704503,0.0,10380.723147670451,273.095348480024,362320.29145050416,0.0,244686.46682591786,607006.758276422,362550.23195854237,0.0,245611.11582056002,608161.3477791024
413,10344.93453,0.0,35.7886176704505,0.0,10380.723147670451,304.58933203002,362320.29145050416,0.0,244686.46682591786,607006.758276422,362550.23195854237,0.0,245611.11582056002,608161.3477791024
414,10344.33396,0.002143,36.3913306704508,0.0,10380.723147670451,336.613703020017,362320.29145050416,0.0,244686.46682591786,607006.758276422,362550.23195854237,0.0,245611.11582056002,608161.3477791024
415,10343.73338,0.011474,37.0012416704521,0.0,10380.723147670451,369.174795690015,362320.29145050416,0.0,244686.46682591786,607006.758276422,362550.23195854237,0.0,245611.11582056002,608161.3477791024
416,10343.13281,0.021943999999999998,37.6122816704519,0.0,10380.723147670451,402.273603560013,362320.29145050416,0.0,244686.46682591786,607006.758276422,362550.23195854237,0.0,245611.11582056002,608161.3477791024
417,10342.53223,0.030278,38.2211956704505,0.0,10380.723147670451,435.908255750009,362320.29145050416,0.0,244686.46682591786,607006.758276422,362550.23195854237,0.0,245611.11582056002,608161.3477791024
418,10341.93165,0.035268,38.8267656704502,0.0,10380.723147670451,470.075809540005,362320.29145050416,0.0,244686.46682591786,607006.758276422,362550.23195854237,0.0,245611.11582056002,608161.3477791024
419,10341.33108,0.037569000000000005,39.4296366704511,0.0,10380.723147670451,504.773889810002,362320.29145050416,0.0,244686.46682591786,607006.758276422,362550.23195854237,0.0,245611.11582056002,608161.3477791024
420,10340.7305,0.03702300000000001,40.0296706704521,0.0,10380.723147670451,540.0,362320.29145050416,0.0,244686.46682591786,607006.758276422,362550.23195854237,0.0,245611.11582056002,608161.3477791024
421,10340.12993,0.03469100000000001,0.0,100.0,10240.095238999998,440.000000000008,362320.29145050416,0.0,244686.46682591786,607006.758276422,362550.23195854237,0.0,245611.11582056002,608161.3477791024
422,10339.52935,0.030482,0.0,96.484446000001,10243.014422,343.515554000007,362320.29145050416,0.0,244686.46682591786,607006.758276422,362550.23195854237,0.0,245611.11582056002,608161.3477791024
423,10338.92877,0.022612,0.0,48.737596500001,10290.168561499999,294.777957500006,362320.29145050416,0.0,244686.46682591786,607006.758276422,362550.23195854237,0.0,245611.11582056002,608161.3477791024
424,10338.3282,0.012407,0.0,48.147231500001,10290.168561499999,246.630726000005,362320.29145050416,0.0,244686.46682591786,607006.758276422,362550.23195854237,0.0,245611.11582056002,608161.3477791024
425,10337.72762,0.002048,0.0,47.5570105000006,10290.168561499999,199.073715500004,362320.29145050416,0.0,244686.46682591786,607006.758276422,362550.23195854237,0.0,245611.11582056002,608161.3477791024
426,10337.12704,0.0,0.0,46.9584785000006,10290.168561499999,152.115237000004,362320.29145050416,0.0,244686.46682591786,607006.758276422,362550.23195854237,0.0,245611.11582056002,608161.3477791024
427,10336.52647,0.0,0.0,46.3579085000019,10290.168561499999,105.757328500002,362320.29145050416,0.0,244686.46682591786,607006.758276422,362550.23195854237,0.0,245611.11582056002,608161.3477791024
428,10335.92589,0.0,0.0,45.7573285000017,10290.168561499999,60.0,362320.29145050416,0.0,244686.46682591786,607006.758276422,362550.23195854237,0.0,245611.11582056002,608161.3477791024
429,10335.32532,0.0,0.0,0.0,10335.32532,60.0,362320.29145050416,0.0,244686.46682591786,607006.758276422,362550.23195854237,0.0,245611.11582056002,608161.3477791024
430,10334.72474,0.0,0.0,0.0,10334.72474,60.0,362320.29145050416,0.0,244686.46682591786,607006.758276422,362550.23195854237,0.0,245611.11582056002,608161.3477791024
431,10334.12416,0.0,0.0,0.0,10334.12416,60.0,362320.29145050416,0.0,244686.46682591786,607006.758276422,362550.23195854237,0.0,245611.11582056002,608161.3477791024
432,10333.52359,0.0,0.0,0.0,10333.52359,60.0,362320.29145050416,0.0,244686.46682591786,607006.758276422,362550.23195854237,0.0,245611.11582056002,608161.3477791024
433,10332.92301,0.0,0.0,0.0,10332.92301,60.0,362320.29145050416,0.0,244686.46682591786,607006.758276422,362550.23195854237,0.0,245611.11582056002,608161.3477791024
434,10332.17453,0.0,15.6577207500298,0.0,10347.83225075003,73.7787942600262,362320.29145050416,0.0,244686.46682591786,607006.758276422,362550.23195854237,0.0,245611.11582056002,608161.3477791024
435,10331.37376,0.0,49.3493876704538,0.0,10380.723147670455,117.206255410026,362320.29145050416,0.0,244686.46682591786,607006.758276422,362550.23195854237,0.0,245611.11582056002,608161.3477791024
436,10330.57299,0.0,50.1501576704504,0.0,10380.723147670451,161.338394160022,362320.29145050416,0.0,244686.46682591786,607006.758276422,362550.23195854237,0.0,245611.11582056002,608161.3477791024
437,10329.77222,0.0,50.9509276704607,0.0,10380.723147670462,206.175210510027,362320.29145050416,0.0,244686.46682591786,607006.758276422,362550.23195854237,0.0,245611.11582056002,608161.3477791024
438,10328.97146,0.002234,51.7539216704419,0.0,10380.723147670444,251.718661580016,362320.29145050416,0.0,244686.46682591786,607006.758276422,362550.23195854237,0.0,245611.11582056002,608161.3477791024
439,10328.17069,0.012784,52.5652416704506,0.0,10380.723147670451,297.976074250013,362320.29145050416,0.0,244686.46682591786,607006.758276422,362550.23195854237,0.0,245611.11582056002,608161.3477791024
440,10327.36992,0.023444,53.3766716704522,0.0,10380.723147670451,344.947545320011,362320.29145050416,0.0,244686.46682591786,607006.758276422,362550.23195854237,0.0,245611.11582056002,608161.3477791024
441,10326.56915,0.03149,54.185487670451,0.0,10380.723147670451,392.630774470008,362320.29145050416,0.0,244686.46682591786,607006.758276422,362550.23195854237,0.0,245611.11582056002,608161.3477791024
442,10325.76838,0.036489,54.9912566704515,0.0,10380.723147670451,441.023080340005,362320.29145050416,0.0,244686.46682591786,607006.758276422,362550.23195854237,0.0,245611.11582056002,608161.3477791024
443,10324.96762,0.037156999999999996,55.7926846704522,0.0,10380.723147670451,490.120642850003,362320.29145050416,0.0,244686.46682591786,607006.758276422,362550.23195854237,0.0,245611.11582056002,608161.3477791024
444,10324.07994,0.037880000000000004,56.6810876704512,0.0,10380.723147670451,540.0,362320.29145050416,0.0,244686.46682591786,607006.758276422,362550.23195854237,0.0,245611.11582056002,608161.3477791024
445,10323.07898,0.035025,0.0,100.0,10223.043955000001,440.000000000009,362320.29145050416,0.0,244686.46682591786,607006.758276422,362550.23195854237,0.0,245611.11582056002,608161.3477791024
446,10322.07802,0.029762,0.0,100.0,10222.048258,340.000000000009,362320.29145050416,0.0,244686.46682591786,607006.758276422,362550.23195854237,0.0,245611.11582056002,608161.3477791024
447,10321.07706,0.022233,0.0,100.0,10221.054827,240.000000000009,362320.29145050416,0.0,244686.46682591786,607006.758276422,362550.23195854237,0.0,245611.11582056002,608161.3477791024
448,10320.0761,0.013176,0.0,70.3817400000022,10249.681183999997,169.618260000007,362320.29145050416,0.0,244686.46682591786,607006.758276422,362550.23195854237,0.0,245611.11582056002,608161.3477791024
449,10319.07514,0.002294,0.0,28.9042845000022,10290.168561499999,140.713975500004,362320.29145050416,0.0,244686.46682591786,607006.758276422,362550.23195854237,0.0,245611.11582056002,608161.3477791024
450,10318.07418,0.0,0.0,27.9056185000009,10290.168561499999,112.808357000004,362320.29145050416,0.0,244686.46682591786,607006.758276422,362550.23195854237,0.0,245611.11582056002,608161.3477791024
451,10317.07322,0.0,0.0,26.9046585000015,10290.168561499999,85.9036985000021,362320.29145050416,0.0,244686.46682591786,607006.758276422,362550.23195854237,0.0,245611.11582056002,608161.3477791024
452,10316.07226,0.0,0.0,25.9036985000021,10290.168561499999,60.0,362320.29145050416,0.0,244686.46682591786,607006.758276422,362550.23195854237,0.0,245611.11582056002,608161.3477791024
453,10315.0713,0.0,0.0,0.0,10315.0713,60.0,362320.29145050416,0.0,244686.46682591786,607006.758276422,362550.23195854237,0.0,245611.11582056002,608161.3477791024
454,10314.04443,0.0,0.0,0.0,10314.04443,60.0,362320.29145050416,0.0,244686.46682591786,607006.758276422,362550.23195854237,0.0,245611.11582056002,608161.3477791024
455,10312.84328,0.0,0.0,0.0,10312.84328,60.0,362320.29145050416,0.0,244686.46682591786,607006.758276422,362550.23195854237,0.0,245611.11582056002,608161.3477791024
456,10311.64213,0.0,0.0,0.0,10311.64213,60.0,362320.29145050416,0.0,244686.46682591786,607006.758276422,362550.23195854237,0.0,245611.11582056002,608161.3477791024
457,10310.44097,0.0,0.0,0.0,10310.44097,60.0,362320.29145050416,0.0,244686.46682591786,607006.758276422,362550.23195854237,0.0,245611.11582056002,608161.3477791024
458,10309.23982,0.0,0.0,0.0,10309.23982,60.0,362320.29145050416,0.0,244686.46682591786,607006.758276422,362550.23195854237,0.0,245611.11582056002,608161.3477791024
459,10308.03867,0.0,0.0,0.0,10308.03867,60.0,362320.29145050416,0.0,244686.46682591786,607006.758276422,362550.23195854237,0.0,245611.11582056002,608161.3477791024
460,10307.03312,0.0,0.0,0.0,10307.03312,60.0,362320.29145050416,0.0,244686.46682591786,607006.758276422,362550.23195854237,0.0,245611.11582056002,608161.3477791024
461,10306.03216,0.0,0.0,0.0,10306.03216,60.0,362320.29145050416,0.0,244686.46682591786,607006.758276422,362550.23195854237,0.0,245611.11582056002,608161.3477791024
462,10305.0312,0.0022280000000000004,68.2453174318446,0.0,10373.274289431845,120.055879340023,362320.29145050416,0.0,244686.46682591786,607006.758276422,362550.23195854237,0.0,245611.11582056002,608161.3477791024
463,10304.03024,0.012979,76.7058866704417,0.0,10380.723147670442,187.557059610012,362320.29145050416,0.0,244686.46682591786,607006.758276422,362550.23195854237,0.0,245611.11582056002,608161.3477791024
464,10303.02928,0.023227,77.71709467045,0.0,10380.723147670451,255.948102920008,362320.29145050416,0.0,244686.46682591786,607006.758276422,362550.23195854237,0.0,245611.11582056002,608161.3477791024
465,10301.86322,0.030729,78.8906566704518,0.0,10380.723147670451,325.371880790006,362320.29145050416,0.0,244686.46682591786,607006.758276422,362550.23195854237,0.0,245611.11582056002,608161.3477791024
466,10300.66206,0.036103,80.0971906704508,0.0,10380.723147670451,395.857408580002,362320.29145050416,0.0,244686.46682591786,607006.758276422,362550.23195854237,0.0,245611.11582056002,608161.3477791024
467,10299.46091,0.034985,81.2972226704514,0.0,10380.723147670451,467.398964529999,362320.29145050416,0.0,244686.46682591786,607006.758276422,362550.23195854237,0.0,245611.11582056002,608161.3477791024
468,10298.25976,0.037789,82.5011766704501,0.0,10380.723147670451,540.0,362320.29145050416,0.0,244686.46682591786,607006.758276422,362550.23195854237,0.0,245611.11582056002,608161.3477791024
469,10297.05861,0.034456,0.0,100.0,10197.024154,440.0,362320.29145050416,0.0,244686.46682591786,607006.758276422,362550.23195854237,0.0,245611.11582056002,608161.3477791024
470,10296.12665,0.029401,0.0,100.0,10196.097249,340.0,362320.29145050416,0.0,244686.46682591786,607006.758276422,362550.23195854237,0.0,245611.11582056002,608161.3477791024
471,10295.32589,0.021847000000000002,0.0,100.0,10195.304043,240.0,362320.29145050416,0.0,244686.46682591786,607006.758276422,362550.23195854237,0.0,245611.11582056002,608161.3477791024
472,10294.52512,0.012385,0.0,100.0,10194.512735,139.999999999999,362320.29145050416,0.0,244686.46682591786,607006.758276422,362550.23195854237,0.0,245611.11582056002,608161.3477791024
473,10293.72435,0.001871,0.0,75.3624244999945,10218.360054500006,64.6375755000045,362320.29145050416,0.0,244686.46682591786,607006.758276422,362550.23195854237,0.0,245611.11582056002,608161.3477791024
474,10292.92358,0.0,0.0,2.75501850000182,10290.168561499999,61.8825570000026,362320.29145050416,0.0,244686.46682591786,607006.758276422,362550.23195854237,0.0,245611.11582056002,608161.3477791024
475,10291.81051,0.0,0.0,1.64194850000058,10290.168561499999,60.2406085000021,362320.29145050416,0.0,244686.46682591786,607006.758276422,362550.23195854237,0.0,245611.11582056002,608161.3477791024
476,10290.40917,0.0,0.0,0.240608500002054,10290.168561499999,60.0,362320.29145050416,0.0,244686.46682591786,607006.758276422,362550.23195854237,0.0,245611.11582056002,608161.3477791024
477,10289.00783,0.0,0.0,0.0,10289.00783,60.0,362320.29145050416,0.0,244686.46682591786,607006.758276422,362550.23195854237,0.0,245611.11582056002,608161.3477791024
478,10287.60648,0.0,0.0,0.0,10287.60648,60.0,362320.29145050416,0.0,244686.46682591786,607006.758276422,362550.23195854237,0.0,245611.11582056002,608161.3477791024
479,10286.20514,0.0,0.0,0.0,10286.20514,60.0,362320.29145050416,0.0,244686.46682591786,607006.758276422,362550.23195854237,0.0,245611.11582056002,608161.3477791024
480,10284.95099,0.0,0.0,0.0,10284.95099,60.0,362320.29145050416,0.0,244686.46682591786,607006.758276422,362550.23195854237,0.0,245611.11582056002,608161.3477791024
481,10283.95003,0.0,0.0,0.0,10283.95003,60.0,362320.29145050416,0.0,244686.46682591786,607006.758276422,362550.23195854237,0.0,245611.11582056002,608161.3477791024
482,10282.94907,0.0,0.0,0.0,10282.94907,60.0,362320.29145050416,0.0,244686.46682591786,607006.758276422,362550.23195854237,0.0,245611.11582056002,608161.3477791024
483,10281.94811,0.0,0.0,0.0,10281.94811,60.0,362320.29145050416,0.0,244686.46682591786,607006.758276422,362550.23195854237,0.0,245611.11582056002,608161.3477791024
484,10280.94715,0.0,0.0,0.0,10280.94715,60.0,362320.29145050416,0.0,244686.46682591786,607006.758276422,362550.23195854237,0.0,245611.11582056002,608161.3477791024
485,10279.60139,0.0,0.0,0.0,10279.60139,60.0,362320.29145050416,0.0,244686.46682591786,607006.758276422,362550.23195854237,0.0,245611.11582056002,608161.3477791024
486,10276.99889,0.002239,0.0,0.0,10276.996651000001,60.0,362320.29145050416,0.0,244686.46682591786,607006.758276422,362550.23195854237,0.0,245611.11582056002,608161.3477791024
487,10274.3964,0.012758,0.0,0.0,10274.383641999999,60.0,362320.29145050416,0.0,244686.46682591786,607006.758276422,362550.23195854237,0.0,245611.11582056002,608161.3477791024
488,10271.7939,0.021787,0.0,0.0,10271.772113,60.0,362320.29145050416,0.0,244686.46682591786,607006.758276422,362550.23195854237,0.0,245611.11582056002,608161.3477791024
489,10269.1914,0.02996,0.0,0.0,10269.16144,60.0,362320.29145050416,0.0,244686.46682591786,607006.758276422,362550.23195854237,0.0,245611.11582056002,608161.3477791024
490,10266.61411,0.034998,0.0,0.0,10266.579112000001,60.0,362320.29145050416,0.0,244686.46682591786,607006.758276422,362550.23195854237,0.0,245611.11582056002,608161.3477791024
491,10264.412,0.036891,0.0,0.0,10264.375109,60.0,362320.29145050416,0.0,244686.46682591786,607006.758276422,362550.23195854237,0.0,245611.11582056002,608161.3477791024
492,10262.20988,0.035456,0.0,0.0,10262.174424,60.0,362320.29145050416,0.0,244686.46682591786,607006.758276422,362550.23195854237,0.0,245611.11582056002,608161.3477791024
493,10260.00777,0.033796,0.0,0.0,10259.973974,60.0,362320.29145050416,0.0,244686.46682591786,607006.758276422,362550.23195854237,0.0,245611.11582056002,608161.3477791024
494,10257.80566,0.028735,0.0,0.0,10257.776925,60.0,362320.29145050416,0.0,244686.46682591786,607006.758276422,362550.23195854237,0.0,245611.11582056002,608161.3477791024
495,10255.60355,0.02156,0.0,0.0,10255.58199,60.0,362320.29145050416,0.0,244686.46682591786,607006.758276422,362550.23195854237,0.0,245611.11582056002,608161.3477791024
496,10253.40143,0.011597,0.0,0.0,10253.389833,60.0,362320.29145050416,0.0,244686.46682591786,607006.758276422,362550.23195854237,0.0,245611.11582056002,608161.3477791024
497,10251.19932,0.001833,0.0,0.0,10251.197487,60.0,362320.29145050416,0.0,244686.46682591786,607006.758276422,362550.23195854237,0.0,245611.11582056002,608161.3477791024
498,10248.99721,0.0,0.0,0.0,10248.99721,60.0,362320.29145050416,0.0,244686.46682591786,607006.758276422,362550.23195854237,0.0,245611.11582056002,608161.3477791024
499,10246.7951,0.0,0.0,0.0,10246.7951,60.0,362320.29145050416,0.0,244686.46682591786,607006.758276422,362550.23195854237,0.0,245611.11582056002,608161.3477791024
500,10244.59298,0.0,0.0,0.0,10244.59298,60.0,362320.29145050416,0.0,244686.46682591786,607006.758276422,362550.23195854237,0.0,245611.11582056002,608161.3477791024
501,10242.23908,0.0,0.0,0.0,10242.23908,60.0,362320.29145050416,0.0,244686.46682591786,607006.758276422,362550.23195854237,0.0,245611.11582056002,608161.3477791024
502,10239.83677,0.0,0.0,0.0,10239.83677,60.0,362320.29145050416,0.0,244686.46682591786,607006.758276422,362550.23195854237,0.0,245611.11582056002,608161.3477791024
503,10237.43447,0.0,0.0,0.0,10237.43447,60.0,362320.29145050416,0.0,244686.46682591786,607006.758276422,362550.23195854237,0.0,245611.11582056002,608161.3477791024
504,10235.03216,0.0,0.0,0.0,10235.03216,60.0,362320.29145050416,0.0,244686.46682591786,607006.758276422,362550.23195854237,0.0,245611.11582056002,608161.3477791024
505,10232.62986,0.0,0.0,0.0,10232.62986,60.0,362320.29145050416,0.0,244686.46682591786,607006.758276422,362550.23195854237,0.0,245611.11582056002,608161.3477791024
506,10230.47014,0.0,0.0,0.0,10230.47014,60.0,362320.29145050416,0.0,244686.46682591786,607006.758276422,362550.23195854237,0.0,245611.11582056002,608161.3477791024
507,10228.46822,0.0,0.0,0.0,10228.46822,60.0,362320.29145050416,0.0,244686.46682591786,607006.758276422,362550.23195854237,0.0,245611.11582056002,608161.3477791024
508,10226.4663,0.0,0.0,0.0,10226.4663,60.0,362320.29145050416,0.0,244686.46682591786,607006.758276422,362550.23195854237,0.0,245611.11582056002,608161.3477791024
509,10224.46438,0.0,0.0,0.0,10224.46438,60.0,362320.29145050416,0.0,244686.46682591786,607006.758276422,362550.23195854237,0.0,245611.11582056002,608161.3477791024
510,10222.46246,0.0016220000000000002,0.0,0.0,10222.460838,60.0,362320.29145050416,0.0,244686.46682591786,607006.758276422,362550.23195854237,0.0,245611.11582056002,608161.3477791024
511,10220.73292,0.009493,0.0,0.0,10220.723427,60.0,362320.29145050416,0.0,244686.46682591786,607006.758276422,362550.23195854237,0.0,245611.11582056002,608161.3477791024
512,10219.33157,0.018479,0.0,0.0,10219.313091,60.0,362320.29145050416,0.0,244686.46682591786,607006.758276422,362550.23195854237,0.0,245611.11582056002,608161.3477791024
513,10217.93023,0.022288000000000002,0.0,0.0,10217.907942,60.0,362320.29145050416,0.0,244686.46682591786,607006.758276422,362550.23195854237,0.0,245611.11582056002,608161.3477791024
514,10216.52888,0.029922999999999998,0.0,0.0,10216.498957,60.0,362320.29145050416,0.0,244686.46682591786,607006.758276422,362550.23195854237,0.0,245611.11582056002,608161.3477791024
515,10215.12754,0.033168,0.0,0.0,10215.094372,60.0,362320.29145050416,0.0,244686.46682591786,607006.758276422,362550.23195854237,0.0,245611.11582056002,608161.3477791024
516,10213.6659,0.032898000000000004,0.0,0.0,10213.633002,60.0,362320.29145050416,0.0,244686.46682591786,607006.758276422,362550.23195854237,0.0,245611.11582056002,608161.3477791024
517,10212.06437,0.032903,0.0,0.0,10212.031467,60.0,362320.29145050416,0.0,244686.46682591786,607006.758276422,362550.23195854237,0.0,245611.11582056002,608161.3477791024
518,10210.46283,0.025383,0.0,0.0,10210.437447,60.0,362320.29145050416,0.0,244686.46682591786,607006.758276422,362550.23195854237,0.0,245611.11582056002,608161.3477791024
519,10208.86129,0.016333,0.0,0.0,10208.844957000001,60.0,362320.29145050416,0.0,244686.46682591786,607006.758276422,362550.23195854237,0.0,245611.11582056002,608161.3477791024
520,10207.25976,0.007147000000000001,0.0,0.0,10207.252613,60.0,362320.29145050416,0.0,244686.46682591786,607006.758276422,362550.23195854237,0.0,245611.11582056002,608161.3477791024
521,10205.68801,0.001805,0.0,0.0,10205.686205,60.0,362320.29145050416,0.0,244686.46682591786,607006.758276422,362550.23195854237,0.0,245611.11582056002,608161.3477791024
522,10204.28667,0.0,0.0,0.0,10204.28667,60.0,362320.29145050416,0.0,244686.46682591786,607006.758276422,362550.23195854237,0.0,245611.11582056002,608161.3477791024
523,10202.88533,0.0,0.0,0.0,10202.88533,60.0,362320.29145050416,0.0,244686.46682591786,607006.758276422,362550.23195854237,0.0,245611.11582056002,608161.3477791024
524,10201.48398,0.0,0.0,0.0,10201.48398,60.0,362320.29145050416,0.0,244686.46682591786,607006.758276422,362550.23195854237,0.0,245611.11582056002,608161.3477791024
525,10200.08264,0.0,0.0,0.0,10200.08264,60.0,362320.29145050416,0.0,244686.46682591786,607006.758276422,362550.23195854237,0.0,245611.11582056002,608161.3477791024
526,10198.68129,0.0,0.0,0.0,10198.68129,60.0,362320.29145050416,0.0,244686.46682591786,607006.758276422,362550.23195854237,0.0,245611.11582056002,608161.3477791024
527,10197.08046,0.0,0.0,0.0,10197.08046,60.0,362320.29145050416,0.0,244686.46682591786,607006.758276422,362550.23195854237,0.0,245611.11582056002,608161.3477791024
528,10195.47893,0.0,0.0,0.0,10195.47893,60.0,362320.29145050416,0.0,244686.46682591786,607006.758276422,362550.23195854237,0.0,245611.11582056002,608161.3477791024
529,10193.87739,0.0,0.0,0.0,10193.87739,60.0,362320.29145050416,0.0,244686.46682591786,607006.758276422,362550.23195854237,0.0,245611.11582056002,608161.3477791024
530,10192.27585,0.0,0.0,0.0,10192.27585,60.0,362320.29145050416,0.0,244686.46682591786,607006.758276422,362550.23195854237,0.0,245611.11582056002,608161.3477791024
531,10190.67432,0.0,0.0,0.0,10190.67432,60.0,362320.29145050416,0.0,244686.46682591786,607006.758276422,362550.23195854237,0.0,245611.11582056002,608161.3477791024
532,10189.41075,0.0,0.0,0.0,10189.41075,60.0,362320.29145050416,0.0,244686.46682591786,607006.758276422,362550.23195854237,0.0,245611.11582056002,608161.3477791024
533,10188.2096,0.0,0.0,0.0,10188.2096,60.0,362320.29145050416,0.0,244686.46682591786,607006.758276422,362550.23195854237,0.0,245611.11582056002,608161.3477791024
534,10187.00845,0.001075,0.0,0.0,10187.007375,60.0,362320.29145050416,0.0,244686.46682591786,607006.758276422,362550.23195854237,0.0,245611.11582056002,608161.3477791024
535,10185.8073,0.003557,45.4545454545455,0.0,10231.258288454546,100.0,362320.29145050416,0.0,244686.46682591786,607006.758276422,362550.23195854237,0.0,245611.11582056002,608161.3477791024
536,10184.60614,0.006541000000000001,100.0,0.0,10284.599599,188.0,362320.29145050416,0.0,244686.46682591786,607006.758276422,362550.23195854237,0.0,245611.11582056002,608161.3477791024
537,10183.26651,0.008685,100.0,0.0,10283.257824999999,276.0,362320.29145050416,0.0,244686.46682591786,607006.758276422,362550.23195854237,0.0,245611.11582056002,608161.3477791024
538,10181.86516,0.011599,100.0,0.0,10281.853561,364.0,362320.29145050416,0.0,244686.46682591786,607006.758276422,362550.23195854237,0.0,245611.11582056002,608161.3477791024
539,10180.46382,0.016027000000000003,100.0,0.0,10280.447793000001,452.0,362320.29145050416,0.0,244686.46682591786,607006.758276422,362550.23195854237,0.0,245611.11582056002,608161.3477791024
540,10179.06247,0.027944,100.0,0.0,10279.034526000001,540.0,362320.29145050416,0.0,244686.46682591786,607006.758276422,362550.23195854237,0.0,245611.11582056002,608161.3477791024
541,10177.66113,0.013391,0.0,100.0,10077.647739,440.0,362320.29145050416,0.0,244686.46682591786,607006.758276422,362550.23195854237,0.0,245611.11582056002,608161.3477791024
542,10175.82784,0.014634000000000001,0.0,100.0,10075.813206,340.0,362320.29145050416,0.0,244686.46682591786,607006.758276422,362550.23195854237,0.0,245611.11582056002,608161.3477791024
543,10173.62573,0.006854,0.0,100.0,10073.618876,240.0,362320.29145050416,0.0,244686.46682591786,607006.758276422,362550.23195854237,0.0,245611.11582056002,608161.3477791024
544,10171.42361,0.0032770000000000004,0.0,100.0,10071.420333,140.0,362320.29145050416,0.0,244686.46682591786,607006.758276422,362550.23195854237,0.0,245611.11582056002,608161.3477791024
545,10169.2215,0.0008070000000000001,0.0,80.0,10089.220693,60.0,362320.29145050416,0.0,244686.46682591786,607006.758276422,362550.23195854237,0.0,245611.11582056002,608161.3477791024
546,10167.01939,0.0,0.0,0.0,10167.01939,60.0,362320.29145050416,0.0,244686.46682591786,607006.758276422,362550.23195854237,0.0,245611.11582056002,608161.3477791024
547,10164.66231,0.0,0.0,0.0,10164.66231,60.0,362320.29145050416,0.0,244686.46682591786,607006.758276422,362550.23195854237,0.0,245611.11582056002,608161.3477791024
548,10162.05981,0.0,0.0,0.0,10162.05981,60.0,362320.29145050416,0.0,244686.46682591786,607006.758276422,362550.23195854237,0.0,245611.11582056002,608161.3477791024
549,10159.45731,0.0,0.0,0.0,10159.45731,60.0,362320.29145050416,0.0,244686.46682591786,607006.758276422,362550.23195854237,0.0,245611.11582056002,608161.3477791024
550,10156.85482,0.0,0.0,0.0,10156.85482,60.0,362320.29145050416,0.0,244686.46682591786,607006.758276422,362550.23195854237,0.0,245611.11582056002,608161.3477791024
551,10154.25232,0.0,0.0,0.0,10154.25232,60.0,362320.29145050416,0.0,244686.46682591786,607006.758276422,362550.23195854237,0.0,245611.11582056002,608161.3477791024
552,10151.69681,0.0,0.0,0.0,10151.69681,60.0,362320.29145050416,0.0,244686.46682591786,607006.758276422,362550.23195854237,0.0,245611.11582056002,608161.3477791024
553,10149.2945,0.0,0.0,0.0,10149.2945,60.0,362320.29145050416,0.0,244686.46682591786,607006.758276422,362550.23195854237,0.0,245611.11582056002,608161.3477791024
554,10146.8922,0.0,0.0,0.0,10146.8922,60.0,362320.29145050416,0.0,244686.46682591786,607006.758276422,362550.23195854237,0.0,245611.11582056002,608161.3477791024
555,10144.48989,0.0,0.0,0.0,10144.48989,60.0,362320.29145050416,0.0,244686.46682591786,607006.758276422,362550.23195854237,0.0,245611.11582056002,608161.3477791024
556,10142.08759,0.0,0.0,0.0,10142.08759,60.0,362320.29145050416,0.0,244686.46682591786,607006.758276422,362550.23195854237,0.0,245611.11582056002,608161.3477791024
557,10139.70177,0.0,0.0,0.0,10139.70177,60.0,362320.29145050416,0.0,244686.46682591786,607006.758276422,362550.23195854237,0.0,245611.11582056002,608161.3477791024
558,10137.49966,0.002206,0.0,0.0,10137.497454,60.0,362320.29145050416,0.0,244686.46682591786,607006.758276422,362550.23195854237,0.0,245611.11582056002,608161.3477791024
559,10135.29755,0.008297,45.4545454545455,0.0,10180.743798454545,100.0,362320.29145050416,0.0,244686.46682591786,607006.758276422,362550.23195854237,0.0,245611.11582056002,608161.3477791024
560,10133.09543,0.009942000000000001,100.0,0.0,10233.085487999999,188.0,362320.29145050416,0.0,244686.46682591786,607006.758276422,362550.23195854237,0.0,245611.11582056002,608161.3477791024
561,10130.89332,0.019062000000000003,100.0,0.0,10230.874258,276.0,362320.29145050416,0.0,244686.46682591786,607006.758276422,362550.23195854237,0.0,245611.11582056002,608161.3477791024
562,10128.69121,0.029755,100.0,0.0,10228.661455000001,364.0,362320.29145050416,0.0,244686.46682591786,607006.758276422,362550.23195854237,0.0,245611.11582056002,608161.3477791024
563,10126.30292,0.031823000000000004,100.0,0.0,10226.271097,452.0,362320.29145050416,0.0,244686.46682591786,607006.758276422,362550.23195854237,0.0,245611.11582056002,608161.3477791024
564,10123.90061,0.039052,100.0,0.0,10223.861558,540.0,362320.29145050416,0.0,244686.46682591786,607006.758276422,362550.23195854237,0.0,245611.11582056002,608161.3477791024
565,10121.49831,0.035088,0.0,100.0,10021.463222,440.0,362320.29145050416,0.0,244686.46682591786,607006.758276422,362550.23195854237,0.0,245611.11582056002,608161.3477791024
566,10119.09601,0.028897,0.0,100.0,10019.067113,340.0,362320.29145050416,0.0,244686.46682591786,607006.758276422,362550.23195854237,0.0,245611.11582056002,608161.3477791024
567,10116.6937,0.020757,0.0,100.0,10016.672943,240.0,362320.29145050416,0.0,244686.46682591786,607006.758276422,362550.23195854237,0.0,245611.11582056002,608161.3477791024
568,10115.22547,0.011864000000000001,0.0,100.0,10015.213606,140.0,362320.29145050416,0.0,244686.46682591786,607006.758276422,362550.23195854237,0.0,245611.11582056002,608161.3477791024
569,10114.02432,0.0016719999999999999,0.0,80.0,10034.022648,60.0,362320.29145050416,0.0,244686.46682591786,607006.758276422,362550.23195854237,0.0,245611.11582056002,608161.3477791024
570,10112.82316,0.0,0.0,0.0,10112.82316,60.0,362320.29145050416,0.0,244686.46682591786,607006.758276422,362550.23195854237,0.0,245611.11582056002,608161.3477791024
571,10111.62201,0.0,0.0,0.0,10111.62201,60.0,362320.29145050416,0.0,244686.46682591786,607006.758276422,362550.23195854237,0.0,245611.11582056002,608161.3477791024
572,10110.42086,0.0,0.0,0.0,10110.42086,60.0,362320.29145050416,0.0,244686.46682591786,607006.758276422,362550.23195854237,0.0,245611.11582056002,608161.3477791024
573,10109.09453,0.0,0.0,0.0,10109.09453,60.0,362320.29145050416,0.0,244686.46682591786,607006.758276422,362550.23195854237,0.0,245611.11582056002,608161.3477791024
574,10107.69318,0.0,0.0,0.0,10107.69318,60.0,362320.29145050416,0.0,244686.46682591786,607006.758276422,362550.23195854237,0.0,245611.11582056002,608161.3477791024
575,10106.29184,0.0,0.0,0.0,10106.29184,60.0,362320.29145050416,0.0,244686.46682591786,607006.758276422,362550.23195854237,0.0,245611.11582056002,608161.3477791024
576,10104.8905,0.0,0.0,0.0,10104.8905,60.0,362320.29145050416,0.0,244686.46682591786,607006.758276422,362550.23195854237,0.0,245611.11582056002,608161.3477791024
577,10103.48915,0.0,0.0,0.0,10103.48915,60.0,362320.29145050416,0.0,244686.46682591786,607006.758276422,362550.23195854237,0.0,245611.11582056002,608161.3477791024
578,10102.18249,0.0,0.0,0.0,10102.18249,60.0,362320.29145050416,0.0,244686.46682591786,607006.758276422,362550.23195854237,0.0,245611.11582056002,608161.3477791024
579,10100.98133,0.0,0.0,0.0,10100.98133,60.0,362320.29145050416,0.0,244686.46682591786,607006.758276422,362550.23195854237,0.0,245611.11582056002,608161.3477791024
580,10099.78018,0.0,0.0,0.0,10099.78018,60.0,362320.29145050416,0.0,244686.46682591786,607006.758276422,362550.23195854237,0.0,245611.11582056002,608161.3477791024
581,10098.57903,0.0,0.0,0.0,10098.57903,60.0,362320.29145050416,0.0,244686.46682591786,607006.758276422,362550.23195854237,0.0,245611.11582056002,608161.3477791024
582,10097.37788,0.00235,0.0,0.0,10097.37553,60.0,362320.29145050416,0.0,244686.46682591786,607006.758276422,362550.23195854237,0.0,245611.11582056002,608161.3477791024
583,10096.11255,0.009651,45.4545454545455,0.0,10141.557444454545,100.0,362320.29145050416,0.0,244686.46682591786,607006.758276422,362550.23195854237,0.0,245611.11582056002,608161.3477791024
584,10094.7112,0.020994,100.0,0.0,10194.690206,188.0,362320.29145050416,0.0,244686.46682591786,607006.758276422,362550.23195854237,0.0,245611.11582056002,608161.3477791024
585,10093.30986,0.030706,100.0,0.0,10193.279154,276.0,362320.29145050416,0.0,244686.46682591786,607006.758276422,362550.23195854237,0.0,245611.11582056002,608161.3477791024
586,10091.90851,0.035828000000000006,100.0,0.0,10191.872682,364.0,362320.29145050416,0.0,244686.46682591786,607006.758276422,362550.23195854237,0.0,245611.11582056002,608161.3477791024
587,10090.50717,0.038414000000000004,100.0,0.0,10190.468756,452.0,362320.29145050416,0.0,244686.46682591786,607006.758276422,362550.23195854237,0.0,245611.11582056002,608161.3477791024
588,10089.1395,0.037966,100.0,0.0,10189.101534,540.0,362320.29145050416,0.0,244686.46682591786,607006.758276422,362550.23195854237,0.0,245611.11582056002,608161.3477791024
589,10087.93835,0.03496200000000001,0.0,100.0,9987.903388,440.0,362320.29145050416,0.0,244686.46682591786,607006.758276422,362550.23195854237,0.0,245611.11582056002,608161.3477791024
590,10086.7372,0.02929,0.0,100.0,9986.70791,340.0,362320.29145050416,0.0,244686.46682591786,607006.758276422,362550.23195854237,0.0,245611.11582056002,608161.3477791024
591,10085.53605,0.021478,0.0,100.0,9985.514572,240.0,362320.29145050416,0.0,244686.46682591786,607006.758276422,362550.23195854237,0.0,245611.11582056002,608161.3477791024
592,10084.33489,0.011912,0.0,100.0,9984.322978,140.0,362320.29145050416,0.0,244686.46682591786,607006.758276422,362550.23195854237,0.0,245611.11582056002,608161.3477791024
593,10083.13374,0.001598,0.0,80.0,10003.132141999999,60.0,362320.29145050416,0.0,244686.46682591786,607006.758276422,362550.23195854237,0.0,245611.11582056002,608161.3477791024
594,10081.93259,0.0,0.0,0.0,10081.93259,60.0,362320.29145050416,0.0,244686.46682591786,607006.758276422,362550.23195854237,0.0,245611.11582056002,608161.3477791024
595,10080.73144,0.0,0.0,0.0,10080.73144,60.0,362320.29145050416,0.0,244686.46682591786,607006.758276422,362550.23195854237,0.0,245611.11582056002,608161.3477791024
596,10079.53028,0.0,0.0,0.0,10079.53028,60.0,362320.29145050416,0.0,244686.46682591786,607006.758276422,362550.23195854237,0.0,245611.11582056002,608161.3477791024
597,10078.32913,0.0,0.0,0.0,10078.32913,60.0,362320.29145050416,0.0,244686.46682591786,607006.758276422,362550.23195854237,0.0,245611.11582056002,608161.3477791024
598,10077.12798,0.0,0.0,0.0,10077.12798,60.0,362320.29145050416,0.0,244686.46682591786,607006.758276422,362550.23195854237,0.0,245611.11582056002,608161.3477791024
599,10076.27257,0.0,0.0,0.0,10076.27257,60.0,362320.29145050416,0.0,244686.46682591786,607006.758276422,362550.23195854237,0.0,245611.11582056002,608161.3477791024
600,10075.4718,0.0,0.0,0.0,10075.4718,60.0,362320.29145050416,0.0,244686.46682591786,607006.758276422,362550.23195854237,0.0,245611.11582056002,608161.3477791024
601,10074.67104,0.0,0.0,0.0,10074.67104,60.0,362320.29145050416,0.0,244686.46682591786,607006.758276422,362550.23195854237,0.0,245611.11582056002,608161.3477791024
602,10073.87027,0.0,0.0,0.0,10073.87027,60.0,362320.29145050416,0.0,244686.46682591786,607006.758276422,362550.23195854237,0.0,245611.11582056002,608161.3477791024
603,10073.0695,0.0,0.0,0.0,10073.0695,60.0,362320.29145050416,0.0,244686.46682591786,607006.758276422,362550.23195854237,0.0,245611.11582056002,608161.3477791024
604,10071.69924,0.0,0.0,0.0,10071.69924,60.0,362320.29145050416,0.0,244686.46682591786,607006.758276422,362550.23195854237,0.0,245611.11582056002,608161.3477791024
605,10070.09771,0.0,0.0,0.0,10070.09771,60.0,362320.29145050416,0.0,244686.46682591786,607006.758276422,362550.23195854237,0.0,245611.11582056002,608161.3477791024
606,10068.49617,0.0022240000000000003,0.0,0.0,10068.493946,60.0,362320.29145050416,0.0,244686.46682591786,607006.758276422,362550.23195854237,0.0,245611.11582056002,608161.3477791024
607,10066.89463,0.013172000000000001,45.4545454545455,0.0,10112.336003454546,100.0,362320.29145050416,0.0,244686.46682591786,607006.758276422,362550.23195854237,0.0,245611.11582056002,608161.3477791024
608,10065.2931,0.02336,100.0,0.0,10165.269740000002,188.0,362320.29145050416,0.0,244686.46682591786,607006.758276422,362550.23195854237,0.0,245611.11582056002,608161.3477791024
609,10063.57969,0.030843,100.0,0.0,10163.548847,276.0,362320.29145050416,0.0,244686.46682591786,607006.758276422,362550.23195854237,0.0,245611.11582056002,608161.3477791024
610,10061.77796,0.036341000000000005,100.0,0.0,10161.741618999999,364.0,362320.29145050416,0.0,244686.46682591786,607006.758276422,362550.23195854237,0.0,245611.11582056002,608161.3477791024
611,10059.97623,0.037359,100.0,0.0,10159.938871,452.0,362320.29145050416,0.0,244686.46682591786,607006.758276422,362550.23195854237,0.0,245611.11582056002,608161.3477791024
612,10058.1745,0.037527000000000005,100.0,0.0,10158.136972999999,540.0,362320.29145050416,0.0,244686.46682591786,607006.758276422,362550.23195854237,0.0,245611.11582056002,608161.3477791024
613,10056.37278,0.034677,0.0,100.0,9956.338103,440.0,362320.29145050416,0.0,244686.46682591786,607006.758276422,362550.23195854237,0.0,245611.11582056002,608161.3477791024
614,10055.05928,0.030121,0.0,100.0,9955.029159,340.0,362320.29145050416,0.0,244686.46682591786,607006.758276422,362550.23195854237,0.0,245611.11582056002,608161.3477791024
615,10054.4587,0.021994,0.0,100.0,9954.436705999999,240.0,362320.29145050416,0.0,244686.46682591786,607006.758276422,362550.23195854237,0.0,245611.11582056002,608161.3477791024
616,10053.85813,0.011351000000000002,0.0,100.0,9953.846779000001,140.0,362320.29145050416,0.0,244686.46682591786,607006.758276422,362550.23195854237,0.0,245611.11582056002,608161.3477791024
617,10053.25755,0.001442,0.0,80.0,9973.256108,60.0,362320.29145050416,0.0,244686.46682591786,607006.758276422,362550.23195854237,0.0,245611.11582056002,608161.3477791024
618,10052.65698,0.0,0.0,0.0,10052.65698,60.0,362320.29145050416,0.0,244686.46682591786,607006.758276422,362550.23195854237,0.0,245611.11582056002,608161.3477791024
619,10051.90378,0.0,0.0,0.0,10051.90378,60.0,362320.29145050416,0.0,244686.46682591786,607006.758276422,362550.23195854237,0.0,245611.11582056002,608161.3477791024
620,10050.70263,0.0,0.0,0.0,10050.70263,60.0,362320.29145050416,0.0,244686.46682591786,607006.758276422,362550.23195854237,0.0,245611.11582056002,608161.3477791024
621,10049.50148,0.0,0.0,0.0,10049.50148,60.0,362320.29145050416,0.0,244686.46682591786,607006.758276422,362550.23195854237,0.0,245611.11582056002,608161.3477791024
622,10048.30033,0.0,0.0,0.0,10048.30033,60.0,362320.29145050416,0.0,244686.46682591786,607006.758276422,362550.23195854237,0.0,245611.11582056002,608161.3477791024
623,10047.09917,0.0,0.0,0.0,10047.09917,60.0,362320.29145050416,0.0,244686.46682591786,607006.758276422,362550.23195854237,0.0,245611.11582056002,608161.3477791024
624,10045.79616,0.0,0.0,0.0,10045.79616,60.0,362320.29145050416,0.0,244686.46682591786,607006.758276422,362550.23195854237,0.0,245611.11582056002,608161.3477791024
625,10043.59405,0.0,0.0,0.0,10043.59405,60.0,362320.29145050416,0.0,244686.46682591786,607006.758276422,362550.23195854237,0.0,245611.11582056002,608161.3477791024
626,10041.39193,0.0,0.0,0.0,10041.39193,60.0,362320.29145050416,0.0,244686.46682591786,607006.758276422,362550.23195854237,0.0,245611.11582056002,608161.3477791024
627,10039.18982,0.0,0.0,0.0,10039.18982,60.0,362320.29145050416,0.0,244686.46682591786,607006.758276422,362550.23195854237,0.0,245611.11582056002,608161.3477791024
628,10036.98771,0.0,0.0,0.0,10036.98771,60.0,362320.29145050416,0.0,244686.46682591786,607006.758276422,362550.23195854237,0.0,245611.11582056002,608161.3477791024
629,10034.7856,0.0,0.0,0.0,10034.7856,60.0,362320.29145050416,0.0,244686.46682591786,607006.758276422,362550.23195854237,0.0,245611.11582056002,608161.3477791024
630,10033.34374,0.002202,0.0,0.0,10033.341538,60.0,362320.29145050416,0.0,244686.46682591786,607006.758276422,362550.23195854237,0.0,245611.11582056002,608161.3477791024
631,10031.9424,0.013497,45.4545454545455,0.0,10077.383448454546,100.0,362320.29145050416,0.0,244686.46682591786,607006.758276422,362550.23195854237,0.0,245611.11582056002,608161.3477791024
632,10030.54105,0.02427,100.0,0.0,10130.51678,188.0,362320.29145050416,0.0,244686.46682591786,607006.758276422,362550.23195854237,0.0,245611.11582056002,608161.3477791024
633,10029.13971,0.031299,100.0,0.0,10129.108411,276.0,362320.29145050416,0.0,244686.46682591786,607006.758276422,362550.23195854237,0.0,245611.11582056002,608161.3477791024
634,10027.73837,0.03512,100.0,0.0,10127.703249999999,364.0,362320.29145050416,0.0,244686.46682591786,607006.758276422,362550.23195854237,0.0,245611.11582056002,608161.3477791024
635,10026.17746,0.037347000000000005,100.0,0.0,10126.140113000001,452.0,362320.29145050416,0.0,244686.46682591786,607006.758276422,362550.23195854237,0.0,245611.11582056002,608161.3477791024
636,10024.57592,0.037593,100.0,0.0,10124.538327,540.0,362320.29145050416,0.0,244686.46682591786,607006.758276422,362550.23195854237,0.0,245611.11582056002,608161.3477791024
637,10022.97438,0.035675,0.0,100.0,9922.938705,440.0,362320.29145050416,0.0,244686.46682591786,607006.758276422,362550.23195854237,0.0,245611.11582056002,608161.3477791024
638,10021.37285,0.030848,0.0,100.0,9921.342002,340.0,362320.29145050416,0.0,244686.46682591786,607006.758276422,362550.23195854237,0.0,245611.11582056002,608161.3477791024
639,10019.77131,0.022366,0.0,100.0,9919.748944,240.0,362320.29145050416,0.0,244686.46682591786,607006.758276422,362550.23195854237,0.0,245611.11582056002,608161.3477791024
640,10018.16977,0.011845000000000001,0.0,100.0,9918.157925,140.0,362320.29145050416,0.0,244686.46682591786,607006.758276422,362550.23195854237,0.0,245611.11582056002,608161.3477791024
641,10016.56824,0.001348,0.0,80.0,9936.566892,60.0,362320.29145050416,0.0,244686.46682591786,607006.758276422,362550.23195854237,0.0,245611.11582056002,608161.3477791024
642,10014.9667,0.0,0.0,0.0,10014.9667,60.0,362320.29145050416,0.0,244686.46682591786,607006.758276422,362550.23195854237,0.0,245611.11582056002,608161.3477791024
643,10013.36517,0.0,0.0,0.0,10013.36517,60.0,362320.29145050416,0.0,244686.46682591786,607006.758276422,362550.23195854237,0.0,245611.11582056002,608161.3477791024
644,10011.76363,0.0,0.0,0.0,10011.76363,60.0,362320.29145050416,0.0,244686.46682591786,607006.758276422,362550.23195854237,0.0,245611.11582056002,608161.3477791024
645,10010.26066,0.0,0.0,0.0,10010.26066,60.0,362320.29145050416,0.0,244686.46682591786,607006.758276422,362550.23195854237,0.0,245611.11582056002,608161.3477791024
646,10008.85931,0.0,0.0,0.0,10008.85931,60.0,362320.29145050416,0.0,244686.46682591786,607006.758276422,362550.23195854237,0.0,245611.11582056002,608161.3477791024
647,10007.45797,0.0,0.0,0.0,10007.45797,60.0,362320.29145050416,0.0,244686.46682591786,607006.758276422,362550.23195854237,0.0,245611.11582056002,608161.3477791024
648,10006.05663,0.0,0.0,0.0,10006.05663,60.0,362320.29145050416,0.0,244686.46682591786,607006.758276422,362550.23195854237,0.0,245611.11582056002,608161.3477791024
649,10004.65528,0.0,0.0,0.0,10004.65528,60.0,362320.29145050416,0.0,244686.46682591786,607006.758276422,362550.23195854237,0.0,245611.11582056002,608161.3477791024
650,10003.25394,0.0,0.0,0.0,10003.25394,60.0,362320.29145050416,0.0,244686.46682591786,607006.758276422,362550.23195854237,0.0,245611.11582056002,608161.3477791024
651,10001.85259,0.0,0.0,0.0,10001.85259,60.0,362320.29145050416,0.0,244686.46682591786,607006.758276422,362550.23195854237,0.0,245611.11582056002,608161.3477791024
652,10000.45125,0.0,0.0,0.0,10000.45125,60.0,362320.29145050416,0.0,244686.46682591786,607006.758276422,362550.23195854237,0.0,245611.11582056002,608161.3477791024
653,9999.049904,0.0,0.0,0.0,9999.049904,60.0,362320.29145050416,0.0,244686.46682591786,607006.758276422,362550.23195854237,0.0,245611.11582056002,608161.3477791024
654,9997.648559,0.001773,0.0,0.0,9997.646786,60.0,362320.29145050416,0.0,244686.46682591786,607006.758276422,362550.23195854237,0.0,245611.11582056002,608161.3477791024
655,9996.20965,0.01226,0.0,0.0,9996.197390000001,60.0,362320.29145050416,0.0,244686.46682591786,607006.758276422,362550.23195854237,0.0,245611.11582056002,608161.3477791024
656,9994.608113,0.022574000000000004,0.0,0.0,9994.585539,60.0,362320.29145050416,0.0,244686.46682591786,607006.758276422,362550.23195854237,0.0,245611.11582056002,608161.3477791024
657,9993.006577,0.030577000000000003,0.0,0.0,9992.976,60.0,362320.29145050416,0.0,244686.46682591786,607006.758276422,362550.23195854237,0.0,245611.11582056002,608161.3477791024
658,9991.40504,0.03621800000000001,0.0,0.0,9991.368822,60.0,362320.29145050416,0.0,244686.46682591786,607006.758276422,362550.23195854237,0.0,245611.11582056002,608161.3477791024
659,9989.803504,0.038575000000000005,0.0,0.0,9989.764928999999,60.0,362320.29145050416,0.0,244686.46682591786,607006.758276422,362550.23195854237,0.0,245611.11582056002,608161.3477791024
660,9988.194902,0.037693,0.0,0.0,9988.157208999999,60.0,362320.29145050416,0.0,244686.46682591786,607006.758276422,362550.23195854237,0.0,245611.11582056002,608161.3477791024
661,9986.393174,0.034914,0.0,0.0,9986.35826,60.0,362320.29145050416,0.0,244686.46682591786,607006.758276422,362550.23195854237,0.0,245611.11582056002,608161.3477791024
662,9984.591445,0.026267,0.0,0.0,9984.565178,60.0,362320.29145050416,0.0,244686.46682591786,607006.758276422,362550.23195854237,0.0,245611.11582056002,608161.3477791024
663,9982.789717,0.016939,0.0,0.0,9982.772778,60.0,362320.29145050416,0.0,244686.46682591786,607006.758276422,362550.23195854237,0.0,245611.11582056002,608161.3477791024
664,9980.987989,0.011474999999999999,0.0,0.0,9980.976514,60.0,362320.29145050416,0.0,244686.46682591786,607006.758276422,362550.23195854237,0.0,245611.11582056002,608161.3477791024
665,9979.18626,0.001067,0.0,0.0,9979.185193000001,60.0,362320.29145050416,0.0,244686.46682591786,607006.758276422,362550.23195854237,0.0,245611.11582056002,608161.3477791024
666,9977.207774,0.0,0.0,0.0,9977.207774,60.0,362320.29145050416,0.0,244686.46682591786,607006.758276422,362550.23195854237,0.0,245611.11582056002,608161.3477791024
667,9975.205853,0.0,0.0,0.0,9975.205853,60.0,362320.29145050416,0.0,244686.46682591786,607006.758276422,362550.23195854237,0.0,245611.11582056002,608161.3477791024
668,9973.203933,0.0,0.0,0.0,9973.203933,60.0,362320.29145050416,0.0,244686.46682591786,607006.758276422,362550.23195854237,0.0,245611.11582056002,608161.3477791024
669,9971.202013,0.0,0.0,0.0,9971.202013,60.0,362320.29145050416,0.0,244686.46682591786,607006.758276422,362550.23195854237,0.0,245611.11582056002,608161.3477791024
670,9969.200092,0.0,0.0,0.0,9969.200092,60.0,362320.29145050416,0.0,244686.46682591786,607006.758276422,362550.23195854237,0.0,245611.11582056002,608161.3477791024
671,9966.466882,0.0,0.0,0.0,9966.466882,60.0,362320.29145050416,0.0,244686.46682591786,607006.758276422,362550.23195854237,0.0,245611.11582056002,608161.3477791024
672,9963.464001,0.0,0.0,0.0,9963.464001,60.0,362320.29145050416,0.0,244686.46682591786,607006.758276422,362550.23195854237,0.0,245611.11582056002,608161.3477791024
673,9960.461121,0.0,0.0,0.0,9960.461121,60.0,362320.29145050416,0.0,244686.46682591786,607006.758276422,362550.23195854237,0.0,245611.11582056002,608161.3477791024
674,9957.45824,0.0,0.0,0.0,9957.45824,60.0,362320.29145050416,0.0,244686.46682591786,607006.758276422,362550.23195854237,0.0,245611.11582056002,608161.3477791024
675,9954.455359,0.0,0.0,0.0,9954.455359,60.0,362320.29145050416,0.0,244686.46682591786,607006.758276422,362550.23195854237,0.0,245611.11582056002,608161.3477791024
676,9952.378543,0.0,0.0,0.0,9952.378543,60.0,362320.29145050416,0.0,244686.46682591786,607006.758276422,362550.23195854237,0.0,245611.11582056002,608161.3477791024
677,9950.977199,0.0,0.0,0.0,9950.977199,60.0,362320.29145050416,0.0,244686.46682591786,607006.758276422,362550.23195854237,0.0,245611.11582056002,608161.3477791024
678,9949.575855,0.002069,0.0,0.0,9949.573785999999,60.0,362320.29145050416,0.0,244686.46682591786,607006.758276422,362550.23195854237,0.0,245611.11582056002,608161.3477791024
679,9948.174511,0.011545999999999999,0.0,0.0,9948.162965,60.0,362320.29145050416,0.0,244686.46682591786,607006.758276422,362550.23195854237,0.0,245611.11582056002,608161.3477791024
680,9946.773166,0.022393,0.0,0.0,9946.750773000002,60.0,362320.29145050416,0.0,244686.46682591786,607006.758276422,362550.23195854237,0.0,245611.11582056002,608161.3477791024
681,9945.116047,0.031962,0.0,0.0,9945.084085,60.0,362320.29145050416,0.0,244686.46682591786,607006.758276422,362550.23195854237,0.0,245611.11582056002,608161.3477791024
682,9943.114127,0.025988,0.0,0.0,9943.088139000001,60.0,362320.29145050416,0.0,244686.46682591786,607006.758276422,362550.23195854237,0.0,245611.11582056002,608161.3477791024
683,9941.112206,0.035549,0.0,0.0,9941.076657,60.0,362320.29145050416,0.0,244686.46682591786,607006.758276422,362550.23195854237,0.0,245611.11582056002,608161.3477791024
684,9939.110286,0.035979,0.0,0.0,9939.074306999999,60.0,362320.29145050416,0.0,244686.46682591786,607006.758276422,362550.23195854237,0.0,245611.11582056002,608161.3477791024
685,9937.108365,0.033821,0.0,0.0,9937.074544,60.0,362320.29145050416,0.0,244686.46682591786,607006.758276422,362550.23195854237,0.0,245611.11582056002,608161.3477791024
686,9935.106445,0.028907000000000002,0.0,0.0,9935.077538,60.0,362320.29145050416,0.0,244686.46682591786,607006.758276422,362550.23195854237,0.0,245611.11582056002,608161.3477791024
687,9933.104524,0.011321,0.0,0.0,9933.093203,60.0,362320.29145050416,0.0,244686.46682591786,607006.758276422,362550.23195854237,0.0,245611.11582056002,608161.3477791024
688,9931.102604,0.002367,0.0,0.0,9931.100237,60.0,362320.29145050416,0.0,244686.46682591786,607006.758276422,362550.23195854237,0.0,245611.11582056002,608161.3477791024
689,9929.100684,0.000229,0.0,0.0,9929.100455,60.0,362320.29145050416,0.0,244686.46682591786,607006.758276422,362550.23195854237,0.0,245611.11582056002,608161.3477791024
690,9927.098763,0.0,0.0,0.0,9927.098763,60.0,362320.29145050416,0.0,244686.46682591786,607006.758276422,362550.23195854237,0.0,245611.11582056002,608161.3477791024
691,9925.072584,0.0,0.0,0.0,9925.072584,60.0,362320.29145050416,0.0,244686.46682591786,607006.758276422,362550.23195854237,0.0,245611.11582056002,608161.3477791024
692,9922.870472,0.0,0.0,0.0,9922.870472,60.0,362320.29145050416,0.0,244686.46682591786,607006.758276422,362550.23195854237,0.0,245611.11582056002,608161.3477791024
693,9920.668359,0.0,0.0,0.0,9920.668359,60.0,362320.29145050416,0.0,244686.46682591786,607006.758276422,362550.23195854237,0.0,245611.11582056002,608161.3477791024
694,9918.466247,0.0,0.0,0.0,9918.466247,60.0,362320.29145050416,0.0,244686.46682591786,607006.758276422,362550.23195854237,0.0,245611.11582056002,608161.3477791024
695,9916.264134,0.0,0.0,0.0,9916.264134,60.0,362320.29145050416,0.0,244686.46682591786,607006.758276422,362550.23195854237,0.0,245611.11582056002,608161.3477791024
696,9914.062022,0.0,0.0,0.0,9914.062022,60.0,362320.29145050416,0.0,244686.46682591786,607006.758276422,362550.23195854237,0.0,245611.11582056002,608161.3477791024
697,9911.859909,0.0,0.0,0.0,9911.859909,60.0,362320.29145050416,0.0,244686.46682591786,607006.758276422,362550.23195854237,0.0,245611.11582056002,608161.3477791024
698,9909.657797,0.0,0.0,0.0,9909.657797,60.0,362320.29145050416,0.0,244686.46682591786,607006.758276422,362550.23195854237,0.0,245611.11582056002,608161.3477791024
699,9907.455684,0.0,0.0,0.0,9907.455684,60.0,362320.29145050416,0.0,244686.46682591786,607006.758276422,362550.23195854237,0.0,245611.11582056002,608161.3477791024
700,9905.253572,0.0,0.0,0.0,9905.253572,60.0,362320.29145050416,0.0,244686.46682591786,607006.758276422,362550.23195854237,0.0,245611.11582056002,608161.3477791024
701,9903.051459,0.0,0.0,0.0,9903.051459,60.0,362320.29145050416,0.0,244686.46682591786,607006.758276422,362550.23195854237,0.0,245611.11582056002,608161.3477791024
702,9901.176249,0.002138,0.0,0.0,9901.174111,60.0,362320.29145050416,0.0,244686.46682591786,607006.758276422,362550.23195854237,0.0,245611.11582056002,608161.3477791024
703,9899.37452,0.013053,45.4545454545455,0.0,9944.816012454545,100.0,362320.29145050416,0.0,244686.46682591786,607006.758276422,362550.23195854237,0.0,245611.11582056002,608161.3477791024
704,9897.572792,0.016485,100.0,0.0,9997.556307,188.0,362320.29145050416,0.0,244686.46682591786,607006.758276422,362550.23195854237,0.0,245611.11582056002,608161.3477791024
705,9895.771063,0.01889,100.0,0.0,9995.752173,276.0,362320.29145050416,0.0,244686.46682591786,607006.758276422,362550.23195854237,0.0,245611.11582056002,608161.3477791024
706,9893.969335,0.024889,100.0,0.0,9993.944446,364.0,362320.29145050416,0.0,244686.46682591786,607006.758276422,362550.23195854237,0.0,245611.11582056002,608161.3477791024
707,9892.433509,0.036073,100.0,0.0,9992.397436000001,452.0,362320.29145050416,0.0,244686.46682591786,607006.758276422,362550.23195854237,0.0,245611.11582056002,608161.3477791024
708,9891.032164,0.029236,100.0,0.0,9991.002928,540.0,362320.29145050416,0.0,244686.46682591786,607006.758276422,362550.23195854237,0.0,245611.11582056002,608161.3477791024
709,9889.63082,0.017552,0.0,100.0,9789.613268000001,440.0,362320.29145050416,0.0,244686.46682591786,607006.758276422,362550.23195854237,0.0,245611.11582056002,608161.3477791024
710,9888.229476,0.020005,0.0,100.0,9788.209471,340.0,362320.29145050416,0.0,244686.46682591786,607006.758276422,362550.23195854237,0.0,245611.11582056002,608161.3477791024
711,9886.828131,0.014853,0.0,100.0,9786.813278,240.0,362320.29145050416,0.0,244686.46682591786,607006.758276422,362550.23195854237,0.0,245611.11582056002,608161.3477791024
712,9885.324336,0.0058579999999999995,0.0,100.0,9785.318478,140.0,362320.29145050416,0.0,244686.46682591786,607006.758276422,362550.23195854237,0.0,245611.11582056002,608161.3477791024
713,9883.7228,0.0012360000000000001,0.0,80.0,9803.721564,60.0,362320.29145050416,0.0,244686.46682591786,607006.758276422,362550.23195854237,0.0,245611.11582056002,608161.3477791024
714,9882.121263,0.0,0.0,0.0,9882.121263,60.0,362320.29145050416,0.0,244686.46682591786,607006.758276422,362550.23195854237,0.0,245611.11582056002,608161.3477791024
715,9880.519727,0.0,0.0,0.0,9880.519727,60.0,362320.29145050416,0.0,244686.46682591786,607006.758276422,362550.23195854237,0.0,245611.11582056002,608161.3477791024
716,9878.918191,0.0,0.0,0.0,9878.918191,60.0,362320.29145050416,0.0,244686.46682591786,607006.758276422,362550.23195854237,0.0,245611.11582056002,608161.3477791024
717,9877.244703,0.0,100.0,0.0,9977.244703,148.0,362320.29145050416,0.0,244686.46682591786,607006.758276422,362550.23195854237,0.0,245611.11582056002,608161.3477791024
718,9875.442974,0.0,100.0,0.0,9975.442974,236.0,362320.29145050416,0.0,244686.46682591786,607006.758276422,362550.23195854237,0.0,245611.11582056002,608161.3477791024
719,9873.641246,0.0,72.7272727272727,0.0,9946.368518727271,300.0,362320.29145050416,0.0,244686.46682591786,607006.758276422,362550.23195854237,0.0,245611.11582056002,608161.3477791024
