time,Pload,Ppv,Pcharge,Pdischarge,Ptotal,state of charge,energy_charge_with_es,nem_charge_with_es,demand_charge_with_es,total_bill_with_es,energy_charge_without_es,nem_charge_without_es,demand_charge_without_es,total_bill_without_es
0,9678.220602,0.0,818.181818181818,0.0,10496.402420181817,2720.0,333084.0496296446,0.0,183759.04190821078,516843.0915378554,333757.8116430077,0.0,188006.4211237,521764.23276670766
1,9676.819258,0.0,0.0,0.0,9676.819258,2720.0,333084.0496296446,0.0,183759.04190821078,516843.0915378554,333757.8116430077,0.0,188006.4211237,521764.23276670766
2,9675.417914,0.0,0.0,0.0,9675.417914,2720.0,333084.0496296446,0.0,183759.04190821078,516843.0915378554,333757.8116430077,0.0,188006.4211237,521764.23276670766
3,9674.016569,0.0,0.0,0.0,9674.016569,2720.0,333084.0496296446,0.0,183759.04190821078,516843.0915378554,333757.8116430077,0.0,188006.4211237,521764.23276670766
4,9672.619935,0.0,0.0,0.0,9672.619935,2720.0,333084.0496296446,0.0,183759.04190821078,516843.0915378554,333757.8116430077,0.0,188006.4211237,521764.23276670766
5,9671.618975,0.0,1000.0,0.0,10671.618975,3600.0,333084.0496296446,0.0,183759.04190821078,516843.0915378554,333757.8116430077,0.0,188006.4211237,521764.23276670766
6,9670.618015,0.003028,0.0,1000.0,8670.614987,2600.0,333084.0496296446,0.0,183759.04190821078,516843.0915378554,333757.8116430077,0.0,188006.4211237,521764.23276670766
7,9669.617055,0.013523,0.0,1000.0,8669.603532000001,1600.0,333084.0496296446,0.0,183759.04190821078,516843.0915378554,333757.8116430077,0.0,188006.4211237,521764.23276670766
8,9668.616095,0.024960000000000003,0.0,1000.0,8668.591134999999,600.0,333084.0496296446,0.0,183759.04190821078,516843.0915378554,333757.8116430077,0.0,188006.4211237,521764.23276670766
9,9667.615134,0.032756,0.0,200.0,9467.582378,400.0,333084.0496296446,0.0,183759.04190821078,516843.0915378554,333757.8116430077,0.0,188006.4211237,521764.23276670766
10,9666.958269,0.038152,0.0,0.0,9666.920117000001,400.0,333084.0496296446,0.0,183759.04190821078,516843.0915378554,333757.8116430077,0.0,188006.4211237,521764.23276670766
11,9666.357693,0.037169,0.0,0.0,9666.320524,400.0,333084.0496296446,0.0,183759.04190821078,516843.0915378554,333757.8116430077,0.0,188006.4211237,521764.23276670766
12,9665.757117,0.03375,1000.0,0.0,10665.723366999999,1280.0,333084.0496296446,0.0,183759.04190821078,516843.0915378554,333757.8116430077,0.0,188006.4211237,521764.23276670766
13,9665.156541,0.034392000000000006,636.363636363636,0.0,10301.485785363637,1840.0,333084.0496296446,0.0,183759.04190821078,516843.0915378554,333757.8116430077,0.0,188006.4211237,521764.23276670766
14,9664.555964,0.031735,0.0,0.0,9664.524228999999,1840.0,333084.0496296446,0.0,183759.04190821078,516843.0915378554,333757.8116430077,0.0,188006.4211237,521764.23276670766
15,9663.672293,0.025318,1000.0,0.0,10663.646975,2720.0,333084.0496296446,0.0,183759.04190821078,516843.0915378554,333757.8116430077,0.0,188006.4211237,521764.23276670766
16,9662.671333,0.015412,1000.0,0.0,10662.655921,3600.0,333084.0496296446,0.0,183759.04190821078,516843.0915378554,333757.8116430077,0.0,188006.4211237,521764.23276670766
17,9661.670373,0.0045709999999999995,0.0,1000.0,8661.665802000001,2600.0,333084.0496296446,0.0,183759.04190821078,516843.0915378554,333757.8116430077,0.0,188006.4211237,521764.23276670766
18,9660.669412,0.0,0.0,1000.0,8660.669412,1600.0,333084.0496296446,0.0,183759.04190821078,516843.0915378554,333757.8116430077,0.0,188006.4211237,521764.23276670766
19,9659.668452,0.0,0.0,1000.0,8659.668452,600.0,333084.0496296446,0.0,183759.04190821078,516843.0915378554,333757.8116430077,0.0,188006.4211237,521764.23276670766
20,9660.444255,0.0,0.0,200.0,9460.444255,400.0,333084.0496296446,0.0,183759.04190821078,516843.0915378554,333757.8116430077,0.0,188006.4211237,521764.23276670766
21,9662.646368,0.0,1000.0,0.0,10662.646368,1280.0,333084.0496296446,0.0,183759.04190821078,516843.0915378554,333757.8116430077,0.0,188006.4211237,521764.23276670766
22,9664.84848,0.0,636.363636363636,0.0,10301.212116363637,1840.0,333084.0496296446,0.0,183759.04190821078,516843.0915378554,333757.8116430077,0.0,188006.4211237,521764.23276670766
23,9667.050593,0.0,0.0,0.0,9667.050593,1840.0,333084.0496296446,0.0,183759.04190821078,516843.0915378554,333757.8116430077,0.0,188006.4211237,521764.23276670766
24,9669.252705,0.0,0.0,0.0,9669.252705,1840.0,333084.0496296446,0.0,183759.04190821078,516843.0915378554,333757.8116430077,0.0,188006.4211237,521764.23276670766
25,9671.615913,0.0,0.0,0.0,9671.615913,1840.0,333084.0496296446,0.0,183759.04190821078,516843.0915378554,333757.8116430077,0.0,188006.4211237,521764.23276670766
26,9674.21841,0.0,0.0,0.0,9674.21841,1840.0,333084.0496296446,0.0,183759.04190821078,516843.0915378554,333757.8116430077,0.0,188006.4211237,521764.23276670766
27,9676.820907,0.0,0.0,0.0,9676.820907,1840.0,333084.0496296446,0.0,183759.04190821078,516843.0915378554,333757.8116430077,0.0,188006.4211237,521764.23276670766
28,9679.423403,0.0,1000.0,0.0,10679.423403,2720.0,333084.0496296446,0.0,183759.04190821078,516843.0915378554,333757.8116430077,0.0,188006.4211237,521764.23276670766
29,9682.0259,0.0,1000.0,0.0,10682.0259,3600.0,333084.0496296446,0.0,183759.04190821078,516843.0915378554,333757.8116430077,0.0,188006.4211237,521764.23276670766
30,9684.077868,0.002916,0.0,1000.0,8684.074952,2600.0,333084.0496296446,0.0,183759.04190821078,516843.0915378554,333757.8116430077,0.0,188006.4211237,521764.23276670766
31,9684.478252,0.00304,0.0,1000.0,8684.475212000001,1600.0,333084.0496296446,0.0,183759.04190821078,516843.0915378554,333757.8116430077,0.0,188006.4211237,521764.23276670766
32,9684.878636,0.021466000000000002,0.0,196.146827666667,9488.710342333332,1403.85317233333,333084.0496296446,0.0,183759.04190821078,516843.0915378554,333757.8116430077,0.0,188006.4211237,521764.23276670766
33,9685.279021,0.013621000000000001,0.0,1.53254516666675,9683.732854833333,1402.32062716667,333084.0496296446,0.0,183759.04190821078,516843.0915378554,333757.8116430077,0.0,188006.4211237,521764.23276670766
34,9685.679405,0.030586,0.0,1000.0,8685.648819,402.320627166666,333084.0496296446,0.0,183759.04190821078,516843.0915378554,333757.8116430077,0.0,188006.4211237,521764.23276670766
35,9686.079789,0.026307,0.0,2.32062716666587,9683.732854833333,400.0,333084.0496296446,0.0,183759.04190821078,516843.0915378554,333757.8116430077,0.0,188006.4211237,521764.23276670766
36,9686.480173,0.026145,1000.0,0.0,10686.454028,1280.0,333084.0496296446,0.0,183759.04190821078,516843.0915378554,333757.8116430077,0.0,188006.4211237,521764.23276670766
37,9686.880557,0.020612,636.363636363636,0.0,10323.223581363636,1840.0,333084.0496296446,0.0,183759.04190821078,516843.0915378554,333757.8116430077,0.0,188006.4211237,521764.23276670766
38,9687.280941,0.008332,0.0,0.0,9687.272609000001,1840.0,333084.0496296446,0.0,183759.04190821078,516843.0915378554,333757.8116430077,0.0,188006.4211237,521764.23276670766
39,9687.681325,0.006718,1000.0,0.0,10687.674606999999,2720.0,333084.0496296446,0.0,183759.04190821078,516843.0915378554,333757.8116430077,0.0,188006.4211237,521764.23276670766
40,9688.081709,0.003088,1000.0,0.0,10688.078621,3600.0,333084.0496296446,0.0,183759.04190821078,516843.0915378554,333757.8116430077,0.0,188006.4211237,521764.23276670766
41,9688.482093,0.000694,0.0,1000.0,8688.481399,2600.0,333084.0496296446,0.0,183759.04190821078,516843.0915378554,333757.8116430077,0.0,188006.4211237,521764.23276670766
42,9688.882477,0.0,0.0,1000.0,8688.882477,1600.0,333084.0496296446,0.0,183759.04190821078,516843.0915378554,333757.8116430077,0.0,188006.4211237,521764.23276670766
43,9689.282861,0.0,0.0,1000.0,8689.282861,600.0,333084.0496296446,0.0,183759.04190821078,516843.0915378554,333757.8116430077,0.0,188006.4211237,521764.23276670766
44,9689.683245,0.0,0.0,200.0,9489.683245,400.0,333084.0496296446,0.0,183759.04190821078,516843.0915378554,333757.8116430077,0.0,188006.4211237,521764.23276670766
45,9690.08363,0.0,1000.0,0.0,10690.08363,1280.0,333084.0496296446,0.0,183759.04190821078,516843.0915378554,333757.8116430077,0.0,188006.4211237,521764.23276670766
46,9690.166533,0.0,636.363636363636,0.0,10326.530169363636,1840.0,333084.0496296446,0.0,183759.04190821078,516843.0915378554,333757.8116430077,0.0,188006.4211237,521764.23276670766
47,9690.166533,0.0,0.0,0.0,9690.166533,1840.0,333084.0496296446,0.0,183759.04190821078,516843.0915378554,333757.8116430077,0.0,188006.4211237,521764.23276670766
48,9690.166533,0.0,0.0,0.0,9690.166533,1840.0,333084.0496296446,0.0,183759.04190821078,516843.0915378554,333757.8116430077,0.0,188006.4211237,521764.23276670766
49,9690.166533,0.0,0.0,0.0,9690.166533,1840.0,333084.0496296446,0.0,183759.04190821078,516843.0915378554,333757.8116430077,0.0,188006.4211237,521764.23276670766
50,9690.166533,0.0,0.0,0.0,9690.166533,1840.0,333084.0496296446,0.0,183759.04190821078,516843.0915378554,333757.8116430077,0.0,188006.4211237,521764.23276670766
51,9690.294773,0.0,0.0,0.0,9690.294773,1840.0,333084.0496296446,0.0,183759.04190821078,516843.0915378554,333757.8116430077,0.0,188006.4211237,521764.23276670766
52,9690.494965,0.0,1000.0,0.0,10690.494965,2720.0,333084.0496296446,0.0,183759.04190821078,516843.0915378554,333757.8116430077,0.0,188006.4211237,521764.23276670766
53,9690.695157,0.0,1000.0,0.0,10690.695157,3600.0,333084.0496296446,0.0,183759.04190821078,516843.0915378554,333757.8116430077,0.0,188006.4211237,521764.23276670766
54,9690.895349,0.002569,0.0,1000.0,8690.89278,2600.0,333084.0496296446,0.0,183759.04190821078,516843.0915378554,333757.8116430077,0.0,188006.4211237,521764.23276670766
55,9691.095541,0.012027,0.0,1000.0,8691.083514,1600.0,333084.0496296446,0.0,183759.04190821078,516843.0915378554,333757.8116430077,0.0,188006.4211237,521764.23276670766
56,9691.295734,0.022749,0.0,184.139975666667,9507.133009333333,1415.86002433333,333084.0496296446,0.0,183759.04190821078,516843.0915378554,333757.8116430077,0.0,188006.4211237,521764.23276670766
57,9691.495926,0.030297,0.0,7.73277416666679,9683.732854833333,1408.12725016667,333084.0496296446,0.0,183759.04190821078,516843.0915378554,333757.8116430077,0.0,188006.4211237,521764.23276670766
58,9691.696118,0.034432000000000004,0.0,1000.0,8691.661686,408.127250166666,333084.0496296446,0.0,183759.04190821078,516843.0915378554,333757.8116430077,0.0,188006.4211237,521764.23276670766
59,9691.89631,0.036205,0.0,8.12725016666627,9683.732854833333,400.0,333084.0496296446,0.0,183759.04190821078,516843.0915378554,333757.8116430077,0.0,188006.4211237,521764.23276670766
60,9692.096502,0.037425,1000.0,0.0,10692.059077,1280.0,333084.0496296446,0.0,183759.04190821078,516843.0915378554,333757.8116430077,0.0,188006.4211237,521764.23276670766
61,9692.431176,0.036546,636.363636363636,0.0,10328.758266363637,1840.0,333084.0496296446,0.0,183759.04190821078,516843.0915378554,333757.8116430077,0.0,188006.4211237,521764.23276670766
62,9693.031752,0.028765000000000002,0.0,0.0,9693.002987000002,1840.0,333084.0496296446,0.0,183759.04190821078,516843.0915378554,333757.8116430077,0.0,188006.4211237,521764.23276670766
63,9693.632328,0.022704000000000002,1000.0,0.0,10693.609623999999,2720.0,333084.0496296446,0.0,183759.04190821078,516843.0915378554,333757.8116430077,0.0,188006.4211237,521764.23276670766
64,9694.232904,0.015518,1000.0,0.0,10694.217386,3600.0,333084.0496296446,0.0,183759.04190821078,516843.0915378554,333757.8116430077,0.0,188006.4211237,521764.23276670766
65,9694.83348,0.004467,0.0,1000.0,8694.829012999999,2600.0,333084.0496296446,0.0,183759.04190821078,516843.0915378554,333757.8116430077,0.0,188006.4211237,521764.23276670766
66,9696.058656,0.0,0.0,1000.0,8696.058656,1600.0,333084.0496296446,0.0,183759.04190821078,516843.0915378554,333757.8116430077,0.0,188006.4211237,521764.23276670766
67,9700.062496,0.0,0.0,200.0,9500.062496,1400.0,333084.0496296446,0.0,183759.04190821078,516843.0915378554,333757.8116430077,0.0,188006.4211237,521764.23276670766
68,9704.066337,0.0,0.0,1000.0,8704.066337,400.0,333084.0496296446,0.0,183759.04190821078,516843.0915378554,333757.8116430077,0.0,188006.4211237,521764.23276670766
69,9708.070178,0.0,1000.0,0.0,10708.070178,1280.0,333084.0496296446,0.0,183759.04190821078,516843.0915378554,333757.8116430077,0.0,188006.4211237,521764.23276670766
70,9712.074019,0.0,682.670266296973,0.0,10394.744285296973,1880.74983434134,333084.0496296446,0.0,183759.04190821078,516843.0915378554,333757.8116430077,0.0,188006.4211237,521764.23276670766
71,9716.052895,0.0,0.0,0.0,9716.052895,1880.74983434134,333084.0496296446,0.0,183759.04190821078,516843.0915378554,333757.8116430077,0.0,188006.4211237,521764.23276670766
72,9719.255968,0.0,0.0,0.0,9719.255968,1880.74983434134,333084.0496296446,0.0,183759.04190821078,516843.0915378554,333757.8116430077,0.0,188006.4211237,521764.23276670766
73,9722.45904,0.0,0.0,0.0,9722.45904,1880.74983434134,333084.0496296446,0.0,183759.04190821078,516843.0915378554,333757.8116430077,0.0,188006.4211237,521764.23276670766
74,9725.662113,0.0,0.0,0.0,9725.662113,1880.74983434134,333084.0496296446,0.0,183759.04190821078,516843.0915378554,333757.8116430077,0.0,188006.4211237,521764.23276670766
75,9728.865186,0.0,0.0,0.0,9728.865186,1880.74983434134,333084.0496296446,0.0,183759.04190821078,516843.0915378554,333757.8116430077,0.0,188006.4211237,521764.23276670766
76,9732.068258,0.0,977.920421033332,0.0,10709.988679033331,2741.31980485067,333084.0496296446,0.0,183759.04190821078,516843.0915378554,333757.8116430077,0.0,188006.4211237,521764.23276670766
77,9734.21573,0.0,975.772949033331,0.0,10709.988679033331,3600.0,333084.0496296446,0.0,183759.04190821078,516843.0915378554,333757.8116430077,0.0,188006.4211237,521764.23276670766
78,9736.217651,0.002988,0.0,1000.0,8736.214663,2600.0,333084.0496296446,0.0,183759.04190821078,516843.0915378554,333757.8116430077,0.0,188006.4211237,521764.23276670766
79,9738.219571,0.012988,0.0,1000.0,8738.206583,1600.0,333084.0496296446,0.0,183759.04190821078,516843.0915378554,333757.8116430077,0.0,188006.4211237,521764.23276670766
80,9740.221492,0.021376000000000003,0.0,56.4672611666665,9683.732854833333,1543.53273883333,333084.0496296446,0.0,183759.04190821078,516843.0915378554,333757.8116430077,0.0,188006.4211237,521764.23276670766
81,9742.223412,0.029515,0.0,58.4610421666657,9683.732854833333,1485.07169666667,333084.0496296446,0.0,183759.04190821078,516843.0915378554,333757.8116430077,0.0,188006.4211237,521764.23276670766
82,9742.189262,0.038296,0.0,1000.0,8742.150966,485.071696666668,333084.0496296446,0.0,183759.04190821078,516843.0915378554,333757.8116430077,0.0,188006.4211237,521764.23276670766
83,9741.388493,0.036438000000000005,0.0,85.0716966666678,9656.280358333333,400.0,333084.0496296446,0.0,183759.04190821078,516843.0915378554,333757.8116430077,0.0,188006.4211237,521764.23276670766
84,9740.587725,0.039619,969.440573033331,0.0,10709.988679033331,1253.10770426933,333084.0496296446,0.0,183759.04190821078,516843.0915378554,333757.8116430077,0.0,188006.4211237,521764.23276670766
85,9739.786957,0.040170000000000004,722.473592263641,0.0,10462.220379263641,1888.88446546134,333084.0496296446,0.0,183759.04190821078,516843.0915378554,333757.8116430077,0.0,188006.4211237,521764.23276670766
86,9738.986189,0.034993,0.0,0.0,9738.951196,1888.88446546134,333084.0496296446,0.0,183759.04190821078,516843.0915378554,333757.8116430077,0.0,188006.4211237,521764.23276670766
87,9738.185421,0.026185,971.829443033332,0.0,10709.988679033331,2744.09437533067,333084.0496296446,0.0,183759.04190821078,516843.0915378554,333757.8116430077,0.0,188006.4211237,521764.23276670766
88,9737.384653,0.016002,972.620028033332,0.0,10709.988679033331,3600.0,333084.0496296446,0.0,183759.04190821078,516843.0915378554,333757.8116430077,0.0,188006.4211237,521764.23276670766
89,9736.583884,0.0044740000000000005,0.0,1000.0,8736.57941,2600.0,333084.0496296446,0.0,183759.04190821078,516843.0915378554,333757.8116430077,0.0,188006.4211237,521764.23276670766
90,9735.783116,0.0,0.0,1000.0,8735.783116,1600.0,333084.0496296446,0.0,183759.04190821078,516843.0915378554,333757.8116430077,0.0,188006.4211237,521764.23276670766
91,9734.982348,0.0,0.0,1000.0,8734.982348,600.0,333084.0496296446,0.0,183759.04190821078,516843.0915378554,333757.8116430077,0.0,188006.4211237,521764.23276670766
92,9734.012712,0.0,0.0,200.0,9534.012712,400.0,333084.0496296446,0.0,183759.04190821078,516843.0915378554,333757.8116430077,0.0,188006.4211237,521764.23276670766
93,9732.81156,0.0,977.177119033331,0.0,10709.988679033331,1259.91586474933,333084.0496296446,0.0,183759.04190821078,516843.0915378554,333757.8116430077,0.0,188006.4211237,521764.23276670766
94,9731.610407,0.0,686.814995263643,0.0,10418.425402263643,1864.31306058134,333084.0496296446,0.0,183759.04190821078,516843.0915378554,333757.8116430077,0.0,188006.4211237,521764.23276670766
95,9730.409255,0.0,0.0,0.0,9730.409255,1864.31306058134,333084.0496296446,0.0,183759.04190821078,516843.0915378554,333757.8116430077,0.0,188006.4211237,521764.23276670766
96,9729.208103,0.0,0.0,0.0,9729.208103,1864.31306058134,333084.0496296446,0.0,183759.04190821078,516843.0915378554,333757.8116430077,0.0,188006.4211237,521764.23276670766
97,9728.006951,0.0,0.0,0.0,9728.006951,1864.31306058134,333084.0496296446,0.0,183759.04190821078,516843.0915378554,333757.8116430077,0.0,188006.4211237,521764.23276670766
98,9726.805798,0.0,0.0,0.0,9726.805798,1864.31306058134,333084.0496296446,0.0,183759.04190821078,516843.0915378554,333757.8116430077,0.0,188006.4211237,521764.23276670766
99,9725.604646,0.0,0.0,0.0,9725.604646,1864.31306058134,333084.0496296446,0.0,183759.04190821078,516843.0915378554,333757.8116430077,0.0,188006.4211237,521764.23276670766
100,9724.403494,0.0,985.585185033331,0.0,10709.988679033331,2731.62802341067,333084.0496296446,0.0,183759.04190821078,516843.0915378554,333757.8116430077,0.0,188006.4211237,521764.23276670766
101,9723.202342,0.0,986.786337033331,0.0,10709.988679033331,3600.0,333084.0496296446,0.0,183759.04190821078,516843.0915378554,333757.8116430077,0.0,188006.4211237,521764.23276670766
102,9722.024624,0.002719,0.0,1000.0,8722.021905,2600.0,333084.0496296446,0.0,183759.04190821078,516843.0915378554,333757.8116430077,0.0,188006.4211237,521764.23276670766
103,9721.023663,0.010164999999999999,0.0,1000.0,8721.013498,1600.0,333084.0496296446,0.0,183759.04190821078,516843.0915378554,333757.8116430077,0.0,188006.4211237,521764.23276670766
104,9720.022703,0.021755,0.0,1000.0,8720.000948,600.0,333084.0496296446,0.0,183759.04190821078,516843.0915378554,333757.8116430077,0.0,188006.4211237,521764.23276670766
105,9719.021743,0.028119,0.0,35.2607691666653,9683.732854833333,564.739230833335,333084.0496296446,0.0,183759.04190821078,516843.0915378554,333757.8116430077,0.0,188006.4211237,521764.23276670766
106,9718.020783,0.03814,0.0,131.492517666667,9586.490125333332,433.246713166667,333084.0496296446,0.0,183759.04190821078,516843.0915378554,333757.8116430077,0.0,188006.4211237,521764.23276670766
107,9717.019822,0.040254,0.0,33.2467131666672,9683.732854833333,400.0,333084.0496296446,0.0,183759.04190821078,516843.0915378554,333757.8116430077,0.0,188006.4211237,521764.23276670766
108,9716.211989,0.040582,993.817272033331,0.0,10709.988679033331,1274.55919938933,333084.0496296446,0.0,183759.04190821078,516843.0915378554,333757.8116430077,0.0,188006.4211237,521764.23276670766
109,9715.41122,0.040793,649.345076263642,0.0,10364.715503263642,1845.98286650134,333084.0496296446,0.0,183759.04190821078,516843.0915378554,333757.8116430077,0.0,188006.4211237,521764.23276670766
110,9714.610452,0.021731000000000004,0.0,0.0,9714.588721,1845.98286650134,333084.0496296446,0.0,183759.04190821078,516843.0915378554,333757.8116430077,0.0,188006.4211237,521764.23276670766
111,9713.809684,0.026905000000000002,996.205900033332,0.0,10709.988679033331,2722.64405853067,333084.0496296446,0.0,183759.04190821078,516843.0915378554,333757.8116430077,0.0,188006.4211237,521764.23276670766
112,9713.008916,0.015625,996.995388033331,0.0,10709.988679033331,3600.0,333084.0496296446,0.0,183759.04190821078,516843.0915378554,333757.8116430077,0.0,188006.4211237,521764.23276670766
113,9712.045521,0.004618000000000001,0.0,1000.0,8712.040903,2600.0,333084.0496296446,0.0,183759.04190821078,516843.0915378554,333757.8116430077,0.0,188006.4211237,521764.23276670766
114,9711.044561,0.0,0.0,1000.0,8711.044561,1600.0,333084.0496296446,0.0,183759.04190821078,516843.0915378554,333757.8116430077,0.0,188006.4211237,521764.23276670766
115,9710.043601,0.0,0.0,200.0,9510.043601,1400.0,333084.0496296446,0.0,183759.04190821078,516843.0915378554,333757.8116430077,0.0,188006.4211237,521764.23276670766
116,9709.042641,0.0,0.0,1000.0,8709.042641,400.0,333084.0496296446,0.0,183759.04190821078,516843.0915378554,333757.8116430077,0.0,188006.4211237,521764.23276670766
117,9708.04168,0.0,0.0,0.0,9708.04168,400.0,333084.0496296446,0.0,183759.04190821078,516843.0915378554,333757.8116430077,0.0,188006.4211237,521764.23276670766
118,9707.04072,0.0,0.0,0.0,9707.04072,400.0,333084.0496296446,0.0,183759.04190821078,516843.0915378554,333757.8116430077,0.0,188006.4211237,521764.23276670766
119,9706.03976,0.0,0.0,0.0,9706.03976,400.0,333084.0496296446,0.0,183759.04190821078,516843.0915378554,333757.8116430077,0.0,188006.4211237,521764.23276670766
120,9705.0388,0.0,0.0,0.0,9705.0388,400.0,333084.0496296446,0.0,183759.04190821078,516843.0915378554,333757.8116430077,0.0,188006.4211237,521764.23276670766
121,9704.037839,0.0,0.0,0.0,9704.037839,400.0,333084.0496296446,0.0,183759.04190821078,516843.0915378554,333757.8116430077,0.0,188006.4211237,521764.23276670766
122,9703.036879,0.0,0.0,0.0,9703.036879,400.0,333084.0496296446,0.0,183759.04190821078,516843.0915378554,333757.8116430077,0.0,188006.4211237,521764.23276670766
123,9702.137546,0.0,0.0,0.0,9702.137546,400.0,333084.0496296446,0.0,183759.04190821078,516843.0915378554,333757.8116430077,0.0,188006.4211237,521764.23276670766
124,9701.336778,0.0,0.0,0.0,9701.336778,400.0,333084.0496296446,0.0,183759.04190821078,516843.0915378554,333757.8116430077,0.0,188006.4211237,521764.23276670766
125,9700.536009,0.0,0.0,0.0,9700.536009,400.0,333084.0496296446,0.0,183759.04190821078,516843.0915378554,333757.8116430077,0.0,188006.4211237,521764.23276670766
126,9699.735241,0.003045,0.0,0.0,9699.732196,400.0,333084.0496296446,0.0,183759.04190821078,516843.0915378554,333757.8116430077,0.0,188006.4211237,521764.23276670766
127,9698.934473,0.013803000000000001,0.0,0.0,9698.92067,400.0,333084.0496296446,0.0,183759.04190821078,516843.0915378554,333757.8116430077,0.0,188006.4211237,521764.23276670766
128,9698.204832,0.024051,0.0,0.0,9698.180781,400.0,333084.0496296446,0.0,183759.04190821078,516843.0915378554,333757.8116430077,0.0,188006.4211237,521764.23276670766
129,9697.604256,0.029757000000000002,0.0,0.0,9697.574499,400.0,333084.0496296446,0.0,183759.04190821078,516843.0915378554,333757.8116430077,0.0,188006.4211237,521764.23276670766
130,9697.00368,0.036631000000000004,0.0,0.0,9696.967048999999,400.0,333084.0496296446,0.0,183759.04190821078,516843.0915378554,333757.8116430077,0.0,188006.4211237,521764.23276670766
131,9696.403104,0.04158100000000001,0.0,0.0,9696.361523000001,400.0,333084.0496296446,0.0,183759.04190821078,516843.0915378554,333757.8116430077,0.0,188006.4211237,521764.23276670766
132,9695.802527,0.040426000000000004,0.0,0.0,9695.762101,400.0,333084.0496296446,0.0,183759.04190821078,516843.0915378554,333757.8116430077,0.0,188006.4211237,521764.23276670766
133,9695.161324,0.038848999999999995,0.0,0.0,9695.122475,400.0,333084.0496296446,0.0,183759.04190821078,516843.0915378554,333757.8116430077,0.0,188006.4211237,521764.23276670766
134,9694.360556,0.032067,0.0,0.0,9694.328489,400.0,333084.0496296446,0.0,183759.04190821078,516843.0915378554,333757.8116430077,0.0,188006.4211237,521764.23276670766
135,9693.559788,0.017757000000000002,0.0,0.0,9693.542031,400.0,333084.0496296446,0.0,183759.04190821078,516843.0915378554,333757.8116430077,0.0,188006.4211237,521764.23276670766
136,9692.75902,0.011531000000000001,0.0,0.0,9692.747489,400.0,333084.0496296446,0.0,183759.04190821078,516843.0915378554,333757.8116430077,0.0,188006.4211237,521764.23276670766
137,9691.958251,0.004369,0.0,0.0,9691.953882,400.0,333084.0496296446,0.0,183759.04190821078,516843.0915378554,333757.8116430077,0.0,188006.4211237,521764.23276670766
138,9691.167611,0.0,0.0,0.0,9691.167611,400.0,333084.0496296446,0.0,183759.04190821078,516843.0915378554,333757.8116430077,0.0,188006.4211237,521764.23276670766
139,9690.567034,0.0,0.0,0.0,9690.567034,400.0,333084.0496296446,0.0,183759.04190821078,516843.0915378554,333757.8116430077,0.0,188006.4211237,521764.23276670766
140,9689.966458,0.0,0.0,0.0,9689.966458,400.0,333084.0496296446,0.0,183759.04190821078,516843.0915378554,333757.8116430077,0.0,188006.4211237,521764.23276670766
141,9689.365882,0.0,0.0,0.0,9689.365882,400.0,333084.0496296446,0.0,183759.04190821078,516843.0915378554,333757.8116430077,0.0,188006.4211237,521764.23276670766
142,9688.765306,0.0,0.0,0.0,9688.765306,400.0,333084.0496296446,0.0,183759.04190821078,516843.0915378554,333757.8116430077,0.0,188006.4211237,521764.23276670766
143,9688.16473,0.0,0.0,0.0,9688.16473,400.0,333084.0496296446,0.0,183759.04190821078,516843.0915378554,333757.8116430077,0.0,188006.4211237,521764.23276670766
144,9687.564154,0.0,0.0,0.0,9687.564154,400.0,333084.0496296446,0.0,183759.04190821078,516843.0915378554,333757.8116430077,0.0,188006.4211237,521764.23276670766
145,9686.963578,0.0,0.0,0.0,9686.963578,400.0,333084.0496296446,0.0,183759.04190821078,516843.0915378554,333757.8116430077,0.0,188006.4211237,521764.23276670766
146,9686.363002,0.0,0.0,0.0,9686.363002,400.0,333084.0496296446,0.0,183759.04190821078,516843.0915378554,333757.8116430077,0.0,188006.4211237,521764.23276670766
147,9685.762425,0.0,0.0,0.0,9685.762425,400.0,333084.0496296446,0.0,183759.04190821078,516843.0915378554,333757.8116430077,0.0,188006.4211237,521764.23276670766
148,9685.161849,0.0,0.0,0.0,9685.161849,400.0,333084.0496296446,0.0,183759.04190821078,516843.0915378554,333757.8116430077,0.0,188006.4211237,521764.23276670766
149,9684.561273,0.0,0.0,0.0,9684.561273,400.0,333084.0496296446,0.0,183759.04190821078,516843.0915378554,333757.8116430077,0.0,188006.4211237,521764.23276670766
150,9683.960697,0.002926,0.0,0.0,9683.957771000001,400.0,333084.0496296446,0.0,183759.04190821078,516843.0915378554,333757.8116430077,0.0,188006.4211237,521764.23276670766
151,9683.360121,0.009914,0.0,0.0,9683.350207,400.0,333084.0496296446,0.0,183759.04190821078,516843.0915378554,333757.8116430077,0.0,188006.4211237,521764.23276670766
152,9682.759545,0.023014,0.0,0.0,9682.736531,400.0,333084.0496296446,0.0,183759.04190821078,516843.0915378554,333757.8116430077,0.0,188006.4211237,521764.23276670766
153,9682.158969,0.032028,1000.0,0.0,10682.126941,1280.0,333084.0496296446,0.0,183759.04190821078,516843.0915378554,333757.8116430077,0.0,188006.4211237,521764.23276670766
154,9681.558392,0.036513,636.363636363636,0.0,10317.885515363638,1840.0,333084.0496296446,0.0,183759.04190821078,516843.0915378554,333757.8116430077,0.0,188006.4211237,521764.23276670766
155,9680.957816,0.00632,0.0,0.0,9680.951496,1840.0,333084.0496296446,0.0,183759.04190821078,516843.0915378554,333757.8116430077,0.0,188006.4211237,521764.23276670766
156,9680.35724,0.025601,0.0,0.0,9680.331639,1840.0,333084.0496296446,0.0,183759.04190821078,516843.0915378554,333757.8116430077,0.0,188006.4211237,521764.23276670766
157,9679.756664,0.040621000000000004,0.0,0.0,9679.716043,1840.0,333084.0496296446,0.0,183759.04190821078,516843.0915378554,333757.8116430077,0.0,188006.4211237,521764.23276670766
158,9679.156088,0.019588,0.0,0.0,9679.1365,1840.0,333084.0496296446,0.0,183759.04190821078,516843.0915378554,333757.8116430077,0.0,188006.4211237,521764.23276670766
159,9678.643832,0.027011,0.0,0.0,9678.616821,1840.0,333084.0496296446,0.0,183759.04190821078,516843.0915378554,333757.8116430077,0.0,188006.4211237,521764.23276670766
160,9678.243448,0.016026,0.0,0.0,9678.227422,1840.0,333084.0496296446,0.0,183759.04190821078,516843.0915378554,333757.8116430077,0.0,188006.4211237,521764.23276670766
161,9677.843064,0.004611,0.0,0.0,9677.838453,1840.0,333084.0496296446,0.0,183759.04190821078,516843.0915378554,333757.8116430077,0.0,188006.4211237,521764.23276670766
162,9677.44268,0.0,0.0,0.0,9677.44268,1840.0,333084.0496296446,0.0,183759.04190821078,516843.0915378554,333757.8116430077,0.0,188006.4211237,521764.23276670766
163,9677.042295,0.0,0.0,0.0,9677.042295,1840.0,333084.0496296446,0.0,183759.04190821078,516843.0915378554,333757.8116430077,0.0,188006.4211237,521764.23276670766
164,9676.757552,0.0,0.0,0.0,9676.757552,1840.0,333084.0496296446,0.0,183759.04190821078,516843.0915378554,333757.8116430077,0.0,188006.4211237,521764.23276670766
165,9676.757552,0.0,0.0,0.0,9676.757552,1840.0,333084.0496296446,0.0,183759.04190821078,516843.0915378554,333757.8116430077,0.0,188006.4211237,521764.23276670766
166,9676.757552,0.0,0.0,0.0,9676.757552,1840.0,333084.0496296446,0.0,183759.04190821078,516843.0915378554,333757.8116430077,0.0,188006.4211237,521764.23276670766
167,9676.757552,0.0,0.0,0.0,9676.757552,1840.0,333084.0496296446,0.0,183759.04190821078,516843.0915378554,333757.8116430077,0.0,188006.4211237,521764.23276670766
168,9676.757552,0.0,0.0,0.0,9676.757552,1840.0,333084.0496296446,0.0,183759.04190821078,516843.0915378554,333757.8116430077,0.0,188006.4211237,521764.23276670766
169,9676.757552,0.0,0.0,0.0,9676.757552,1840.0,333084.0496296446,0.0,183759.04190821078,516843.0915378554,333757.8116430077,0.0,188006.4211237,521764.23276670766
170,9676.757552,0.0,0.0,0.0,9676.757552,1840.0,333084.0496296446,0.0,183759.04190821078,516843.0915378554,333757.8116430077,0.0,188006.4211237,521764.23276670766
171,9676.757552,0.0,0.0,0.0,9676.757552,1840.0,333084.0496296446,0.0,183759.04190821078,516843.0915378554,333757.8116430077,0.0,188006.4211237,521764.23276670766
172,9676.757552,0.0,1000.0,0.0,10676.757552,2720.0,333084.0496296446,0.0,183759.04190821078,516843.0915378554,333757.8116430077,0.0,188006.4211237,521764.23276670766
173,9676.757552,0.0,1000.0,0.0,10676.757552,3600.0,333084.0496296446,0.0,183759.04190821078,516843.0915378554,333757.8116430077,0.0,188006.4211237,521764.23276670766
174,9676.757552,0.003065,0.0,1000.0,8676.754486999998,2600.0,333084.0496296446,0.0,183759.04190821078,516843.0915378554,333757.8116430077,0.0,188006.4211237,521764.23276670766
175,9676.954564,0.013373,0.0,1000.0,8676.941191,1600.0,333084.0496296446,0.0,183759.04190821078,516843.0915378554,333757.8116430077,0.0,188006.4211237,521764.23276670766
176,9677.154756,0.023802,0.0,1000.0,8677.130954,600.0,333084.0496296446,0.0,183759.04190821078,516843.0915378554,333757.8116430077,0.0,188006.4211237,521764.23276670766
177,9677.354948,0.029316,0.0,200.0,9477.325632,400.0,333084.0496296446,0.0,183759.04190821078,516843.0915378554,333757.8116430077,0.0,188006.4211237,521764.23276670766
178,9677.55514,0.034299,0.0,0.0,9677.520841,400.0,333084.0496296446,0.0,183759.04190821078,516843.0915378554,333757.8116430077,0.0,188006.4211237,521764.23276670766
179,9677.755332,0.035994,0.0,0.0,9677.719338,400.0,333084.0496296446,0.0,183759.04190821078,516843.0915378554,333757.8116430077,0.0,188006.4211237,521764.23276670766
180,9677.622499,0.036874000000000004,1000.0,0.0,10677.585625,1280.0,333084.0496296446,0.0,183759.04190821078,516843.0915378554,333757.8116430077,0.0,188006.4211237,521764.23276670766
181,9677.422307,0.037563000000000006,636.363636363636,0.0,10313.748380363637,1840.0,333084.0496296446,0.0,183759.04190821078,516843.0915378554,333757.8116430077,0.0,188006.4211237,521764.23276670766
182,9677.222115,0.032755000000000006,0.0,0.0,9677.18936,1840.0,333084.0496296446,0.0,183759.04190821078,516843.0915378554,333757.8116430077,0.0,188006.4211237,521764.23276670766
183,9677.021923,0.025374,1000.0,0.0,10676.996549,2720.0,333084.0496296446,0.0,183759.04190821078,516843.0915378554,333757.8116430077,0.0,188006.4211237,521764.23276670766
184,9676.821731,0.015392,1000.0,0.0,10676.806339,3600.0,333084.0496296446,0.0,183759.04190821078,516843.0915378554,333757.8116430077,0.0,188006.4211237,521764.23276670766
185,9676.757552,0.004398,0.0,1000.0,8676.753154,2600.0,333084.0496296446,0.0,183759.04190821078,516843.0915378554,333757.8116430077,0.0,188006.4211237,521764.23276670766
186,9676.757552,0.0,0.0,1000.0,8676.757552,1600.0,333084.0496296446,0.0,183759.04190821078,516843.0915378554,333757.8116430077,0.0,188006.4211237,521764.23276670766
187,9676.757552,0.0,0.0,1000.0,8676.757552,600.0,333084.0496296446,0.0,183759.04190821078,516843.0915378554,333757.8116430077,0.0,188006.4211237,521764.23276670766
188,9676.757552,0.0,0.0,200.0,9476.757552,400.0,333084.0496296446,0.0,183759.04190821078,516843.0915378554,333757.8116430077,0.0,188006.4211237,521764.23276670766
189,9676.757552,0.0,1000.0,0.0,10676.757552,1280.0,333084.0496296446,0.0,183759.04190821078,516843.0915378554,333757.8116430077,0.0,188006.4211237,521764.23276670766
190,9676.652039,0.0,636.363636363636,0.0,10313.015675363637,1840.0,333084.0496296446,0.0,183759.04190821078,516843.0915378554,333757.8116430077,0.0,188006.4211237,521764.23276670766
191,9676.451847,0.0,0.0,0.0,9676.451847,1840.0,333084.0496296446,0.0,183759.04190821078,516843.0915378554,333757.8116430077,0.0,188006.4211237,521764.23276670766
192,9676.251655,0.0,0.0,0.0,9676.251655,1840.0,333084.0496296446,0.0,183759.04190821078,516843.0915378554,333757.8116430077,0.0,188006.4211237,521764.23276670766
193,9676.051463,0.0,0.0,0.0,9676.051463,1840.0,333084.0496296446,0.0,183759.04190821078,516843.0915378554,333757.8116430077,0.0,188006.4211237,521764.23276670766
194,9675.851271,0.0,0.0,0.0,9675.851271,1840.0,333084.0496296446,0.0,183759.04190821078,516843.0915378554,333757.8116430077,0.0,188006.4211237,521764.23276670766
195,9675.726092,0.0,0.0,0.0,9675.726092,1840.0,333084.0496296446,0.0,183759.04190821078,516843.0915378554,333757.8116430077,0.0,188006.4211237,521764.23276670766
196,9675.726092,0.0,1000.0,0.0,10675.726092,2720.0,333084.0496296446,0.0,183759.04190821078,516843.0915378554,333757.8116430077,0.0,188006.4211237,521764.23276670766
197,9675.726092,0.0,1000.0,0.0,10675.726092,3600.0,333084.0496296446,0.0,183759.04190821078,516843.0915378554,333757.8116430077,0.0,188006.4211237,521764.23276670766
198,9675.726092,0.003278,0.0,1000.0,8675.722814,2600.0,333084.0496296446,0.0,183759.04190821078,516843.0915378554,333757.8116430077,0.0,188006.4211237,521764.23276670766
199,9675.726092,0.012768000000000002,0.0,1000.0,8675.713324,1600.0,333084.0496296446,0.0,183759.04190821078,516843.0915378554,333757.8116430077,0.0,188006.4211237,521764.23276670766
200,9675.681578,0.022594000000000003,0.0,1000.0,8675.658984,600.0,333084.0496296446,0.0,183759.04190821078,516843.0915378554,333757.8116430077,0.0,188006.4211237,521764.23276670766
201,9675.481386,0.032163,0.0,200.0,9475.449223,400.0,333084.0496296446,0.0,183759.04190821078,516843.0915378554,333757.8116430077,0.0,188006.4211237,521764.23276670766
202,9675.281194,0.037637000000000004,0.0,0.0,9675.243557,400.0,333084.0496296446,0.0,183759.04190821078,516843.0915378554,333757.8116430077,0.0,188006.4211237,521764.23276670766
203,9675.081002,0.040098999999999996,0.0,0.0,9675.040903000001,400.0,333084.0496296446,0.0,183759.04190821078,516843.0915378554,333757.8116430077,0.0,188006.4211237,521764.23276670766
204,9674.88081,0.040123,1000.0,0.0,10674.840687,1280.0,333084.0496296446,0.0,183759.04190821078,516843.0915378554,333757.8116430077,0.0,188006.4211237,521764.23276670766
205,9674.708645,0.037526000000000004,636.363636363636,0.0,10311.034755363637,1840.0,333084.0496296446,0.0,183759.04190821078,516843.0915378554,333757.8116430077,0.0,188006.4211237,521764.23276670766
206,9674.908837,0.032848999999999996,0.0,0.0,9674.875988000002,1840.0,333084.0496296446,0.0,183759.04190821078,516843.0915378554,333757.8116430077,0.0,188006.4211237,521764.23276670766
207,9675.109029,0.025827000000000003,1000.0,0.0,10675.083202,2720.0,333084.0496296446,0.0,183759.04190821078,516843.0915378554,333757.8116430077,0.0,188006.4211237,521764.23276670766
208,9675.309221,0.014161,1000.0,0.0,10675.29506,3600.0,333084.0496296446,0.0,183759.04190821078,516843.0915378554,333757.8116430077,0.0,188006.4211237,521764.23276670766
209,9675.509413,0.004313,0.0,1000.0,8675.5051,2600.0,333084.0496296446,0.0,183759.04190821078,516843.0915378554,333757.8116430077,0.0,188006.4211237,521764.23276670766
210,9675.709605,0.0,0.0,1000.0,8675.709605,1600.0,333084.0496296446,0.0,183759.04190821078,516843.0915378554,333757.8116430077,0.0,188006.4211237,521764.23276670766
211,9675.909797,0.0,0.0,1000.0,8675.909797,600.0,333084.0496296446,0.0,183759.04190821078,516843.0915378554,333757.8116430077,0.0,188006.4211237,521764.23276670766
212,9676.109989,0.0,0.0,200.0,9476.109989,400.0,333084.0496296446,0.0,183759.04190821078,516843.0915378554,333757.8116430077,0.0,188006.4211237,521764.23276670766
213,9676.310181,0.0,1000.0,0.0,10676.310181,1280.0,333084.0496296446,0.0,183759.04190821078,516843.0915378554,333757.8116430077,0.0,188006.4211237,521764.23276670766
214,9676.510373,0.0,636.363636363636,0.0,10312.874009363635,1840.0,333084.0496296446,0.0,183759.04190821078,516843.0915378554,333757.8116430077,0.0,188006.4211237,521764.23276670766
215,9676.710565,0.0,0.0,0.0,9676.710565,1840.0,333084.0496296446,0.0,183759.04190821078,516843.0915378554,333757.8116430077,0.0,188006.4211237,521764.23276670766
216,9676.910758,0.0,0.0,0.0,9676.910758,1840.0,333084.0496296446,0.0,183759.04190821078,516843.0915378554,333757.8116430077,0.0,188006.4211237,521764.23276670766
217,9677.11095,0.0,0.0,0.0,9677.11095,1840.0,333084.0496296446,0.0,183759.04190821078,516843.0915378554,333757.8116430077,0.0,188006.4211237,521764.23276670766
218,9677.311142,0.0,0.0,0.0,9677.311142,1840.0,333084.0496296446,0.0,183759.04190821078,516843.0915378554,333757.8116430077,0.0,188006.4211237,521764.23276670766
219,9677.511334,0.0,0.0,0.0,9677.511334,1840.0,333084.0496296446,0.0,183759.04190821078,516843.0915378554,333757.8116430077,0.0,188006.4211237,521764.23276670766
220,9677.711526,0.0,1000.0,0.0,10677.711526,2720.0,333084.0496296446,0.0,183759.04190821078,516843.0915378554,333757.8116430077,0.0,188006.4211237,521764.23276670766
221,9678.279836,0.0,1000.0,0.0,10678.279836,3600.0,333084.0496296446,0.0,183759.04190821078,516843.0915378554,333757.8116430077,0.0,188006.4211237,521764.23276670766
222,9679.080604,0.003427,0.0,1000.0,8679.077177000001,2600.0,333084.0496296446,0.0,183759.04190821078,516843.0915378554,333757.8116430077,0.0,188006.4211237,521764.23276670766
223,9679.881372,0.013414,0.0,1000.0,8679.867958,1600.0,333084.0496296446,0.0,183759.04190821078,516843.0915378554,333757.8116430077,0.0,188006.4211237,521764.23276670766
224,9680.68214,0.023773,0.0,200.0,9480.658367,1400.0,333084.0496296446,0.0,183759.04190821078,516843.0915378554,333757.8116430077,0.0,188006.4211237,521764.23276670766
225,9681.482908,0.031084,0.0,0.0,9681.451824,1400.0,333084.0496296446,0.0,183759.04190821078,516843.0915378554,333757.8116430077,0.0,188006.4211237,521764.23276670766
226,9682.560295,0.034932000000000005,0.0,0.0,9682.525362999999,1400.0,333084.0496296446,0.0,183759.04190821078,516843.0915378554,333757.8116430077,0.0,188006.4211237,521764.23276670766
227,9683.961639,0.038024,0.0,1000.0,8683.923615,400.0,333084.0496296446,0.0,183759.04190821078,516843.0915378554,333757.8116430077,0.0,188006.4211237,521764.23276670766
228,9685.362983,0.034519,1000.0,0.0,10685.328464,1280.0,333084.0496296446,0.0,183759.04190821078,516843.0915378554,333757.8116430077,0.0,188006.4211237,521764.23276670766
229,9686.764328,0.032320999999999996,636.363636363636,0.0,10323.095643363635,1840.0,333084.0496296446,0.0,183759.04190821078,516843.0915378554,333757.8116430077,0.0,188006.4211237,521764.23276670766
230,9688.165672,0.017774,0.0,0.0,9688.147898,1840.0,333084.0496296446,0.0,183759.04190821078,516843.0915378554,333757.8116430077,0.0,188006.4211237,521764.23276670766
231,9689.567016,0.010089,1000.0,0.0,10689.556927000001,2720.0,333084.0496296446,0.0,183759.04190821078,516843.0915378554,333757.8116430077,0.0,188006.4211237,521764.23276670766
232,9690.968361,0.005275,1000.0,0.0,10690.963086,3600.0,333084.0496296446,0.0,183759.04190821078,516843.0915378554,333757.8116430077,0.0,188006.4211237,521764.23276670766
233,9692.369705,0.002383,0.0,1000.0,8692.367322,2600.0,333084.0496296446,0.0,183759.04190821078,516843.0915378554,333757.8116430077,0.0,188006.4211237,521764.23276670766
234,9693.771049,0.0,0.0,1000.0,8693.771049,1600.0,333084.0496296446,0.0,183759.04190821078,516843.0915378554,333757.8116430077,0.0,188006.4211237,521764.23276670766
235,9695.172394,0.0,0.0,1000.0,8695.172394,600.0,333084.0496296446,0.0,183759.04190821078,516843.0915378554,333757.8116430077,0.0,188006.4211237,521764.23276670766
236,9696.573738,0.0,0.0,200.0,9496.573738,400.0,333084.0496296446,0.0,183759.04190821078,516843.0915378554,333757.8116430077,0.0,188006.4211237,521764.23276670766
237,9697.975082,0.0,1000.0,0.0,10697.975082,1280.0,333084.0496296446,0.0,183759.04190821078,516843.0915378554,333757.8116430077,0.0,188006.4211237,521764.23276670766
238,9699.376427,0.0,636.363636363636,0.0,10335.740063363635,1840.0,333084.0496296446,0.0,183759.04190821078,516843.0915378554,333757.8116430077,0.0,188006.4211237,521764.23276670766
239,9700.777771,0.0,0.0,0.0,9700.777771,1840.0,333084.0496296446,0.0,183759.04190821078,516843.0915378554,333757.8116430077,0.0,188006.4211237,521764.23276670766
240,9702.179115,0.0,0.0,0.0,9702.179115,1840.0,333084.0496296446,0.0,183759.04190821078,516843.0915378554,333757.8116430077,0.0,188006.4211237,521764.23276670766
241,9703.580459,0.0,0.0,0.0,9703.580459,1840.0,333084.0496296446,0.0,183759.04190821078,516843.0915378554,333757.8116430077,0.0,188006.4211237,521764.23276670766
242,9704.981804,0.0,0.0,0.0,9704.981804,1840.0,333084.0496296446,0.0,183759.04190821078,516843.0915378554,333757.8116430077,0.0,188006.4211237,521764.23276670766
243,9706.383148,0.0,0.0,0.0,9706.383148,1840.0,333084.0496296446,0.0,183759.04190821078,516843.0915378554,333757.8116430077,0.0,188006.4211237,521764.23276670766
244,9707.784492,0.0,1000.0,0.0,10707.784492,2720.0,333084.0496296446,0.0,183759.04190821078,516843.0915378554,333757.8116430077,0.0,188006.4211237,521764.23276670766
245,9709.185837,0.0,1000.0,0.0,10709.185837,3600.0,333084.0496296446,0.0,183759.04190821078,516843.0915378554,333757.8116430077,0.0,188006.4211237,521764.23276670766
246,9710.587181,0.003492,0.0,1000.0,8710.583689000001,2600.0,333084.0496296446,0.0,183759.04190821078,516843.0915378554,333757.8116430077,0.0,188006.4211237,521764.23276670766
247,9713.522114,0.013118000000000001,0.0,1000.0,8713.508995999999,1600.0,333084.0496296446,0.0,183759.04190821078,516843.0915378554,333757.8116430077,0.0,188006.4211237,521764.23276670766
248,9716.725187,0.021598,0.0,32.9707341666672,9683.732854833333,1567.02926583333,333084.0496296446,0.0,183759.04190821078,516843.0915378554,333757.8116430077,0.0,188006.4211237,521764.23276670766
249,9719.92826,0.028911000000000003,0.0,127.666417666665,9592.232931333336,1439.36284816667,333084.0496296446,0.0,183759.04190821078,516843.0915378554,333757.8116430077,0.0,188006.4211237,521764.23276670766
250,9723.131332,0.035629,0.0,39.3628481666674,9683.732854833333,1400.0,333084.0496296446,0.0,183759.04190821078,516843.0915378554,333757.8116430077,0.0,188006.4211237,521764.23276670766
251,9726.334405,0.037005,0.0,1000.0,8726.2974,400.0,333084.0496296446,0.0,183759.04190821078,516843.0915378554,333757.8116430077,0.0,188006.4211237,521764.23276670766
252,9729.957174,0.038964,980.070469033331,0.0,10709.988679033331,1262.46201274933,333084.0496296446,0.0,183759.04190821078,516843.0915378554,333757.8116430077,0.0,188006.4211237,521764.23276670766
253,9733.760823,0.036213999999999996,722.816544263642,0.0,10456.541153263643,1898.54057170134,333084.0496296446,0.0,183759.04190821078,516843.0915378554,333757.8116430077,0.0,188006.4211237,521764.23276670766
254,9737.564472,0.031749,0.0,0.0,9737.532723,1898.54057170134,333084.0496296446,0.0,183759.04190821078,516843.0915378554,333757.8116430077,0.0,188006.4211237,521764.23276670766
255,9741.368121,0.024686,968.645244033332,0.0,10709.988679033331,2750.94838645067,333084.0496296446,0.0,183759.04190821078,516843.0915378554,333757.8116430077,0.0,188006.4211237,521764.23276670766
256,9745.17177,0.01447,964.83137903333,0.0,10709.988679033331,3600.0,333084.0496296446,0.0,183759.04190821078,516843.0915378554,333757.8116430077,0.0,188006.4211237,521764.23276670766
257,9748.647221,0.0043890000000000005,0.0,1000.0,8748.642832,2600.0,333084.0496296446,0.0,183759.04190821078,516843.0915378554,333757.8116430077,0.0,188006.4211237,521764.23276670766
258,9751.850294,0.0,0.0,1000.0,8751.850294,1600.0,333084.0496296446,0.0,183759.04190821078,516843.0915378554,333757.8116430077,0.0,188006.4211237,521764.23276670766
259,9755.053367,0.0,0.0,200.0,9555.053367,1400.0,333084.0496296446,0.0,183759.04190821078,516843.0915378554,333757.8116430077,0.0,188006.4211237,521764.23276670766
260,9758.25644,0.0,0.0,1000.0,8758.25644,400.0,333084.0496296446,0.0,183759.04190821078,516843.0915378554,333757.8116430077,0.0,188006.4211237,521764.23276670766
261,9761.459512,0.0,948.529167033332,0.0,10709.988679033331,1234.70566698933,333084.0496296446,0.0,183759.04190821078,516843.0915378554,333757.8116430077,0.0,188006.4211237,521764.23276670766
262,9764.662585,0.0,838.822226263641,0.0,10603.484811263641,1972.86922610134,333084.0496296446,0.0,183759.04190821078,516843.0915378554,333757.8116430077,0.0,188006.4211237,521764.23276670766
263,9767.865658,0.0,0.0,0.0,9767.865658,1972.86922610134,333084.0496296446,0.0,183759.04190821078,516843.0915378554,333757.8116430077,0.0,188006.4211237,521764.23276670766
264,9771.06873,0.0,0.0,0.0,9771.06873,1972.86922610134,333084.0496296446,0.0,183759.04190821078,516843.0915378554,333757.8116430077,0.0,188006.4211237,521764.23276670766
265,9774.271803,0.0,0.0,0.0,9774.271803,1972.86922610134,333084.0496296446,0.0,183759.04190821078,516843.0915378554,333757.8116430077,0.0,188006.4211237,521764.23276670766
266,9777.474876,0.0,0.0,0.0,9777.474876,1972.86922610134,333084.0496296446,0.0,183759.04190821078,516843.0915378554,333757.8116430077,0.0,188006.4211237,521764.23276670766
267,9780.677949,0.0,0.0,0.0,9780.677949,1972.86922610134,333084.0496296446,0.0,183759.04190821078,516843.0915378554,333757.8116430077,0.0,188006.4211237,521764.23276670766
268,9783.881021,0.0,926.107658033332,0.0,10709.988679033331,2787.84396517067,333084.0496296446,0.0,183759.04190821078,516843.0915378554,333757.8116430077,0.0,188006.4211237,521764.23276670766
269,9787.084094,0.0,922.904585033331,0.0,10709.988679033331,3600.0,333084.0496296446,0.0,183759.04190821078,516843.0915378554,333757.8116430077,0.0,188006.4211237,521764.23276670766
270,9790.287167,0.0045460000000000006,0.0,1000.0,8790.282621,2600.0,333084.0496296446,0.0,183759.04190821078,516843.0915378554,333757.8116430077,0.0,188006.4211237,521764.23276670766
271,9793.490239,0.0119,0.0,1000.0,8793.478339000001,1600.0,333084.0496296446,0.0,183759.04190821078,516843.0915378554,333757.8116430077,0.0,188006.4211237,521764.23276670766
272,9796.711212,0.022975000000000002,0.0,112.955382166667,9683.732854833333,1487.04461783333,333084.0496296446,0.0,183759.04190821078,516843.0915378554,333757.8116430077,0.0,188006.4211237,521764.23276670766
273,9800.114476,0.029993,0.0,116.351628166667,9683.732854833333,1370.69298966667,333084.0496296446,0.0,183759.04190821078,516843.0915378554,333757.8116430077,0.0,188006.4211237,521764.23276670766
274,9803.517741,0.036048000000000004,0.0,847.5422595,8955.9394335,523.150730166666,333084.0496296446,0.0,183759.04190821078,516843.0915378554,333757.8116430077,0.0,188006.4211237,521764.23276670766
275,9806.921006,0.037421,0.0,123.150730166666,9683.732854833333,400.0,333084.0496296446,0.0,183759.04190821078,516843.0915378554,333757.8116430077,0.0,188006.4211237,521764.23276670766
276,9810.324271,0.038520000000000006,899.702928033332,0.0,10709.988679033331,1191.73857666933,333084.0496296446,0.0,183759.04190821078,516843.0915378554,333757.8116430077,0.0,188006.4211237,521764.23276670766
277,9813.727535,0.039529,896.300673033331,0.0,10709.988679033331,1980.48316893866,333084.0496296446,0.0,183759.04190821078,516843.0915378554,333757.8116430077,0.0,188006.4211237,521764.23276670766
278,9816.943208,0.027349000000000002,63.8611502303103,0.0,9880.77700923031,2036.68098114134,333084.0496296446,0.0,183759.04190821078,516843.0915378554,333757.8116430077,0.0,188006.4211237,521764.23276670766
279,9820.146281,0.014708,889.857106033332,0.0,10709.988679033331,2819.75523445067,333084.0496296446,0.0,183759.04190821078,516843.0915378554,333757.8116430077,0.0,188006.4211237,521764.23276670766
280,9823.349354,0.002454,886.641779033331,0.0,10709.988679033331,3600.0,333084.0496296446,0.0,183759.04190821078,516843.0915378554,333757.8116430077,0.0,188006.4211237,521764.23276670766
281,9826.552427,0.004983,0.0,1000.0,8826.547444,2600.0,333084.0496296446,0.0,183759.04190821078,516843.0915378554,333757.8116430077,0.0,188006.4211237,521764.23276670766
282,9829.755499,0.0,0.0,1000.0,8829.755499,1600.0,333084.0496296446,0.0,183759.04190821078,516843.0915378554,333757.8116430077,0.0,188006.4211237,521764.23276670766
283,9833.272756,0.0,0.0,1000.0,8833.272756,600.0,333084.0496296446,0.0,183759.04190821078,516843.0915378554,333757.8116430077,0.0,188006.4211237,521764.23276670766
284,9836.876213,0.0,0.0,200.0,9636.876213,400.0,333084.0496296446,0.0,183759.04190821078,516843.0915378554,333757.8116430077,0.0,188006.4211237,521764.23276670766
285,9840.479669,0.0,0.0,0.0,9840.479669,400.0,333084.0496296446,0.0,183759.04190821078,516843.0915378554,333757.8116430077,0.0,188006.4211237,521764.23276670766
286,9844.083126,0.0,0.0,0.0,9844.083126,400.0,333084.0496296446,0.0,183759.04190821078,516843.0915378554,333757.8116430077,0.0,188006.4211237,521764.23276670766
287,9847.686583,0.0,0.0,0.0,9847.686583,400.0,333084.0496296446,0.0,183759.04190821078,516843.0915378554,333757.8116430077,0.0,188006.4211237,521764.23276670766
288,9851.669816,0.0,0.0,0.0,9851.669816,400.0,333084.0496296446,0.0,183759.04190821078,516843.0915378554,333757.8116430077,0.0,188006.4211237,521764.23276670766
289,9855.873849,0.0,0.0,0.0,9855.873849,400.0,333084.0496296446,0.0,183759.04190821078,516843.0915378554,333757.8116430077,0.0,188006.4211237,521764.23276670766
290,9860.077882,0.0,0.0,0.0,9860.077882,400.0,333084.0496296446,0.0,183759.04190821078,516843.0915378554,333757.8116430077,0.0,188006.4211237,521764.23276670766
291,9864.281915,0.0,0.0,0.0,9864.281915,400.0,333084.0496296446,0.0,183759.04190821078,516843.0915378554,333757.8116430077,0.0,188006.4211237,521764.23276670766
292,9868.485948,0.0,0.0,0.0,9868.485948,400.0,333084.0496296446,0.0,183759.04190821078,516843.0915378554,333757.8116430077,0.0,188006.4211237,521764.23276670766
293,9872.113427,0.0,0.0,0.0,9872.113427,400.0,333084.0496296446,0.0,183759.04190821078,516843.0915378554,333757.8116430077,0.0,188006.4211237,521764.23276670766
294,9875.116308,0.004335,0.0,0.0,9875.111973000001,400.0,333084.0496296446,0.0,183759.04190821078,516843.0915378554,333757.8116430077,0.0,188006.4211237,521764.23276670766
295,9878.119189,0.013001,0.0,0.0,9878.106188,400.0,333084.0496296446,0.0,183759.04190821078,516843.0915378554,333757.8116430077,0.0,188006.4211237,521764.23276670766
296,9881.122069,0.020908000000000003,0.0,0.0,9881.101160999999,400.0,333084.0496296446,0.0,183759.04190821078,516843.0915378554,333757.8116430077,0.0,188006.4211237,521764.23276670766
297,9884.12495,0.029013,0.0,0.0,9884.095937,400.0,333084.0496296446,0.0,183759.04190821078,516843.0915378554,333757.8116430077,0.0,188006.4211237,521764.23276670766
298,9886.799869,0.033664,0.0,0.0,9886.766205,400.0,333084.0496296446,0.0,183759.04190821078,516843.0915378554,333757.8116430077,0.0,188006.4211237,521764.23276670766
299,9888.80179,0.0368,0.0,0.0,9888.76499,400.0,333084.0496296446,0.0,183759.04190821078,516843.0915378554,333757.8116430077,0.0,188006.4211237,521764.23276670766
300,9890.80371,0.038277,0.0,0.0,9890.765433,400.0,333084.0496296446,0.0,183759.04190821078,516843.0915378554,333757.8116430077,0.0,188006.4211237,521764.23276670766
301,9892.80563,0.037476999999999996,0.0,0.0,9892.768153,400.0,333084.0496296446,0.0,183759.04190821078,516843.0915378554,333757.8116430077,0.0,188006.4211237,521764.23276670766
302,9894.807551,0.033044,0.0,0.0,9894.774507,400.0,333084.0496296446,0.0,183759.04190821078,516843.0915378554,333757.8116430077,0.0,188006.4211237,521764.23276670766
303,9896.949841,0.025522,0.0,0.0,9896.924319,400.0,333084.0496296446,0.0,183759.04190821078,516843.0915378554,333757.8116430077,0.0,188006.4211237,521764.23276670766
304,9899.75253,0.015521000000000002,0.0,0.0,9899.737009,400.0,333084.0496296446,0.0,183759.04190821078,516843.0915378554,333757.8116430077,0.0,188006.4211237,521764.23276670766
305,9902.555218,0.003994,0.0,0.0,9902.551223999999,400.0,333084.0496296446,0.0,183759.04190821078,516843.0915378554,333757.8116430077,0.0,188006.4211237,521764.23276670766
306,9905.357907,0.0,0.0,0.0,9905.357907,400.0,333084.0496296446,0.0,183759.04190821078,516843.0915378554,333757.8116430077,0.0,188006.4211237,521764.23276670766
307,9908.160596,0.0,0.0,0.0,9908.160596,400.0,333084.0496296446,0.0,183759.04190821078,516843.0915378554,333757.8116430077,0.0,188006.4211237,521764.23276670766
308,9911.000025,0.0,0.0,0.0,9911.000025,400.0,333084.0496296446,0.0,183759.04190821078,516843.0915378554,333757.8116430077,0.0,188006.4211237,521764.23276670766
309,9915.40425,0.0,0.0,0.0,9915.40425,400.0,333084.0496296446,0.0,183759.04190821078,516843.0915378554,333757.8116430077,0.0,188006.4211237,521764.23276670766
310,9919.808475,0.0,0.0,0.0,9919.808475,400.0,333084.0496296446,0.0,183759.04190821078,516843.0915378554,333757.8116430077,0.0,188006.4211237,521764.23276670766
311,9924.2127,0.0,0.0,0.0,9924.2127,400.0,333084.0496296446,0.0,183759.04190821078,516843.0915378554,333757.8116430077,0.0,188006.4211237,521764.23276670766
312,9928.616925,0.0,0.0,0.0,9928.616925,400.0,333084.0496296446,0.0,183759.04190821078,516843.0915378554,333757.8116430077,0.0,188006.4211237,521764.23276670766
313,9933.02115,0.0,0.0,0.0,9933.02115,400.0,333084.0496296446,0.0,183759.04190821078,516843.0915378554,333757.8116430077,0.0,188006.4211237,521764.23276670766
314,9937.076806,0.0,0.0,0.0,9937.076806,400.0,333084.0496296446,0.0,183759.04190821078,516843.0915378554,333757.8116430077,0.0,188006.4211237,521764.23276670766
315,9941.080647,0.0,0.0,0.0,9941.080647,400.0,333084.0496296446,0.0,183759.04190821078,516843.0915378554,333757.8116430077,0.0,188006.4211237,521764.23276670766
316,9945.084487,0.0,0.0,0.0,9945.084487,400.0,333084.0496296446,0.0,183759.04190821078,516843.0915378554,333757.8116430077,0.0,188006.4211237,521764.23276670766
317,9949.088328,0.0,0.0,0.0,9949.088328,400.0,333084.0496296446,0.0,183759.04190821078,516843.0915378554,333757.8116430077,0.0,188006.4211237,521764.23276670766
318,9953.092169,0.0034630000000000004,0.0,0.0,9953.088706,400.0,333084.0496296446,0.0,183759.04190821078,516843.0915378554,333757.8116430077,0.0,188006.4211237,521764.23276670766
319,9957.09601,0.009106999999999999,0.0,0.0,9957.086903,400.0,333084.0496296446,0.0,183759.04190821078,516843.0915378554,333757.8116430077,0.0,188006.4211237,521764.23276670766
320,9961.099851,0.016071000000000002,0.0,0.0,9961.08378,400.0,333084.0496296446,0.0,183759.04190821078,516843.0915378554,333757.8116430077,0.0,188006.4211237,521764.23276670766
321,9965.103692,0.02842,0.0,0.0,9965.075272,400.0,333084.0496296446,0.0,183759.04190821078,516843.0915378554,333757.8116430077,0.0,188006.4211237,521764.23276670766
322,9969.107533,0.028684,0.0,0.0,9969.078849,400.0,333084.0496296446,0.0,183759.04190821078,516843.0915378554,333757.8116430077,0.0,188006.4211237,521764.23276670766
323,9973.111374,0.035032,0.0,0.0,9973.076342,400.0,333084.0496296446,0.0,183759.04190821078,516843.0915378554,333757.8116430077,0.0,188006.4211237,521764.23276670766
324,9977.001929,0.026069,0.0,0.0,9976.97586,400.0,333084.0496296446,0.0,183759.04190821078,516843.0915378554,333757.8116430077,0.0,188006.4211237,521764.23276670766
325,9980.805578,0.026547,0.0,0.0,9980.779031,400.0,333084.0496296446,0.0,183759.04190821078,516843.0915378554,333757.8116430077,0.0,188006.4211237,521764.23276670766
326,9984.609227,0.02018,0.0,0.0,9984.589047000001,400.0,333084.0496296446,0.0,183759.04190821078,516843.0915378554,333757.8116430077,0.0,188006.4211237,521764.23276670766
327,9988.412876,0.011624,0.0,0.0,9988.401252,400.0,333084.0496296446,0.0,183759.04190821078,516843.0915378554,333757.8116430077,0.0,188006.4211237,521764.23276670766
328,9992.216525,0.011555,0.0,0.0,9992.20497,400.0,333084.0496296446,0.0,183759.04190821078,516843.0915378554,333757.8116430077,0.0,188006.4211237,521764.23276670766
329,9996.185744,0.001729,0.0,0.0,9996.184015,400.0,333084.0496296446,0.0,183759.04190821078,516843.0915378554,333757.8116430077,0.0,188006.4211237,521764.23276670766
330,10000.38978,0.0,0.0,0.0,10000.38978,400.0,333084.0496296446,0.0,183759.04190821078,516843.0915378554,333757.8116430077,0.0,188006.4211237,521764.23276670766
331,10004.59381,0.0,0.0,0.0,10004.59381,400.0,333084.0496296446,0.0,183759.04190821078,516843.0915378554,333757.8116430077,0.0,188006.4211237,521764.23276670766
332,10008.79784,0.0,0.0,0.0,10008.79784,400.0,333084.0496296446,0.0,183759.04190821078,516843.0915378554,333757.8116430077,0.0,188006.4211237,521764.23276670766
333,10013.00188,0.0,696.986799033331,0.0,10709.988679033331,1013.34838314933,333084.0496296446,0.0,183759.04190821078,516843.0915378554,333757.8116430077,0.0,188006.4211237,521764.23276670766
334,10017.10134,0.0,250.841811196981,0.0,10267.94315119698,1234.08917700267,333084.0496296446,0.0,183759.04190821078,516843.0915378554,333757.8116430077,0.0,188006.4211237,521764.23276670766
335,10020.90499,0.0,0.0,0.0,10020.90499,1234.08917700267,333084.0496296446,0.0,183759.04190821078,516843.0915378554,333757.8116430077,0.0,188006.4211237,521764.23276670766
336,10024.70864,0.0,0.0,0.0,10024.70864,1234.08917700267,333084.0496296446,0.0,183759.04190821078,516843.0915378554,333757.8116430077,0.0,188006.4211237,521764.23276670766
337,10028.51228,0.0,0.0,0.0,10028.51228,1234.08917700267,333084.0496296446,0.0,183759.04190821078,516843.0915378554,333757.8116430077,0.0,188006.4211237,521764.23276670766
338,10032.31593,0.0,677.672749033331,0.0,10709.988679033331,1830.44119615201,333084.0496296446,0.0,183759.04190821078,516843.0915378554,333757.8116430077,0.0,188006.4211237,521764.23276670766
339,10036.0978,0.0,673.890879033332,0.0,10709.988679033331,2423.46516970134,333084.0496296446,0.0,183759.04190821078,516843.0915378554,333757.8116430077,0.0,188006.4211237,521764.23276670766
340,10039.70125,0.0,670.287429033331,0.0,10709.988679033331,3013.31810725067,333084.0496296446,0.0,183759.04190821078,516843.0915378554,333757.8116430077,0.0,188006.4211237,521764.23276670766
341,10043.30471,0.0,666.683969033331,0.0,10709.988679033331,3600.0,333084.0496296446,0.0,183759.04190821078,516843.0915378554,333757.8116430077,0.0,188006.4211237,521764.23276670766
342,10046.90817,0.003556,0.0,699.333840333336,9347.570773666665,2900.66615966666,333084.0496296446,0.0,183759.04190821078,516843.0915378554,333757.8116430077,0.0,188006.4211237,521764.23276670766
343,10050.51162,0.013407,0.0,366.765358166665,9683.732854833333,2533.9008015,333084.0496296446,0.0,183759.04190821078,516843.0915378554,333757.8116430077,0.0,188006.4211237,521764.23276670766
344,10054.11508,0.007524,0.0,1000.0,9054.107555999999,1533.9008015,333084.0496296446,0.0,183759.04190821078,516843.0915378554,333757.8116430077,0.0,188006.4211237,521764.23276670766
345,10057.91002,0.026164000000000003,0.0,374.151001166665,9683.732854833333,1159.74980033333,333084.0496296446,0.0,183759.04190821078,516843.0915378554,333757.8116430077,0.0,188006.4211237,521764.23276670766
346,10061.71366,0.008536,0.0,377.972269166667,9683.732854833333,781.777531166666,333084.0496296446,0.0,183759.04190821078,516843.0915378554,333757.8116430077,0.0,188006.4211237,521764.23276670766
347,10065.51731,0.0069240000000000005,0.0,381.777531166666,9683.732854833333,400.0,333084.0496296446,0.0,183759.04190821078,516843.0915378554,333757.8116430077,0.0,188006.4211237,521764.23276670766
348,10069.32096,0.028251000000000002,640.695970033332,0.0,10709.988679033331,963.812453629332,333084.0496296446,0.0,183759.04190821078,516843.0915378554,333757.8116430077,0.0,188006.4211237,521764.23276670766
349,10073.12461,0.009755000000000002,636.87382403333,0.0,10709.988679033331,1524.26141877866,333084.0496296446,0.0,183759.04190821078,516843.0915378554,333757.8116430077,0.0,188006.4211237,521764.23276670766
350,10077.08924,0.01278,632.912219033331,0.0,10709.988679033331,2081.22417152799,333084.0496296446,0.0,183759.04190821078,516843.0915378554,333757.8116430077,0.0,188006.4211237,521764.23276670766
351,10081.09308,0.026492,628.922091033332,0.0,10709.988679033331,2634.67561163733,333084.0496296446,0.0,183759.04190821078,516843.0915378554,333757.8116430077,0.0,188006.4211237,521764.23276670766
352,10085.09692,0.016257,624.908016033331,0.0,10709.988679033331,3184.59466574666,333084.0496296446,0.0,183759.04190821078,516843.0915378554,333757.8116430077,0.0,188006.4211237,521764.23276670766
353,10089.10076,0.004526,0.0,1000.0,9089.096233999999,2184.59466574666,333084.0496296446,0.0,183759.04190821078,516843.0915378554,333757.8116430077,0.0,188006.4211237,521764.23276670766
354,10093.1046,0.0,0.0,409.371745166667,9683.732854833333,1775.22292057999,333084.0496296446,0.0,183759.04190821078,516843.0915378554,333757.8116430077,0.0,188006.4211237,521764.23276670766
355,10095.80366,0.0,0.0,961.150195413322,9134.653464586678,814.072725166667,333084.0496296446,0.0,183759.04190821078,516843.0915378554,333757.8116430077,0.0,188006.4211237,521764.23276670766
356,10097.80558,0.0,0.0,414.072725166667,9683.732854833333,400.0,333084.0496296446,0.0,183759.04190821078,516843.0915378554,333757.8116430077,0.0,188006.4211237,521764.23276670766
357,10099.8075,0.0,48.3370121636491,0.0,10148.14451216365,442.536570704011,333084.0496296446,0.0,183759.04190821078,516843.0915378554,333757.8116430077,0.0,188006.4211237,521764.23276670766
358,10101.80942,0.0,0.0,0.0,10101.80942,442.536570704011,333084.0496296446,0.0,183759.04190821078,516843.0915378554,333757.8116430077,0.0,188006.4211237,521764.23276670766
359,10103.81134,0.0,0.0,0.0,10103.81134,442.536570704011,333084.0496296446,0.0,183759.04190821078,516843.0915378554,333757.8116430077,0.0,188006.4211237,521764.23276670766
360,10106.01322,0.0,603.97545903333,0.0,10709.988679033331,974.034974653342,333084.0496296446,0.0,183759.04190821078,516843.0915378554,333757.8116430077,0.0,188006.4211237,521764.23276670766
361,10108.41552,0.0,601.573159033331,0.0,10709.988679033331,1503.41935460267,333084.0496296446,0.0,183759.04190821078,516843.0915378554,333757.8116430077,0.0,188006.4211237,521764.23276670766
362,10110.81783,0.0,599.170849033331,0.0,10709.988679033331,2030.689701752,333084.0496296446,0.0,183759.04190821078,516843.0915378554,333757.8116430077,0.0,188006.4211237,521764.23276670766
363,10113.22013,0.0,596.768549033332,0.0,10709.988679033331,2555.84602490134,333084.0496296446,0.0,183759.04190821078,516843.0915378554,333757.8116430077,0.0,188006.4211237,521764.23276670766
364,10115.62244,0.0,594.366239033332,0.0,10709.988679033331,3078.88831525067,333084.0496296446,0.0,183759.04190821078,516843.0915378554,333757.8116430077,0.0,188006.4211237,521764.23276670766
365,10117.81631,0.0,592.172369033331,0.0,10709.988679033331,3600.0,333084.0496296446,0.0,183759.04190821078,516843.0915378554,333757.8116430077,0.0,188006.4211237,521764.23276670766
366,10119.61804,0.0036920000000000004,0.0,435.881493166666,9683.732854833333,3164.11850683333,333084.0496296446,0.0,183759.04190821078,516843.0915378554,333757.8116430077,0.0,188006.4211237,521764.23276670766
367,10121.41976,0.014328,0.0,995.765410166669,9125.640021833333,2168.35309666667,333084.0496296446,0.0,183759.04190821078,516843.0915378554,333757.8116430077,0.0,188006.4211237,521764.23276670766
368,10123.22149,0.022334,0.0,439.466301166667,9683.732854833333,1728.8867955,333084.0496296446,0.0,183759.04190821078,516843.0915378554,333757.8116430077,0.0,188006.4211237,521764.23276670766
369,10125.02322,0.032813,0.0,441.257552166666,9683.732854833333,1287.62924333333,333084.0496296446,0.0,183759.04190821078,516843.0915378554,333757.8116430077,0.0,188006.4211237,521764.23276670766
370,10126.78597,0.039221,0.0,443.013894166666,9683.732854833333,844.615349166666,333084.0496296446,0.0,183759.04190821078,516843.0915378554,333757.8116430077,0.0,188006.4211237,521764.23276670766
371,10128.38751,0.039306,0.0,444.615349166666,9683.732854833333,400.0,333084.0496296446,0.0,183759.04190821078,516843.0915378554,333757.8116430077,0.0,188006.4211237,521764.23276670766
372,10129.98904,0.040628000000000004,580.040267033331,0.0,10709.988679033331,910.435434989332,333084.0496296446,0.0,183759.04190821078,516843.0915378554,333757.8116430077,0.0,188006.4211237,521764.23276670766
373,10131.59058,0.038714,578.436813033331,0.0,10709.988679033331,1419.45983045866,333084.0496296446,0.0,183759.04190821078,516843.0915378554,333757.8116430077,0.0,188006.4211237,521764.23276670766
374,10133.19212,0.032424,576.828983033332,0.0,10709.988679033331,1927.069335528,333084.0496296446,0.0,183759.04190821078,516843.0915378554,333757.8116430077,0.0,188006.4211237,521764.23276670766
375,10134.80213,0.025061,575.211610033331,0.0,10709.988679033331,2433.25555235733,333084.0496296446,0.0,183759.04190821078,516843.0915378554,333757.8116430077,0.0,188006.4211237,521764.23276670766
376,10136.60386,0.015004,573.399823033333,0.0,10709.988679033331,2937.84739662666,333084.0496296446,0.0,183759.04190821078,516843.0915378554,333757.8116430077,0.0,188006.4211237,521764.23276670766
377,10138.40559,0.0045119999999999995,0.0,454.668223166667,9683.732854833333,2483.17917345999,333084.0496296446,0.0,183759.04190821078,516843.0915378554,333757.8116430077,0.0,188006.4211237,521764.23276670766
378,10140.20732,0.0,0.0,456.474465166666,9683.732854833333,2026.70470829333,333084.0496296446,0.0,183759.04190821078,516843.0915378554,333757.8116430077,0.0,188006.4211237,521764.23276670766
379,10142.00904,0.0,0.0,1000.0,9142.00904,1026.70470829333,333084.0496296446,0.0,183759.04190821078,516843.0915378554,333757.8116430077,0.0,188006.4211237,521764.23276670766
380,10143.81077,0.0,0.0,626.704708293327,9517.106061706672,400.0,333084.0496296446,0.0,183759.04190821078,516843.0915378554,333757.8116430077,0.0,188006.4211237,521764.23276670766
381,10145.6125,0.0,0.0,0.0,10145.6125,400.0,333084.0496296446,0.0,183759.04190821078,516843.0915378554,333757.8116430077,0.0,188006.4211237,521764.23276670766
382,10147.41423,0.0,0.0,0.0,10147.41423,400.0,333084.0496296446,0.0,183759.04190821078,516843.0915378554,333757.8116430077,0.0,188006.4211237,521764.23276670766
383,10149.21596,0.0,307.771762163652,0.0,10456.98772216365,670.839150704013,333084.0496296446,0.0,183759.04190821078,516843.0915378554,333757.8116430077,0.0,188006.4211237,521764.23276670766
384,10151.01769,0.0,558.970989033331,0.0,10709.988679033331,1162.73362105334,333084.0496296446,0.0,183759.04190821078,516843.0915378554,333757.8116430077,0.0,188006.4211237,521764.23276670766
385,10152.81941,0.0,557.169269033331,0.0,10709.988679033331,1653.04257780268,333084.0496296446,0.0,183759.04190821078,516843.0915378554,333757.8116430077,0.0,188006.4211237,521764.23276670766
386,10154.47347,0.0,555.51520903333,0.0,10709.988679033331,2141.89596175201,333084.0496296446,0.0,183759.04190821078,516843.0915378554,333757.8116430077,0.0,188006.4211237,521764.23276670766
387,10156.07501,0.0,553.913669033331,0.0,10709.988679033331,2629.33999050134,333084.0496296446,0.0,183759.04190821078,516843.0915378554,333757.8116430077,0.0,188006.4211237,521764.23276670766
388,10157.67654,0.0,552.312139033331,0.0,10709.988679033331,3115.37467285067,333084.0496296446,0.0,183759.04190821078,516843.0915378554,333757.8116430077,0.0,188006.4211237,521764.23276670766
389,10159.27808,0.0,550.710599033331,0.0,10709.988679033331,3600.0,333084.0496296446,0.0,183759.04190821078,516843.0915378554,333757.8116430077,0.0,188006.4211237,521764.23276670766
390,10160.87962,0.00315,0.0,477.143615166666,9683.732854833333,3122.85638483333,333084.0496296446,0.0,183759.04190821078,516843.0915378554,333757.8116430077,0.0,188006.4211237,521764.23276670766
391,10162.24681,0.014750000000000001,0.0,796.925474166668,9365.306585833332,2325.93091066667,333084.0496296446,0.0,183759.04190821078,516843.0915378554,333757.8116430077,0.0,188006.4211237,521764.23276670766
392,10163.44796,0.023933,0.0,479.691172166666,9683.732854833333,1846.2397385,333084.0496296446,0.0,183759.04190821078,516843.0915378554,333757.8116430077,0.0,188006.4211237,521764.23276670766
393,10164.64912,0.032184,0.0,480.884081166667,9683.732854833333,1365.35565733333,333084.0496296446,0.0,183759.04190821078,516843.0915378554,333757.8116430077,0.0,188006.4211237,521764.23276670766
394,10165.85027,0.03870900000000001,0.0,482.078706166667,9683.732854833333,883.276951166667,333084.0496296446,0.0,183759.04190821078,516843.0915378554,333757.8116430077,0.0,188006.4211237,521764.23276670766
395,10167.05142,0.041614,0.0,483.276951166667,9683.732854833333,400.0,333084.0496296446,0.0,183759.04190821078,516843.0915378554,333757.8116430077,0.0,188006.4211237,521764.23276670766
396,10168.25257,0.041107,541.77721603333,0.0,10709.988679033331,876.76395010933,333084.0496296446,0.0,183759.04190821078,516843.0915378554,333757.8116430077,0.0,188006.4211237,521764.23276670766
397,10169.45373,0.039557,540.574506033332,0.0,10709.988679033331,1352.46951541866,333084.0496296446,0.0,183759.04190821078,516843.0915378554,333757.8116430077,0.0,188006.4211237,521764.23276670766
398,10170.65488,0.015104,539.348903033331,0.0,10709.988679033331,1827.09655008799,333084.0496296446,0.0,183759.04190821078,516843.0915378554,333757.8116430077,0.0,188006.4211237,521764.23276670766
399,10171.85603,0.026082,538.158731033331,0.0,10709.988679033331,2300.67623339732,333084.0496296446,0.0,183759.04190821078,516843.0915378554,333757.8116430077,0.0,188006.4211237,521764.23276670766
400,10173.05718,0.015295999999999999,536.946795033331,0.0,10709.988679033331,2773.18941302666,333084.0496296446,0.0,183759.04190821078,516843.0915378554,333757.8116430077,0.0,188006.4211237,521764.23276670766
401,10174.31451,0.004348,0.0,490.577307166666,9683.732854833333,2282.61210585999,333084.0496296446,0.0,183759.04190821078,516843.0915378554,333757.8116430077,0.0,188006.4211237,521764.23276670766
402,10175.71585,0.0,0.0,894.442085526657,9281.273764473344,1388.17002033333,333084.0496296446,0.0,183759.04190821078,516843.0915378554,333757.8116430077,0.0,188006.4211237,521764.23276670766
403,10177.11719,0.0,0.0,493.384335166667,9683.732854833333,894.785685166666,333084.0496296446,0.0,183759.04190821078,516843.0915378554,333757.8116430077,0.0,188006.4211237,521764.23276670766
404,10178.51854,0.0,0.0,494.785685166666,9683.732854833333,400.0,333084.0496296446,0.0,183759.04190821078,516843.0915378554,333757.8116430077,0.0,188006.4211237,521764.23276670766
405,10179.91988,0.0,0.0,0.0,10179.91988,400.0,333084.0496296446,0.0,183759.04190821078,516843.0915378554,333757.8116430077,0.0,188006.4211237,521764.23276670766
406,10181.26988,0.0,0.0,0.0,10181.26988,400.0,333084.0496296446,0.0,183759.04190821078,516843.0915378554,333757.8116430077,0.0,188006.4211237,521764.23276670766
407,10182.27084,0.0,527.717839033332,0.0,10709.988679033331,864.391698349332,333084.0496296446,0.0,183759.04190821078,516843.0915378554,333757.8116430077,0.0,188006.4211237,521764.23276670766
408,10183.2718,0.0,526.716879033331,0.0,10709.988679033331,1327.90255189866,333084.0496296446,0.0,183759.04190821078,516843.0915378554,333757.8116430077,0.0,188006.4211237,521764.23276670766
409,10184.27276,0.0,490.256692163648,0.0,10674.529452163648,1759.32844100267,333084.0496296446,0.0,183759.04190821078,516843.0915378554,333757.8116430077,0.0,188006.4211237,521764.23276670766
410,10185.27372,0.0,524.714959033332,0.0,10709.988679033331,2221.07760495201,333084.0496296446,0.0,183759.04190821078,516843.0915378554,333757.8116430077,0.0,188006.4211237,521764.23276670766
411,10186.27468,0.0,523.713999033331,0.0,10709.988679033331,2681.94592410134,333084.0496296446,0.0,183759.04190821078,516843.0915378554,333757.8116430077,0.0,188006.4211237,521764.23276670766
412,10187.66637,0.0,522.32230903333,0.0,10709.988679033331,3141.58955605067,333084.0496296446,0.0,183759.04190821078,516843.0915378554,333757.8116430077,0.0,188006.4211237,521764.23276670766
413,10189.06772,0.0,520.920959033332,0.0,10709.988679033331,3600.0,333084.0496296446,0.0,183759.04190821078,516843.0915378554,333757.8116430077,0.0,188006.4211237,521764.23276670766
414,10190.46906,0.004982,0.0,506.731223166666,9683.732854833333,3093.26877683333,333084.0496296446,0.0,183759.04190821078,516843.0915378554,333757.8116430077,0.0,188006.4211237,521764.23276670766
415,10191.87041,0.009467000000000001,0.0,646.833228166668,9545.027714833332,2446.43554866667,333084.0496296446,0.0,183759.04190821078,516843.0915378554,333757.8116430077,0.0,188006.4211237,521764.23276670766
416,10193.27175,0.024464,0.0,509.514431166666,9683.732854833333,1936.9211175,333084.0496296446,0.0,183759.04190821078,516843.0915378554,333757.8116430077,0.0,188006.4211237,521764.23276670766
417,10194.67309,0.029817,0.0,510.910418166666,9683.732854833333,1426.01069933333,333084.0496296446,0.0,183759.04190821078,516843.0915378554,333757.8116430077,0.0,188006.4211237,521764.23276670766
418,10196.07444,0.032144,0.0,512.309441166666,9683.732854833333,913.701258166668,333084.0496296446,0.0,183759.04190821078,516843.0915378554,333757.8116430077,0.0,188006.4211237,521764.23276670766
419,10197.47578,0.041667,0.0,513.701258166668,9683.732854833333,400.0,333084.0496296446,0.0,183759.04190821078,516843.0915378554,333757.8116430077,0.0,188006.4211237,521764.23276670766
420,10198.87713,0.041667,511.15321603333,0.0,10709.988679033331,849.81483010933,333084.0496296446,0.0,183759.04190821078,516843.0915378554,333757.8116430077,0.0,188006.4211237,521764.23276670766
421,10200.27847,0.039106,509.749315033332,0.0,10709.988679033331,1298.39422733866,333084.0496296446,0.0,183759.04190821078,516843.0915378554,333757.8116430077,0.0,188006.4211237,521764.23276670766
422,10201.54545,0.03458700000000001,508.477816033332,0.0,10709.988679033331,1745.85470544799,333084.0496296446,0.0,183759.04190821078,516843.0915378554,333757.8116430077,0.0,188006.4211237,521764.23276670766
423,10202.7466,0.020001,507.262080033332,0.0,10709.988679033331,2192.24533587733,333084.0496296446,0.0,183759.04190821078,516843.0915378554,333757.8116430077,0.0,188006.4211237,521764.23276670766
424,10203.94776,0.009997,506.050916033331,0.0,10709.988679033331,2637.57014198666,333084.0496296446,0.0,183759.04190821078,516843.0915378554,333757.8116430077,0.0,188006.4211237,521764.23276670766
425,10205.14891,0.001147,0.0,667.338826486657,9537.808936513342,1970.2313155,333084.0496296446,0.0,183759.04190821078,516843.0915378554,333757.8116430077,0.0,188006.4211237,521764.23276670766
426,10206.35006,0.0,0.0,522.617205166667,9683.732854833333,1447.61411033333,333084.0496296446,0.0,183759.04190821078,516843.0915378554,333757.8116430077,0.0,188006.4211237,521764.23276670766
427,10207.23962,0.0,0.0,523.506765166667,9683.732854833333,924.107345166667,333084.0496296446,0.0,183759.04190821078,516843.0915378554,333757.8116430077,0.0,188006.4211237,521764.23276670766
428,10207.8402,0.0,0.0,524.107345166667,9683.732854833333,400.0,333084.0496296446,0.0,183759.04190821078,516843.0915378554,333757.8116430077,0.0,188006.4211237,521764.23276670766
429,10208.44077,0.0,501.547909033332,0.0,10709.988679033331,841.362159949332,333084.0496296446,0.0,183759.04190821078,516843.0915378554,333757.8116430077,0.0,188006.4211237,521764.23276670766
430,10209.04135,0.0,500.947329033332,0.0,10709.988679033331,1282.19580949866,333084.0496296446,0.0,183759.04190821078,516843.0915378554,333757.8116430077,0.0,188006.4211237,521764.23276670766
431,10209.64192,0.0,500.346759033331,0.0,10709.988679033331,1722.500957448,333084.0496296446,0.0,183759.04190821078,516843.0915378554,333757.8116430077,0.0,188006.4211237,521764.23276670766
432,10210.31587,0.0,146.041143130317,0.0,10356.357013130317,1851.01716340267,333084.0496296446,0.0,183759.04190821078,516843.0915378554,333757.8116430077,0.0,188006.4211237,521764.23276670766
433,10211.11663,0.0,0.0,0.0,10211.11663,1851.01716340267,333084.0496296446,0.0,183759.04190821078,516843.0915378554,333757.8116430077,0.0,188006.4211237,521764.23276670766
434,10211.9174,0.0,498.071279033331,0.0,10709.988679033331,2289.31988895201,333084.0496296446,0.0,183759.04190821078,516843.0915378554,333757.8116430077,0.0,188006.4211237,521764.23276670766
435,10212.71817,0.0,497.270509033331,0.0,10709.988679033331,2726.91793690134,333084.0496296446,0.0,183759.04190821078,516843.0915378554,333757.8116430077,0.0,188006.4211237,521764.23276670766
436,10213.51894,0.0,496.469739033331,0.0,10709.988679033331,3163.81130725067,333084.0496296446,0.0,183759.04190821078,516843.0915378554,333757.8116430077,0.0,188006.4211237,521764.23276670766
437,10214.31971,0.0,495.668969033331,0.0,10709.988679033331,3600.0,333084.0496296446,0.0,183759.04190821078,516843.0915378554,333757.8116430077,0.0,188006.4211237,521764.23276670766
438,10215.12047,0.004372,0.0,531.383243166667,9683.732854833333,3068.61675683333,333084.0496296446,0.0,183759.04190821078,516843.0915378554,333757.8116430077,0.0,188006.4211237,521764.23276670766
439,10215.92124,0.014343999999999999,0.0,532.174041166667,9683.732854833333,2536.44271566667,333084.0496296446,0.0,183759.04190821078,516843.0915378554,333757.8116430077,0.0,188006.4211237,521764.23276670766
440,10216.72201,0.024483,0.0,532.964672166667,9683.732854833333,2003.4780435,333084.0496296446,0.0,183759.04190821078,516843.0915378554,333757.8116430077,0.0,188006.4211237,521764.23276670766
441,10217.52278,0.010888,0.0,533.779037166665,9683.732854833333,1469.69900633333,333084.0496296446,0.0,183759.04190821078,516843.0915378554,333757.8116430077,0.0,188006.4211237,521764.23276670766
442,10218.31118,0.016557,0.0,534.561768166666,9683.732854833333,935.137238166668,333084.0496296446,0.0,183759.04190821078,516843.0915378554,333757.8116430077,0.0,188006.4211237,521764.23276670766
443,10218.91176,0.041667,0.0,535.137238166668,9683.732854833333,400.0,333084.0496296446,0.0,183759.04190821078,516843.0915378554,333757.8116430077,0.0,188006.4211237,521764.23276670766
444,10219.51233,0.041344,490.517693033331,0.0,10709.988679033331,831.655569869331,333084.0496296446,0.0,183759.04190821078,516843.0915378554,333757.8116430077,0.0,188006.4211237,521764.23276670766
445,10220.11291,0.036904000000000006,489.912673033332,0.0,10709.988679033331,1262.77872213866,333084.0496296446,0.0,183759.04190821078,516843.0915378554,333757.8116430077,0.0,188006.4211237,521764.23276670766
446,10220.71349,0.035299,489.31048803333,0.0,10709.988679033331,1693.371951608,333084.0496296446,0.0,183759.04190821078,516843.0915378554,333757.8116430077,0.0,188006.4211237,521764.23276670766
447,10221.31406,0.026208,488.70082703333,0.0,10709.988679033331,2123.42867939733,333084.0496296446,0.0,183759.04190821078,516843.0915378554,333757.8116430077,0.0,188006.4211237,521764.23276670766
448,10221.55053,0.015874,488.454023033332,0.0,10709.988679033331,2553.26821966666,333084.0496296446,0.0,183759.04190821078,516843.0915378554,333757.8116430077,0.0,188006.4211237,521764.23276670766
449,10221.75072,0.004357000000000001,0.0,538.013508166667,9683.732854833333,2015.2547115,333084.0496296446,0.0,183759.04190821078,516843.0915378554,333757.8116430077,0.0,188006.4211237,521764.23276670766
450,10221.95091,2.4e-05,0.0,538.218031166665,9683.732854833333,1477.03668033333,333084.0496296446,0.0,183759.04190821078,516843.0915378554,333757.8116430077,0.0,188006.4211237,521764.23276670766
451,10222.1511,0.0,0.0,538.418245166666,9683.732854833333,938.618435166667,333084.0496296446,0.0,183759.04190821078,516843.0915378554,333757.8116430077,0.0,188006.4211237,521764.23276670766
452,10222.35129,0.0,0.0,538.618435166667,9683.732854833333,400.0,333084.0496296446,0.0,183759.04190821078,516843.0915378554,333757.8116430077,0.0,188006.4211237,521764.23276670766
453,10222.55149,0.0,0.0,0.0,10222.55149,400.0,333084.0496296446,0.0,183759.04190821078,516843.0915378554,333757.8116430077,0.0,188006.4211237,521764.23276670766
454,10222.75168,0.0,0.0,0.0,10222.75168,400.0,333084.0496296446,0.0,183759.04190821078,516843.0915378554,333757.8116430077,0.0,188006.4211237,521764.23276670766
455,10222.95187,0.0,0.0,0.0,10222.95187,400.0,333084.0496296446,0.0,183759.04190821078,516843.0915378554,333757.8116430077,0.0,188006.4211237,521764.23276670766
456,10223.15206,0.0,0.0,0.0,10223.15206,400.0,333084.0496296446,0.0,183759.04190821078,516843.0915378554,333757.8116430077,0.0,188006.4211237,521764.23276670766
457,10223.35225,0.0,0.0,0.0,10223.35225,400.0,333084.0496296446,0.0,183759.04190821078,516843.0915378554,333757.8116430077,0.0,188006.4211237,521764.23276670766
458,10223.55245,0.0,0.0,0.0,10223.55245,400.0,333084.0496296446,0.0,183759.04190821078,516843.0915378554,333757.8116430077,0.0,188006.4211237,521764.23276670766
459,10223.75264,0.0,0.0,0.0,10223.75264,400.0,333084.0496296446,0.0,183759.04190821078,516843.0915378554,333757.8116430077,0.0,188006.4211237,521764.23276670766
460,10223.95283,0.0,0.0,0.0,10223.95283,400.0,333084.0496296446,0.0,183759.04190821078,516843.0915378554,333757.8116430077,0.0,188006.4211237,521764.23276670766
461,10224.15302,0.0,0.0,0.0,10224.15302,400.0,333084.0496296446,0.0,183759.04190821078,516843.0915378554,333757.8116430077,0.0,188006.4211237,521764.23276670766
462,10224.35321,0.00435,0.0,0.0,10224.34886,400.0,333084.0496296446,0.0,183759.04190821078,516843.0915378554,333757.8116430077,0.0,188006.4211237,521764.23276670766
463,10224.55341,0.013476000000000002,0.0,0.0,10224.539934,400.0,333084.0496296446,0.0,183759.04190821078,516843.0915378554,333757.8116430077,0.0,188006.4211237,521764.23276670766
464,10224.7536,0.024558,0.0,0.0,10224.729042,400.0,333084.0496296446,0.0,183759.04190821078,516843.0915378554,333757.8116430077,0.0,188006.4211237,521764.23276670766
465,10224.95379,0.0299,0.0,0.0,10224.92389,400.0,333084.0496296446,0.0,183759.04190821078,516843.0915378554,333757.8116430077,0.0,188006.4211237,521764.23276670766
466,10225.15398,0.031702,0.0,0.0,10225.122277999999,400.0,333084.0496296446,0.0,183759.04190821078,516843.0915378554,333757.8116430077,0.0,188006.4211237,521764.23276670766
467,10225.35417,0.038307,0.0,0.0,10225.315863,400.0,333084.0496296446,0.0,183759.04190821078,516843.0915378554,333757.8116430077,0.0,188006.4211237,521764.23276670766
468,10225.49431,0.038836,0.0,0.0,10225.455474,400.0,333084.0496296446,0.0,183759.04190821078,516843.0915378554,333757.8116430077,0.0,188006.4211237,521764.23276670766
469,10225.49431,0.036095,0.0,0.0,10225.458215,400.0,333084.0496296446,0.0,183759.04190821078,516843.0915378554,333757.8116430077,0.0,188006.4211237,521764.23276670766
470,10225.49431,0.032808000000000004,0.0,0.0,10225.461502,400.0,333084.0496296446,0.0,183759.04190821078,516843.0915378554,333757.8116430077,0.0,188006.4211237,521764.23276670766
471,10225.49431,0.024822,0.0,0.0,10225.469488,400.0,333084.0496296446,0.0,183759.04190821078,516843.0915378554,333757.8116430077,0.0,188006.4211237,521764.23276670766
472,10225.49431,0.014693,0.0,0.0,10225.479617,400.0,333084.0496296446,0.0,183759.04190821078,516843.0915378554,333757.8116430077,0.0,188006.4211237,521764.23276670766
473,10225.49431,0.004563,0.0,0.0,10225.489747,400.0,333084.0496296446,0.0,183759.04190821078,516843.0915378554,333757.8116430077,0.0,188006.4211237,521764.23276670766
474,10225.49431,3e-06,0.0,0.0,10225.494307,400.0,333084.0496296446,0.0,183759.04190821078,516843.0915378554,333757.8116430077,0.0,188006.4211237,521764.23276670766
475,10225.49431,0.0,0.0,0.0,10225.49431,400.0,333084.0496296446,0.0,183759.04190821078,516843.0915378554,333757.8116430077,0.0,188006.4211237,521764.23276670766
476,10225.49431,0.0,0.0,0.0,10225.49431,400.0,333084.0496296446,0.0,183759.04190821078,516843.0915378554,333757.8116430077,0.0,188006.4211237,521764.23276670766
477,10225.49431,0.0,0.0,0.0,10225.49431,400.0,333084.0496296446,0.0,183759.04190821078,516843.0915378554,333757.8116430077,0.0,188006.4211237,521764.23276670766
478,10225.49431,0.0,0.0,0.0,10225.49431,400.0,333084.0496296446,0.0,183759.04190821078,516843.0915378554,333757.8116430077,0.0,188006.4211237,521764.23276670766
479,10224.89656,0.0,0.0,0.0,10224.89656,400.0,333084.0496296446,0.0,183759.04190821078,516843.0915378554,333757.8116430077,0.0,188006.4211237,521764.23276670766
480,10224.29598,0.0,0.0,0.0,10224.29598,400.0,333084.0496296446,0.0,183759.04190821078,516843.0915378554,333757.8116430077,0.0,188006.4211237,521764.23276670766
481,10223.69541,0.0,0.0,0.0,10223.69541,400.0,333084.0496296446,0.0,183759.04190821078,516843.0915378554,333757.8116430077,0.0,188006.4211237,521764.23276670766
482,10223.09483,0.0,0.0,0.0,10223.09483,400.0,333084.0496296446,0.0,183759.04190821078,516843.0915378554,333757.8116430077,0.0,188006.4211237,521764.23276670766
483,10222.49425,0.0,0.0,0.0,10222.49425,400.0,333084.0496296446,0.0,183759.04190821078,516843.0915378554,333757.8116430077,0.0,188006.4211237,521764.23276670766
484,10221.89368,0.0,0.0,0.0,10221.89368,400.0,333084.0496296446,0.0,183759.04190821078,516843.0915378554,333757.8116430077,0.0,188006.4211237,521764.23276670766
485,10221.2931,0.0,0.0,0.0,10221.2931,400.0,333084.0496296446,0.0,183759.04190821078,516843.0915378554,333757.8116430077,0.0,188006.4211237,521764.23276670766
486,10220.69253,0.0036940000000000002,0.0,0.0,10220.688836,400.0,333084.0496296446,0.0,183759.04190821078,516843.0915378554,333757.8116430077,0.0,188006.4211237,521764.23276670766
487,10220.09195,0.011185,0.0,0.0,10220.080765,400.0,333084.0496296446,0.0,183759.04190821078,516843.0915378554,333757.8116430077,0.0,188006.4211237,521764.23276670766
488,10219.49137,0.023603000000000002,0.0,0.0,10219.467767,400.0,333084.0496296446,0.0,183759.04190821078,516843.0915378554,333757.8116430077,0.0,188006.4211237,521764.23276670766
489,10218.8908,0.031521,0.0,0.0,10218.859278999998,400.0,333084.0496296446,0.0,183759.04190821078,516843.0915378554,333757.8116430077,0.0,188006.4211237,521764.23276670766
490,10218.29022,0.035794,0.0,0.0,10218.254426000001,400.0,333084.0496296446,0.0,183759.04190821078,516843.0915378554,333757.8116430077,0.0,188006.4211237,521764.23276670766
491,10217.68964,0.031132000000000003,0.0,0.0,10217.658508,400.0,333084.0496296446,0.0,183759.04190821078,516843.0915378554,333757.8116430077,0.0,188006.4211237,521764.23276670766
492,10217.08907,0.024515000000000002,0.0,0.0,10217.064555,400.0,333084.0496296446,0.0,183759.04190821078,516843.0915378554,333757.8116430077,0.0,188006.4211237,521764.23276670766
493,10216.48849,0.014594,0.0,0.0,10216.473896,400.0,333084.0496296446,0.0,183759.04190821078,516843.0915378554,333757.8116430077,0.0,188006.4211237,521764.23276670766
494,10215.88792,0.014311,0.0,0.0,10215.873608999998,400.0,333084.0496296446,0.0,183759.04190821078,516843.0915378554,333757.8116430077,0.0,188006.4211237,521764.23276670766
495,10215.28734,0.017225,0.0,0.0,10215.270115000001,400.0,333084.0496296446,0.0,183759.04190821078,516843.0915378554,333757.8116430077,0.0,188006.4211237,521764.23276670766
496,10214.68676,0.0074340000000000005,0.0,0.0,10214.679326000001,400.0,333084.0496296446,0.0,183759.04190821078,516843.0915378554,333757.8116430077,0.0,188006.4211237,521764.23276670766
497,10214.08619,0.001974,0.0,0.0,10214.084216,400.0,333084.0496296446,0.0,183759.04190821078,516843.0915378554,333757.8116430077,0.0,188006.4211237,521764.23276670766
498,10213.48561,0.000114,0.0,0.0,10213.485496,400.0,333084.0496296446,0.0,183759.04190821078,516843.0915378554,333757.8116430077,0.0,188006.4211237,521764.23276670766
499,10212.88504,0.0,0.0,0.0,10212.88504,400.0,333084.0496296446,0.0,183759.04190821078,516843.0915378554,333757.8116430077,0.0,188006.4211237,521764.23276670766
500,10212.28446,0.0,0.0,0.0,10212.28446,400.0,333084.0496296446,0.0,183759.04190821078,516843.0915378554,333757.8116430077,0.0,188006.4211237,521764.23276670766
501,10211.68388,0.0,0.0,0.0,10211.68388,400.0,333084.0496296446,0.0,183759.04190821078,516843.0915378554,333757.8116430077,0.0,188006.4211237,521764.23276670766
502,10211.08331,0.0,498.905369033331,0.0,10709.988679033331,839.036724749331,333084.0496296446,0.0,183759.04190821078,516843.0915378554,333757.8116430077,0.0,188006.4211237,521764.23276670766
503,10210.48273,0.0,499.505949033331,0.0,10709.988679033331,1278.60195989866,333084.0496296446,0.0,183759.04190821078,516843.0915378554,333757.8116430077,0.0,188006.4211237,521764.23276670766
504,10209.88216,0.0,500.106519033332,0.0,10709.988679033331,1718.695696648,333084.0496296446,0.0,183759.04190821078,516843.0915378554,333757.8116430077,0.0,188006.4211237,521764.23276670766
505,10209.28158,0.0,128.995383130318,0.0,10338.276963130318,1832.21163380267,333084.0496296446,0.0,183759.04190821078,516843.0915378554,333757.8116430077,0.0,188006.4211237,521764.23276670766
506,10208.681,0.0,501.307679033331,0.0,10709.988679033331,2273.36239135201,333084.0496296446,0.0,183759.04190821078,516843.0915378554,333757.8116430077,0.0,188006.4211237,521764.23276670766
507,10208.08043,0.0,501.908249033331,0.0,10709.988679033331,2715.04165050134,333084.0496296446,0.0,183759.04190821078,516843.0915378554,333757.8116430077,0.0,188006.4211237,521764.23276670766
508,10207.47985,0.0,502.508829033331,0.0,10709.988679033331,3157.24942005067,333084.0496296446,0.0,183759.04190821078,516843.0915378554,333757.8116430077,0.0,188006.4211237,521764.23276670766
509,10206.86302,0.0,503.125659033331,0.0,10709.988679033331,3600.0,333084.0496296446,0.0,183759.04190821078,516843.0915378554,333757.8116430077,0.0,188006.4211237,521764.23276670766
510,10206.06226,0.003492,0.0,601.259910166669,9604.798857833332,2998.74008983333,333084.0496296446,0.0,183759.04190821078,516843.0915378554,333757.8116430077,0.0,188006.4211237,521764.23276670766
511,10205.26149,0.013746000000000001,0.0,521.514889166667,9683.732854833333,2477.22520066666,333084.0496296446,0.0,183759.04190821078,516843.0915378554,333757.8116430077,0.0,188006.4211237,521764.23276670766
512,10204.46072,0.023370000000000002,0.0,520.704495166665,9683.732854833333,1956.5207055,333084.0496296446,0.0,183759.04190821078,516843.0915378554,333757.8116430077,0.0,188006.4211237,521764.23276670766
513,10203.65995,0.033525,0.0,519.893570166665,9683.732854833333,1436.62713533333,333084.0496296446,0.0,183759.04190821078,516843.0915378554,333757.8116430077,0.0,188006.4211237,521764.23276670766
514,10202.85918,0.039308,0.0,519.087017166667,9683.732854833333,917.540118166668,333084.0496296446,0.0,183759.04190821078,516843.0915378554,333757.8116430077,0.0,188006.4211237,521764.23276670766
515,10201.31464,0.041667,0.0,517.540118166668,9683.732854833333,400.0,333084.0496296446,0.0,183759.04190821078,516843.0915378554,333757.8116430077,0.0,188006.4211237,521764.23276670766
516,10199.71311,0.040805999999999995,510.316375033331,0.0,10709.988679033331,849.078410029332,333084.0496296446,0.0,183759.04190821078,516843.0915378554,333757.8116430077,0.0,188006.4211237,521764.23276670766
517,10198.11157,0.037666,511.914775033332,0.0,10709.988679033331,1299.56341205866,333084.0496296446,0.0,183759.04190821078,516843.0915378554,333757.8116430077,0.0,188006.4211237,521764.23276670766
518,10196.51003,0.032667,513.511316033331,0.0,10709.988679033331,1751.453370168,333084.0496296446,0.0,183759.04190821078,516843.0915378554,333757.8116430077,0.0,188006.4211237,521764.23276670766
519,10194.9085,0.025443,515.105622033332,0.0,10709.988679033331,2204.74631755733,333084.0496296446,0.0,183759.04190821078,516843.0915378554,333757.8116430077,0.0,188006.4211237,521764.23276670766
520,10193.30696,0.015538,516.697257033331,0.0,10709.988679033331,2659.43990374666,333084.0496296446,0.0,183759.04190821078,516843.0915378554,333757.8116430077,0.0,188006.4211237,521764.23276670766
521,10191.70542,0.004667,0.0,745.131504246658,9446.569248753343,1914.3083995,333084.0496296446,0.0,183759.04190821078,516843.0915378554,333757.8116430077,0.0,188006.4211237,521764.23276670766
522,10190.10389,9.6e-05,0.0,506.370939166667,9683.732854833333,1407.93746033333,333084.0496296446,0.0,183759.04190821078,516843.0915378554,333757.8116430077,0.0,188006.4211237,521764.23276670766
523,10188.50235,0.0,0.0,504.769495166667,9683.732854833333,903.167965166667,333084.0496296446,0.0,183759.04190821078,516843.0915378554,333757.8116430077,0.0,188006.4211237,521764.23276670766
524,10186.90082,0.0,0.0,503.167965166667,9683.732854833333,400.0,333084.0496296446,0.0,183759.04190821078,516843.0915378554,333757.8116430077,0.0,188006.4211237,521764.23276670766
525,10185.29928,0.0,0.0,0.0,10185.29928,400.0,333084.0496296446,0.0,183759.04190821078,516843.0915378554,333757.8116430077,0.0,188006.4211237,521764.23276670766
526,10183.69774,0.0,0.0,0.0,10183.69774,400.0,333084.0496296446,0.0,183759.04190821078,516843.0915378554,333757.8116430077,0.0,188006.4211237,521764.23276670766
527,10182.09621,0.0,432.218682163648,0.0,10614.314892163648,780.352440304011,333084.0496296446,0.0,183759.04190821078,516843.0915378554,333757.8116430077,0.0,188006.4211237,521764.23276670766
528,10180.49467,0.0,529.494009033331,0.0,10709.988679033331,1246.30716825334,333084.0496296446,0.0,183759.04190821078,516843.0915378554,333757.8116430077,0.0,188006.4211237,521764.23276670766
529,10178.89313,0.0,531.095549033331,0.0,10709.988679033331,1713.67125140267,333084.0496296446,0.0,183759.04190821078,516843.0915378554,333757.8116430077,0.0,188006.4211237,521764.23276670766
530,10177.10271,0.0,532.885969033332,0.0,10709.988679033331,2182.610904152,333084.0496296446,0.0,183759.04190821078,516843.0915378554,333757.8116430077,0.0,188006.4211237,521764.23276670766
531,10175.10079,0.0,534.887889033331,0.0,10709.988679033331,2653.31224650134,333084.0496296446,0.0,183759.04190821078,516843.0915378554,333757.8116430077,0.0,188006.4211237,521764.23276670766
532,10173.09887,0.0,536.889809033331,0.0,10709.988679033331,3125.77527845067,333084.0496296446,0.0,183759.04190821078,516843.0915378554,333757.8116430077,0.0,188006.4211237,521764.23276670766
533,10171.09695,0.0,538.891729033332,0.0,10709.988679033331,3600.0,333084.0496296446,0.0,183759.04190821078,516843.0915378554,333757.8116430077,0.0,188006.4211237,521764.23276670766
534,10169.09503,0.003732,0.0,485.358443166668,9683.732854833333,3114.64155683333,333084.0496296446,0.0,183759.04190821078,516843.0915378554,333757.8116430077,0.0,188006.4211237,521764.23276670766
535,10167.22099,0.014222,0.0,483.473913166667,9683.732854833333,2631.16764366667,333084.0496296446,0.0,183759.04190821078,516843.0915378554,333757.8116430077,0.0,188006.4211237,521764.23276670766
536,10165.61946,0.024635999999999998,0.0,481.861969166666,9683.732854833333,2149.3056745,333084.0496296446,0.0,183759.04190821078,516843.0915378554,333757.8116430077,0.0,188006.4211237,521764.23276670766
537,10164.01792,0.035545,0.0,793.585599166665,9370.396775833335,1355.72007533333,333084.0496296446,0.0,183759.04190821078,516843.0915378554,333757.8116430077,0.0,188006.4211237,521764.23276670766
538,10162.41639,0.018638000000000002,0.0,478.664897166667,9683.732854833333,877.055178166667,333084.0496296446,0.0,183759.04190821078,516843.0915378554,333757.8116430077,0.0,188006.4211237,521764.23276670766
539,10160.81485,0.026817,0.0,477.055178166667,9683.732854833333,400.0,333084.0496296446,0.0,183759.04190821078,516843.0915378554,333757.8116430077,0.0,188006.4211237,521764.23276670766
540,10159.24676,0.019389,550.76130803333,0.0,10709.988679033331,884.669951069331,333084.0496296446,0.0,183759.04190821078,516843.0915378554,333757.8116430077,0.0,188006.4211237,521764.23276670766
541,10157.84541,0.011106999999999999,552.154376033332,0.0,10709.988679033331,1370.56580197866,333084.0496296446,0.0,183759.04190821078,516843.0915378554,333757.8116430077,0.0,188006.4211237,521764.23276670766
542,10156.44407,0.014613,553.559222033331,0.0,10709.988679033331,1857.69791736799,333084.0496296446,0.0,183759.04190821078,516843.0915378554,333757.8116430077,0.0,188006.4211237,521764.23276670766
543,10155.04272,0.010789,554.956748033332,0.0,10709.988679033331,2346.05985563733,333084.0496296446,0.0,183759.04190821078,516843.0915378554,333757.8116430077,0.0,188006.4211237,521764.23276670766
544,10153.64138,0.007534,556.354833033332,0.0,10709.988679033331,2835.65210870666,333084.0496296446,0.0,183759.04190821078,516843.0915378554,333757.8116430077,0.0,188006.4211237,521764.23276670766
545,10152.24298,0.001227,0.0,1000.0,9152.241753,1835.65210870666,333084.0496296446,0.0,183759.04190821078,516843.0915378554,333757.8116430077,0.0,188006.4211237,521764.23276670766
546,10151.04183,8.5e-05,0.0,504.637628373325,9646.404116626676,1331.01448033333,333084.0496296446,0.0,183759.04190821078,516843.0915378554,333757.8116430077,0.0,188006.4211237,521764.23276670766
547,10149.84067,0.0,0.0,466.107815166666,9683.732854833333,864.906665166667,333084.0496296446,0.0,183759.04190821078,516843.0915378554,333757.8116430077,0.0,188006.4211237,521764.23276670766
548,10148.63952,0.0,0.0,464.906665166667,9683.732854833333,400.0,333084.0496296446,0.0,183759.04190821078,516843.0915378554,333757.8116430077,0.0,188006.4211237,521764.23276670766
549,10147.43837,0.0,211.428522163648,0.0,10358.866892163647,586.05709950401,333084.0496296446,0.0,183759.04190821078,516843.0915378554,333757.8116430077,0.0,188006.4211237,521764.23276670766
550,10146.23722,0.0,0.0,0.0,10146.23722,586.05709950401,333084.0496296446,0.0,183759.04190821078,516843.0915378554,333757.8116430077,0.0,188006.4211237,521764.23276670766
551,10144.69079,0.0,0.0,0.0,10144.69079,586.05709950401,333084.0496296446,0.0,183759.04190821078,516843.0915378554,333757.8116430077,0.0,188006.4211237,521764.23276670766
552,10143.08926,0.0,566.899419033331,0.0,10709.988679033331,1084.92858825334,333084.0496296446,0.0,183759.04190821078,516843.0915378554,333757.8116430077,0.0,188006.4211237,521764.23276670766
553,10141.48772,0.0,568.500959033332,0.0,10709.988679033331,1585.20943220267,333084.0496296446,0.0,183759.04190821078,516843.0915378554,333757.8116430077,0.0,188006.4211237,521764.23276670766
554,10139.88618,0.0,570.102499033332,0.0,10709.988679033331,2086.899631352,333084.0496296446,0.0,183759.04190821078,516843.0915378554,333757.8116430077,0.0,188006.4211237,521764.23276670766
555,10138.28465,0.0,571.704029033332,0.0,10709.988679033331,2589.99917690134,333084.0496296446,0.0,183759.04190821078,516843.0915378554,333757.8116430077,0.0,188006.4211237,521764.23276670766
556,10136.82525,0.0,573.163429033331,0.0,10709.988679033331,3094.38299445067,333084.0496296446,0.0,183759.04190821078,516843.0915378554,333757.8116430077,0.0,188006.4211237,521764.23276670766
557,10135.4239,0.0,574.564779033331,0.0,10709.988679033331,3600.0,333084.0496296446,0.0,183759.04190821078,516843.0915378554,333757.8116430077,0.0,188006.4211237,521764.23276670766
558,10134.02256,0.003852,0.0,450.285853166666,9683.732854833333,3149.71414683333,333084.0496296446,0.0,183759.04190821078,516843.0915378554,333757.8116430077,0.0,188006.4211237,521764.23276670766
559,10132.62122,0.014523999999999999,0.0,448.873841166667,9683.732854833333,2700.84030566667,333084.0496296446,0.0,183759.04190821078,516843.0915378554,333757.8116430077,0.0,188006.4211237,521764.23276670766
560,10131.21987,0.024228000000000003,0.0,447.462787166667,9683.732854833333,2253.3775185,333084.0496296446,0.0,183759.04190821078,516843.0915378554,333757.8116430077,0.0,188006.4211237,521764.23276670766
561,10129.81853,0.032943,0.0,446.052732166667,9683.732854833333,1807.32478633333,333084.0496296446,0.0,183759.04190821078,516843.0915378554,333757.8116430077,0.0,188006.4211237,521764.23276670766
562,10128.41718,0.04008,0.0,444.644245166666,9683.732854833333,1362.68054116667,333084.0496296446,0.0,183759.04190821078,516843.0915378554,333757.8116430077,0.0,188006.4211237,521764.23276670766
563,10127.01584,0.041667,0.0,962.680541166666,9164.293631833334,400.0,333084.0496296446,0.0,183759.04190821078,516843.0915378554,333757.8116430077,0.0,188006.4211237,521764.23276670766
564,10125.61449,0.040748,584.414937033331,0.0,10709.988679033331,914.285144589331,333084.0496296446,0.0,183759.04190821078,516843.0915378554,333757.8116430077,0.0,188006.4211237,521764.23276670766
565,10124.21315,0.037801,585.813330033332,0.0,10709.988679033331,1429.80087501866,333084.0496296446,0.0,183759.04190821078,516843.0915378554,333757.8116430077,0.0,188006.4211237,521764.23276670766
566,10122.89294,0.032023,587.127762033331,0.0,10709.988679033331,1946.47330560799,333084.0496296446,0.0,183759.04190821078,516843.0915378554,333757.8116430077,0.0,188006.4211237,521764.23276670766
567,10121.69179,0.025745999999999998,588.32263503333,0.0,10709.988679033331,2464.19722443733,333084.0496296446,0.0,183759.04190821078,516843.0915378554,333757.8116430077,0.0,188006.4211237,521764.23276670766
568,10120.49064,0.015311,589.51335003333,0.0,10709.988679033331,2982.96897246666,333084.0496296446,0.0,183759.04190821078,516843.0915378554,333757.8116430077,0.0,188006.4211237,521764.23276670766
569,10119.28948,0.004314,0.0,435.552311166666,9683.732854833333,2547.41666129999,333084.0496296446,0.0,183759.04190821078,516843.0915378554,333757.8116430077,0.0,188006.4211237,521764.23276670766
570,10118.08833,0.000115,0.0,716.717636133323,9401.370578866678,1830.69902516667,333084.0496296446,0.0,183759.04190821078,516843.0915378554,333757.8116430077,0.0,188006.4211237,521764.23276670766
571,10116.634,0.0,0.0,1000.0,9116.634,830.699025166667,333084.0496296446,0.0,183759.04190821078,516843.0915378554,333757.8116430077,0.0,188006.4211237,521764.23276670766
572,10114.43188,0.0,0.0,430.699025166667,9683.732854833333,400.0,333084.0496296446,0.0,183759.04190821078,516843.0915378554,333757.8116430077,0.0,188006.4211237,521764.23276670766
573,10112.22977,0.0,584.609291196981,0.0,10696.83906119698,914.456176253343,333084.0496296446,0.0,183759.04190821078,516843.0915378554,333757.8116430077,0.0,188006.4211237,521764.23276670766
574,10110.02766,0.0,0.0,0.0,10110.02766,914.456176253343,333084.0496296446,0.0,183759.04190821078,516843.0915378554,333757.8116430077,0.0,188006.4211237,521764.23276670766
575,10107.82555,0.0,0.0,0.0,10107.82555,914.456176253343,333084.0496296446,0.0,183759.04190821078,516843.0915378554,333757.8116430077,0.0,188006.4211237,521764.23276670766
576,10105.64357,0.0,0.0,0.0,10105.64357,914.456176253343,333084.0496296446,0.0,183759.04190821078,516843.0915378554,333757.8116430077,0.0,188006.4211237,521764.23276670766
577,10103.64165,0.0,606.347029033332,0.0,10709.988679033331,1448.04156180268,333084.0496296446,0.0,183759.04190821078,516843.0915378554,333757.8116430077,0.0,188006.4211237,521764.23276670766
578,10101.63973,0.0,608.34894903333,0.0,10709.988679033331,1983.38863695201,333084.0496296446,0.0,183759.04190821078,516843.0915378554,333757.8116430077,0.0,188006.4211237,521764.23276670766
579,10099.63781,0.0,610.350869033331,0.0,10709.988679033331,2520.49740170134,333084.0496296446,0.0,183759.04190821078,516843.0915378554,333757.8116430077,0.0,188006.4211237,521764.23276670766
580,10097.63589,0.0,612.352789033332,0.0,10709.988679033331,3059.36785605067,333084.0496296446,0.0,183759.04190821078,516843.0915378554,333757.8116430077,0.0,188006.4211237,521764.23276670766
581,10095.63397,0.0,614.35470903333,0.0,10709.988679033331,3600.0,333084.0496296446,0.0,183759.04190821078,516843.0915378554,333757.8116430077,0.0,188006.4211237,521764.23276670766
582,10093.63205,0.003453,0.0,409.895742166667,9683.732854833333,3190.10425783333,333084.0496296446,0.0,183759.04190821078,516843.0915378554,333757.8116430077,0.0,188006.4211237,521764.23276670766
583,10091.63013,0.014253,0.0,584.848449333334,9506.767427666666,2605.2558085,333084.0496296446,0.0,183759.04190821078,516843.0915378554,333757.8116430077,0.0,188006.4211237,521764.23276670766
584,10089.62821,0.024647,0.0,1000.0,9089.603563,1605.2558085,333084.0496296446,0.0,183759.04190821078,516843.0915378554,333757.8116430077,0.0,188006.4211237,521764.23276670766
585,10087.62629,0.031454,0.0,403.861981166667,9683.732854833333,1201.39382733333,333084.0496296446,0.0,183759.04190821078,516843.0915378554,333757.8116430077,0.0,188006.4211237,521764.23276670766
586,10085.62437,0.033923,0.0,401.857592166665,9683.732854833333,799.536235166666,333084.0496296446,0.0,183759.04190821078,516843.0915378554,333757.8116430077,0.0,188006.4211237,521764.23276670766
587,10083.30379,0.0347,0.0,399.536235166666,9683.732854833333,400.0,333084.0496296446,0.0,183759.04190821078,516843.0915378554,333757.8116430077,0.0,188006.4211237,521764.23276670766
588,10080.90148,0.038987,629.126186033331,0.0,10709.988679033331,953.631043709331,333084.0496296446,0.0,183759.04190821078,516843.0915378554,333757.8116430077,0.0,188006.4211237,521764.23276670766
589,10078.49918,0.035014,631.52451303333,0.0,10709.988679033331,1509.37261517866,333084.0496296446,0.0,183759.04190821078,516843.0915378554,333757.8116430077,0.0,188006.4211237,521764.23276670766
590,10076.09687,0.031683,633.923492033331,0.0,10709.988679033331,2067.22528816799,333084.0496296446,0.0,183759.04190821078,516843.0915378554,333757.8116430077,0.0,188006.4211237,521764.23276670766
591,10073.69457,0.024244,636.318353033332,0.0,10709.988679033331,2627.18543883732,333084.0496296446,0.0,183759.04190821078,516843.0915378554,333757.8116430077,0.0,188006.4211237,521764.23276670766
592,10071.29226,0.014216,638.710635033331,0.0,10709.988679033331,3189.25079766666,333084.0496296446,0.0,183759.04190821078,516843.0915378554,333757.8116430077,0.0,188006.4211237,521764.23276670766
593,10068.88996,0.004462,0.0,1000.0,9068.885498,2189.25079766666,333084.0496296446,0.0,183759.04190821078,516843.0915378554,333757.8116430077,0.0,188006.4211237,521764.23276670766
594,10066.48766,0.000174,0.0,1000.0,9066.487486,1189.25079766666,333084.0496296446,0.0,183759.04190821078,516843.0915378554,333757.8116430077,0.0,188006.4211237,521764.23276670766
595,10064.08535,0.0,0.0,411.30060249999,9652.784747500009,777.950195166666,333084.0496296446,0.0,183759.04190821078,516843.0915378554,333757.8116430077,0.0,188006.4211237,521764.23276670766
596,10061.68305,0.0,0.0,377.950195166666,9683.732854833333,400.0,333084.0496296446,0.0,183759.04190821078,516843.0915378554,333757.8116430077,0.0,188006.4211237,521764.23276670766
597,10059.57573,0.0,650.412949033331,0.0,10709.988679033331,972.363395149331,333084.0496296446,0.0,183759.04190821078,516843.0915378554,333757.8116430077,0.0,188006.4211237,521764.23276670766
598,10057.774,0.0,334.509011196983,0.0,10392.283011196982,1266.73132500268,333084.0496296446,0.0,183759.04190821078,516843.0915378554,333757.8116430077,0.0,188006.4211237,521764.23276670766
599,10055.97227,0.0,0.0,0.0,10055.97227,1266.73132500268,333084.0496296446,0.0,183759.04190821078,516843.0915378554,333757.8116430077,0.0,188006.4211237,521764.23276670766
600,10054.17055,0.0,0.0,0.0,10054.17055,1266.73132500268,333084.0496296446,0.0,183759.04190821078,516843.0915378554,333757.8116430077,0.0,188006.4211237,521764.23276670766
601,10052.36882,0.0,0.0,0.0,10052.36882,1266.73132500268,333084.0496296446,0.0,183759.04190821078,516843.0915378554,333757.8116430077,0.0,188006.4211237,521764.23276670766
602,10050.43143,0.0,659.557249033331,0.0,10709.988679033331,1847.14170415201,333084.0496296446,0.0,183759.04190821078,516843.0915378554,333757.8116430077,0.0,188006.4211237,521764.23276670766
603,10048.22932,0.0,661.759359033331,0.0,10709.988679033331,2429.48994010134,333084.0496296446,0.0,183759.04190821078,516843.0915378554,333757.8116430077,0.0,188006.4211237,521764.23276670766
604,10046.0272,0.0,663.961479033331,0.0,10709.988679033331,3013.77604165067,333084.0496296446,0.0,183759.04190821078,516843.0915378554,333757.8116430077,0.0,188006.4211237,521764.23276670766
605,10043.82509,0.0,666.163589033331,0.0,10709.988679033331,3600.0,333084.0496296446,0.0,183759.04190821078,516843.0915378554,333757.8116430077,0.0,188006.4211237,521764.23276670766
606,10041.62298,0.004073,0.0,790.797139333334,9250.821767666666,2809.20286066667,333084.0496296446,0.0,183759.04190821078,516843.0915378554,333757.8116430077,0.0,188006.4211237,521764.23276670766
607,10039.57019,0.014088,0.0,1000.0,9039.556102,1809.20286066667,333084.0496296446,0.0,183759.04190821078,516843.0915378554,333757.8116430077,0.0,188006.4211237,521764.23276670766
608,10038.16884,0.024095,0.0,354.411890166666,9683.732854833333,1454.7909705,333084.0496296446,0.0,183759.04190821078,516843.0915378554,333757.8116430077,0.0,188006.4211237,521764.23276670766
609,10036.7675,0.031814,0.0,353.002831166667,9683.732854833333,1101.78813933333,333084.0496296446,0.0,183759.04190821078,516843.0915378554,333757.8116430077,0.0,188006.4211237,521764.23276670766
610,10035.36615,0.03733,0.0,351.595965166667,9683.732854833333,750.192174166667,333084.0496296446,0.0,183759.04190821078,516843.0915378554,333757.8116430077,0.0,188006.4211237,521764.23276670766
611,10033.96481,0.039781,0.0,350.192174166667,9683.732854833333,400.0,333084.0496296446,0.0,183759.04190821078,516843.0915378554,333757.8116430077,0.0,188006.4211237,521764.23276670766
612,10032.55663,0.040372,677.472421033332,0.0,10709.988679033331,996.175730509332,333084.0496296446,0.0,183759.04190821078,516843.0915378554,333757.8116430077,0.0,188006.4211237,521764.23276670766
613,10030.9551,0.038469,679.072048033331,0.0,10709.988679033331,1593.75913277866,333084.0496296446,0.0,183759.04190821078,516843.0915378554,333757.8116430077,0.0,188006.4211237,521764.23276670766
614,10029.35356,0.033778,680.668897033333,0.0,10709.988679033331,2192.747762168,333084.0496296446,0.0,183759.04190821078,516843.0915378554,333757.8116430077,0.0,188006.4211237,521764.23276670766
615,10027.75203,0.025003,682.261652033332,0.0,10709.988679033331,2793.13801595733,333084.0496296446,0.0,183759.04190821078,516843.0915378554,333757.8116430077,0.0,188006.4211237,521764.23276670766
616,10026.15049,0.014964,683.853153033331,0.0,10709.988679033331,3394.92879062666,333084.0496296446,0.0,183759.04190821078,516843.0915378554,333757.8116430077,0.0,188006.4211237,521764.23276670766
617,10024.54895,0.00442,0.0,1000.0,9024.544530000001,2394.92879062666,333084.0496296446,0.0,183759.04190821078,516843.0915378554,333757.8116430077,0.0,188006.4211237,521764.23276670766
618,10023.12394,0.000205,0.0,1000.0,9023.123735,1394.92879062666,333084.0496296446,0.0,183759.04190821078,516843.0915378554,333757.8116430077,0.0,188006.4211237,521764.23276670766
619,10021.72259,0.0,0.0,658.340395459992,9363.382194540007,736.588395166667,333084.0496296446,0.0,183759.04190821078,516843.0915378554,333757.8116430077,0.0,188006.4211237,521764.23276670766
620,10020.32125,0.0,0.0,336.588395166667,9683.732854833333,400.0,333084.0496296446,0.0,183759.04190821078,516843.0915378554,333757.8116430077,0.0,188006.4211237,521764.23276670766
621,10018.91991,0.0,0.0,0.0,10018.91991,400.0,333084.0496296446,0.0,183759.04190821078,516843.0915378554,333757.8116430077,0.0,188006.4211237,521764.23276670766
622,10017.51856,0.0,0.0,0.0,10017.51856,400.0,333084.0496296446,0.0,183759.04190821078,516843.0915378554,333757.8116430077,0.0,188006.4211237,521764.23276670766
623,10016.11722,0.0,0.0,0.0,10016.11722,400.0,333084.0496296446,0.0,183759.04190821078,516843.0915378554,333757.8116430077,0.0,188006.4211237,521764.23276670766
624,10014.71587,0.0,0.0,0.0,10014.71587,400.0,333084.0496296446,0.0,183759.04190821078,516843.0915378554,333757.8116430077,0.0,188006.4211237,521764.23276670766
625,10013.31453,0.0,0.0,0.0,10013.31453,400.0,333084.0496296446,0.0,183759.04190821078,516843.0915378554,333757.8116430077,0.0,188006.4211237,521764.23276670766
626,10011.91318,0.0,0.0,0.0,10011.91318,400.0,333084.0496296446,0.0,183759.04190821078,516843.0915378554,333757.8116430077,0.0,188006.4211237,521764.23276670766
627,10010.51184,0.0,0.0,0.0,10010.51184,400.0,333084.0496296446,0.0,183759.04190821078,516843.0915378554,333757.8116430077,0.0,188006.4211237,521764.23276670766
628,10009.22602,0.0,0.0,0.0,10009.22602,400.0,333084.0496296446,0.0,183759.04190821078,516843.0915378554,333757.8116430077,0.0,188006.4211237,521764.23276670766
629,10008.02487,0.0,0.0,0.0,10008.02487,400.0,333084.0496296446,0.0,183759.04190821078,516843.0915378554,333757.8116430077,0.0,188006.4211237,521764.23276670766
630,10006.82371,0.003364,0.0,0.0,10006.820346,400.0,333084.0496296446,0.0,183759.04190821078,516843.0915378554,333757.8116430077,0.0,188006.4211237,521764.23276670766
631,10005.62256,0.013259,0.0,0.0,10005.609301,400.0,333084.0496296446,0.0,183759.04190821078,516843.0915378554,333757.8116430077,0.0,188006.4211237,521764.23276670766
632,10004.42141,0.024489999999999998,0.0,0.0,10004.396920000001,400.0,333084.0496296446,0.0,183759.04190821078,516843.0915378554,333757.8116430077,0.0,188006.4211237,521764.23276670766
633,10003.05021,0.029382000000000002,0.0,0.0,10003.020827999999,400.0,333084.0496296446,0.0,183759.04190821078,516843.0915378554,333757.8116430077,0.0,188006.4211237,521764.23276670766
634,10001.44868,0.033488,0.0,0.0,10001.415192,400.0,333084.0496296446,0.0,183759.04190821078,516843.0915378554,333757.8116430077,0.0,188006.4211237,521764.23276670766
635,9999.847139,0.038376,0.0,0.0,9999.808762999999,400.0,333084.0496296446,0.0,183759.04190821078,516843.0915378554,333757.8116430077,0.0,188006.4211237,521764.23276670766
636,9998.245603,0.037409,0.0,0.0,9998.208193999999,400.0,333084.0496296446,0.0,183759.04190821078,516843.0915378554,333757.8116430077,0.0,188006.4211237,521764.23276670766
637,9996.644066,0.037261,0.0,0.0,9996.606805000001,400.0,333084.0496296446,0.0,183759.04190821078,516843.0915378554,333757.8116430077,0.0,188006.4211237,521764.23276670766
638,9994.988007,0.01841,0.0,0.0,9994.969597,400.0,333084.0496296446,0.0,183759.04190821078,516843.0915378554,333757.8116430077,0.0,188006.4211237,521764.23276670766
639,9993.186279,0.01702,0.0,0.0,9993.169259,400.0,333084.0496296446,0.0,183759.04190821078,516843.0915378554,333757.8116430077,0.0,188006.4211237,521764.23276670766
640,9991.38455,0.01306,0.0,0.0,9991.371490000001,400.0,333084.0496296446,0.0,183759.04190821078,516843.0915378554,333757.8116430077,0.0,188006.4211237,521764.23276670766
641,9989.582822,0.0035710000000000004,0.0,0.0,9989.579251000001,400.0,333084.0496296446,0.0,183759.04190821078,516843.0915378554,333757.8116430077,0.0,188006.4211237,521764.23276670766
642,9987.781093,0.000283,0.0,0.0,9987.78081,400.0,333084.0496296446,0.0,183759.04190821078,516843.0915378554,333757.8116430077,0.0,188006.4211237,521764.23276670766
643,9985.955342,0.0,0.0,0.0,9985.955342,400.0,333084.0496296446,0.0,183759.04190821078,516843.0915378554,333757.8116430077,0.0,188006.4211237,521764.23276670766
644,9983.953422,0.0,0.0,0.0,9983.953422,400.0,333084.0496296446,0.0,183759.04190821078,516843.0915378554,333757.8116430077,0.0,188006.4211237,521764.23276670766
645,9981.951501,0.0,0.0,0.0,9981.951501,400.0,333084.0496296446,0.0,183759.04190821078,516843.0915378554,333757.8116430077,0.0,188006.4211237,521764.23276670766
646,9979.949581,0.0,0.0,0.0,9979.949581,400.0,333084.0496296446,0.0,183759.04190821078,516843.0915378554,333757.8116430077,0.0,188006.4211237,521764.23276670766
647,9977.94766,0.0,0.0,0.0,9977.94766,400.0,333084.0496296446,0.0,183759.04190821078,516843.0915378554,333757.8116430077,0.0,188006.4211237,521764.23276670766
648,9975.94574,0.0,0.0,0.0,9975.94574,400.0,333084.0496296446,0.0,183759.04190821078,516843.0915378554,333757.8116430077,0.0,188006.4211237,521764.23276670766
649,9974.137535,0.0,0.0,0.0,9974.137535,400.0,333084.0496296446,0.0,183759.04190821078,516843.0915378554,333757.8116430077,0.0,188006.4211237,521764.23276670766
650,9972.335806,0.0,0.0,0.0,9972.335806,400.0,333084.0496296446,0.0,183759.04190821078,516843.0915378554,333757.8116430077,0.0,188006.4211237,521764.23276670766
651,9970.534078,0.0,0.0,0.0,9970.534078,400.0,333084.0496296446,0.0,183759.04190821078,516843.0915378554,333757.8116430077,0.0,188006.4211237,521764.23276670766
652,9968.732349,0.0,0.0,0.0,9968.732349,400.0,333084.0496296446,0.0,183759.04190821078,516843.0915378554,333757.8116430077,0.0,188006.4211237,521764.23276670766
653,9966.930621,0.0,0.0,0.0,9966.930621,400.0,333084.0496296446,0.0,183759.04190821078,516843.0915378554,333757.8116430077,0.0,188006.4211237,521764.23276670766
654,9964.965677,0.004379,0.0,0.0,9964.961298,400.0,333084.0496296446,0.0,183759.04190821078,516843.0915378554,333757.8116430077,0.0,188006.4211237,521764.23276670766
655,9962.963757,0.014156,0.0,0.0,9962.949601,400.0,333084.0496296446,0.0,183759.04190821078,516843.0915378554,333757.8116430077,0.0,188006.4211237,521764.23276670766
656,9960.961836,0.02321,0.0,0.0,9960.938626000001,400.0,333084.0496296446,0.0,183759.04190821078,516843.0915378554,333757.8116430077,0.0,188006.4211237,521764.23276670766
657,9958.959916,0.031278,0.0,0.0,9958.928638,400.0,333084.0496296446,0.0,183759.04190821078,516843.0915378554,333757.8116430077,0.0,188006.4211237,521764.23276670766
658,9956.957995,0.037271,0.0,0.0,9956.920724000001,400.0,333084.0496296446,0.0,183759.04190821078,516843.0915378554,333757.8116430077,0.0,188006.4211237,521764.23276670766
659,9955.08879,0.039894,0.0,0.0,9955.048896,400.0,333084.0496296446,0.0,183759.04190821078,516843.0915378554,333757.8116430077,0.0,188006.4211237,521764.23276670766
660,9953.287062,0.039822,0.0,0.0,9953.247239999999,400.0,333084.0496296446,0.0,183759.04190821078,516843.0915378554,333757.8116430077,0.0,188006.4211237,521764.23276670766
661,9951.485334,0.036838,0.0,0.0,9951.448496,400.0,333084.0496296446,0.0,183759.04190821078,516843.0915378554,333757.8116430077,0.0,188006.4211237,521764.23276670766
662,9949.683605,0.029433,0.0,0.0,9949.654172,400.0,333084.0496296446,0.0,183759.04190821078,516843.0915378554,333757.8116430077,0.0,188006.4211237,521764.23276670766
663,9947.881877,0.016744,0.0,0.0,9947.865133,400.0,333084.0496296446,0.0,183759.04190821078,516843.0915378554,333757.8116430077,0.0,188006.4211237,521764.23276670766
664,9946.28458,0.008064,0.0,0.0,9946.276516,400.0,333084.0496296446,0.0,183759.04190821078,516843.0915378554,333757.8116430077,0.0,188006.4211237,521764.23276670766
665,9944.883236,0.001964,0.0,0.0,9944.881272,400.0,333084.0496296446,0.0,183759.04190821078,516843.0915378554,333757.8116430077,0.0,188006.4211237,521764.23276670766
666,9943.481891,0.00033600000000000004,0.0,0.0,9943.481555,400.0,333084.0496296446,0.0,183759.04190821078,516843.0915378554,333757.8116430077,0.0,188006.4211237,521764.23276670766
667,9942.080547,0.0,0.0,0.0,9942.080547,400.0,333084.0496296446,0.0,183759.04190821078,516843.0915378554,333757.8116430077,0.0,188006.4211237,521764.23276670766
668,9940.679203,0.0,0.0,0.0,9940.679203,400.0,333084.0496296446,0.0,183759.04190821078,516843.0915378554,333757.8116430077,0.0,188006.4211237,521764.23276670766
669,9939.42129,0.0,0.0,0.0,9939.42129,400.0,333084.0496296446,0.0,183759.04190821078,516843.0915378554,333757.8116430077,0.0,188006.4211237,521764.23276670766
670,9938.42033,0.0,0.0,0.0,9938.42033,400.0,333084.0496296446,0.0,183759.04190821078,516843.0915378554,333757.8116430077,0.0,188006.4211237,521764.23276670766
671,9937.41937,0.0,0.0,0.0,9937.41937,400.0,333084.0496296446,0.0,183759.04190821078,516843.0915378554,333757.8116430077,0.0,188006.4211237,521764.23276670766
672,9936.418409,0.0,0.0,0.0,9936.418409,400.0,333084.0496296446,0.0,183759.04190821078,516843.0915378554,333757.8116430077,0.0,188006.4211237,521764.23276670766
673,9935.417449,0.0,774.571230033331,0.0,10709.988679033331,1081.62268242933,333084.0496296446,0.0,183759.04190821078,516843.0915378554,333757.8116430077,0.0,188006.4211237,521764.23276670766
674,9934.457705,0.0,530.394875230311,0.0,10464.852580230312,1548.37017263201,333084.0496296446,0.0,183759.04190821078,516843.0915378554,333757.8116430077,0.0,188006.4211237,521764.23276670766
675,9933.656937,0.0,776.331742033331,0.0,10709.988679033331,2231.54210562134,333084.0496296446,0.0,183759.04190821078,516843.0915378554,333757.8116430077,0.0,188006.4211237,521764.23276670766
676,9932.856169,0.0,777.132510033331,0.0,10709.988679033331,2915.41871445067,333084.0496296446,0.0,183759.04190821078,516843.0915378554,333757.8116430077,0.0,188006.4211237,521764.23276670766
677,9932.0554,0.0,777.933279033332,0.0,10709.988679033331,3600.0,333084.0496296446,0.0,183759.04190821078,516843.0915378554,333757.8116430077,0.0,188006.4211237,521764.23276670766
678,9931.254632,0.003695,0.0,1000.0,8931.250937,2600.0,333084.0496296446,0.0,183759.04190821078,516843.0915378554,333757.8116430077,0.0,188006.4211237,521764.23276670766
679,9930.432432,0.014489000000000002,0.0,1000.0,8930.417943,1600.0,333084.0496296446,0.0,183759.04190821078,516843.0915378554,333757.8116430077,0.0,188006.4211237,521764.23276670766
680,9929.231279,0.024099000000000002,0.0,245.474325166666,9683.732854833333,1354.52567483333,333084.0496296446,0.0,183759.04190821078,516843.0915378554,333757.8116430077,0.0,188006.4211237,521764.23276670766
681,9928.030127,0.031458,0.0,469.611961499999,9458.386707500002,884.913713333335,333084.0496296446,0.0,183759.04190821078,516843.0915378554,333757.8116430077,0.0,188006.4211237,521764.23276670766
682,9926.828975,0.03725,0.0,243.058870166667,9683.732854833333,641.854843166668,333084.0496296446,0.0,183759.04190821078,516843.0915378554,333757.8116430077,0.0,188006.4211237,521764.23276670766
683,9925.627823,0.040125,0.0,241.854843166668,9683.732854833333,400.0,333084.0496296446,0.0,183759.04190821078,516843.0915378554,333757.8116430077,0.0,188006.4211237,521764.23276670766
684,9924.42667,0.038456000000000004,785.600465033331,0.0,10709.988679033331,1091.32840922933,333084.0496296446,0.0,183759.04190821078,516843.0915378554,333757.8116430077,0.0,188006.4211237,521764.23276670766
685,9923.405926,0.025525,786.608278033331,0.0,10709.988679033331,1783.54369389866,333084.0496296446,0.0,183759.04190821078,516843.0915378554,333757.8116430077,0.0,188006.4211237,521764.23276670766
686,9922.404966,0.010433999999999999,485.954013230312,0.0,10408.348545230312,2211.18322554134,333084.0496296446,0.0,183759.04190821078,516843.0915378554,333757.8116430077,0.0,188006.4211237,521764.23276670766
687,9921.404006,0.015996,788.600669033331,0.0,10709.988679033331,2905.15181429067,333084.0496296446,0.0,183759.04190821078,516843.0915378554,333757.8116430077,0.0,188006.4211237,521764.23276670766
688,9920.403046,0.014577999999999999,789.600211033332,0.0,10709.988679033331,3600.0,333084.0496296446,0.0,183759.04190821078,516843.0915378554,333757.8116430077,0.0,188006.4211237,521764.23276670766
689,9919.402086,0.004098,0.0,1000.0,8919.397988,2600.0,333084.0496296446,0.0,183759.04190821078,516843.0915378554,333757.8116430077,0.0,188006.4211237,521764.23276670766
690,9918.401125,0.00024,0.0,1000.0,8918.400885000001,1600.0,333084.0496296446,0.0,183759.04190821078,516843.0915378554,333757.8116430077,0.0,188006.4211237,521764.23276670766
691,9917.400165,0.0,0.0,967.333649833334,8950.066515166665,632.666350166666,333084.0496296446,0.0,183759.04190821078,516843.0915378554,333757.8116430077,0.0,188006.4211237,521764.23276670766
692,9916.399205,0.0,0.0,232.666350166666,9683.732854833333,400.0,333084.0496296446,0.0,183759.04190821078,516843.0915378554,333757.8116430077,0.0,188006.4211237,521764.23276670766
693,9915.398245,0.0,0.0,0.0,9915.398245,400.0,333084.0496296446,0.0,183759.04190821078,516843.0915378554,333757.8116430077,0.0,188006.4211237,521764.23276670766
694,9914.397284,0.0,0.0,0.0,9914.397284,400.0,333084.0496296446,0.0,183759.04190821078,516843.0915378554,333757.8116430077,0.0,188006.4211237,521764.23276670766
695,9913.276916,0.0,0.0,0.0,9913.276916,400.0,333084.0496296446,0.0,183759.04190821078,516843.0915378554,333757.8116430077,0.0,188006.4211237,521764.23276670766
696,9912.075763,0.0,797.91291603333,0.0,10709.988679033331,1102.16336610933,333084.0496296446,0.0,183759.04190821078,516843.0915378554,333757.8116430077,0.0,188006.4211237,521764.23276670766
697,9910.874611,0.0,799.114068033332,0.0,10709.988679033331,1805.38374597866,333084.0496296446,0.0,183759.04190821078,516843.0915378554,333757.8116430077,0.0,188006.4211237,521764.23276670766
698,9909.673459,0.0,432.700450230312,0.0,10342.373909230311,2186.16014218134,333084.0496296446,0.0,183759.04190821078,516843.0915378554,333757.8116430077,0.0,188006.4211237,521764.23276670766
699,9908.472307,0.0,0.0,0.0,9908.472307,2186.16014218134,333084.0496296446,0.0,183759.04190821078,516843.0915378554,333757.8116430077,0.0,188006.4211237,521764.23276670766
700,9907.271154,0.0,802.717525033331,0.0,10709.988679033331,2892.55156421067,333084.0496296446,0.0,183759.04190821078,516843.0915378554,333757.8116430077,0.0,188006.4211237,521764.23276670766
701,9906.070002,0.0,803.918677033331,0.0,10709.988679033331,3600.0,333084.0496296446,0.0,183759.04190821078,516843.0915378554,333757.8116430077,0.0,188006.4211237,521764.23276670766
702,9904.86885,0.004039,0.0,1000.0,8904.864811000001,2600.0,333084.0496296446,0.0,183759.04190821078,516843.0915378554,333757.8116430077,0.0,188006.4211237,521764.23276670766
703,9903.667697,0.014612,0.0,1000.0,8903.653085,1600.0,333084.0496296446,0.0,183759.04190821078,516843.0915378554,333757.8116430077,0.0,188006.4211237,521764.23276670766
704,9902.466545,0.025053000000000002,0.0,553.445363500001,9348.996128499999,1046.5546365,333084.0496296446,0.0,183759.04190821078,516843.0915378554,333757.8116430077,0.0,188006.4211237,521764.23276670766
705,9901.090166,0.03284,0.0,217.324471166667,9683.732854833333,829.230165333332,333084.0496296446,0.0,183759.04190821078,516843.0915378554,333757.8116430077,0.0,188006.4211237,521764.23276670766
706,9899.288438,0.038665,0.0,215.516918166666,9683.732854833333,613.713247166666,333084.0496296446,0.0,183759.04190821078,516843.0915378554,333757.8116430077,0.0,188006.4211237,521764.23276670766
707,9897.486709,0.040607,0.0,213.713247166666,9683.732854833333,400.0,333084.0496296446,0.0,183759.04190821078,516843.0915378554,333757.8116430077,0.0,188006.4211237,521764.23276670766
708,9895.684981,0.041496000000000005,814.345194033331,0.0,10709.988679033331,1116.62377074933,333084.0496296446,0.0,183759.04190821078,516843.0915378554,333757.8116430077,0.0,188006.4211237,521764.23276670766
709,9893.883252,0.039067,816.144494033331,0.0,10709.988679033331,1834.83092549866,333084.0496296446,0.0,183759.04190821078,516843.0915378554,333757.8116430077,0.0,188006.4211237,521764.23276670766
710,9892.053615,0.033118,363.96332423031,0.0,10255.983821230311,2155.11865082134,333084.0496296446,0.0,183759.04190821078,516843.0915378554,333757.8116430077,0.0,188006.4211237,521764.23276670766
711,9890.051694,0.022865,819.959850033332,0.0,10709.988679033331,2876.68331885067,333084.0496296446,0.0,183759.04190821078,516843.0915378554,333757.8116430077,0.0,188006.4211237,521764.23276670766
712,9888.049774,0.011869,821.950774033332,0.0,10709.988679033331,3600.0,333084.0496296446,0.0,183759.04190821078,516843.0915378554,333757.8116430077,0.0,188006.4211237,521764.23276670766
713,9886.047854,0.004267000000000001,0.0,202.310732166667,9683.732854833333,3397.68926783333,333084.0496296446,0.0,183759.04190821078,516843.0915378554,333757.8116430077,0.0,188006.4211237,521764.23276670766
714,9884.045933,0.00023899999999999998,0.0,1000.0,8884.045693999999,2397.68926783333,333084.0496296446,0.0,183759.04190821078,516843.0915378554,333757.8116430077,0.0,188006.4211237,521764.23276670766
715,9882.044013,0.0,0.0,1000.0,8882.044013,1397.68926783333,333084.0496296446,0.0,183759.04190821078,516843.0915378554,333757.8116430077,0.0,188006.4211237,521764.23276670766
716,9880.437295,0.0,0.0,997.689267833333,8882.748027166666,400.0,333084.0496296446,0.0,183759.04190821078,516843.0915378554,333757.8116430077,0.0,188006.4211237,521764.23276670766
717,9878.835759,0.0,151.071368115156,0.0,10029.907127115155,532.942803941337,333084.0496296446,0.0,183759.04190821078,516843.0915378554,333757.8116430077,0.0,188006.4211237,521764.23276670766
718,9877.234222,0.0,832.754457033332,0.0,10709.988679033331,1265.76672613067,333084.0496296446,0.0,183759.04190821078,516843.0915378554,333757.8116430077,0.0,188006.4211237,521764.23276670766
719,9875.632686,0.0,834.35599303333,0.0,10709.988679033331,2000.0,333084.0496296446,0.0,183759.04190821078,516843.0915378554,333757.8116430077,0.0,188006.4211237,521764.23276670766
