time,Pload,Ppv,Pcharge,Pdischarge,Ptotal,state of charge,energy_charge_with_es,nem_charge_with_es,demand_charge_with_es,total_bill_with_es,energy_charge_without_es,nem_charge_without_es,demand_charge_without_es,total_bill_without_es
0,9712.371952,0.0,0.0,0.0,9712.371952,400.0,357467.7102712778,0.0,241427.3156491249,598895.0259204027,357773.1099148511,0.0,242670.78990917,600443.8998240212
1,9711.571184,0.0,0.0,0.0,9711.571184,400.0,357467.7102712778,0.0,241427.3156491249,598895.0259204027,357773.1099148511,0.0,242670.78990917,600443.8998240212
2,9710.770416,0.0,0.0,0.0,9710.770416,400.0,357467.7102712778,0.0,241427.3156491249,598895.0259204027,357773.1099148511,0.0,242670.78990917,600443.8998240212
3,9709.969647,0.0,0.0,0.0,9709.969647,400.0,357467.7102712778,0.0,241427.3156491249,598895.0259204027,357773.1099148511,0.0,242670.78990917,600443.8998240212
4,9710.806215,0.0,0.0,0.0,9710.806215,400.0,357467.7102712778,0.0,241427.3156491249,598895.0259204027,357773.1099148511,0.0,242670.78990917,600443.8998240212
5,9712.207559,0.000988,0.0,0.0,9712.206571,400.0,357467.7102712778,0.0,241427.3156491249,598895.0259204027,357773.1099148511,0.0,242670.78990917,600443.8998240212
6,9713.608903,0.004655,0.0,0.0,9713.604248,400.0,357467.7102712778,0.0,241427.3156491249,598895.0259204027,357773.1099148511,0.0,242670.78990917,600443.8998240212
7,9715.010248,0.009658,0.0,0.0,9715.00059,400.0,357467.7102712778,0.0,241427.3156491249,598895.0259204027,357773.1099148511,0.0,242670.78990917,600443.8998240212
8,9716.411592,0.019274000000000003,0.0,0.0,9716.392318,400.0,357467.7102712778,0.0,241427.3156491249,598895.0259204027,357773.1099148511,0.0,242670.78990917,600443.8998240212
9,9717.339541,0.012917999999999999,0.0,0.0,9717.326622999999,400.0,357467.7102712778,0.0,241427.3156491249,598895.0259204027,357773.1099148511,0.0,242670.78990917,600443.8998240212
10,9717.940117,0.028014,0.0,0.0,9717.912103,400.0,357467.7102712778,0.0,241427.3156491249,598895.0259204027,357773.1099148511,0.0,242670.78990917,600443.8998240212
11,9718.540693,0.033493,0.0,0.0,9718.5072,400.0,357467.7102712778,0.0,241427.3156491249,598895.0259204027,357773.1099148511,0.0,242670.78990917,600443.8998240212
12,9719.141269,0.034891,0.0,0.0,9719.106378,400.0,357467.7102712778,0.0,241427.3156491249,598895.0259204027,357773.1099148511,0.0,242670.78990917,600443.8998240212
13,9719.741845,0.037104,0.0,0.0,9719.704741,400.0,357467.7102712778,0.0,241427.3156491249,598895.0259204027,357773.1099148511,0.0,242670.78990917,600443.8998240212
14,9720.51812,0.019699,0.0,0.0,9720.498421,400.0,357467.7102712778,0.0,241427.3156491249,598895.0259204027,357773.1099148511,0.0,242670.78990917,600443.8998240212
15,9721.51908,0.003812,0.0,0.0,9721.515268,400.0,357467.7102712778,0.0,241427.3156491249,598895.0259204027,357773.1099148511,0.0,242670.78990917,600443.8998240212
16,9722.52004,0.000833,0.0,0.0,9722.519207,400.0,357467.7102712778,0.0,241427.3156491249,598895.0259204027,357773.1099148511,0.0,242670.78990917,600443.8998240212
17,9723.521,0.000298,0.0,0.0,9723.520702,400.0,357467.7102712778,0.0,241427.3156491249,598895.0259204027,357773.1099148511,0.0,242670.78990917,600443.8998240212
18,9724.52196,6e-05,0.0,0.0,9724.5219,400.0,357467.7102712778,0.0,241427.3156491249,598895.0259204027,357773.1099148511,0.0,242670.78990917,600443.8998240212
19,9725.350873,0.0,0.0,0.0,9725.350873,400.0,357467.7102712778,0.0,241427.3156491249,598895.0259204027,357773.1099148511,0.0,242670.78990917,600443.8998240212
20,9725.751257,0.0,0.0,0.0,9725.751257,400.0,357467.7102712778,0.0,241427.3156491249,598895.0259204027,357773.1099148511,0.0,242670.78990917,600443.8998240212
21,9726.151641,0.0,0.0,0.0,9726.151641,400.0,357467.7102712778,0.0,241427.3156491249,598895.0259204027,357773.1099148511,0.0,242670.78990917,600443.8998240212
22,9726.552026,0.0,0.0,0.0,9726.552026,400.0,357467.7102712778,0.0,241427.3156491249,598895.0259204027,357773.1099148511,0.0,242670.78990917,600443.8998240212
23,9726.95241,0.0,0.0,0.0,9726.95241,400.0,357467.7102712778,0.0,241427.3156491249,598895.0259204027,357773.1099148511,0.0,242670.78990917,600443.8998240212
24,9727.325944,0.0,0.0,0.0,9727.325944,400.0,357467.7102712778,0.0,241427.3156491249,598895.0259204027,357773.1099148511,0.0,242670.78990917,600443.8998240212
25,9727.526136,0.0,0.0,0.0,9727.526136,400.0,357467.7102712778,0.0,241427.3156491249,598895.0259204027,357773.1099148511,0.0,242670.78990917,600443.8998240212
26,9727.726328,0.0,0.0,0.0,9727.726328,400.0,357467.7102712778,0.0,241427.3156491249,598895.0259204027,357773.1099148511,0.0,242670.78990917,600443.8998240212
27,9727.926521,0.0,0.0,0.0,9727.926521,400.0,357467.7102712778,0.0,241427.3156491249,598895.0259204027,357773.1099148511,0.0,242670.78990917,600443.8998240212
28,9728.126713,0.0,0.0,0.0,9728.126713,400.0,357467.7102712778,0.0,241427.3156491249,598895.0259204027,357773.1099148511,0.0,242670.78990917,600443.8998240212
29,9728.326905,0.000374,0.0,0.0,9728.326531,400.0,357467.7102712778,0.0,241427.3156491249,598895.0259204027,357773.1099148511,0.0,242670.78990917,600443.8998240212
30,9728.330555,0.004609,0.0,0.0,9728.325946,400.0,357467.7102712778,0.0,241427.3156491249,598895.0259204027,357773.1099148511,0.0,242670.78990917,600443.8998240212
31,9728.330555,0.010061,0.0,0.0,9728.320494,400.0,357467.7102712778,0.0,241427.3156491249,598895.0259204027,357773.1099148511,0.0,242670.78990917,600443.8998240212
32,9728.330555,0.020307,0.0,0.0,9728.310248,400.0,357467.7102712778,0.0,241427.3156491249,598895.0259204027,357773.1099148511,0.0,242670.78990917,600443.8998240212
33,9728.330555,0.024981000000000003,0.0,0.0,9728.305574,400.0,357467.7102712778,0.0,241427.3156491249,598895.0259204027,357773.1099148511,0.0,242670.78990917,600443.8998240212
34,9728.330555,0.031986,0.0,0.0,9728.298569,400.0,357467.7102712778,0.0,241427.3156491249,598895.0259204027,357773.1099148511,0.0,242670.78990917,600443.8998240212
35,9728.496597,0.027403,0.0,0.0,9728.469194,400.0,357467.7102712778,0.0,241427.3156491249,598895.0259204027,357773.1099148511,0.0,242670.78990917,600443.8998240212
36,9728.696789,0.021929,0.0,0.0,9728.67486,400.0,357467.7102712778,0.0,241427.3156491249,598895.0259204027,357773.1099148511,0.0,242670.78990917,600443.8998240212
37,9728.896981,0.021931000000000003,0.0,0.0,9728.87505,400.0,357467.7102712778,0.0,241427.3156491249,598895.0259204027,357773.1099148511,0.0,242670.78990917,600443.8998240212
38,9729.097173,0.025808,0.0,0.0,9729.071365,400.0,357467.7102712778,0.0,241427.3156491249,598895.0259204027,357773.1099148511,0.0,242670.78990917,600443.8998240212
39,9729.297365,0.019952,0.0,0.0,9729.277413,400.0,357467.7102712778,0.0,241427.3156491249,598895.0259204027,357773.1099148511,0.0,242670.78990917,600443.8998240212
40,9729.633099,0.00781,0.0,0.0,9729.625289000001,400.0,357467.7102712778,0.0,241427.3156491249,598895.0259204027,357773.1099148511,0.0,242670.78990917,600443.8998240212
41,9730.033483,0.0046630000000000005,0.0,0.0,9730.02882,400.0,357467.7102712778,0.0,241427.3156491249,598895.0259204027,357773.1099148511,0.0,242670.78990917,600443.8998240212
42,9730.433867,0.001131,0.0,0.0,9730.432735999999,400.0,357467.7102712778,0.0,241427.3156491249,598895.0259204027,357773.1099148511,0.0,242670.78990917,600443.8998240212
43,9730.834251,0.0,0.0,0.0,9730.834251,400.0,357467.7102712778,0.0,241427.3156491249,598895.0259204027,357773.1099148511,0.0,242670.78990917,600443.8998240212
44,9731.234635,0.0,0.0,0.0,9731.234635,400.0,357467.7102712778,0.0,241427.3156491249,598895.0259204027,357773.1099148511,0.0,242670.78990917,600443.8998240212
45,9731.740061,0.0,0.0,0.0,9731.740061,400.0,357467.7102712778,0.0,241427.3156491249,598895.0259204027,357773.1099148511,0.0,242670.78990917,600443.8998240212
46,9732.340637,0.0,0.0,0.0,9732.340637,400.0,357467.7102712778,0.0,241427.3156491249,598895.0259204027,357773.1099148511,0.0,242670.78990917,600443.8998240212
47,9732.941213,0.0,0.0,0.0,9732.941213,400.0,357467.7102712778,0.0,241427.3156491249,598895.0259204027,357773.1099148511,0.0,242670.78990917,600443.8998240212
48,9733.54179,0.0,0.0,0.0,9733.54179,400.0,357467.7102712778,0.0,241427.3156491249,598895.0259204027,357773.1099148511,0.0,242670.78990917,600443.8998240212
49,9734.142366,0.0,0.0,0.0,9734.142366,400.0,357467.7102712778,0.0,241427.3156491249,598895.0259204027,357773.1099148511,0.0,242670.78990917,600443.8998240212
50,9734.742942,0.0,0.0,0.0,9734.742942,400.0,357467.7102712778,0.0,241427.3156491249,598895.0259204027,357773.1099148511,0.0,242670.78990917,600443.8998240212
51,9735.343518,0.0,0.0,0.0,9735.343518,400.0,357467.7102712778,0.0,241427.3156491249,598895.0259204027,357773.1099148511,0.0,242670.78990917,600443.8998240212
52,9735.944094,0.0,0.0,0.0,9735.944094,400.0,357467.7102712778,0.0,241427.3156491249,598895.0259204027,357773.1099148511,0.0,242670.78990917,600443.8998240212
53,9736.54467,0.0007740000000000001,0.0,0.0,9736.543896,400.0,357467.7102712778,0.0,241427.3156491249,598895.0259204027,357773.1099148511,0.0,242670.78990917,600443.8998240212
54,9737.145246,0.003275,100.0,0.0,9837.141971000001,488.0,357467.7102712778,0.0,241427.3156491249,598895.0259204027,357773.1099148511,0.0,242670.78990917,600443.8998240212
55,9737.437527,0.012061,100.0,0.0,9837.425466,576.0,357467.7102712778,0.0,241427.3156491249,598895.0259204027,357773.1099148511,0.0,242670.78990917,600443.8998240212
56,9736.636759,0.020564,100.0,0.0,9836.616195,664.0,357467.7102712778,0.0,241427.3156491249,598895.0259204027,357773.1099148511,0.0,242670.78990917,600443.8998240212
57,9735.83599,0.028671,63.6363636363636,0.0,9799.443682636364,720.0,357467.7102712778,0.0,241427.3156491249,598895.0259204027,357773.1099148511,0.0,242670.78990917,600443.8998240212
58,9735.035222,0.03185,0.0,0.0,9735.003372000001,720.0,357467.7102712778,0.0,241427.3156491249,598895.0259204027,357773.1099148511,0.0,242670.78990917,600443.8998240212
59,9734.234454,0.035147,0.0,0.0,9734.199306999999,720.0,357467.7102712778,0.0,241427.3156491249,598895.0259204027,357773.1099148511,0.0,242670.78990917,600443.8998240212
60,9733.433686,0.032527,0.0,0.0,9733.401159000001,720.0,357467.7102712778,0.0,241427.3156491249,598895.0259204027,357773.1099148511,0.0,242670.78990917,600443.8998240212
61,9732.632918,0.029009,0.0,100.0,9632.603909,620.0,357467.7102712778,0.0,241427.3156491249,598895.0259204027,357773.1099148511,0.0,242670.78990917,600443.8998240212
62,9731.83215,0.010561000000000001,0.0,100.0,9631.821589000001,520.0,357467.7102712778,0.0,241427.3156491249,598895.0259204027,357773.1099148511,0.0,242670.78990917,600443.8998240212
63,9731.031381,0.023014,0.0,100.0,9631.008367,420.0,357467.7102712778,0.0,241427.3156491249,598895.0259204027,357773.1099148511,0.0,242670.78990917,600443.8998240212
64,9730.230613,0.014204000000000001,0.0,100.0,9630.216409,320.0,357467.7102712778,0.0,241427.3156491249,598895.0259204027,357773.1099148511,0.0,242670.78990917,600443.8998240212
65,9729.429845,0.004195,0.0,100.0,9629.425650000001,220.0,357467.7102712778,0.0,241427.3156491249,598895.0259204027,357773.1099148511,0.0,242670.78990917,600443.8998240212
66,9728.995546,0.001077,0.0,100.0,9628.994469,120.0,357467.7102712778,0.0,241427.3156491249,598895.0259204027,357773.1099148511,0.0,242670.78990917,600443.8998240212
67,9728.595162,0.0,0.0,40.0,9688.595162,80.0,357467.7102712778,0.0,241427.3156491249,598895.0259204027,357773.1099148511,0.0,242670.78990917,600443.8998240212
68,9728.194778,0.0,0.0,0.0,9728.194778,80.0,357467.7102712778,0.0,241427.3156491249,598895.0259204027,357773.1099148511,0.0,242670.78990917,600443.8998240212
69,9727.794394,0.0,0.0,0.0,9727.794394,80.0,357467.7102712778,0.0,241427.3156491249,598895.0259204027,357773.1099148511,0.0,242670.78990917,600443.8998240212
70,9727.39401,0.0,0.0,0.0,9727.39401,80.0,357467.7102712778,0.0,241427.3156491249,598895.0259204027,357773.1099148511,0.0,242670.78990917,600443.8998240212
71,9726.688156,0.0,0.0,0.0,9726.688156,80.0,357467.7102712778,0.0,241427.3156491249,598895.0259204027,357773.1099148511,0.0,242670.78990917,600443.8998240212
72,9725.887388,0.0,0.0,0.0,9725.887388,80.0,357467.7102712778,0.0,241427.3156491249,598895.0259204027,357773.1099148511,0.0,242670.78990917,600443.8998240212
73,9725.08662,0.0,0.0,0.0,9725.08662,80.0,357467.7102712778,0.0,241427.3156491249,598895.0259204027,357773.1099148511,0.0,242670.78990917,600443.8998240212
74,9724.285852,0.0,0.0,0.0,9724.285852,80.0,357467.7102712778,0.0,241427.3156491249,598895.0259204027,357773.1099148511,0.0,242670.78990917,600443.8998240212
75,9723.485083,0.0,0.0,0.0,9723.485083,80.0,357467.7102712778,0.0,241427.3156491249,598895.0259204027,357773.1099148511,0.0,242670.78990917,600443.8998240212
76,9722.439845,0.0,0.0,0.0,9722.439845,80.0,357467.7102712778,0.0,241427.3156491249,598895.0259204027,357773.1099148511,0.0,242670.78990917,600443.8998240212
77,9721.238693,0.0013720000000000002,27.2727272727273,0.0,9748.510048272727,104.0,357467.7102712778,0.0,241427.3156491249,598895.0259204027,357773.1099148511,0.0,242670.78990917,600443.8998240212
78,9720.037541,0.0048460000000000005,100.0,0.0,9820.032695,192.0,357467.7102712778,0.0,241427.3156491249,598895.0259204027,357773.1099148511,0.0,242670.78990917,600443.8998240212
79,9718.836389,0.010776,100.0,0.0,9818.825613,280.0,357467.7102712778,0.0,241427.3156491249,598895.0259204027,357773.1099148511,0.0,242670.78990917,600443.8998240212
80,9717.635236,0.018468000000000002,100.0,0.0,9817.616768,368.0,357467.7102712778,0.0,241427.3156491249,598895.0259204027,357773.1099148511,0.0,242670.78990917,600443.8998240212
81,9716.434084,0.023346000000000002,100.0,0.0,9816.410738,456.0,357467.7102712778,0.0,241427.3156491249,598895.0259204027,357773.1099148511,0.0,242670.78990917,600443.8998240212
82,9715.232932,0.019339,100.0,0.0,9815.213593,544.0,357467.7102712778,0.0,241427.3156491249,598895.0259204027,357773.1099148511,0.0,242670.78990917,600443.8998240212
83,9714.03178,0.022466,100.0,0.0,9814.009313999999,632.0,357467.7102712778,0.0,241427.3156491249,598895.0259204027,357773.1099148511,0.0,242670.78990917,600443.8998240212
84,9712.830627,0.02596,100.0,0.0,9812.804666999999,720.0,357467.7102712778,0.0,241427.3156491249,598895.0259204027,357773.1099148511,0.0,242670.78990917,600443.8998240212
85,9711.629475,0.020794,0.0,100.0,9611.608681,620.0,357467.7102712778,0.0,241427.3156491249,598895.0259204027,357773.1099148511,0.0,242670.78990917,600443.8998240212
86,9710.489558,0.019677,0.0,100.0,9610.469880999999,520.0,357467.7102712778,0.0,241427.3156491249,598895.0259204027,357773.1099148511,0.0,242670.78990917,600443.8998240212
87,9709.488598,0.005847000000000001,0.0,100.0,9609.482751,420.0,357467.7102712778,0.0,241427.3156491249,598895.0259204027,357773.1099148511,0.0,242670.78990917,600443.8998240212
88,9708.487638,0.001183,0.0,100.0,9608.486455,320.0,357467.7102712778,0.0,241427.3156491249,598895.0259204027,357773.1099148511,0.0,242670.78990917,600443.8998240212
89,9707.486677,0.00025100000000000003,0.0,100.0,9607.486426000001,220.0,357467.7102712778,0.0,241427.3156491249,598895.0259204027,357773.1099148511,0.0,242670.78990917,600443.8998240212
90,9706.485717,1.7000000000000003e-05,0.0,100.0,9606.4857,120.0,357467.7102712778,0.0,241427.3156491249,598895.0259204027,357773.1099148511,0.0,242670.78990917,600443.8998240212
91,9705.454021,0.0,0.0,40.0,9665.454021,80.0,357467.7102712778,0.0,241427.3156491249,598895.0259204027,357773.1099148511,0.0,242670.78990917,600443.8998240212
92,9704.252869,0.0,0.0,0.0,9704.252869,80.0,357467.7102712778,0.0,241427.3156491249,598895.0259204027,357773.1099148511,0.0,242670.78990917,600443.8998240212
93,9703.051717,0.0,0.0,0.0,9703.051717,80.0,357467.7102712778,0.0,241427.3156491249,598895.0259204027,357773.1099148511,0.0,242670.78990917,600443.8998240212
94,9701.850565,0.0,0.0,0.0,9701.850565,80.0,357467.7102712778,0.0,241427.3156491249,598895.0259204027,357773.1099148511,0.0,242670.78990917,600443.8998240212
95,9700.649412,0.0,0.0,0.0,9700.649412,80.0,357467.7102712778,0.0,241427.3156491249,598895.0259204027,357773.1099148511,0.0,242670.78990917,600443.8998240212
96,9699.448967,0.0,0.0,0.0,9699.448967,80.0,357467.7102712778,0.0,241427.3156491249,598895.0259204027,357773.1099148511,0.0,242670.78990917,600443.8998240212
97,9698.848391,0.0,0.0,0.0,9698.848391,80.0,357467.7102712778,0.0,241427.3156491249,598895.0259204027,357773.1099148511,0.0,242670.78990917,600443.8998240212
98,9698.247814,0.0,0.0,0.0,9698.247814,80.0,357467.7102712778,0.0,241427.3156491249,598895.0259204027,357773.1099148511,0.0,242670.78990917,600443.8998240212
99,9697.647238,0.0,0.0,0.0,9697.647238,80.0,357467.7102712778,0.0,241427.3156491249,598895.0259204027,357773.1099148511,0.0,242670.78990917,600443.8998240212
100,9697.046662,0.0,0.0,0.0,9697.046662,80.0,357467.7102712778,0.0,241427.3156491249,598895.0259204027,357773.1099148511,0.0,242670.78990917,600443.8998240212
101,9696.446086,0.000872,27.2727272727273,0.0,9723.717941272727,104.0,357467.7102712778,0.0,241427.3156491249,598895.0259204027,357773.1099148511,0.0,242670.78990917,600443.8998240212
102,9695.675582,0.0034070000000000003,100.0,0.0,9795.672175,192.0,357467.7102712778,0.0,241427.3156491249,598895.0259204027,357773.1099148511,0.0,242670.78990917,600443.8998240212
103,9694.874814,0.007426,100.0,0.0,9794.867388,280.0,357467.7102712778,0.0,241427.3156491249,598895.0259204027,357773.1099148511,0.0,242670.78990917,600443.8998240212
104,9694.074046,0.006609,100.0,0.0,9794.067437,368.0,357467.7102712778,0.0,241427.3156491249,598895.0259204027,357773.1099148511,0.0,242670.78990917,600443.8998240212
105,9693.273278,0.008447,100.0,0.0,9793.264831,456.0,357467.7102712778,0.0,241427.3156491249,598895.0259204027,357773.1099148511,0.0,242670.78990917,600443.8998240212
106,9692.472509,0.011210000000000001,100.0,0.0,9792.461298999999,544.0,357467.7102712778,0.0,241427.3156491249,598895.0259204027,357773.1099148511,0.0,242670.78990917,600443.8998240212
107,9691.811169,0.013286,100.0,0.0,9791.797883000001,632.0,357467.7102712778,0.0,241427.3156491249,598895.0259204027,357773.1099148511,0.0,242670.78990917,600443.8998240212
108,9691.210593,0.014,100.0,0.0,9791.196593,720.0,357467.7102712778,0.0,241427.3156491249,598895.0259204027,357773.1099148511,0.0,242670.78990917,600443.8998240212
109,9690.610017,0.019365,0.0,100.0,9590.590652,620.0,357467.7102712778,0.0,241427.3156491249,598895.0259204027,357773.1099148511,0.0,242670.78990917,600443.8998240212
110,9690.009441,0.011869999999999999,0.0,100.0,9589.997571,520.0,357467.7102712778,0.0,241427.3156491249,598895.0259204027,357773.1099148511,0.0,242670.78990917,600443.8998240212
111,9689.408865,0.010478,0.0,100.0,9589.398387,420.0,357467.7102712778,0.0,241427.3156491249,598895.0259204027,357773.1099148511,0.0,242670.78990917,600443.8998240212
112,9688.808288,0.011452,0.0,100.0,9588.796836,320.0,357467.7102712778,0.0,241427.3156491249,598895.0259204027,357773.1099148511,0.0,242670.78990917,600443.8998240212
113,9688.207712,0.00475,0.0,100.0,9588.202962,220.0,357467.7102712778,0.0,241427.3156491249,598895.0259204027,357773.1099148511,0.0,242670.78990917,600443.8998240212
114,9687.607136,0.001975,0.0,100.0,9587.605161000001,120.0,357467.7102712778,0.0,241427.3156491249,598895.0259204027,357773.1099148511,0.0,242670.78990917,600443.8998240212
115,9687.00656,0.0,0.0,40.0,9647.00656,80.0,357467.7102712778,0.0,241427.3156491249,598895.0259204027,357773.1099148511,0.0,242670.78990917,600443.8998240212
116,9686.405984,0.0,0.0,0.0,9686.405984,80.0,357467.7102712778,0.0,241427.3156491249,598895.0259204027,357773.1099148511,0.0,242670.78990917,600443.8998240212
117,9685.962264,0.0,0.0,0.0,9685.962264,80.0,357467.7102712778,0.0,241427.3156491249,598895.0259204027,357773.1099148511,0.0,242670.78990917,600443.8998240212
118,9685.762072,0.0,0.0,0.0,9685.762072,80.0,357467.7102712778,0.0,241427.3156491249,598895.0259204027,357773.1099148511,0.0,242670.78990917,600443.8998240212
119,9685.56188,0.0,0.0,0.0,9685.56188,80.0,357467.7102712778,0.0,241427.3156491249,598895.0259204027,357773.1099148511,0.0,242670.78990917,600443.8998240212
120,9685.361688,0.0,0.0,0.0,9685.361688,80.0,357467.7102712778,0.0,241427.3156491249,598895.0259204027,357773.1099148511,0.0,242670.78990917,600443.8998240212
121,9685.161496,0.0,0.0,0.0,9685.161496,80.0,357467.7102712778,0.0,241427.3156491249,598895.0259204027,357773.1099148511,0.0,242670.78990917,600443.8998240212
122,9684.961304,0.0,0.0,0.0,9684.961304,80.0,357467.7102712778,0.0,241427.3156491249,598895.0259204027,357773.1099148511,0.0,242670.78990917,600443.8998240212
123,9684.761112,0.0,0.0,0.0,9684.761112,80.0,357467.7102712778,0.0,241427.3156491249,598895.0259204027,357773.1099148511,0.0,242670.78990917,600443.8998240212
124,9684.56092,0.0,0.0,0.0,9684.56092,80.0,357467.7102712778,0.0,241427.3156491249,598895.0259204027,357773.1099148511,0.0,242670.78990917,600443.8998240212
125,9684.360728,0.001002,27.2727272727273,0.0,9711.632453272727,104.0,357467.7102712778,0.0,241427.3156491249,598895.0259204027,357773.1099148511,0.0,242670.78990917,600443.8998240212
126,9684.160536,0.003205,100.0,0.0,9784.157330999999,192.0,357467.7102712778,0.0,241427.3156491249,598895.0259204027,357773.1099148511,0.0,242670.78990917,600443.8998240212
127,9683.942915,0.012265000000000002,100.0,0.0,9783.93065,280.0,357467.7102712778,0.0,241427.3156491249,598895.0259204027,357773.1099148511,0.0,242670.78990917,600443.8998240212
128,9683.542531,0.02149,100.0,0.0,9783.521041,368.0,357467.7102712778,0.0,241427.3156491249,598895.0259204027,357773.1099148511,0.0,242670.78990917,600443.8998240212
129,9683.142147,0.028799,100.0,0.0,9783.113348,456.0,357467.7102712778,0.0,241427.3156491249,598895.0259204027,357773.1099148511,0.0,242670.78990917,600443.8998240212
130,9682.741763,0.033359,100.0,0.0,9782.708404,544.0,357467.7102712778,0.0,241427.3156491249,598895.0259204027,357773.1099148511,0.0,242670.78990917,600443.8998240212
131,9682.341379,0.034879,100.0,0.0,9782.306499999999,632.0,357467.7102712778,0.0,241427.3156491249,598895.0259204027,357773.1099148511,0.0,242670.78990917,600443.8998240212
132,9681.940995,0.03522,100.0,0.0,9781.905775000001,720.0,357467.7102712778,0.0,241427.3156491249,598895.0259204027,357773.1099148511,0.0,242670.78990917,600443.8998240212
133,9681.914852,0.032344000000000005,0.0,100.0,9581.882508,620.0,357467.7102712778,0.0,241427.3156491249,598895.0259204027,357773.1099148511,0.0,242670.78990917,600443.8998240212
134,9681.914852,0.027715,0.0,100.0,9581.887137,520.0,357467.7102712778,0.0,241427.3156491249,598895.0259204027,357773.1099148511,0.0,242670.78990917,600443.8998240212
135,9681.914852,0.015617,0.0,100.0,9581.899235,420.0,357467.7102712778,0.0,241427.3156491249,598895.0259204027,357773.1099148511,0.0,242670.78990917,600443.8998240212
136,9681.914852,0.012266,0.0,100.0,9581.902586,320.0,357467.7102712778,0.0,241427.3156491249,598895.0259204027,357773.1099148511,0.0,242670.78990917,600443.8998240212
137,9681.914852,0.0039380000000000005,0.0,100.0,9581.910914,220.0,357467.7102712778,0.0,241427.3156491249,598895.0259204027,357773.1099148511,0.0,242670.78990917,600443.8998240212
138,9681.758231,0.001391,0.0,100.0,9581.75684,120.0,357467.7102712778,0.0,241427.3156491249,598895.0259204027,357773.1099148511,0.0,242670.78990917,600443.8998240212
139,9681.558039,0.0,0.0,40.0,9641.558039,80.0,357467.7102712778,0.0,241427.3156491249,598895.0259204027,357773.1099148511,0.0,242670.78990917,600443.8998240212
140,9681.357847,0.0,0.0,0.0,9681.357847,80.0,357467.7102712778,0.0,241427.3156491249,598895.0259204027,357773.1099148511,0.0,242670.78990917,600443.8998240212
141,9681.157655,0.0,0.0,0.0,9681.157655,80.0,357467.7102712778,0.0,241427.3156491249,598895.0259204027,357773.1099148511,0.0,242670.78990917,600443.8998240212
142,9680.957463,0.0,0.0,0.0,9680.957463,80.0,357467.7102712778,0.0,241427.3156491249,598895.0259204027,357773.1099148511,0.0,242670.78990917,600443.8998240212
143,9680.883392,0.0,0.0,0.0,9680.883392,80.0,357467.7102712778,0.0,241427.3156491249,598895.0259204027,357773.1099148511,0.0,242670.78990917,600443.8998240212
144,9680.883392,0.0,0.0,0.0,9680.883392,80.0,357467.7102712778,0.0,241427.3156491249,598895.0259204027,357773.1099148511,0.0,242670.78990917,600443.8998240212
145,9680.883392,0.0,0.0,0.0,9680.883392,80.0,357467.7102712778,0.0,241427.3156491249,598895.0259204027,357773.1099148511,0.0,242670.78990917,600443.8998240212
146,9680.883392,0.0,0.0,0.0,9680.883392,80.0,357467.7102712778,0.0,241427.3156491249,598895.0259204027,357773.1099148511,0.0,242670.78990917,600443.8998240212
147,9680.883392,0.0,0.0,0.0,9680.883392,80.0,357467.7102712778,0.0,241427.3156491249,598895.0259204027,357773.1099148511,0.0,242670.78990917,600443.8998240212
148,9680.787771,0.0,0.0,0.0,9680.787771,80.0,357467.7102712778,0.0,241427.3156491249,598895.0259204027,357773.1099148511,0.0,242670.78990917,600443.8998240212
149,9680.587579,0.000959,27.2727272727273,0.0,9707.859347272726,104.0,357467.7102712778,0.0,241427.3156491249,598895.0259204027,357773.1099148511,0.0,242670.78990917,600443.8998240212
150,9680.387387,0.002977,100.0,0.0,9780.38441,192.0,357467.7102712778,0.0,241427.3156491249,598895.0259204027,357773.1099148511,0.0,242670.78990917,600443.8998240212
151,9680.187195,0.012096,100.0,0.0,9780.175099,280.0,357467.7102712778,0.0,241427.3156491249,598895.0259204027,357773.1099148511,0.0,242670.78990917,600443.8998240212
152,9679.987003,0.021374,100.0,0.0,9779.965629,368.0,357467.7102712778,0.0,241427.3156491249,598895.0259204027,357773.1099148511,0.0,242670.78990917,600443.8998240212
153,9679.786811,0.028334,100.0,0.0,9779.758477,456.0,357467.7102712778,0.0,241427.3156491249,598895.0259204027,357773.1099148511,0.0,242670.78990917,600443.8998240212
154,9679.586619,0.032468000000000004,100.0,0.0,9779.554151,544.0,357467.7102712778,0.0,241427.3156491249,598895.0259204027,357773.1099148511,0.0,242670.78990917,600443.8998240212
155,9679.386427,0.033375,100.0,0.0,9779.353051999999,632.0,357467.7102712778,0.0,241427.3156491249,598895.0259204027,357773.1099148511,0.0,242670.78990917,600443.8998240212
156,9679.186235,0.027771,100.0,0.0,9779.158464,720.0,357467.7102712778,0.0,241427.3156491249,598895.0259204027,357773.1099148511,0.0,242670.78990917,600443.8998240212
157,9678.986042,0.024491,0.0,100.0,9578.961551,620.0,357467.7102712778,0.0,241427.3156491249,598895.0259204027,357773.1099148511,0.0,242670.78990917,600443.8998240212
158,9678.78585,0.018727,0.0,100.0,9578.767123,520.0,357467.7102712778,0.0,241427.3156491249,598895.0259204027,357773.1099148511,0.0,242670.78990917,600443.8998240212
159,9678.585658,0.010085,0.0,100.0,9578.575573,420.0,357467.7102712778,0.0,241427.3156491249,598895.0259204027,357773.1099148511,0.0,242670.78990917,600443.8998240212
160,9678.385466,0.003335,0.0,100.0,9578.382131,320.0,357467.7102712778,0.0,241427.3156491249,598895.0259204027,357773.1099148511,0.0,242670.78990917,600443.8998240212
161,9678.185274,0.0045910000000000005,0.0,100.0,9578.180682999999,220.0,357467.7102712778,0.0,241427.3156491249,598895.0259204027,357773.1099148511,0.0,242670.78990917,600443.8998240212
162,9677.985082,0.000759,0.0,100.0,9577.984322999999,120.0,357467.7102712778,0.0,241427.3156491249,598895.0259204027,357773.1099148511,0.0,242670.78990917,600443.8998240212
163,9677.789012,0.0,0.0,40.0,9637.789012,80.0,357467.7102712778,0.0,241427.3156491249,598895.0259204027,357773.1099148511,0.0,242670.78990917,600443.8998240212
164,9677.789012,0.0,0.0,0.0,9677.789012,80.0,357467.7102712778,0.0,241427.3156491249,598895.0259204027,357773.1099148511,0.0,242670.78990917,600443.8998240212
165,9677.789012,0.0,0.0,0.0,9677.789012,80.0,357467.7102712778,0.0,241427.3156491249,598895.0259204027,357773.1099148511,0.0,242670.78990917,600443.8998240212
166,9677.789012,0.0,0.0,0.0,9677.789012,80.0,357467.7102712778,0.0,241427.3156491249,598895.0259204027,357773.1099148511,0.0,242670.78990917,600443.8998240212
167,9677.789012,0.0,0.0,0.0,9677.789012,80.0,357467.7102712778,0.0,241427.3156491249,598895.0259204027,357773.1099148511,0.0,242670.78990917,600443.8998240212
168,9677.789012,0.0,0.0,0.0,9677.789012,80.0,357467.7102712778,0.0,241427.3156491249,598895.0259204027,357773.1099148511,0.0,242670.78990917,600443.8998240212
169,9677.615198,0.0,0.0,0.0,9677.615198,80.0,357467.7102712778,0.0,241427.3156491249,598895.0259204027,357773.1099148511,0.0,242670.78990917,600443.8998240212
170,9677.415006,0.0,0.0,0.0,9677.415006,80.0,357467.7102712778,0.0,241427.3156491249,598895.0259204027,357773.1099148511,0.0,242670.78990917,600443.8998240212
171,9677.214814,0.0,0.0,0.0,9677.214814,80.0,357467.7102712778,0.0,241427.3156491249,598895.0259204027,357773.1099148511,0.0,242670.78990917,600443.8998240212
172,9677.014622,0.0,0.0,0.0,9677.014622,80.0,357467.7102712778,0.0,241427.3156491249,598895.0259204027,357773.1099148511,0.0,242670.78990917,600443.8998240212
173,9676.81443,0.000444,0.0,0.0,9676.813986000001,80.0,357467.7102712778,0.0,241427.3156491249,598895.0259204027,357773.1099148511,0.0,242670.78990917,600443.8998240212
174,9676.757552,0.001462,0.0,0.0,9676.756089999999,80.0,357467.7102712778,0.0,241427.3156491249,598895.0259204027,357773.1099148511,0.0,242670.78990917,600443.8998240212
175,9676.757552,0.002444,0.0,0.0,9676.755108,80.0,357467.7102712778,0.0,241427.3156491249,598895.0259204027,357773.1099148511,0.0,242670.78990917,600443.8998240212
176,9676.757552,0.0024860000000000004,0.0,0.0,9676.755066,80.0,357467.7102712778,0.0,241427.3156491249,598895.0259204027,357773.1099148511,0.0,242670.78990917,600443.8998240212
177,9676.757552,0.026725000000000002,0.0,0.0,9676.730827,80.0,357467.7102712778,0.0,241427.3156491249,598895.0259204027,357773.1099148511,0.0,242670.78990917,600443.8998240212
178,9676.757552,0.024124,0.0,0.0,9676.733428,80.0,357467.7102712778,0.0,241427.3156491249,598895.0259204027,357773.1099148511,0.0,242670.78990917,600443.8998240212
179,9676.870366,0.004318,0.0,0.0,9676.866048,80.0,357467.7102712778,0.0,241427.3156491249,598895.0259204027,357773.1099148511,0.0,242670.78990917,600443.8998240212
180,9677.070558,0.00774,0.0,0.0,9677.062818,80.0,357467.7102712778,0.0,241427.3156491249,598895.0259204027,357773.1099148511,0.0,242670.78990917,600443.8998240212
181,9677.27075,0.005124,0.0,0.0,9677.265626,80.0,357467.7102712778,0.0,241427.3156491249,598895.0259204027,357773.1099148511,0.0,242670.78990917,600443.8998240212
182,9677.470942,0.002716,0.0,0.0,9677.468225999999,80.0,357467.7102712778,0.0,241427.3156491249,598895.0259204027,357773.1099148511,0.0,242670.78990917,600443.8998240212
183,9677.671134,0.002095,0.0,0.0,9677.669039,80.0,357467.7102712778,0.0,241427.3156491249,598895.0259204027,357773.1099148511,0.0,242670.78990917,600443.8998240212
184,9678.035955,0.001855,0.0,0.0,9678.034099999999,80.0,357467.7102712778,0.0,241427.3156491249,598895.0259204027,357773.1099148511,0.0,242670.78990917,600443.8998240212
185,9678.636531,0.00022,0.0,0.0,9678.636311,80.0,357467.7102712778,0.0,241427.3156491249,598895.0259204027,357773.1099148511,0.0,242670.78990917,600443.8998240212
186,9679.237107,6.2e-05,0.0,0.0,9679.237045000002,80.0,357467.7102712778,0.0,241427.3156491249,598895.0259204027,357773.1099148511,0.0,242670.78990917,600443.8998240212
187,9679.837683,0.0,0.0,0.0,9679.837683,80.0,357467.7102712778,0.0,241427.3156491249,598895.0259204027,357773.1099148511,0.0,242670.78990917,600443.8998240212
188,9680.438259,0.0,0.0,0.0,9680.438259,80.0,357467.7102712778,0.0,241427.3156491249,598895.0259204027,357773.1099148511,0.0,242670.78990917,600443.8998240212
189,9681.038835,0.0,0.0,0.0,9681.038835,80.0,357467.7102712778,0.0,241427.3156491249,598895.0259204027,357773.1099148511,0.0,242670.78990917,600443.8998240212
190,9681.639411,0.0,0.0,0.0,9681.639411,80.0,357467.7102712778,0.0,241427.3156491249,598895.0259204027,357773.1099148511,0.0,242670.78990917,600443.8998240212
191,9682.239988,0.0,0.0,0.0,9682.239988,80.0,357467.7102712778,0.0,241427.3156491249,598895.0259204027,357773.1099148511,0.0,242670.78990917,600443.8998240212
192,9682.840564,0.0,0.0,0.0,9682.840564,80.0,357467.7102712778,0.0,241427.3156491249,598895.0259204027,357773.1099148511,0.0,242670.78990917,600443.8998240212
193,9683.44114,0.0,0.0,0.0,9683.44114,80.0,357467.7102712778,0.0,241427.3156491249,598895.0259204027,357773.1099148511,0.0,242670.78990917,600443.8998240212
194,9684.041716,0.0,0.0,0.0,9684.041716,80.0,357467.7102712778,0.0,241427.3156491249,598895.0259204027,357773.1099148511,0.0,242670.78990917,600443.8998240212
195,9684.642292,0.0,0.0,0.0,9684.642292,80.0,357467.7102712778,0.0,241427.3156491249,598895.0259204027,357773.1099148511,0.0,242670.78990917,600443.8998240212
196,9685.242868,0.0,0.0,0.0,9685.242868,80.0,357467.7102712778,0.0,241427.3156491249,598895.0259204027,357773.1099148511,0.0,242670.78990917,600443.8998240212
197,9685.843444,0.000444,0.0,0.0,9685.843,80.0,357467.7102712778,0.0,241427.3156491249,598895.0259204027,357773.1099148511,0.0,242670.78990917,600443.8998240212
198,9686.44402,0.002827,0.0,0.0,9686.441193,80.0,357467.7102712778,0.0,241427.3156491249,598895.0259204027,357773.1099148511,0.0,242670.78990917,600443.8998240212
199,9687.044597,0.013208000000000001,0.0,0.0,9687.031389,80.0,357467.7102712778,0.0,241427.3156491249,598895.0259204027,357773.1099148511,0.0,242670.78990917,600443.8998240212
200,9687.645173,0.018103,0.0,0.0,9687.62707,80.0,357467.7102712778,0.0,241427.3156491249,598895.0259204027,357773.1099148511,0.0,242670.78990917,600443.8998240212
201,9688.245749,0.025037,0.0,0.0,9688.220712,80.0,357467.7102712778,0.0,241427.3156491249,598895.0259204027,357773.1099148511,0.0,242670.78990917,600443.8998240212
202,9688.846325,0.039471,0.0,0.0,9688.806854,80.0,357467.7102712778,0.0,241427.3156491249,598895.0259204027,357773.1099148511,0.0,242670.78990917,600443.8998240212
203,9689.446901,0.029712,0.0,0.0,9689.417189,80.0,357467.7102712778,0.0,241427.3156491249,598895.0259204027,357773.1099148511,0.0,242670.78990917,600443.8998240212
204,9690.047477,0.039092,0.0,0.0,9690.008385,80.0,357467.7102712778,0.0,241427.3156491249,598895.0259204027,357773.1099148511,0.0,242670.78990917,600443.8998240212
205,9690.80856,0.037007,0.0,0.0,9690.771552999999,80.0,357467.7102712778,0.0,241427.3156491249,598895.0259204027,357773.1099148511,0.0,242670.78990917,600443.8998240212
206,9691.609328,0.03193,0.0,0.0,9691.577398000001,80.0,357467.7102712778,0.0,241427.3156491249,598895.0259204027,357773.1099148511,0.0,242670.78990917,600443.8998240212
207,9692.410097,0.024289,0.0,0.0,9692.385807999999,80.0,357467.7102712778,0.0,241427.3156491249,598895.0259204027,357773.1099148511,0.0,242670.78990917,600443.8998240212
208,9693.210865,0.014546,0.0,0.0,9693.196318999999,80.0,357467.7102712778,0.0,241427.3156491249,598895.0259204027,357773.1099148511,0.0,242670.78990917,600443.8998240212
209,9694.011633,0.004412,0.0,0.0,9694.007221,80.0,357467.7102712778,0.0,241427.3156491249,598895.0259204027,357773.1099148511,0.0,242670.78990917,600443.8998240212
210,9694.812401,0.0008110000000000001,0.0,0.0,9694.81159,80.0,357467.7102712778,0.0,241427.3156491249,598895.0259204027,357773.1099148511,0.0,242670.78990917,600443.8998240212
211,9695.613169,0.0,0.0,0.0,9695.613169,80.0,357467.7102712778,0.0,241427.3156491249,598895.0259204027,357773.1099148511,0.0,242670.78990917,600443.8998240212
212,9696.413938,0.0,0.0,0.0,9696.413938,80.0,357467.7102712778,0.0,241427.3156491249,598895.0259204027,357773.1099148511,0.0,242670.78990917,600443.8998240212
213,9697.214706,0.0,0.0,0.0,9697.214706,80.0,357467.7102712778,0.0,241427.3156491249,598895.0259204027,357773.1099148511,0.0,242670.78990917,600443.8998240212
214,9698.015474,0.0,0.0,0.0,9698.015474,80.0,357467.7102712778,0.0,241427.3156491249,598895.0259204027,357773.1099148511,0.0,242670.78990917,600443.8998240212
215,9698.915749,0.0,0.0,0.0,9698.915749,80.0,357467.7102712778,0.0,241427.3156491249,598895.0259204027,357773.1099148511,0.0,242670.78990917,600443.8998240212
216,9699.91671,0.0,0.0,0.0,9699.91671,80.0,357467.7102712778,0.0,241427.3156491249,598895.0259204027,357773.1099148511,0.0,242670.78990917,600443.8998240212
217,9700.91767,0.0,0.0,0.0,9700.91767,80.0,357467.7102712778,0.0,241427.3156491249,598895.0259204027,357773.1099148511,0.0,242670.78990917,600443.8998240212
218,9701.91863,0.0,0.0,0.0,9701.91863,80.0,357467.7102712778,0.0,241427.3156491249,598895.0259204027,357773.1099148511,0.0,242670.78990917,600443.8998240212
219,9702.91959,0.0,0.0,0.0,9702.91959,80.0,357467.7102712778,0.0,241427.3156491249,598895.0259204027,357773.1099148511,0.0,242670.78990917,600443.8998240212
220,9703.92055,0.0,0.0,0.0,9703.92055,80.0,357467.7102712778,0.0,241427.3156491249,598895.0259204027,357773.1099148511,0.0,242670.78990917,600443.8998240212
221,9704.921511,0.000508,27.2727272727273,0.0,9732.19373027273,104.0,357467.7102712778,0.0,241427.3156491249,598895.0259204027,357773.1099148511,0.0,242670.78990917,600443.8998240212
222,9705.922471,0.002763,100.0,0.0,9805.919708,192.0,357467.7102712778,0.0,241427.3156491249,598895.0259204027,357773.1099148511,0.0,242670.78990917,600443.8998240212
223,9706.923431,0.012706,100.0,0.0,9806.910725,280.0,357467.7102712778,0.0,241427.3156491249,598895.0259204027,357773.1099148511,0.0,242670.78990917,600443.8998240212
224,9707.924391,0.022661999999999998,100.0,0.0,9807.901729000001,368.0,357467.7102712778,0.0,241427.3156491249,598895.0259204027,357773.1099148511,0.0,242670.78990917,600443.8998240212
225,9708.925352,0.030439,100.0,0.0,9808.894913,456.0,357467.7102712778,0.0,241427.3156491249,598895.0259204027,357773.1099148511,0.0,242670.78990917,600443.8998240212
226,9709.926312,0.03561,100.0,0.0,9809.890701999999,544.0,357467.7102712778,0.0,241427.3156491249,598895.0259204027,357773.1099148511,0.0,242670.78990917,600443.8998240212
227,9710.927272,0.037676,100.0,0.0,9810.889596,632.0,357467.7102712778,0.0,241427.3156491249,598895.0259204027,357773.1099148511,0.0,242670.78990917,600443.8998240212
228,9711.928232,0.038188,100.0,0.0,9811.890044,720.0,357467.7102712778,0.0,241427.3156491249,598895.0259204027,357773.1099148511,0.0,242670.78990917,600443.8998240212
229,9712.929192,0.035335,0.0,100.0,9612.893857,620.0,357467.7102712778,0.0,241427.3156491249,598895.0259204027,357773.1099148511,0.0,242670.78990917,600443.8998240212
230,9714.018237,0.030873,0.0,100.0,9613.987364,520.0,357467.7102712778,0.0,241427.3156491249,598895.0259204027,357773.1099148511,0.0,242670.78990917,600443.8998240212
231,9717.22131,0.023802,0.0,100.0,9617.197508000001,420.0,357467.7102712778,0.0,241427.3156491249,598895.0259204027,357773.1099148511,0.0,242670.78990917,600443.8998240212
232,9720.424383,0.014329000000000001,0.0,100.0,9620.410054,320.0,357467.7102712778,0.0,241427.3156491249,598895.0259204027,357773.1099148511,0.0,242670.78990917,600443.8998240212
233,9723.627455,0.004406,0.0,100.0,9623.623049,220.0,357467.7102712778,0.0,241427.3156491249,598895.0259204027,357773.1099148511,0.0,242670.78990917,600443.8998240212
234,9726.830528,0.000844,0.0,100.0,9626.829684,120.0,357467.7102712778,0.0,241427.3156491249,598895.0259204027,357773.1099148511,0.0,242670.78990917,600443.8998240212
235,9730.033601,0.0,0.0,40.0,9690.033601,80.0,357467.7102712778,0.0,241427.3156491249,598895.0259204027,357773.1099148511,0.0,242670.78990917,600443.8998240212
236,9733.947473,0.0,0.0,0.0,9733.947473,80.0,357467.7102712778,0.0,241427.3156491249,598895.0259204027,357773.1099148511,0.0,242670.78990917,600443.8998240212
237,9737.951314,0.0,0.0,0.0,9737.951314,80.0,357467.7102712778,0.0,241427.3156491249,598895.0259204027,357773.1099148511,0.0,242670.78990917,600443.8998240212
238,9741.955155,0.0,0.0,0.0,9741.955155,80.0,357467.7102712778,0.0,241427.3156491249,598895.0259204027,357773.1099148511,0.0,242670.78990917,600443.8998240212
239,9745.958996,0.0,0.0,0.0,9745.958996,80.0,357467.7102712778,0.0,241427.3156491249,598895.0259204027,357773.1099148511,0.0,242670.78990917,600443.8998240212
240,9749.962836,0.0,0.0,0.0,9749.962836,80.0,357467.7102712778,0.0,241427.3156491249,598895.0259204027,357773.1099148511,0.0,242670.78990917,600443.8998240212
241,9753.672277,0.0,0.0,0.0,9753.672277,80.0,357467.7102712778,0.0,241427.3156491249,598895.0259204027,357773.1099148511,0.0,242670.78990917,600443.8998240212
242,9757.275734,0.0,0.0,0.0,9757.275734,80.0,357467.7102712778,0.0,241427.3156491249,598895.0259204027,357773.1099148511,0.0,242670.78990917,600443.8998240212
243,9760.879191,0.0,0.0,0.0,9760.879191,80.0,357467.7102712778,0.0,241427.3156491249,598895.0259204027,357773.1099148511,0.0,242670.78990917,600443.8998240212
244,9764.482648,0.0,0.0,0.0,9764.482648,80.0,357467.7102712778,0.0,241427.3156491249,598895.0259204027,357773.1099148511,0.0,242670.78990917,600443.8998240212
245,9768.086104,0.000615,27.2727272727273,0.0,9795.358216272727,104.0,357467.7102712778,0.0,241427.3156491249,598895.0259204027,357773.1099148511,0.0,242670.78990917,600443.8998240212
246,9771.689561,0.003077,100.0,0.0,9871.686484,192.0,357467.7102712778,0.0,241427.3156491249,598895.0259204027,357773.1099148511,0.0,242670.78990917,600443.8998240212
247,9775.293018,0.012468,100.0,0.0,9875.28055,280.0,357467.7102712778,0.0,241427.3156491249,598895.0259204027,357773.1099148511,0.0,242670.78990917,600443.8998240212
248,9778.896475,0.022151,100.0,0.0,9878.874324,368.0,357467.7102712778,0.0,241427.3156491249,598895.0259204027,357773.1099148511,0.0,242670.78990917,600443.8998240212
249,9782.499932,0.029265000000000003,100.0,0.0,9882.470667000001,456.0,357467.7102712778,0.0,241427.3156491249,598895.0259204027,357773.1099148511,0.0,242670.78990917,600443.8998240212
250,9786.103388,0.033354999999999996,100.0,0.0,9886.070033,544.0,357467.7102712778,0.0,241427.3156491249,598895.0259204027,357773.1099148511,0.0,242670.78990917,600443.8998240212
251,9789.706845,0.036577,100.0,0.0,9889.670268,632.0,357467.7102712778,0.0,241427.3156491249,598895.0259204027,357773.1099148511,0.0,242670.78990917,600443.8998240212
252,9793.310302,0.036948999999999996,100.0,0.0,9893.273353,720.0,357467.7102712778,0.0,241427.3156491249,598895.0259204027,357773.1099148511,0.0,242670.78990917,600443.8998240212
253,9796.913759,0.033517000000000005,0.0,100.0,9696.880242,620.0,357467.7102712778,0.0,241427.3156491249,598895.0259204027,357773.1099148511,0.0,242670.78990917,600443.8998240212
254,9800.517216,0.029141,0.0,100.0,9700.488075,520.0,357467.7102712778,0.0,241427.3156491249,598895.0259204027,357773.1099148511,0.0,242670.78990917,600443.8998240212
255,9804.120672,0.02278,0.0,100.0,9704.097892,420.0,357467.7102712778,0.0,241427.3156491249,598895.0259204027,357773.1099148511,0.0,242670.78990917,600443.8998240212
256,9807.77983,0.013771,0.0,100.0,9707.766059,320.0,357467.7102712778,0.0,241427.3156491249,598895.0259204027,357773.1099148511,0.0,242670.78990917,600443.8998240212
257,9811.583479,0.004269,0.0,100.0,9711.579210000002,220.0,357467.7102712778,0.0,241427.3156491249,598895.0259204027,357773.1099148511,0.0,242670.78990917,600443.8998240212
258,9815.387127,0.0007880000000000001,0.0,100.0,9715.386339,120.0,357467.7102712778,0.0,241427.3156491249,598895.0259204027,357773.1099148511,0.0,242670.78990917,600443.8998240212
259,9819.190776,0.0,0.0,40.0,9779.190776,80.0,357467.7102712778,0.0,241427.3156491249,598895.0259204027,357773.1099148511,0.0,242670.78990917,600443.8998240212
260,9822.994425,0.0,0.0,0.0,9822.994425,80.0,357467.7102712778,0.0,241427.3156491249,598895.0259204027,357773.1099148511,0.0,242670.78990917,600443.8998240212
261,9826.747673,0.0,0.0,0.0,9826.747673,80.0,357467.7102712778,0.0,241427.3156491249,598895.0259204027,357773.1099148511,0.0,242670.78990917,600443.8998240212
262,9830.150937,0.0,0.0,0.0,9830.150937,80.0,357467.7102712778,0.0,241427.3156491249,598895.0259204027,357773.1099148511,0.0,242670.78990917,600443.8998240212
263,9833.554202,0.0,0.0,0.0,9833.554202,80.0,357467.7102712778,0.0,241427.3156491249,598895.0259204027,357773.1099148511,0.0,242670.78990917,600443.8998240212
264,9836.957467,0.0,0.0,0.0,9836.957467,80.0,357467.7102712778,0.0,241427.3156491249,598895.0259204027,357773.1099148511,0.0,242670.78990917,600443.8998240212
265,9840.360732,0.0,0.0,0.0,9840.360732,80.0,357467.7102712778,0.0,241427.3156491249,598895.0259204027,357773.1099148511,0.0,242670.78990917,600443.8998240212
266,9843.763996,0.0,0.0,0.0,9843.763996,80.0,357467.7102712778,0.0,241427.3156491249,598895.0259204027,357773.1099148511,0.0,242670.78990917,600443.8998240212
267,9846.972368,0.0,0.0,0.0,9846.972368,80.0,357467.7102712778,0.0,241427.3156491249,598895.0259204027,357773.1099148511,0.0,242670.78990917,600443.8998240212
268,9850.175441,0.0,0.0,0.0,9850.175441,80.0,357467.7102712778,0.0,241427.3156491249,598895.0259204027,357773.1099148511,0.0,242670.78990917,600443.8998240212
269,9853.378514,0.000804,27.2727272727273,0.0,9880.650437272729,104.0,357467.7102712778,0.0,241427.3156491249,598895.0259204027,357773.1099148511,0.0,242670.78990917,600443.8998240212
270,9856.581587,0.00309,100.0,0.0,9956.578497,192.0,357467.7102712778,0.0,241427.3156491249,598895.0259204027,357773.1099148511,0.0,242670.78990917,600443.8998240212
271,9859.784659,0.011807,100.0,0.0,9959.772852,280.0,357467.7102712778,0.0,241427.3156491249,598895.0259204027,357773.1099148511,0.0,242670.78990917,600443.8998240212
272,9862.987732,0.020954,100.0,0.0,9962.966778,368.0,357467.7102712778,0.0,241427.3156491249,598895.0259204027,357773.1099148511,0.0,242670.78990917,600443.8998240212
273,9866.190805,0.027736,100.0,0.0,9966.163069,456.0,357467.7102712778,0.0,241427.3156491249,598895.0259204027,357773.1099148511,0.0,242670.78990917,600443.8998240212
274,9869.393877,0.032689,100.0,0.0,9969.361188,544.0,357467.7102712778,0.0,241427.3156491249,598895.0259204027,357773.1099148511,0.0,242670.78990917,600443.8998240212
275,9872.59695,0.034735999999999996,100.0,0.0,9972.562214,632.0,357467.7102712778,0.0,241427.3156491249,598895.0259204027,357773.1099148511,0.0,242670.78990917,600443.8998240212
276,9875.800023,0.034661000000000004,100.0,0.0,9975.765362,720.0,357467.7102712778,0.0,241427.3156491249,598895.0259204027,357773.1099148511,0.0,242670.78990917,600443.8998240212
277,9878.869202,0.032723999999999996,0.0,100.0,9778.836478,620.0,357467.7102712778,0.0,241427.3156491249,598895.0259204027,357773.1099148511,0.0,242670.78990917,600443.8998240212
278,9881.872083,0.028604,0.0,100.0,9781.843479000001,520.0,357467.7102712778,0.0,241427.3156491249,598895.0259204027,357773.1099148511,0.0,242670.78990917,600443.8998240212
279,9884.874964,0.022477,0.0,100.0,9784.852487,420.0,357467.7102712778,0.0,241427.3156491249,598895.0259204027,357773.1099148511,0.0,242670.78990917,600443.8998240212
280,9887.877844,0.013503000000000001,0.0,100.0,9787.864341,320.0,357467.7102712778,0.0,241427.3156491249,598895.0259204027,357773.1099148511,0.0,242670.78990917,600443.8998240212
281,9890.880725,0.004187000000000001,0.0,100.0,9790.876538,220.0,357467.7102712778,0.0,241427.3156491249,598895.0259204027,357773.1099148511,0.0,242670.78990917,600443.8998240212
282,9893.676819,0.0008010000000000001,0.0,100.0,9793.676018,120.0,357467.7102712778,0.0,241427.3156491249,598895.0259204027,357773.1099148511,0.0,242670.78990917,600443.8998240212
283,9896.279316,0.0,0.0,40.0,9856.279316,80.0,357467.7102712778,0.0,241427.3156491249,598895.0259204027,357773.1099148511,0.0,242670.78990917,600443.8998240212
284,9898.881812,0.0,0.0,0.0,9898.881812,80.0,357467.7102712778,0.0,241427.3156491249,598895.0259204027,357773.1099148511,0.0,242670.78990917,600443.8998240212
285,9901.484309,0.0,0.0,0.0,9901.484309,80.0,357467.7102712778,0.0,241427.3156491249,598895.0259204027,357773.1099148511,0.0,242670.78990917,600443.8998240212
286,9904.086805,0.0,0.0,0.0,9904.086805,80.0,357467.7102712778,0.0,241427.3156491249,598895.0259204027,357773.1099148511,0.0,242670.78990917,600443.8998240212
287,9906.835089,0.0,0.0,0.0,9906.835089,80.0,357467.7102712778,0.0,241427.3156491249,598895.0259204027,357773.1099148511,0.0,242670.78990917,600443.8998240212
288,9909.83797,0.0,0.0,0.0,9909.83797,80.0,357467.7102712778,0.0,241427.3156491249,598895.0259204027,357773.1099148511,0.0,242670.78990917,600443.8998240212
289,9912.84085,0.0,0.0,0.0,9912.84085,80.0,357467.7102712778,0.0,241427.3156491249,598895.0259204027,357773.1099148511,0.0,242670.78990917,600443.8998240212
290,9915.843731,0.0,0.0,0.0,9915.843731,80.0,357467.7102712778,0.0,241427.3156491249,598895.0259204027,357773.1099148511,0.0,242670.78990917,600443.8998240212
291,9918.846612,0.0,0.0,0.0,9918.846612,80.0,357467.7102712778,0.0,241427.3156491249,598895.0259204027,357773.1099148511,0.0,242670.78990917,600443.8998240212
292,9922.315822,0.0,0.0,0.0,9922.315822,80.0,357467.7102712778,0.0,241427.3156491249,598895.0259204027,357773.1099148511,0.0,242670.78990917,600443.8998240212
293,9927.520815,0.000957,27.2727272727273,0.0,9954.792585272728,104.0,357467.7102712778,0.0,241427.3156491249,598895.0259204027,357773.1099148511,0.0,242670.78990917,600443.8998240212
294,9932.725808,0.003053,100.0,0.0,10032.722754999999,192.0,357467.7102712778,0.0,241427.3156491249,598895.0259204027,357773.1099148511,0.0,242670.78990917,600443.8998240212
295,9937.930801,0.011795,100.0,0.0,10037.919006,280.0,357467.7102712778,0.0,241427.3156491249,598895.0259204027,357773.1099148511,0.0,242670.78990917,600443.8998240212
296,9943.135795,0.020998000000000003,100.0,0.0,10043.114797,368.0,357467.7102712778,0.0,241427.3156491249,598895.0259204027,357773.1099148511,0.0,242670.78990917,600443.8998240212
297,9948.328894,0.028202,100.0,0.0,10048.300692,456.0,357467.7102712778,0.0,241427.3156491249,598895.0259204027,357773.1099148511,0.0,242670.78990917,600443.8998240212
298,9953.333695,0.032249,100.0,0.0,10053.301446,544.0,357467.7102712778,0.0,241427.3156491249,598895.0259204027,357773.1099148511,0.0,242670.78990917,600443.8998240212
299,9958.338496,0.034495,100.0,0.0,10058.304001,632.0,357467.7102712778,0.0,241427.3156491249,598895.0259204027,357773.1099148511,0.0,242670.78990917,600443.8998240212
300,9963.343297,0.034463,100.0,0.0,10063.308834,720.0,357467.7102712778,0.0,241427.3156491249,598895.0259204027,357773.1099148511,0.0,242670.78990917,600443.8998240212
301,9968.348098,0.033455,0.0,100.0,9868.314643,620.0,357467.7102712778,0.0,241427.3156491249,598895.0259204027,357773.1099148511,0.0,242670.78990917,600443.8998240212
302,9973.352899,0.029347,0.0,100.0,9873.323552,520.0,357467.7102712778,0.0,241427.3156491249,598895.0259204027,357773.1099148511,0.0,242670.78990917,600443.8998240212
303,9977.449771,0.022609,0.0,100.0,9877.427162,420.0,357467.7102712778,0.0,241427.3156491249,598895.0259204027,357773.1099148511,0.0,242670.78990917,600443.8998240212
304,9981.453612,0.013722,0.0,100.0,9881.43989,320.0,357467.7102712778,0.0,241427.3156491249,598895.0259204027,357773.1099148511,0.0,242670.78990917,600443.8998240212
305,9985.457453,0.004266,0.0,100.0,9885.453187000001,220.0,357467.7102712778,0.0,241427.3156491249,598895.0259204027,357773.1099148511,0.0,242670.78990917,600443.8998240212
306,9989.461293,0.0007940000000000001,0.0,100.0,9889.460499,120.0,357467.7102712778,0.0,241427.3156491249,598895.0259204027,357773.1099148511,0.0,242670.78990917,600443.8998240212
307,9993.465134,0.0,0.0,40.0,9953.465134,80.0,357467.7102712778,0.0,241427.3156491249,598895.0259204027,357773.1099148511,0.0,242670.78990917,600443.8998240212
308,9997.015717,0.0,0.0,0.0,9997.015717,80.0,357467.7102712778,0.0,241427.3156491249,598895.0259204027,357773.1099148511,0.0,242670.78990917,600443.8998240212
309,10000.41898,0.0,0.0,0.0,10000.41898,80.0,357467.7102712778,0.0,241427.3156491249,598895.0259204027,357773.1099148511,0.0,242670.78990917,600443.8998240212
310,10003.82225,0.0,0.0,0.0,10003.82225,80.0,357467.7102712778,0.0,241427.3156491249,598895.0259204027,357773.1099148511,0.0,242670.78990917,600443.8998240212
311,10007.22551,0.0,0.0,0.0,10007.22551,80.0,357467.7102712778,0.0,241427.3156491249,598895.0259204027,357773.1099148511,0.0,242670.78990917,600443.8998240212
312,10010.62878,0.0,0.0,0.0,10010.62878,80.0,357467.7102712778,0.0,241427.3156491249,598895.0259204027,357773.1099148511,0.0,242670.78990917,600443.8998240212
313,10014.3938,0.0,0.0,0.0,10014.3938,80.0,357467.7102712778,0.0,241427.3156491249,598895.0259204027,357773.1099148511,0.0,242670.78990917,600443.8998240212
314,10018.39764,0.0,0.0,0.0,10018.39764,80.0,357467.7102712778,0.0,241427.3156491249,598895.0259204027,357773.1099148511,0.0,242670.78990917,600443.8998240212
315,10022.40148,0.0,0.0,0.0,10022.40148,80.0,357467.7102712778,0.0,241427.3156491249,598895.0259204027,357773.1099148511,0.0,242670.78990917,600443.8998240212
316,10026.40532,0.0,0.0,0.0,10026.40532,80.0,357467.7102712778,0.0,241427.3156491249,598895.0259204027,357773.1099148511,0.0,242670.78990917,600443.8998240212
317,10030.40916,0.0010040000000000001,27.2727272727273,0.0,10057.680883272727,104.0,357467.7102712778,0.0,241427.3156491249,598895.0259204027,357773.1099148511,0.0,242670.78990917,600443.8998240212
318,10034.14274,0.003203,100.0,0.0,10134.139537,192.0,357467.7102712778,0.0,241427.3156491249,598895.0259204027,357773.1099148511,0.0,242670.78990917,600443.8998240212
319,10037.54601,0.013119,100.0,0.0,10137.532891,280.0,357467.7102712778,0.0,241427.3156491249,598895.0259204027,357773.1099148511,0.0,242670.78990917,600443.8998240212
320,10040.94927,0.021036000000000003,100.0,0.0,10140.928233999999,368.0,357467.7102712778,0.0,241427.3156491249,598895.0259204027,357773.1099148511,0.0,242670.78990917,600443.8998240212
321,10044.35254,0.026664000000000004,100.0,0.0,10144.325875999999,456.0,357467.7102712778,0.0,241427.3156491249,598895.0259204027,357773.1099148511,0.0,242670.78990917,600443.8998240212
322,10047.7558,0.031752,100.0,0.0,10147.724048,544.0,357467.7102712778,0.0,241427.3156491249,598895.0259204027,357773.1099148511,0.0,242670.78990917,600443.8998240212
323,10051.15907,0.035177,100.0,0.0,10151.123893,632.0,357467.7102712778,0.0,241427.3156491249,598895.0259204027,357773.1099148511,0.0,242670.78990917,600443.8998240212
324,10054.56233,0.033826999999999996,100.0,0.0,10154.528503000001,720.0,357467.7102712778,0.0,241427.3156491249,598895.0259204027,357773.1099148511,0.0,242670.78990917,600443.8998240212
325,10057.9656,0.033178,0.0,100.0,9957.932422,620.0,357467.7102712778,0.0,241427.3156491249,598895.0259204027,357773.1099148511,0.0,242670.78990917,600443.8998240212
326,10061.36886,0.021916,0.0,100.0,9961.346944,520.0,357467.7102712778,0.0,241427.3156491249,598895.0259204027,357773.1099148511,0.0,242670.78990917,600443.8998240212
327,10064.77213,0.016437999999999998,0.0,100.0,9964.755691999999,420.0,357467.7102712778,0.0,241427.3156491249,598895.0259204027,357773.1099148511,0.0,242670.78990917,600443.8998240212
328,10068.11722,0.004509000000000001,0.0,100.0,9968.112711,320.0,357467.7102712778,0.0,241427.3156491249,598895.0259204027,357773.1099148511,0.0,242670.78990917,600443.8998240212
329,10071.1201,0.002935,0.0,100.0,9971.117165,220.0,357467.7102712778,0.0,241427.3156491249,598895.0259204027,357773.1099148511,0.0,242670.78990917,600443.8998240212
330,10074.12298,0.0018759999999999998,0.0,100.0,9974.121104,120.0,357467.7102712778,0.0,241427.3156491249,598895.0259204027,357773.1099148511,0.0,242670.78990917,600443.8998240212
331,10077.12586,0.0,0.0,40.0,10037.12586,80.0,357467.7102712778,0.0,241427.3156491249,598895.0259204027,357773.1099148511,0.0,242670.78990917,600443.8998240212
332,10080.12874,0.0,0.0,0.0,10080.12874,80.0,357467.7102712778,0.0,241427.3156491249,598895.0259204027,357773.1099148511,0.0,242670.78990917,600443.8998240212
333,10083.13162,0.0,0.0,0.0,10083.13162,80.0,357467.7102712778,0.0,241427.3156491249,598895.0259204027,357773.1099148511,0.0,242670.78990917,600443.8998240212
334,10086.73084,0.0,0.0,0.0,10086.73084,80.0,357467.7102712778,0.0,241427.3156491249,598895.0259204027,357773.1099148511,0.0,242670.78990917,600443.8998240212
335,10090.3343,0.0,0.0,0.0,10090.3343,80.0,357467.7102712778,0.0,241427.3156491249,598895.0259204027,357773.1099148511,0.0,242670.78990917,600443.8998240212
336,10093.93775,0.0,0.0,0.0,10093.93775,80.0,357467.7102712778,0.0,241427.3156491249,598895.0259204027,357773.1099148511,0.0,242670.78990917,600443.8998240212
337,10097.54121,0.0,0.0,0.0,10097.54121,80.0,357467.7102712778,0.0,241427.3156491249,598895.0259204027,357773.1099148511,0.0,242670.78990917,600443.8998240212
338,10101.14467,0.0,0.0,0.0,10101.14467,80.0,357467.7102712778,0.0,241427.3156491249,598895.0259204027,357773.1099148511,0.0,242670.78990917,600443.8998240212
339,10103.90673,0.0,0.0,0.0,10103.90673,80.0,357467.7102712778,0.0,241427.3156491249,598895.0259204027,357773.1099148511,0.0,242670.78990917,600443.8998240212
340,10106.50922,0.0,0.0,0.0,10106.50922,80.0,357467.7102712778,0.0,241427.3156491249,598895.0259204027,357773.1099148511,0.0,242670.78990917,600443.8998240212
341,10109.11172,0.001069,0.0,0.0,10109.110651,80.0,357467.7102712778,0.0,241427.3156491249,598895.0259204027,357773.1099148511,0.0,242670.78990917,600443.8998240212
342,10111.71422,0.002846,0.0,0.0,10111.711374,80.0,357467.7102712778,0.0,241427.3156491249,598895.0259204027,357773.1099148511,0.0,242670.78990917,600443.8998240212
343,10114.31671,0.012043,0.0,0.0,10114.304666999999,80.0,357467.7102712778,0.0,241427.3156491249,598895.0259204027,357773.1099148511,0.0,242670.78990917,600443.8998240212
344,10116.64365,0.020606000000000003,0.0,0.0,10116.623044,80.0,357467.7102712778,0.0,241427.3156491249,598895.0259204027,357773.1099148511,0.0,242670.78990917,600443.8998240212
345,10118.84577,0.027292000000000004,0.0,0.0,10118.818478,80.0,357467.7102712778,0.0,241427.3156491249,598895.0259204027,357773.1099148511,0.0,242670.78990917,600443.8998240212
346,10121.04788,0.030631000000000002,0.0,0.0,10121.017249,80.0,357467.7102712778,0.0,241427.3156491249,598895.0259204027,357773.1099148511,0.0,242670.78990917,600443.8998240212
347,10123.24999,0.033274000000000005,0.0,0.0,10123.216716,80.0,357467.7102712778,0.0,241427.3156491249,598895.0259204027,357773.1099148511,0.0,242670.78990917,600443.8998240212
348,10125.4521,0.021091000000000002,0.0,0.0,10125.431009,80.0,357467.7102712778,0.0,241427.3156491249,598895.0259204027,357773.1099148511,0.0,242670.78990917,600443.8998240212
349,10127.86877,0.029863,0.0,0.0,10127.838907,80.0,357467.7102712778,0.0,241427.3156491249,598895.0259204027,357773.1099148511,0.0,242670.78990917,600443.8998240212
350,10130.47127,0.01158,0.0,0.0,10130.45969,80.0,357467.7102712778,0.0,241427.3156491249,598895.0259204027,357773.1099148511,0.0,242670.78990917,600443.8998240212
351,10133.07377,0.010648,0.0,0.0,10133.063122000001,80.0,357467.7102712778,0.0,241427.3156491249,598895.0259204027,357773.1099148511,0.0,242670.78990917,600443.8998240212
352,10135.67626,0.009397,0.0,0.0,10135.666863,80.0,357467.7102712778,0.0,241427.3156491249,598895.0259204027,357773.1099148511,0.0,242670.78990917,600443.8998240212
353,10138.27876,0.004275,0.0,0.0,10138.274485,80.0,357467.7102712778,0.0,241427.3156491249,598895.0259204027,357773.1099148511,0.0,242670.78990917,600443.8998240212
354,10140.88126,0.000942,0.0,0.0,10140.880318,80.0,357467.7102712778,0.0,241427.3156491249,598895.0259204027,357773.1099148511,0.0,242670.78990917,600443.8998240212
355,10143.48375,0.0,0.0,0.0,10143.48375,80.0,357467.7102712778,0.0,241427.3156491249,598895.0259204027,357773.1099148511,0.0,242670.78990917,600443.8998240212
356,10146.08625,0.0,0.0,0.0,10146.08625,80.0,357467.7102712778,0.0,241427.3156491249,598895.0259204027,357773.1099148511,0.0,242670.78990917,600443.8998240212
357,10148.68875,0.0,0.0,0.0,10148.68875,80.0,357467.7102712778,0.0,241427.3156491249,598895.0259204027,357773.1099148511,0.0,242670.78990917,600443.8998240212
358,10151.29124,0.0,0.0,0.0,10151.29124,80.0,357467.7102712778,0.0,241427.3156491249,598895.0259204027,357773.1099148511,0.0,242670.78990917,600443.8998240212
359,10153.7549,0.0,0.0,0.0,10153.7549,80.0,357467.7102712778,0.0,241427.3156491249,598895.0259204027,357773.1099148511,0.0,242670.78990917,600443.8998240212
360,10155.75682,0.0,0.0,0.0,10155.75682,80.0,357467.7102712778,0.0,241427.3156491249,598895.0259204027,357773.1099148511,0.0,242670.78990917,600443.8998240212
361,10157.75874,0.0,0.0,0.0,10157.75874,80.0,357467.7102712778,0.0,241427.3156491249,598895.0259204027,357773.1099148511,0.0,242670.78990917,600443.8998240212
362,10159.76066,0.0,0.0,0.0,10159.76066,80.0,357467.7102712778,0.0,241427.3156491249,598895.0259204027,357773.1099148511,0.0,242670.78990917,600443.8998240212
363,10161.76258,0.0,0.0,0.0,10161.76258,80.0,357467.7102712778,0.0,241427.3156491249,598895.0259204027,357773.1099148511,0.0,242670.78990917,600443.8998240212
364,10163.73294,0.0,0.0,0.0,10163.73294,80.0,357467.7102712778,0.0,241427.3156491249,598895.0259204027,357773.1099148511,0.0,242670.78990917,600443.8998240212
365,10165.33448,0.001555,0.0,0.0,10165.332924999999,80.0,357467.7102712778,0.0,241427.3156491249,598895.0259204027,357773.1099148511,0.0,242670.78990917,600443.8998240212
366,10166.93602,0.004024,0.0,0.0,10166.931996,80.0,357467.7102712778,0.0,241427.3156491249,598895.0259204027,357773.1099148511,0.0,242670.78990917,600443.8998240212
367,10168.53755,0.012405,0.0,0.0,10168.525145,80.0,357467.7102712778,0.0,241427.3156491249,598895.0259204027,357773.1099148511,0.0,242670.78990917,600443.8998240212
368,10170.13909,0.018154,0.0,0.0,10170.120936000001,80.0,357467.7102712778,0.0,241427.3156491249,598895.0259204027,357773.1099148511,0.0,242670.78990917,600443.8998240212
369,10171.74062,0.02729,0.0,0.0,10171.71333,80.0,357467.7102712778,0.0,241427.3156491249,598895.0259204027,357773.1099148511,0.0,242670.78990917,600443.8998240212
370,10173.15669,0.032076,0.0,0.0,10173.124614,80.0,357467.7102712778,0.0,241427.3156491249,598895.0259204027,357773.1099148511,0.0,242670.78990917,600443.8998240212
371,10174.55803,0.033663,0.0,0.0,10174.524367,80.0,357467.7102712778,0.0,241427.3156491249,598895.0259204027,357773.1099148511,0.0,242670.78990917,600443.8998240212
372,10175.95938,0.025765,0.0,0.0,10175.933615,80.0,357467.7102712778,0.0,241427.3156491249,598895.0259204027,357773.1099148511,0.0,242670.78990917,600443.8998240212
373,10177.36072,0.022952000000000004,0.0,0.0,10177.337768000001,80.0,357467.7102712778,0.0,241427.3156491249,598895.0259204027,357773.1099148511,0.0,242670.78990917,600443.8998240212
374,10178.76207,0.020716000000000002,0.0,0.0,10178.741354,80.0,357467.7102712778,0.0,241427.3156491249,598895.0259204027,357773.1099148511,0.0,242670.78990917,600443.8998240212
375,10179.85347,0.018701000000000002,0.0,0.0,10179.834769,80.0,357467.7102712778,0.0,241427.3156491249,598895.0259204027,357773.1099148511,0.0,242670.78990917,600443.8998240212
376,10180.85443,0.01349,0.0,0.0,10180.84094,80.0,357467.7102712778,0.0,241427.3156491249,598895.0259204027,357773.1099148511,0.0,242670.78990917,600443.8998240212
377,10181.85539,0.004606,0.0,0.0,10181.850784,80.0,357467.7102712778,0.0,241427.3156491249,598895.0259204027,357773.1099148511,0.0,242670.78990917,600443.8998240212
378,10182.85635,0.000875,0.0,0.0,10182.855475,80.0,357467.7102712778,0.0,241427.3156491249,598895.0259204027,357773.1099148511,0.0,242670.78990917,600443.8998240212
379,10183.85731,0.0,0.0,0.0,10183.85731,80.0,357467.7102712778,0.0,241427.3156491249,598895.0259204027,357773.1099148511,0.0,242670.78990917,600443.8998240212
380,10184.7338,0.0,0.0,0.0,10184.7338,80.0,357467.7102712778,0.0,241427.3156491249,598895.0259204027,357773.1099148511,0.0,242670.78990917,600443.8998240212
381,10185.53456,0.0,0.0,0.0,10185.53456,80.0,357467.7102712778,0.0,241427.3156491249,598895.0259204027,357773.1099148511,0.0,242670.78990917,600443.8998240212
382,10186.33533,0.0,0.0,0.0,10186.33533,80.0,357467.7102712778,0.0,241427.3156491249,598895.0259204027,357773.1099148511,0.0,242670.78990917,600443.8998240212
383,10187.1361,0.0,0.0,0.0,10187.1361,80.0,357467.7102712778,0.0,241427.3156491249,598895.0259204027,357773.1099148511,0.0,242670.78990917,600443.8998240212
384,10187.93687,0.0,0.0,0.0,10187.93687,80.0,357467.7102712778,0.0,241427.3156491249,598895.0259204027,357773.1099148511,0.0,242670.78990917,600443.8998240212
385,10188.73764,0.0,0.0,0.0,10188.73764,80.0,357467.7102712778,0.0,241427.3156491249,598895.0259204027,357773.1099148511,0.0,242670.78990917,600443.8998240212
386,10189.5384,0.0,3.23426767045021,0.0,10192.77266767045,82.8461555499962,357467.7102712778,0.0,241427.3156491249,598895.0259204027,357773.1099148511,0.0,242670.78990917,600443.8998240212
387,10190.33917,0.0,75.5517614602407,0.0,10265.89093146024,149.331705635008,357467.7102712778,0.0,241427.3156491249,598895.0259204027,357773.1099148511,0.0,242670.78990917,600443.8998240212
388,10191.13994,0.0,74.7509914602269,0.0,10265.890931460226,215.112578120008,357467.7102712778,0.0,241427.3156491249,598895.0259204027,357773.1099148511,0.0,242670.78990917,600443.8998240212
389,10191.94071,0.000843,73.9510644602251,0.0,10265.890931460226,280.189514845006,357467.7102712778,0.0,241427.3156491249,598895.0259204027,357773.1099148511,0.0,242670.78990917,600443.8998240212
390,10192.678,0.002222,73.2151534602253,0.0,10265.890931460226,344.618849890004,357467.7102712778,0.0,241427.3156491249,598895.0259204027,357773.1099148511,0.0,242670.78990917,600443.8998240212
391,10193.27858,0.011912,72.6242634602258,0.0,10265.890931460226,408.528201735003,357467.7102712778,0.0,241427.3156491249,598895.0259204027,357773.1099148511,0.0,242670.78990917,600443.8998240212
392,10193.87916,0.021779,72.0335504602263,0.0,10265.890931460226,471.917726140002,357467.7102712778,0.0,241427.3156491249,598895.0259204027,357773.1099148511,0.0,242670.78990917,600443.8998240212
393,10194.47973,0.029166,71.4403674602272,0.0,10265.890931460226,534.785249505002,357467.7102712778,0.0,241427.3156491249,598895.0259204027,357773.1099148511,0.0,242670.78990917,600443.8998240212
394,10195.08031,0.033839,70.8444604602264,0.0,10265.890931460226,597.128374710001,357467.7102712778,0.0,241427.3156491249,598895.0259204027,357773.1099148511,0.0,242670.78990917,600443.8998240212
395,10195.71386,0.036866,70.2139374602266,0.0,10265.890931460226,658.916639675001,357467.7102712778,0.0,241427.3156491249,598895.0259204027,357773.1099148511,0.0,242670.78990917,600443.8998240212
396,10196.51463,0.036607999999999995,69.4129094602267,0.0,10265.890931460226,720.0,357467.7102712778,0.0,241427.3156491249,598895.0259204027,357773.1099148511,0.0,242670.78990917,600443.8998240212
397,10197.31539,0.03447,0.0,100.0,10097.28092,619.99999999999,357467.7102712778,0.0,241427.3156491249,598895.0259204027,357773.1099148511,0.0,242670.78990917,600443.8998240212
398,10198.11616,0.027596,0.0,100.0,10098.088564,519.99999999999,357467.7102712778,0.0,241427.3156491249,598895.0259204027,357773.1099148511,0.0,242670.78990917,600443.8998240212
399,10198.91693,0.018636,0.0,100.0,10098.898293999999,419.99999999999,357467.7102712778,0.0,241427.3156491249,598895.0259204027,357773.1099148511,0.0,242670.78990917,600443.8998240212
400,10199.71523,0.011264,0.0,100.0,10099.703966,319.99999999999,357467.7102712778,0.0,241427.3156491249,598895.0259204027,357773.1099148511,0.0,242670.78990917,600443.8998240212
401,10200.3158,0.004814000000000001,0.0,73.4069897499967,10126.903996250003,246.593010249993,357467.7102712778,0.0,241427.3156491249,598895.0259204027,357773.1099148511,0.0,242670.78990917,600443.8998240212
402,10200.91638,0.0009050000000000001,0.0,54.929826749998,10145.985648250002,191.663183499995,357467.7102712778,0.0,241427.3156491249,598895.0259204027,357773.1099148511,0.0,242670.78990917,600443.8998240212
403,10201.51695,0.0,0.0,55.5313017499975,10145.985648250002,136.131881749998,357467.7102712778,0.0,241427.3156491249,598895.0259204027,357773.1099148511,0.0,242670.78990917,600443.8998240212
404,10202.11753,0.0,0.0,56.1318817499978,10145.985648250002,80.0,357467.7102712778,0.0,241427.3156491249,598895.0259204027,357773.1099148511,0.0,242670.78990917,600443.8998240212
405,10202.71811,0.0,0.0,0.0,10202.71811,80.0,357467.7102712778,0.0,241427.3156491249,598895.0259204027,357773.1099148511,0.0,242670.78990917,600443.8998240212
406,10203.31868,0.0,0.0,0.0,10203.31868,80.0,357467.7102712778,0.0,241427.3156491249,598895.0259204027,357773.1099148511,0.0,242670.78990917,600443.8998240212
407,10203.91926,0.0,0.0,0.0,10203.91926,80.0,357467.7102712778,0.0,241427.3156491249,598895.0259204027,357773.1099148511,0.0,242670.78990917,600443.8998240212
408,10204.51983,0.0,50.47363375001,0.0,10254.99346375001,124.416797700009,357467.7102712778,0.0,241427.3156491249,598895.0259204027,357773.1099148511,0.0,242670.78990917,600443.8998240212
409,10205.12041,0.0,60.7705214602265,0.0,10265.890931460226,177.894856585008,357467.7102712778,0.0,241427.3156491249,598895.0259204027,357773.1099148511,0.0,242670.78990917,600443.8998240212
410,10205.72099,0.0,60.1699414602263,0.0,10265.890931460226,230.844405070007,357467.7102712778,0.0,241427.3156491249,598895.0259204027,357773.1099148511,0.0,242670.78990917,600443.8998240212
411,10206.46323,0.0,59.4277014602267,0.0,10265.890931460226,283.140782355007,357467.7102712778,0.0,241427.3156491249,598895.0259204027,357773.1099148511,0.0,242670.78990917,600443.8998240212
412,10207.264,0.0,58.6269314602268,0.0,10265.890931460226,334.732482040006,357467.7102712778,0.0,241427.3156491249,598895.0259204027,357773.1099148511,0.0,242670.78990917,600443.8998240212
413,10208.06476,0.000924,57.8270954602267,0.0,10265.890931460226,385.620326045006,357467.7102712778,0.0,241427.3156491249,598895.0259204027,357773.1099148511,0.0,242670.78990917,600443.8998240212
414,10208.86553,0.002517,57.0279184602277,0.0,10265.890931460226,435.804894290006,357467.7102712778,0.0,241427.3156491249,598895.0259204027,357773.1099148511,0.0,242670.78990917,600443.8998240212
415,10209.6663,0.011567000000000001,56.2361984602248,0.0,10265.890931460226,485.292748935004,357467.7102712778,0.0,241427.3156491249,598895.0259204027,357773.1099148511,0.0,242670.78990917,600443.8998240212
416,10210.57823,0.02171,55.3344114602278,0.0,10265.890931460226,533.987031020005,357467.7102712778,0.0,241427.3156491249,598895.0259204027,357773.1099148511,0.0,242670.78990917,600443.8998240212
417,10211.57919,0.028994,54.3407354602259,0.0,10265.890931460226,581.806878225003,357467.7102712778,0.0,241427.3156491249,598895.0259204027,357773.1099148511,0.0,242670.78990917,600443.8998240212
418,10212.58016,0.034546999999999994,53.3453184602258,0.0,10265.890931460226,628.750758470002,357467.7102712778,0.0,241427.3156491249,598895.0259204027,357773.1099148511,0.0,242670.78990917,600443.8998240212
419,10213.58112,0.036768,52.3465794602253,0.0,10265.890931460226,674.815748395,357467.7102712778,0.0,241427.3156491249,598895.0259204027,357773.1099148511,0.0,242670.78990917,600443.8998240212
420,10214.58208,0.036889000000000005,51.3457404602268,0.0,10265.890931460226,720.0,357467.7102712778,0.0,241427.3156491249,598895.0259204027,357773.1099148511,0.0,242670.78990917,600443.8998240212
421,10215.58304,0.034733,0.0,69.5626587499974,10145.985648250002,650.437341250003,357467.7102712778,0.0,241427.3156491249,598895.0259204027,357773.1099148511,0.0,242670.78990917,600443.8998240212
422,10216.584,0.030328,0.0,70.5680237499982,10145.985648250002,579.869317500004,357467.7102712778,0.0,241427.3156491249,598895.0259204027,357773.1099148511,0.0,242670.78990917,600443.8998240212
423,10217.58496,0.023283,0.0,71.5760287499979,10145.985648250002,508.293288750006,357467.7102712778,0.0,241427.3156491249,598895.0259204027,357773.1099148511,0.0,242670.78990917,600443.8998240212
424,10218.58592,0.014157000000000001,0.0,72.5861147499982,10145.985648250002,435.707174000008,357467.7102712778,0.0,241427.3156491249,598895.0259204027,357773.1099148511,0.0,242670.78990917,600443.8998240212
425,10219.58688,0.004535,0.0,73.596696749999,10145.985648250002,362.110477250009,357467.7102712778,0.0,241427.3156491249,598895.0259204027,357773.1099148511,0.0,242670.78990917,600443.8998240212
426,10220.48751,0.0009519999999999999,0.0,74.5009097499988,10145.985648250002,287.609567500011,357467.7102712778,0.0,241427.3156491249,598895.0259204027,357773.1099148511,0.0,242670.78990917,600443.8998240212
427,10221.08808,0.0,0.0,75.1024317499978,10145.985648250002,212.507135750013,357467.7102712778,0.0,241427.3156491249,598895.0259204027,357773.1099148511,0.0,242670.78990917,600443.8998240212
428,10221.68866,0.0,0.0,75.703011749998,10145.985648250002,136.804124000015,357467.7102712778,0.0,241427.3156491249,598895.0259204027,357773.1099148511,0.0,242670.78990917,600443.8998240212
429,10222.28923,0.0,43.6017014602257,0.0,10265.890931460226,175.173621285013,357467.7102712778,0.0,241427.3156491249,598895.0259204027,357773.1099148511,0.0,242670.78990917,600443.8998240212
430,10222.88981,0.0,43.0011214602255,0.0,10265.890931460226,213.014608170011,357467.7102712778,0.0,241427.3156491249,598895.0259204027,357773.1099148511,0.0,242670.78990917,600443.8998240212
431,10223.45105,0.0,42.4398814602264,0.0,10265.890931460226,250.36170385501,357467.7102712778,0.0,241427.3156491249,598895.0259204027,357773.1099148511,0.0,242670.78990917,600443.8998240212
432,10223.65125,0.0,42.2396814602253,0.0,10265.890931460226,287.532623540009,357467.7102712778,0.0,241427.3156491249,598895.0259204027,357773.1099148511,0.0,242670.78990917,600443.8998240212
433,10223.85144,0.0,42.0394914602257,0.0,10265.890931460226,324.527376025007,357467.7102712778,0.0,241427.3156491249,598895.0259204027,357773.1099148511,0.0,242670.78990917,600443.8998240212
434,10224.05163,0.0,41.8393014602261,0.0,10265.890931460226,361.345961310006,357467.7102712778,0.0,241427.3156491249,598895.0259204027,357773.1099148511,0.0,242670.78990917,600443.8998240212
435,10224.25182,0.0,41.6391114602266,0.0,10265.890931460226,397.988379395005,357467.7102712778,0.0,241427.3156491249,598895.0259204027,357773.1099148511,0.0,242670.78990917,600443.8998240212
436,10224.45201,0.0,41.4389214602252,0.0,10265.890931460226,434.454630280004,357467.7102712778,0.0,241427.3156491249,598895.0259204027,357773.1099148511,0.0,242670.78990917,600443.8998240212
437,10224.65221,0.001065,41.2397864602262,0.0,10265.890931460226,470.745642364985,357467.7102712778,0.0,241427.3156491249,598895.0259204027,357773.1099148511,0.0,242670.78990917,600443.8998240212
438,10224.8524,0.0027370000000000003,41.041268460227,0.0,10265.890931460226,506.861958609985,357467.7102712778,0.0,241427.3156491249,598895.0259204027,357773.1099148511,0.0,242670.78990917,600443.8998240212
439,10225.05259,0.012631999999999999,40.8509734602272,0.0,10265.890931460226,542.810815255012,357467.7102712778,0.0,241427.3156491249,598895.0259204027,357773.1099148511,0.0,242670.78990917,600443.8998240212
440,10225.25278,0.022671,40.660822460226,0.0,10265.890931460226,578.592339020011,357467.7102712778,0.0,241427.3156491249,598895.0259204027,357773.1099148511,0.0,242670.78990917,600443.8998240212
441,10225.45297,0.029718,40.4676794602256,0.0,10265.890931460226,614.203896945008,357467.7102712778,0.0,241427.3156491249,598895.0259204027,357773.1099148511,0.0,242670.78990917,600443.8998240212
442,10225.65317,0.035619,40.2733804602267,0.0,10265.890931460226,649.644471750007,357467.7102712778,0.0,241427.3156491249,598895.0259204027,357773.1099148511,0.0,242670.78990917,600443.8998240212
443,10225.85336,0.03739,40.0749614602264,0.0,10265.890931460226,684.910437835003,357467.7102712778,0.0,241427.3156491249,598895.0259204027,357773.1099148511,0.0,242670.78990917,600443.8998240212
444,10226.05355,0.037121,39.8745024602243,0.0,10265.890931460226,720.0,357467.7102712778,0.0,241427.3156491249,598895.0259204027,357773.1099148511,0.0,242670.78990917,600443.8998240212
445,10226.25374,0.033635,0.0,80.2344567499986,10145.985648250002,639.765543250001,357467.7102712778,0.0,241427.3156491249,598895.0259204027,357773.1099148511,0.0,242670.78990917,600443.8998240212
446,10226.45393,0.029806000000000003,0.0,80.4384757499975,10145.985648250002,559.327067500004,357467.7102712778,0.0,241427.3156491249,598895.0259204027,357773.1099148511,0.0,242670.78990917,600443.8998240212
447,10226.39741,0.023283,0.0,80.3884787499974,10145.985648250002,478.938588750007,357467.7102712778,0.0,241427.3156491249,598895.0259204027,357773.1099148511,0.0,242670.78990917,600443.8998240212
448,10226.19722,0.014184,0.0,80.1973877499986,10145.985648250002,398.741201000008,357467.7102712778,0.0,241427.3156491249,598895.0259204027,357773.1099148511,0.0,242670.78990917,600443.8998240212
449,10225.99703,0.004454,0.0,80.0069277499988,10145.985648250002,318.734273250009,357467.7102712778,0.0,241427.3156491249,598895.0259204027,357773.1099148511,0.0,242670.78990917,600443.8998240212
450,10225.79683,0.000842,0.0,79.8103397499981,10145.985648250002,238.923933500011,357467.7102712778,0.0,241427.3156491249,598895.0259204027,357773.1099148511,0.0,242670.78990917,600443.8998240212
451,10225.59664,0.0,0.0,79.6109917499998,10145.98564825,159.312941749999,357467.7102712778,0.0,241427.3156491249,598895.0259204027,357773.1099148511,0.0,242670.78990917,600443.8998240212
452,10225.29859,0.0,0.0,79.3129417499986,10145.985648250002,80.0,357467.7102712778,0.0,241427.3156491249,598895.0259204027,357773.1099148511,0.0,242670.78990917,600443.8998240212
453,10224.89821,0.0,40.9927214602205,0.0,10265.89093146022,116.073594884994,357467.7102712778,0.0,241427.3156491249,598895.0259204027,357773.1099148511,0.0,242670.78990917,600443.8998240212
454,10224.49782,0.0,41.3931114602206,0.0,10265.89093146022,152.499532969988,357467.7102712778,0.0,241427.3156491249,598895.0259204027,357773.1099148511,0.0,242670.78990917,600443.8998240212
455,10224.09744,0.0,41.7934914602265,0.0,10265.890931460226,189.277805454988,357467.7102712778,0.0,241427.3156491249,598895.0259204027,357773.1099148511,0.0,242670.78990917,600443.8998240212
456,10223.69705,0.0,42.1938814602254,0.0,10265.890931460226,226.408421139986,357467.7102712778,0.0,241427.3156491249,598895.0259204027,357773.1099148511,0.0,242670.78990917,600443.8998240212
457,10223.36403,0.0,42.5269014602254,0.0,10265.890931460226,263.832094424984,357467.7102712778,0.0,241427.3156491249,598895.0259204027,357773.1099148511,0.0,242670.78990917,600443.8998240212
458,10223.16384,0.0,42.7270914602268,0.0,10265.890931460226,301.431934909984,357467.7102712778,0.0,241427.3156491249,598895.0259204027,357773.1099148511,0.0,242670.78990917,600443.8998240212
459,10222.96365,0.0,42.9272814602264,0.0,10265.890931460226,339.207942594983,357467.7102712778,0.0,241427.3156491249,598895.0259204027,357773.1099148511,0.0,242670.78990917,600443.8998240212
460,10222.76345,0.0,43.1274814602257,0.0,10265.890931460226,377.160126279982,357467.7102712778,0.0,241427.3156491249,598895.0259204027,357773.1099148511,0.0,242670.78990917,600443.8998240212
461,10222.56326,0.000978,43.3286494602253,0.0,10265.890931460226,415.28933780498,357467.7102712778,0.0,241427.3156491249,598895.0259204027,357773.1099148511,0.0,242670.78990917,600443.8998240212
462,10222.32621,0.002528,43.5672494602277,0.0,10265.890931460226,453.62851732998,357467.7102712778,0.0,241427.3156491249,598895.0259204027,357773.1099148511,0.0,242670.78990917,600443.8998240212
463,10221.92583,0.012259,43.9773604602251,0.0,10265.890931460226,492.328594534978,357467.7102712778,0.0,241427.3156491249,598895.0259204027,357773.1099148511,0.0,242670.78990917,600443.8998240212
464,10221.52544,0.02162,44.3871114602262,0.0,10265.890931460226,531.389252619977,357467.7102712778,0.0,241427.3156491249,598895.0259204027,357773.1099148511,0.0,242670.78990917,600443.8998240212
465,10221.12506,0.028244000000000002,44.7941154602249,0.0,10265.890931460226,570.808074224975,357467.7102712778,0.0,241427.3156491249,598895.0259204027,357773.1099148511,0.0,242670.78990917,600443.8998240212
466,10220.72467,0.032188,45.1984494602257,0.0,10265.890931460226,610.582709749974,357467.7102712778,0.0,241427.3156491249,598895.0259204027,357773.1099148511,0.0,242670.78990917,600443.8998240212
467,10220.32429,0.034631999999999996,45.6012734602264,0.0,10265.890931460226,650.711830394973,357467.7102712778,0.0,241427.3156491249,598895.0259204027,357773.1099148511,0.0,242670.78990917,600443.8998240212
468,10219.92391,0.035385,46.0024064602258,0.0,10265.890931460226,691.193948079972,357467.7102712778,0.0,241427.3156491249,598895.0259204027,357773.1099148511,0.0,242670.78990917,600443.8998240212
469,10219.52352,0.032693,0.0,100.0,10119.490827000001,591.193948079972,357467.7102712778,0.0,241427.3156491249,598895.0259204027,357773.1099148511,0.0,242670.78990917,600443.8998240212
470,10219.12314,0.026605,0.0,82.7234155799813,10136.373119420019,508.47053249999,357467.7102712778,0.0,241427.3156491249,598895.0259204027,357773.1099148511,0.0,242670.78990917,600443.8998240212
471,10218.72275,0.022384,0.0,72.7147177499992,10145.985648250002,435.755814749991,357467.7102712778,0.0,241427.3156491249,598895.0259204027,357773.1099148511,0.0,242670.78990917,600443.8998240212
472,10218.32237,0.013474999999999999,0.0,72.3232467499984,10145.985648250002,363.432567999993,357467.7102712778,0.0,241427.3156491249,598895.0259204027,357773.1099148511,0.0,242670.78990917,600443.8998240212
473,10217.74593,0.004358,0.0,71.7559237499972,10145.985648250002,291.676644249996,357467.7102712778,0.0,241427.3156491249,598895.0259204027,357773.1099148511,0.0,242670.78990917,600443.8998240212
474,10217.14536,0.0007610000000000001,0.0,71.1589507499993,10145.985648250002,220.517693499996,357467.7102712778,0.0,241427.3156491249,598895.0259204027,357773.1099148511,0.0,242670.78990917,600443.8998240212
475,10216.54478,0.0,0.0,70.5591317499984,10145.985648250002,149.958561749998,357467.7102712778,0.0,241427.3156491249,598895.0259204027,357773.1099148511,0.0,242670.78990917,600443.8998240212
476,10215.94421,0.0,0.0,69.9585617499979,10145.985648250002,80.0,357467.7102712778,0.0,241427.3156491249,598895.0259204027,357773.1099148511,0.0,242670.78990917,600443.8998240212
477,10215.34363,0.0,0.0,0.0,10215.34363,80.0,357467.7102712778,0.0,241427.3156491249,598895.0259204027,357773.1099148511,0.0,242670.78990917,600443.8998240212
478,10214.45195,0.0,0.0,0.0,10214.45195,80.0,357467.7102712778,0.0,241427.3156491249,598895.0259204027,357773.1099148511,0.0,242670.78990917,600443.8998240212
479,10213.45099,0.0,0.0,0.0,10213.45099,80.0,357467.7102712778,0.0,241427.3156491249,598895.0259204027,357773.1099148511,0.0,242670.78990917,600443.8998240212
480,10212.45003,0.0,17.9044787500061,0.0,10230.354508750006,95.7559413000054,357467.7102712778,0.0,241427.3156491249,598895.0259204027,357773.1099148511,0.0,242670.78990917,600443.8998240212
481,10211.44907,0.0,54.4418614602223,0.0,10265.890931460222,143.664779385001,357467.7102712778,0.0,241427.3156491249,598895.0259204027,357773.1099148511,0.0,242670.78990917,600443.8998240212
482,10210.44811,0.0,55.4428214602421,0.0,10265.89093146024,192.454462270014,357467.7102712778,0.0,241427.3156491249,598895.0259204027,357773.1099148511,0.0,242670.78990917,600443.8998240212
483,10209.5622,0.0,56.3287314602258,0.0,10265.890931460226,242.023745955013,357467.7102712778,0.0,241427.3156491249,598895.0259204027,357773.1099148511,0.0,242670.78990917,600443.8998240212
484,10208.76143,0.0,57.1295014602256,0.0,10265.890931460226,292.297707240011,357467.7102712778,0.0,241427.3156491249,598895.0259204027,357773.1099148511,0.0,242670.78990917,600443.8998240212
485,10207.96066,0.0009699999999999999,57.9312414602246,0.0,10265.890931460226,343.277199725009,357467.7102712778,0.0,241427.3156491249,598895.0259204027,357773.1099148511,0.0,242670.78990917,600443.8998240212
486,10207.1599,0.0024649999999999997,58.7334964602251,0.0,10265.890931460226,394.962676610007,357467.7102712778,0.0,241427.3156491249,598895.0259204027,357773.1099148511,0.0,242670.78990917,600443.8998240212
487,10206.35913,0.011781000000000002,59.5435824602246,0.0,10265.890931460226,447.361029175004,357467.7102712778,0.0,241427.3156491249,598895.0259204027,357773.1099148511,0.0,242670.78990917,600443.8998240212
488,10205.55836,0.020755,60.3533264602247,0.0,10265.890931460226,500.471956460002,357467.7102712778,0.0,241427.3156491249,598895.0259204027,357773.1099148511,0.0,242670.78990917,600443.8998240212
489,10204.75759,0.027196,61.1605374602259,0.0,10265.890931460226,554.293229425001,357467.7102712778,0.0,241427.3156491249,598895.0259204027,357773.1099148511,0.0,242670.78990917,600443.8998240212
490,10203.95682,0.031079000000000002,61.9651904602269,0.0,10265.890931460226,608.822597030001,357467.7102712778,0.0,241427.3156491249,598895.0259204027,357773.1099148511,0.0,242670.78990917,600443.8998240212
491,10203.15606,0.032808000000000004,62.7676794602266,0.0,10265.890931460226,664.058154955,357467.7102712778,0.0,241427.3156491249,598895.0259204027,357773.1099148511,0.0,242670.78990917,600443.8998240212
492,10202.35529,0.034637,63.5702784602272,0.0,10265.890931460226,720.0,357467.7102712778,0.0,241427.3156491249,598895.0259204027,357773.1099148511,0.0,242670.78990917,600443.8998240212
493,10201.50047,0.030687000000000002,0.0,100.0,10101.469783,619.999999999995,357467.7102712778,0.0,241427.3156491249,598895.0259204027,357773.1099148511,0.0,242670.78990917,600443.8998240212
494,10200.49951,0.02739,0.0,100.0,10100.47212,519.999999999995,357467.7102712778,0.0,241427.3156491249,598895.0259204027,357773.1099148511,0.0,242670.78990917,600443.8998240212
495,10199.49855,0.021457999999999998,0.0,100.0,10099.477092000001,419.999999999995,357467.7102712778,0.0,241427.3156491249,598895.0259204027,357773.1099148511,0.0,242670.78990917,600443.8998240212
496,10198.49759,0.013590999999999999,0.0,100.0,10098.483999,319.999999999995,357467.7102712778,0.0,241427.3156491249,598895.0259204027,357773.1099148511,0.0,242670.78990917,600443.8998240212
497,10197.49663,0.005143,0.0,92.8165987499981,10104.674888250001,227.183401249997,357467.7102712778,0.0,241427.3156491249,598895.0259204027,357773.1099148511,0.0,242670.78990917,600443.8998240212
498,10196.44856,0.001304,0.0,50.4616077499995,10145.985648250002,176.721793499997,357467.7102712778,0.0,241427.3156491249,598895.0259204027,357773.1099148511,0.0,242670.78990917,600443.8998240212
499,10195.04722,0.0,0.0,49.0615717499986,10145.985648250002,127.660221749999,357467.7102712778,0.0,241427.3156491249,598895.0259204027,357773.1099148511,0.0,242670.78990917,600443.8998240212
500,10193.64587,0.0,0.0,47.6602217499985,10145.985648250002,80.0,357467.7102712778,0.0,241427.3156491249,598895.0259204027,357773.1099148511,0.0,242670.78990917,600443.8998240212
501,10192.24453,0.0,0.0,0.0,10192.24453,80.0,357467.7102712778,0.0,241427.3156491249,598895.0259204027,357773.1099148511,0.0,242670.78990917,600443.8998240212
502,10190.84319,0.0,0.0,0.0,10190.84319,80.0,357467.7102712778,0.0,241427.3156491249,598895.0259204027,357773.1099148511,0.0,242670.78990917,600443.8998240212
503,10189.44184,0.0,0.0,0.0,10189.44184,80.0,357467.7102712778,0.0,241427.3156491249,598895.0259204027,357773.1099148511,0.0,242670.78990917,600443.8998240212
504,10188.23374,0.0,0.0,0.0,10188.23374,80.0,357467.7102712778,0.0,241427.3156491249,598895.0259204027,357773.1099148511,0.0,242670.78990917,600443.8998240212
505,10187.03259,0.0,0.0,0.0,10187.03259,80.0,357467.7102712778,0.0,241427.3156491249,598895.0259204027,357773.1099148511,0.0,242670.78990917,600443.8998240212
506,10185.83144,0.0,0.0,0.0,10185.83144,80.0,357467.7102712778,0.0,241427.3156491249,598895.0259204027,357773.1099148511,0.0,242670.78990917,600443.8998240212
507,10184.63028,0.0,0.0,0.0,10184.63028,80.0,357467.7102712778,0.0,241427.3156491249,598895.0259204027,357773.1099148511,0.0,242670.78990917,600443.8998240212
508,10183.42913,0.0,0.0,0.0,10183.42913,80.0,357467.7102712778,0.0,241427.3156491249,598895.0259204027,357773.1099148511,0.0,242670.78990917,600443.8998240212
509,10182.06524,0.001461,0.0,0.0,10182.063779,80.0,357467.7102712778,0.0,241427.3156491249,598895.0259204027,357773.1099148511,0.0,242670.78990917,600443.8998240212
510,10180.66389,0.00376,0.0,0.0,10180.66013,80.0,357467.7102712778,0.0,241427.3156491249,598895.0259204027,357773.1099148511,0.0,242670.78990917,600443.8998240212
511,10179.26255,0.011256,0.0,0.0,10179.251294,80.0,357467.7102712778,0.0,241427.3156491249,598895.0259204027,357773.1099148511,0.0,242670.78990917,600443.8998240212
512,10177.8612,0.019991,0.0,0.0,10177.841209,80.0,357467.7102712778,0.0,241427.3156491249,598895.0259204027,357773.1099148511,0.0,242670.78990917,600443.8998240212
513,10176.45986,0.026186,0.0,0.0,10176.433674000002,80.0,357467.7102712778,0.0,241427.3156491249,598895.0259204027,357773.1099148511,0.0,242670.78990917,600443.8998240212
514,10175.19076,0.027587,0.0,0.0,10175.163172999999,80.0,357467.7102712778,0.0,241427.3156491249,598895.0259204027,357773.1099148511,0.0,242670.78990917,600443.8998240212
515,10173.98961,0.028204,0.0,0.0,10173.961406,80.0,357467.7102712778,0.0,241427.3156491249,598895.0259204027,357773.1099148511,0.0,242670.78990917,600443.8998240212
516,10172.78845,0.031679,0.0,0.0,10172.756771,80.0,357467.7102712778,0.0,241427.3156491249,598895.0259204027,357773.1099148511,0.0,242670.78990917,600443.8998240212
517,10171.5873,0.031065000000000002,0.0,0.0,10171.556235,80.0,357467.7102712778,0.0,241427.3156491249,598895.0259204027,357773.1099148511,0.0,242670.78990917,600443.8998240212
518,10170.38615,0.028117000000000003,0.0,0.0,10170.358033,80.0,357467.7102712778,0.0,241427.3156491249,598895.0259204027,357773.1099148511,0.0,242670.78990917,600443.8998240212
519,10168.77802,0.015358,0.0,0.0,10168.762662,80.0,357467.7102712778,0.0,241427.3156491249,598895.0259204027,357773.1099148511,0.0,242670.78990917,600443.8998240212
520,10166.7761,0.011002000000000001,0.0,0.0,10166.765098,80.0,357467.7102712778,0.0,241427.3156491249,598895.0259204027,357773.1099148511,0.0,242670.78990917,600443.8998240212
521,10164.77418,0.005707,0.0,0.0,10164.768473,80.0,357467.7102712778,0.0,241427.3156491249,598895.0259204027,357773.1099148511,0.0,242670.78990917,600443.8998240212
522,10162.77226,0.001958,0.0,0.0,10162.770301999999,80.0,357467.7102712778,0.0,241427.3156491249,598895.0259204027,357773.1099148511,0.0,242670.78990917,600443.8998240212
523,10160.77034,0.0,0.0,0.0,10160.77034,80.0,357467.7102712778,0.0,241427.3156491249,598895.0259204027,357773.1099148511,0.0,242670.78990917,600443.8998240212
524,10158.76842,0.0,0.0,0.0,10158.76842,80.0,357467.7102712778,0.0,241427.3156491249,598895.0259204027,357773.1099148511,0.0,242670.78990917,600443.8998240212
525,10156.7665,0.0,0.0,0.0,10156.7665,80.0,357467.7102712778,0.0,241427.3156491249,598895.0259204027,357773.1099148511,0.0,242670.78990917,600443.8998240212
526,10154.76457,0.0,0.0,0.0,10154.76457,80.0,357467.7102712778,0.0,241427.3156491249,598895.0259204027,357773.1099148511,0.0,242670.78990917,600443.8998240212
527,10152.76265,0.0,0.0,0.0,10152.76265,80.0,357467.7102712778,0.0,241427.3156491249,598895.0259204027,357773.1099148511,0.0,242670.78990917,600443.8998240212
528,10150.76073,0.0,0.0,0.0,10150.76073,80.0,357467.7102712778,0.0,241427.3156491249,598895.0259204027,357773.1099148511,0.0,242670.78990917,600443.8998240212
529,10148.71807,0.0,0.0,0.0,10148.71807,80.0,357467.7102712778,0.0,241427.3156491249,598895.0259204027,357773.1099148511,0.0,242670.78990917,600443.8998240212
530,10146.51596,0.0,0.0,0.0,10146.51596,80.0,357467.7102712778,0.0,241427.3156491249,598895.0259204027,357773.1099148511,0.0,242670.78990917,600443.8998240212
531,10144.31384,0.0,0.0,0.0,10144.31384,80.0,357467.7102712778,0.0,241427.3156491249,598895.0259204027,357773.1099148511,0.0,242670.78990917,600443.8998240212
532,10142.11173,0.0,0.0,0.0,10142.11173,80.0,357467.7102712778,0.0,241427.3156491249,598895.0259204027,357773.1099148511,0.0,242670.78990917,600443.8998240212
533,10139.90962,0.001003,0.0,0.0,10139.908617000001,80.0,357467.7102712778,0.0,241427.3156491249,598895.0259204027,357773.1099148511,0.0,242670.78990917,600443.8998240212
534,10137.69726,0.002921,0.0,0.0,10137.694339000001,80.0,357467.7102712778,0.0,241427.3156491249,598895.0259204027,357773.1099148511,0.0,242670.78990917,600443.8998240212
535,10135.29496,0.00975,0.0,0.0,10135.28521,80.0,357467.7102712778,0.0,241427.3156491249,598895.0259204027,357773.1099148511,0.0,242670.78990917,600443.8998240212
536,10132.89265,0.017329999999999998,0.0,0.0,10132.87532,80.0,357467.7102712778,0.0,241427.3156491249,598895.0259204027,357773.1099148511,0.0,242670.78990917,600443.8998240212
537,10130.49035,0.027534,0.0,0.0,10130.462816,80.0,357467.7102712778,0.0,241427.3156491249,598895.0259204027,357773.1099148511,0.0,242670.78990917,600443.8998240212
538,10128.08804,0.025222,0.0,0.0,10128.062818,80.0,357467.7102712778,0.0,241427.3156491249,598895.0259204027,357773.1099148511,0.0,242670.78990917,600443.8998240212
539,10125.68574,0.027211,0.0,0.0,10125.658529,80.0,357467.7102712778,0.0,241427.3156491249,598895.0259204027,357773.1099148511,0.0,242670.78990917,600443.8998240212
540,10123.28343,0.029154,0.0,0.0,10123.254276,80.0,357467.7102712778,0.0,241427.3156491249,598895.0259204027,357773.1099148511,0.0,242670.78990917,600443.8998240212
541,10120.88113,0.028141,0.0,0.0,10120.852988999999,80.0,357467.7102712778,0.0,241427.3156491249,598895.0259204027,357773.1099148511,0.0,242670.78990917,600443.8998240212
542,10118.47882,0.023579000000000003,0.0,0.0,10118.455241,80.0,357467.7102712778,0.0,241427.3156491249,598895.0259204027,357773.1099148511,0.0,242670.78990917,600443.8998240212
543,10116.07652,0.022285,0.0,0.0,10116.054235000001,80.0,357467.7102712778,0.0,241427.3156491249,598895.0259204027,357773.1099148511,0.0,242670.78990917,600443.8998240212
544,10113.67422,0.013594,0.0,0.0,10113.660626,80.0,357467.7102712778,0.0,241427.3156491249,598895.0259204027,357773.1099148511,0.0,242670.78990917,600443.8998240212
545,10112.0191,0.004776,0.0,0.0,10112.014324,80.0,357467.7102712778,0.0,241427.3156491249,598895.0259204027,357773.1099148511,0.0,242670.78990917,600443.8998240212
546,10110.61775,0.000613,0.0,0.0,10110.617137,80.0,357467.7102712778,0.0,241427.3156491249,598895.0259204027,357773.1099148511,0.0,242670.78990917,600443.8998240212
547,10109.21641,0.0,0.0,0.0,10109.21641,80.0,357467.7102712778,0.0,241427.3156491249,598895.0259204027,357773.1099148511,0.0,242670.78990917,600443.8998240212
548,10107.81507,0.0,0.0,0.0,10107.81507,80.0,357467.7102712778,0.0,241427.3156491249,598895.0259204027,357773.1099148511,0.0,242670.78990917,600443.8998240212
549,10106.41372,0.0,0.0,0.0,10106.41372,80.0,357467.7102712778,0.0,241427.3156491249,598895.0259204027,357773.1099148511,0.0,242670.78990917,600443.8998240212
550,10105.25025,0.0,0.0,0.0,10105.25025,80.0,357467.7102712778,0.0,241427.3156491249,598895.0259204027,357773.1099148511,0.0,242670.78990917,600443.8998240212
551,10104.24929,0.0,0.0,0.0,10104.24929,80.0,357467.7102712778,0.0,241427.3156491249,598895.0259204027,357773.1099148511,0.0,242670.78990917,600443.8998240212
552,10103.24833,0.0,0.0,0.0,10103.24833,80.0,357467.7102712778,0.0,241427.3156491249,598895.0259204027,357773.1099148511,0.0,242670.78990917,600443.8998240212
553,10102.24737,0.0,0.0,0.0,10102.24737,80.0,357467.7102712778,0.0,241427.3156491249,598895.0259204027,357773.1099148511,0.0,242670.78990917,600443.8998240212
554,10101.24641,0.0,0.0,0.0,10101.24641,80.0,357467.7102712778,0.0,241427.3156491249,598895.0259204027,357773.1099148511,0.0,242670.78990917,600443.8998240212
555,10100.06858,0.0,0.0,0.0,10100.06858,80.0,357467.7102712778,0.0,241427.3156491249,598895.0259204027,357773.1099148511,0.0,242670.78990917,600443.8998240212
556,10098.66723,0.0,0.0,0.0,10098.66723,80.0,357467.7102712778,0.0,241427.3156491249,598895.0259204027,357773.1099148511,0.0,242670.78990917,600443.8998240212
557,10097.26589,0.00109,27.2727272727273,0.0,10124.537527272729,104.0,357467.7102712778,0.0,241427.3156491249,598895.0259204027,357773.1099148511,0.0,242670.78990917,600443.8998240212
558,10095.86454,0.003835,100.0,0.0,10195.860705000001,192.0,357467.7102712778,0.0,241427.3156491249,598895.0259204027,357773.1099148511,0.0,242670.78990917,600443.8998240212
559,10094.4632,0.012447,100.0,0.0,10194.450753000001,280.0,357467.7102712778,0.0,241427.3156491249,598895.0259204027,357773.1099148511,0.0,242670.78990917,600443.8998240212
560,10093.00392,0.02057,100.0,0.0,10192.983349999999,368.0,357467.7102712778,0.0,241427.3156491249,598895.0259204027,357773.1099148511,0.0,242670.78990917,600443.8998240212
561,10091.40238,0.028334,100.0,0.0,10191.374045999999,456.0,357467.7102712778,0.0,241427.3156491249,598895.0259204027,357773.1099148511,0.0,242670.78990917,600443.8998240212
562,10089.80084,0.033665,100.0,0.0,10189.767174999999,544.0,357467.7102712778,0.0,241427.3156491249,598895.0259204027,357773.1099148511,0.0,242670.78990917,600443.8998240212
563,10088.19931,0.033843000000000005,100.0,0.0,10188.165467,632.0,357467.7102712778,0.0,241427.3156491249,598895.0259204027,357773.1099148511,0.0,242670.78990917,600443.8998240212
564,10086.59777,0.034347,100.0,0.0,10186.563423,720.0,357467.7102712778,0.0,241427.3156491249,598895.0259204027,357773.1099148511,0.0,242670.78990917,600443.8998240212
565,10084.99623,0.032327,0.0,100.0,9984.963903,620.0,357467.7102712778,0.0,241427.3156491249,598895.0259204027,357773.1099148511,0.0,242670.78990917,600443.8998240212
566,10083.3947,0.027829,0.0,100.0,9983.366871,520.0,357467.7102712778,0.0,241427.3156491249,598895.0259204027,357773.1099148511,0.0,242670.78990917,600443.8998240212
567,10081.79316,0.022343000000000002,0.0,100.0,9981.770816999999,420.0,357467.7102712778,0.0,241427.3156491249,598895.0259204027,357773.1099148511,0.0,242670.78990917,600443.8998240212
568,10080.19163,0.008954,0.0,100.0,9980.182675999999,320.0,357467.7102712778,0.0,241427.3156491249,598895.0259204027,357773.1099148511,0.0,242670.78990917,600443.8998240212
569,10078.59009,0.002578,0.0,100.0,9978.587512,220.0,357467.7102712778,0.0,241427.3156491249,598895.0259204027,357773.1099148511,0.0,242670.78990917,600443.8998240212
570,10076.98855,0.002164,0.0,100.0,9976.986386,120.0,357467.7102712778,0.0,241427.3156491249,598895.0259204027,357773.1099148511,0.0,242670.78990917,600443.8998240212
571,10075.58415,0.0,0.0,0.0,10075.58415,120.0,357467.7102712778,0.0,241427.3156491249,598895.0259204027,357773.1099148511,0.0,242670.78990917,600443.8998240212
572,10074.1828,0.0,0.0,40.0,10034.1828,80.0,357467.7102712778,0.0,241427.3156491249,598895.0259204027,357773.1099148511,0.0,242670.78990917,600443.8998240212
573,10072.78146,0.0,0.0,0.0,10072.78146,80.0,357467.7102712778,0.0,241427.3156491249,598895.0259204027,357773.1099148511,0.0,242670.78990917,600443.8998240212
574,10071.38011,0.0,0.0,0.0,10071.38011,80.0,357467.7102712778,0.0,241427.3156491249,598895.0259204027,357773.1099148511,0.0,242670.78990917,600443.8998240212
575,10069.97877,0.0,0.0,0.0,10069.97877,80.0,357467.7102712778,0.0,241427.3156491249,598895.0259204027,357773.1099148511,0.0,242670.78990917,600443.8998240212
576,10068.41079,0.0,0.0,0.0,10068.41079,80.0,357467.7102712778,0.0,241427.3156491249,598895.0259204027,357773.1099148511,0.0,242670.78990917,600443.8998240212
577,10066.80926,0.0,0.0,0.0,10066.80926,80.0,357467.7102712778,0.0,241427.3156491249,598895.0259204027,357773.1099148511,0.0,242670.78990917,600443.8998240212
578,10065.20772,0.0,0.0,0.0,10065.20772,80.0,357467.7102712778,0.0,241427.3156491249,598895.0259204027,357773.1099148511,0.0,242670.78990917,600443.8998240212
579,10063.60619,0.0,0.0,0.0,10063.60619,80.0,357467.7102712778,0.0,241427.3156491249,598895.0259204027,357773.1099148511,0.0,242670.78990917,600443.8998240212
580,10062.00465,0.0,0.0,0.0,10062.00465,80.0,357467.7102712778,0.0,241427.3156491249,598895.0259204027,357773.1099148511,0.0,242670.78990917,600443.8998240212
581,10059.85859,0.001456,27.2727272727273,0.0,10087.129861272728,104.0,357467.7102712778,0.0,241427.3156491249,598895.0259204027,357773.1099148511,0.0,242670.78990917,600443.8998240212
582,10057.45629,0.003241,100.0,0.0,10157.453049,192.0,357467.7102712778,0.0,241427.3156491249,598895.0259204027,357773.1099148511,0.0,242670.78990917,600443.8998240212
583,10055.05398,0.011210000000000001,100.0,0.0,10155.04277,280.0,357467.7102712778,0.0,241427.3156491249,598895.0259204027,357773.1099148511,0.0,242670.78990917,600443.8998240212
584,10052.65168,0.019843,100.0,0.0,10152.631837,368.0,357467.7102712778,0.0,241427.3156491249,598895.0259204027,357773.1099148511,0.0,242670.78990917,600443.8998240212
585,10050.24937,0.026203,100.0,0.0,10150.223167,456.0,357467.7102712778,0.0,241427.3156491249,598895.0259204027,357773.1099148511,0.0,242670.78990917,600443.8998240212
586,10047.84707,0.031884,100.0,0.0,10147.815186,544.0,357467.7102712778,0.0,241427.3156491249,598895.0259204027,357773.1099148511,0.0,242670.78990917,600443.8998240212
587,10045.44476,0.034139,100.0,0.0,10145.410621,632.0,357467.7102712778,0.0,241427.3156491249,598895.0259204027,357773.1099148511,0.0,242670.78990917,600443.8998240212
588,10043.04246,0.033305,100.0,0.0,10143.009155,720.0,357467.7102712778,0.0,241427.3156491249,598895.0259204027,357773.1099148511,0.0,242670.78990917,600443.8998240212
589,10040.64015,0.031612,0.0,100.0,9940.608537999999,620.0,357467.7102712778,0.0,241427.3156491249,598895.0259204027,357773.1099148511,0.0,242670.78990917,600443.8998240212
590,10038.23785,0.027511,0.0,100.0,9938.210339,520.0,357467.7102712778,0.0,241427.3156491249,598895.0259204027,357773.1099148511,0.0,242670.78990917,600443.8998240212
591,10035.91068,0.021704,0.0,100.0,9935.888976,420.0,357467.7102712778,0.0,241427.3156491249,598895.0259204027,357773.1099148511,0.0,242670.78990917,600443.8998240212
592,10033.70856,0.013737000000000001,0.0,100.0,9933.694823,320.0,357467.7102712778,0.0,241427.3156491249,598895.0259204027,357773.1099148511,0.0,242670.78990917,600443.8998240212
593,10031.50645,0.00475,0.0,100.0,9931.5017,220.0,357467.7102712778,0.0,241427.3156491249,598895.0259204027,357773.1099148511,0.0,242670.78990917,600443.8998240212
594,10029.30434,0.000885,0.0,100.0,9929.303455000001,120.0,357467.7102712778,0.0,241427.3156491249,598895.0259204027,357773.1099148511,0.0,242670.78990917,600443.8998240212
595,10027.10223,0.0,0.0,40.0,9987.10223,80.0,357467.7102712778,0.0,241427.3156491249,598895.0259204027,357773.1099148511,0.0,242670.78990917,600443.8998240212
596,10024.85548,0.0,0.0,0.0,10024.85548,80.0,357467.7102712778,0.0,241427.3156491249,598895.0259204027,357773.1099148511,0.0,242670.78990917,600443.8998240212
597,10022.45318,0.0,0.0,0.0,10022.45318,80.0,357467.7102712778,0.0,241427.3156491249,598895.0259204027,357773.1099148511,0.0,242670.78990917,600443.8998240212
598,10020.05087,0.0,0.0,0.0,10020.05087,80.0,357467.7102712778,0.0,241427.3156491249,598895.0259204027,357773.1099148511,0.0,242670.78990917,600443.8998240212
599,10017.64857,0.0,0.0,0.0,10017.64857,80.0,357467.7102712778,0.0,241427.3156491249,598895.0259204027,357773.1099148511,0.0,242670.78990917,600443.8998240212
600,10015.24626,0.0,0.0,0.0,10015.24626,80.0,357467.7102712778,0.0,241427.3156491249,598895.0259204027,357773.1099148511,0.0,242670.78990917,600443.8998240212
601,10012.87222,0.0,0.0,0.0,10012.87222,80.0,357467.7102712778,0.0,241427.3156491249,598895.0259204027,357773.1099148511,0.0,242670.78990917,600443.8998240212
602,10010.8703,0.0,0.0,0.0,10010.8703,80.0,357467.7102712778,0.0,241427.3156491249,598895.0259204027,357773.1099148511,0.0,242670.78990917,600443.8998240212
603,10008.86838,0.0,0.0,0.0,10008.86838,80.0,357467.7102712778,0.0,241427.3156491249,598895.0259204027,357773.1099148511,0.0,242670.78990917,600443.8998240212
604,10006.86646,0.0,0.0,0.0,10006.86646,80.0,357467.7102712778,0.0,241427.3156491249,598895.0259204027,357773.1099148511,0.0,242670.78990917,600443.8998240212
605,10004.86454,0.0015249999999999999,27.2727272727273,0.0,10032.135742272729,104.0,357467.7102712778,0.0,241427.3156491249,598895.0259204027,357773.1099148511,0.0,242670.78990917,600443.8998240212
606,10002.86262,0.002928,100.0,0.0,10102.859692,192.0,357467.7102712778,0.0,241427.3156491249,598895.0259204027,357773.1099148511,0.0,242670.78990917,600443.8998240212
607,10001.22835,0.011389,100.0,0.0,10101.216961,280.0,357467.7102712778,0.0,241427.3156491249,598895.0259204027,357773.1099148511,0.0,242670.78990917,600443.8998240212
608,9999.62681,0.019771999999999998,100.0,0.0,10099.607038,368.0,357467.7102712778,0.0,241427.3156491249,598895.0259204027,357773.1099148511,0.0,242670.78990917,600443.8998240212
609,9998.025274,0.026588,100.0,0.0,10097.998685999999,456.0,357467.7102712778,0.0,241427.3156491249,598895.0259204027,357773.1099148511,0.0,242670.78990917,600443.8998240212
610,9996.423737,0.030821,100.0,0.0,10096.392915999999,544.0,357467.7102712778,0.0,241427.3156491249,598895.0259204027,357773.1099148511,0.0,242670.78990917,600443.8998240212
611,9994.822201,0.033584,100.0,0.0,10094.788617,632.0,357467.7102712778,0.0,241427.3156491249,598895.0259204027,357773.1099148511,0.0,242670.78990917,600443.8998240212
612,9993.527312,0.033612,100.0,0.0,10093.4937,720.0,357467.7102712778,0.0,241427.3156491249,598895.0259204027,357773.1099148511,0.0,242670.78990917,600443.8998240212
613,9992.326159,0.031913000000000004,0.0,100.0,9892.294246,620.0,357467.7102712778,0.0,241427.3156491249,598895.0259204027,357773.1099148511,0.0,242670.78990917,600443.8998240212
614,9991.125007,0.028536000000000002,0.0,100.0,9891.096471,520.0,357467.7102712778,0.0,241427.3156491249,598895.0259204027,357773.1099148511,0.0,242670.78990917,600443.8998240212
615,9989.923855,0.019586,0.0,100.0,9889.904268999999,420.0,357467.7102712778,0.0,241427.3156491249,598895.0259204027,357773.1099148511,0.0,242670.78990917,600443.8998240212
616,9988.722703,0.01495,0.0,100.0,9888.707752999999,320.0,357467.7102712778,0.0,241427.3156491249,598895.0259204027,357773.1099148511,0.0,242670.78990917,600443.8998240212
617,9987.52155,0.004813,0.0,100.0,9887.516737,220.0,357467.7102712778,0.0,241427.3156491249,598895.0259204027,357773.1099148511,0.0,242670.78990917,600443.8998240212
618,9986.320398,0.000971,0.0,100.0,9886.319427,120.0,357467.7102712778,0.0,241427.3156491249,598895.0259204027,357773.1099148511,0.0,242670.78990917,600443.8998240212
619,9985.119246,0.0,0.0,40.0,9945.119246,80.0,357467.7102712778,0.0,241427.3156491249,598895.0259204027,357773.1099148511,0.0,242670.78990917,600443.8998240212
620,9983.918093,0.0,0.0,0.0,9983.918093,80.0,357467.7102712778,0.0,241427.3156491249,598895.0259204027,357773.1099148511,0.0,242670.78990917,600443.8998240212
621,9982.716941,0.0,0.0,0.0,9982.716941,80.0,357467.7102712778,0.0,241427.3156491249,598895.0259204027,357773.1099148511,0.0,242670.78990917,600443.8998240212
622,9981.608113,0.0,0.0,0.0,9981.608113,80.0,357467.7102712778,0.0,241427.3156491249,598895.0259204027,357773.1099148511,0.0,242670.78990917,600443.8998240212
623,9980.607153,0.0,0.0,0.0,9980.607153,80.0,357467.7102712778,0.0,241427.3156491249,598895.0259204027,357773.1099148511,0.0,242670.78990917,600443.8998240212
624,9979.606192,0.0,0.0,0.0,9979.606192,80.0,357467.7102712778,0.0,241427.3156491249,598895.0259204027,357773.1099148511,0.0,242670.78990917,600443.8998240212
625,9978.605232,0.0,0.0,0.0,9978.605232,80.0,357467.7102712778,0.0,241427.3156491249,598895.0259204027,357773.1099148511,0.0,242670.78990917,600443.8998240212
626,9977.604272,0.0,0.0,0.0,9977.604272,80.0,357467.7102712778,0.0,241427.3156491249,598895.0259204027,357773.1099148511,0.0,242670.78990917,600443.8998240212
627,9976.541488,0.0,0.0,0.0,9976.541488,80.0,357467.7102712778,0.0,241427.3156491249,598895.0259204027,357773.1099148511,0.0,242670.78990917,600443.8998240212
628,9975.340335,0.0,0.0,0.0,9975.340335,80.0,357467.7102712778,0.0,241427.3156491249,598895.0259204027,357773.1099148511,0.0,242670.78990917,600443.8998240212
629,9974.139183,0.001377,27.2727272727273,0.0,10001.410533272727,104.0,357467.7102712778,0.0,241427.3156491249,598895.0259204027,357773.1099148511,0.0,242670.78990917,600443.8998240212
630,9972.938031,0.002774,100.0,0.0,10072.935257,192.0,357467.7102712778,0.0,241427.3156491249,598895.0259204027,357773.1099148511,0.0,242670.78990917,600443.8998240212
631,9971.736879,0.011118000000000001,100.0,0.0,10071.725761,280.0,357467.7102712778,0.0,241427.3156491249,598895.0259204027,357773.1099148511,0.0,242670.78990917,600443.8998240212
632,9970.567051,0.020279000000000002,100.0,0.0,10070.546772,368.0,357467.7102712778,0.0,241427.3156491249,598895.0259204027,357773.1099148511,0.0,242670.78990917,600443.8998240212
633,9969.56609,0.027102,100.0,0.0,10069.538988,456.0,357467.7102712778,0.0,241427.3156491249,598895.0259204027,357773.1099148511,0.0,242670.78990917,600443.8998240212
634,9968.56513,0.031053,100.0,0.0,10068.534077,544.0,357467.7102712778,0.0,241427.3156491249,598895.0259204027,357773.1099148511,0.0,242670.78990917,600443.8998240212
635,9967.56417,0.033399000000000005,100.0,0.0,10067.530771,632.0,357467.7102712778,0.0,241427.3156491249,598895.0259204027,357773.1099148511,0.0,242670.78990917,600443.8998240212
636,9966.56321,0.033162,100.0,0.0,10066.530048,720.0,357467.7102712778,0.0,241427.3156491249,598895.0259204027,357773.1099148511,0.0,242670.78990917,600443.8998240212
637,9965.561425,0.031601,0.0,100.0,9865.529824,620.0,357467.7102712778,0.0,241427.3156491249,598895.0259204027,357773.1099148511,0.0,242670.78990917,600443.8998240212
638,9964.360273,0.027347000000000003,0.0,100.0,9864.332926000001,520.0,357467.7102712778,0.0,241427.3156491249,598895.0259204027,357773.1099148511,0.0,242670.78990917,600443.8998240212
639,9963.159121,0.021267,0.0,100.0,9863.137854,420.0,357467.7102712778,0.0,241427.3156491249,598895.0259204027,357773.1099148511,0.0,242670.78990917,600443.8998240212
640,9961.957968,0.013257,0.0,100.0,9861.944711,320.0,357467.7102712778,0.0,241427.3156491249,598895.0259204027,357773.1099148511,0.0,242670.78990917,600443.8998240212
641,9960.756816,0.0033490000000000004,0.0,100.0,9860.753466999999,220.0,357467.7102712778,0.0,241427.3156491249,598895.0259204027,357773.1099148511,0.0,242670.78990917,600443.8998240212
642,9959.555664,0.0008359999999999999,0.0,100.0,9859.554828,120.0,357467.7102712778,0.0,241427.3156491249,598895.0259204027,357773.1099148511,0.0,242670.78990917,600443.8998240212
643,9958.183995,0.0,0.0,40.0,9918.183995,80.0,357467.7102712778,0.0,241427.3156491249,598895.0259204027,357773.1099148511,0.0,242670.78990917,600443.8998240212
644,9956.782651,0.0,0.0,0.0,9956.782651,80.0,357467.7102712778,0.0,241427.3156491249,598895.0259204027,357773.1099148511,0.0,242670.78990917,600443.8998240212
645,9955.381306,0.0,0.0,0.0,9955.381306,80.0,357467.7102712778,0.0,241427.3156491249,598895.0259204027,357773.1099148511,0.0,242670.78990917,600443.8998240212
646,9953.979962,0.0,0.0,0.0,9953.979962,80.0,357467.7102712778,0.0,241427.3156491249,598895.0259204027,357773.1099148511,0.0,242670.78990917,600443.8998240212
647,9952.578618,0.0,0.0,0.0,9952.578618,80.0,357467.7102712778,0.0,241427.3156491249,598895.0259204027,357773.1099148511,0.0,242670.78990917,600443.8998240212
648,9951.037257,0.0,0.0,0.0,9951.037257,80.0,357467.7102712778,0.0,241427.3156491249,598895.0259204027,357773.1099148511,0.0,242670.78990917,600443.8998240212
649,9949.43572,0.0,0.0,0.0,9949.43572,80.0,357467.7102712778,0.0,241427.3156491249,598895.0259204027,357773.1099148511,0.0,242670.78990917,600443.8998240212
650,9947.834184,0.0,0.0,0.0,9947.834184,80.0,357467.7102712778,0.0,241427.3156491249,598895.0259204027,357773.1099148511,0.0,242670.78990917,600443.8998240212
651,9946.232648,0.0,0.0,0.0,9946.232648,80.0,357467.7102712778,0.0,241427.3156491249,598895.0259204027,357773.1099148511,0.0,242670.78990917,600443.8998240212
652,9944.631111,0.0,0.0,0.0,9944.631111,80.0,357467.7102712778,0.0,241427.3156491249,598895.0259204027,357773.1099148511,0.0,242670.78990917,600443.8998240212
653,9942.920058,0.0014399999999999999,27.2727272727273,0.0,9970.191345272728,104.0,357467.7102712778,0.0,241427.3156491249,598895.0259204027,357773.1099148511,0.0,242670.78990917,600443.8998240212
654,9941.11833,0.002927,100.0,0.0,10041.115403,192.0,357467.7102712778,0.0,241427.3156491249,598895.0259204027,357773.1099148511,0.0,242670.78990917,600443.8998240212
655,9939.316601,0.011309,100.0,0.0,10039.305292000001,280.0,357467.7102712778,0.0,241427.3156491249,598895.0259204027,357773.1099148511,0.0,242670.78990917,600443.8998240212
656,9937.514873,0.020005,100.0,0.0,10037.494868,368.0,357467.7102712778,0.0,241427.3156491249,598895.0259204027,357773.1099148511,0.0,242670.78990917,600443.8998240212
657,9935.713145,0.026716,100.0,0.0,10035.686429,456.0,357467.7102712778,0.0,241427.3156491249,598895.0259204027,357773.1099148511,0.0,242670.78990917,600443.8998240212
658,9933.911416,0.030719000000000003,100.0,0.0,10033.880697,544.0,357467.7102712778,0.0,241427.3156491249,598895.0259204027,357773.1099148511,0.0,242670.78990917,600443.8998240212
659,9932.109688,0.033299999999999996,100.0,0.0,10032.076388000001,632.0,357467.7102712778,0.0,241427.3156491249,598895.0259204027,357773.1099148511,0.0,242670.78990917,600443.8998240212
660,9930.307959,0.033508,100.0,0.0,10030.274451,720.0,357467.7102712778,0.0,241427.3156491249,598895.0259204027,357773.1099148511,0.0,242670.78990917,600443.8998240212
661,9928.506231,0.031659,0.0,100.0,9828.474572,620.0,357467.7102712778,0.0,241427.3156491249,598895.0259204027,357773.1099148511,0.0,242670.78990917,600443.8998240212
662,9926.704503,0.02789,0.0,100.0,9826.676613000001,520.0,357467.7102712778,0.0,241427.3156491249,598895.0259204027,357773.1099148511,0.0,242670.78990917,600443.8998240212
663,9924.951291,0.021587,0.0,100.0,9824.929704,420.0,357467.7102712778,0.0,241427.3156491249,598895.0259204027,357773.1099148511,0.0,242670.78990917,600443.8998240212
664,9923.349755,0.013601000000000002,0.0,100.0,9823.336153999999,320.0,357467.7102712778,0.0,241427.3156491249,598895.0259204027,357773.1099148511,0.0,242670.78990917,600443.8998240212
665,9921.748219,0.003063,0.0,100.0,9821.745155999999,220.0,357467.7102712778,0.0,241427.3156491249,598895.0259204027,357773.1099148511,0.0,242670.78990917,600443.8998240212
666,9920.146682,0.001059,0.0,100.0,9820.145623,120.0,357467.7102712778,0.0,241427.3156491249,598895.0259204027,357773.1099148511,0.0,242670.78990917,600443.8998240212
667,9918.545146,0.0,0.0,40.0,9878.545146,80.0,357467.7102712778,0.0,241427.3156491249,598895.0259204027,357773.1099148511,0.0,242670.78990917,600443.8998240212
668,9916.961627,0.0,0.0,0.0,9916.961627,80.0,357467.7102712778,0.0,241427.3156491249,598895.0259204027,357773.1099148511,0.0,242670.78990917,600443.8998240212
669,9915.560282,0.0,0.0,0.0,9915.560282,80.0,357467.7102712778,0.0,241427.3156491249,598895.0259204027,357773.1099148511,0.0,242670.78990917,600443.8998240212
670,9914.158938,0.0,0.0,0.0,9914.158938,80.0,357467.7102712778,0.0,241427.3156491249,598895.0259204027,357773.1099148511,0.0,242670.78990917,600443.8998240212
671,9912.757594,0.0,0.0,0.0,9912.757594,80.0,357467.7102712778,0.0,241427.3156491249,598895.0259204027,357773.1099148511,0.0,242670.78990917,600443.8998240212
672,9911.35625,0.0,0.0,0.0,9911.35625,80.0,357467.7102712778,0.0,241427.3156491249,598895.0259204027,357773.1099148511,0.0,242670.78990917,600443.8998240212
673,9909.954905,0.0,0.0,0.0,9909.954905,80.0,357467.7102712778,0.0,241427.3156491249,598895.0259204027,357773.1099148511,0.0,242670.78990917,600443.8998240212
674,9908.553561,0.0,0.0,0.0,9908.553561,80.0,357467.7102712778,0.0,241427.3156491249,598895.0259204027,357773.1099148511,0.0,242670.78990917,600443.8998240212
675,9907.152217,0.0,0.0,0.0,9907.152217,80.0,357467.7102712778,0.0,241427.3156491249,598895.0259204027,357773.1099148511,0.0,242670.78990917,600443.8998240212
676,9905.750872,0.0,0.0,0.0,9905.750872,80.0,357467.7102712778,0.0,241427.3156491249,598895.0259204027,357773.1099148511,0.0,242670.78990917,600443.8998240212
677,9904.349528,0.001242,0.0,0.0,9904.348286,80.0,357467.7102712778,0.0,241427.3156491249,598895.0259204027,357773.1099148511,0.0,242670.78990917,600443.8998240212
678,9902.948184,0.002819,0.0,0.0,9902.945365000001,80.0,357467.7102712778,0.0,241427.3156491249,598895.0259204027,357773.1099148511,0.0,242670.78990917,600443.8998240212
679,9901.861259,0.010808,0.0,0.0,9901.850450999998,80.0,357467.7102712778,0.0,241427.3156491249,598895.0259204027,357773.1099148511,0.0,242670.78990917,600443.8998240212
680,9900.860298,0.019281,0.0,0.0,9900.841016999999,80.0,357467.7102712778,0.0,241427.3156491249,598895.0259204027,357773.1099148511,0.0,242670.78990917,600443.8998240212
681,9899.859338,0.026565000000000002,0.0,0.0,9899.832773,80.0,357467.7102712778,0.0,241427.3156491249,598895.0259204027,357773.1099148511,0.0,242670.78990917,600443.8998240212
682,9898.858378,0.029539000000000003,0.0,0.0,9898.828839000002,80.0,357467.7102712778,0.0,241427.3156491249,598895.0259204027,357773.1099148511,0.0,242670.78990917,600443.8998240212
683,9897.857418,0.032852,0.0,0.0,9897.824566,80.0,357467.7102712778,0.0,241427.3156491249,598895.0259204027,357773.1099148511,0.0,242670.78990917,600443.8998240212
684,9896.729748,0.033623,0.0,0.0,9896.696125,80.0,357467.7102712778,0.0,241427.3156491249,598895.0259204027,357773.1099148511,0.0,242670.78990917,600443.8998240212
685,9895.528595,0.030531,0.0,0.0,9895.498064,80.0,357467.7102712778,0.0,241427.3156491249,598895.0259204027,357773.1099148511,0.0,242670.78990917,600443.8998240212
686,9894.327443,0.028118,0.0,0.0,9894.299325,80.0,357467.7102712778,0.0,241427.3156491249,598895.0259204027,357773.1099148511,0.0,242670.78990917,600443.8998240212
687,9893.126291,0.014179,0.0,0.0,9893.112112,80.0,357467.7102712778,0.0,241427.3156491249,598895.0259204027,357773.1099148511,0.0,242670.78990917,600443.8998240212
688,9891.925139,0.006352000000000001,0.0,0.0,9891.918787,80.0,357467.7102712778,0.0,241427.3156491249,598895.0259204027,357773.1099148511,0.0,242670.78990917,600443.8998240212
689,9890.627776,0.003579,0.0,0.0,9890.624197,80.0,357467.7102712778,0.0,241427.3156491249,598895.0259204027,357773.1099148511,0.0,242670.78990917,600443.8998240212
690,9889.226432,0.0019039999999999999,0.0,0.0,9889.224527999999,80.0,357467.7102712778,0.0,241427.3156491249,598895.0259204027,357773.1099148511,0.0,242670.78990917,600443.8998240212
691,9887.825088,0.0,0.0,0.0,9887.825088,80.0,357467.7102712778,0.0,241427.3156491249,598895.0259204027,357773.1099148511,0.0,242670.78990917,600443.8998240212
692,9886.423744,0.0,0.0,0.0,9886.423744,80.0,357467.7102712778,0.0,241427.3156491249,598895.0259204027,357773.1099148511,0.0,242670.78990917,600443.8998240212
693,9885.022399,0.0,0.0,0.0,9885.022399,80.0,357467.7102712778,0.0,241427.3156491249,598895.0259204027,357773.1099148511,0.0,242670.78990917,600443.8998240212
694,9883.686765,0.0,0.0,0.0,9883.686765,80.0,357467.7102712778,0.0,241427.3156491249,598895.0259204027,357773.1099148511,0.0,242670.78990917,600443.8998240212
695,9882.485613,0.0,0.0,0.0,9882.485613,80.0,357467.7102712778,0.0,241427.3156491249,598895.0259204027,357773.1099148511,0.0,242670.78990917,600443.8998240212
696,9881.28446,0.0,0.0,0.0,9881.28446,80.0,357467.7102712778,0.0,241427.3156491249,598895.0259204027,357773.1099148511,0.0,242670.78990917,600443.8998240212
697,9880.083308,0.0,0.0,0.0,9880.083308,80.0,357467.7102712778,0.0,241427.3156491249,598895.0259204027,357773.1099148511,0.0,242670.78990917,600443.8998240212
698,9878.882156,0.0,0.0,0.0,9878.882156,80.0,357467.7102712778,0.0,241427.3156491249,598895.0259204027,357773.1099148511,0.0,242670.78990917,600443.8998240212
699,9877.645793,0.0,0.0,0.0,9877.645793,80.0,357467.7102712778,0.0,241427.3156491249,598895.0259204027,357773.1099148511,0.0,242670.78990917,600443.8998240212
700,9876.244449,0.0,0.0,0.0,9876.244449,80.0,357467.7102712778,0.0,241427.3156491249,598895.0259204027,357773.1099148511,0.0,242670.78990917,600443.8998240212
701,9874.843105,0.0012250000000000002,0.0,0.0,9874.84188,80.0,357467.7102712778,0.0,241427.3156491249,598895.0259204027,357773.1099148511,0.0,242670.78990917,600443.8998240212
702,9873.441761,0.003559,0.0,0.0,9873.438202,80.0,357467.7102712778,0.0,241427.3156491249,598895.0259204027,357773.1099148511,0.0,242670.78990917,600443.8998240212
703,9872.040416,0.010646000000000001,0.0,0.0,9872.02977,80.0,357467.7102712778,0.0,241427.3156491249,598895.0259204027,357773.1099148511,0.0,242670.78990917,600443.8998240212
704,9870.634361,0.019442,0.0,0.0,9870.614919,80.0,357467.7102712778,0.0,241427.3156491249,598895.0259204027,357773.1099148511,0.0,242670.78990917,600443.8998240212
705,9869.032825,0.025687,0.0,0.0,9869.007138,80.0,357467.7102712778,0.0,241427.3156491249,598895.0259204027,357773.1099148511,0.0,242670.78990917,600443.8998240212
706,9867.431289,0.030657,0.0,0.0,9867.400632,80.0,357467.7102712778,0.0,241427.3156491249,598895.0259204027,357773.1099148511,0.0,242670.78990917,600443.8998240212
707,9865.829752,0.03325,0.0,0.0,9865.796502,80.0,357467.7102712778,0.0,241427.3156491249,598895.0259204027,357773.1099148511,0.0,242670.78990917,600443.8998240212
708,9864.228216,0.033905000000000005,0.0,0.0,9864.194311,80.0,357467.7102712778,0.0,241427.3156491249,598895.0259204027,357773.1099148511,0.0,242670.78990917,600443.8998240212
709,9862.62668,0.013551,0.0,0.0,9862.613129,80.0,357467.7102712778,0.0,241427.3156491249,598895.0259204027,357773.1099148511,0.0,242670.78990917,600443.8998240212
710,9861.025143,0.007964,0.0,0.0,9861.017179,80.0,357467.7102712778,0.0,241427.3156491249,598895.0259204027,357773.1099148511,0.0,242670.78990917,600443.8998240212
711,9859.423607,0.011456,0.0,0.0,9859.412151,80.0,357467.7102712778,0.0,241427.3156491249,598895.0259204027,357773.1099148511,0.0,242670.78990917,600443.8998240212
712,9857.822071,0.008763,0.0,0.0,9857.813308,80.0,357467.7102712778,0.0,241427.3156491249,598895.0259204027,357773.1099148511,0.0,242670.78990917,600443.8998240212
713,9856.220534,0.005242,0.0,0.0,9856.215292,80.0,357467.7102712778,0.0,241427.3156491249,598895.0259204027,357773.1099148511,0.0,242670.78990917,600443.8998240212
714,9854.618998,0.0011330000000000001,0.0,0.0,9854.617865,80.0,357467.7102712778,0.0,241427.3156491249,598895.0259204027,357773.1099148511,0.0,242670.78990917,600443.8998240212
715,9853.736975,0.0,0.0,0.0,9853.736975,80.0,357467.7102712778,0.0,241427.3156491249,598895.0259204027,357773.1099148511,0.0,242670.78990917,600443.8998240212
716,9853.136399,0.0,63.6363636363636,0.0,9916.772762636365,136.0,357467.7102712778,0.0,241427.3156491249,598895.0259204027,357773.1099148511,0.0,242670.78990917,600443.8998240212
717,9852.535823,0.0,100.0,0.0,9952.535823,224.0,357467.7102712778,0.0,241427.3156491249,598895.0259204027,357773.1099148511,0.0,242670.78990917,600443.8998240212
718,9851.935247,0.0,100.0,0.0,9951.935247,312.0,357467.7102712778,0.0,241427.3156491249,598895.0259204027,357773.1099148511,0.0,242670.78990917,600443.8998240212
719,9851.334671,0.0,100.0,0.0,9951.334671,400.0,357467.7102712778,0.0,241427.3156491249,598895.0259204027,357773.1099148511,0.0,242670.78990917,600443.8998240212
