time,Pload,Ppv,Pcharge,Pdischarge,Ptotal,state of charge,energy_charge_with_es,nem_charge_with_es,demand_charge_with_es,total_bill_with_es,energy_charge_without_es,nem_charge_without_es,demand_charge_without_es,total_bill_without_es
0,9874.031149,0.0,437.627716795454,0.0,10311.658865795454,2385.11239078,335025.1319225868,0.0,181644.4299497166,516669.5618723034,335378.81605900056,0.0,185580.928755,520959.74481400056
1,9872.429613,0.0,3.33940600000269,0.0,9875.769019000003,2388.05106806,335025.1319225868,0.0,181644.4299497166,516669.5618723034,335378.81605900056,0.0,185580.928755,520959.74481400056
2,9870.828077,0.0,0.0,0.0,9870.828077,2388.05106806,335025.1319225868,0.0,181644.4299497166,516669.5618723034,335378.81605900056,0.0,185580.928755,520959.74481400056
3,9869.22654,0.0,0.0,0.0,9869.22654,2388.05106806,335025.1319225868,0.0,181644.4299497166,516669.5618723034,335378.81605900056,0.0,185580.928755,520959.74481400056
4,9867.625004,0.0,0.0,0.0,9867.625004,2388.05106806,335025.1319225868,0.0,181644.4299497166,516669.5618723034,335378.81605900056,0.0,185580.928755,520959.74481400056
5,9866.023468,0.0,0.0,0.0,9866.023468,2388.05106806,335025.1319225868,0.0,181644.4299497166,516669.5618723034,335378.81605900056,0.0,185580.928755,520959.74481400056
6,9864.148728,0.0036810000000000002,0.0,0.0,9864.145047,2388.05106806,335025.1319225868,0.0,181644.4299497166,516669.5618723034,335378.81605900056,0.0,185580.928755,520959.74481400056
7,9862.146808,0.013374,0.0,0.0,9862.133434,2388.05106806,335025.1319225868,0.0,181644.4299497166,516669.5618723034,335378.81605900056,0.0,185580.928755,520959.74481400056
8,9860.144887,0.024202,0.0,0.0,9860.120685,2388.05106806,335025.1319225868,0.0,181644.4299497166,516669.5618723034,335378.81605900056,0.0,185580.928755,520959.74481400056
9,9858.142967,0.031686,0.0,0.0,9858.111281,2388.05106806,335025.1319225868,0.0,181644.4299497166,516669.5618723034,335378.81605900056,0.0,185580.928755,520959.74481400056
10,9856.141046,0.036026,455.553845795454,0.0,10311.658865795454,2788.93845236,335025.1319225868,0.0,181644.4299497166,516669.5618723034,335378.81605900056,0.0,185580.928755,520959.74481400056
11,9852.972006,0.04143,458.728289795454,0.0,10311.658865795454,3192.61934738,335025.1319225868,0.0,181644.4299497166,516669.5618723034,335378.81605900056,0.0,185580.928755,520959.74481400056
12,9848.767973,0.041667,462.932559795454,0.0,10311.658865795454,3600.0,335025.1319225868,0.0,181644.4299497166,516669.5618723034,335378.81605900056,0.0,185580.928755,520959.74481400056
13,9844.56394,0.038604,0.0,1000.0,8844.525336,2600.0,335025.1319225868,0.0,181644.4299497166,516669.5618723034,335378.81605900056,0.0,185580.928755,520959.74481400056
14,9840.359907,0.033273000000000004,0.0,1000.0,8840.326634000001,1600.0,335025.1319225868,0.0,181644.4299497166,516669.5618723034,335378.81605900056,0.0,185580.928755,520959.74481400056
15,9836.155874,0.025978,0.0,535.239155625,9300.890740375,1064.760844375,335025.1319225868,0.0,181644.4299497166,516669.5618723034,335378.81605900056,0.0,185580.928755,520959.74481400056
16,9831.951842,0.015332000000000002,0.0,141.348918874999,9690.587591125,923.411925500001,335025.1319225868,0.0,181644.4299497166,516669.5618723034,335378.81605900056,0.0,185580.928755,520959.74481400056
17,9827.747809,0.0044800000000000005,0.0,137.155737875,9690.587591125,786.256187625,335025.1319225868,0.0,181644.4299497166,516669.5618723034,335378.81605900056,0.0,185580.928755,520959.74481400056
18,9823.543776,0.000268,0.0,132.955916875,9690.587591125,653.30027075,335025.1319225868,0.0,181644.4299497166,516669.5618723034,335378.81605900056,0.0,185580.928755,520959.74481400056
19,9819.339743,0.0,0.0,128.752151875,9690.587591125,524.548118875,335025.1319225868,0.0,181644.4299497166,516669.5618723034,335378.81605900056,0.0,185580.928755,520959.74481400056
20,9815.13571,0.0,0.0,124.548118875,9690.587591125,400.0,335025.1319225868,0.0,181644.4299497166,516669.5618723034,335378.81605900056,0.0,185580.928755,520959.74481400056
21,9810.931677,0.0,500.727188795454,0.0,10311.658865795454,840.639926139999,335025.1319225868,0.0,181644.4299497166,516669.5618723034,335378.81605900056,0.0,185580.928755,520959.74481400056
22,9806.727644,0.0,504.931221795454,0.0,10311.658865795454,1284.97940132,335025.1319225868,0.0,181644.4299497166,516669.5618723034,335378.81605900056,0.0,185580.928755,520959.74481400056
23,9802.523611,0.0,509.135254795454,0.0,10311.658865795454,1733.01842554,335025.1319225868,0.0,181644.4299497166,516669.5618723034,335378.81605900056,0.0,185580.928755,520959.74481400056
24,9798.319578,0.0,470.082685590911,0.0,10268.402263590911,2146.69118886,335025.1319225868,0.0,181644.4299497166,516669.5618723034,335378.81605900056,0.0,185580.928755,520959.74481400056
25,9794.115545,0.0,0.0,0.0,9794.115545,2146.69118886,335025.1319225868,0.0,181644.4299497166,516669.5618723034,335378.81605900056,0.0,185580.928755,520959.74481400056
26,9789.940717,0.0,0.0,0.0,9789.940717,2146.69118886,335025.1319225868,0.0,181644.4299497166,516669.5618723034,335378.81605900056,0.0,185580.928755,520959.74481400056
27,9786.137068,0.0,0.0,0.0,9786.137068,2146.69118886,335025.1319225868,0.0,181644.4299497166,516669.5618723034,335378.81605900056,0.0,185580.928755,520959.74481400056
28,9782.333419,0.0,0.0,0.0,9782.333419,2146.69118886,335025.1319225868,0.0,181644.4299497166,516669.5618723034,335378.81605900056,0.0,185580.928755,520959.74481400056
29,9778.52977,0.0,0.0,0.0,9778.52977,2146.69118886,335025.1319225868,0.0,181644.4299497166,516669.5618723034,335378.81605900056,0.0,185580.928755,520959.74481400056
30,9774.726121,0.004345,0.0,0.0,9774.721776,2146.69118886,335025.1319225868,0.0,181644.4299497166,516669.5618723034,335378.81605900056,0.0,185580.928755,520959.74481400056
31,9770.922472,0.014374000000000001,0.0,0.0,9770.908098,2146.69118886,335025.1319225868,0.0,181644.4299497166,516669.5618723034,335378.81605900056,0.0,185580.928755,520959.74481400056
32,9768.408885,0.024305,0.0,0.0,9768.38458,2146.69118886,335025.1319225868,0.0,181644.4299497166,516669.5618723034,335378.81605900056,0.0,185580.928755,520959.74481400056
33,9766.00658,0.032602,0.0,0.0,9765.973978,2146.69118886,335025.1319225868,0.0,181644.4299497166,516669.5618723034,335378.81605900056,0.0,185580.928755,520959.74481400056
34,9763.604276,0.038427,548.093016795454,0.0,10311.658865795454,2629.01304364,335025.1319225868,0.0,181644.4299497166,516669.5618723034,335378.81605900056,0.0,185580.928755,520959.74481400056
35,9761.201971,0.038981,550.495875795454,0.0,10311.658865795454,3113.44941434,335025.1319225868,0.0,181644.4299497166,516669.5618723034,335378.81605900056,0.0,185580.928755,520959.74481400056
36,9758.799667,0.03919400000000001,552.898392795456,0.0,10311.658865795454,3600.0,335025.1319225868,0.0,181644.4299497166,516669.5618723034,335378.81605900056,0.0,185580.928755,520959.74481400056
37,9756.704951,0.037491000000000003,0.0,1000.0,8756.66746,2600.0,335025.1319225868,0.0,181644.4299497166,516669.5618723034,335378.81605900056,0.0,185580.928755,520959.74481400056
38,9754.703031,0.031835,0.0,64.0836048749989,9690.587591125,2535.916395125,335025.1319225868,0.0,181644.4299497166,516669.5618723034,335378.81605900056,0.0,185580.928755,520959.74481400056
39,9752.70111,0.024453,0.0,62.0890658749995,9690.587591125,2473.82732925,335025.1319225868,0.0,181644.4299497166,516669.5618723034,335378.81605900056,0.0,185580.928755,520959.74481400056
40,9750.69919,0.015009000000000002,0.0,60.0965898749982,9690.587591125,2413.730739375,335025.1319225868,0.0,181644.4299497166,516669.5618723034,335378.81605900056,0.0,185580.928755,520959.74481400056
41,9748.697269,0.004357000000000001,0.0,58.105320875,9690.587591125,2355.6254185,335025.1319225868,0.0,181644.4299497166,516669.5618723034,335378.81605900056,0.0,185580.928755,520959.74481400056
42,9746.572054,0.00028399999999999996,0.0,901.843067625005,8844.728702374996,1453.782350875,335025.1319225868,0.0,181644.4299497166,516669.5618723034,335378.81605900056,0.0,185580.928755,520959.74481400056
43,9744.369942,0.0,0.0,53.7823508749989,9690.587591125,1400.0,335025.1319225868,0.0,181644.4299497166,516669.5618723034,335378.81605900056,0.0,185580.928755,520959.74481400056
44,9742.167829,0.0,0.0,1000.0,8742.167829,400.0,335025.1319225868,0.0,181644.4299497166,516669.5618723034,335378.81605900056,0.0,185580.928755,520959.74481400056
45,9739.965717,0.0,571.693148795455,0.0,10311.658865795454,903.089970940001,335025.1319225868,0.0,181644.4299497166,516669.5618723034,335378.81605900056,0.0,185580.928755,520959.74481400056
46,9737.763604,0.0,573.895261795455,0.0,10311.658865795454,1408.11780132,335025.1319225868,0.0,181644.4299497166,516669.5618723034,335378.81605900056,0.0,185580.928755,520959.74481400056
47,9735.654287,0.0,576.004578795453,0.0,10311.658865795453,1915.00183066,335025.1319225868,0.0,181644.4299497166,516669.5618723034,335378.81605900056,0.0,185580.928755,520959.74481400056
48,9733.652366,0.0,121.138058590912,0.0,9854.790424590912,2021.60332222,335025.1319225868,0.0,181644.4299497166,516669.5618723034,335378.81605900056,0.0,185580.928755,520959.74481400056
49,9731.650446,0.0,0.0,0.0,9731.650446,2021.60332222,335025.1319225868,0.0,181644.4299497166,516669.5618723034,335378.81605900056,0.0,185580.928755,520959.74481400056
50,9729.648525,0.0,0.0,0.0,9729.648525,2021.60332222,335025.1319225868,0.0,181644.4299497166,516669.5618723034,335378.81605900056,0.0,185580.928755,520959.74481400056
51,9727.646605,0.0,0.0,0.0,9727.646605,2021.60332222,335025.1319225868,0.0,181644.4299497166,516669.5618723034,335378.81605900056,0.0,185580.928755,520959.74481400056
52,9725.644685,0.0,0.0,0.0,9725.644685,2021.60332222,335025.1319225868,0.0,181644.4299497166,516669.5618723034,335378.81605900056,0.0,185580.928755,520959.74481400056
53,9723.642764,3.3e-05,0.0,0.0,9723.642731,2021.60332222,335025.1319225868,0.0,181644.4299497166,516669.5618723034,335378.81605900056,0.0,185580.928755,520959.74481400056
54,9721.640844,0.005654,0.0,0.0,9721.635189999999,2021.60332222,335025.1319225868,0.0,181644.4299497166,516669.5618723034,335378.81605900056,0.0,185580.928755,520959.74481400056
55,9719.638923,0.006719,0.0,0.0,9719.632204,2021.60332222,335025.1319225868,0.0,181644.4299497166,516669.5618723034,335378.81605900056,0.0,185580.928755,520959.74481400056
56,9717.637003,0.014343,0.0,0.0,9717.622659999999,2021.60332222,335025.1319225868,0.0,181644.4299497166,516669.5618723034,335378.81605900056,0.0,185580.928755,520959.74481400056
57,9715.794058,0.018259,0.0,0.0,9715.775799,2021.60332222,335025.1319225868,0.0,181644.4299497166,516669.5618723034,335378.81605900056,0.0,185580.928755,520959.74481400056
58,9714.793098,0.018186,596.883953795454,0.0,10311.658865795454,2546.86120156,335025.1319225868,0.0,181644.4299497166,516669.5618723034,335378.81605900056,0.0,185580.928755,520959.74481400056
59,9713.792138,0.007086,597.873813795453,0.0,10311.658865795454,3072.9901577,335025.1319225868,0.0,181644.4299497166,516669.5618723034,335378.81605900056,0.0,185580.928755,520959.74481400056
60,9712.791178,0.0071330000000000005,598.874820795454,0.0,10311.658865795454,3600.0,335025.1319225868,0.0,181644.4299497166,516669.5618723034,335378.81605900056,0.0,185580.928755,520959.74481400056
61,9711.790217,0.008556,0.0,1000.0,8711.781660999999,2599.99999999999,335025.1319225868,0.0,181644.4299497166,516669.5618723034,335378.81605900056,0.0,185580.928755,520959.74481400056
62,9710.785371,0.005457,0.0,1000.0,8710.779914,1599.99999999999,335025.1319225868,0.0,181644.4299497166,516669.5618723034,335378.81605900056,0.0,185580.928755,520959.74481400056
63,9709.183835,0.0038290000000000004,0.0,18.592414875,9690.587591125,1581.40758512499,335025.1319225868,0.0,181644.4299497166,516669.5618723034,335378.81605900056,0.0,185580.928755,520959.74481400056
64,9707.582298,0.004235,0.0,144.608006499997,9562.970056500002,1436.799578625,335025.1319225868,0.0,181644.4299497166,516669.5618723034,335378.81605900056,0.0,185580.928755,520959.74481400056
65,9705.980762,0.004352000000000001,0.0,15.3888188749988,9690.587591125,1421.41075975,335025.1319225868,0.0,181644.4299497166,516669.5618723034,335378.81605900056,0.0,185580.928755,520959.74481400056
66,9704.379226,0.000357,0.0,1000.0,8704.378868999998,421.410759749999,335025.1319225868,0.0,181644.4299497166,516669.5618723034,335378.81605900056,0.0,185580.928755,520959.74481400056
67,9702.777689,0.0,0.0,12.190097875,9690.587591125,409.220661874999,335025.1319225868,0.0,181644.4299497166,516669.5618723034,335378.81605900056,0.0,185580.928755,520959.74481400056
68,9699.808253,0.0,0.0,9.22066187499877,9690.587591125,400.0,335025.1319225868,0.0,181644.4299497166,516669.5618723034,335378.81605900056,0.0,185580.928755,520959.74481400056
69,9696.60518,0.0,0.0,0.0,9696.60518,400.0,335025.1319225868,0.0,181644.4299497166,516669.5618723034,335378.81605900056,0.0,185580.928755,520959.74481400056
70,9693.402107,0.0,0.0,0.0,9693.402107,400.0,335025.1319225868,0.0,181644.4299497166,516669.5618723034,335378.81605900056,0.0,185580.928755,520959.74481400056
71,9690.199034,0.0,0.0,0.0,9690.199034,400.0,335025.1319225868,0.0,181644.4299497166,516669.5618723034,335378.81605900056,0.0,185580.928755,520959.74481400056
72,9686.995962,0.0,0.0,0.0,9686.995962,400.0,335025.1319225868,0.0,181644.4299497166,516669.5618723034,335378.81605900056,0.0,185580.928755,520959.74481400056
73,9682.949963,0.0,0.0,0.0,9682.949963,400.0,335025.1319225868,0.0,181644.4299497166,516669.5618723034,335378.81605900056,0.0,185580.928755,520959.74481400056
74,9678.545738,0.0,0.0,0.0,9678.545738,400.0,335025.1319225868,0.0,181644.4299497166,516669.5618723034,335378.81605900056,0.0,185580.928755,520959.74481400056
75,9674.141513,0.0,0.0,0.0,9674.141513,400.0,335025.1319225868,0.0,181644.4299497166,516669.5618723034,335378.81605900056,0.0,185580.928755,520959.74481400056
76,9669.737288,0.0,0.0,0.0,9669.737288,400.0,335025.1319225868,0.0,181644.4299497166,516669.5618723034,335378.81605900056,0.0,185580.928755,520959.74481400056
77,9665.333063,0.0,0.0,0.0,9665.333063,400.0,335025.1319225868,0.0,181644.4299497166,516669.5618723034,335378.81605900056,0.0,185580.928755,520959.74481400056
78,9661.148814,0.00475,0.0,0.0,9661.144064,400.0,335025.1319225868,0.0,181644.4299497166,516669.5618723034,335378.81605900056,0.0,185580.928755,520959.74481400056
79,9657.144973,0.013897000000000001,0.0,0.0,9657.131076,400.0,335025.1319225868,0.0,181644.4299497166,516669.5618723034,335378.81605900056,0.0,185580.928755,520959.74481400056
80,9653.141132,0.024822,0.0,0.0,9653.116310000001,400.0,335025.1319225868,0.0,181644.4299497166,516669.5618723034,335378.81605900056,0.0,185580.928755,520959.74481400056
81,9649.137291,0.033302,0.0,0.0,9649.103989,400.0,335025.1319225868,0.0,181644.4299497166,516669.5618723034,335378.81605900056,0.0,185580.928755,520959.74481400056
82,9645.13345,0.037473,0.0,0.0,9645.095976999999,400.0,335025.1319225868,0.0,181644.4299497166,516669.5618723034,335378.81605900056,0.0,185580.928755,520959.74481400056
83,9641.288585,0.019983,0.0,0.0,9641.268602,400.0,335025.1319225868,0.0,181644.4299497166,516669.5618723034,335378.81605900056,0.0,185580.928755,520959.74481400056
84,9637.685128,0.01798,0.0,0.0,9637.667147999999,400.0,335025.1319225868,0.0,181644.4299497166,516669.5618723034,335378.81605900056,0.0,185580.928755,520959.74481400056
85,9634.081672,0.012351,0.0,0.0,9634.069321,400.0,335025.1319225868,0.0,181644.4299497166,516669.5618723034,335378.81605900056,0.0,185580.928755,520959.74481400056
86,9630.478215,0.016645,0.0,0.0,9630.46157,400.0,335025.1319225868,0.0,181644.4299497166,516669.5618723034,335378.81605900056,0.0,185580.928755,520959.74481400056
87,9626.874758,0.006782,0.0,0.0,9626.867976,400.0,335025.1319225868,0.0,181644.4299497166,516669.5618723034,335378.81605900056,0.0,185580.928755,520959.74481400056
88,9623.173325,0.008378,0.0,0.0,9623.164947,400.0,335025.1319225868,0.0,181644.4299497166,516669.5618723034,335378.81605900056,0.0,185580.928755,520959.74481400056
89,9619.169484,0.003613,0.0,0.0,9619.165871,400.0,335025.1319225868,0.0,181644.4299497166,516669.5618723034,335378.81605900056,0.0,185580.928755,520959.74481400056
90,9615.165643,0.000623,0.0,0.0,9615.16502,400.0,335025.1319225868,0.0,181644.4299497166,516669.5618723034,335378.81605900056,0.0,185580.928755,520959.74481400056
91,9611.161802,0.0,0.0,0.0,9611.161802,400.0,335025.1319225868,0.0,181644.4299497166,516669.5618723034,335378.81605900056,0.0,185580.928755,520959.74481400056
92,9607.157961,0.0,0.0,0.0,9607.157961,400.0,335025.1319225868,0.0,181644.4299497166,516669.5618723034,335378.81605900056,0.0,185580.928755,520959.74481400056
93,9603.37598,0.0,0.0,0.0,9603.37598,400.0,335025.1319225868,0.0,181644.4299497166,516669.5618723034,335378.81605900056,0.0,185580.928755,520959.74481400056
94,9601.774444,0.0,0.0,0.0,9601.774444,400.0,335025.1319225868,0.0,181644.4299497166,516669.5618723034,335378.81605900056,0.0,185580.928755,520959.74481400056
95,9600.172908,0.0,0.0,0.0,9600.172908,400.0,335025.1319225868,0.0,181644.4299497166,516669.5618723034,335378.81605900056,0.0,185580.928755,520959.74481400056
96,9598.571371,0.0,0.0,0.0,9598.571371,400.0,335025.1319225868,0.0,181644.4299497166,516669.5618723034,335378.81605900056,0.0,185580.928755,520959.74481400056
97,9596.969835,0.0,0.0,0.0,9596.969835,400.0,335025.1319225868,0.0,181644.4299497166,516669.5618723034,335378.81605900056,0.0,185580.928755,520959.74481400056
98,9595.368298,0.0,0.0,0.0,9595.368298,400.0,335025.1319225868,0.0,181644.4299497166,516669.5618723034,335378.81605900056,0.0,185580.928755,520959.74481400056
99,9593.954943,0.0,0.0,0.0,9593.954943,400.0,335025.1319225868,0.0,181644.4299497166,516669.5618723034,335378.81605900056,0.0,185580.928755,520959.74481400056
100,9592.553598,0.0,0.0,0.0,9592.553598,400.0,335025.1319225868,0.0,181644.4299497166,516669.5618723034,335378.81605900056,0.0,185580.928755,520959.74481400056
101,9591.152254,0.0,0.0,0.0,9591.152254,400.0,335025.1319225868,0.0,181644.4299497166,516669.5618723034,335378.81605900056,0.0,185580.928755,520959.74481400056
102,9589.75091,0.004611,0.0,0.0,9589.746299,400.0,335025.1319225868,0.0,181644.4299497166,516669.5618723034,335378.81605900056,0.0,185580.928755,520959.74481400056
103,9588.349565,0.015092000000000001,0.0,0.0,9588.334473,400.0,335025.1319225868,0.0,181644.4299497166,516669.5618723034,335378.81605900056,0.0,185580.928755,520959.74481400056
104,9587.105902,0.026479,0.0,0.0,9587.079423,400.0,335025.1319225868,0.0,181644.4299497166,516669.5618723034,335378.81605900056,0.0,185580.928755,520959.74481400056
105,9585.90475,0.034523000000000005,0.0,0.0,9585.870227,400.0,335025.1319225868,0.0,181644.4299497166,516669.5618723034,335378.81605900056,0.0,185580.928755,520959.74481400056
106,9584.703597,0.038738999999999996,0.0,0.0,9584.664858,400.0,335025.1319225868,0.0,181644.4299497166,516669.5618723034,335378.81605900056,0.0,185580.928755,520959.74481400056
107,9583.502445,0.04045000000000001,0.0,0.0,9583.461995,400.0,335025.1319225868,0.0,181644.4299497166,516669.5618723034,335378.81605900056,0.0,185580.928755,520959.74481400056
108,9582.301293,0.041667,0.0,0.0,9582.259626000001,400.0,335025.1319225868,0.0,181644.4299497166,516669.5618723034,335378.81605900056,0.0,185580.928755,520959.74481400056
109,9581.10014,0.039496,730.598221795453,0.0,10311.658865795454,1042.92643518,335025.1319225868,0.0,181644.4299497166,516669.5618723034,335378.81605900056,0.0,185580.928755,520959.74481400056
110,9579.898988,0.032932,731.792809795453,0.0,10311.658865795454,1686.9041078,335025.1319225868,0.0,181644.4299497166,516669.5618723034,335378.81605900056,0.0,185580.928755,520959.74481400056
111,9578.697836,0.026203,676.195405181822,0.0,10254.867038181823,2281.95606436,335025.1319225868,0.0,181644.4299497166,516669.5618723034,335378.81605900056,0.0,185580.928755,520959.74481400056
112,9577.496684,0.014811,0.0,0.0,9577.481873,2281.95606436,335025.1319225868,0.0,181644.4299497166,516669.5618723034,335378.81605900056,0.0,185580.928755,520959.74481400056
113,9576.295531,0.004272000000000001,0.0,0.0,9576.291259,2281.95606436,335025.1319225868,0.0,181644.4299497166,516669.5618723034,335378.81605900056,0.0,185580.928755,520959.74481400056
114,9575.19106,0.00033900000000000005,0.0,0.0,9575.190720999999,2281.95606436,335025.1319225868,0.0,181644.4299497166,516669.5618723034,335378.81605900056,0.0,185580.928755,520959.74481400056
115,9574.1901,0.0,0.0,0.0,9574.1901,2281.95606436,335025.1319225868,0.0,181644.4299497166,516669.5618723034,335378.81605900056,0.0,185580.928755,520959.74481400056
116,9573.18914,0.0,0.0,0.0,9573.18914,2281.95606436,335025.1319225868,0.0,181644.4299497166,516669.5618723034,335378.81605900056,0.0,185580.928755,520959.74481400056
117,9572.188179,0.0,0.0,0.0,9572.188179,2281.95606436,335025.1319225868,0.0,181644.4299497166,516669.5618723034,335378.81605900056,0.0,185580.928755,520959.74481400056
118,9571.187219,0.0,0.0,0.0,9571.187219,2281.95606436,335025.1319225868,0.0,181644.4299497166,516669.5618723034,335378.81605900056,0.0,185580.928755,520959.74481400056
119,9570.318621,0.0,0.0,0.0,9570.318621,2281.95606436,335025.1319225868,0.0,181644.4299497166,516669.5618723034,335378.81605900056,0.0,185580.928755,520959.74481400056
120,9569.718045,0.0,0.0,0.0,9569.718045,2281.95606436,335025.1319225868,0.0,181644.4299497166,516669.5618723034,335378.81605900056,0.0,185580.928755,520959.74481400056
121,9569.117469,0.0,0.0,0.0,9569.117469,2281.95606436,335025.1319225868,0.0,181644.4299497166,516669.5618723034,335378.81605900056,0.0,185580.928755,520959.74481400056
122,9568.516893,0.0,0.0,0.0,9568.516893,2281.95606436,335025.1319225868,0.0,181644.4299497166,516669.5618723034,335378.81605900056,0.0,185580.928755,520959.74481400056
123,9567.916317,0.0,0.0,0.0,9567.916317,2281.95606436,335025.1319225868,0.0,181644.4299497166,516669.5618723034,335378.81605900056,0.0,185580.928755,520959.74481400056
124,9567.315741,0.0,0.0,0.0,9567.315741,2281.95606436,335025.1319225868,0.0,181644.4299497166,516669.5618723034,335378.81605900056,0.0,185580.928755,520959.74481400056
125,9566.715164,0.0,0.0,0.0,9566.715164,2281.95606436,335025.1319225868,0.0,181644.4299497166,516669.5618723034,335378.81605900056,0.0,185580.928755,520959.74481400056
126,9566.114588,0.004381,0.0,0.0,9566.110207,2281.95606436,335025.1319225868,0.0,181644.4299497166,516669.5618723034,335378.81605900056,0.0,185580.928755,520959.74481400056
127,9565.514012,0.015016999999999999,0.0,0.0,9565.498995,2281.95606436,335025.1319225868,0.0,181644.4299497166,516669.5618723034,335378.81605900056,0.0,185580.928755,520959.74481400056
128,9564.913436,0.024908000000000003,0.0,0.0,9564.888528000001,2281.95606436,335025.1319225868,0.0,181644.4299497166,516669.5618723034,335378.81605900056,0.0,185580.928755,520959.74481400056
129,9564.31286,0.032758,0.0,0.0,9564.280102,2281.95606436,335025.1319225868,0.0,181644.4299497166,516669.5618723034,335378.81605900056,0.0,185580.928755,520959.74481400056
130,9563.712284,0.038652,0.0,0.0,9563.673632,2281.95606436,335025.1319225868,0.0,181644.4299497166,516669.5618723034,335378.81605900056,0.0,185580.928755,520959.74481400056
131,9563.111708,0.040641,748.587798795454,0.0,10311.658865795454,2940.7133273,335025.1319225868,0.0,181644.4299497166,516669.5618723034,335378.81605900056,0.0,185580.928755,520959.74481400056
132,9562.511132,0.041667,749.189400795454,0.0,10311.658865795454,3600.0,335025.1319225868,0.0,181644.4299497166,516669.5618723034,335378.81605900056,0.0,185580.928755,520959.74481400056
133,9561.910555,0.038467,0.0,1000.0,8561.872088,2600.0,335025.1319225868,0.0,181644.4299497166,516669.5618723034,335378.81605900056,0.0,185580.928755,520959.74481400056
134,9561.309979,0.03184,0.0,1000.0,8561.278139,1600.0,335025.1319225868,0.0,181644.4299497166,516669.5618723034,335378.81605900056,0.0,185580.928755,520959.74481400056
135,9560.709403,0.024785,0.0,1000.0,8560.684618000001,600.0,335025.1319225868,0.0,181644.4299497166,516669.5618723034,335378.81605900056,0.0,185580.928755,520959.74481400056
136,9560.108827,0.01471,0.0,200.0,9360.094117,400.0,335025.1319225868,0.0,181644.4299497166,516669.5618723034,335378.81605900056,0.0,185580.928755,520959.74481400056
137,9559.508251,0.004301,0.0,0.0,9559.503949999998,400.0,335025.1319225868,0.0,181644.4299497166,516669.5618723034,335378.81605900056,0.0,185580.928755,520959.74481400056
138,9558.907675,0.00037,0.0,0.0,9558.907305,400.0,335025.1319225868,0.0,181644.4299497166,516669.5618723034,335378.81605900056,0.0,185580.928755,520959.74481400056
139,9558.307099,0.0,0.0,0.0,9558.307099,400.0,335025.1319225868,0.0,181644.4299497166,516669.5618723034,335378.81605900056,0.0,185580.928755,520959.74481400056
140,9557.706522,0.0,0.0,0.0,9557.706522,400.0,335025.1319225868,0.0,181644.4299497166,516669.5618723034,335378.81605900056,0.0,185580.928755,520959.74481400056
141,9557.105946,0.0,754.552919795452,0.0,10311.658865795453,1064.00656942,335025.1319225868,0.0,181644.4299497166,516669.5618723034,335378.81605900056,0.0,185580.928755,520959.74481400056
142,9556.50537,0.0,755.153495795454,0.0,10311.658865795454,1728.54164572,335025.1319225868,0.0,181644.4299497166,516669.5618723034,335378.81605900056,0.0,185580.928755,520959.74481400056
143,9555.904794,0.0,604.798961181822,0.0,10160.703755181821,2260.76473156,335025.1319225868,0.0,181644.4299497166,516669.5618723034,335378.81605900056,0.0,185580.928755,520959.74481400056
144,9555.304218,0.0,0.0,0.0,9555.304218,2260.76473156,335025.1319225868,0.0,181644.4299497166,516669.5618723034,335378.81605900056,0.0,185580.928755,520959.74481400056
145,9554.817516,0.0,0.0,0.0,9554.817516,2260.76473156,335025.1319225868,0.0,181644.4299497166,516669.5618723034,335378.81605900056,0.0,185580.928755,520959.74481400056
146,9554.417132,0.0,0.0,0.0,9554.417132,2260.76473156,335025.1319225868,0.0,181644.4299497166,516669.5618723034,335378.81605900056,0.0,185580.928755,520959.74481400056
147,9554.016748,0.0,0.0,0.0,9554.016748,2260.76473156,335025.1319225868,0.0,181644.4299497166,516669.5618723034,335378.81605900056,0.0,185580.928755,520959.74481400056
148,9553.616363,0.0,0.0,0.0,9553.616363,2260.76473156,335025.1319225868,0.0,181644.4299497166,516669.5618723034,335378.81605900056,0.0,185580.928755,520959.74481400056
149,9553.215979,0.0,0.0,0.0,9553.215979,2260.76473156,335025.1319225868,0.0,181644.4299497166,516669.5618723034,335378.81605900056,0.0,185580.928755,520959.74481400056
150,9552.815595,0.0045650000000000005,0.0,0.0,9552.81103,2260.76473156,335025.1319225868,0.0,181644.4299497166,516669.5618723034,335378.81605900056,0.0,185580.928755,520959.74481400056
151,9552.415211,0.014291,0.0,0.0,9552.40092,2260.76473156,335025.1319225868,0.0,181644.4299497166,516669.5618723034,335378.81605900056,0.0,185580.928755,520959.74481400056
152,9552.014827,0.024480000000000002,0.0,0.0,9551.990347,2260.76473156,335025.1319225868,0.0,181644.4299497166,516669.5618723034,335378.81605900056,0.0,185580.928755,520959.74481400056
153,9551.614443,0.030712,0.0,0.0,9551.583731,2260.76473156,335025.1319225868,0.0,181644.4299497166,516669.5618723034,335378.81605900056,0.0,185580.928755,520959.74481400056
154,9551.214059,0.034822000000000006,0.0,0.0,9551.179237,2260.76473156,335025.1319225868,0.0,181644.4299497166,516669.5618723034,335378.81605900056,0.0,185580.928755,520959.74481400056
155,9550.866549,0.03845900000000001,760.830775795454,0.0,10311.658865795454,2930.29581426,335025.1319225868,0.0,181644.4299497166,516669.5618723034,335378.81605900056,0.0,185580.928755,520959.74481400056
156,9550.666357,0.034975,761.027483795455,0.0,10311.658865795454,3600.0,335025.1319225868,0.0,181644.4299497166,516669.5618723034,335378.81605900056,0.0,185580.928755,520959.74481400056
157,9550.466165,0.036267,0.0,1000.0,8550.429898,2600.0,335025.1319225868,0.0,181644.4299497166,516669.5618723034,335378.81605900056,0.0,185580.928755,520959.74481400056
158,9550.265973,0.031065000000000002,0.0,1000.0,8550.234908,1600.0,335025.1319225868,0.0,181644.4299497166,516669.5618723034,335378.81605900056,0.0,185580.928755,520959.74481400056
159,9550.065781,0.023838,0.0,1000.0,8550.041943,600.0,335025.1319225868,0.0,181644.4299497166,516669.5618723034,335378.81605900056,0.0,185580.928755,520959.74481400056
160,9549.887963,0.015112,0.0,200.0,9349.872851,400.0,335025.1319225868,0.0,181644.4299497166,516669.5618723034,335378.81605900056,0.0,185580.928755,520959.74481400056
161,9549.887963,0.001341,0.0,0.0,9549.886622,400.0,335025.1319225868,0.0,181644.4299497166,516669.5618723034,335378.81605900056,0.0,185580.928755,520959.74481400056
162,9549.887963,0.000674,0.0,0.0,9549.887288999998,400.0,335025.1319225868,0.0,181644.4299497166,516669.5618723034,335378.81605900056,0.0,185580.928755,520959.74481400056
163,9549.887963,0.0,0.0,0.0,9549.887963,400.0,335025.1319225868,0.0,181644.4299497166,516669.5618723034,335378.81605900056,0.0,185580.928755,520959.74481400056
164,9549.887963,0.0,0.0,0.0,9549.887963,400.0,335025.1319225868,0.0,181644.4299497166,516669.5618723034,335378.81605900056,0.0,185580.928755,520959.74481400056
165,9549.887963,0.0,761.770902795454,0.0,10311.658865795453,1070.35839446,335025.1319225868,0.0,181644.4299497166,516669.5618723034,335378.81605900056,0.0,185580.928755,520959.74481400056
166,9550.08003,0.0,761.578835795455,0.0,10311.658865795454,1740.54776996,335025.1319225868,0.0,181644.4299497166,516669.5618723034,335378.81605900056,0.0,185580.928755,520959.74481400056
167,9550.280222,0.0,588.133103181818,0.0,10138.413325181817,2258.10490076,335025.1319225868,0.0,181644.4299497166,516669.5618723034,335378.81605900056,0.0,185580.928755,520959.74481400056
168,9550.480414,0.0,0.0,0.0,9550.480414,2258.10490076,335025.1319225868,0.0,181644.4299497166,516669.5618723034,335378.81605900056,0.0,185580.928755,520959.74481400056
169,9550.680606,0.0,0.0,0.0,9550.680606,2258.10490076,335025.1319225868,0.0,181644.4299497166,516669.5618723034,335378.81605900056,0.0,185580.928755,520959.74481400056
170,9550.880798,0.0,0.0,0.0,9550.880798,2258.10490076,335025.1319225868,0.0,181644.4299497166,516669.5618723034,335378.81605900056,0.0,185580.928755,520959.74481400056
171,9550.919423,0.0,0.0,0.0,9550.919423,2258.10490076,335025.1319225868,0.0,181644.4299497166,516669.5618723034,335378.81605900056,0.0,185580.928755,520959.74481400056
172,9550.919423,0.0,0.0,0.0,9550.919423,2258.10490076,335025.1319225868,0.0,181644.4299497166,516669.5618723034,335378.81605900056,0.0,185580.928755,520959.74481400056
173,9550.919423,0.0,0.0,0.0,9550.919423,2258.10490076,335025.1319225868,0.0,181644.4299497166,516669.5618723034,335378.81605900056,0.0,185580.928755,520959.74481400056
174,9550.919423,0.004208,0.0,0.0,9550.915214999999,2258.10490076,335025.1319225868,0.0,181644.4299497166,516669.5618723034,335378.81605900056,0.0,185580.928755,520959.74481400056
175,9550.919423,0.014306,0.0,0.0,9550.905117,2258.10490076,335025.1319225868,0.0,181644.4299497166,516669.5618723034,335378.81605900056,0.0,185580.928755,520959.74481400056
176,9550.65729,0.022335,0.0,0.0,9550.634955,2258.10490076,335025.1319225868,0.0,181644.4299497166,516669.5618723034,335378.81605900056,0.0,185580.928755,520959.74481400056
177,9550.256905,0.026982,0.0,0.0,9550.229923,2258.10490076,335025.1319225868,0.0,181644.4299497166,516669.5618723034,335378.81605900056,0.0,185580.928755,520959.74481400056
178,9549.856521,0.032758,0.0,0.0,9549.823763,2258.10490076,335025.1319225868,0.0,181644.4299497166,516669.5618723034,335378.81605900056,0.0,185580.928755,520959.74481400056
179,9549.456137,0.036677,762.239405795455,0.0,10311.658865795454,2928.87557786,335025.1319225868,0.0,181644.4299497166,516669.5618723034,335378.81605900056,0.0,185580.928755,520959.74481400056
180,9549.055753,0.038276000000000004,762.641388795453,0.0,10311.658865795454,3600.0,335025.1319225868,0.0,181644.4299497166,516669.5618723034,335378.81605900056,0.0,185580.928755,520959.74481400056
181,9548.755936,0.033897,0.0,1000.0,8548.722039,2600.0,335025.1319225868,0.0,181644.4299497166,516669.5618723034,335378.81605900056,0.0,185580.928755,520959.74481400056
182,9548.555744,0.029465,0.0,1000.0,8548.526279,1600.0,335025.1319225868,0.0,181644.4299497166,516669.5618723034,335378.81605900056,0.0,185580.928755,520959.74481400056
183,9548.355552,0.023211,0.0,1000.0,8548.332341000001,600.0,335025.1319225868,0.0,181644.4299497166,516669.5618723034,335378.81605900056,0.0,185580.928755,520959.74481400056
184,9548.15536,0.013446999999999999,0.0,200.0,9348.141913000001,400.0,335025.1319225868,0.0,181644.4299497166,516669.5618723034,335378.81605900056,0.0,185580.928755,520959.74481400056
185,9547.955168,0.004637,0.0,0.0,9547.950531,400.0,335025.1319225868,0.0,181644.4299497166,516669.5618723034,335378.81605900056,0.0,185580.928755,520959.74481400056
186,9547.754976,0.000447,0.0,0.0,9547.754529,400.0,335025.1319225868,0.0,181644.4299497166,516669.5618723034,335378.81605900056,0.0,185580.928755,520959.74481400056
187,9547.554784,0.0,0.0,0.0,9547.554784,400.0,335025.1319225868,0.0,181644.4299497166,516669.5618723034,335378.81605900056,0.0,185580.928755,520959.74481400056
188,9547.354592,0.0,0.0,0.0,9547.354592,400.0,335025.1319225868,0.0,181644.4299497166,516669.5618723034,335378.81605900056,0.0,185580.928755,520959.74481400056
189,9547.1544,0.0,764.504465795452,0.0,10311.65886579545,1072.7639299,335025.1319225868,0.0,181644.4299497166,516669.5618723034,335378.81605900056,0.0,185580.928755,520959.74481400056
190,9546.954208,0.0,764.704657795455,0.0,10311.658865795454,1745.70402876,335025.1319225868,0.0,181644.4299497166,516669.5618723034,335378.81605900056,0.0,185580.928755,520959.74481400056
191,9546.754016,0.0,572.260793181818,0.0,10119.01480918182,2249.29352676,335025.1319225868,0.0,181644.4299497166,516669.5618723034,335378.81605900056,0.0,185580.928755,520959.74481400056
192,9546.553824,0.0,0.0,0.0,9546.553824,2249.29352676,335025.1319225868,0.0,181644.4299497166,516669.5618723034,335378.81605900056,0.0,185580.928755,520959.74481400056
193,9546.353632,0.0,0.0,0.0,9546.353632,2249.29352676,335025.1319225868,0.0,181644.4299497166,516669.5618723034,335378.81605900056,0.0,185580.928755,520959.74481400056
194,9546.15344,0.0,0.0,0.0,9546.15344,2249.29352676,335025.1319225868,0.0,181644.4299497166,516669.5618723034,335378.81605900056,0.0,185580.928755,520959.74481400056
195,9545.953248,0.0,0.0,0.0,9545.953248,2249.29352676,335025.1319225868,0.0,181644.4299497166,516669.5618723034,335378.81605900056,0.0,185580.928755,520959.74481400056
196,9545.753055,0.0,0.0,0.0,9545.753055,2249.29352676,335025.1319225868,0.0,181644.4299497166,516669.5618723034,335378.81605900056,0.0,185580.928755,520959.74481400056
197,9545.552863,0.0,0.0,0.0,9545.552863,2249.29352676,335025.1319225868,0.0,181644.4299497166,516669.5618723034,335378.81605900056,0.0,185580.928755,520959.74481400056
198,9545.352671,0.0038250000000000003,0.0,0.0,9545.348846,2249.29352676,335025.1319225868,0.0,181644.4299497166,516669.5618723034,335378.81605900056,0.0,185580.928755,520959.74481400056
199,9545.152479,0.006727,0.0,0.0,9545.145752,2249.29352676,335025.1319225868,0.0,181644.4299497166,516669.5618723034,335378.81605900056,0.0,185580.928755,520959.74481400056
200,9544.952287,0.015312,0.0,0.0,9544.936975,2249.29352676,335025.1319225868,0.0,181644.4299497166,516669.5618723034,335378.81605900056,0.0,185580.928755,520959.74481400056
201,9544.752095,0.029877,0.0,0.0,9544.722217999999,2249.29352676,335025.1319225868,0.0,181644.4299497166,516669.5618723034,335378.81605900056,0.0,185580.928755,520959.74481400056
202,9544.551903,0.035158,0.0,0.0,9544.516744999999,2249.29352676,335025.1319225868,0.0,181644.4299497166,516669.5618723034,335378.81605900056,0.0,185580.928755,520959.74481400056
203,9544.351711,0.039541,767.346695795455,0.0,10311.658865795454,2924.55861906,335025.1319225868,0.0,181644.4299497166,516669.5618723034,335378.81605900056,0.0,185580.928755,520959.74481400056
204,9544.151519,0.039677,767.547023795456,0.0,10311.658865795454,3600.0,335025.1319225868,0.0,181644.4299497166,516669.5618723034,335378.81605900056,0.0,185580.928755,520959.74481400056
205,9543.951327,0.030787,0.0,1000.0,8543.920540000001,2600.0,335025.1319225868,0.0,181644.4299497166,516669.5618723034,335378.81605900056,0.0,185580.928755,520959.74481400056
206,9543.751135,0.030699,0.0,1000.0,8543.720436,1600.0,335025.1319225868,0.0,181644.4299497166,516669.5618723034,335378.81605900056,0.0,185580.928755,520959.74481400056
207,9543.550943,0.023494,0.0,1000.0,8543.527449000001,600.0,335025.1319225868,0.0,181644.4299497166,516669.5618723034,335378.81605900056,0.0,185580.928755,520959.74481400056
208,9543.350751,0.013673000000000001,0.0,200.0,9343.337078,400.0,335025.1319225868,0.0,181644.4299497166,516669.5618723034,335378.81605900056,0.0,185580.928755,520959.74481400056
209,9543.150559,0.003768,0.0,0.0,9543.146791,400.0,335025.1319225868,0.0,181644.4299497166,516669.5618723034,335378.81605900056,0.0,185580.928755,520959.74481400056
210,9542.950367,0.000623,0.0,0.0,9542.949744,400.0,335025.1319225868,0.0,181644.4299497166,516669.5618723034,335378.81605900056,0.0,185580.928755,520959.74481400056
211,9542.750175,0.0,0.0,0.0,9542.750175,400.0,335025.1319225868,0.0,181644.4299497166,516669.5618723034,335378.81605900056,0.0,185580.928755,520959.74481400056
212,9542.432223,0.0,0.0,0.0,9542.432223,400.0,335025.1319225868,0.0,181644.4299497166,516669.5618723034,335378.81605900056,0.0,185580.928755,520959.74481400056
213,9542.031839,0.0,769.627026795449,0.0,10311.658865795449,1077.27178357999,335025.1319225868,0.0,181644.4299497166,516669.5618723034,335378.81605900056,0.0,185580.928755,520959.74481400056
214,9541.631455,0.0,770.027410795454,0.0,10311.658865795454,1754.89590507999,335025.1319225868,0.0,181644.4299497166,516669.5618723034,335378.81605900056,0.0,185580.928755,520959.74481400056
215,9541.23107,0.0,562.479580181823,0.0,10103.710650181823,2249.87793564,335025.1319225868,0.0,181644.4299497166,516669.5618723034,335378.81605900056,0.0,185580.928755,520959.74481400056
216,9540.830686,0.0,0.0,0.0,9540.830686,2249.87793564,335025.1319225868,0.0,181644.4299497166,516669.5618723034,335378.81605900056,0.0,185580.928755,520959.74481400056
217,9540.692083,0.0,0.0,0.0,9540.692083,2249.87793564,335025.1319225868,0.0,181644.4299497166,516669.5618723034,335378.81605900056,0.0,185580.928755,520959.74481400056
218,9540.892275,0.0,0.0,0.0,9540.892275,2249.87793564,335025.1319225868,0.0,181644.4299497166,516669.5618723034,335378.81605900056,0.0,185580.928755,520959.74481400056
219,9541.092467,0.0,0.0,0.0,9541.092467,2249.87793564,335025.1319225868,0.0,181644.4299497166,516669.5618723034,335378.81605900056,0.0,185580.928755,520959.74481400056
220,9541.292659,0.0,0.0,0.0,9541.292659,2249.87793564,335025.1319225868,0.0,181644.4299497166,516669.5618723034,335378.81605900056,0.0,185580.928755,520959.74481400056
221,9541.492851,0.0,0.0,0.0,9541.492851,2249.87793564,335025.1319225868,0.0,181644.4299497166,516669.5618723034,335378.81605900056,0.0,185580.928755,520959.74481400056
222,9541.749803,0.004231,0.0,0.0,9541.745572,2249.87793564,335025.1319225868,0.0,181644.4299497166,516669.5618723034,335378.81605900056,0.0,185580.928755,520959.74481400056
223,9542.150187,0.014398999999999999,0.0,0.0,9542.135788,2249.87793564,335025.1319225868,0.0,181644.4299497166,516669.5618723034,335378.81605900056,0.0,185580.928755,520959.74481400056
224,9542.550572,0.022072,0.0,0.0,9542.5285,2249.87793564,335025.1319225868,0.0,181644.4299497166,516669.5618723034,335378.81605900056,0.0,185580.928755,520959.74481400056
225,9542.950956,0.030609,0.0,0.0,9542.920347000001,2249.87793564,335025.1319225868,0.0,181644.4299497166,516669.5618723034,335378.81605900056,0.0,185580.928755,520959.74481400056
226,9543.35134,0.035561,0.0,0.0,9543.315778999999,2249.87793564,335025.1319225868,0.0,181644.4299497166,516669.5618723034,335378.81605900056,0.0,185580.928755,520959.74481400056
227,9543.883026,0.038726,767.814565795456,0.0,10311.658865795454,2925.55475354,335025.1319225868,0.0,181644.4299497166,516669.5618723034,335378.81605900056,0.0,185580.928755,520959.74481400056
228,9545.284371,0.040558000000000004,766.415052795455,0.0,10311.658865795454,3600.0,335025.1319225868,0.0,181644.4299497166,516669.5618723034,335378.81605900056,0.0,185580.928755,520959.74481400056
229,9546.685715,0.036638,0.0,1000.0,8546.649077,2600.0,335025.1319225868,0.0,181644.4299497166,516669.5618723034,335378.81605900056,0.0,185580.928755,520959.74481400056
230,9548.087059,0.031081,0.0,1000.0,8548.055978,1600.0,335025.1319225868,0.0,181644.4299497166,516669.5618723034,335378.81605900056,0.0,185580.928755,520959.74481400056
231,9549.488404,0.023532,0.0,1000.0,8549.464872,600.0,335025.1319225868,0.0,181644.4299497166,516669.5618723034,335378.81605900056,0.0,185580.928755,520959.74481400056
232,9550.889748,0.014901,0.0,200.0,9350.874847,400.0,335025.1319225868,0.0,181644.4299497166,516669.5618723034,335378.81605900056,0.0,185580.928755,520959.74481400056
233,9552.682997,0.0032480000000000005,0.0,0.0,9552.679748999999,400.0,335025.1319225868,0.0,181644.4299497166,516669.5618723034,335378.81605900056,0.0,185580.928755,520959.74481400056
234,9554.484726,0.000273,0.0,0.0,9554.484453000001,400.0,335025.1319225868,0.0,181644.4299497166,516669.5618723034,335378.81605900056,0.0,185580.928755,520959.74481400056
235,9556.286454,0.0,0.0,0.0,9556.286454,400.0,335025.1319225868,0.0,181644.4299497166,516669.5618723034,335378.81605900056,0.0,185580.928755,520959.74481400056
236,9558.088183,0.0,0.0,0.0,9558.088183,400.0,335025.1319225868,0.0,181644.4299497166,516669.5618723034,335378.81605900056,0.0,185580.928755,520959.74481400056
237,9559.889911,0.0,0.0,0.0,9559.889911,400.0,335025.1319225868,0.0,181644.4299497166,516669.5618723034,335378.81605900056,0.0,185580.928755,520959.74481400056
238,9561.526187,0.0,0.0,0.0,9561.526187,400.0,335025.1319225868,0.0,181644.4299497166,516669.5618723034,335378.81605900056,0.0,185580.928755,520959.74481400056
239,9563.127723,0.0,0.0,0.0,9563.127723,400.0,335025.1319225868,0.0,181644.4299497166,516669.5618723034,335378.81605900056,0.0,185580.928755,520959.74481400056
240,9564.729259,0.0,0.0,0.0,9564.729259,400.0,335025.1319225868,0.0,181644.4299497166,516669.5618723034,335378.81605900056,0.0,185580.928755,520959.74481400056
241,9566.330796,0.0,0.0,0.0,9566.330796,400.0,335025.1319225868,0.0,181644.4299497166,516669.5618723034,335378.81605900056,0.0,185580.928755,520959.74481400056
242,9567.932332,0.0,0.0,0.0,9567.932332,400.0,335025.1319225868,0.0,181644.4299497166,516669.5618723034,335378.81605900056,0.0,185580.928755,520959.74481400056
243,9569.398915,0.0,0.0,0.0,9569.398915,400.0,335025.1319225868,0.0,181644.4299497166,516669.5618723034,335378.81605900056,0.0,185580.928755,520959.74481400056
244,9570.80026,0.0,0.0,0.0,9570.80026,400.0,335025.1319225868,0.0,181644.4299497166,516669.5618723034,335378.81605900056,0.0,185580.928755,520959.74481400056
245,9572.201604,0.0,0.0,0.0,9572.201604,400.0,335025.1319225868,0.0,181644.4299497166,516669.5618723034,335378.81605900056,0.0,185580.928755,520959.74481400056
246,9573.602948,0.002915,0.0,0.0,9573.600033,400.0,335025.1319225868,0.0,181644.4299497166,516669.5618723034,335378.81605900056,0.0,185580.928755,520959.74481400056
247,9575.004293,0.005659,0.0,0.0,9574.998634,400.0,335025.1319225868,0.0,181644.4299497166,516669.5618723034,335378.81605900056,0.0,185580.928755,520959.74481400056
248,9576.82345,0.006885,0.0,0.0,9576.816565,400.0,335025.1319225868,0.0,181644.4299497166,516669.5618723034,335378.81605900056,0.0,185580.928755,520959.74481400056
249,9579.025562,0.014267,0.0,0.0,9579.011295,400.0,335025.1319225868,0.0,181644.4299497166,516669.5618723034,335378.81605900056,0.0,185580.928755,520959.74481400056
250,9581.227675,0.031822,0.0,0.0,9581.195853,400.0,335025.1319225868,0.0,181644.4299497166,516669.5618723034,335378.81605900056,0.0,185580.928755,520959.74481400056
251,9583.429787,0.036941,0.0,0.0,9583.392845999999,400.0,335025.1319225868,0.0,181644.4299497166,516669.5618723034,335378.81605900056,0.0,185580.928755,520959.74481400056
252,9585.6319,0.038077,0.0,0.0,9585.593823000001,400.0,335025.1319225868,0.0,181644.4299497166,516669.5618723034,335378.81605900056,0.0,185580.928755,520959.74481400056
253,9588.425638,0.029538000000000002,0.0,0.0,9588.3961,400.0,335025.1319225868,0.0,181644.4299497166,516669.5618723034,335378.81605900056,0.0,185580.928755,520959.74481400056
254,9592.229287,0.032181,0.0,0.0,9592.197106,400.0,335025.1319225868,0.0,181644.4299497166,516669.5618723034,335378.81605900056,0.0,185580.928755,520959.74481400056
255,9596.032936,0.021288,0.0,0.0,9596.011648,400.0,335025.1319225868,0.0,181644.4299497166,516669.5618723034,335378.81605900056,0.0,185580.928755,520959.74481400056
256,9599.836585,0.012817,0.0,0.0,9599.823767999998,400.0,335025.1319225868,0.0,181644.4299497166,516669.5618723034,335378.81605900056,0.0,185580.928755,520959.74481400056
257,9603.640234,0.004605000000000001,0.0,0.0,9603.635629,400.0,335025.1319225868,0.0,181644.4299497166,516669.5618723034,335378.81605900056,0.0,185580.928755,520959.74481400056
258,9607.356976,0.0008120000000000001,0.0,0.0,9607.356163999999,400.0,335025.1319225868,0.0,181644.4299497166,516669.5618723034,335378.81605900056,0.0,185580.928755,520959.74481400056
259,9610.76024,0.0,0.0,0.0,9610.76024,400.0,335025.1319225868,0.0,181644.4299497166,516669.5618723034,335378.81605900056,0.0,185580.928755,520959.74481400056
260,9614.163505,0.0,0.0,0.0,9614.163505,400.0,335025.1319225868,0.0,181644.4299497166,516669.5618723034,335378.81605900056,0.0,185580.928755,520959.74481400056
261,9617.56677,0.0,0.0,0.0,9617.56677,400.0,335025.1319225868,0.0,181644.4299497166,516669.5618723034,335378.81605900056,0.0,185580.928755,520959.74481400056
262,9620.970035,0.0,0.0,0.0,9620.970035,400.0,335025.1319225868,0.0,181644.4299497166,516669.5618723034,335378.81605900056,0.0,185580.928755,520959.74481400056
263,9624.360346,0.0,0.0,0.0,9624.360346,400.0,335025.1319225868,0.0,181644.4299497166,516669.5618723034,335378.81605900056,0.0,185580.928755,520959.74481400056
264,9627.563419,0.0,0.0,0.0,9627.563419,400.0,335025.1319225868,0.0,181644.4299497166,516669.5618723034,335378.81605900056,0.0,185580.928755,520959.74481400056
265,9630.766491,0.0,0.0,0.0,9630.766491,400.0,335025.1319225868,0.0,181644.4299497166,516669.5618723034,335378.81605900056,0.0,185580.928755,520959.74481400056
266,9633.969564,0.0,0.0,0.0,9633.969564,400.0,335025.1319225868,0.0,181644.4299497166,516669.5618723034,335378.81605900056,0.0,185580.928755,520959.74481400056
267,9637.172637,0.0,0.0,0.0,9637.172637,400.0,335025.1319225868,0.0,181644.4299497166,516669.5618723034,335378.81605900056,0.0,185580.928755,520959.74481400056
268,9640.375709,0.0,0.0,0.0,9640.375709,400.0,335025.1319225868,0.0,181644.4299497166,516669.5618723034,335378.81605900056,0.0,185580.928755,520959.74481400056
269,9643.578782,0.0,0.0,0.0,9643.578782,400.0,335025.1319225868,0.0,181644.4299497166,516669.5618723034,335378.81605900056,0.0,185580.928755,520959.74481400056
270,9646.781855,0.004261999999999999,0.0,0.0,9646.777592999999,400.0,335025.1319225868,0.0,181644.4299497166,516669.5618723034,335378.81605900056,0.0,185580.928755,520959.74481400056
271,9649.984928,0.014382,0.0,0.0,9649.970546,400.0,335025.1319225868,0.0,181644.4299497166,516669.5618723034,335378.81605900056,0.0,185580.928755,520959.74481400056
272,9653.188,0.023735,0.0,0.0,9653.164265,400.0,335025.1319225868,0.0,181644.4299497166,516669.5618723034,335378.81605900056,0.0,185580.928755,520959.74481400056
273,9656.391073,0.030342,0.0,0.0,9656.360731,400.0,335025.1319225868,0.0,181644.4299497166,516669.5618723034,335378.81605900056,0.0,185580.928755,520959.74481400056
274,9659.442,0.03511,0.0,0.0,9659.406889999998,400.0,335025.1319225868,0.0,181644.4299497166,516669.5618723034,335378.81605900056,0.0,185580.928755,520959.74481400056
275,9662.44488,0.037509,0.0,0.0,9662.407371,400.0,335025.1319225868,0.0,181644.4299497166,516669.5618723034,335378.81605900056,0.0,185580.928755,520959.74481400056
276,9665.447761,0.037334000000000006,0.0,0.0,9665.410426999999,400.0,335025.1319225868,0.0,181644.4299497166,516669.5618723034,335378.81605900056,0.0,185580.928755,520959.74481400056
277,9668.450642,0.034530000000000005,643.242753795455,0.0,10311.658865795454,966.053623340001,335025.1319225868,0.0,181644.4299497166,516669.5618723034,335378.81605900056,0.0,185580.928755,520959.74481400056
278,9671.453522,0.031105,640.236448795455,0.0,10311.658865795454,1529.46169828,335025.1319225868,0.0,181644.4299497166,516669.5618723034,335378.81605900056,0.0,185580.928755,520959.74481400056
279,9674.578049,0.023569,637.104385795456,0.0,10311.658865795454,2090.11355778,335025.1319225868,0.0,181644.4299497166,516669.5618723034,335378.81605900056,0.0,185580.928755,520959.74481400056
280,9677.781122,0.013944000000000002,22.6638175909104,0.0,9700.43099559091,2110.05771726,335025.1319225868,0.0,181644.4299497166,516669.5618723034,335378.81605900056,0.0,185580.928755,520959.74481400056
281,9680.984195,0.004118,0.0,0.0,9680.980077,2110.05771726,335025.1319225868,0.0,181644.4299497166,516669.5618723034,335378.81605900056,0.0,185580.928755,520959.74481400056
282,9684.187267,0.000499,0.0,0.0,9684.186768,2110.05771726,335025.1319225868,0.0,181644.4299497166,516669.5618723034,335378.81605900056,0.0,185580.928755,520959.74481400056
283,9687.39034,0.0,0.0,0.0,9687.39034,2110.05771726,335025.1319225868,0.0,181644.4299497166,516669.5618723034,335378.81605900056,0.0,185580.928755,520959.74481400056
284,9690.684559,0.0,0.0,0.0,9690.684559,2110.05771726,335025.1319225868,0.0,181644.4299497166,516669.5618723034,335378.81605900056,0.0,185580.928755,520959.74481400056
285,9694.087824,0.0,0.0,0.0,9694.087824,2110.05771726,335025.1319225868,0.0,181644.4299497166,516669.5618723034,335378.81605900056,0.0,185580.928755,520959.74481400056
286,9697.491089,0.0,0.0,0.0,9697.491089,2110.05771726,335025.1319225868,0.0,181644.4299497166,516669.5618723034,335378.81605900056,0.0,185580.928755,520959.74481400056
287,9700.894353,0.0,0.0,0.0,9700.894353,2110.05771726,335025.1319225868,0.0,181644.4299497166,516669.5618723034,335378.81605900056,0.0,185580.928755,520959.74481400056
288,9704.297618,0.0,0.0,0.0,9704.297618,2110.05771726,335025.1319225868,0.0,181644.4299497166,516669.5618723034,335378.81605900056,0.0,185580.928755,520959.74481400056
289,9707.882822,0.0,0.0,0.0,9707.882822,2110.05771726,335025.1319225868,0.0,181644.4299497166,516669.5618723034,335378.81605900056,0.0,185580.928755,520959.74481400056
290,9711.886663,0.0,0.0,0.0,9711.886663,2110.05771726,335025.1319225868,0.0,181644.4299497166,516669.5618723034,335378.81605900056,0.0,185580.928755,520959.74481400056
291,9715.890504,0.0,0.0,0.0,9715.890504,2110.05771726,335025.1319225868,0.0,181644.4299497166,516669.5618723034,335378.81605900056,0.0,185580.928755,520959.74481400056
292,9719.894345,0.0,0.0,0.0,9719.894345,2110.05771726,335025.1319225868,0.0,181644.4299497166,516669.5618723034,335378.81605900056,0.0,185580.928755,520959.74481400056
293,9723.898186,0.0,0.0,0.0,9723.898186,2110.05771726,335025.1319225868,0.0,181644.4299497166,516669.5618723034,335378.81605900056,0.0,185580.928755,520959.74481400056
294,9727.902026,0.004328,0.0,0.0,9727.897697999999,2110.05771726,335025.1319225868,0.0,181644.4299497166,516669.5618723034,335378.81605900056,0.0,185580.928755,520959.74481400056
295,9731.905867,0.013136,0.0,0.0,9731.892731,2110.05771726,335025.1319225868,0.0,181644.4299497166,516669.5618723034,335378.81605900056,0.0,185580.928755,520959.74481400056
296,9735.909708,0.021807,0.0,0.0,9735.887901,2110.05771726,335025.1319225868,0.0,181644.4299497166,516669.5618723034,335378.81605900056,0.0,185580.928755,520959.74481400056
297,9739.913549,0.029276,0.0,0.0,9739.884273000001,2110.05771726,335025.1319225868,0.0,181644.4299497166,516669.5618723034,335378.81605900056,0.0,185580.928755,520959.74481400056
298,9743.91739,0.033211,567.774686795454,0.0,10311.658865795454,2609.69944164,335025.1319225868,0.0,181644.4299497166,516669.5618723034,335378.81605900056,0.0,185580.928755,520959.74481400056
299,9747.921231,0.034838,563.772472795454,0.0,10311.658865795454,3105.8192177,335025.1319225868,0.0,181644.4299497166,516669.5618723034,335378.81605900056,0.0,185580.928755,520959.74481400056
300,9750.126523,0.036728000000000004,561.569070795453,0.0,10311.658865795454,3600.0,335025.1319225868,0.0,181644.4299497166,516669.5618723034,335378.81605900056,0.0,185580.928755,520959.74481400056
301,9752.328635,0.034674,0.0,1000.0,8752.293961,2600.0,335025.1319225868,0.0,181644.4299497166,516669.5618723034,335378.81605900056,0.0,185580.928755,520959.74481400056
302,9754.530748,0.029664000000000003,0.0,63.9134928749991,9690.587591125,2536.086507125,335025.1319225868,0.0,181644.4299497166,516669.5618723034,335378.81605900056,0.0,185580.928755,520959.74481400056
303,9756.73286,0.011893,0.0,66.1333758749988,9690.587591125,2469.95313125,335025.1319225868,0.0,181644.4299497166,516669.5618723034,335378.81605900056,0.0,185580.928755,520959.74481400056
304,9758.934973,0.013828,0.0,68.3335538749998,9690.587591125,2401.619577375,335025.1319225868,0.0,181644.4299497166,516669.5618723034,335378.81605900056,0.0,185580.928755,520959.74481400056
305,9761.306424,0.00332,0.0,70.7155128750001,9690.587591125,2330.9040645,335025.1319225868,0.0,181644.4299497166,516669.5618723034,335378.81605900056,0.0,185580.928755,520959.74481400056
306,9763.708729,0.000883,0.0,852.978317625002,8910.729528374997,1477.925746875,335025.1319225868,0.0,181644.4299497166,516669.5618723034,335378.81605900056,0.0,185580.928755,520959.74481400056
307,9766.111033,0.0,0.0,1000.0,8766.111033,477.925746875,335025.1319225868,0.0,181644.4299497166,516669.5618723034,335378.81605900056,0.0,185580.928755,520959.74481400056
308,9768.513338,0.0,0.0,77.9257468750002,9690.587591125,400.0,335025.1319225868,0.0,181644.4299497166,516669.5618723034,335378.81605900056,0.0,185580.928755,520959.74481400056
309,9770.915642,0.0,540.743223795454,0.0,10311.658865795454,875.85403694,335025.1319225868,0.0,181644.4299497166,516669.5618723034,335378.81605900056,0.0,185580.928755,520959.74481400056
310,9774.28982,0.0,537.369045795454,0.0,10311.658865795454,1348.73879724,335025.1319225868,0.0,181644.4299497166,516669.5618723034,335378.81605900056,0.0,185580.928755,520959.74481400056
311,9778.093469,0.0,533.565396795455,0.0,10311.658865795454,1818.27634642,335025.1319225868,0.0,181644.4299497166,516669.5618723034,335378.81605900056,0.0,185580.928755,520959.74481400056
312,9781.897118,0.0,529.761747795454,0.0,10311.658865795454,2284.46668448,335025.1319225868,0.0,181644.4299497166,516669.5618723034,335378.81605900056,0.0,185580.928755,520959.74481400056
313,9785.700767,0.0,40.330163795456,0.0,9826.030930795456,2319.95722862,335025.1319225868,0.0,181644.4299497166,516669.5618723034,335378.81605900056,0.0,185580.928755,520959.74481400056
314,9789.504416,0.0,0.0,0.0,9789.504416,2319.95722862,335025.1319225868,0.0,181644.4299497166,516669.5618723034,335378.81605900056,0.0,185580.928755,520959.74481400056
315,9793.633082,0.0,0.0,0.0,9793.633082,2319.95722862,335025.1319225868,0.0,181644.4299497166,516669.5618723034,335378.81605900056,0.0,185580.928755,520959.74481400056
316,9798.037307,0.0,0.0,0.0,9798.037307,2319.95722862,335025.1319225868,0.0,181644.4299497166,516669.5618723034,335378.81605900056,0.0,185580.928755,520959.74481400056
317,9802.441532,0.0,0.0,0.0,9802.441532,2319.95722862,335025.1319225868,0.0,181644.4299497166,516669.5618723034,335378.81605900056,0.0,185580.928755,520959.74481400056
318,9806.845757,0.004489,0.0,0.0,9806.841267999998,2319.95722862,335025.1319225868,0.0,181644.4299497166,516669.5618723034,335378.81605900056,0.0,185580.928755,520959.74481400056
319,9811.249982,0.01374,0.0,0.0,9811.236241999999,2319.95722862,335025.1319225868,0.0,181644.4299497166,516669.5618723034,335378.81605900056,0.0,185580.928755,520959.74481400056
320,9815.420689,0.022888000000000002,0.0,0.0,9815.397801000001,2319.95722862,335025.1319225868,0.0,181644.4299497166,516669.5618723034,335378.81605900056,0.0,185580.928755,520959.74481400056
321,9819.224338,0.031341,0.0,0.0,9819.192997,2319.95722862,335025.1319225868,0.0,181644.4299497166,516669.5618723034,335378.81605900056,0.0,185580.928755,520959.74481400056
322,9823.027987,0.035514000000000004,488.666392795454,0.0,10311.658865795454,2749.98365428,335025.1319225868,0.0,181644.4299497166,516669.5618723034,335378.81605900056,0.0,185580.928755,520959.74481400056
323,9826.831636,0.037634,484.864863795454,0.0,10311.658865795454,3176.66473442,335025.1319225868,0.0,181644.4299497166,516669.5618723034,335378.81605900056,0.0,185580.928755,520959.74481400056
324,9830.635284,0.03922,481.062801795455,0.0,10311.658865795454,3600.0,335025.1319225868,0.0,181644.4299497166,516669.5618723034,335378.81605900056,0.0,185580.928755,520959.74481400056
325,9834.486273,0.035884,0.0,1000.0,8834.450389,2600.0,335025.1319225868,0.0,181644.4299497166,516669.5618723034,335378.81605900056,0.0,185580.928755,520959.74481400056
326,9838.490114,0.030847000000000003,0.0,147.871675875,9690.587591125,2452.128324125,335025.1319225868,0.0,181644.4299497166,516669.5618723034,335378.81605900056,0.0,185580.928755,520959.74481400056
327,9842.493955,0.022789,0.0,151.883574874999,9690.587591125,2300.24474925,335025.1319225868,0.0,181644.4299497166,516669.5618723034,335378.81605900056,0.0,185580.928755,520959.74481400056
328,9846.497795,0.013949999999999999,0.0,155.896253874998,9690.587591125,2144.348495375,335025.1319225868,0.0,181644.4299497166,516669.5618723034,335378.81605900056,0.0,185580.928755,520959.74481400056
329,9850.501636,0.002363,0.0,159.911681875001,9690.587591125,1984.4368135,335025.1319225868,0.0,181644.4299497166,516669.5618723034,335378.81605900056,0.0,185580.928755,520959.74481400056
330,9854.505477,0.0008910000000000001,0.0,163.916994875,9690.587591125,1820.519818625,335025.1319225868,0.0,181644.4299497166,516669.5618723034,335378.81605900056,0.0,185580.928755,520959.74481400056
331,9858.509318,0.0,0.0,1000.0,8858.509318,820.519818625002,335025.1319225868,0.0,181644.4299497166,516669.5618723034,335378.81605900056,0.0,185580.928755,520959.74481400056
332,9862.513159,0.0,0.0,420.519818625002,9441.993340374998,400.0,335025.1319225868,0.0,181644.4299497166,516669.5618723034,335378.81605900056,0.0,185580.928755,520959.74481400056
333,9866.517,0.0,0.0,0.0,9866.517,400.0,335025.1319225868,0.0,181644.4299497166,516669.5618723034,335378.81605900056,0.0,185580.928755,520959.74481400056
334,9870.520841,0.0,0.0,0.0,9870.520841,400.0,335025.1319225868,0.0,181644.4299497166,516669.5618723034,335378.81605900056,0.0,185580.928755,520959.74481400056
335,9874.524682,0.0,0.0,0.0,9874.524682,400.0,335025.1319225868,0.0,181644.4299497166,516669.5618723034,335378.81605900056,0.0,185580.928755,520959.74481400056
336,9878.341991,0.0,0.0,0.0,9878.341991,400.0,335025.1319225868,0.0,181644.4299497166,516669.5618723034,335378.81605900056,0.0,185580.928755,520959.74481400056
337,9882.14564,0.0,429.513225795454,0.0,10311.658865795454,777.971638699999,335025.1319225868,0.0,181644.4299497166,516669.5618723034,335378.81605900056,0.0,185580.928755,520959.74481400056
338,9885.949288,0.0,425.709577795455,0.0,10311.658865795454,1152.59606716,335025.1319225868,0.0,181644.4299497166,516669.5618723034,335378.81605900056,0.0,185580.928755,520959.74481400056
339,9889.752937,0.0,386.158677000001,0.0,10275.911614,1492.41570292,335025.1319225868,0.0,181644.4299497166,516669.5618723034,335378.81605900056,0.0,185580.928755,520959.74481400056
340,9893.556586,0.0,0.0,0.0,9893.556586,1492.41570292,335025.1319225868,0.0,181644.4299497166,516669.5618723034,335378.81605900056,0.0,185580.928755,520959.74481400056
341,9897.048171,0.0,0.0,0.0,9897.048171,1492.41570292,335025.1319225868,0.0,181644.4299497166,516669.5618723034,335378.81605900056,0.0,185580.928755,520959.74481400056
342,9900.451436,0.004125,0.0,0.0,9900.447311,1492.41570292,335025.1319225868,0.0,181644.4299497166,516669.5618723034,335378.81605900056,0.0,185580.928755,520959.74481400056
343,9903.8547,0.01391,407.818075795454,0.0,10311.658865795454,1851.29560962,335025.1319225868,0.0,181644.4299497166,516669.5618723034,335378.81605900056,0.0,185580.928755,520959.74481400056
344,9907.257965,0.023651000000000002,404.424551795453,0.0,10311.658865795454,2207.1892152,335025.1319225868,0.0,181644.4299497166,516669.5618723034,335378.81605900056,0.0,185580.928755,520959.74481400056
345,9910.66123,0.031949000000000005,401.029584795455,0.0,10311.658865795454,2560.09524982,335025.1319225868,0.0,181644.4299497166,516669.5618723034,335378.81605900056,0.0,185580.928755,520959.74481400056
346,9914.190027,0.036588,397.505426795455,0.0,10311.658865795454,2909.9000254,335025.1319225868,0.0,181644.4299497166,516669.5618723034,335378.81605900056,0.0,185580.928755,520959.74481400056
347,9917.793484,0.038236,393.903617795455,0.0,10311.658865795454,3256.53520906,335025.1319225868,0.0,181644.4299497166,516669.5618723034,335378.81605900056,0.0,185580.928755,520959.74481400056
348,9921.39694,0.038973,390.300898795454,0.0,10311.658865795454,3600.0,335025.1319225868,0.0,181644.4299497166,516669.5618723034,335378.81605900056,0.0,185580.928755,520959.74481400056
349,9925.000397,0.036263,0.0,234.376542874999,9690.587591125,3365.623457125,335025.1319225868,0.0,181644.4299497166,516669.5618723034,335378.81605900056,0.0,185580.928755,520959.74481400056
350,9928.603854,0.030757000000000003,0.0,703.685116750004,9224.887980249996,2661.938340375,335025.1319225868,0.0,181644.4299497166,516669.5618723034,335378.81605900056,0.0,185580.928755,520959.74481400056
351,9932.207311,0.023156,0.0,1000.0,8932.184155,1661.938340375,335025.1319225868,0.0,181644.4299497166,516669.5618723034,335378.81605900056,0.0,185580.928755,520959.74481400056
352,9935.810768,0.013625,0.0,245.209551874999,9690.587591125,1416.7287885,335025.1319225868,0.0,181644.4299497166,516669.5618723034,335378.81605900056,0.0,185580.928755,520959.74481400056
353,9939.414224,0.004127,0.0,248.822505874999,9690.587591125,1167.906282625,335025.1319225868,0.0,181644.4299497166,516669.5618723034,335378.81605900056,0.0,185580.928755,520959.74481400056
354,9943.017681,0.00076,0.0,252.429329874998,9690.587591125,915.476952749999,335025.1319225868,0.0,181644.4299497166,516669.5618723034,335378.81605900056,0.0,185580.928755,520959.74481400056
355,9946.621138,0.0,0.0,256.033546875,9690.587591125,659.443405874999,335025.1319225868,0.0,181644.4299497166,516669.5618723034,335378.81605900056,0.0,185580.928755,520959.74481400056
356,9950.030997,0.0,0.0,259.443405874999,9690.587591125,400.0,335025.1319225868,0.0,181644.4299497166,516669.5618723034,335378.81605900056,0.0,185580.928755,520959.74481400056
357,9953.033878,0.0,0.0,0.0,9953.033878,400.0,335025.1319225868,0.0,181644.4299497166,516669.5618723034,335378.81605900056,0.0,185580.928755,520959.74481400056
358,9956.036759,0.0,355.622106795454,0.0,10311.658865795454,712.947453979999,335025.1319225868,0.0,181644.4299497166,516669.5618723034,335378.81605900056,0.0,185580.928755,520959.74481400056
359,9959.039639,0.0,297.859009409095,0.0,10256.898648409095,975.063382260003,335025.1319225868,0.0,181644.4299497166,516669.5618723034,335378.81605900056,0.0,185580.928755,520959.74481400056
360,9962.04252,0.0,0.0,0.0,9962.04252,975.063382260003,335025.1319225868,0.0,181644.4299497166,516669.5618723034,335378.81605900056,0.0,185580.928755,520959.74481400056
361,9964.90927,0.0,0.0,0.0,9964.90927,975.063382260003,335025.1319225868,0.0,181644.4299497166,516669.5618723034,335378.81605900056,0.0,185580.928755,520959.74481400056
362,9967.111383,0.0,0.0,0.0,9967.111383,975.063382260003,335025.1319225868,0.0,181644.4299497166,516669.5618723034,335378.81605900056,0.0,185580.928755,520959.74481400056
363,9969.313495,0.0,0.0,0.0,9969.313495,975.063382260003,335025.1319225868,0.0,181644.4299497166,516669.5618723034,335378.81605900056,0.0,185580.928755,520959.74481400056
364,9971.515608,0.0,340.143257795455,0.0,10311.658865795454,1274.38944912,335025.1319225868,0.0,181644.4299497166,516669.5618723034,335378.81605900056,0.0,185580.928755,520959.74481400056
365,9973.71772,0.0,337.941145795454,0.0,10311.658865795454,1571.77765742,335025.1319225868,0.0,181644.4299497166,516669.5618723034,335378.81605900056,0.0,185580.928755,520959.74481400056
366,9975.919833,0.004398,335.743430795454,0.0,10311.658865795454,1867.23187652,335025.1319225868,0.0,181644.4299497166,516669.5618723034,335378.81605900056,0.0,185580.928755,520959.74481400056
367,9978.121945,0.013669,333.550589795454,0.0,10311.658865795454,2160.75639554,335025.1319225868,0.0,181644.4299497166,516669.5618723034,335378.81605900056,0.0,185580.928755,520959.74481400056
368,9980.324057,0.022463,331.357271795454,0.0,10311.658865795454,2452.35079472,335025.1319225868,0.0,181644.4299497166,516669.5618723034,335378.81605900056,0.0,185580.928755,520959.74481400056
369,9982.52617,0.029724,329.162419795455,0.0,10311.658865795454,2742.01372414,335025.1319225868,0.0,181644.4299497166,516669.5618723034,335378.81605900056,0.0,185580.928755,520959.74481400056
370,9984.728282,0.033755,326.964338795455,0.0,10311.658865795454,3029.74234228,335025.1319225868,0.0,181644.4299497166,516669.5618723034,335378.81605900056,0.0,185580.928755,520959.74481400056
371,9986.930395,0.037347000000000005,324.765817795454,0.0,10311.658865795454,3315.53626194,335025.1319225868,0.0,181644.4299497166,516669.5618723034,335378.81605900056,0.0,185580.928755,520959.74481400056
372,9988.439607,0.034989,323.254247795454,0.0,10311.658865795454,3600.0,335025.1319225868,0.0,181644.4299497166,516669.5618723034,335378.81605900056,0.0,185580.928755,520959.74481400056
373,9989.840952,0.034465,0.0,299.218895874999,9690.587591125,3300.781104125,335025.1319225868,0.0,181644.4299497166,516669.5618723034,335378.81605900056,0.0,185580.928755,520959.74481400056
374,9991.242296,0.030363,0.0,300.624341875,9690.587591125,3000.15676225,335025.1319225868,0.0,181644.4299497166,516669.5618723034,335378.81605900056,0.0,185580.928755,520959.74481400056
375,9992.64364,0.020686,0.0,302.035362875,9690.587591125,2698.121399375,335025.1319225868,0.0,181644.4299497166,516669.5618723034,335378.81605900056,0.0,185580.928755,520959.74481400056
376,9994.044985,0.012817,0.0,1000.0,8994.032168,1698.121399375,335025.1319225868,0.0,181644.4299497166,516669.5618723034,335378.81605900056,0.0,185580.928755,520959.74481400056
377,9995.731779,0.00474,0.0,305.139447874999,9690.587591125,1392.9819515,335025.1319225868,0.0,181644.4299497166,516669.5618723034,335378.81605900056,0.0,185580.928755,520959.74481400056
378,9997.533508,0.0009699999999999999,0.0,373.684937750002,9623.84760025,1019.29701375,335025.1319225868,0.0,181644.4299497166,516669.5618723034,335378.81605900056,0.0,185580.928755,520959.74481400056
379,9999.335236,0.0,0.0,308.747644875,9690.587591125,710.549368874999,335025.1319225868,0.0,181644.4299497166,516669.5618723034,335378.81605900056,0.0,185580.928755,520959.74481400056
380,10001.13696,0.0,0.0,310.549368874999,9690.587591125,400.0,335025.1319225868,0.0,181644.4299497166,516669.5618723034,335378.81605900056,0.0,185580.928755,520959.74481400056
381,10002.93869,0.0,308.720175795454,0.0,10311.658865795454,671.673754699999,335025.1319225868,0.0,181644.4299497166,516669.5618723034,335378.81605900056,0.0,185580.928755,520959.74481400056
382,10004.74042,0.0,125.216394818188,0.0,10129.956814818188,781.864182140004,335025.1319225868,0.0,181644.4299497166,516669.5618723034,335378.81605900056,0.0,185580.928755,520959.74481400056
383,10006.54215,0.0,0.0,0.0,10006.54215,781.864182140004,335025.1319225868,0.0,181644.4299497166,516669.5618723034,335378.81605900056,0.0,185580.928755,520959.74481400056
384,10008.34388,0.0,0.0,0.0,10008.34388,781.864182140004,335025.1319225868,0.0,181644.4299497166,516669.5618723034,335378.81605900056,0.0,185580.928755,520959.74481400056
385,10010.14561,0.0,0.0,0.0,10010.14561,781.864182140004,335025.1319225868,0.0,181644.4299497166,516669.5618723034,335378.81605900056,0.0,185580.928755,520959.74481400056
386,10011.94733,0.0,299.711535795454,0.0,10311.658865795454,1045.61033364,335025.1319225868,0.0,181644.4299497166,516669.5618723034,335378.81605900056,0.0,185580.928755,520959.74481400056
387,10013.74906,0.0,297.909805795454,0.0,10311.658865795454,1307.77096274,335025.1319225868,0.0,181644.4299497166,516669.5618723034,335378.81605900056,0.0,185580.928755,520959.74481400056
388,10015.55079,0.0,296.108075795455,0.0,10311.658865795454,1568.34606944,335025.1319225868,0.0,181644.4299497166,516669.5618723034,335378.81605900056,0.0,185580.928755,520959.74481400056
389,10017.35252,0.0,294.306345795454,0.0,10311.658865795454,1827.33565374,335025.1319225868,0.0,181644.4299497166,516669.5618723034,335378.81605900056,0.0,185580.928755,520959.74481400056
390,10019.15425,0.004201,292.508816795455,0.0,10311.658865795454,2084.74341252,335025.1319225868,0.0,181644.4299497166,516669.5618723034,335378.81605900056,0.0,185580.928755,520959.74481400056
391,10020.95598,0.014140000000000002,290.717025795453,0.0,10311.658865795454,2340.57439522,335025.1319225868,0.0,181644.4299497166,516669.5618723034,335378.81605900056,0.0,185580.928755,520959.74481400056
392,10022.65525,0.023346000000000002,289.026961795455,0.0,10311.658865795454,2594.9181216,335025.1319225868,0.0,181644.4299497166,516669.5618723034,335378.81605900056,0.0,185580.928755,520959.74481400056
393,10024.0566,0.030219000000000003,287.632484795455,0.0,10311.658865795454,2848.03470822,335025.1319225868,0.0,181644.4299497166,516669.5618723034,335378.81605900056,0.0,185580.928755,520959.74481400056
394,10025.45794,0.032630000000000006,286.233555795454,0.0,10311.658865795454,3099.92023732,335025.1319225868,0.0,181644.4299497166,516669.5618723034,335378.81605900056,0.0,185580.928755,520959.74481400056
395,10026.85929,0.037644,284.837219795454,0.0,10311.658865795454,3350.57699074,335025.1319225868,0.0,181644.4299497166,516669.5618723034,335378.81605900056,0.0,185580.928755,520959.74481400056
396,10028.26063,0.037002,283.435237795453,0.0,10311.658865795454,3600.0,335025.1319225868,0.0,181644.4299497166,516669.5618723034,335378.81605900056,0.0,185580.928755,520959.74481400056
397,10029.64125,0.034726,0.0,339.018932875,9690.587591125,3260.981067125,335025.1319225868,0.0,181644.4299497166,516669.5618723034,335378.81605900056,0.0,185580.928755,520959.74481400056
398,10030.8424,0.029668,0.0,340.225140875,9690.587591125,2920.75592625,335025.1319225868,0.0,181644.4299497166,516669.5618723034,335378.81605900056,0.0,185580.928755,520959.74481400056
399,10032.04355,0.021816,0.0,341.434142874999,9690.587591125,2579.321783375,335025.1319225868,0.0,181644.4299497166,516669.5618723034,335378.81605900056,0.0,185580.928755,520959.74481400056
400,10033.24471,0.014072,0.0,796.686592875003,9236.544045124998,1782.6351905,335025.1319225868,0.0,181644.4299497166,516669.5618723034,335378.81605900056,0.0,185580.928755,520959.74481400056
401,10034.44586,0.004218,0.0,343.854050874999,9690.587591125,1438.781139625,335025.1319225868,0.0,181644.4299497166,516669.5618723034,335378.81605900056,0.0,185580.928755,520959.74481400056
402,10035.64701,0.0005769999999999999,0.0,345.058841874999,9690.587591125,1093.72229775,335025.1319225868,0.0,181644.4299497166,516669.5618723034,335378.81605900056,0.0,185580.928755,520959.74481400056
403,10036.84816,0.0,0.0,346.260568874999,9690.587591125,747.461728875,335025.1319225868,0.0,181644.4299497166,516669.5618723034,335378.81605900056,0.0,185580.928755,520959.74481400056
404,10038.04932,0.0,0.0,347.461728875,9690.587591125,400.0,335025.1319225868,0.0,181644.4299497166,516669.5618723034,335378.81605900056,0.0,185580.928755,520959.74481400056
405,10039.25047,0.0,0.0,0.0,10039.25047,400.0,335025.1319225868,0.0,181644.4299497166,516669.5618723034,335378.81605900056,0.0,185580.928755,520959.74481400056
406,10040.45162,0.0,0.0,0.0,10040.45162,400.0,335025.1319225868,0.0,181644.4299497166,516669.5618723034,335378.81605900056,0.0,185580.928755,520959.74481400056
407,10041.65277,0.0,0.0,0.0,10041.65277,400.0,335025.1319225868,0.0,181644.4299497166,516669.5618723034,335378.81605900056,0.0,185580.928755,520959.74481400056
408,10043.01384,0.0,0.0,0.0,10043.01384,400.0,335025.1319225868,0.0,181644.4299497166,516669.5618723034,335378.81605900056,0.0,185580.928755,520959.74481400056
409,10044.41519,0.0,0.0,0.0,10044.41519,400.0,335025.1319225868,0.0,181644.4299497166,516669.5618723034,335378.81605900056,0.0,185580.928755,520959.74481400056
410,10045.81653,0.0,0.0,0.0,10045.81653,400.0,335025.1319225868,0.0,181644.4299497166,516669.5618723034,335378.81605900056,0.0,185580.928755,520959.74481400056
411,10047.21788,0.0,0.0,0.0,10047.21788,400.0,335025.1319225868,0.0,181644.4299497166,516669.5618723034,335378.81605900056,0.0,185580.928755,520959.74481400056
412,10048.61922,0.0,0.0,0.0,10048.61922,400.0,335025.1319225868,0.0,181644.4299497166,516669.5618723034,335378.81605900056,0.0,185580.928755,520959.74481400056
413,10049.76173,0.0,0.0,0.0,10049.76173,400.0,335025.1319225868,0.0,181644.4299497166,516669.5618723034,335378.81605900056,0.0,185580.928755,520959.74481400056
414,10050.76269,0.005126,0.0,0.0,10050.757564,400.0,335025.1319225868,0.0,181644.4299497166,516669.5618723034,335378.81605900056,0.0,185580.928755,520959.74481400056
415,10051.76365,0.013972,0.0,0.0,10051.749678,400.0,335025.1319225868,0.0,181644.4299497166,516669.5618723034,335378.81605900056,0.0,185580.928755,520959.74481400056
416,10052.76461,0.022132000000000002,0.0,0.0,10052.742478,400.0,335025.1319225868,0.0,181644.4299497166,516669.5618723034,335378.81605900056,0.0,185580.928755,520959.74481400056
417,10053.76557,0.030052,0.0,0.0,10053.735518,400.0,335025.1319225868,0.0,181644.4299497166,516669.5618723034,335378.81605900056,0.0,185580.928755,520959.74481400056
418,10054.96437,0.033850000000000005,0.0,0.0,10054.93052,400.0,335025.1319225868,0.0,181644.4299497166,516669.5618723034,335378.81605900056,0.0,185580.928755,520959.74481400056
419,10056.36571,0.036359,0.0,0.0,10056.329351,400.0,335025.1319225868,0.0,181644.4299497166,516669.5618723034,335378.81605900056,0.0,185580.928755,520959.74481400056
420,10057.76705,0.03554,0.0,0.0,10057.73151,400.0,335025.1319225868,0.0,181644.4299497166,516669.5618723034,335378.81605900056,0.0,185580.928755,520959.74481400056
421,10059.1684,0.026741,0.0,0.0,10059.141659,400.0,335025.1319225868,0.0,181644.4299497166,516669.5618723034,335378.81605900056,0.0,185580.928755,520959.74481400056
422,10060.56974,0.019873000000000002,0.0,0.0,10060.549867000002,400.0,335025.1319225868,0.0,181644.4299497166,516669.5618723034,335378.81605900056,0.0,185580.928755,520959.74481400056
423,10061.90267,0.010884000000000001,0.0,0.0,10061.891786,400.0,335025.1319225868,0.0,181644.4299497166,516669.5618723034,335378.81605900056,0.0,185580.928755,520959.74481400056
424,10063.10382,0.004626000000000001,0.0,0.0,10063.099194,400.0,335025.1319225868,0.0,181644.4299497166,516669.5618723034,335378.81605900056,0.0,185580.928755,520959.74481400056
425,10064.30497,0.002404,0.0,0.0,10064.302565999998,400.0,335025.1319225868,0.0,181644.4299497166,516669.5618723034,335378.81605900056,0.0,185580.928755,520959.74481400056
426,10065.50613,0.001019,0.0,0.0,10065.505111,400.0,335025.1319225868,0.0,181644.4299497166,516669.5618723034,335378.81605900056,0.0,185580.928755,520959.74481400056
427,10066.70728,0.0,0.0,0.0,10066.70728,400.0,335025.1319225868,0.0,181644.4299497166,516669.5618723034,335378.81605900056,0.0,185580.928755,520959.74481400056
428,10067.87051,0.0,0.0,0.0,10067.87051,400.0,335025.1319225868,0.0,181644.4299497166,516669.5618723034,335378.81605900056,0.0,185580.928755,520959.74481400056
429,10068.87147,0.0,0.0,0.0,10068.87147,400.0,335025.1319225868,0.0,181644.4299497166,516669.5618723034,335378.81605900056,0.0,185580.928755,520959.74481400056
430,10069.87243,0.0,0.0,0.0,10069.87243,400.0,335025.1319225868,0.0,181644.4299497166,516669.5618723034,335378.81605900056,0.0,185580.928755,520959.74481400056
431,10070.87339,0.0,0.0,0.0,10070.87339,400.0,335025.1319225868,0.0,181644.4299497166,516669.5618723034,335378.81605900056,0.0,185580.928755,520959.74481400056
432,10071.87435,0.0,0.0,0.0,10071.87435,400.0,335025.1319225868,0.0,181644.4299497166,516669.5618723034,335378.81605900056,0.0,185580.928755,520959.74481400056
433,10072.86789,0.0,0.0,0.0,10072.86789,400.0,335025.1319225868,0.0,181644.4299497166,516669.5618723034,335378.81605900056,0.0,185580.928755,520959.74481400056
434,10073.66866,0.0,0.0,0.0,10073.66866,400.0,335025.1319225868,0.0,181644.4299497166,516669.5618723034,335378.81605900056,0.0,185580.928755,520959.74481400056
435,10074.46943,0.0,0.0,0.0,10074.46943,400.0,335025.1319225868,0.0,181644.4299497166,516669.5618723034,335378.81605900056,0.0,185580.928755,520959.74481400056
436,10075.2702,0.0,0.0,0.0,10075.2702,400.0,335025.1319225868,0.0,181644.4299497166,516669.5618723034,335378.81605900056,0.0,185580.928755,520959.74481400056
437,10076.07097,0.0,0.0,0.0,10076.07097,400.0,335025.1319225868,0.0,181644.4299497166,516669.5618723034,335378.81605900056,0.0,185580.928755,520959.74481400056
438,10076.87173,0.004008,0.0,0.0,10076.867722,400.0,335025.1319225868,0.0,181644.4299497166,516669.5618723034,335378.81605900056,0.0,185580.928755,520959.74481400056
439,10077.6725,0.013543,0.0,0.0,10077.658957000001,400.0,335025.1319225868,0.0,181644.4299497166,516669.5618723034,335378.81605900056,0.0,185580.928755,520959.74481400056
440,10078.47327,0.023076,0.0,0.0,10078.450194000001,400.0,335025.1319225868,0.0,181644.4299497166,516669.5618723034,335378.81605900056,0.0,185580.928755,520959.74481400056
441,10079.27404,0.030032,0.0,0.0,10079.244008,400.0,335025.1319225868,0.0,181644.4299497166,516669.5618723034,335378.81605900056,0.0,185580.928755,520959.74481400056
442,10080.07481,0.035534,0.0,0.0,10080.039276,400.0,335025.1319225868,0.0,181644.4299497166,516669.5618723034,335378.81605900056,0.0,185580.928755,520959.74481400056
443,10080.87558,0.039268000000000004,0.0,0.0,10080.836312,400.0,335025.1319225868,0.0,181644.4299497166,516669.5618723034,335378.81605900056,0.0,185580.928755,520959.74481400056
444,10081.82295,0.038195,0.0,0.0,10081.784755,400.0,335025.1319225868,0.0,181644.4299497166,516669.5618723034,335378.81605900056,0.0,185580.928755,520959.74481400056
445,10082.82392,0.033798,0.0,0.0,10082.790122,400.0,335025.1319225868,0.0,181644.4299497166,516669.5618723034,335378.81605900056,0.0,185580.928755,520959.74481400056
446,10083.82488,0.029439,0.0,0.0,10083.795441,400.0,335025.1319225868,0.0,181644.4299497166,516669.5618723034,335378.81605900056,0.0,185580.928755,520959.74481400056
447,10084.82584,0.023765,0.0,0.0,10084.802075,400.0,335025.1319225868,0.0,181644.4299497166,516669.5618723034,335378.81605900056,0.0,185580.928755,520959.74481400056
448,10085.8268,0.014275000000000001,0.0,0.0,10085.812525000001,400.0,335025.1319225868,0.0,181644.4299497166,516669.5618723034,335378.81605900056,0.0,185580.928755,520959.74481400056
449,10086.47942,0.004677,0.0,0.0,10086.474742999999,400.0,335025.1319225868,0.0,181644.4299497166,516669.5618723034,335378.81605900056,0.0,185580.928755,520959.74481400056
450,10086.87981,0.000819,0.0,0.0,10086.878991,400.0,335025.1319225868,0.0,181644.4299497166,516669.5618723034,335378.81605900056,0.0,185580.928755,520959.74481400056
451,10087.28019,0.0,0.0,0.0,10087.28019,400.0,335025.1319225868,0.0,181644.4299497166,516669.5618723034,335378.81605900056,0.0,185580.928755,520959.74481400056
452,10087.68057,0.0,69.8118006363651,0.0,10157.492370636366,461.434384560001,335025.1319225868,0.0,181644.4299497166,516669.5618723034,335378.81605900056,0.0,185580.928755,520959.74481400056
453,10088.08096,0.0,223.577905795455,0.0,10311.658865795454,658.182941660002,335025.1319225868,0.0,181644.4299497166,516669.5618723034,335378.81605900056,0.0,185580.928755,520959.74481400056
454,10088.31012,0.0,223.348745795454,0.0,10311.658865795454,854.729837960002,335025.1319225868,0.0,181644.4299497166,516669.5618723034,335378.81605900056,0.0,185580.928755,520959.74481400056
455,10088.31012,0.0,223.348745795454,0.0,10311.658865795454,1051.27673426,335025.1319225868,0.0,181644.4299497166,516669.5618723034,335378.81605900056,0.0,185580.928755,520959.74481400056
456,10088.31012,0.0,223.348745795454,0.0,10311.658865795454,1247.82363056,335025.1319225868,0.0,181644.4299497166,516669.5618723034,335378.81605900056,0.0,185580.928755,520959.74481400056
457,10088.31012,0.0,223.348745795454,0.0,10311.658865795454,1444.37052686,335025.1319225868,0.0,181644.4299497166,516669.5618723034,335378.81605900056,0.0,185580.928755,520959.74481400056
458,10088.31012,0.0,223.348745795454,0.0,10311.658865795454,1640.91742316,335025.1319225868,0.0,181644.4299497166,516669.5618723034,335378.81605900056,0.0,185580.928755,520959.74481400056
459,10088.36523,0.0,223.293635795455,0.0,10311.658865795454,1837.41582266,335025.1319225868,0.0,181644.4299497166,516669.5618723034,335378.81605900056,0.0,185580.928755,520959.74481400056
460,10088.56542,0.0,223.093445795454,0.0,10311.658865795454,2033.73805496,335025.1319225868,0.0,181644.4299497166,516669.5618723034,335378.81605900056,0.0,185580.928755,520959.74481400056
461,10088.76562,0.0,222.893245795454,0.0,10311.658865795454,2229.88411126,335025.1319225868,0.0,181644.4299497166,516669.5618723034,335378.81605900056,0.0,185580.928755,520959.74481400056
462,10088.96581,0.004149,222.697204795455,0.0,10311.658865795454,2425.85765148,335025.1319225868,0.0,181644.4299497166,516669.5618723034,335378.81605900056,0.0,185580.928755,520959.74481400056
463,10089.166,0.013843,222.506708795456,0.0,10311.658865795454,2621.66355522,335025.1319225868,0.0,181644.4299497166,516669.5618723034,335378.81605900056,0.0,185580.928755,520959.74481400056
464,10089.34158,0.022126000000000003,222.339411795454,0.0,10311.658865795454,2817.3222376,335025.1319225868,0.0,181644.4299497166,516669.5618723034,335378.81605900056,0.0,185580.928755,520959.74481400056
465,10089.34158,0.029365,222.346650795454,0.0,10311.658865795454,3012.9872903,335025.1319225868,0.0,181644.4299497166,516669.5618723034,335378.81605900056,0.0,185580.928755,520959.74481400056
466,10089.34158,0.03503,222.352315795453,0.0,10311.658865795454,3208.6573282,335025.1319225868,0.0,181644.4299497166,516669.5618723034,335378.81605900056,0.0,185580.928755,520959.74481400056
467,10089.34158,0.03615,222.353435795454,0.0,10311.658865795454,3404.3283517,335025.1319225868,0.0,181644.4299497166,516669.5618723034,335378.81605900056,0.0,185580.928755,520959.74481400056
468,10089.34158,0.03686,222.354145795454,0.0,10311.658865795454,3600.0,335025.1319225868,0.0,181644.4299497166,516669.5618723034,335378.81605900056,0.0,185580.928755,520959.74481400056
469,10089.34158,0.033487,0.0,398.720501874999,9690.587591125,3201.279498125,335025.1319225868,0.0,181644.4299497166,516669.5618723034,335378.81605900056,0.0,185580.928755,520959.74481400056
470,10089.73019,0.030004000000000003,0.0,399.112594875,9690.587591125,2802.16690325,335025.1319225868,0.0,181644.4299497166,516669.5618723034,335378.81605900056,0.0,185580.928755,520959.74481400056
471,10090.13057,0.022488,0.0,399.520490874998,9690.587591125,2402.646412375,335025.1319225868,0.0,181644.4299497166,516669.5618723034,335378.81605900056,0.0,185580.928755,520959.74481400056
472,10090.53096,0.013638,0.0,399.929730874999,9690.587591125,2002.7166815,335025.1319225868,0.0,181644.4299497166,516669.5618723034,335378.81605900056,0.0,185580.928755,520959.74481400056
473,10090.93134,0.00418,0.0,400.339568874999,9690.587591125,1602.377112625,335025.1319225868,0.0,181644.4299497166,516669.5618723034,335378.81605900056,0.0,185580.928755,520959.74481400056
474,10091.33172,0.000834,0.0,400.743294874999,9690.587591125,1201.63381775,335025.1319225868,0.0,181644.4299497166,516669.5618723034,335378.81605900056,0.0,185580.928755,520959.74481400056
475,10091.4045,0.0,0.0,400.816908875,9690.587591125,800.816908875,335025.1319225868,0.0,181644.4299497166,516669.5618723034,335378.81605900056,0.0,185580.928755,520959.74481400056
476,10091.4045,0.0,0.0,400.816908875,9690.587591125,400.0,335025.1319225868,0.0,181644.4299497166,516669.5618723034,335378.81605900056,0.0,185580.928755,520959.74481400056
477,10091.4045,0.0,220.254365795454,0.0,10311.658865795454,593.823841899999,335025.1319225868,0.0,181644.4299497166,516669.5618723034,335378.81605900056,0.0,185580.928755,520959.74481400056
478,10091.4045,0.0,220.254365795454,0.0,10311.658865795454,787.647683799998,335025.1319225868,0.0,181644.4299497166,516669.5618723034,335378.81605900056,0.0,185580.928755,520959.74481400056
479,10091.4045,0.0,220.254365795454,0.0,10311.658865795454,981.471525699997,335025.1319225868,0.0,181644.4299497166,516669.5618723034,335378.81605900056,0.0,185580.928755,520959.74481400056
480,10091.00459,0.0,220.654275795454,0.0,10311.658865795454,1175.6472884,335025.1319225868,0.0,181644.4299497166,516669.5618723034,335378.81605900056,0.0,185580.928755,520959.74481400056
481,10090.40401,0.0,221.254855795454,0.0,10311.658865795454,1370.3515615,335025.1319225868,0.0,181644.4299497166,516669.5618723034,335378.81605900056,0.0,185580.928755,520959.74481400056
482,10089.80343,0.0,221.855435795454,0.0,10311.658865795454,1565.584345,335025.1319225868,0.0,181644.4299497166,516669.5618723034,335378.81605900056,0.0,185580.928755,520959.74481400056
483,10089.20286,0.0,222.456005795455,0.0,10311.658865795454,1761.3456301,335025.1319225868,0.0,181644.4299497166,516669.5618723034,335378.81605900056,0.0,185580.928755,520959.74481400056
484,10088.60228,0.0,223.056585795455,0.0,10311.658865795454,1957.63542559999,335025.1319225868,0.0,181644.4299497166,516669.5618723034,335378.81605900056,0.0,185580.928755,520959.74481400056
485,10088.20731,0.0,223.451555795455,0.0,10311.658865795454,2154.2727947,335025.1319225868,0.0,181644.4299497166,516669.5618723034,335378.81605900056,0.0,185580.928755,520959.74481400056
486,10088.00712,0.005045,223.656790795454,0.0,10311.658865795454,2351.0907706,335025.1319225868,0.0,181644.4299497166,516669.5618723034,335378.81605900056,0.0,185580.928755,520959.74481400056
487,10087.80693,0.013776,223.865711795454,0.0,10311.658865795454,2548.09259698,335025.1319225868,0.0,181644.4299497166,516669.5618723034,335378.81605900056,0.0,185580.928755,520959.74481400056
488,10087.60674,0.022170000000000002,224.074295795455,0.0,10311.658865795454,2745.27797728,335025.1319225868,0.0,181644.4299497166,516669.5618723034,335378.81605900056,0.0,185580.928755,520959.74481400056
489,10087.40655,0.02938,224.281695795455,0.0,10311.658865795454,2942.64586958,335025.1319225868,0.0,181644.4299497166,516669.5618723034,335378.81605900056,0.0,185580.928755,520959.74481400056
490,10087.06175,0.033847,224.630962795454,0.0,10311.658865795454,3140.32111684,335025.1319225868,0.0,181644.4299497166,516669.5618723034,335378.81605900056,0.0,185580.928755,520959.74481400056
491,10086.46117,0.035401,225.233096795453,0.0,10311.658865795454,3338.52624202,335025.1319225868,0.0,181644.4299497166,516669.5618723034,335378.81605900056,0.0,185580.928755,520959.74481400056
492,10085.86059,0.036806,225.835081795454,0.0,10311.658865795454,3537.261114,335025.1319225868,0.0,181644.4299497166,516669.5618723034,335378.81605900056,0.0,185580.928755,520959.74481400056
493,10085.26002,0.033923,0.0,394.638505874998,9690.587591125,3142.622608125,335025.1319225868,0.0,181644.4299497166,516669.5618723034,335378.81605900056,0.0,185580.928755,520959.74481400056
494,10084.65944,0.014263999999999999,0.0,394.057584875,9690.587591125,2748.56502325,335025.1319225868,0.0,181644.4299497166,516669.5618723034,335378.81605900056,0.0,185580.928755,520959.74481400056
495,10084.01706,0.007208,0.0,393.422260874999,9690.587591125,2355.142762375,335025.1319225868,0.0,181644.4299497166,516669.5618723034,335378.81605900056,0.0,185580.928755,520959.74481400056
496,10083.21629,0.002689,0.0,392.626009874999,9690.587591125,1962.5167525,335025.1319225868,0.0,181644.4299497166,516669.5618723034,335378.81605900056,0.0,185580.928755,520959.74481400056
497,10082.41552,0.001557,0.0,391.826371875,9690.587591125,1570.690380625,335025.1319225868,0.0,181644.4299497166,516669.5618723034,335378.81605900056,0.0,185580.928755,520959.74481400056
498,10081.61476,0.00011600000000000001,0.0,391.027052875001,9690.587591125,1179.66332775,335025.1319225868,0.0,181644.4299497166,516669.5618723034,335378.81605900056,0.0,185580.928755,520959.74481400056
499,10080.81399,0.0,0.0,390.226398875,9690.587591125,789.436928875,335025.1319225868,0.0,181644.4299497166,516669.5618723034,335378.81605900056,0.0,185580.928755,520959.74481400056
500,10080.02452,0.0,0.0,389.436928875,9690.587591125,400.0,335025.1319225868,0.0,181644.4299497166,516669.5618723034,335378.81605900056,0.0,185580.928755,520959.74481400056
501,10079.42395,0.0,75.0712864318193,0.0,10154.49523643182,466.062732060001,335025.1319225868,0.0,181644.4299497166,516669.5618723034,335378.81605900056,0.0,185580.928755,520959.74481400056
502,10078.82337,0.0,232.835495795454,0.0,10311.658865795454,670.957968360001,335025.1319225868,0.0,181644.4299497166,516669.5618723034,335378.81605900056,0.0,185580.928755,520959.74481400056
503,10078.2228,0.0,233.436065795455,0.0,10311.658865795454,876.381706260001,335025.1319225868,0.0,181644.4299497166,516669.5618723034,335378.81605900056,0.0,185580.928755,520959.74481400056
504,10077.62222,0.0,234.036645795455,0.0,10311.658865795454,1082.33395456,335025.1319225868,0.0,181644.4299497166,516669.5618723034,335378.81605900056,0.0,185580.928755,520959.74481400056
505,10077.02164,0.0,234.637225795454,0.0,10311.658865795454,1288.81471326,335025.1319225868,0.0,181644.4299497166,516669.5618723034,335378.81605900056,0.0,185580.928755,520959.74481400056
506,10076.24007,0.0,235.418795795455,0.0,10311.658865795454,1495.98325356,335025.1319225868,0.0,181644.4299497166,516669.5618723034,335378.81605900056,0.0,185580.928755,520959.74481400056
507,10075.4393,0.0,236.219565795454,0.0,10311.658865795454,1703.85647146,335025.1319225868,0.0,181644.4299497166,516669.5618723034,335378.81605900056,0.0,185580.928755,520959.74481400056
508,10074.63853,0.0,237.020335795454,0.0,10311.658865795454,1912.43436696,335025.1319225868,0.0,181644.4299497166,516669.5618723034,335378.81605900056,0.0,185580.928755,520959.74481400056
509,10073.83777,0.0,237.821095795454,0.0,10311.658865795454,2121.71693126,335025.1319225868,0.0,181644.4299497166,516669.5618723034,335378.81605900056,0.0,185580.928755,520959.74481400056
510,10073.037,0.0012720000000000001,238.623137795454,0.0,10311.658865795454,2331.70529252,335025.1319225868,0.0,181644.4299497166,516669.5618723034,335378.81605900056,0.0,185580.928755,520959.74481400056
511,10072.53722,0.002625,239.124270795453,0.0,10311.658865795454,2542.13465082,335025.1319225868,0.0,181644.4299497166,516669.5618723034,335378.81605900056,0.0,185580.928755,520959.74481400056
512,10072.13684,0.003897,239.525922795456,0.0,10311.658865795454,2752.91746288,335025.1319225868,0.0,181644.4299497166,516669.5618723034,335378.81605900056,0.0,185580.928755,520959.74481400056
513,10071.73646,0.004893,239.927298795454,0.0,10311.658865795454,2964.05348582,335025.1319225868,0.0,181644.4299497166,516669.5618723034,335378.81605900056,0.0,185580.928755,520959.74481400056
514,10071.33607,0.005365,240.328160795456,0.0,10311.658865795454,3175.54226732,335025.1319225868,0.0,181644.4299497166,516669.5618723034,335378.81605900056,0.0,185580.928755,520959.74481400056
515,10070.93569,0.0057729999999999995,240.728948795455,0.0,10311.658865795454,3387.38374226,335025.1319225868,0.0,181644.4299497166,516669.5618723034,335378.81605900056,0.0,185580.928755,520959.74481400056
516,10070.05531,0.005828000000000001,241.609383795454,0.0,10311.658865795454,3600.0,335025.1319225868,0.0,181644.4299497166,516669.5618723034,335378.81605900056,0.0,185580.928755,520959.74481400056
517,10068.85416,0.005503999999999999,0.0,378.261064875,9690.587591125,3221.738935125,335025.1319225868,0.0,181644.4299497166,516669.5618723034,335378.81605900056,0.0,185580.928755,520959.74481400056
518,10067.65301,0.0050030000000000005,0.0,377.060415874999,9690.587591125,2844.67851925,335025.1319225868,0.0,181644.4299497166,516669.5618723034,335378.81605900056,0.0,185580.928755,520959.74481400056
519,10066.45186,0.00385,0.0,375.860418875,9690.587591125,2468.818100375,335025.1319225868,0.0,181644.4299497166,516669.5618723034,335378.81605900056,0.0,185580.928755,520959.74481400056
520,10065.2507,0.005041,0.0,374.658067875,9690.587591125,2094.1600325,335025.1319225868,0.0,181644.4299497166,516669.5618723034,335378.81605900056,0.0,185580.928755,520959.74481400056
521,10064.04955,0.001557,0.0,373.460401875,9690.587591125,1720.699630625,335025.1319225868,0.0,181644.4299497166,516669.5618723034,335378.81605900056,0.0,185580.928755,520959.74481400056
522,10062.8484,0.001091,0.0,372.259717875,9690.587591125,1348.43991275,335025.1319225868,0.0,181644.4299497166,516669.5618723034,335378.81605900056,0.0,185580.928755,520959.74481400056
523,10061.64725,0.0,0.0,578.581403875003,9483.065846124997,769.858508874999,335025.1319225868,0.0,181644.4299497166,516669.5618723034,335378.81605900056,0.0,185580.928755,520959.74481400056
524,10060.4461,0.0,0.0,369.858508874999,9690.587591125,400.0,335025.1319225868,0.0,181644.4299497166,516669.5618723034,335378.81605900056,0.0,185580.928755,520959.74481400056
525,10059.24494,0.0,252.413925795454,0.0,10311.658865795454,622.124254699999,335025.1319225868,0.0,181644.4299497166,516669.5618723034,335378.81605900056,0.0,185580.928755,520959.74481400056
526,10057.9258,0.0,175.623684022731,0.0,10233.549484022731,776.673096640002,335025.1319225868,0.0,181644.4299497166,516669.5618723034,335378.81605900056,0.0,185580.928755,520959.74481400056
527,10056.32426,0.0,0.0,0.0,10056.32426,776.673096640002,335025.1319225868,0.0,181644.4299497166,516669.5618723034,335378.81605900056,0.0,185580.928755,520959.74481400056
528,10054.72272,0.0,0.0,0.0,10054.72272,776.673096640002,335025.1319225868,0.0,181644.4299497166,516669.5618723034,335378.81605900056,0.0,185580.928755,520959.74481400056
529,10053.12119,0.0,258.537675795455,0.0,10311.658865795454,1004.18625134,335025.1319225868,0.0,181644.4299497166,516669.5618723034,335378.81605900056,0.0,185580.928755,520959.74481400056
530,10051.51965,0.0,260.139215795454,0.0,10311.658865795454,1233.10876124,335025.1319225868,0.0,181644.4299497166,516669.5618723034,335378.81605900056,0.0,185580.928755,520959.74481400056
531,10049.91811,0.0,261.740755795454,0.0,10311.658865795454,1463.44062634,335025.1319225868,0.0,181644.4299497166,516669.5618723034,335378.81605900056,0.0,185580.928755,520959.74481400056
532,10048.31658,0.0,263.342285795454,0.0,10311.658865795454,1695.18183784,335025.1319225868,0.0,181644.4299497166,516669.5618723034,335378.81605900056,0.0,185580.928755,520959.74481400056
533,10046.71504,0.0,264.943825795455,0.0,10311.658865795454,1928.33240454,335025.1319225868,0.0,181644.4299497166,516669.5618723034,335378.81605900056,0.0,185580.928755,520959.74481400056
534,10045.1135,0.004136,266.549501795454,0.0,10311.658865795454,2162.89596612,335025.1319225868,0.0,181644.4299497166,516669.5618723034,335378.81605900056,0.0,185580.928755,520959.74481400056
535,10043.51197,0.013762,268.160657795455,0.0,10311.658865795454,2398.87734498,335025.1319225868,0.0,181644.4299497166,516669.5618723034,335378.81605900056,0.0,185580.928755,520959.74481400056
536,10041.91043,0.023806,269.772241795454,0.0,10311.658865795454,2636.27691776,335025.1319225868,0.0,181644.4299497166,516669.5618723034,335378.81605900056,0.0,185580.928755,520959.74481400056
537,10040.3089,0.030006,271.379971795455,0.0,10311.658865795454,2875.09129294,335025.1319225868,0.0,181644.4299497166,516669.5618723034,335378.81605900056,0.0,185580.928755,520959.74481400056
538,10038.70736,0.034409999999999996,272.985915795454,0.0,10311.658865795454,3115.31889884,335025.1319225868,0.0,181644.4299497166,516669.5618723034,335378.81605900056,0.0,185580.928755,520959.74481400056
539,10037.10582,0.037381,274.590426795454,0.0,10311.658865795454,3356.95847442,335025.1319225868,0.0,181644.4299497166,516669.5618723034,335378.81605900056,0.0,185580.928755,520959.74481400056
540,10035.50429,0.028976,276.183551795453,0.0,10311.658865795454,3600.0,335025.1319225868,0.0,181644.4299497166,516669.5618723034,335378.81605900056,0.0,185580.928755,520959.74481400056
541,10033.90275,0.014543,0.0,343.300615874999,9690.587591125,3256.699384125,335025.1319225868,0.0,181644.4299497166,516669.5618723034,335378.81605900056,0.0,185580.928755,520959.74481400056
542,10031.29507,0.012652,0.0,340.694826875,9690.587591125,2916.00455725,335025.1319225868,0.0,181644.4299497166,516669.5618723034,335378.81605900056,0.0,185580.928755,520959.74481400056
543,10028.49238,0.010528000000000001,0.0,337.894260874999,9690.587591125,2578.110296375,335025.1319225868,0.0,181644.4299497166,516669.5618723034,335378.81605900056,0.0,185580.928755,520959.74481400056
544,10025.68969,0.0072169999999999995,0.0,335.094881874998,9690.587591125,2243.0154145,335025.1319225868,0.0,181644.4299497166,516669.5618723034,335378.81605900056,0.0,185580.928755,520959.74481400056
545,10022.88701,0.001629,0.0,332.297789875,9690.587591125,1910.717624625,335025.1319225868,0.0,181644.4299497166,516669.5618723034,335378.81605900056,0.0,185580.928755,520959.74481400056
546,10020.08432,0.001296,0.0,858.708516875005,9161.374507124994,1052.00910775,335025.1319225868,0.0,181644.4299497166,516669.5618723034,335378.81605900056,0.0,185580.928755,520959.74481400056
547,10017.6932,0.0,0.0,327.105608874999,9690.587591125,724.903498874999,335025.1319225868,0.0,181644.4299497166,516669.5618723034,335378.81605900056,0.0,185580.928755,520959.74481400056
548,10015.49109,0.0,0.0,324.903498874999,9690.587591125,400.0,335025.1319225868,0.0,181644.4299497166,516669.5618723034,335378.81605900056,0.0,185580.928755,520959.74481400056
549,10013.28897,0.0,0.0,0.0,10013.28897,400.0,335025.1319225868,0.0,181644.4299497166,516669.5618723034,335378.81605900056,0.0,185580.928755,520959.74481400056
550,10011.08686,0.0,0.0,0.0,10011.08686,400.0,335025.1319225868,0.0,181644.4299497166,516669.5618723034,335378.81605900056,0.0,185580.928755,520959.74481400056
551,10008.88475,0.0,0.0,0.0,10008.88475,400.0,335025.1319225868,0.0,181644.4299497166,516669.5618723034,335378.81605900056,0.0,185580.928755,520959.74481400056
552,10006.68264,0.0,0.0,0.0,10006.68264,400.0,335025.1319225868,0.0,181644.4299497166,516669.5618723034,335378.81605900056,0.0,185580.928755,520959.74481400056
553,10004.48052,0.0,102.517038613624,0.0,10106.997558613622,490.214993979989,335025.1319225868,0.0,181644.4299497166,516669.5618723034,335378.81605900056,0.0,185580.928755,520959.74481400056
554,10002.27841,0.0,309.380455795454,0.0,10311.658865795454,762.469795079988,335025.1319225868,0.0,181644.4299497166,516669.5618723034,335378.81605900056,0.0,185580.928755,520959.74481400056
555,10000.0763,0.0,311.582565795454,0.0,10311.658865795454,1036.66245297999,335025.1319225868,0.0,181644.4299497166,516669.5618723034,335378.81605900056,0.0,185580.928755,520959.74481400056
556,9997.874187,0.0,313.784678795469,0.0,10311.658865795469,1312.79297032,335025.1319225868,0.0,181644.4299497166,516669.5618723034,335378.81605900056,0.0,185580.928755,520959.74481400056
557,9995.519694,0.0,316.139171795454,0.0,10311.658865795454,1590.9954415,335025.1319225868,0.0,181644.4299497166,516669.5618723034,335378.81605900056,0.0,185580.928755,520959.74481400056
558,9992.917197,0.004563,318.746231795454,0.0,10311.658865795454,1871.49212548,335025.1319225868,0.0,181644.4299497166,516669.5618723034,335378.81605900056,0.0,185580.928755,520959.74481400056
559,9990.3147,0.012162000000000001,321.356327795454,0.0,10311.658865795454,2154.28569394,335025.1319225868,0.0,181644.4299497166,516669.5618723034,335378.81605900056,0.0,185580.928755,520959.74481400056
560,9987.712204,0.014732,323.961393795455,0.0,10311.658865795454,2439.37172048,335025.1319225868,0.0,181644.4299497166,516669.5618723034,335378.81605900056,0.0,185580.928755,520959.74481400056
561,9985.109707,0.008336,326.557494795456,0.0,10311.658865795454,2726.7423159,335025.1319225868,0.0,181644.4299497166,516669.5618723034,335378.81605900056,0.0,185580.928755,520959.74481400056
562,9982.689974,0.006144,328.975035795454,0.0,10311.658865795454,3016.2403474,335025.1319225868,0.0,181644.4299497166,516669.5618723034,335378.81605900056,0.0,185580.928755,520959.74481400056
563,9980.888246,0.014166000000000002,330.784785795455,0.0,10311.658865795454,3307.3309589,335025.1319225868,0.0,181644.4299497166,516669.5618723034,335378.81605900056,0.0,185580.928755,520959.74481400056
564,9979.086517,0.0061070000000000004,332.578455795454,0.0,10311.658865795454,3600.0,335025.1319225868,0.0,181644.4299497166,516669.5618723034,335378.81605900056,0.0,185580.928755,520959.74481400056
565,9977.284789,0.005832,0.0,514.357382749996,9462.921574250002,3085.64261725,335025.1319225868,0.0,181644.4299497166,516669.5618723034,335378.81605900056,0.0,185580.928755,520959.74481400056
566,9975.483061,0.005065000000000001,0.0,284.890404875001,9690.587591125,2800.752212375,335025.1319225868,0.0,181644.4299497166,516669.5618723034,335378.81605900056,0.0,185580.928755,520959.74481400056
567,9973.742096,0.00431,0.0,1000.0,8973.737786,1800.752212375,335025.1319225868,0.0,181644.4299497166,516669.5618723034,335378.81605900056,0.0,185580.928755,520959.74481400056
568,9972.741136,0.003068,0.0,282.150476875,9690.587591125,1518.6017355,335025.1319225868,0.0,181644.4299497166,516669.5618723034,335378.81605900056,0.0,185580.928755,520959.74481400056
569,9971.740176,0.001631,0.0,281.150953875,9690.587591125,1237.450781625,335025.1319225868,0.0,181644.4299497166,516669.5618723034,335378.81605900056,0.0,185580.928755,520959.74481400056
570,9970.739216,0.001211,0.0,280.150413874999,9690.587591125,957.30036775,335025.1319225868,0.0,181644.4299497166,516669.5618723034,335378.81605900056,0.0,185580.928755,520959.74481400056
571,9969.738255,0.0,0.0,279.150663875,9690.587591125,678.149703875,335025.1319225868,0.0,181644.4299497166,516669.5618723034,335378.81605900056,0.0,185580.928755,520959.74481400056
572,9968.737295,0.0,0.0,278.149703875,9690.587591125,400.0,335025.1319225868,0.0,181644.4299497166,516669.5618723034,335378.81605900056,0.0,185580.928755,520959.74481400056
573,9967.366569,0.0,0.0,0.0,9967.366569,400.0,335025.1319225868,0.0,181644.4299497166,516669.5618723034,335378.81605900056,0.0,185580.928755,520959.74481400056
574,9965.965224,0.0,0.0,0.0,9965.965224,400.0,335025.1319225868,0.0,181644.4299497166,516669.5618723034,335378.81605900056,0.0,185580.928755,520959.74481400056
575,9964.56388,0.0,0.0,0.0,9964.56388,400.0,335025.1319225868,0.0,181644.4299497166,516669.5618723034,335378.81605900056,0.0,185580.928755,520959.74481400056
576,9963.162536,0.0,0.0,0.0,9963.162536,400.0,335025.1319225868,0.0,181644.4299497166,516669.5618723034,335378.81605900056,0.0,185580.928755,520959.74481400056
577,9961.761191,0.0,0.0,0.0,9961.761191,400.0,335025.1319225868,0.0,181644.4299497166,516669.5618723034,335378.81605900056,0.0,185580.928755,520959.74481400056
578,9960.205464,0.0,0.0,0.0,9960.205464,400.0,335025.1319225868,0.0,181644.4299497166,516669.5618723034,335378.81605900056,0.0,185580.928755,520959.74481400056
579,9958.603927,0.0,0.0,0.0,9958.603927,400.0,335025.1319225868,0.0,181644.4299497166,516669.5618723034,335378.81605900056,0.0,185580.928755,520959.74481400056
580,9957.002391,0.0,0.0,0.0,9957.002391,400.0,335025.1319225868,0.0,181644.4299497166,516669.5618723034,335378.81605900056,0.0,185580.928755,520959.74481400056
581,9955.400855,0.0,0.0,0.0,9955.400855,400.0,335025.1319225868,0.0,181644.4299497166,516669.5618723034,335378.81605900056,0.0,185580.928755,520959.74481400056
582,9953.799318,0.00513,0.0,0.0,9953.794188,400.0,335025.1319225868,0.0,181644.4299497166,516669.5618723034,335378.81605900056,0.0,185580.928755,520959.74481400056
583,9952.321665,0.013621000000000001,0.0,0.0,9952.308044,400.0,335025.1319225868,0.0,181644.4299497166,516669.5618723034,335378.81605900056,0.0,185580.928755,520959.74481400056
584,9950.920321,0.02208,0.0,0.0,9950.898240999999,400.0,335025.1319225868,0.0,181644.4299497166,516669.5618723034,335378.81605900056,0.0,185580.928755,520959.74481400056
585,9949.518977,0.029488,0.0,0.0,9949.489489,400.0,335025.1319225868,0.0,181644.4299497166,516669.5618723034,335378.81605900056,0.0,185580.928755,520959.74481400056
586,9948.117632,0.035304,0.0,0.0,9948.082327999999,400.0,335025.1319225868,0.0,181644.4299497166,516669.5618723034,335378.81605900056,0.0,185580.928755,520959.74481400056
587,9946.716288,0.037486,0.0,0.0,9946.678802,400.0,335025.1319225868,0.0,181644.4299497166,516669.5618723034,335378.81605900056,0.0,185580.928755,520959.74481400056
588,9945.314944,0.037415,0.0,0.0,9945.277528999999,400.0,335025.1319225868,0.0,181644.4299497166,516669.5618723034,335378.81605900056,0.0,185580.928755,520959.74481400056
589,9943.9136,0.035073,0.0,0.0,9943.878527,400.0,335025.1319225868,0.0,181644.4299497166,516669.5618723034,335378.81605900056,0.0,185580.928755,520959.74481400056
590,9942.512255,0.025577000000000003,0.0,0.0,9942.486678,400.0,335025.1319225868,0.0,181644.4299497166,516669.5618723034,335378.81605900056,0.0,185580.928755,520959.74481400056
591,9941.110911,0.014365000000000001,0.0,0.0,9941.096545999999,400.0,335025.1319225868,0.0,181644.4299497166,516669.5618723034,335378.81605900056,0.0,185580.928755,520959.74481400056
592,9939.709567,0.002847,0.0,0.0,9939.70672,400.0,335025.1319225868,0.0,181644.4299497166,516669.5618723034,335378.81605900056,0.0,185580.928755,520959.74481400056
593,9938.245338,0.0016200000000000001,0.0,0.0,9938.243718000002,400.0,335025.1319225868,0.0,181644.4299497166,516669.5618723034,335378.81605900056,0.0,185580.928755,520959.74481400056
594,9936.643802,0.001237,0.0,0.0,9936.642565,400.0,335025.1319225868,0.0,181644.4299497166,516669.5618723034,335378.81605900056,0.0,185580.928755,520959.74481400056
595,9935.042266,0.0,0.0,0.0,9935.042266,400.0,335025.1319225868,0.0,181644.4299497166,516669.5618723034,335378.81605900056,0.0,185580.928755,520959.74481400056
596,9933.440729,0.0,0.0,0.0,9933.440729,400.0,335025.1319225868,0.0,181644.4299497166,516669.5618723034,335378.81605900056,0.0,185580.928755,520959.74481400056
597,9931.839193,0.0,0.0,0.0,9931.839193,400.0,335025.1319225868,0.0,181644.4299497166,516669.5618723034,335378.81605900056,0.0,185580.928755,520959.74481400056
598,9930.140505,0.0,0.0,0.0,9930.140505,400.0,335025.1319225868,0.0,181644.4299497166,516669.5618723034,335378.81605900056,0.0,185580.928755,520959.74481400056
599,9927.938392,0.0,0.0,0.0,9927.938392,400.0,335025.1319225868,0.0,181644.4299497166,516669.5618723034,335378.81605900056,0.0,185580.928755,520959.74481400056
600,9925.73628,0.0,0.0,0.0,9925.73628,400.0,335025.1319225868,0.0,181644.4299497166,516669.5618723034,335378.81605900056,0.0,185580.928755,520959.74481400056
601,9923.534167,0.0,0.0,0.0,9923.534167,400.0,335025.1319225868,0.0,181644.4299497166,516669.5618723034,335378.81605900056,0.0,185580.928755,520959.74481400056
602,9921.332055,0.0,0.0,0.0,9921.332055,400.0,335025.1319225868,0.0,181644.4299497166,516669.5618723034,335378.81605900056,0.0,185580.928755,520959.74481400056
603,9919.129942,0.0,0.0,0.0,9919.129942,400.0,335025.1319225868,0.0,181644.4299497166,516669.5618723034,335378.81605900056,0.0,185580.928755,520959.74481400056
604,9916.92783,0.0,0.0,0.0,9916.92783,400.0,335025.1319225868,0.0,181644.4299497166,516669.5618723034,335378.81605900056,0.0,185580.928755,520959.74481400056
605,9914.725717,0.0,0.0,0.0,9914.725717,400.0,335025.1319225868,0.0,181644.4299497166,516669.5618723034,335378.81605900056,0.0,185580.928755,520959.74481400056
606,9912.523605,0.0041470000000000005,0.0,0.0,9912.519458,400.0,335025.1319225868,0.0,181644.4299497166,516669.5618723034,335378.81605900056,0.0,185580.928755,520959.74481400056
607,9910.321492,0.013595000000000001,0.0,0.0,9910.307896999999,400.0,335025.1319225868,0.0,181644.4299497166,516669.5618723034,335378.81605900056,0.0,185580.928755,520959.74481400056
608,9908.11938,0.022315,0.0,0.0,9908.097065,400.0,335025.1319225868,0.0,181644.4299497166,516669.5618723034,335378.81605900056,0.0,185580.928755,520959.74481400056
609,9905.917267,0.029998999999999998,0.0,0.0,9905.887268,400.0,335025.1319225868,0.0,181644.4299497166,516669.5618723034,335378.81605900056,0.0,185580.928755,520959.74481400056
610,9903.715155,0.035358,0.0,0.0,9903.679797,400.0,335025.1319225868,0.0,181644.4299497166,516669.5618723034,335378.81605900056,0.0,185580.928755,520959.74481400056
611,9901.513042,0.036054,0.0,0.0,9901.476988,400.0,335025.1319225868,0.0,181644.4299497166,516669.5618723034,335378.81605900056,0.0,185580.928755,520959.74481400056
612,9899.31093,0.028801,0.0,0.0,9899.282129,400.0,335025.1319225868,0.0,181644.4299497166,516669.5618723034,335378.81605900056,0.0,185580.928755,520959.74481400056
613,9897.108817,0.027126,0.0,0.0,9897.081691,400.0,335025.1319225868,0.0,181644.4299497166,516669.5618723034,335378.81605900056,0.0,185580.928755,520959.74481400056
614,9894.765628,0.025561,0.0,0.0,9894.740066999999,400.0,335025.1319225868,0.0,181644.4299497166,516669.5618723034,335378.81605900056,0.0,185580.928755,520959.74481400056
615,9892.363324,0.015465999999999999,0.0,0.0,9892.347858,400.0,335025.1319225868,0.0,181644.4299497166,516669.5618723034,335378.81605900056,0.0,185580.928755,520959.74481400056
616,9889.961019,0.012853,0.0,0.0,9889.948166,400.0,335025.1319225868,0.0,181644.4299497166,516669.5618723034,335378.81605900056,0.0,185580.928755,520959.74481400056
617,9887.558715,0.004249,0.0,0.0,9887.554466,400.0,335025.1319225868,0.0,181644.4299497166,516669.5618723034,335378.81605900056,0.0,185580.928755,520959.74481400056
618,9885.15641,0.000611,0.0,0.0,9885.155799,400.0,335025.1319225868,0.0,181644.4299497166,516669.5618723034,335378.81605900056,0.0,185580.928755,520959.74481400056
619,9882.532952,0.0,0.0,0.0,9882.532952,400.0,335025.1319225868,0.0,181644.4299497166,516669.5618723034,335378.81605900056,0.0,185580.928755,520959.74481400056
620,9879.730264,0.0,0.0,0.0,9879.730264,400.0,335025.1319225868,0.0,181644.4299497166,516669.5618723034,335378.81605900056,0.0,185580.928755,520959.74481400056
621,9876.927575,0.0,0.0,0.0,9876.927575,400.0,335025.1319225868,0.0,181644.4299497166,516669.5618723034,335378.81605900056,0.0,185580.928755,520959.74481400056
622,9874.124886,0.0,0.0,0.0,9874.124886,400.0,335025.1319225868,0.0,181644.4299497166,516669.5618723034,335378.81605900056,0.0,185580.928755,520959.74481400056
623,9871.322198,0.0,0.0,0.0,9871.322198,400.0,335025.1319225868,0.0,181644.4299497166,516669.5618723034,335378.81605900056,0.0,185580.928755,520959.74481400056
624,9869.160124,0.0,0.0,0.0,9869.160124,400.0,335025.1319225868,0.0,181644.4299497166,516669.5618723034,335378.81605900056,0.0,185580.928755,520959.74481400056
625,9867.958971,0.0,0.0,0.0,9867.958971,400.0,335025.1319225868,0.0,181644.4299497166,516669.5618723034,335378.81605900056,0.0,185580.928755,520959.74481400056
626,9866.757819,0.0,0.0,0.0,9866.757819,400.0,335025.1319225868,0.0,181644.4299497166,516669.5618723034,335378.81605900056,0.0,185580.928755,520959.74481400056
627,9865.556667,0.0,0.0,0.0,9865.556667,400.0,335025.1319225868,0.0,181644.4299497166,516669.5618723034,335378.81605900056,0.0,185580.928755,520959.74481400056
628,9864.355515,0.0,0.0,0.0,9864.355515,400.0,335025.1319225868,0.0,181644.4299497166,516669.5618723034,335378.81605900056,0.0,185580.928755,520959.74481400056
629,9863.154362,0.0,0.0,0.0,9863.154362,400.0,335025.1319225868,0.0,181644.4299497166,516669.5618723034,335378.81605900056,0.0,185580.928755,520959.74481400056
630,9861.95321,0.004051,0.0,0.0,9861.949159,400.0,335025.1319225868,0.0,181644.4299497166,516669.5618723034,335378.81605900056,0.0,185580.928755,520959.74481400056
631,9860.752058,0.013745,0.0,0.0,9860.738313,400.0,335025.1319225868,0.0,181644.4299497166,516669.5618723034,335378.81605900056,0.0,185580.928755,520959.74481400056
632,9859.550906,0.022343000000000002,0.0,0.0,9859.528563,400.0,335025.1319225868,0.0,181644.4299497166,516669.5618723034,335378.81605900056,0.0,185580.928755,520959.74481400056
633,9858.349753,0.028888000000000004,0.0,0.0,9858.320865,400.0,335025.1319225868,0.0,181644.4299497166,516669.5618723034,335378.81605900056,0.0,185580.928755,520959.74481400056
634,9857.129524,0.033697000000000005,0.0,0.0,9857.095827,400.0,335025.1319225868,0.0,181644.4299497166,516669.5618723034,335378.81605900056,0.0,185580.928755,520959.74481400056
635,9855.72818,0.034491,0.0,0.0,9855.693689,400.0,335025.1319225868,0.0,181644.4299497166,516669.5618723034,335378.81605900056,0.0,185580.928755,520959.74481400056
636,9854.326835,0.036756000000000004,0.0,0.0,9854.290079,400.0,335025.1319225868,0.0,181644.4299497166,516669.5618723034,335378.81605900056,0.0,185580.928755,520959.74481400056
637,9852.925491,0.032836,0.0,0.0,9852.892655,400.0,335025.1319225868,0.0,181644.4299497166,516669.5618723034,335378.81605900056,0.0,185580.928755,520959.74481400056
638,9851.524147,0.030389,0.0,0.0,9851.493758,400.0,335025.1319225868,0.0,181644.4299497166,516669.5618723034,335378.81605900056,0.0,185580.928755,520959.74481400056
639,9850.122802,0.017318,0.0,0.0,9850.105484,400.0,335025.1319225868,0.0,181644.4299497166,516669.5618723034,335378.81605900056,0.0,185580.928755,520959.74481400056
640,9848.910227,0.005777999999999999,0.0,0.0,9848.904449,400.0,335025.1319225868,0.0,181644.4299497166,516669.5618723034,335378.81605900056,0.0,185580.928755,520959.74481400056
641,9847.709075,0.005024,0.0,0.0,9847.704051,400.0,335025.1319225868,0.0,181644.4299497166,516669.5618723034,335378.81605900056,0.0,185580.928755,520959.74481400056
642,9846.507923,0.0010789999999999999,0.0,0.0,9846.506844,400.0,335025.1319225868,0.0,181644.4299497166,516669.5618723034,335378.81605900056,0.0,185580.928755,520959.74481400056
643,9845.306771,0.0,0.0,0.0,9845.306771,400.0,335025.1319225868,0.0,181644.4299497166,516669.5618723034,335378.81605900056,0.0,185580.928755,520959.74481400056
644,9844.105618,0.0,0.0,0.0,9844.105618,400.0,335025.1319225868,0.0,181644.4299497166,516669.5618723034,335378.81605900056,0.0,185580.928755,520959.74481400056
645,9843.062736,0.0,0.0,0.0,9843.062736,400.0,335025.1319225868,0.0,181644.4299497166,516669.5618723034,335378.81605900056,0.0,185580.928755,520959.74481400056
646,9842.061775,0.0,0.0,0.0,9842.061775,400.0,335025.1319225868,0.0,181644.4299497166,516669.5618723034,335378.81605900056,0.0,185580.928755,520959.74481400056
647,9841.060815,0.0,0.0,0.0,9841.060815,400.0,335025.1319225868,0.0,181644.4299497166,516669.5618723034,335378.81605900056,0.0,185580.928755,520959.74481400056
648,9840.059855,0.0,0.0,0.0,9840.059855,400.0,335025.1319225868,0.0,181644.4299497166,516669.5618723034,335378.81605900056,0.0,185580.928755,520959.74481400056
649,9839.058895,0.0,0.0,0.0,9839.058895,400.0,335025.1319225868,0.0,181644.4299497166,516669.5618723034,335378.81605900056,0.0,185580.928755,520959.74481400056
650,9838.057934,0.0,0.0,0.0,9838.057934,400.0,335025.1319225868,0.0,181644.4299497166,516669.5618723034,335378.81605900056,0.0,185580.928755,520959.74481400056
651,9837.056974,0.0,0.0,0.0,9837.056974,400.0,335025.1319225868,0.0,181644.4299497166,516669.5618723034,335378.81605900056,0.0,185580.928755,520959.74481400056
652,9836.056014,0.0,0.0,0.0,9836.056014,400.0,335025.1319225868,0.0,181644.4299497166,516669.5618723034,335378.81605900056,0.0,185580.928755,520959.74481400056
653,9835.055054,0.001583,268.354441795467,0.0,10103.407912795468,636.151908780011,335025.1319225868,0.0,181644.4299497166,516669.5618723034,335378.81605900056,0.0,185580.928755,520959.74481400056
654,9834.054094,0.004995,477.609766795455,0.0,10311.658865795454,1056.44850356001,335025.1319225868,0.0,181644.4299497166,516669.5618723034,335378.81605900056,0.0,185580.928755,520959.74481400056
655,9832.955864,0.012593,478.715594795453,0.0,10311.658865795453,1477.71822698001,335025.1319225868,0.0,181644.4299497166,516669.5618723034,335378.81605900056,0.0,185580.928755,520959.74481400056
656,9831.754711,0.020845,479.924999795454,0.0,10311.658865795454,1900.05222680001,335025.1319225868,0.0,181644.4299497166,516669.5618723034,335378.81605900056,0.0,185580.928755,520959.74481400056
657,9830.553559,0.028432,481.133738795448,0.0,10311.658865795449,2323.44991694,335025.1319225868,0.0,181644.4299497166,516669.5618723034,335378.81605900056,0.0,185580.928755,520959.74481400056
658,9829.352407,0.032718000000000004,482.339176795454,0.0,10311.658865795454,2747.90839252,335025.1319225868,0.0,181644.4299497166,516669.5618723034,335378.81605900056,0.0,185580.928755,520959.74481400056
659,9828.151254,0.036557000000000006,483.544168795454,0.0,10311.658865795454,3173.42726106,335025.1319225868,0.0,181644.4299497166,516669.5618723034,335378.81605900056,0.0,185580.928755,520959.74481400056
660,9826.950102,0.032985,484.741748795454,0.0,10311.658865795454,3600.0,335025.1319225868,0.0,181644.4299497166,516669.5618723034,335378.81605900056,0.0,185580.928755,520959.74481400056
661,9825.74895,0.033194,0.0,1000.0,8825.715756,2600.0,335025.1319225868,0.0,181644.4299497166,516669.5618723034,335378.81605900056,0.0,185580.928755,520959.74481400056
662,9824.547798,0.022666000000000002,0.0,1000.0,8824.525131999999,1600.0,335025.1319225868,0.0,181644.4299497166,516669.5618723034,335378.81605900056,0.0,185580.928755,520959.74481400056
663,9823.346645,0.004017000000000001,0.0,556.920343625,9266.422284375,1043.079656375,335025.1319225868,0.0,181644.4299497166,516669.5618723034,335378.81605900056,0.0,185580.928755,520959.74481400056
664,9822.145493,0.002863,0.0,131.555038875,9690.587591125,911.524617499999,335025.1319225868,0.0,181644.4299497166,516669.5618723034,335378.81605900056,0.0,185580.928755,520959.74481400056
665,9820.871801,0.0018280000000000002,0.0,130.282381874998,9690.587591125,781.242235625001,335025.1319225868,0.0,181644.4299497166,516669.5618723034,335378.81605900056,0.0,185580.928755,520959.74481400056
666,9819.270264,0.001175,0.0,128.681497875001,9690.587591125,652.56073775,335025.1319225868,0.0,181644.4299497166,516669.5618723034,335378.81605900056,0.0,185580.928755,520959.74481400056
667,9817.668728,0.0,0.0,127.081136875,9690.587591125,525.479600875,335025.1319225868,0.0,181644.4299497166,516669.5618723034,335378.81605900056,0.0,185580.928755,520959.74481400056
668,9816.067192,0.0,0.0,125.479600875,9690.587591125,400.0,335025.1319225868,0.0,181644.4299497166,516669.5618723034,335378.81605900056,0.0,185580.928755,520959.74481400056
669,9814.465655,0.0,0.0,0.0,9814.465655,400.0,335025.1319225868,0.0,181644.4299497166,516669.5618723034,335378.81605900056,0.0,185580.928755,520959.74481400056
670,9812.858349,0.0,0.0,0.0,9812.858349,400.0,335025.1319225868,0.0,181644.4299497166,516669.5618723034,335378.81605900056,0.0,185580.928755,520959.74481400056
671,9811.05662,0.0,0.0,0.0,9811.05662,400.0,335025.1319225868,0.0,181644.4299497166,516669.5618723034,335378.81605900056,0.0,185580.928755,520959.74481400056
672,9809.254892,0.0,0.0,0.0,9809.254892,400.0,335025.1319225868,0.0,181644.4299497166,516669.5618723034,335378.81605900056,0.0,185580.928755,520959.74481400056
673,9807.453163,0.0,0.0,0.0,9807.453163,400.0,335025.1319225868,0.0,181644.4299497166,516669.5618723034,335378.81605900056,0.0,185580.928755,520959.74481400056
674,9805.651435,0.0,0.0,0.0,9805.651435,400.0,335025.1319225868,0.0,181644.4299497166,516669.5618723034,335378.81605900056,0.0,185580.928755,520959.74481400056
675,9803.849707,0.0,0.0,0.0,9803.849707,400.0,335025.1319225868,0.0,181644.4299497166,516669.5618723034,335378.81605900056,0.0,185580.928755,520959.74481400056
676,9802.223441,0.0,0.0,0.0,9802.223441,400.0,335025.1319225868,0.0,181644.4299497166,516669.5618723034,335378.81605900056,0.0,185580.928755,520959.74481400056
677,9800.621904,0.0011140000000000002,511.038075795455,0.0,10311.658865795454,849.713506700001,335025.1319225868,0.0,181644.4299497166,516669.5618723034,335378.81605900056,0.0,185580.928755,520959.74481400056
678,9799.020368,0.004019,512.642516795457,0.0,10311.658865795456,1300.83892148,335025.1319225868,0.0,181644.4299497166,516669.5618723034,335378.81605900056,0.0,185580.928755,520959.74481400056
679,9797.418832,0.013628000000000001,514.253661795456,0.0,10311.658865795454,1753.38214386,335025.1319225868,0.0,181644.4299497166,516669.5618723034,335378.81605900056,0.0,185580.928755,520959.74481400056
680,9795.817295,0.022390999999999998,515.863961795488,0.0,10311.658865795489,2207.34243024003,335025.1319225868,0.0,181644.4299497166,516669.5618723034,335378.81605900056,0.0,185580.928755,520959.74481400056
681,9794.070796,0.029681000000000003,517.617750795454,0.0,10311.658865795454,2662.84605094003,335025.1319225868,0.0,181644.4299497166,516669.5618723034,335378.81605900056,0.0,185580.928755,520959.74481400056
682,9792.269068,0.034582999999999996,20.6900107954275,0.0,9812.924495795427,2681.05326044001,335025.1319225868,0.0,181644.4299497166,516669.5618723034,335378.81605900056,0.0,185580.928755,520959.74481400056
683,9790.46734,0.036799,521.228324795455,0.0,10311.658865795454,3139.73418626001,335025.1319225868,0.0,181644.4299497166,516669.5618723034,335378.81605900056,0.0,185580.928755,520959.74481400056
684,9788.665611,0.036079,523.029333795454,0.0,10311.658865795454,3600.0,335025.1319225868,0.0,181644.4299497166,516669.5618723034,335378.81605900056,0.0,185580.928755,520959.74481400056
685,9786.863883,0.026105,0.0,1000.0,8786.837778,2600.0,335025.1319225868,0.0,181644.4299497166,516669.5618723034,335378.81605900056,0.0,185580.928755,520959.74481400056
686,9785.176617,0.023981000000000002,0.0,94.5650448749984,9690.587591125,2505.434955125,335025.1319225868,0.0,181644.4299497166,516669.5618723034,335378.81605900056,0.0,185580.928755,520959.74481400056
687,9783.575081,0.02088,0.0,92.9666098750004,9690.587591125,2412.46834525,335025.1319225868,0.0,181644.4299497166,516669.5618723034,335378.81605900056,0.0,185580.928755,520959.74481400056
688,9781.973544,0.014489000000000002,0.0,750.390225625007,9031.568829374994,1662.07811962499,335025.1319225868,0.0,181644.4299497166,516669.5618723034,335378.81605900056,0.0,185580.928755,520959.74481400056
689,9780.372008,0.0036850000000000003,0.0,89.7807318750001,9690.587591125,1572.29738774999,335025.1319225868,0.0,181644.4299497166,516669.5618723034,335378.81605900056,0.0,185580.928755,520959.74481400056
690,9778.770472,0.00027200000000000005,0.0,1000.0,8778.7702,572.297387749999,335025.1319225868,0.0,181644.4299497166,516669.5618723034,335378.81605900056,0.0,185580.928755,520959.74481400056
691,9777.336861,0.0,0.0,86.7492698749993,9690.587591125,485.548117875,335025.1319225868,0.0,181644.4299497166,516669.5618723034,335378.81605900056,0.0,185580.928755,520959.74481400056
692,9776.135709,0.0,0.0,85.5481178749997,9690.587591125,400.0,335025.1319225868,0.0,181644.4299497166,516669.5618723034,335378.81605900056,0.0,185580.928755,520959.74481400056
693,9774.934557,0.0,0.0,0.0,9774.934557,400.0,335025.1319225868,0.0,181644.4299497166,516669.5618723034,335378.81605900056,0.0,185580.928755,520959.74481400056
694,9773.733404,0.0,0.0,0.0,9773.733404,400.0,335025.1319225868,0.0,181644.4299497166,516669.5618723034,335378.81605900056,0.0,185580.928755,520959.74481400056
695,9772.532252,0.0,0.0,0.0,9772.532252,400.0,335025.1319225868,0.0,181644.4299497166,516669.5618723034,335378.81605900056,0.0,185580.928755,520959.74481400056
696,9771.384563,0.0,0.0,0.0,9771.384563,400.0,335025.1319225868,0.0,181644.4299497166,516669.5618723034,335378.81605900056,0.0,185580.928755,520959.74481400056
697,9770.383603,0.0,0.0,0.0,9770.383603,400.0,335025.1319225868,0.0,181644.4299497166,516669.5618723034,335378.81605900056,0.0,185580.928755,520959.74481400056
698,9769.382642,0.0,0.0,0.0,9769.382642,400.0,335025.1319225868,0.0,181644.4299497166,516669.5618723034,335378.81605900056,0.0,185580.928755,520959.74481400056
699,9768.381682,0.0,0.0,0.0,9768.381682,400.0,335025.1319225868,0.0,181644.4299497166,516669.5618723034,335378.81605900056,0.0,185580.928755,520959.74481400056
700,9767.380722,0.0,544.27814379545,0.0,10311.658865795449,878.964766539996,335025.1319225868,0.0,181644.4299497166,516669.5618723034,335378.81605900056,0.0,185580.928755,520959.74481400056
701,9766.379762,0.000413,545.279516795454,0.0,10311.658865795454,1358.81074131999,335025.1319225868,0.0,181644.4299497166,516669.5618723034,335378.81605900056,0.0,185580.928755,520959.74481400056
702,9765.378801,0.005452,546.285516795444,0.0,10311.658865795445,1839.54199609999,335025.1319225868,0.0,181644.4299497166,516669.5618723034,335378.81605900056,0.0,185580.928755,520959.74481400056
703,9764.377841,0.011722,547.292746795454,0.0,10311.658865795454,2321.15961327999,335025.1319225868,0.0,181644.4299497166,516669.5618723034,335378.81605900056,0.0,185580.928755,520959.74481400056
704,9763.376881,0.019562000000000003,348.414609590943,0.0,10111.771928590944,2627.76446972001,335025.1319225868,0.0,181644.4299497166,516669.5618723034,335378.81605900056,0.0,185580.928755,520959.74481400056
705,9762.375921,0.02736,0.0,0.0,9762.348561,2627.76446972001,335025.1319225868,0.0,181644.4299497166,516669.5618723034,335378.81605900056,0.0,185580.928755,520959.74481400056
706,9761.374961,0.033074,0.0,0.0,9761.341886999999,2627.76446972001,335025.1319225868,0.0,181644.4299497166,516669.5618723034,335378.81605900056,0.0,185580.928755,520959.74481400056
707,9759.98869,0.035709000000000005,551.705884795454,0.0,10311.658865795454,3113.26564834001,335025.1319225868,0.0,181644.4299497166,516669.5618723034,335378.81605900056,0.0,185580.928755,520959.74481400056
708,9758.587345,0.035697000000000007,553.107217795454,0.0,10311.658865795454,3600.0,335025.1319225868,0.0,181644.4299497166,516669.5618723034,335378.81605900056,0.0,185580.928755,520959.74481400056
709,9757.186001,0.033132,0.0,66.5652778749991,9690.587591125,3533.434722125,335025.1319225868,0.0,181644.4299497166,516669.5618723034,335378.81605900056,0.0,185580.928755,520959.74481400056
710,9755.784657,0.027983,0.0,1000.0,8755.756674,2533.434722125,335025.1319225868,0.0,181644.4299497166,516669.5618723034,335378.81605900056,0.0,185580.928755,520959.74481400056
711,9754.383312,0.007846,0.0,63.787874874999,9690.587591125,2469.64684725,335025.1319225868,0.0,181644.4299497166,516669.5618723034,335378.81605900056,0.0,185580.928755,520959.74481400056
712,9753.306279,0.005897,0.0,887.500740624999,8865.799641375002,1582.146106625,335025.1319225868,0.0,181644.4299497166,516669.5618723034,335378.81605900056,0.0,185580.928755,520959.74481400056
713,9752.305319,0.003932,0.0,61.7137958749991,9690.587591125,1520.43231075,335025.1319225868,0.0,181644.4299497166,516669.5618723034,335378.81605900056,0.0,185580.928755,520959.74481400056
714,9751.304359,0.000264,0.0,60.716503874999,9690.587591125,1459.715806875,335025.1319225868,0.0,181644.4299497166,516669.5618723034,335378.81605900056,0.0,185580.928755,520959.74481400056
715,9750.303398,0.0,0.0,59.7158068749995,9690.587591125,1400.0,335025.1319225868,0.0,181644.4299497166,516669.5618723034,335378.81605900056,0.0,185580.928755,520959.74481400056
716,9749.302438,0.0,0.0,1000.0,8749.302438,400.0,335025.1319225868,0.0,181644.4299497166,516669.5618723034,335378.81605900056,0.0,185580.928755,520959.74481400056
717,9748.169822,0.0,563.489043795455,0.0,10311.658865795454,895.87035854,335025.1319225868,0.0,181644.4299497166,516669.5618723034,335378.81605900056,0.0,185580.928755,520959.74481400056
718,9746.96867,0.0,564.690195795454,0.0,10311.658865795454,1392.79773084,335025.1319225868,0.0,181644.4299497166,516669.5618723034,335378.81605900056,0.0,185580.928755,520959.74481400056
719,9745.767518,0.0,565.891347795454,0.0,10311.658865795454,1890.7821169,335025.1319225868,0.0,181644.4299497166,516669.5618723034,335378.81605900056,0.0,185580.928755,520959.74481400056
720,9744.566366,0.0,567.092499795454,0.0,10311.658865795453,2389.82351672,335025.1319225868,0.0,181644.4299497166,516669.5618723034,335378.81605900056,0.0,185580.928755,520959.74481400056
721,9743.365213,0.0,568.293652795455,0.0,10311.658865795454,2889.92193118,335025.1319225868,0.0,181644.4299497166,516669.5618723034,335378.81605900056,0.0,185580.928755,520959.74481400056
722,9742.062905,0.0,222.190836590909,0.0,9964.25374159091,3085.44986738,335025.1319225868,0.0,181644.4299497166,516669.5618723034,335378.81605900056,0.0,185580.928755,520959.74481400056
723,9740.661561,0.0,0.0,0.0,9740.661561,3085.44986738,335025.1319225868,0.0,181644.4299497166,516669.5618723034,335378.81605900056,0.0,185580.928755,520959.74481400056
724,9739.260216,0.0,0.0,0.0,9739.260216,3085.44986738,335025.1319225868,0.0,181644.4299497166,516669.5618723034,335378.81605900056,0.0,185580.928755,520959.74481400056
725,9737.858872,0.00040899999999999997,0.0,0.0,9737.858463,3085.44986738,335025.1319225868,0.0,181644.4299497166,516669.5618723034,335378.81605900056,0.0,185580.928755,520959.74481400056
726,9736.457528,0.002125,0.0,0.0,9736.455403,3085.44986738,335025.1319225868,0.0,181644.4299497166,516669.5618723034,335378.81605900056,0.0,185580.928755,520959.74481400056
727,9734.985528,0.0053750000000000004,0.0,0.0,9734.980152999999,3085.44986738,335025.1319225868,0.0,181644.4299497166,516669.5618723034,335378.81605900056,0.0,185580.928755,520959.74481400056
728,9733.383991,0.014461,0.0,0.0,9733.36953,3085.44986738,335025.1319225868,0.0,181644.4299497166,516669.5618723034,335378.81605900056,0.0,185580.928755,520959.74481400056
729,9731.782455,0.028704999999999998,0.0,0.0,9731.75375,3085.44986738,335025.1319225868,0.0,181644.4299497166,516669.5618723034,335378.81605900056,0.0,185580.928755,520959.74481400056
730,9730.180918,0.030188,0.0,0.0,9730.15073,3085.44986738,335025.1319225868,0.0,181644.4299497166,516669.5618723034,335378.81605900056,0.0,185580.928755,520959.74481400056
731,9728.579382,0.029767000000000002,0.0,0.0,9728.549615,3085.44986738,335025.1319225868,0.0,181644.4299497166,516669.5618723034,335378.81605900056,0.0,185580.928755,520959.74481400056
732,9726.977846,0.03504,584.716059795455,0.0,10311.658865795454,3600.0,335025.1319225868,0.0,181644.4299497166,516669.5618723034,335378.81605900056,0.0,185580.928755,520959.74481400056
733,9725.376309,0.03622,0.0,1000.0,8725.340089,2600.0,335025.1319225868,0.0,181644.4299497166,516669.5618723034,335378.81605900056,0.0,185580.928755,520959.74481400056
734,9723.774773,0.021242,0.0,70.0414444800044,9653.712086519994,2529.95855552,335025.1319225868,0.0,181644.4299497166,516669.5618723034,335378.81605900056,0.0,185580.928755,520959.74481400056
735,9722.173237,0.015025,0.0,1000.0,8722.158212,1529.95855552,335025.1319225868,0.0,181644.4299497166,516669.5618723034,335378.81605900056,0.0,185580.928755,520959.74481400056
736,9720.5717,0.0129,0.0,1000.0,8720.5588,529.95855552,335025.1319225868,0.0,181644.4299497166,516669.5618723034,335378.81605900056,0.0,185580.928755,520959.74481400056
737,9718.999133,0.003983,0.0,28.4075588749984,9690.587591125,501.550996645001,335025.1319225868,0.0,181644.4299497166,516669.5618723034,335378.81605900056,0.0,185580.928755,520959.74481400056
738,9717.998173,0.001325,0.0,27.4092568750002,9690.587591125,474.141739770001,335025.1319225868,0.0,181644.4299497166,516669.5618723034,335378.81605900056,0.0,185580.928755,520959.74481400056
739,9716.997213,0.0,0.0,26.4096218750001,9690.587591125,447.732117895001,335025.1319225868,0.0,181644.4299497166,516669.5618723034,335378.81605900056,0.0,185580.928755,520959.74481400056
740,9715.996252,0.0,0.0,25.4086608750004,9690.587591125,422.323457020001,335025.1319225868,0.0,181644.4299497166,516669.5618723034,335378.81605900056,0.0,185580.928755,520959.74481400056
741,9714.995292,0.0,596.663573795455,0.0,10311.658865795454,947.387401960001,335025.1319225868,0.0,181644.4299497166,516669.5618723034,335378.81605900056,0.0,185580.928755,520959.74481400056
742,9713.994332,0.0,597.664533795454,0.0,10311.658865795454,1473.3321917,335025.1319225868,0.0,181644.4299497166,516669.5618723034,335378.81605900056,0.0,185580.928755,520959.74481400056
743,9713.17272,0.0,598.486145795454,0.0,10311.658865795454,2000.0,335025.1319225868,0.0,181644.4299497166,516669.5618723034,335378.81605900056,0.0,185580.928755,520959.74481400056
