time,Pload,Ppv,Pcharge,Pdischarge,Ptotal,state of charge,energy_charge_with_es,nem_charge_with_es,demand_charge_with_es,total_bill_with_es,energy_charge_without_es,nem_charge_without_es,demand_charge_without_es,total_bill_without_es
0,9678.220602,0.0,0.0,0.0,9678.220602,200.0,333687.4377260488,0.0,187518.7509991197,521206.18872516847,333757.8116430077,0.0,188006.4211237,521764.23276670766
1,9676.819258,0.0,0.0,0.0,9676.819258,200.0,333687.4377260488,0.0,187518.7509991197,521206.18872516847,333757.8116430077,0.0,188006.4211237,521764.23276670766
2,9675.417914,0.0,0.0,0.0,9675.417914,200.0,333687.4377260488,0.0,187518.7509991197,521206.18872516847,333757.8116430077,0.0,188006.4211237,521764.23276670766
3,9674.016569,0.0,0.0,0.0,9674.016569,200.0,333687.4377260488,0.0,187518.7509991197,521206.18872516847,333757.8116430077,0.0,188006.4211237,521764.23276670766
4,9672.619935,0.0,0.0,0.0,9672.619935,200.0,333687.4377260488,0.0,187518.7509991197,521206.18872516847,333757.8116430077,0.0,188006.4211237,521764.23276670766
5,9671.618975,0.0,181.818181818182,0.0,9853.437156818181,360.0,333687.4377260488,0.0,187518.7509991197,521206.18872516847,333757.8116430077,0.0,188006.4211237,521764.23276670766
6,9670.618015,0.003028,0.0,320.0,9350.614987,40.0,333687.4377260488,0.0,187518.7509991197,521206.18872516847,333757.8116430077,0.0,188006.4211237,521764.23276670766
7,9669.617055,0.013523,0.0,0.0,9669.603532000001,40.0,333687.4377260488,0.0,187518.7509991197,521206.18872516847,333757.8116430077,0.0,188006.4211237,521764.23276670766
8,9668.616095,0.024960000000000003,0.0,0.0,9668.591134999999,40.0,333687.4377260488,0.0,187518.7509991197,521206.18872516847,333757.8116430077,0.0,188006.4211237,521764.23276670766
9,9667.615134,0.032756,0.0,0.0,9667.582378,40.0,333687.4377260488,0.0,187518.7509991197,521206.18872516847,333757.8116430077,0.0,188006.4211237,521764.23276670766
10,9666.958269,0.038152,0.0,0.0,9666.920117000001,40.0,333687.4377260488,0.0,187518.7509991197,521206.18872516847,333757.8116430077,0.0,188006.4211237,521764.23276670766
11,9666.357693,0.037169,0.0,0.0,9666.320524,40.0,333687.4377260488,0.0,187518.7509991197,521206.18872516847,333757.8116430077,0.0,188006.4211237,521764.23276670766
12,9665.757117,0.03375,0.0,0.0,9665.723366999999,40.0,333687.4377260488,0.0,187518.7509991197,521206.18872516847,333757.8116430077,0.0,188006.4211237,521764.23276670766
13,9665.156541,0.034392000000000006,0.0,0.0,9665.122149,40.0,333687.4377260488,0.0,187518.7509991197,521206.18872516847,333757.8116430077,0.0,188006.4211237,521764.23276670766
14,9664.555964,0.031735,0.0,0.0,9664.524228999999,40.0,333687.4377260488,0.0,187518.7509991197,521206.18872516847,333757.8116430077,0.0,188006.4211237,521764.23276670766
15,9663.672293,0.025318,0.0,0.0,9663.646975,40.0,333687.4377260488,0.0,187518.7509991197,521206.18872516847,333757.8116430077,0.0,188006.4211237,521764.23276670766
16,9662.671333,0.015412,363.636363636364,0.0,10026.292284636364,360.0,333687.4377260488,0.0,187518.7509991197,521206.18872516847,333757.8116430077,0.0,188006.4211237,521764.23276670766
17,9661.670373,0.0045709999999999995,0.0,320.0,9341.665802000001,40.0,333687.4377260488,0.0,187518.7509991197,521206.18872516847,333757.8116430077,0.0,188006.4211237,521764.23276670766
18,9660.669412,0.0,0.0,0.0,9660.669412,40.0,333687.4377260488,0.0,187518.7509991197,521206.18872516847,333757.8116430077,0.0,188006.4211237,521764.23276670766
19,9659.668452,0.0,0.0,0.0,9659.668452,40.0,333687.4377260488,0.0,187518.7509991197,521206.18872516847,333757.8116430077,0.0,188006.4211237,521764.23276670766
20,9660.444255,0.0,0.0,0.0,9660.444255,40.0,333687.4377260488,0.0,187518.7509991197,521206.18872516847,333757.8116430077,0.0,188006.4211237,521764.23276670766
21,9662.646368,0.0,0.0,0.0,9662.646368,40.0,333687.4377260488,0.0,187518.7509991197,521206.18872516847,333757.8116430077,0.0,188006.4211237,521764.23276670766
22,9664.84848,0.0,0.0,0.0,9664.84848,40.0,333687.4377260488,0.0,187518.7509991197,521206.18872516847,333757.8116430077,0.0,188006.4211237,521764.23276670766
23,9667.050593,0.0,0.0,0.0,9667.050593,40.0,333687.4377260488,0.0,187518.7509991197,521206.18872516847,333757.8116430077,0.0,188006.4211237,521764.23276670766
24,9669.252705,0.0,0.0,0.0,9669.252705,40.0,333687.4377260488,0.0,187518.7509991197,521206.18872516847,333757.8116430077,0.0,188006.4211237,521764.23276670766
25,9671.615913,0.0,0.0,0.0,9671.615913,40.0,333687.4377260488,0.0,187518.7509991197,521206.18872516847,333757.8116430077,0.0,188006.4211237,521764.23276670766
26,9674.21841,0.0,0.0,0.0,9674.21841,40.0,333687.4377260488,0.0,187518.7509991197,521206.18872516847,333757.8116430077,0.0,188006.4211237,521764.23276670766
27,9676.820907,0.0,0.0,0.0,9676.820907,40.0,333687.4377260488,0.0,187518.7509991197,521206.18872516847,333757.8116430077,0.0,188006.4211237,521764.23276670766
28,9679.423403,0.0,0.0,0.0,9679.423403,40.0,333687.4377260488,0.0,187518.7509991197,521206.18872516847,333757.8116430077,0.0,188006.4211237,521764.23276670766
29,9682.0259,0.0,363.636363636364,0.0,10045.662263636365,360.0,333687.4377260488,0.0,187518.7509991197,521206.18872516847,333757.8116430077,0.0,188006.4211237,521764.23276670766
30,9684.077868,0.002916,0.0,320.0,9364.074952,40.0,333687.4377260488,0.0,187518.7509991197,521206.18872516847,333757.8116430077,0.0,188006.4211237,521764.23276670766
31,9684.478252,0.00304,0.0,0.0,9684.475212000001,40.0,333687.4377260488,0.0,187518.7509991197,521206.18872516847,333757.8116430077,0.0,188006.4211237,521764.23276670766
32,9684.878636,0.021466000000000002,0.0,0.0,9684.85717,40.0,333687.4377260488,0.0,187518.7509991197,521206.18872516847,333757.8116430077,0.0,188006.4211237,521764.23276670766
33,9685.279021,0.013621000000000001,0.0,0.0,9685.2654,40.0,333687.4377260488,0.0,187518.7509991197,521206.18872516847,333757.8116430077,0.0,188006.4211237,521764.23276670766
34,9685.679405,0.030586,0.0,0.0,9685.648819,40.0,333687.4377260488,0.0,187518.7509991197,521206.18872516847,333757.8116430077,0.0,188006.4211237,521764.23276670766
35,9686.079789,0.026307,0.0,0.0,9686.053482,40.0,333687.4377260488,0.0,187518.7509991197,521206.18872516847,333757.8116430077,0.0,188006.4211237,521764.23276670766
36,9686.480173,0.026145,0.0,0.0,9686.454028,40.0,333687.4377260488,0.0,187518.7509991197,521206.18872516847,333757.8116430077,0.0,188006.4211237,521764.23276670766
37,9686.880557,0.020612,0.0,0.0,9686.859945,40.0,333687.4377260488,0.0,187518.7509991197,521206.18872516847,333757.8116430077,0.0,188006.4211237,521764.23276670766
38,9687.280941,0.008332,0.0,0.0,9687.272609000001,40.0,333687.4377260488,0.0,187518.7509991197,521206.18872516847,333757.8116430077,0.0,188006.4211237,521764.23276670766
39,9687.681325,0.006718,0.0,0.0,9687.674606999999,40.0,333687.4377260488,0.0,187518.7509991197,521206.18872516847,333757.8116430077,0.0,188006.4211237,521764.23276670766
40,9688.081709,0.003088,363.636363636364,0.0,10051.714984636365,360.0,333687.4377260488,0.0,187518.7509991197,521206.18872516847,333757.8116430077,0.0,188006.4211237,521764.23276670766
41,9688.482093,0.000694,0.0,320.0,9368.481399,40.0,333687.4377260488,0.0,187518.7509991197,521206.18872516847,333757.8116430077,0.0,188006.4211237,521764.23276670766
42,9688.882477,0.0,0.0,0.0,9688.882477,40.0,333687.4377260488,0.0,187518.7509991197,521206.18872516847,333757.8116430077,0.0,188006.4211237,521764.23276670766
43,9689.282861,0.0,0.0,0.0,9689.282861,40.0,333687.4377260488,0.0,187518.7509991197,521206.18872516847,333757.8116430077,0.0,188006.4211237,521764.23276670766
44,9689.683245,0.0,0.0,0.0,9689.683245,40.0,333687.4377260488,0.0,187518.7509991197,521206.18872516847,333757.8116430077,0.0,188006.4211237,521764.23276670766
45,9690.08363,0.0,0.0,0.0,9690.08363,40.0,333687.4377260488,0.0,187518.7509991197,521206.18872516847,333757.8116430077,0.0,188006.4211237,521764.23276670766
46,9690.166533,0.0,0.0,0.0,9690.166533,40.0,333687.4377260488,0.0,187518.7509991197,521206.18872516847,333757.8116430077,0.0,188006.4211237,521764.23276670766
47,9690.166533,0.0,0.0,0.0,9690.166533,40.0,333687.4377260488,0.0,187518.7509991197,521206.18872516847,333757.8116430077,0.0,188006.4211237,521764.23276670766
48,9690.166533,0.0,0.0,0.0,9690.166533,40.0,333687.4377260488,0.0,187518.7509991197,521206.18872516847,333757.8116430077,0.0,188006.4211237,521764.23276670766
49,9690.166533,0.0,0.0,0.0,9690.166533,40.0,333687.4377260488,0.0,187518.7509991197,521206.18872516847,333757.8116430077,0.0,188006.4211237,521764.23276670766
50,9690.166533,0.0,0.0,0.0,9690.166533,40.0,333687.4377260488,0.0,187518.7509991197,521206.18872516847,333757.8116430077,0.0,188006.4211237,521764.23276670766
51,9690.294773,0.0,0.0,0.0,9690.294773,40.0,333687.4377260488,0.0,187518.7509991197,521206.18872516847,333757.8116430077,0.0,188006.4211237,521764.23276670766
52,9690.494965,0.0,0.0,0.0,9690.494965,40.0,333687.4377260488,0.0,187518.7509991197,521206.18872516847,333757.8116430077,0.0,188006.4211237,521764.23276670766
53,9690.695157,0.0,363.636363636364,0.0,10054.331520636364,360.0,333687.4377260488,0.0,187518.7509991197,521206.18872516847,333757.8116430077,0.0,188006.4211237,521764.23276670766
54,9690.895349,0.002569,0.0,320.0,9370.89278,40.0,333687.4377260488,0.0,187518.7509991197,521206.18872516847,333757.8116430077,0.0,188006.4211237,521764.23276670766
55,9691.095541,0.012027,0.0,0.0,9691.083514,40.0,333687.4377260488,0.0,187518.7509991197,521206.18872516847,333757.8116430077,0.0,188006.4211237,521764.23276670766
56,9691.295734,0.022749,0.0,0.0,9691.272985,40.0,333687.4377260488,0.0,187518.7509991197,521206.18872516847,333757.8116430077,0.0,188006.4211237,521764.23276670766
57,9691.495926,0.030297,0.0,0.0,9691.465629,40.0,333687.4377260488,0.0,187518.7509991197,521206.18872516847,333757.8116430077,0.0,188006.4211237,521764.23276670766
58,9691.696118,0.034432000000000004,0.0,0.0,9691.661686,40.0,333687.4377260488,0.0,187518.7509991197,521206.18872516847,333757.8116430077,0.0,188006.4211237,521764.23276670766
59,9691.89631,0.036205,0.0,0.0,9691.860105,40.0,333687.4377260488,0.0,187518.7509991197,521206.18872516847,333757.8116430077,0.0,188006.4211237,521764.23276670766
60,9692.096502,0.037425,0.0,0.0,9692.059077,40.0,333687.4377260488,0.0,187518.7509991197,521206.18872516847,333757.8116430077,0.0,188006.4211237,521764.23276670766
61,9692.431176,0.036546,0.0,0.0,9692.39463,40.0,333687.4377260488,0.0,187518.7509991197,521206.18872516847,333757.8116430077,0.0,188006.4211237,521764.23276670766
62,9693.031752,0.028765000000000002,0.0,0.0,9693.002987000002,40.0,333687.4377260488,0.0,187518.7509991197,521206.18872516847,333757.8116430077,0.0,188006.4211237,521764.23276670766
63,9693.632328,0.022704000000000002,0.0,0.0,9693.609623999999,40.0,333687.4377260488,0.0,187518.7509991197,521206.18872516847,333757.8116430077,0.0,188006.4211237,521764.23276670766
64,9694.232904,0.015518,363.636363636364,0.0,10057.853749636364,360.0,333687.4377260488,0.0,187518.7509991197,521206.18872516847,333757.8116430077,0.0,188006.4211237,521764.23276670766
65,9694.83348,0.004467,0.0,320.0,9374.829012999999,40.0,333687.4377260488,0.0,187518.7509991197,521206.18872516847,333757.8116430077,0.0,188006.4211237,521764.23276670766
66,9696.058656,0.0,0.0,0.0,9696.058656,40.0,333687.4377260488,0.0,187518.7509991197,521206.18872516847,333757.8116430077,0.0,188006.4211237,521764.23276670766
67,9700.062496,0.0,0.0,0.0,9700.062496,40.0,333687.4377260488,0.0,187518.7509991197,521206.18872516847,333757.8116430077,0.0,188006.4211237,521764.23276670766
68,9704.066337,0.0,0.0,0.0,9704.066337,40.0,333687.4377260488,0.0,187518.7509991197,521206.18872516847,333757.8116430077,0.0,188006.4211237,521764.23276670766
69,9708.070178,0.0,0.0,0.0,9708.070178,40.0,333687.4377260488,0.0,187518.7509991197,521206.18872516847,333757.8116430077,0.0,188006.4211237,521764.23276670766
70,9712.074019,0.0,0.0,0.0,9712.074019,40.0,333687.4377260488,0.0,187518.7509991197,521206.18872516847,333757.8116430077,0.0,188006.4211237,521764.23276670766
71,9716.052895,0.0,0.0,0.0,9716.052895,40.0,333687.4377260488,0.0,187518.7509991197,521206.18872516847,333757.8116430077,0.0,188006.4211237,521764.23276670766
72,9719.255968,0.0,0.0,0.0,9719.255968,40.0,333687.4377260488,0.0,187518.7509991197,521206.18872516847,333757.8116430077,0.0,188006.4211237,521764.23276670766
73,9722.45904,0.0,0.0,0.0,9722.45904,40.0,333687.4377260488,0.0,187518.7509991197,521206.18872516847,333757.8116430077,0.0,188006.4211237,521764.23276670766
74,9725.662113,0.0,0.0,0.0,9725.662113,40.0,333687.4377260488,0.0,187518.7509991197,521206.18872516847,333757.8116430077,0.0,188006.4211237,521764.23276670766
75,9728.865186,0.0,0.0,0.0,9728.865186,40.0,333687.4377260488,0.0,187518.7509991197,521206.18872516847,333757.8116430077,0.0,188006.4211237,521764.23276670766
76,9732.068258,0.0,0.0,0.0,9732.068258,40.0,333687.4377260488,0.0,187518.7509991197,521206.18872516847,333757.8116430077,0.0,188006.4211237,521764.23276670766
77,9734.21573,0.0,363.636363636364,0.0,10097.852093636364,360.0,333687.4377260488,0.0,187518.7509991197,521206.18872516847,333757.8116430077,0.0,188006.4211237,521764.23276670766
78,9736.217651,0.002988,0.0,320.0,9416.214663,40.0,333687.4377260488,0.0,187518.7509991197,521206.18872516847,333757.8116430077,0.0,188006.4211237,521764.23276670766
79,9738.219571,0.012988,0.0,0.0,9738.206583,40.0,333687.4377260488,0.0,187518.7509991197,521206.18872516847,333757.8116430077,0.0,188006.4211237,521764.23276670766
80,9740.221492,0.021376000000000003,0.0,0.0,9740.200116,40.0,333687.4377260488,0.0,187518.7509991197,521206.18872516847,333757.8116430077,0.0,188006.4211237,521764.23276670766
81,9742.223412,0.029515,0.0,0.0,9742.193897,40.0,333687.4377260488,0.0,187518.7509991197,521206.18872516847,333757.8116430077,0.0,188006.4211237,521764.23276670766
82,9742.189262,0.038296,0.0,0.0,9742.150966,40.0,333687.4377260488,0.0,187518.7509991197,521206.18872516847,333757.8116430077,0.0,188006.4211237,521764.23276670766
83,9741.388493,0.036438000000000005,0.0,0.0,9741.352055000001,40.0,333687.4377260488,0.0,187518.7509991197,521206.18872516847,333757.8116430077,0.0,188006.4211237,521764.23276670766
84,9740.587725,0.039619,0.0,0.0,9740.548106,40.0,333687.4377260488,0.0,187518.7509991197,521206.18872516847,333757.8116430077,0.0,188006.4211237,521764.23276670766
85,9739.786957,0.040170000000000004,0.0,0.0,9739.746787,40.0,333687.4377260488,0.0,187518.7509991197,521206.18872516847,333757.8116430077,0.0,188006.4211237,521764.23276670766
86,9738.986189,0.034993,0.0,0.0,9738.951196,40.0,333687.4377260488,0.0,187518.7509991197,521206.18872516847,333757.8116430077,0.0,188006.4211237,521764.23276670766
87,9738.185421,0.026185,0.0,0.0,9738.159236,40.0,333687.4377260488,0.0,187518.7509991197,521206.18872516847,333757.8116430077,0.0,188006.4211237,521764.23276670766
88,9737.384653,0.016002,363.636363636364,0.0,10101.005014636363,360.0,333687.4377260488,0.0,187518.7509991197,521206.18872516847,333757.8116430077,0.0,188006.4211237,521764.23276670766
89,9736.583884,0.0044740000000000005,0.0,320.0,9416.57941,40.0,333687.4377260488,0.0,187518.7509991197,521206.18872516847,333757.8116430077,0.0,188006.4211237,521764.23276670766
90,9735.783116,0.0,0.0,0.0,9735.783116,40.0,333687.4377260488,0.0,187518.7509991197,521206.18872516847,333757.8116430077,0.0,188006.4211237,521764.23276670766
91,9734.982348,0.0,0.0,0.0,9734.982348,40.0,333687.4377260488,0.0,187518.7509991197,521206.18872516847,333757.8116430077,0.0,188006.4211237,521764.23276670766
92,9734.012712,0.0,0.0,0.0,9734.012712,40.0,333687.4377260488,0.0,187518.7509991197,521206.18872516847,333757.8116430077,0.0,188006.4211237,521764.23276670766
93,9732.81156,0.0,0.0,0.0,9732.81156,40.0,333687.4377260488,0.0,187518.7509991197,521206.18872516847,333757.8116430077,0.0,188006.4211237,521764.23276670766
94,9731.610407,0.0,0.0,0.0,9731.610407,40.0,333687.4377260488,0.0,187518.7509991197,521206.18872516847,333757.8116430077,0.0,188006.4211237,521764.23276670766
95,9730.409255,0.0,0.0,0.0,9730.409255,40.0,333687.4377260488,0.0,187518.7509991197,521206.18872516847,333757.8116430077,0.0,188006.4211237,521764.23276670766
96,9729.208103,0.0,0.0,0.0,9729.208103,40.0,333687.4377260488,0.0,187518.7509991197,521206.18872516847,333757.8116430077,0.0,188006.4211237,521764.23276670766
97,9728.006951,0.0,0.0,0.0,9728.006951,40.0,333687.4377260488,0.0,187518.7509991197,521206.18872516847,333757.8116430077,0.0,188006.4211237,521764.23276670766
98,9726.805798,0.0,0.0,0.0,9726.805798,40.0,333687.4377260488,0.0,187518.7509991197,521206.18872516847,333757.8116430077,0.0,188006.4211237,521764.23276670766
99,9725.604646,0.0,0.0,0.0,9725.604646,40.0,333687.4377260488,0.0,187518.7509991197,521206.18872516847,333757.8116430077,0.0,188006.4211237,521764.23276670766
100,9724.403494,0.0,0.0,0.0,9724.403494,40.0,333687.4377260488,0.0,187518.7509991197,521206.18872516847,333757.8116430077,0.0,188006.4211237,521764.23276670766
101,9723.202342,0.0,363.636363636364,0.0,10086.838705636364,360.0,333687.4377260488,0.0,187518.7509991197,521206.18872516847,333757.8116430077,0.0,188006.4211237,521764.23276670766
102,9722.024624,0.002719,0.0,320.0,9402.021905,40.0,333687.4377260488,0.0,187518.7509991197,521206.18872516847,333757.8116430077,0.0,188006.4211237,521764.23276670766
103,9721.023663,0.010164999999999999,0.0,0.0,9721.013498,40.0,333687.4377260488,0.0,187518.7509991197,521206.18872516847,333757.8116430077,0.0,188006.4211237,521764.23276670766
104,9720.022703,0.021755,0.0,0.0,9720.000948,40.0,333687.4377260488,0.0,187518.7509991197,521206.18872516847,333757.8116430077,0.0,188006.4211237,521764.23276670766
105,9719.021743,0.028119,0.0,0.0,9718.993623999999,40.0,333687.4377260488,0.0,187518.7509991197,521206.18872516847,333757.8116430077,0.0,188006.4211237,521764.23276670766
106,9718.020783,0.03814,0.0,0.0,9717.982643,40.0,333687.4377260488,0.0,187518.7509991197,521206.18872516847,333757.8116430077,0.0,188006.4211237,521764.23276670766
107,9717.019822,0.040254,0.0,0.0,9716.979568,40.0,333687.4377260488,0.0,187518.7509991197,521206.18872516847,333757.8116430077,0.0,188006.4211237,521764.23276670766
108,9716.211989,0.040582,0.0,0.0,9716.171407,40.0,333687.4377260488,0.0,187518.7509991197,521206.18872516847,333757.8116430077,0.0,188006.4211237,521764.23276670766
109,9715.41122,0.040793,0.0,0.0,9715.370427,40.0,333687.4377260488,0.0,187518.7509991197,521206.18872516847,333757.8116430077,0.0,188006.4211237,521764.23276670766
110,9714.610452,0.021731000000000004,0.0,0.0,9714.588721,40.0,333687.4377260488,0.0,187518.7509991197,521206.18872516847,333757.8116430077,0.0,188006.4211237,521764.23276670766
111,9713.809684,0.026905000000000002,0.0,0.0,9713.782779,40.0,333687.4377260488,0.0,187518.7509991197,521206.18872516847,333757.8116430077,0.0,188006.4211237,521764.23276670766
112,9713.008916,0.015625,363.636363636364,0.0,10076.629654636365,360.0,333687.4377260488,0.0,187518.7509991197,521206.18872516847,333757.8116430077,0.0,188006.4211237,521764.23276670766
113,9712.045521,0.004618000000000001,0.0,320.0,9392.040903,40.0,333687.4377260488,0.0,187518.7509991197,521206.18872516847,333757.8116430077,0.0,188006.4211237,521764.23276670766
114,9711.044561,0.0,0.0,0.0,9711.044561,40.0,333687.4377260488,0.0,187518.7509991197,521206.18872516847,333757.8116430077,0.0,188006.4211237,521764.23276670766
115,9710.043601,0.0,0.0,0.0,9710.043601,40.0,333687.4377260488,0.0,187518.7509991197,521206.18872516847,333757.8116430077,0.0,188006.4211237,521764.23276670766
116,9709.042641,0.0,0.0,0.0,9709.042641,40.0,333687.4377260488,0.0,187518.7509991197,521206.18872516847,333757.8116430077,0.0,188006.4211237,521764.23276670766
117,9708.04168,0.0,0.0,0.0,9708.04168,40.0,333687.4377260488,0.0,187518.7509991197,521206.18872516847,333757.8116430077,0.0,188006.4211237,521764.23276670766
118,9707.04072,0.0,0.0,0.0,9707.04072,40.0,333687.4377260488,0.0,187518.7509991197,521206.18872516847,333757.8116430077,0.0,188006.4211237,521764.23276670766
119,9706.03976,0.0,0.0,0.0,9706.03976,40.0,333687.4377260488,0.0,187518.7509991197,521206.18872516847,333757.8116430077,0.0,188006.4211237,521764.23276670766
120,9705.0388,0.0,0.0,0.0,9705.0388,40.0,333687.4377260488,0.0,187518.7509991197,521206.18872516847,333757.8116430077,0.0,188006.4211237,521764.23276670766
121,9704.037839,0.0,0.0,0.0,9704.037839,40.0,333687.4377260488,0.0,187518.7509991197,521206.18872516847,333757.8116430077,0.0,188006.4211237,521764.23276670766
122,9703.036879,0.0,0.0,0.0,9703.036879,40.0,333687.4377260488,0.0,187518.7509991197,521206.18872516847,333757.8116430077,0.0,188006.4211237,521764.23276670766
123,9702.137546,0.0,0.0,0.0,9702.137546,40.0,333687.4377260488,0.0,187518.7509991197,521206.18872516847,333757.8116430077,0.0,188006.4211237,521764.23276670766
124,9701.336778,0.0,0.0,0.0,9701.336778,40.0,333687.4377260488,0.0,187518.7509991197,521206.18872516847,333757.8116430077,0.0,188006.4211237,521764.23276670766
125,9700.536009,0.0,0.0,0.0,9700.536009,40.0,333687.4377260488,0.0,187518.7509991197,521206.18872516847,333757.8116430077,0.0,188006.4211237,521764.23276670766
126,9699.735241,0.003045,0.0,0.0,9699.732196,40.0,333687.4377260488,0.0,187518.7509991197,521206.18872516847,333757.8116430077,0.0,188006.4211237,521764.23276670766
127,9698.934473,0.013803000000000001,0.0,0.0,9698.92067,40.0,333687.4377260488,0.0,187518.7509991197,521206.18872516847,333757.8116430077,0.0,188006.4211237,521764.23276670766
128,9698.204832,0.024051,0.0,0.0,9698.180781,40.0,333687.4377260488,0.0,187518.7509991197,521206.18872516847,333757.8116430077,0.0,188006.4211237,521764.23276670766
129,9697.604256,0.029757000000000002,0.0,0.0,9697.574499,40.0,333687.4377260488,0.0,187518.7509991197,521206.18872516847,333757.8116430077,0.0,188006.4211237,521764.23276670766
130,9697.00368,0.036631000000000004,0.0,0.0,9696.967048999999,40.0,333687.4377260488,0.0,187518.7509991197,521206.18872516847,333757.8116430077,0.0,188006.4211237,521764.23276670766
131,9696.403104,0.04158100000000001,0.0,0.0,9696.361523000001,40.0,333687.4377260488,0.0,187518.7509991197,521206.18872516847,333757.8116430077,0.0,188006.4211237,521764.23276670766
132,9695.802527,0.040426000000000004,0.0,0.0,9695.762101,40.0,333687.4377260488,0.0,187518.7509991197,521206.18872516847,333757.8116430077,0.0,188006.4211237,521764.23276670766
133,9695.161324,0.038848999999999995,0.0,0.0,9695.122475,40.0,333687.4377260488,0.0,187518.7509991197,521206.18872516847,333757.8116430077,0.0,188006.4211237,521764.23276670766
134,9694.360556,0.032067,0.0,0.0,9694.328489,40.0,333687.4377260488,0.0,187518.7509991197,521206.18872516847,333757.8116430077,0.0,188006.4211237,521764.23276670766
135,9693.559788,0.017757000000000002,0.0,0.0,9693.542031,40.0,333687.4377260488,0.0,187518.7509991197,521206.18872516847,333757.8116430077,0.0,188006.4211237,521764.23276670766
136,9692.75902,0.011531000000000001,0.0,0.0,9692.747489,40.0,333687.4377260488,0.0,187518.7509991197,521206.18872516847,333757.8116430077,0.0,188006.4211237,521764.23276670766
137,9691.958251,0.004369,0.0,0.0,9691.953882,40.0,333687.4377260488,0.0,187518.7509991197,521206.18872516847,333757.8116430077,0.0,188006.4211237,521764.23276670766
138,9691.167611,0.0,0.0,0.0,9691.167611,40.0,333687.4377260488,0.0,187518.7509991197,521206.18872516847,333757.8116430077,0.0,188006.4211237,521764.23276670766
139,9690.567034,0.0,0.0,0.0,9690.567034,40.0,333687.4377260488,0.0,187518.7509991197,521206.18872516847,333757.8116430077,0.0,188006.4211237,521764.23276670766
140,9689.966458,0.0,0.0,0.0,9689.966458,40.0,333687.4377260488,0.0,187518.7509991197,521206.18872516847,333757.8116430077,0.0,188006.4211237,521764.23276670766
141,9689.365882,0.0,0.0,0.0,9689.365882,40.0,333687.4377260488,0.0,187518.7509991197,521206.18872516847,333757.8116430077,0.0,188006.4211237,521764.23276670766
142,9688.765306,0.0,0.0,0.0,9688.765306,40.0,333687.4377260488,0.0,187518.7509991197,521206.18872516847,333757.8116430077,0.0,188006.4211237,521764.23276670766
143,9688.16473,0.0,0.0,0.0,9688.16473,40.0,333687.4377260488,0.0,187518.7509991197,521206.18872516847,333757.8116430077,0.0,188006.4211237,521764.23276670766
144,9687.564154,0.0,0.0,0.0,9687.564154,40.0,333687.4377260488,0.0,187518.7509991197,521206.18872516847,333757.8116430077,0.0,188006.4211237,521764.23276670766
145,9686.963578,0.0,0.0,0.0,9686.963578,40.0,333687.4377260488,0.0,187518.7509991197,521206.18872516847,333757.8116430077,0.0,188006.4211237,521764.23276670766
146,9686.363002,0.0,0.0,0.0,9686.363002,40.0,333687.4377260488,0.0,187518.7509991197,521206.18872516847,333757.8116430077,0.0,188006.4211237,521764.23276670766
147,9685.762425,0.0,0.0,0.0,9685.762425,40.0,333687.4377260488,0.0,187518.7509991197,521206.18872516847,333757.8116430077,0.0,188006.4211237,521764.23276670766
148,9685.161849,0.0,0.0,0.0,9685.161849,40.0,333687.4377260488,0.0,187518.7509991197,521206.18872516847,333757.8116430077,0.0,188006.4211237,521764.23276670766
149,9684.561273,0.0,0.0,0.0,9684.561273,40.0,333687.4377260488,0.0,187518.7509991197,521206.18872516847,333757.8116430077,0.0,188006.4211237,521764.23276670766
150,9683.960697,0.002926,0.0,0.0,9683.957771000001,40.0,333687.4377260488,0.0,187518.7509991197,521206.18872516847,333757.8116430077,0.0,188006.4211237,521764.23276670766
151,9683.360121,0.009914,0.0,0.0,9683.350207,40.0,333687.4377260488,0.0,187518.7509991197,521206.18872516847,333757.8116430077,0.0,188006.4211237,521764.23276670766
152,9682.759545,0.023014,0.0,0.0,9682.736531,40.0,333687.4377260488,0.0,187518.7509991197,521206.18872516847,333757.8116430077,0.0,188006.4211237,521764.23276670766
153,9682.158969,0.032028,0.0,0.0,9682.126941,40.0,333687.4377260488,0.0,187518.7509991197,521206.18872516847,333757.8116430077,0.0,188006.4211237,521764.23276670766
154,9681.558392,0.036513,0.0,0.0,9681.521879000002,40.0,333687.4377260488,0.0,187518.7509991197,521206.18872516847,333757.8116430077,0.0,188006.4211237,521764.23276670766
155,9680.957816,0.00632,0.0,0.0,9680.951496,40.0,333687.4377260488,0.0,187518.7509991197,521206.18872516847,333757.8116430077,0.0,188006.4211237,521764.23276670766
156,9680.35724,0.025601,0.0,0.0,9680.331639,40.0,333687.4377260488,0.0,187518.7509991197,521206.18872516847,333757.8116430077,0.0,188006.4211237,521764.23276670766
157,9679.756664,0.040621000000000004,0.0,0.0,9679.716043,40.0,333687.4377260488,0.0,187518.7509991197,521206.18872516847,333757.8116430077,0.0,188006.4211237,521764.23276670766
158,9679.156088,0.019588,0.0,0.0,9679.1365,40.0,333687.4377260488,0.0,187518.7509991197,521206.18872516847,333757.8116430077,0.0,188006.4211237,521764.23276670766
159,9678.643832,0.027011,0.0,0.0,9678.616821,40.0,333687.4377260488,0.0,187518.7509991197,521206.18872516847,333757.8116430077,0.0,188006.4211237,521764.23276670766
160,9678.243448,0.016026,0.0,0.0,9678.227422,40.0,333687.4377260488,0.0,187518.7509991197,521206.18872516847,333757.8116430077,0.0,188006.4211237,521764.23276670766
161,9677.843064,0.004611,0.0,0.0,9677.838453,40.0,333687.4377260488,0.0,187518.7509991197,521206.18872516847,333757.8116430077,0.0,188006.4211237,521764.23276670766
162,9677.44268,0.0,0.0,0.0,9677.44268,40.0,333687.4377260488,0.0,187518.7509991197,521206.18872516847,333757.8116430077,0.0,188006.4211237,521764.23276670766
163,9677.042295,0.0,0.0,0.0,9677.042295,40.0,333687.4377260488,0.0,187518.7509991197,521206.18872516847,333757.8116430077,0.0,188006.4211237,521764.23276670766
164,9676.757552,0.0,0.0,0.0,9676.757552,40.0,333687.4377260488,0.0,187518.7509991197,521206.18872516847,333757.8116430077,0.0,188006.4211237,521764.23276670766
165,9676.757552,0.0,0.0,0.0,9676.757552,40.0,333687.4377260488,0.0,187518.7509991197,521206.18872516847,333757.8116430077,0.0,188006.4211237,521764.23276670766
166,9676.757552,0.0,0.0,0.0,9676.757552,40.0,333687.4377260488,0.0,187518.7509991197,521206.18872516847,333757.8116430077,0.0,188006.4211237,521764.23276670766
167,9676.757552,0.0,0.0,0.0,9676.757552,40.0,333687.4377260488,0.0,187518.7509991197,521206.18872516847,333757.8116430077,0.0,188006.4211237,521764.23276670766
168,9676.757552,0.0,0.0,0.0,9676.757552,40.0,333687.4377260488,0.0,187518.7509991197,521206.18872516847,333757.8116430077,0.0,188006.4211237,521764.23276670766
169,9676.757552,0.0,0.0,0.0,9676.757552,40.0,333687.4377260488,0.0,187518.7509991197,521206.18872516847,333757.8116430077,0.0,188006.4211237,521764.23276670766
170,9676.757552,0.0,0.0,0.0,9676.757552,40.0,333687.4377260488,0.0,187518.7509991197,521206.18872516847,333757.8116430077,0.0,188006.4211237,521764.23276670766
171,9676.757552,0.0,0.0,0.0,9676.757552,40.0,333687.4377260488,0.0,187518.7509991197,521206.18872516847,333757.8116430077,0.0,188006.4211237,521764.23276670766
172,9676.757552,0.0,0.0,0.0,9676.757552,40.0,333687.4377260488,0.0,187518.7509991197,521206.18872516847,333757.8116430077,0.0,188006.4211237,521764.23276670766
173,9676.757552,0.0,363.636363636364,0.0,10040.393915636363,360.0,333687.4377260488,0.0,187518.7509991197,521206.18872516847,333757.8116430077,0.0,188006.4211237,521764.23276670766
174,9676.757552,0.003065,0.0,320.0,9356.754486999998,40.0,333687.4377260488,0.0,187518.7509991197,521206.18872516847,333757.8116430077,0.0,188006.4211237,521764.23276670766
175,9676.954564,0.013373,0.0,0.0,9676.941191,40.0,333687.4377260488,0.0,187518.7509991197,521206.18872516847,333757.8116430077,0.0,188006.4211237,521764.23276670766
176,9677.154756,0.023802,0.0,0.0,9677.130954,40.0,333687.4377260488,0.0,187518.7509991197,521206.18872516847,333757.8116430077,0.0,188006.4211237,521764.23276670766
177,9677.354948,0.029316,0.0,0.0,9677.325632,40.0,333687.4377260488,0.0,187518.7509991197,521206.18872516847,333757.8116430077,0.0,188006.4211237,521764.23276670766
178,9677.55514,0.034299,0.0,0.0,9677.520841,40.0,333687.4377260488,0.0,187518.7509991197,521206.18872516847,333757.8116430077,0.0,188006.4211237,521764.23276670766
179,9677.755332,0.035994,0.0,0.0,9677.719338,40.0,333687.4377260488,0.0,187518.7509991197,521206.18872516847,333757.8116430077,0.0,188006.4211237,521764.23276670766
180,9677.622499,0.036874000000000004,0.0,0.0,9677.585625,40.0,333687.4377260488,0.0,187518.7509991197,521206.18872516847,333757.8116430077,0.0,188006.4211237,521764.23276670766
181,9677.422307,0.037563000000000006,0.0,0.0,9677.384744,40.0,333687.4377260488,0.0,187518.7509991197,521206.18872516847,333757.8116430077,0.0,188006.4211237,521764.23276670766
182,9677.222115,0.032755000000000006,0.0,0.0,9677.18936,40.0,333687.4377260488,0.0,187518.7509991197,521206.18872516847,333757.8116430077,0.0,188006.4211237,521764.23276670766
183,9677.021923,0.025374,0.0,0.0,9676.996549,40.0,333687.4377260488,0.0,187518.7509991197,521206.18872516847,333757.8116430077,0.0,188006.4211237,521764.23276670766
184,9676.821731,0.015392,363.636363636364,0.0,10040.442702636365,360.0,333687.4377260488,0.0,187518.7509991197,521206.18872516847,333757.8116430077,0.0,188006.4211237,521764.23276670766
185,9676.757552,0.004398,0.0,320.0,9356.753154,40.0,333687.4377260488,0.0,187518.7509991197,521206.18872516847,333757.8116430077,0.0,188006.4211237,521764.23276670766
186,9676.757552,0.0,0.0,0.0,9676.757552,40.0,333687.4377260488,0.0,187518.7509991197,521206.18872516847,333757.8116430077,0.0,188006.4211237,521764.23276670766
187,9676.757552,0.0,0.0,0.0,9676.757552,40.0,333687.4377260488,0.0,187518.7509991197,521206.18872516847,333757.8116430077,0.0,188006.4211237,521764.23276670766
188,9676.757552,0.0,0.0,0.0,9676.757552,40.0,333687.4377260488,0.0,187518.7509991197,521206.18872516847,333757.8116430077,0.0,188006.4211237,521764.23276670766
189,9676.757552,0.0,0.0,0.0,9676.757552,40.0,333687.4377260488,0.0,187518.7509991197,521206.18872516847,333757.8116430077,0.0,188006.4211237,521764.23276670766
190,9676.652039,0.0,0.0,0.0,9676.652039,40.0,333687.4377260488,0.0,187518.7509991197,521206.18872516847,333757.8116430077,0.0,188006.4211237,521764.23276670766
191,9676.451847,0.0,0.0,0.0,9676.451847,40.0,333687.4377260488,0.0,187518.7509991197,521206.18872516847,333757.8116430077,0.0,188006.4211237,521764.23276670766
192,9676.251655,0.0,0.0,0.0,9676.251655,40.0,333687.4377260488,0.0,187518.7509991197,521206.18872516847,333757.8116430077,0.0,188006.4211237,521764.23276670766
193,9676.051463,0.0,0.0,0.0,9676.051463,40.0,333687.4377260488,0.0,187518.7509991197,521206.18872516847,333757.8116430077,0.0,188006.4211237,521764.23276670766
194,9675.851271,0.0,0.0,0.0,9675.851271,40.0,333687.4377260488,0.0,187518.7509991197,521206.18872516847,333757.8116430077,0.0,188006.4211237,521764.23276670766
195,9675.726092,0.0,0.0,0.0,9675.726092,40.0,333687.4377260488,0.0,187518.7509991197,521206.18872516847,333757.8116430077,0.0,188006.4211237,521764.23276670766
196,9675.726092,0.0,0.0,0.0,9675.726092,40.0,333687.4377260488,0.0,187518.7509991197,521206.18872516847,333757.8116430077,0.0,188006.4211237,521764.23276670766
197,9675.726092,0.0,363.636363636364,0.0,10039.362455636365,360.0,333687.4377260488,0.0,187518.7509991197,521206.18872516847,333757.8116430077,0.0,188006.4211237,521764.23276670766
198,9675.726092,0.003278,0.0,320.0,9355.722814,40.0,333687.4377260488,0.0,187518.7509991197,521206.18872516847,333757.8116430077,0.0,188006.4211237,521764.23276670766
199,9675.726092,0.012768000000000002,0.0,0.0,9675.713324,40.0,333687.4377260488,0.0,187518.7509991197,521206.18872516847,333757.8116430077,0.0,188006.4211237,521764.23276670766
200,9675.681578,0.022594000000000003,0.0,0.0,9675.658984,40.0,333687.4377260488,0.0,187518.7509991197,521206.18872516847,333757.8116430077,0.0,188006.4211237,521764.23276670766
201,9675.481386,0.032163,0.0,0.0,9675.449223,40.0,333687.4377260488,0.0,187518.7509991197,521206.18872516847,333757.8116430077,0.0,188006.4211237,521764.23276670766
202,9675.281194,0.037637000000000004,0.0,0.0,9675.243557,40.0,333687.4377260488,0.0,187518.7509991197,521206.18872516847,333757.8116430077,0.0,188006.4211237,521764.23276670766
203,9675.081002,0.040098999999999996,0.0,0.0,9675.040903000001,40.0,333687.4377260488,0.0,187518.7509991197,521206.18872516847,333757.8116430077,0.0,188006.4211237,521764.23276670766
204,9674.88081,0.040123,0.0,0.0,9674.840687,40.0,333687.4377260488,0.0,187518.7509991197,521206.18872516847,333757.8116430077,0.0,188006.4211237,521764.23276670766
205,9674.708645,0.037526000000000004,0.0,0.0,9674.671119,40.0,333687.4377260488,0.0,187518.7509991197,521206.18872516847,333757.8116430077,0.0,188006.4211237,521764.23276670766
206,9674.908837,0.032848999999999996,0.0,0.0,9674.875988000002,40.0,333687.4377260488,0.0,187518.7509991197,521206.18872516847,333757.8116430077,0.0,188006.4211237,521764.23276670766
207,9675.109029,0.025827000000000003,0.0,0.0,9675.083202,40.0,333687.4377260488,0.0,187518.7509991197,521206.18872516847,333757.8116430077,0.0,188006.4211237,521764.23276670766
208,9675.309221,0.014161,363.636363636364,0.0,10038.931423636364,360.0,333687.4377260488,0.0,187518.7509991197,521206.18872516847,333757.8116430077,0.0,188006.4211237,521764.23276670766
209,9675.509413,0.004313,0.0,320.0,9355.5051,40.0,333687.4377260488,0.0,187518.7509991197,521206.18872516847,333757.8116430077,0.0,188006.4211237,521764.23276670766
210,9675.709605,0.0,0.0,0.0,9675.709605,40.0,333687.4377260488,0.0,187518.7509991197,521206.18872516847,333757.8116430077,0.0,188006.4211237,521764.23276670766
211,9675.909797,0.0,0.0,0.0,9675.909797,40.0,333687.4377260488,0.0,187518.7509991197,521206.18872516847,333757.8116430077,0.0,188006.4211237,521764.23276670766
212,9676.109989,0.0,0.0,0.0,9676.109989,40.0,333687.4377260488,0.0,187518.7509991197,521206.18872516847,333757.8116430077,0.0,188006.4211237,521764.23276670766
213,9676.310181,0.0,0.0,0.0,9676.310181,40.0,333687.4377260488,0.0,187518.7509991197,521206.18872516847,333757.8116430077,0.0,188006.4211237,521764.23276670766
214,9676.510373,0.0,0.0,0.0,9676.510373,40.0,333687.4377260488,0.0,187518.7509991197,521206.18872516847,333757.8116430077,0.0,188006.4211237,521764.23276670766
215,9676.710565,0.0,0.0,0.0,9676.710565,40.0,333687.4377260488,0.0,187518.7509991197,521206.18872516847,333757.8116430077,0.0,188006.4211237,521764.23276670766
216,9676.910758,0.0,0.0,0.0,9676.910758,40.0,333687.4377260488,0.0,187518.7509991197,521206.18872516847,333757.8116430077,0.0,188006.4211237,521764.23276670766
217,9677.11095,0.0,0.0,0.0,9677.11095,40.0,333687.4377260488,0.0,187518.7509991197,521206.18872516847,333757.8116430077,0.0,188006.4211237,521764.23276670766
218,9677.311142,0.0,0.0,0.0,9677.311142,40.0,333687.4377260488,0.0,187518.7509991197,521206.18872516847,333757.8116430077,0.0,188006.4211237,521764.23276670766
219,9677.511334,0.0,0.0,0.0,9677.511334,40.0,333687.4377260488,0.0,187518.7509991197,521206.18872516847,333757.8116430077,0.0,188006.4211237,521764.23276670766
220,9677.711526,0.0,0.0,0.0,9677.711526,40.0,333687.4377260488,0.0,187518.7509991197,521206.18872516847,333757.8116430077,0.0,188006.4211237,521764.23276670766
221,9678.279836,0.0,363.636363636364,0.0,10041.916199636364,360.0,333687.4377260488,0.0,187518.7509991197,521206.18872516847,333757.8116430077,0.0,188006.4211237,521764.23276670766
222,9679.080604,0.003427,0.0,320.0,9359.077177000001,40.0,333687.4377260488,0.0,187518.7509991197,521206.18872516847,333757.8116430077,0.0,188006.4211237,521764.23276670766
223,9679.881372,0.013414,0.0,0.0,9679.867958,40.0,333687.4377260488,0.0,187518.7509991197,521206.18872516847,333757.8116430077,0.0,188006.4211237,521764.23276670766
224,9680.68214,0.023773,0.0,0.0,9680.658367,40.0,333687.4377260488,0.0,187518.7509991197,521206.18872516847,333757.8116430077,0.0,188006.4211237,521764.23276670766
225,9681.482908,0.031084,0.0,0.0,9681.451824,40.0,333687.4377260488,0.0,187518.7509991197,521206.18872516847,333757.8116430077,0.0,188006.4211237,521764.23276670766
226,9682.560295,0.034932000000000005,0.0,0.0,9682.525362999999,40.0,333687.4377260488,0.0,187518.7509991197,521206.18872516847,333757.8116430077,0.0,188006.4211237,521764.23276670766
227,9683.961639,0.038024,0.0,0.0,9683.923615,40.0,333687.4377260488,0.0,187518.7509991197,521206.18872516847,333757.8116430077,0.0,188006.4211237,521764.23276670766
228,9685.362983,0.034519,0.0,0.0,9685.328464,40.0,333687.4377260488,0.0,187518.7509991197,521206.18872516847,333757.8116430077,0.0,188006.4211237,521764.23276670766
229,9686.764328,0.032320999999999996,0.0,0.0,9686.732006999999,40.0,333687.4377260488,0.0,187518.7509991197,521206.18872516847,333757.8116430077,0.0,188006.4211237,521764.23276670766
230,9688.165672,0.017774,0.0,0.0,9688.147898,40.0,333687.4377260488,0.0,187518.7509991197,521206.18872516847,333757.8116430077,0.0,188006.4211237,521764.23276670766
231,9689.567016,0.010089,0.0,0.0,9689.556927000001,40.0,333687.4377260488,0.0,187518.7509991197,521206.18872516847,333757.8116430077,0.0,188006.4211237,521764.23276670766
232,9690.968361,0.005275,363.636363636364,0.0,10054.599449636364,360.0,333687.4377260488,0.0,187518.7509991197,521206.18872516847,333757.8116430077,0.0,188006.4211237,521764.23276670766
233,9692.369705,0.002383,0.0,320.0,9372.367322,40.0,333687.4377260488,0.0,187518.7509991197,521206.18872516847,333757.8116430077,0.0,188006.4211237,521764.23276670766
234,9693.771049,0.0,0.0,0.0,9693.771049,40.0,333687.4377260488,0.0,187518.7509991197,521206.18872516847,333757.8116430077,0.0,188006.4211237,521764.23276670766
235,9695.172394,0.0,0.0,0.0,9695.172394,40.0,333687.4377260488,0.0,187518.7509991197,521206.18872516847,333757.8116430077,0.0,188006.4211237,521764.23276670766
236,9696.573738,0.0,0.0,0.0,9696.573738,40.0,333687.4377260488,0.0,187518.7509991197,521206.18872516847,333757.8116430077,0.0,188006.4211237,521764.23276670766
237,9697.975082,0.0,0.0,0.0,9697.975082,40.0,333687.4377260488,0.0,187518.7509991197,521206.18872516847,333757.8116430077,0.0,188006.4211237,521764.23276670766
238,9699.376427,0.0,0.0,0.0,9699.376427,40.0,333687.4377260488,0.0,187518.7509991197,521206.18872516847,333757.8116430077,0.0,188006.4211237,521764.23276670766
239,9700.777771,0.0,0.0,0.0,9700.777771,40.0,333687.4377260488,0.0,187518.7509991197,521206.18872516847,333757.8116430077,0.0,188006.4211237,521764.23276670766
240,9702.179115,0.0,0.0,0.0,9702.179115,40.0,333687.4377260488,0.0,187518.7509991197,521206.18872516847,333757.8116430077,0.0,188006.4211237,521764.23276670766
241,9703.580459,0.0,0.0,0.0,9703.580459,40.0,333687.4377260488,0.0,187518.7509991197,521206.18872516847,333757.8116430077,0.0,188006.4211237,521764.23276670766
242,9704.981804,0.0,0.0,0.0,9704.981804,40.0,333687.4377260488,0.0,187518.7509991197,521206.18872516847,333757.8116430077,0.0,188006.4211237,521764.23276670766
243,9706.383148,0.0,0.0,0.0,9706.383148,40.0,333687.4377260488,0.0,187518.7509991197,521206.18872516847,333757.8116430077,0.0,188006.4211237,521764.23276670766
244,9707.784492,0.0,0.0,0.0,9707.784492,40.0,333687.4377260488,0.0,187518.7509991197,521206.18872516847,333757.8116430077,0.0,188006.4211237,521764.23276670766
245,9709.185837,0.0,363.636363636364,0.0,10072.822200636365,360.0,333687.4377260488,0.0,187518.7509991197,521206.18872516847,333757.8116430077,0.0,188006.4211237,521764.23276670766
246,9710.587181,0.003492,0.0,320.0,9390.583689000001,40.0,333687.4377260488,0.0,187518.7509991197,521206.18872516847,333757.8116430077,0.0,188006.4211237,521764.23276670766
247,9713.522114,0.013118000000000001,0.0,0.0,9713.508995999999,40.0,333687.4377260488,0.0,187518.7509991197,521206.18872516847,333757.8116430077,0.0,188006.4211237,521764.23276670766
248,9716.725187,0.021598,0.0,0.0,9716.703589,40.0,333687.4377260488,0.0,187518.7509991197,521206.18872516847,333757.8116430077,0.0,188006.4211237,521764.23276670766
249,9719.92826,0.028911000000000003,0.0,0.0,9719.899349000001,40.0,333687.4377260488,0.0,187518.7509991197,521206.18872516847,333757.8116430077,0.0,188006.4211237,521764.23276670766
250,9723.131332,0.035629,0.0,0.0,9723.095703,40.0,333687.4377260488,0.0,187518.7509991197,521206.18872516847,333757.8116430077,0.0,188006.4211237,521764.23276670766
251,9726.334405,0.037005,0.0,0.0,9726.2974,40.0,333687.4377260488,0.0,187518.7509991197,521206.18872516847,333757.8116430077,0.0,188006.4211237,521764.23276670766
252,9729.957174,0.038964,0.0,0.0,9729.91821,40.0,333687.4377260488,0.0,187518.7509991197,521206.18872516847,333757.8116430077,0.0,188006.4211237,521764.23276670766
253,9733.760823,0.036213999999999996,0.0,0.0,9733.724609,40.0,333687.4377260488,0.0,187518.7509991197,521206.18872516847,333757.8116430077,0.0,188006.4211237,521764.23276670766
254,9737.564472,0.031749,0.0,0.0,9737.532723,40.0,333687.4377260488,0.0,187518.7509991197,521206.18872516847,333757.8116430077,0.0,188006.4211237,521764.23276670766
255,9741.368121,0.024686,0.0,0.0,9741.343434999999,40.0,333687.4377260488,0.0,187518.7509991197,521206.18872516847,333757.8116430077,0.0,188006.4211237,521764.23276670766
256,9745.17177,0.01447,363.636363636364,0.0,10108.793663636365,360.0,333687.4377260488,0.0,187518.7509991197,521206.18872516847,333757.8116430077,0.0,188006.4211237,521764.23276670766
257,9748.647221,0.0043890000000000005,0.0,320.0,9428.642832,40.0,333687.4377260488,0.0,187518.7509991197,521206.18872516847,333757.8116430077,0.0,188006.4211237,521764.23276670766
258,9751.850294,0.0,0.0,0.0,9751.850294,40.0,333687.4377260488,0.0,187518.7509991197,521206.18872516847,333757.8116430077,0.0,188006.4211237,521764.23276670766
259,9755.053367,0.0,0.0,0.0,9755.053367,40.0,333687.4377260488,0.0,187518.7509991197,521206.18872516847,333757.8116430077,0.0,188006.4211237,521764.23276670766
260,9758.25644,0.0,0.0,0.0,9758.25644,40.0,333687.4377260488,0.0,187518.7509991197,521206.18872516847,333757.8116430077,0.0,188006.4211237,521764.23276670766
261,9761.459512,0.0,0.0,0.0,9761.459512,40.0,333687.4377260488,0.0,187518.7509991197,521206.18872516847,333757.8116430077,0.0,188006.4211237,521764.23276670766
262,9764.662585,0.0,0.0,0.0,9764.662585,40.0,333687.4377260488,0.0,187518.7509991197,521206.18872516847,333757.8116430077,0.0,188006.4211237,521764.23276670766
263,9767.865658,0.0,0.0,0.0,9767.865658,40.0,333687.4377260488,0.0,187518.7509991197,521206.18872516847,333757.8116430077,0.0,188006.4211237,521764.23276670766
264,9771.06873,0.0,0.0,0.0,9771.06873,40.0,333687.4377260488,0.0,187518.7509991197,521206.18872516847,333757.8116430077,0.0,188006.4211237,521764.23276670766
265,9774.271803,0.0,0.0,0.0,9774.271803,40.0,333687.4377260488,0.0,187518.7509991197,521206.18872516847,333757.8116430077,0.0,188006.4211237,521764.23276670766
266,9777.474876,0.0,0.0,0.0,9777.474876,40.0,333687.4377260488,0.0,187518.7509991197,521206.18872516847,333757.8116430077,0.0,188006.4211237,521764.23276670766
267,9780.677949,0.0,0.0,0.0,9780.677949,40.0,333687.4377260488,0.0,187518.7509991197,521206.18872516847,333757.8116430077,0.0,188006.4211237,521764.23276670766
268,9783.881021,0.0,0.0,0.0,9783.881021,40.0,333687.4377260488,0.0,187518.7509991197,521206.18872516847,333757.8116430077,0.0,188006.4211237,521764.23276670766
269,9787.084094,0.0,363.636363636364,0.0,10150.720457636364,360.0,333687.4377260488,0.0,187518.7509991197,521206.18872516847,333757.8116430077,0.0,188006.4211237,521764.23276670766
270,9790.287167,0.0045460000000000006,0.0,320.0,9470.282621,40.0,333687.4377260488,0.0,187518.7509991197,521206.18872516847,333757.8116430077,0.0,188006.4211237,521764.23276670766
271,9793.490239,0.0119,0.0,0.0,9793.478339000001,40.0,333687.4377260488,0.0,187518.7509991197,521206.18872516847,333757.8116430077,0.0,188006.4211237,521764.23276670766
272,9796.711212,0.022975000000000002,0.0,0.0,9796.688237,40.0,333687.4377260488,0.0,187518.7509991197,521206.18872516847,333757.8116430077,0.0,188006.4211237,521764.23276670766
273,9800.114476,0.029993,0.0,0.0,9800.084483,40.0,333687.4377260488,0.0,187518.7509991197,521206.18872516847,333757.8116430077,0.0,188006.4211237,521764.23276670766
274,9803.517741,0.036048000000000004,0.0,0.0,9803.481693,40.0,333687.4377260488,0.0,187518.7509991197,521206.18872516847,333757.8116430077,0.0,188006.4211237,521764.23276670766
275,9806.921006,0.037421,0.0,0.0,9806.883585,40.0,333687.4377260488,0.0,187518.7509991197,521206.18872516847,333757.8116430077,0.0,188006.4211237,521764.23276670766
276,9810.324271,0.038520000000000006,0.0,0.0,9810.285751,40.0,333687.4377260488,0.0,187518.7509991197,521206.18872516847,333757.8116430077,0.0,188006.4211237,521764.23276670766
277,9813.727535,0.039529,0.0,0.0,9813.688006,40.0,333687.4377260488,0.0,187518.7509991197,521206.18872516847,333757.8116430077,0.0,188006.4211237,521764.23276670766
278,9816.943208,0.027349000000000002,0.0,0.0,9816.915859,40.0,333687.4377260488,0.0,187518.7509991197,521206.18872516847,333757.8116430077,0.0,188006.4211237,521764.23276670766
279,9820.146281,0.014708,0.0,0.0,9820.131572999999,40.0,333687.4377260488,0.0,187518.7509991197,521206.18872516847,333757.8116430077,0.0,188006.4211237,521764.23276670766
280,9823.349354,0.002454,363.636363636364,0.0,10186.983263636364,360.0,333687.4377260488,0.0,187518.7509991197,521206.18872516847,333757.8116430077,0.0,188006.4211237,521764.23276670766
281,9826.552427,0.004983,0.0,320.0,9506.547444,40.0,333687.4377260488,0.0,187518.7509991197,521206.18872516847,333757.8116430077,0.0,188006.4211237,521764.23276670766
282,9829.755499,0.0,0.0,0.0,9829.755499,40.0,333687.4377260488,0.0,187518.7509991197,521206.18872516847,333757.8116430077,0.0,188006.4211237,521764.23276670766
283,9833.272756,0.0,0.0,0.0,9833.272756,40.0,333687.4377260488,0.0,187518.7509991197,521206.18872516847,333757.8116430077,0.0,188006.4211237,521764.23276670766
284,9836.876213,0.0,0.0,0.0,9836.876213,40.0,333687.4377260488,0.0,187518.7509991197,521206.18872516847,333757.8116430077,0.0,188006.4211237,521764.23276670766
285,9840.479669,0.0,0.0,0.0,9840.479669,40.0,333687.4377260488,0.0,187518.7509991197,521206.18872516847,333757.8116430077,0.0,188006.4211237,521764.23276670766
286,9844.083126,0.0,0.0,0.0,9844.083126,40.0,333687.4377260488,0.0,187518.7509991197,521206.18872516847,333757.8116430077,0.0,188006.4211237,521764.23276670766
287,9847.686583,0.0,0.0,0.0,9847.686583,40.0,333687.4377260488,0.0,187518.7509991197,521206.18872516847,333757.8116430077,0.0,188006.4211237,521764.23276670766
288,9851.669816,0.0,0.0,0.0,9851.669816,40.0,333687.4377260488,0.0,187518.7509991197,521206.18872516847,333757.8116430077,0.0,188006.4211237,521764.23276670766
289,9855.873849,0.0,0.0,0.0,9855.873849,40.0,333687.4377260488,0.0,187518.7509991197,521206.18872516847,333757.8116430077,0.0,188006.4211237,521764.23276670766
290,9860.077882,0.0,0.0,0.0,9860.077882,40.0,333687.4377260488,0.0,187518.7509991197,521206.18872516847,333757.8116430077,0.0,188006.4211237,521764.23276670766
291,9864.281915,0.0,0.0,0.0,9864.281915,40.0,333687.4377260488,0.0,187518.7509991197,521206.18872516847,333757.8116430077,0.0,188006.4211237,521764.23276670766
292,9868.485948,0.0,0.0,0.0,9868.485948,40.0,333687.4377260488,0.0,187518.7509991197,521206.18872516847,333757.8116430077,0.0,188006.4211237,521764.23276670766
293,9872.113427,0.0,0.0,0.0,9872.113427,40.0,333687.4377260488,0.0,187518.7509991197,521206.18872516847,333757.8116430077,0.0,188006.4211237,521764.23276670766
294,9875.116308,0.004335,0.0,0.0,9875.111973000001,40.0,333687.4377260488,0.0,187518.7509991197,521206.18872516847,333757.8116430077,0.0,188006.4211237,521764.23276670766
295,9878.119189,0.013001,0.0,0.0,9878.106188,40.0,333687.4377260488,0.0,187518.7509991197,521206.18872516847,333757.8116430077,0.0,188006.4211237,521764.23276670766
296,9881.122069,0.020908000000000003,0.0,0.0,9881.101160999999,40.0,333687.4377260488,0.0,187518.7509991197,521206.18872516847,333757.8116430077,0.0,188006.4211237,521764.23276670766
297,9884.12495,0.029013,0.0,0.0,9884.095937,40.0,333687.4377260488,0.0,187518.7509991197,521206.18872516847,333757.8116430077,0.0,188006.4211237,521764.23276670766
298,9886.799869,0.033664,0.0,0.0,9886.766205,40.0,333687.4377260488,0.0,187518.7509991197,521206.18872516847,333757.8116430077,0.0,188006.4211237,521764.23276670766
299,9888.80179,0.0368,0.0,0.0,9888.76499,40.0,333687.4377260488,0.0,187518.7509991197,521206.18872516847,333757.8116430077,0.0,188006.4211237,521764.23276670766
300,9890.80371,0.038277,0.0,0.0,9890.765433,40.0,333687.4377260488,0.0,187518.7509991197,521206.18872516847,333757.8116430077,0.0,188006.4211237,521764.23276670766
301,9892.80563,0.037476999999999996,0.0,0.0,9892.768153,40.0,333687.4377260488,0.0,187518.7509991197,521206.18872516847,333757.8116430077,0.0,188006.4211237,521764.23276670766
302,9894.807551,0.033044,0.0,0.0,9894.774507,40.0,333687.4377260488,0.0,187518.7509991197,521206.18872516847,333757.8116430077,0.0,188006.4211237,521764.23276670766
303,9896.949841,0.025522,0.0,0.0,9896.924319,40.0,333687.4377260488,0.0,187518.7509991197,521206.18872516847,333757.8116430077,0.0,188006.4211237,521764.23276670766
304,9899.75253,0.015521000000000002,0.0,0.0,9899.737009,40.0,333687.4377260488,0.0,187518.7509991197,521206.18872516847,333757.8116430077,0.0,188006.4211237,521764.23276670766
305,9902.555218,0.003994,0.0,0.0,9902.551223999999,40.0,333687.4377260488,0.0,187518.7509991197,521206.18872516847,333757.8116430077,0.0,188006.4211237,521764.23276670766
306,9905.357907,0.0,0.0,0.0,9905.357907,40.0,333687.4377260488,0.0,187518.7509991197,521206.18872516847,333757.8116430077,0.0,188006.4211237,521764.23276670766
307,9908.160596,0.0,0.0,0.0,9908.160596,40.0,333687.4377260488,0.0,187518.7509991197,521206.18872516847,333757.8116430077,0.0,188006.4211237,521764.23276670766
308,9911.000025,0.0,0.0,0.0,9911.000025,40.0,333687.4377260488,0.0,187518.7509991197,521206.18872516847,333757.8116430077,0.0,188006.4211237,521764.23276670766
309,9915.40425,0.0,0.0,0.0,9915.40425,40.0,333687.4377260488,0.0,187518.7509991197,521206.18872516847,333757.8116430077,0.0,188006.4211237,521764.23276670766
310,9919.808475,0.0,0.0,0.0,9919.808475,40.0,333687.4377260488,0.0,187518.7509991197,521206.18872516847,333757.8116430077,0.0,188006.4211237,521764.23276670766
311,9924.2127,0.0,0.0,0.0,9924.2127,40.0,333687.4377260488,0.0,187518.7509991197,521206.18872516847,333757.8116430077,0.0,188006.4211237,521764.23276670766
312,9928.616925,0.0,0.0,0.0,9928.616925,40.0,333687.4377260488,0.0,187518.7509991197,521206.18872516847,333757.8116430077,0.0,188006.4211237,521764.23276670766
313,9933.02115,0.0,0.0,0.0,9933.02115,40.0,333687.4377260488,0.0,187518.7509991197,521206.18872516847,333757.8116430077,0.0,188006.4211237,521764.23276670766
314,9937.076806,0.0,0.0,0.0,9937.076806,40.0,333687.4377260488,0.0,187518.7509991197,521206.18872516847,333757.8116430077,0.0,188006.4211237,521764.23276670766
315,9941.080647,0.0,0.0,0.0,9941.080647,40.0,333687.4377260488,0.0,187518.7509991197,521206.18872516847,333757.8116430077,0.0,188006.4211237,521764.23276670766
316,9945.084487,0.0,0.0,0.0,9945.084487,40.0,333687.4377260488,0.0,187518.7509991197,521206.18872516847,333757.8116430077,0.0,188006.4211237,521764.23276670766
317,9949.088328,0.0,0.0,0.0,9949.088328,40.0,333687.4377260488,0.0,187518.7509991197,521206.18872516847,333757.8116430077,0.0,188006.4211237,521764.23276670766
318,9953.092169,0.0034630000000000004,0.0,0.0,9953.088706,40.0,333687.4377260488,0.0,187518.7509991197,521206.18872516847,333757.8116430077,0.0,188006.4211237,521764.23276670766
319,9957.09601,0.009106999999999999,0.0,0.0,9957.086903,40.0,333687.4377260488,0.0,187518.7509991197,521206.18872516847,333757.8116430077,0.0,188006.4211237,521764.23276670766
320,9961.099851,0.016071000000000002,0.0,0.0,9961.08378,40.0,333687.4377260488,0.0,187518.7509991197,521206.18872516847,333757.8116430077,0.0,188006.4211237,521764.23276670766
321,9965.103692,0.02842,0.0,0.0,9965.075272,40.0,333687.4377260488,0.0,187518.7509991197,521206.18872516847,333757.8116430077,0.0,188006.4211237,521764.23276670766
322,9969.107533,0.028684,0.0,0.0,9969.078849,40.0,333687.4377260488,0.0,187518.7509991197,521206.18872516847,333757.8116430077,0.0,188006.4211237,521764.23276670766
323,9973.111374,0.035032,0.0,0.0,9973.076342,40.0,333687.4377260488,0.0,187518.7509991197,521206.18872516847,333757.8116430077,0.0,188006.4211237,521764.23276670766
324,9977.001929,0.026069,0.0,0.0,9976.97586,40.0,333687.4377260488,0.0,187518.7509991197,521206.18872516847,333757.8116430077,0.0,188006.4211237,521764.23276670766
325,9980.805578,0.026547,0.0,0.0,9980.779031,40.0,333687.4377260488,0.0,187518.7509991197,521206.18872516847,333757.8116430077,0.0,188006.4211237,521764.23276670766
326,9984.609227,0.02018,0.0,0.0,9984.589047000001,40.0,333687.4377260488,0.0,187518.7509991197,521206.18872516847,333757.8116430077,0.0,188006.4211237,521764.23276670766
327,9988.412876,0.011624,0.0,0.0,9988.401252,40.0,333687.4377260488,0.0,187518.7509991197,521206.18872516847,333757.8116430077,0.0,188006.4211237,521764.23276670766
328,9992.216525,0.011555,0.0,0.0,9992.20497,40.0,333687.4377260488,0.0,187518.7509991197,521206.18872516847,333757.8116430077,0.0,188006.4211237,521764.23276670766
329,9996.185744,0.001729,0.0,0.0,9996.184015,40.0,333687.4377260488,0.0,187518.7509991197,521206.18872516847,333757.8116430077,0.0,188006.4211237,521764.23276670766
330,10000.38978,0.0,0.0,0.0,10000.38978,40.0,333687.4377260488,0.0,187518.7509991197,521206.18872516847,333757.8116430077,0.0,188006.4211237,521764.23276670766
331,10004.59381,0.0,0.0,0.0,10004.59381,40.0,333687.4377260488,0.0,187518.7509991197,521206.18872516847,333757.8116430077,0.0,188006.4211237,521764.23276670766
332,10008.79784,0.0,0.0,0.0,10008.79784,40.0,333687.4377260488,0.0,187518.7509991197,521206.18872516847,333757.8116430077,0.0,188006.4211237,521764.23276670766
333,10013.00188,0.0,0.0,0.0,10013.00188,40.0,333687.4377260488,0.0,187518.7509991197,521206.18872516847,333757.8116430077,0.0,188006.4211237,521764.23276670766
334,10017.10134,0.0,0.0,0.0,10017.10134,40.0,333687.4377260488,0.0,187518.7509991197,521206.18872516847,333757.8116430077,0.0,188006.4211237,521764.23276670766
335,10020.90499,0.0,0.0,0.0,10020.90499,40.0,333687.4377260488,0.0,187518.7509991197,521206.18872516847,333757.8116430077,0.0,188006.4211237,521764.23276670766
336,10024.70864,0.0,0.0,0.0,10024.70864,40.0,333687.4377260488,0.0,187518.7509991197,521206.18872516847,333757.8116430077,0.0,188006.4211237,521764.23276670766
337,10028.51228,0.0,0.0,0.0,10028.51228,40.0,333687.4377260488,0.0,187518.7509991197,521206.18872516847,333757.8116430077,0.0,188006.4211237,521764.23276670766
338,10032.31593,0.0,0.0,0.0,10032.31593,40.0,333687.4377260488,0.0,187518.7509991197,521206.18872516847,333757.8116430077,0.0,188006.4211237,521764.23276670766
339,10036.0978,0.0,0.0,0.0,10036.0978,40.0,333687.4377260488,0.0,187518.7509991197,521206.18872516847,333757.8116430077,0.0,188006.4211237,521764.23276670766
340,10039.70125,0.0,133.316030966667,0.0,10173.017280966667,157.318107250667,333687.4377260488,0.0,187518.7509991197,521206.18872516847,333757.8116430077,0.0,188006.4211237,521764.23276670766
341,10043.30471,0.0,230.320332669697,0.0,10273.625042669697,360.0,333687.4377260488,0.0,187518.7509991197,521206.18872516847,333757.8116430077,0.0,188006.4211237,521764.23276670766
342,10046.90817,0.003556,0.0,320.0,9726.904614000001,40.0,333687.4377260488,0.0,187518.7509991197,521206.18872516847,333757.8116430077,0.0,188006.4211237,521764.23276670766
343,10050.51162,0.013407,0.0,0.0,10050.498212999999,40.0,333687.4377260488,0.0,187518.7509991197,521206.18872516847,333757.8116430077,0.0,188006.4211237,521764.23276670766
344,10054.11508,0.007524,0.0,0.0,10054.107555999999,40.0,333687.4377260488,0.0,187518.7509991197,521206.18872516847,333757.8116430077,0.0,188006.4211237,521764.23276670766
345,10057.91002,0.026164000000000003,0.0,0.0,10057.883855999999,40.0,333687.4377260488,0.0,187518.7509991197,521206.18872516847,333757.8116430077,0.0,188006.4211237,521764.23276670766
346,10061.71366,0.008536,0.0,0.0,10061.705124,40.0,333687.4377260488,0.0,187518.7509991197,521206.18872516847,333757.8116430077,0.0,188006.4211237,521764.23276670766
347,10065.51731,0.0069240000000000005,0.0,0.0,10065.510386,40.0,333687.4377260488,0.0,187518.7509991197,521206.18872516847,333757.8116430077,0.0,188006.4211237,521764.23276670766
348,10069.32096,0.028251000000000002,0.0,0.0,10069.292709,40.0,333687.4377260488,0.0,187518.7509991197,521206.18872516847,333757.8116430077,0.0,188006.4211237,521764.23276670766
349,10073.12461,0.009755000000000002,0.0,0.0,10073.114855000002,40.0,333687.4377260488,0.0,187518.7509991197,521206.18872516847,333757.8116430077,0.0,188006.4211237,521764.23276670766
350,10077.08924,0.01278,0.0,0.0,10077.07646,40.0,333687.4377260488,0.0,187518.7509991197,521206.18872516847,333757.8116430077,0.0,188006.4211237,521764.23276670766
351,10081.09308,0.026492,175.091983966667,0.0,10256.158571966667,194.080945890667,333687.4377260488,0.0,187518.7509991197,521206.18872516847,333757.8116430077,0.0,188006.4211237,521764.23276670766
352,10085.09692,0.016257,188.544379669696,0.0,10273.625042669697,360.0,333687.4377260488,0.0,187518.7509991197,521206.18872516847,333757.8116430077,0.0,188006.4211237,521764.23276670766
353,10089.10076,0.004526,0.0,320.0,9769.096233999999,40.0,333687.4377260488,0.0,187518.7509991197,521206.18872516847,333757.8116430077,0.0,188006.4211237,521764.23276670766
354,10093.1046,0.0,0.0,0.0,10093.1046,40.0,333687.4377260488,0.0,187518.7509991197,521206.18872516847,333757.8116430077,0.0,188006.4211237,521764.23276670766
355,10095.80366,0.0,0.0,0.0,10095.80366,40.0,333687.4377260488,0.0,187518.7509991197,521206.18872516847,333757.8116430077,0.0,188006.4211237,521764.23276670766
356,10097.80558,0.0,0.0,0.0,10097.80558,40.0,333687.4377260488,0.0,187518.7509991197,521206.18872516847,333757.8116430077,0.0,188006.4211237,521764.23276670766
357,10099.8075,0.0,0.0,0.0,10099.8075,40.0,333687.4377260488,0.0,187518.7509991197,521206.18872516847,333757.8116430077,0.0,188006.4211237,521764.23276670766
358,10101.80942,0.0,0.0,0.0,10101.80942,40.0,333687.4377260488,0.0,187518.7509991197,521206.18872516847,333757.8116430077,0.0,188006.4211237,521764.23276670766
359,10103.81134,0.0,0.0,0.0,10103.81134,40.0,333687.4377260488,0.0,187518.7509991197,521206.18872516847,333757.8116430077,0.0,188006.4211237,521764.23276670766
360,10106.01322,0.0,0.0,0.0,10106.01322,40.0,333687.4377260488,0.0,187518.7509991197,521206.18872516847,333757.8116430077,0.0,188006.4211237,521764.23276670766
361,10108.41552,0.0,0.0,0.0,10108.41552,40.0,333687.4377260488,0.0,187518.7509991197,521206.18872516847,333757.8116430077,0.0,188006.4211237,521764.23276670766
362,10110.81783,0.0,0.0,0.0,10110.81783,40.0,333687.4377260488,0.0,187518.7509991197,521206.18872516847,333757.8116430077,0.0,188006.4211237,521764.23276670766
363,10113.22013,0.0,49.8250282969655,0.0,10163.045158296965,83.8460249013297,333687.4377260488,0.0,187518.7509991197,521206.18872516847,333757.8116430077,0.0,188006.4211237,521764.23276670766
364,10115.62244,0.0,158.002602669698,0.0,10273.625042669697,222.888315250664,333687.4377260488,0.0,187518.7509991197,521206.18872516847,333757.8116430077,0.0,188006.4211237,521764.23276670766
365,10117.81631,0.0,155.808732669697,0.0,10273.625042669697,360.0,333687.4377260488,0.0,187518.7509991197,521206.18872516847,333757.8116430077,0.0,188006.4211237,521764.23276670766
366,10119.61804,0.0036920000000000004,0.0,320.0,9799.614348,40.0,333687.4377260488,0.0,187518.7509991197,521206.18872516847,333757.8116430077,0.0,188006.4211237,521764.23276670766
367,10121.41976,0.014328,0.0,0.0,10121.405432000001,40.0,333687.4377260488,0.0,187518.7509991197,521206.18872516847,333757.8116430077,0.0,188006.4211237,521764.23276670766
368,10123.22149,0.022334,0.0,0.0,10123.199156,40.0,333687.4377260488,0.0,187518.7509991197,521206.18872516847,333757.8116430077,0.0,188006.4211237,521764.23276670766
369,10125.02322,0.032813,0.0,0.0,10124.990407,40.0,333687.4377260488,0.0,187518.7509991197,521206.18872516847,333757.8116430077,0.0,188006.4211237,521764.23276670766
370,10126.78597,0.039221,0.0,0.0,10126.746749,40.0,333687.4377260488,0.0,187518.7509991197,521206.18872516847,333757.8116430077,0.0,188006.4211237,521764.23276670766
371,10128.38751,0.039306,0.0,0.0,10128.348204,40.0,333687.4377260488,0.0,187518.7509991197,521206.18872516847,333757.8116430077,0.0,188006.4211237,521764.23276670766
372,10129.98904,0.040628000000000004,0.0,0.0,10129.948412,40.0,333687.4377260488,0.0,187518.7509991197,521206.18872516847,333757.8116430077,0.0,188006.4211237,521764.23276670766
373,10131.59058,0.038714,0.0,0.0,10131.551866,40.0,333687.4377260488,0.0,187518.7509991197,521206.18872516847,333757.8116430077,0.0,188006.4211237,521764.23276670766
374,10133.19212,0.032424,87.7522032969699,0.0,10220.911899296969,117.221938901333,333687.4377260488,0.0,187518.7509991197,521206.18872516847,333757.8116430077,0.0,188006.4211237,521764.23276670766
375,10134.80213,0.025061,138.847973669697,0.0,10273.625042669697,239.408155730667,333687.4377260488,0.0,187518.7509991197,521206.18872516847,333757.8116430077,0.0,188006.4211237,521764.23276670766
376,10136.60386,0.015004,137.036186669699,0.0,10273.625042669697,360.0,333687.4377260488,0.0,187518.7509991197,521206.18872516847,333757.8116430077,0.0,188006.4211237,521764.23276670766
377,10138.40559,0.0045119999999999995,0.0,320.0,9818.401078,40.0,333687.4377260488,0.0,187518.7509991197,521206.18872516847,333757.8116430077,0.0,188006.4211237,521764.23276670766
378,10140.20732,0.0,0.0,0.0,10140.20732,40.0,333687.4377260488,0.0,187518.7509991197,521206.18872516847,333757.8116430077,0.0,188006.4211237,521764.23276670766
379,10142.00904,0.0,0.0,0.0,10142.00904,40.0,333687.4377260488,0.0,187518.7509991197,521206.18872516847,333757.8116430077,0.0,188006.4211237,521764.23276670766
380,10143.81077,0.0,0.0,0.0,10143.81077,40.0,333687.4377260488,0.0,187518.7509991197,521206.18872516847,333757.8116430077,0.0,188006.4211237,521764.23276670766
381,10145.6125,0.0,0.0,0.0,10145.6125,40.0,333687.4377260488,0.0,187518.7509991197,521206.18872516847,333757.8116430077,0.0,188006.4211237,521764.23276670766
382,10147.41423,0.0,0.0,0.0,10147.41423,40.0,333687.4377260488,0.0,187518.7509991197,521206.18872516847,333757.8116430077,0.0,188006.4211237,521764.23276670766
383,10149.21596,0.0,0.0,0.0,10149.21596,40.0,333687.4377260488,0.0,187518.7509991197,521206.18872516847,333757.8116430077,0.0,188006.4211237,521764.23276670766
384,10151.01769,0.0,0.0,0.0,10151.01769,40.0,333687.4377260488,0.0,187518.7509991197,521206.18872516847,333757.8116430077,0.0,188006.4211237,521764.23276670766
385,10152.81941,0.0,0.0,0.0,10152.81941,40.0,333687.4377260488,0.0,187518.7509991197,521206.18872516847,333757.8116430077,0.0,188006.4211237,521764.23276670766
386,10154.47347,0.0,15.7908656272742,0.0,10170.264335627275,53.8959617520013,333687.4377260488,0.0,187518.7509991197,521206.18872516847,333757.8116430077,0.0,188006.4211237,521764.23276670766
387,10156.07501,0.0,117.550032669697,0.0,10273.625042669697,157.339990501334,333687.4377260488,0.0,187518.7509991197,521206.18872516847,333757.8116430077,0.0,188006.4211237,521764.23276670766
388,10157.67654,0.0,115.948502669697,0.0,10273.625042669697,259.374672850667,333687.4377260488,0.0,187518.7509991197,521206.18872516847,333757.8116430077,0.0,188006.4211237,521764.23276670766
389,10159.27808,0.0,114.346962669697,0.0,10273.625042669697,360.0,333687.4377260488,0.0,187518.7509991197,521206.18872516847,333757.8116430077,0.0,188006.4211237,521764.23276670766
390,10160.87962,0.00315,0.0,313.7602615,9847.1162085,46.2397385000004,333687.4377260488,0.0,187518.7509991197,521206.18872516847,333757.8116430077,0.0,188006.4211237,521764.23276670766
391,10162.24681,0.014750000000000001,0.0,0.0,10162.23206,46.2397385000004,333687.4377260488,0.0,187518.7509991197,521206.18872516847,333757.8116430077,0.0,188006.4211237,521764.23276670766
392,10163.44796,0.023933,0.0,0.0,10163.424027,46.2397385000004,333687.4377260488,0.0,187518.7509991197,521206.18872516847,333757.8116430077,0.0,188006.4211237,521764.23276670766
393,10164.64912,0.032184,0.0,0.884081166666874,10163.732854833333,45.3556573333335,333687.4377260488,0.0,187518.7509991197,521206.18872516847,333757.8116430077,0.0,188006.4211237,521764.23276670766
394,10165.85027,0.03870900000000001,0.0,2.07870616666696,10163.732854833333,43.2769511666665,333687.4377260488,0.0,187518.7509991197,521206.18872516847,333757.8116430077,0.0,188006.4211237,521764.23276670766
395,10167.05142,0.041614,0.0,3.27695116666655,10163.732854833333,40.0,333687.4377260488,0.0,187518.7509991197,521206.18872516847,333757.8116430077,0.0,188006.4211237,521764.23276670766
396,10168.25257,0.041107,0.0,0.0,10168.211463000001,40.0,333687.4377260488,0.0,187518.7509991197,521206.18872516847,333757.8116430077,0.0,188006.4211237,521764.23276670766
397,10169.45373,0.039557,58.2728436272729,0.0,10227.687016627273,91.2801023920001,333687.4377260488,0.0,187518.7509991197,521206.18872516847,333757.8116430077,0.0,188006.4211237,521764.23276670766
398,10170.65488,0.015104,102.985266669697,0.0,10273.625042669697,181.907137061333,333687.4377260488,0.0,187518.7509991197,521206.18872516847,333757.8116430077,0.0,188006.4211237,521764.23276670766
399,10171.85603,0.026082,101.795094669696,0.0,10273.625042669697,271.486820370666,333687.4377260488,0.0,187518.7509991197,521206.18872516847,333757.8116430077,0.0,188006.4211237,521764.23276670766
400,10173.05718,0.015295999999999999,100.583158669697,0.0,10273.625042669697,360.0,333687.4377260488,0.0,187518.7509991197,521206.18872516847,333757.8116430077,0.0,188006.4211237,521764.23276670766
401,10174.31451,0.004348,0.0,279.8469845,9894.4631775,80.1530155,333687.4377260488,0.0,187518.7509991197,521206.18872516847,333757.8116430077,0.0,188006.4211237,521764.23276670766
402,10175.71585,0.0,0.0,11.982995166667,10163.732854833333,68.170020333333,333687.4377260488,0.0,187518.7509991197,521206.18872516847,333757.8116430077,0.0,188006.4211237,521764.23276670766
403,10177.11719,0.0,0.0,13.3843351666674,10163.732854833333,54.7856851666656,333687.4377260488,0.0,187518.7509991197,521206.18872516847,333757.8116430077,0.0,188006.4211237,521764.23276670766
404,10178.51854,0.0,0.0,14.7856851666656,10163.732854833333,40.0,333687.4377260488,0.0,187518.7509991197,521206.18872516847,333757.8116430077,0.0,188006.4211237,521764.23276670766
405,10179.91988,0.0,0.0,0.0,10179.91988,40.0,333687.4377260488,0.0,187518.7509991197,521206.18872516847,333757.8116430077,0.0,188006.4211237,521764.23276670766
406,10181.26988,0.0,0.0,0.0,10181.26988,40.0,333687.4377260488,0.0,187518.7509991197,521206.18872516847,333757.8116430077,0.0,188006.4211237,521764.23276670766
407,10182.27084,0.0,0.0,0.0,10182.27084,40.0,333687.4377260488,0.0,187518.7509991197,521206.18872516847,333757.8116430077,0.0,188006.4211237,521764.23276670766
408,10183.2718,0.0,0.0,0.0,10183.2718,40.0,333687.4377260488,0.0,187518.7509991197,521206.18872516847,333757.8116430077,0.0,188006.4211237,521764.23276670766
409,10184.27276,0.0,17.4186829575857,0.0,10201.691442957586,55.3284410026754,333687.4377260488,0.0,187518.7509991197,521206.18872516847,333757.8116430077,0.0,188006.4211237,521764.23276670766
410,10185.27372,0.0,88.3513226696978,0.0,10273.625042669697,133.077604952009,333687.4377260488,0.0,187518.7509991197,521206.18872516847,333757.8116430077,0.0,188006.4211237,521764.23276670766
411,10186.27468,0.0,87.3503626696861,0.0,10273.625042669686,209.945924101333,333687.4377260488,0.0,187518.7509991197,521206.18872516847,333757.8116430077,0.0,188006.4211237,521764.23276670766
412,10187.66637,0.0,85.9586726696962,0.0,10273.625042669697,285.589556050666,333687.4377260488,0.0,187518.7509991197,521206.18872516847,333757.8116430077,0.0,188006.4211237,521764.23276670766
413,10189.06772,0.0,84.5573226696979,0.0,10273.625042669697,360.0,333687.4377260488,0.0,187518.7509991197,521206.18872516847,333757.8116430077,0.0,188006.4211237,521764.23276670766
414,10190.46906,0.004982,0.0,165.436363166674,10025.027714833324,194.563636833333,333687.4377260488,0.0,187518.7509991197,521206.18872516847,333757.8116430077,0.0,188006.4211237,521764.23276670766
415,10191.87041,0.009467000000000001,0.0,28.1280881666662,10163.732854833333,166.435548666666,333687.4377260488,0.0,187518.7509991197,521206.18872516847,333757.8116430077,0.0,188006.4211237,521764.23276670766
416,10193.27175,0.024464,0.0,29.5144311666663,10163.732854833333,136.9211175,333687.4377260488,0.0,187518.7509991197,521206.18872516847,333757.8116430077,0.0,188006.4211237,521764.23276670766
417,10194.67309,0.029817,0.0,30.9104181666662,10163.732854833333,106.010699333334,333687.4377260488,0.0,187518.7509991197,521206.18872516847,333757.8116430077,0.0,188006.4211237,521764.23276670766
418,10196.07444,0.032144,0.0,32.3094411666661,10163.732854833333,73.7012581666677,333687.4377260488,0.0,187518.7509991197,521206.18872516847,333757.8116430077,0.0,188006.4211237,521764.23276670766
419,10197.47578,0.041667,0.0,33.7012581666677,10163.732854833333,40.0,333687.4377260488,0.0,187518.7509991197,521206.18872516847,333757.8116430077,0.0,188006.4211237,521764.23276670766
420,10198.87713,0.041667,74.7895796696957,0.0,10273.625042669697,105.814830109332,333687.4377260488,0.0,187518.7509991197,521206.18872516847,333757.8116430077,0.0,188006.4211237,521764.23276670766
421,10200.27847,0.039106,73.3856786696979,0.0,10273.625042669697,170.394227338666,333687.4377260488,0.0,187518.7509991197,521206.18872516847,333757.8116430077,0.0,188006.4211237,521764.23276670766
422,10201.54545,0.03458700000000001,72.1141796697016,0.0,10273.6250426697,233.854705448004,333687.4377260488,0.0,187518.7509991197,521206.18872516847,333757.8116430077,0.0,188006.4211237,521764.23276670766
423,10202.7466,0.020001,70.8984436696974,0.0,10273.625042669697,296.245335877337,333687.4377260488,0.0,187518.7509991197,521206.18872516847,333757.8116430077,0.0,188006.4211237,521764.23276670766
424,10203.94776,0.009997,69.6872796696971,0.0,10273.625042669697,357.570141986671,333687.4377260488,0.0,187518.7509991197,521206.18872516847,333757.8116430077,0.0,188006.4211237,521764.23276670766
425,10205.14891,0.001147,0.0,187.33882648667,10017.80893651333,170.231315500001,333687.4377260488,0.0,187518.7509991197,521206.18872516847,333757.8116430077,0.0,188006.4211237,521764.23276670766
426,10206.35006,0.0,0.0,42.6172051666672,10163.732854833333,127.614110333334,333687.4377260488,0.0,187518.7509991197,521206.18872516847,333757.8116430077,0.0,188006.4211237,521764.23276670766
427,10207.23962,0.0,0.0,43.5067651666668,10163.732854833333,84.1073451666671,333687.4377260488,0.0,187518.7509991197,521206.18872516847,333757.8116430077,0.0,188006.4211237,521764.23276670766
428,10207.8402,0.0,0.0,44.1073451666671,10163.732854833333,40.0,333687.4377260488,0.0,187518.7509991197,521206.18872516847,333757.8116430077,0.0,188006.4211237,521764.23276670766
429,10208.44077,0.0,0.0,0.0,10208.44077,40.0,333687.4377260488,0.0,187518.7509991197,521206.18872516847,333757.8116430077,0.0,188006.4211237,521764.23276670766
430,10209.04135,0.0,0.0,0.0,10209.04135,40.0,333687.4377260488,0.0,187518.7509991197,521206.18872516847,333757.8116430077,0.0,188006.4211237,521764.23276670766
431,10209.64192,0.0,0.0,0.0,10209.64192,40.0,333687.4377260488,0.0,187518.7509991197,521206.18872516847,333757.8116430077,0.0,188006.4211237,521764.23276670766
432,10210.31587,0.0,59.1020002878792,0.0,10269.41787028788,92.0097602533337,333687.4377260488,0.0,187518.7509991197,521206.18872516847,333757.8116430077,0.0,188006.4211237,521764.23276670766
433,10211.11663,0.0,62.5084126696966,0.0,10273.625042669697,147.017163402667,333687.4377260488,0.0,187518.7509991197,521206.18872516847,333757.8116430077,0.0,188006.4211237,521764.23276670766
434,10211.9174,0.0,61.7076426696967,0.0,10273.625042669697,201.319888952,333687.4377260488,0.0,187518.7509991197,521206.18872516847,333757.8116430077,0.0,188006.4211237,521764.23276670766
435,10212.71817,0.0,60.9068726696969,0.0,10273.625042669697,254.917936901333,333687.4377260488,0.0,187518.7509991197,521206.18872516847,333757.8116430077,0.0,188006.4211237,521764.23276670766
436,10213.51894,0.0,60.1061026696971,0.0,10273.625042669697,307.811307250666,333687.4377260488,0.0,187518.7509991197,521206.18872516847,333757.8116430077,0.0,188006.4211237,521764.23276670766
437,10214.31971,0.0,59.3053326696972,0.0,10273.625042669697,360.0,333687.4377260488,0.0,187518.7509991197,521206.18872516847,333757.8116430077,0.0,188006.4211237,521764.23276670766
438,10215.12047,0.004372,0.0,51.3832431666669,10163.732854833333,308.616756833333,333687.4377260488,0.0,187518.7509991197,521206.18872516847,333757.8116430077,0.0,188006.4211237,521764.23276670766
439,10215.92124,0.014343999999999999,0.0,52.1740411666669,10163.732854833333,256.442715666666,333687.4377260488,0.0,187518.7509991197,521206.18872516847,333757.8116430077,0.0,188006.4211237,521764.23276670766
440,10216.72201,0.024483,0.0,52.9646721666674,10163.732854833333,203.478043499996,333687.4377260488,0.0,187518.7509991197,521206.18872516847,333757.8116430077,0.0,188006.4211237,521764.23276670766
441,10217.52278,0.010888,0.0,53.7790371666651,10163.732854833333,149.699006333332,333687.4377260488,0.0,187518.7509991197,521206.18872516847,333757.8116430077,0.0,188006.4211237,521764.23276670766
442,10218.31118,0.016557,0.0,54.5617681666663,10163.732854833333,95.1372381666679,333687.4377260488,0.0,187518.7509991197,521206.18872516847,333757.8116430077,0.0,188006.4211237,521764.23276670766
443,10218.91176,0.041667,0.0,55.1372381666679,10163.732854833333,40.0,333687.4377260488,0.0,187518.7509991197,521206.18872516847,333757.8116430077,0.0,188006.4211237,521764.23276670766
444,10219.51233,0.041344,54.1540566696967,0.0,10273.625042669697,87.6555698693331,333687.4377260488,0.0,187518.7509991197,521206.18872516847,333757.8116430077,0.0,188006.4211237,521764.23276670766
445,10220.11291,0.036904000000000006,53.5490366696977,0.0,10273.625042669697,134.778722138666,333687.4377260488,0.0,187518.7509991197,521206.18872516847,333757.8116430077,0.0,188006.4211237,521764.23276670766
446,10220.71349,0.035299,52.9468516696961,0.0,10273.625042669697,181.371951607997,333687.4377260488,0.0,187518.7509991197,521206.18872516847,333757.8116430077,0.0,188006.4211237,521764.23276670766
447,10221.31406,0.026208,52.3371906696957,0.0,10273.625042669697,227.428679397329,333687.4377260488,0.0,187518.7509991197,521206.18872516847,333757.8116430077,0.0,188006.4211237,521764.23276670766
448,10221.55053,0.015874,52.0903866696972,0.0,10273.625042669697,273.268219666665,333687.4377260488,0.0,187518.7509991197,521206.18872516847,333757.8116430077,0.0,188006.4211237,521764.23276670766
449,10221.75072,0.004357000000000001,0.0,58.0135081666667,10163.732854833333,215.254711499998,333687.4377260488,0.0,187518.7509991197,521206.18872516847,333757.8116430077,0.0,188006.4211237,521764.23276670766
450,10221.95091,2.4e-05,0.0,58.2180311666652,10163.732854833333,157.036680333333,333687.4377260488,0.0,187518.7509991197,521206.18872516847,333757.8116430077,0.0,188006.4211237,521764.23276670766
451,10222.1511,0.0,0.0,58.4182451666657,10163.732854833333,98.618435166667,333687.4377260488,0.0,187518.7509991197,521206.18872516847,333757.8116430077,0.0,188006.4211237,521764.23276670766
452,10222.35129,0.0,0.0,58.618435166667,10163.732854833333,40.0,333687.4377260488,0.0,187518.7509991197,521206.18872516847,333757.8116430077,0.0,188006.4211237,521764.23276670766
453,10222.55149,0.0,0.0,0.0,10222.55149,40.0,333687.4377260488,0.0,187518.7509991197,521206.18872516847,333757.8116430077,0.0,188006.4211237,521764.23276670766
454,10222.75168,0.0,0.0,0.0,10222.75168,40.0,333687.4377260488,0.0,187518.7509991197,521206.18872516847,333757.8116430077,0.0,188006.4211237,521764.23276670766
455,10222.95187,0.0,0.0,0.0,10222.95187,40.0,333687.4377260488,0.0,187518.7509991197,521206.18872516847,333757.8116430077,0.0,188006.4211237,521764.23276670766
456,10223.15206,0.0,0.0,0.0,10223.15206,40.0,333687.4377260488,0.0,187518.7509991197,521206.18872516847,333757.8116430077,0.0,188006.4211237,521764.23276670766
457,10223.35225,0.0,0.0,0.0,10223.35225,40.0,333687.4377260488,0.0,187518.7509991197,521206.18872516847,333757.8116430077,0.0,188006.4211237,521764.23276670766
458,10223.55245,0.0,0.0,0.0,10223.55245,40.0,333687.4377260488,0.0,187518.7509991197,521206.18872516847,333757.8116430077,0.0,188006.4211237,521764.23276670766
459,10223.75264,0.0,0.0,0.0,10223.75264,40.0,333687.4377260488,0.0,187518.7509991197,521206.18872516847,333757.8116430077,0.0,188006.4211237,521764.23276670766
460,10223.95283,0.0,0.0,0.0,10223.95283,40.0,333687.4377260488,0.0,187518.7509991197,521206.18872516847,333757.8116430077,0.0,188006.4211237,521764.23276670766
461,10224.15302,0.0,0.0,0.0,10224.15302,40.0,333687.4377260488,0.0,187518.7509991197,521206.18872516847,333757.8116430077,0.0,188006.4211237,521764.23276670766
462,10224.35321,0.00435,0.0,0.0,10224.34886,40.0,333687.4377260488,0.0,187518.7509991197,521206.18872516847,333757.8116430077,0.0,188006.4211237,521764.23276670766
463,10224.55341,0.013476000000000002,0.0,0.0,10224.539934,40.0,333687.4377260488,0.0,187518.7509991197,521206.18872516847,333757.8116430077,0.0,188006.4211237,521764.23276670766
464,10224.7536,0.024558,0.0,0.0,10224.729042,40.0,333687.4377260488,0.0,187518.7509991197,521206.18872516847,333757.8116430077,0.0,188006.4211237,521764.23276670766
465,10224.95379,0.0299,0.0,0.0,10224.92389,40.0,333687.4377260488,0.0,187518.7509991197,521206.18872516847,333757.8116430077,0.0,188006.4211237,521764.23276670766
466,10225.15398,0.031702,0.0,0.0,10225.122277999999,40.0,333687.4377260488,0.0,187518.7509991197,521206.18872516847,333757.8116430077,0.0,188006.4211237,521764.23276670766
467,10225.35417,0.038307,0.0,0.0,10225.315863,40.0,333687.4377260488,0.0,187518.7509991197,521206.18872516847,333757.8116430077,0.0,188006.4211237,521764.23276670766
468,10225.49431,0.038836,0.0,0.0,10225.455474,40.0,333687.4377260488,0.0,187518.7509991197,521206.18872516847,333757.8116430077,0.0,188006.4211237,521764.23276670766
469,10225.49431,0.036095,0.0,0.0,10225.458215,40.0,333687.4377260488,0.0,187518.7509991197,521206.18872516847,333757.8116430077,0.0,188006.4211237,521764.23276670766
470,10225.49431,0.032808000000000004,0.0,0.0,10225.461502,40.0,333687.4377260488,0.0,187518.7509991197,521206.18872516847,333757.8116430077,0.0,188006.4211237,521764.23276670766
471,10225.49431,0.024822,0.0,0.0,10225.469488,40.0,333687.4377260488,0.0,187518.7509991197,521206.18872516847,333757.8116430077,0.0,188006.4211237,521764.23276670766
472,10225.49431,0.014693,0.0,0.0,10225.479617,40.0,333687.4377260488,0.0,187518.7509991197,521206.18872516847,333757.8116430077,0.0,188006.4211237,521764.23276670766
473,10225.49431,0.004563,0.0,0.0,10225.489747,40.0,333687.4377260488,0.0,187518.7509991197,521206.18872516847,333757.8116430077,0.0,188006.4211237,521764.23276670766
474,10225.49431,3e-06,0.0,0.0,10225.494307,40.0,333687.4377260488,0.0,187518.7509991197,521206.18872516847,333757.8116430077,0.0,188006.4211237,521764.23276670766
475,10225.49431,0.0,0.0,0.0,10225.49431,40.0,333687.4377260488,0.0,187518.7509991197,521206.18872516847,333757.8116430077,0.0,188006.4211237,521764.23276670766
476,10225.49431,0.0,0.0,0.0,10225.49431,40.0,333687.4377260488,0.0,187518.7509991197,521206.18872516847,333757.8116430077,0.0,188006.4211237,521764.23276670766
477,10225.49431,0.0,0.0,0.0,10225.49431,40.0,333687.4377260488,0.0,187518.7509991197,521206.18872516847,333757.8116430077,0.0,188006.4211237,521764.23276670766
478,10225.49431,0.0,0.0,0.0,10225.49431,40.0,333687.4377260488,0.0,187518.7509991197,521206.18872516847,333757.8116430077,0.0,188006.4211237,521764.23276670766
479,10224.89656,0.0,0.0,0.0,10224.89656,40.0,333687.4377260488,0.0,187518.7509991197,521206.18872516847,333757.8116430077,0.0,188006.4211237,521764.23276670766
480,10224.29598,0.0,0.0,0.0,10224.29598,40.0,333687.4377260488,0.0,187518.7509991197,521206.18872516847,333757.8116430077,0.0,188006.4211237,521764.23276670766
481,10223.69541,0.0,0.0,0.0,10223.69541,40.0,333687.4377260488,0.0,187518.7509991197,521206.18872516847,333757.8116430077,0.0,188006.4211237,521764.23276670766
482,10223.09483,0.0,0.0,0.0,10223.09483,40.0,333687.4377260488,0.0,187518.7509991197,521206.18872516847,333757.8116430077,0.0,188006.4211237,521764.23276670766
483,10222.49425,0.0,0.0,0.0,10222.49425,40.0,333687.4377260488,0.0,187518.7509991197,521206.18872516847,333757.8116430077,0.0,188006.4211237,521764.23276670766
484,10221.89368,0.0,0.0,0.0,10221.89368,40.0,333687.4377260488,0.0,187518.7509991197,521206.18872516847,333757.8116430077,0.0,188006.4211237,521764.23276670766
485,10221.2931,0.0,0.0,0.0,10221.2931,40.0,333687.4377260488,0.0,187518.7509991197,521206.18872516847,333757.8116430077,0.0,188006.4211237,521764.23276670766
486,10220.69253,0.0036940000000000002,0.0,0.0,10220.688836,40.0,333687.4377260488,0.0,187518.7509991197,521206.18872516847,333757.8116430077,0.0,188006.4211237,521764.23276670766
487,10220.09195,0.011185,0.0,0.0,10220.080765,40.0,333687.4377260488,0.0,187518.7509991197,521206.18872516847,333757.8116430077,0.0,188006.4211237,521764.23276670766
488,10219.49137,0.023603000000000002,0.0,0.0,10219.467767,40.0,333687.4377260488,0.0,187518.7509991197,521206.18872516847,333757.8116430077,0.0,188006.4211237,521764.23276670766
489,10218.8908,0.031521,0.0,0.0,10218.859278999998,40.0,333687.4377260488,0.0,187518.7509991197,521206.18872516847,333757.8116430077,0.0,188006.4211237,521764.23276670766
490,10218.29022,0.035794,0.0,0.0,10218.254426000001,40.0,333687.4377260488,0.0,187518.7509991197,521206.18872516847,333757.8116430077,0.0,188006.4211237,521764.23276670766
491,10217.68964,0.031132000000000003,0.0,0.0,10217.658508,40.0,333687.4377260488,0.0,187518.7509991197,521206.18872516847,333757.8116430077,0.0,188006.4211237,521764.23276670766
492,10217.08907,0.024515000000000002,0.0,0.0,10217.064555,40.0,333687.4377260488,0.0,187518.7509991197,521206.18872516847,333757.8116430077,0.0,188006.4211237,521764.23276670766
493,10216.48849,0.014594,0.0,0.0,10216.473896,40.0,333687.4377260488,0.0,187518.7509991197,521206.18872516847,333757.8116430077,0.0,188006.4211237,521764.23276670766
494,10215.88792,0.014311,0.0,0.0,10215.873608999998,40.0,333687.4377260488,0.0,187518.7509991197,521206.18872516847,333757.8116430077,0.0,188006.4211237,521764.23276670766
495,10215.28734,0.017225,0.0,0.0,10215.270115000001,40.0,333687.4377260488,0.0,187518.7509991197,521206.18872516847,333757.8116430077,0.0,188006.4211237,521764.23276670766
496,10214.68676,0.0074340000000000005,0.0,0.0,10214.679326000001,40.0,333687.4377260488,0.0,187518.7509991197,521206.18872516847,333757.8116430077,0.0,188006.4211237,521764.23276670766
497,10214.08619,0.001974,0.0,0.0,10214.084216,40.0,333687.4377260488,0.0,187518.7509991197,521206.18872516847,333757.8116430077,0.0,188006.4211237,521764.23276670766
498,10213.48561,0.000114,0.0,0.0,10213.485496,40.0,333687.4377260488,0.0,187518.7509991197,521206.18872516847,333757.8116430077,0.0,188006.4211237,521764.23276670766
499,10212.88504,0.0,0.0,0.0,10212.88504,40.0,333687.4377260488,0.0,187518.7509991197,521206.18872516847,333757.8116430077,0.0,188006.4211237,521764.23276670766
500,10212.28446,0.0,0.0,0.0,10212.28446,40.0,333687.4377260488,0.0,187518.7509991197,521206.18872516847,333757.8116430077,0.0,188006.4211237,521764.23276670766
501,10211.68388,0.0,0.0,0.0,10211.68388,40.0,333687.4377260488,0.0,187518.7509991197,521206.18872516847,333757.8116430077,0.0,188006.4211237,521764.23276670766
502,10211.08331,0.0,0.0,0.0,10211.08331,40.0,333687.4377260488,0.0,187518.7509991197,521206.18872516847,333757.8116430077,0.0,188006.4211237,521764.23276670766
503,10210.48273,0.0,0.0,0.0,10210.48273,40.0,333687.4377260488,0.0,187518.7509991197,521206.18872516847,333757.8116430077,0.0,188006.4211237,521764.23276670766
504,10209.88216,0.0,35.8970302878767,0.0,10245.779190287876,71.5893866533315,333687.4377260488,0.0,187518.7509991197,521206.18872516847,333757.8116430077,0.0,188006.4211237,521764.23276670766
505,10209.28158,0.0,64.3434626696998,0.0,10273.6250426697,128.211633802667,333687.4377260488,0.0,187518.7509991197,521206.18872516847,333757.8116430077,0.0,188006.4211237,521764.23276670766
506,10208.681,0.0,64.9440426696965,0.0,10273.625042669697,185.362391352,333687.4377260488,0.0,187518.7509991197,521206.18872516847,333757.8116430077,0.0,188006.4211237,521764.23276670766
507,10208.08043,0.0,65.544612669697,0.0,10273.625042669697,243.041650501334,333687.4377260488,0.0,187518.7509991197,521206.18872516847,333757.8116430077,0.0,188006.4211237,521764.23276670766
508,10207.47985,0.0,66.1451926696973,0.0,10273.625042669697,301.249420050667,333687.4377260488,0.0,187518.7509991197,521206.18872516847,333757.8116430077,0.0,188006.4211237,521764.23276670766
509,10206.86302,0.0,66.7620226696963,0.0,10273.625042669697,360.0,333687.4377260488,0.0,187518.7509991197,521206.18872516847,333757.8116430077,0.0,188006.4211237,521764.23276670766
510,10206.06226,0.003492,0.0,121.259910166669,10084.798857833332,238.740089833331,333687.4377260488,0.0,187518.7509991197,521206.18872516847,333757.8116430077,0.0,188006.4211237,521764.23276670766
511,10205.26149,0.013746000000000001,0.0,41.5148891666668,10163.732854833333,197.225200666664,333687.4377260488,0.0,187518.7509991197,521206.18872516847,333757.8116430077,0.0,188006.4211237,521764.23276670766
512,10204.46072,0.023370000000000002,0.0,40.7044951666649,10163.732854833333,156.520705499999,333687.4377260488,0.0,187518.7509991197,521206.18872516847,333757.8116430077,0.0,188006.4211237,521764.23276670766
513,10203.65995,0.033525,0.0,39.8935701666651,10163.732854833333,116.627135333334,333687.4377260488,0.0,187518.7509991197,521206.18872516847,333757.8116430077,0.0,188006.4211237,521764.23276670766
514,10202.85918,0.039308,0.0,39.0870171666666,10163.732854833333,77.5401181666675,333687.4377260488,0.0,187518.7509991197,521206.18872516847,333757.8116430077,0.0,188006.4211237,521764.23276670766
515,10201.31464,0.041667,0.0,37.5401181666675,10163.732854833333,40.0,333687.4377260488,0.0,187518.7509991197,521206.18872516847,333757.8116430077,0.0,188006.4211237,521764.23276670766
516,10199.71311,0.040805999999999995,51.8619389575675,0.0,10251.534242957567,85.6385062826594,333687.4377260488,0.0,187518.7509991197,521206.18872516847,333757.8116430077,0.0,188006.4211237,521764.23276670766
517,10198.11157,0.037666,75.551138669698,0.0,10273.625042669697,152.123508311994,333687.4377260488,0.0,187518.7509991197,521206.18872516847,333757.8116430077,0.0,188006.4211237,521764.23276670766
518,10196.51003,0.032667,77.147679669697,0.0,10273.625042669697,220.013466421327,333687.4377260488,0.0,187518.7509991197,521206.18872516847,333757.8116430077,0.0,188006.4211237,521764.23276670766
519,10194.9085,0.025443,78.7419856696979,0.0,10273.625042669697,289.306413810661,333687.4377260488,0.0,187518.7509991197,521206.18872516847,333757.8116430077,0.0,188006.4211237,521764.23276670766
520,10193.30696,0.015538,80.3336206696968,0.0,10273.625042669697,360.0,333687.4377260488,0.0,187518.7509991197,521206.18872516847,333757.8116430077,0.0,188006.4211237,521764.23276670766
521,10191.70542,0.004667,0.0,245.691600499998,9946.009152500003,114.308399500002,333687.4377260488,0.0,187518.7509991197,521206.18872516847,333757.8116430077,0.0,188006.4211237,521764.23276670766
522,10190.10389,9.6e-05,0.0,26.3709391666671,10163.732854833333,87.9374603333345,333687.4377260488,0.0,187518.7509991197,521206.18872516847,333757.8116430077,0.0,188006.4211237,521764.23276670766
523,10188.50235,0.0,0.0,24.7694951666672,10163.732854833333,63.1679651666673,333687.4377260488,0.0,187518.7509991197,521206.18872516847,333757.8116430077,0.0,188006.4211237,521764.23276670766
524,10186.90082,0.0,0.0,23.1679651666673,10163.732854833333,40.0,333687.4377260488,0.0,187518.7509991197,521206.18872516847,333757.8116430077,0.0,188006.4211237,521764.23276670766
525,10185.29928,0.0,0.0,0.0,10185.29928,40.0,333687.4377260488,0.0,187518.7509991197,521206.18872516847,333757.8116430077,0.0,188006.4211237,521764.23276670766
526,10183.69774,0.0,0.0,0.0,10183.69774,40.0,333687.4377260488,0.0,187518.7509991197,521206.18872516847,333757.8116430077,0.0,188006.4211237,521764.23276670766
527,10182.09621,0.0,0.0,0.0,10182.09621,40.0,333687.4377260488,0.0,187518.7509991197,521206.18872516847,333757.8116430077,0.0,188006.4211237,521764.23276670766
528,10180.49467,0.0,0.0,0.0,10180.49467,40.0,333687.4377260488,0.0,187518.7509991197,521206.18872516847,333757.8116430077,0.0,188006.4211237,521764.23276670766
529,10178.89313,0.0,0.0,0.0,10178.89313,40.0,333687.4377260488,0.0,187518.7509991197,521206.18872516847,333757.8116430077,0.0,188006.4211237,521764.23276670766
530,10177.10271,0.0,62.0578456272721,0.0,10239.160555627272,94.6109041519994,333687.4377260488,0.0,187518.7509991197,521206.18872516847,333757.8116430077,0.0,188006.4211237,521764.23276670766
531,10175.10079,0.0,98.5242526696966,0.0,10273.625042669697,181.312246501332,333687.4377260488,0.0,187518.7509991197,521206.18872516847,333757.8116430077,0.0,188006.4211237,521764.23276670766
532,10173.09887,0.0,100.526172669697,0.0,10273.625042669697,269.775278450666,333687.4377260488,0.0,187518.7509991197,521206.18872516847,333757.8116430077,0.0,188006.4211237,521764.23276670766
533,10171.09695,0.0,102.528092669698,0.0,10273.625042669697,360.0,333687.4377260488,0.0,187518.7509991197,521206.18872516847,333757.8116430077,0.0,188006.4211237,521764.23276670766
534,10169.09503,0.003732,0.0,314.414597500001,9854.6767005,45.585402499999,333687.4377260488,0.0,187518.7509991197,521206.18872516847,333757.8116430077,0.0,188006.4211237,521764.23276670766
535,10167.22099,0.014222,0.0,3.47391316666653,10163.732854833333,42.1114893333324,333687.4377260488,0.0,187518.7509991197,521206.18872516847,333757.8116430077,0.0,188006.4211237,521764.23276670766
536,10165.61946,0.024635999999999998,0.0,1.86196916666631,10163.732854833333,40.2495201666661,333687.4377260488,0.0,187518.7509991197,521206.18872516847,333757.8116430077,0.0,188006.4211237,521764.23276670766
537,10164.01792,0.035545,0.0,0.249520166666116,10163.732854833333,40.0,333687.4377260488,0.0,187518.7509991197,521206.18872516847,333757.8116430077,0.0,188006.4211237,521764.23276670766
538,10162.41639,0.018638000000000002,0.0,0.0,10162.397752,40.0,333687.4377260488,0.0,187518.7509991197,521206.18872516847,333757.8116430077,0.0,188006.4211237,521764.23276670766
539,10160.81485,0.026817,0.0,0.0,10160.788033,40.0,333687.4377260488,0.0,187518.7509991197,521206.18872516847,333757.8116430077,0.0,188006.4211237,521764.23276670766
540,10159.24676,0.019389,0.0,0.0,10159.227371,40.0,333687.4377260488,0.0,187518.7509991197,521206.18872516847,333757.8116430077,0.0,188006.4211237,521764.23276670766
541,10157.84541,0.011106999999999999,7.85646962726787,0.0,10165.690772627268,46.9136932719957,333687.4377260488,0.0,187518.7509991197,521206.18872516847,333757.8116430077,0.0,188006.4211237,521764.23276670766
542,10156.44407,0.014613,117.195585669697,0.0,10273.625042669697,150.045808661329,333687.4377260488,0.0,187518.7509991197,521206.18872516847,333757.8116430077,0.0,188006.4211237,521764.23276670766
543,10155.04272,0.010789,118.593111669697,0.0,10273.625042669697,254.407746930663,333687.4377260488,0.0,187518.7509991197,521206.18872516847,333757.8116430077,0.0,188006.4211237,521764.23276670766
544,10153.64138,0.007534,119.991196669698,0.0,10273.625042669697,360.0,333687.4377260488,0.0,187518.7509991197,521206.18872516847,333757.8116430077,0.0,188006.4211237,521764.23276670766
545,10152.24298,0.001227,0.0,320.0,9832.241753,40.0,333687.4377260488,0.0,187518.7509991197,521206.18872516847,333757.8116430077,0.0,188006.4211237,521764.23276670766
546,10151.04183,8.5e-05,0.0,0.0,10151.041745,40.0,333687.4377260488,0.0,187518.7509991197,521206.18872516847,333757.8116430077,0.0,188006.4211237,521764.23276670766
547,10149.84067,0.0,0.0,0.0,10149.84067,40.0,333687.4377260488,0.0,187518.7509991197,521206.18872516847,333757.8116430077,0.0,188006.4211237,521764.23276670766
548,10148.63952,0.0,0.0,0.0,10148.63952,40.0,333687.4377260488,0.0,187518.7509991197,521206.18872516847,333757.8116430077,0.0,188006.4211237,521764.23276670766
549,10147.43837,0.0,0.0,0.0,10147.43837,40.0,333687.4377260488,0.0,187518.7509991197,521206.18872516847,333757.8116430077,0.0,188006.4211237,521764.23276670766
550,10146.23722,0.0,0.0,0.0,10146.23722,40.0,333687.4377260488,0.0,187518.7509991197,521206.18872516847,333757.8116430077,0.0,188006.4211237,521764.23276670766
551,10144.69079,0.0,0.0,0.0,10144.69079,40.0,333687.4377260488,0.0,187518.7509991197,521206.18872516847,333757.8116430077,0.0,188006.4211237,521764.23276670766
552,10143.08926,0.0,0.0,0.0,10143.08926,40.0,333687.4377260488,0.0,187518.7509991197,521206.18872516847,333757.8116430077,0.0,188006.4211237,521764.23276670766
553,10141.48772,0.0,0.0,0.0,10141.48772,40.0,333687.4377260488,0.0,187518.7509991197,521206.18872516847,333757.8116430077,0.0,188006.4211237,521764.23276670766
554,10139.88618,0.0,0.0,0.0,10139.88618,40.0,333687.4377260488,0.0,187518.7509991197,521206.18872516847,333757.8116430077,0.0,188006.4211237,521764.23276670766
555,10138.28465,0.0,88.6354282969726,0.0,10226.920078296973,117.999176901336,333687.4377260488,0.0,187518.7509991197,521206.18872516847,333757.8116430077,0.0,188006.4211237,521764.23276670766
556,10136.82525,0.0,136.799792669697,0.0,10273.625042669697,238.382994450669,333687.4377260488,0.0,187518.7509991197,521206.18872516847,333757.8116430077,0.0,188006.4211237,521764.23276670766
557,10135.4239,0.0,138.201142669697,0.0,10273.625042669697,360.0,333687.4377260488,0.0,187518.7509991197,521206.18872516847,333757.8116430077,0.0,188006.4211237,521764.23276670766
558,10134.02256,0.003852,0.0,320.0,9814.018708,40.0,333687.4377260488,0.0,187518.7509991197,521206.18872516847,333757.8116430077,0.0,188006.4211237,521764.23276670766
559,10132.62122,0.014523999999999999,0.0,0.0,10132.606696,40.0,333687.4377260488,0.0,187518.7509991197,521206.18872516847,333757.8116430077,0.0,188006.4211237,521764.23276670766
560,10131.21987,0.024228000000000003,0.0,0.0,10131.195642,40.0,333687.4377260488,0.0,187518.7509991197,521206.18872516847,333757.8116430077,0.0,188006.4211237,521764.23276670766
561,10129.81853,0.032943,0.0,0.0,10129.785587,40.0,333687.4377260488,0.0,187518.7509991197,521206.18872516847,333757.8116430077,0.0,188006.4211237,521764.23276670766
562,10128.41718,0.04008,0.0,0.0,10128.3771,40.0,333687.4377260488,0.0,187518.7509991197,521206.18872516847,333757.8116430077,0.0,188006.4211237,521764.23276670766
563,10127.01584,0.041667,0.0,0.0,10126.974173,40.0,333687.4377260488,0.0,187518.7509991197,521206.18872516847,333757.8116430077,0.0,188006.4211237,521764.23276670766
564,10125.61449,0.040748,0.0,0.0,10125.573742,40.0,333687.4377260488,0.0,187518.7509991197,521206.18872516847,333757.8116430077,0.0,188006.4211237,521764.23276670766
565,10124.21315,0.037801,0.0,0.0,10124.175349,40.0,333687.4377260488,0.0,187518.7509991197,521206.18872516847,333757.8116430077,0.0,188006.4211237,521764.23276670766
566,10122.89294,0.032023,58.527651296973,0.0,10181.388568296972,91.5043331413362,333687.4377260488,0.0,187518.7509991197,521206.18872516847,333757.8116430077,0.0,188006.4211237,521764.23276670766
567,10121.69179,0.025745999999999998,151.958998669696,0.0,10273.625042669697,225.228251970668,333687.4377260488,0.0,187518.7509991197,521206.18872516847,333757.8116430077,0.0,188006.4211237,521764.23276670766
568,10120.49064,0.015311,153.149713669696,0.0,10273.625042669697,360.0,333687.4377260488,0.0,187518.7509991197,521206.18872516847,333757.8116430077,0.0,188006.4211237,521764.23276670766
569,10119.28948,0.004314,0.0,320.0,9799.285166,40.0,333687.4377260488,0.0,187518.7509991197,521206.18872516847,333757.8116430077,0.0,188006.4211237,521764.23276670766
570,10118.08833,0.000115,0.0,0.0,10118.088215,40.0,333687.4377260488,0.0,187518.7509991197,521206.18872516847,333757.8116430077,0.0,188006.4211237,521764.23276670766
571,10116.634,0.0,0.0,0.0,10116.634,40.0,333687.4377260488,0.0,187518.7509991197,521206.18872516847,333757.8116430077,0.0,188006.4211237,521764.23276670766
572,10114.43188,0.0,0.0,0.0,10114.43188,40.0,333687.4377260488,0.0,187518.7509991197,521206.18872516847,333757.8116430077,0.0,188006.4211237,521764.23276670766
573,10112.22977,0.0,0.0,0.0,10112.22977,40.0,333687.4377260488,0.0,187518.7509991197,521206.18872516847,333757.8116430077,0.0,188006.4211237,521764.23276670766
574,10110.02766,0.0,0.0,0.0,10110.02766,40.0,333687.4377260488,0.0,187518.7509991197,521206.18872516847,333757.8116430077,0.0,188006.4211237,521764.23276670766
575,10107.82555,0.0,0.0,0.0,10107.82555,40.0,333687.4377260488,0.0,187518.7509991197,521206.18872516847,333757.8116430077,0.0,188006.4211237,521764.23276670766
576,10105.64357,0.0,0.0,0.0,10105.64357,40.0,333687.4377260488,0.0,187518.7509991197,521206.18872516847,333757.8116430077,0.0,188006.4211237,521764.23276670766
577,10103.64165,0.0,0.0,0.0,10103.64165,40.0,333687.4377260488,0.0,187518.7509991197,521206.18872516847,333757.8116430077,0.0,188006.4211237,521764.23276670766
578,10101.63973,0.0,0.0,0.0,10101.63973,40.0,333687.4377260488,0.0,187518.7509991197,521206.18872516847,333757.8116430077,0.0,188006.4211237,521764.23276670766
579,10099.63781,0.0,9.65613829697015,0.0,10109.29394829697,48.4974017013337,333687.4377260488,0.0,187518.7509991197,521206.18872516847,333757.8116430077,0.0,188006.4211237,521764.23276670766
580,10097.63589,0.0,175.989152669697,0.0,10273.625042669697,203.367856050667,333687.4377260488,0.0,187518.7509991197,521206.18872516847,333757.8116430077,0.0,188006.4211237,521764.23276670766
581,10095.63397,0.0,177.991072669696,0.0,10273.625042669697,360.0,333687.4377260488,0.0,187518.7509991197,521206.18872516847,333757.8116430077,0.0,188006.4211237,521764.23276670766
582,10093.63205,0.003453,0.0,320.0,9773.628597,40.0,333687.4377260488,0.0,187518.7509991197,521206.18872516847,333757.8116430077,0.0,188006.4211237,521764.23276670766
583,10091.63013,0.014253,0.0,0.0,10091.615877,40.0,333687.4377260488,0.0,187518.7509991197,521206.18872516847,333757.8116430077,0.0,188006.4211237,521764.23276670766
584,10089.62821,0.024647,0.0,0.0,10089.603563,40.0,333687.4377260488,0.0,187518.7509991197,521206.18872516847,333757.8116430077,0.0,188006.4211237,521764.23276670766
585,10087.62629,0.031454,0.0,0.0,10087.594836,40.0,333687.4377260488,0.0,187518.7509991197,521206.18872516847,333757.8116430077,0.0,188006.4211237,521764.23276670766
586,10085.62437,0.033923,0.0,0.0,10085.590446999999,40.0,333687.4377260488,0.0,187518.7509991197,521206.18872516847,333757.8116430077,0.0,188006.4211237,521764.23276670766
587,10083.30379,0.0347,0.0,0.0,10083.26909,40.0,333687.4377260488,0.0,187518.7509991197,521206.18872516847,333757.8116430077,0.0,188006.4211237,521764.23276670766
588,10080.90148,0.038987,0.0,0.0,10080.862493,40.0,333687.4377260488,0.0,187518.7509991197,521206.18872516847,333757.8116430077,0.0,188006.4211237,521764.23276670766
589,10078.49918,0.035014,0.0,0.0,10078.464166000002,40.0,333687.4377260488,0.0,187518.7509991197,521206.18872516847,333757.8116430077,0.0,188006.4211237,521764.23276670766
590,10076.09687,0.031683,0.0,0.0,10076.065187,40.0,333687.4377260488,0.0,187518.7509991197,521206.18872516847,333757.8116430077,0.0,188006.4211237,521764.23276670766
591,10073.69457,0.024244,161.289364966667,0.0,10234.959690966667,181.934641170667,333687.4377260488,0.0,187518.7509991197,521206.18872516847,333757.8116430077,0.0,188006.4211237,521764.23276670766
592,10071.29226,0.014216,202.346998669696,0.0,10273.625042669697,360.0,333687.4377260488,0.0,187518.7509991197,521206.18872516847,333757.8116430077,0.0,188006.4211237,521764.23276670766
593,10068.88996,0.004462,0.0,320.0,9748.885498,40.0,333687.4377260488,0.0,187518.7509991197,521206.18872516847,333757.8116430077,0.0,188006.4211237,521764.23276670766
594,10066.48766,0.000174,0.0,0.0,10066.487486,40.0,333687.4377260488,0.0,187518.7509991197,521206.18872516847,333757.8116430077,0.0,188006.4211237,521764.23276670766
595,10064.08535,0.0,0.0,0.0,10064.08535,40.0,333687.4377260488,0.0,187518.7509991197,521206.18872516847,333757.8116430077,0.0,188006.4211237,521764.23276670766
596,10061.68305,0.0,0.0,0.0,10061.68305,40.0,333687.4377260488,0.0,187518.7509991197,521206.18872516847,333757.8116430077,0.0,188006.4211237,521764.23276670766
597,10059.57573,0.0,0.0,0.0,10059.57573,40.0,333687.4377260488,0.0,187518.7509991197,521206.18872516847,333757.8116430077,0.0,188006.4211237,521764.23276670766
598,10057.774,0.0,0.0,0.0,10057.774,40.0,333687.4377260488,0.0,187518.7509991197,521206.18872516847,333757.8116430077,0.0,188006.4211237,521764.23276670766
599,10055.97227,0.0,0.0,0.0,10055.97227,40.0,333687.4377260488,0.0,187518.7509991197,521206.18872516847,333757.8116430077,0.0,188006.4211237,521764.23276670766
600,10054.17055,0.0,0.0,0.0,10054.17055,40.0,333687.4377260488,0.0,187518.7509991197,521206.18872516847,333757.8116430077,0.0,188006.4211237,521764.23276670766
601,10052.36882,0.0,0.0,0.0,10052.36882,40.0,333687.4377260488,0.0,187518.7509991197,521206.18872516847,333757.8116430077,0.0,188006.4211237,521764.23276670766
602,10050.43143,0.0,0.0,0.0,10050.43143,40.0,333687.4377260488,0.0,187518.7509991197,521206.18872516847,333757.8116430077,0.0,188006.4211237,521764.23276670766
603,10048.22932,0.0,0.0,0.0,10048.22932,40.0,333687.4377260488,0.0,187518.7509991197,521206.18872516847,333757.8116430077,0.0,188006.4211237,521764.23276670766
604,10046.0272,0.0,133.836410966667,0.0,10179.863610966668,157.776041650667,333687.4377260488,0.0,187518.7509991197,521206.18872516847,333757.8116430077,0.0,188006.4211237,521764.23276670766
605,10043.82509,0.0,229.799952669697,0.0,10273.625042669697,360.0,333687.4377260488,0.0,187518.7509991197,521206.18872516847,333757.8116430077,0.0,188006.4211237,521764.23276670766
606,10041.62298,0.004073,0.0,320.0,9721.618907,40.0,333687.4377260488,0.0,187518.7509991197,521206.18872516847,333757.8116430077,0.0,188006.4211237,521764.23276670766
607,10039.57019,0.014088,0.0,0.0,10039.556102,40.0,333687.4377260488,0.0,187518.7509991197,521206.18872516847,333757.8116430077,0.0,188006.4211237,521764.23276670766
608,10038.16884,0.024095,0.0,0.0,10038.144745,40.0,333687.4377260488,0.0,187518.7509991197,521206.18872516847,333757.8116430077,0.0,188006.4211237,521764.23276670766
609,10036.7675,0.031814,0.0,0.0,10036.735686,40.0,333687.4377260488,0.0,187518.7509991197,521206.18872516847,333757.8116430077,0.0,188006.4211237,521764.23276670766
610,10035.36615,0.03733,0.0,0.0,10035.32882,40.0,333687.4377260488,0.0,187518.7509991197,521206.18872516847,333757.8116430077,0.0,188006.4211237,521764.23276670766
611,10033.96481,0.039781,0.0,0.0,10033.925029,40.0,333687.4377260488,0.0,187518.7509991197,521206.18872516847,333757.8116430077,0.0,188006.4211237,521764.23276670766
612,10032.55663,0.040372,0.0,0.0,10032.516258,40.0,333687.4377260488,0.0,187518.7509991197,521206.18872516847,333757.8116430077,0.0,188006.4211237,521764.23276670766
613,10030.9551,0.038469,0.0,0.0,10030.916631,40.0,333687.4377260488,0.0,187518.7509991197,521206.18872516847,333757.8116430077,0.0,188006.4211237,521764.23276670766
614,10029.35356,0.033778,0.0,0.0,10029.319781999999,40.0,333687.4377260488,0.0,187518.7509991197,521206.18872516847,333757.8116430077,0.0,188006.4211237,521764.23276670766
615,10027.75203,0.025003,116.146846966667,0.0,10143.873873966666,142.209225330667,333687.4377260488,0.0,187518.7509991197,521206.18872516847,333757.8116430077,0.0,188006.4211237,521764.23276670766
616,10026.15049,0.014964,247.489516669697,0.0,10273.625042669697,360.0,333687.4377260488,0.0,187518.7509991197,521206.18872516847,333757.8116430077,0.0,188006.4211237,521764.23276670766
617,10024.54895,0.00442,0.0,320.0,9704.544530000001,40.0,333687.4377260488,0.0,187518.7509991197,521206.18872516847,333757.8116430077,0.0,188006.4211237,521764.23276670766
618,10023.12394,0.000205,0.0,0.0,10023.123735,40.0,333687.4377260488,0.0,187518.7509991197,521206.18872516847,333757.8116430077,0.0,188006.4211237,521764.23276670766
619,10021.72259,0.0,0.0,0.0,10021.72259,40.0,333687.4377260488,0.0,187518.7509991197,521206.18872516847,333757.8116430077,0.0,188006.4211237,521764.23276670766
620,10020.32125,0.0,0.0,0.0,10020.32125,40.0,333687.4377260488,0.0,187518.7509991197,521206.18872516847,333757.8116430077,0.0,188006.4211237,521764.23276670766
621,10018.91991,0.0,0.0,0.0,10018.91991,40.0,333687.4377260488,0.0,187518.7509991197,521206.18872516847,333757.8116430077,0.0,188006.4211237,521764.23276670766
622,10017.51856,0.0,0.0,0.0,10017.51856,40.0,333687.4377260488,0.0,187518.7509991197,521206.18872516847,333757.8116430077,0.0,188006.4211237,521764.23276670766
623,10016.11722,0.0,0.0,0.0,10016.11722,40.0,333687.4377260488,0.0,187518.7509991197,521206.18872516847,333757.8116430077,0.0,188006.4211237,521764.23276670766
624,10014.71587,0.0,0.0,0.0,10014.71587,40.0,333687.4377260488,0.0,187518.7509991197,521206.18872516847,333757.8116430077,0.0,188006.4211237,521764.23276670766
625,10013.31453,0.0,0.0,0.0,10013.31453,40.0,333687.4377260488,0.0,187518.7509991197,521206.18872516847,333757.8116430077,0.0,188006.4211237,521764.23276670766
626,10011.91318,0.0,0.0,0.0,10011.91318,40.0,333687.4377260488,0.0,187518.7509991197,521206.18872516847,333757.8116430077,0.0,188006.4211237,521764.23276670766
627,10010.51184,0.0,0.0,0.0,10010.51184,40.0,333687.4377260488,0.0,187518.7509991197,521206.18872516847,333757.8116430077,0.0,188006.4211237,521764.23276670766
628,10009.22602,0.0,0.0,0.0,10009.22602,40.0,333687.4377260488,0.0,187518.7509991197,521206.18872516847,333757.8116430077,0.0,188006.4211237,521764.23276670766
629,10008.02487,0.0,0.0,0.0,10008.02487,40.0,333687.4377260488,0.0,187518.7509991197,521206.18872516847,333757.8116430077,0.0,188006.4211237,521764.23276670766
630,10006.82371,0.003364,0.0,0.0,10006.820346,40.0,333687.4377260488,0.0,187518.7509991197,521206.18872516847,333757.8116430077,0.0,188006.4211237,521764.23276670766
631,10005.62256,0.013259,0.0,0.0,10005.609301,40.0,333687.4377260488,0.0,187518.7509991197,521206.18872516847,333757.8116430077,0.0,188006.4211237,521764.23276670766
632,10004.42141,0.024489999999999998,0.0,0.0,10004.396920000001,40.0,333687.4377260488,0.0,187518.7509991197,521206.18872516847,333757.8116430077,0.0,188006.4211237,521764.23276670766
633,10003.05021,0.029382000000000002,0.0,0.0,10003.020827999999,40.0,333687.4377260488,0.0,187518.7509991197,521206.18872516847,333757.8116430077,0.0,188006.4211237,521764.23276670766
634,10001.44868,0.033488,0.0,0.0,10001.415192,40.0,333687.4377260488,0.0,187518.7509991197,521206.18872516847,333757.8116430077,0.0,188006.4211237,521764.23276670766
635,9999.847139,0.038376,0.0,0.0,9999.808762999999,40.0,333687.4377260488,0.0,187518.7509991197,521206.18872516847,333757.8116430077,0.0,188006.4211237,521764.23276670766
636,9998.245603,0.037409,0.0,0.0,9998.208193999999,40.0,333687.4377260488,0.0,187518.7509991197,521206.18872516847,333757.8116430077,0.0,188006.4211237,521764.23276670766
637,9996.644066,0.037261,0.0,0.0,9996.606805000001,40.0,333687.4377260488,0.0,187518.7509991197,521206.18872516847,333757.8116430077,0.0,188006.4211237,521764.23276670766
638,9994.988007,0.01841,0.0,0.0,9994.969597,40.0,333687.4377260488,0.0,187518.7509991197,521206.18872516847,333757.8116430077,0.0,188006.4211237,521764.23276670766
639,9993.186279,0.01702,0.0,0.0,9993.169259,40.0,333687.4377260488,0.0,187518.7509991197,521206.18872516847,333757.8116430077,0.0,188006.4211237,521764.23276670766
640,9991.38455,0.01306,0.0,0.0,9991.371490000001,40.0,333687.4377260488,0.0,187518.7509991197,521206.18872516847,333757.8116430077,0.0,188006.4211237,521764.23276670766
641,9989.582822,0.0035710000000000004,0.0,0.0,9989.579251000001,40.0,333687.4377260488,0.0,187518.7509991197,521206.18872516847,333757.8116430077,0.0,188006.4211237,521764.23276670766
642,9987.781093,0.000283,0.0,0.0,9987.78081,40.0,333687.4377260488,0.0,187518.7509991197,521206.18872516847,333757.8116430077,0.0,188006.4211237,521764.23276670766
643,9985.955342,0.0,0.0,0.0,9985.955342,40.0,333687.4377260488,0.0,187518.7509991197,521206.18872516847,333757.8116430077,0.0,188006.4211237,521764.23276670766
644,9983.953422,0.0,0.0,0.0,9983.953422,40.0,333687.4377260488,0.0,187518.7509991197,521206.18872516847,333757.8116430077,0.0,188006.4211237,521764.23276670766
645,9981.951501,0.0,0.0,0.0,9981.951501,40.0,333687.4377260488,0.0,187518.7509991197,521206.18872516847,333757.8116430077,0.0,188006.4211237,521764.23276670766
646,9979.949581,0.0,0.0,0.0,9979.949581,40.0,333687.4377260488,0.0,187518.7509991197,521206.18872516847,333757.8116430077,0.0,188006.4211237,521764.23276670766
647,9977.94766,0.0,0.0,0.0,9977.94766,40.0,333687.4377260488,0.0,187518.7509991197,521206.18872516847,333757.8116430077,0.0,188006.4211237,521764.23276670766
648,9975.94574,0.0,0.0,0.0,9975.94574,40.0,333687.4377260488,0.0,187518.7509991197,521206.18872516847,333757.8116430077,0.0,188006.4211237,521764.23276670766
649,9974.137535,0.0,0.0,0.0,9974.137535,40.0,333687.4377260488,0.0,187518.7509991197,521206.18872516847,333757.8116430077,0.0,188006.4211237,521764.23276670766
650,9972.335806,0.0,0.0,0.0,9972.335806,40.0,333687.4377260488,0.0,187518.7509991197,521206.18872516847,333757.8116430077,0.0,188006.4211237,521764.23276670766
651,9970.534078,0.0,0.0,0.0,9970.534078,40.0,333687.4377260488,0.0,187518.7509991197,521206.18872516847,333757.8116430077,0.0,188006.4211237,521764.23276670766
652,9968.732349,0.0,0.0,0.0,9968.732349,40.0,333687.4377260488,0.0,187518.7509991197,521206.18872516847,333757.8116430077,0.0,188006.4211237,521764.23276670766
653,9966.930621,0.0,0.0,0.0,9966.930621,40.0,333687.4377260488,0.0,187518.7509991197,521206.18872516847,333757.8116430077,0.0,188006.4211237,521764.23276670766
654,9964.965677,0.004379,0.0,0.0,9964.961298,40.0,333687.4377260488,0.0,187518.7509991197,521206.18872516847,333757.8116430077,0.0,188006.4211237,521764.23276670766
655,9962.963757,0.014156,0.0,0.0,9962.949601,40.0,333687.4377260488,0.0,187518.7509991197,521206.18872516847,333757.8116430077,0.0,188006.4211237,521764.23276670766
656,9960.961836,0.02321,0.0,0.0,9960.938626000001,40.0,333687.4377260488,0.0,187518.7509991197,521206.18872516847,333757.8116430077,0.0,188006.4211237,521764.23276670766
657,9958.959916,0.031278,0.0,0.0,9958.928638,40.0,333687.4377260488,0.0,187518.7509991197,521206.18872516847,333757.8116430077,0.0,188006.4211237,521764.23276670766
658,9956.957995,0.037271,0.0,0.0,9956.920724000001,40.0,333687.4377260488,0.0,187518.7509991197,521206.18872516847,333757.8116430077,0.0,188006.4211237,521764.23276670766
659,9955.08879,0.039894,0.0,0.0,9955.048896,40.0,333687.4377260488,0.0,187518.7509991197,521206.18872516847,333757.8116430077,0.0,188006.4211237,521764.23276670766
660,9953.287062,0.039822,0.0,0.0,9953.247239999999,40.0,333687.4377260488,0.0,187518.7509991197,521206.18872516847,333757.8116430077,0.0,188006.4211237,521764.23276670766
661,9951.485334,0.036838,0.0,0.0,9951.448496,40.0,333687.4377260488,0.0,187518.7509991197,521206.18872516847,333757.8116430077,0.0,188006.4211237,521764.23276670766
662,9949.683605,0.029433,0.0,0.0,9949.654172,40.0,333687.4377260488,0.0,187518.7509991197,521206.18872516847,333757.8116430077,0.0,188006.4211237,521764.23276670766
663,9947.881877,0.016744,0.0,0.0,9947.865133,40.0,333687.4377260488,0.0,187518.7509991197,521206.18872516847,333757.8116430077,0.0,188006.4211237,521764.23276670766
664,9946.28458,0.008064,0.0,0.0,9946.276516,40.0,333687.4377260488,0.0,187518.7509991197,521206.18872516847,333757.8116430077,0.0,188006.4211237,521764.23276670766
665,9944.883236,0.001964,0.0,0.0,9944.881272,40.0,333687.4377260488,0.0,187518.7509991197,521206.18872516847,333757.8116430077,0.0,188006.4211237,521764.23276670766
666,9943.481891,0.00033600000000000004,0.0,0.0,9943.481555,40.0,333687.4377260488,0.0,187518.7509991197,521206.18872516847,333757.8116430077,0.0,188006.4211237,521764.23276670766
667,9942.080547,0.0,0.0,0.0,9942.080547,40.0,333687.4377260488,0.0,187518.7509991197,521206.18872516847,333757.8116430077,0.0,188006.4211237,521764.23276670766
668,9940.679203,0.0,0.0,0.0,9940.679203,40.0,333687.4377260488,0.0,187518.7509991197,521206.18872516847,333757.8116430077,0.0,188006.4211237,521764.23276670766
669,9939.42129,0.0,0.0,0.0,9939.42129,40.0,333687.4377260488,0.0,187518.7509991197,521206.18872516847,333757.8116430077,0.0,188006.4211237,521764.23276670766
670,9938.42033,0.0,0.0,0.0,9938.42033,40.0,333687.4377260488,0.0,187518.7509991197,521206.18872516847,333757.8116430077,0.0,188006.4211237,521764.23276670766
671,9937.41937,0.0,0.0,0.0,9937.41937,40.0,333687.4377260488,0.0,187518.7509991197,521206.18872516847,333757.8116430077,0.0,188006.4211237,521764.23276670766
672,9936.418409,0.0,0.0,0.0,9936.418409,40.0,333687.4377260488,0.0,187518.7509991197,521206.18872516847,333757.8116430077,0.0,188006.4211237,521764.23276670766
673,9935.417449,0.0,0.0,0.0,9935.417449,40.0,333687.4377260488,0.0,187518.7509991197,521206.18872516847,333757.8116430077,0.0,188006.4211237,521764.23276670766
674,9934.457705,0.0,0.0,0.0,9934.457705,40.0,333687.4377260488,0.0,187518.7509991197,521206.18872516847,333757.8116430077,0.0,188006.4211237,521764.23276670766
675,9933.656937,0.0,0.0,0.0,9933.656937,40.0,333687.4377260488,0.0,187518.7509991197,521206.18872516847,333757.8116430077,0.0,188006.4211237,521764.23276670766
676,9932.856169,0.0,22.0667209666648,0.0,9954.922889966665,59.418714450665,333687.4377260488,0.0,187518.7509991197,521206.18872516847,333757.8116430077,0.0,188006.4211237,521764.23276670766
677,9932.0554,0.0,341.569642669698,0.0,10273.625042669697,360.0,333687.4377260488,0.0,187518.7509991197,521206.18872516847,333757.8116430077,0.0,188006.4211237,521764.23276670766
678,9931.254632,0.003695,0.0,320.0,9611.250937,40.0,333687.4377260488,0.0,187518.7509991197,521206.18872516847,333757.8116430077,0.0,188006.4211237,521764.23276670766
679,9930.432432,0.014489000000000002,0.0,0.0,9930.417943,40.0,333687.4377260488,0.0,187518.7509991197,521206.18872516847,333757.8116430077,0.0,188006.4211237,521764.23276670766
680,9929.231279,0.024099000000000002,0.0,0.0,9929.20718,40.0,333687.4377260488,0.0,187518.7509991197,521206.18872516847,333757.8116430077,0.0,188006.4211237,521764.23276670766
681,9928.030127,0.031458,0.0,0.0,9927.998669,40.0,333687.4377260488,0.0,187518.7509991197,521206.18872516847,333757.8116430077,0.0,188006.4211237,521764.23276670766
682,9926.828975,0.03725,0.0,0.0,9926.791725000001,40.0,333687.4377260488,0.0,187518.7509991197,521206.18872516847,333757.8116430077,0.0,188006.4211237,521764.23276670766
683,9925.627823,0.040125,0.0,0.0,9925.587698000001,40.0,333687.4377260488,0.0,187518.7509991197,521206.18872516847,333757.8116430077,0.0,188006.4211237,521764.23276670766
684,9924.42667,0.038456000000000004,0.0,0.0,9924.388214,40.0,333687.4377260488,0.0,187518.7509991197,521206.18872516847,333757.8116430077,0.0,188006.4211237,521764.23276670766
685,9923.405926,0.025525,0.0,0.0,9923.380401,40.0,333687.4377260488,0.0,187518.7509991197,521206.18872516847,333757.8116430077,0.0,188006.4211237,521764.23276670766
686,9922.404966,0.010433999999999999,0.0,0.0,9922.394532,40.0,333687.4377260488,0.0,187518.7509991197,521206.18872516847,333757.8116430077,0.0,188006.4211237,521764.23276670766
687,9921.404006,0.015996,10.3997889666661,0.0,9931.787798966667,49.1518142906662,333687.4377260488,0.0,187518.7509991197,521206.18872516847,333757.8116430077,0.0,188006.4211237,521764.23276670766
688,9920.403046,0.014577999999999999,353.236574669698,0.0,10273.625042669697,360.0,333687.4377260488,0.0,187518.7509991197,521206.18872516847,333757.8116430077,0.0,188006.4211237,521764.23276670766
689,9919.402086,0.004098,0.0,320.0,9599.397988,40.0,333687.4377260488,0.0,187518.7509991197,521206.18872516847,333757.8116430077,0.0,188006.4211237,521764.23276670766
690,9918.401125,0.00024,0.0,0.0,9918.400885000001,40.0,333687.4377260488,0.0,187518.7509991197,521206.18872516847,333757.8116430077,0.0,188006.4211237,521764.23276670766
691,9917.400165,0.0,0.0,0.0,9917.400165,40.0,333687.4377260488,0.0,187518.7509991197,521206.18872516847,333757.8116430077,0.0,188006.4211237,521764.23276670766
692,9916.399205,0.0,0.0,0.0,9916.399205,40.0,333687.4377260488,0.0,187518.7509991197,521206.18872516847,333757.8116430077,0.0,188006.4211237,521764.23276670766
693,9915.398245,0.0,0.0,0.0,9915.398245,40.0,333687.4377260488,0.0,187518.7509991197,521206.18872516847,333757.8116430077,0.0,188006.4211237,521764.23276670766
694,9914.397284,0.0,0.0,0.0,9914.397284,40.0,333687.4377260488,0.0,187518.7509991197,521206.18872516847,333757.8116430077,0.0,188006.4211237,521764.23276670766
695,9913.276916,0.0,0.0,0.0,9913.276916,40.0,333687.4377260488,0.0,187518.7509991197,521206.18872516847,333757.8116430077,0.0,188006.4211237,521764.23276670766
696,9912.075763,0.0,0.0,0.0,9912.075763,40.0,333687.4377260488,0.0,187518.7509991197,521206.18872516847,333757.8116430077,0.0,188006.4211237,521764.23276670766
697,9910.874611,0.0,0.0,0.0,9910.874611,40.0,333687.4377260488,0.0,187518.7509991197,521206.18872516847,333757.8116430077,0.0,188006.4211237,521764.23276670766
698,9909.673459,0.0,0.0,0.0,9909.673459,40.0,333687.4377260488,0.0,187518.7509991197,521206.18872516847,333757.8116430077,0.0,188006.4211237,521764.23276670766
699,9908.472307,0.0,0.0,0.0,9908.472307,40.0,333687.4377260488,0.0,187518.7509991197,521206.18872516847,333757.8116430077,0.0,188006.4211237,521764.23276670766
700,9907.271154,0.0,0.0,0.0,9907.271154,40.0,333687.4377260488,0.0,187518.7509991197,521206.18872516847,333757.8116430077,0.0,188006.4211237,521764.23276670766
701,9906.070002,0.0,363.636363636364,0.0,10269.706365636364,360.0,333687.4377260488,0.0,187518.7509991197,521206.18872516847,333757.8116430077,0.0,188006.4211237,521764.23276670766
702,9904.86885,0.004039,0.0,320.0,9584.864811000001,40.0,333687.4377260488,0.0,187518.7509991197,521206.18872516847,333757.8116430077,0.0,188006.4211237,521764.23276670766
703,9903.667697,0.014612,0.0,0.0,9903.653085,40.0,333687.4377260488,0.0,187518.7509991197,521206.18872516847,333757.8116430077,0.0,188006.4211237,521764.23276670766
704,9902.466545,0.025053000000000002,0.0,0.0,9902.441492,40.0,333687.4377260488,0.0,187518.7509991197,521206.18872516847,333757.8116430077,0.0,188006.4211237,521764.23276670766
705,9901.090166,0.03284,0.0,0.0,9901.057326,40.0,333687.4377260488,0.0,187518.7509991197,521206.18872516847,333757.8116430077,0.0,188006.4211237,521764.23276670766
706,9899.288438,0.038665,0.0,0.0,9899.249773,40.0,333687.4377260488,0.0,187518.7509991197,521206.18872516847,333757.8116430077,0.0,188006.4211237,521764.23276670766
707,9897.486709,0.040607,0.0,0.0,9897.446102,40.0,333687.4377260488,0.0,187518.7509991197,521206.18872516847,333757.8116430077,0.0,188006.4211237,521764.23276670766
708,9895.684981,0.041496000000000005,0.0,0.0,9895.643485,40.0,333687.4377260488,0.0,187518.7509991197,521206.18872516847,333757.8116430077,0.0,188006.4211237,521764.23276670766
709,9893.883252,0.039067,0.0,0.0,9893.844185,40.0,333687.4377260488,0.0,187518.7509991197,521206.18872516847,333757.8116430077,0.0,188006.4211237,521764.23276670766
710,9892.053615,0.033118,0.0,0.0,9892.020497000001,40.0,333687.4377260488,0.0,187518.7509991197,521206.18872516847,333757.8116430077,0.0,188006.4211237,521764.23276670766
711,9890.051694,0.022865,0.0,0.0,9890.028828999999,40.0,333687.4377260488,0.0,187518.7509991197,521206.18872516847,333757.8116430077,0.0,188006.4211237,521764.23276670766
712,9888.049774,0.011869,363.636363636364,0.0,10251.674268636363,360.0,333687.4377260488,0.0,187518.7509991197,521206.18872516847,333757.8116430077,0.0,188006.4211237,521764.23276670766
713,9886.047854,0.004267000000000001,0.0,320.0,9566.043587,40.0,333687.4377260488,0.0,187518.7509991197,521206.18872516847,333757.8116430077,0.0,188006.4211237,521764.23276670766
714,9884.045933,0.00023899999999999998,0.0,0.0,9884.045693999999,40.0,333687.4377260488,0.0,187518.7509991197,521206.18872516847,333757.8116430077,0.0,188006.4211237,521764.23276670766
715,9882.044013,0.0,0.0,0.0,9882.044013,40.0,333687.4377260488,0.0,187518.7509991197,521206.18872516847,333757.8116430077,0.0,188006.4211237,521764.23276670766
716,9880.437295,0.0,0.0,0.0,9880.437295,40.0,333687.4377260488,0.0,187518.7509991197,521206.18872516847,333757.8116430077,0.0,188006.4211237,521764.23276670766
717,9878.835759,0.0,181.818181818182,0.0,10060.653940818182,200.0,333687.4377260488,0.0,187518.7509991197,521206.18872516847,333757.8116430077,0.0,188006.4211237,521764.23276670766
718,9877.234222,0.0,0.0,0.0,9877.234222,200.0,333687.4377260488,0.0,187518.7509991197,521206.18872516847,333757.8116430077,0.0,188006.4211237,521764.23276670766
719,9875.632686,0.0,0.0,0.0,9875.632686,200.0,333687.4377260488,0.0,187518.7509991197,521206.18872516847,333757.8116430077,0.0,188006.4211237,521764.23276670766
