time,Pload,Ppv,Pcharge,Pdischarge,Ptotal,state of charge,energy_charge_with_es,nem_charge_with_es,demand_charge_with_es,total_bill_with_es,energy_charge_without_es,nem_charge_without_es,demand_charge_without_es,total_bill_without_es
0,9854.476391,0.0,0.0,0.0,9854.476391,2000.0,385689.5768592704,0.0,246387.63457141572,632077.2114306861,387380.18249174627,0.0,252462.27472822997,639842.4572199762
1,9860.482152,0.0,0.0,0.0,9860.482152,2000.0,385689.5768592704,0.0,246387.63457141572,632077.2114306861,387380.18249174627,0.0,252462.27472822997,639842.4572199762
2,9866.487913,0.0,0.0,0.0,9866.487913,2000.0,385689.5768592704,0.0,246387.63457141572,632077.2114306861,387380.18249174627,0.0,252462.27472822997,639842.4572199762
3,9872.493675,0.0,0.0,0.0,9872.493675,2000.0,385689.5768592704,0.0,246387.63457141572,632077.2114306861,387380.18249174627,0.0,252462.27472822997,639842.4572199762
4,9878.499436,0.0,0.0,0.0,9878.499436,2000.0,385689.5768592704,0.0,246387.63457141572,632077.2114306861,387380.18249174627,0.0,252462.27472822997,639842.4572199762
5,9884.753906,0.0004,0.0,0.0,9884.753506,2000.0,385689.5768592704,0.0,246387.63457141572,632077.2114306861,387380.18249174627,0.0,252462.27472822997,639842.4572199762
6,9891.360244,0.002096,0.0,0.0,9891.358148,2000.0,385689.5768592704,0.0,246387.63457141572,632077.2114306861,387380.18249174627,0.0,252462.27472822997,639842.4572199762
7,9897.966581,0.006886000000000001,0.0,0.0,9897.959695000001,2000.0,385689.5768592704,0.0,246387.63457141572,632077.2114306861,387380.18249174627,0.0,252462.27472822997,639842.4572199762
8,9904.572919,0.014949,0.0,0.0,9904.55797,2000.0,385689.5768592704,0.0,246387.63457141572,632077.2114306861,387380.18249174627,0.0,252462.27472822997,639842.4572199762
9,9911.179256,0.023654,0.0,0.0,9911.155601999999,2000.0,385689.5768592704,0.0,246387.63457141572,632077.2114306861,387380.18249174627,0.0,252462.27472822997,639842.4572199762
10,9918.571642,0.020276,946.271765363635,0.0,10864.823131363637,2832.71915352,385689.5768592704,0.0,246387.63457141572,632077.2114306861,387380.18249174627,0.0,252462.27472822997,639842.4572199762
11,9928.18086,0.031944,871.910052818178,0.0,10800.058968818179,3600.0,385689.5768592704,0.0,246387.63457141572,632077.2114306861,387380.18249174627,0.0,252462.27472822997,639842.4572199762
12,9937.790078,0.01858,0.0,0.0,9937.771498,3600.0,385689.5768592704,0.0,246387.63457141572,632077.2114306861,387380.18249174627,0.0,252462.27472822997,639842.4572199762
13,9947.399296,0.025307,0.0,1000.0,8947.373989,2600.0,385689.5768592704,0.0,246387.63457141572,632077.2114306861,387380.18249174627,0.0,252462.27472822997,639842.4572199762
14,9957.008514,0.009793,0.0,1000.0,8956.998721,1600.0,385689.5768592704,0.0,246387.63457141572,632077.2114306861,387380.18249174627,0.0,252462.27472822997,639842.4572199762
15,9965.960632,0.012687,0.0,1000.0,8965.947945,600.0,385689.5768592704,0.0,246387.63457141572,632077.2114306861,387380.18249174627,0.0,252462.27472822997,639842.4572199762
16,9969.564088,0.007932,0.0,200.0,9769.556155999999,400.0,385689.5768592704,0.0,246387.63457141572,632077.2114306861,387380.18249174627,0.0,252462.27472822997,639842.4572199762
17,9973.167545,0.004021,0.0,0.0,9973.163524,400.0,385689.5768592704,0.0,246387.63457141572,632077.2114306861,387380.18249174627,0.0,252462.27472822997,639842.4572199762
18,9976.771002,0.0022240000000000003,0.0,0.0,9976.768778,400.0,385689.5768592704,0.0,246387.63457141572,632077.2114306861,387380.18249174627,0.0,252462.27472822997,639842.4572199762
19,9980.374459,0.0,0.0,0.0,9980.374459,400.0,385689.5768592704,0.0,246387.63457141572,632077.2114306861,387380.18249174627,0.0,252462.27472822997,639842.4572199762
20,9983.977916,0.0,0.0,0.0,9983.977916,400.0,385689.5768592704,0.0,246387.63457141572,632077.2114306861,387380.18249174627,0.0,252462.27472822997,639842.4572199762
21,9984.707439,0.0,0.0,0.0,9984.707439,400.0,385689.5768592704,0.0,246387.63457141572,632077.2114306861,387380.18249174627,0.0,252462.27472822997,639842.4572199762
22,9985.308015,0.0,0.0,0.0,9985.308015,400.0,385689.5768592704,0.0,246387.63457141572,632077.2114306861,387380.18249174627,0.0,252462.27472822997,639842.4572199762
23,9985.908591,0.0,0.0,0.0,9985.908591,400.0,385689.5768592704,0.0,246387.63457141572,632077.2114306861,387380.18249174627,0.0,252462.27472822997,639842.4572199762
24,9986.509167,0.0,0.0,0.0,9986.509167,400.0,385689.5768592704,0.0,246387.63457141572,632077.2114306861,387380.18249174627,0.0,252462.27472822997,639842.4572199762
25,9987.109743,0.0,0.0,0.0,9987.109743,400.0,385689.5768592704,0.0,246387.63457141572,632077.2114306861,387380.18249174627,0.0,252462.27472822997,639842.4572199762
26,9987.388128,0.0,0.0,0.0,9987.388128,400.0,385689.5768592704,0.0,246387.63457141572,632077.2114306861,387380.18249174627,0.0,252462.27472822997,639842.4572199762
27,9987.58832,0.0,0.0,0.0,9987.58832,400.0,385689.5768592704,0.0,246387.63457141572,632077.2114306861,387380.18249174627,0.0,252462.27472822997,639842.4572199762
28,9987.788512,0.0,0.0,0.0,9987.788512,400.0,385689.5768592704,0.0,246387.63457141572,632077.2114306861,387380.18249174627,0.0,252462.27472822997,639842.4572199762
29,9987.988704,0.001034,0.0,0.0,9987.987669999999,400.0,385689.5768592704,0.0,246387.63457141572,632077.2114306861,387380.18249174627,0.0,252462.27472822997,639842.4572199762
30,9988.188896,0.003478,0.0,0.0,9988.185418,400.0,385689.5768592704,0.0,246387.63457141572,632077.2114306861,387380.18249174627,0.0,252462.27472822997,639842.4572199762
31,9988.258493,0.011122,0.0,0.0,9988.247371,400.0,385689.5768592704,0.0,246387.63457141572,632077.2114306861,387380.18249174627,0.0,252462.27472822997,639842.4572199762
32,9988.258493,0.020481000000000003,130.078334909084,0.0,10118.316346909083,514.468934719994,385689.5768592704,0.0,246387.63457141572,632077.2114306861,387380.18249174627,0.0,252462.27472822997,639842.4572199762
33,9988.258493,0.027699,876.592337363638,0.0,10864.823131363637,1285.87019159999,385689.5768592704,0.0,246387.63457141572,632077.2114306861,387380.18249174627,0.0,252462.27472822997,639842.4572199762
34,9988.258493,0.032418,876.597056363638,0.0,10864.823131363637,2057.2756012,385689.5768592704,0.0,246387.63457141572,632077.2114306861,387380.18249174627,0.0,252462.27472822997,639842.4572199762
35,9988.258493,0.032037,876.596675363638,0.0,10864.823131363637,2828.68067552,385689.5768592704,0.0,246387.63457141572,632077.2114306861,387380.18249174627,0.0,252462.27472822997,639842.4572199762
36,9988.358589,0.03469,876.499232363638,0.0,10864.823131363637,3600.0,385689.5768592704,0.0,246387.63457141572,632077.2114306861,387380.18249174627,0.0,252462.27472822997,639842.4572199762
37,9988.558781,0.028804,0.0,1000.0,8988.529977,2600.0,385689.5768592704,0.0,246387.63457141572,632077.2114306861,387380.18249174627,0.0,252462.27472822997,639842.4572199762
38,9988.758973,0.027181999999999998,0.0,1000.0,8988.731791,1600.0,385689.5768592704,0.0,246387.63457141572,632077.2114306861,387380.18249174627,0.0,252462.27472822997,639842.4572199762
39,9988.959165,0.021984000000000004,0.0,1000.0,8988.937181,600.0,385689.5768592704,0.0,246387.63457141572,632077.2114306861,387380.18249174627,0.0,252462.27472822997,639842.4572199762
40,9989.159357,0.013314000000000001,0.0,200.0,9789.146043,400.0,385689.5768592704,0.0,246387.63457141572,632077.2114306861,387380.18249174627,0.0,252462.27472822997,639842.4572199762
41,9989.359549,0.005107,0.0,0.0,9989.354442,400.0,385689.5768592704,0.0,246387.63457141572,632077.2114306861,387380.18249174627,0.0,252462.27472822997,639842.4572199762
42,9989.559741,0.0012900000000000001,0.0,0.0,9989.558450999999,400.0,385689.5768592704,0.0,246387.63457141572,632077.2114306861,387380.18249174627,0.0,252462.27472822997,639842.4572199762
43,9989.759933,8.9e-05,0.0,0.0,9989.759844,400.0,385689.5768592704,0.0,246387.63457141572,632077.2114306861,387380.18249174627,0.0,252462.27472822997,639842.4572199762
44,9989.960125,0.0,0.0,0.0,9989.960125,400.0,385689.5768592704,0.0,246387.63457141572,632077.2114306861,387380.18249174627,0.0,252462.27472822997,639842.4572199762
45,9990.160317,0.0,0.0,0.0,9990.160317,400.0,385689.5768592704,0.0,246387.63457141572,632077.2114306861,387380.18249174627,0.0,252462.27472822997,639842.4572199762
46,9990.399605,0.0,0.0,0.0,9990.399605,400.0,385689.5768592704,0.0,246387.63457141572,632077.2114306861,387380.18249174627,0.0,252462.27472822997,639842.4572199762
47,9990.799989,0.0,0.0,0.0,9990.799989,400.0,385689.5768592704,0.0,246387.63457141572,632077.2114306861,387380.18249174627,0.0,252462.27472822997,639842.4572199762
48,9991.200374,0.0,0.0,0.0,9991.200374,400.0,385689.5768592704,0.0,246387.63457141572,632077.2114306861,387380.18249174627,0.0,252462.27472822997,639842.4572199762
49,9991.600758,0.0,0.0,0.0,9991.600758,400.0,385689.5768592704,0.0,246387.63457141572,632077.2114306861,387380.18249174627,0.0,252462.27472822997,639842.4572199762
50,9992.001142,0.0,0.0,0.0,9992.001142,400.0,385689.5768592704,0.0,246387.63457141572,632077.2114306861,387380.18249174627,0.0,252462.27472822997,639842.4572199762
51,9992.582052,0.0,0.0,0.0,9992.582052,400.0,385689.5768592704,0.0,246387.63457141572,632077.2114306861,387380.18249174627,0.0,252462.27472822997,639842.4572199762
52,9997.186469,0.0,0.0,0.0,9997.186469,400.0,385689.5768592704,0.0,246387.63457141572,632077.2114306861,387380.18249174627,0.0,252462.27472822997,639842.4572199762
53,10001.79089,0.000609,0.0,0.0,10001.790281,400.0,385689.5768592704,0.0,246387.63457141572,632077.2114306861,387380.18249174627,0.0,252462.27472822997,639842.4572199762
54,10006.3953,0.0024089999999999997,0.0,0.0,10006.392891,400.0,385689.5768592704,0.0,246387.63457141572,632077.2114306861,387380.18249174627,0.0,252462.27472822997,639842.4572199762
55,10010.99972,0.01128,0.0,0.0,10010.98844,400.0,385689.5768592704,0.0,246387.63457141572,632077.2114306861,387380.18249174627,0.0,252462.27472822997,639842.4572199762
56,10015.60414,0.02066,316.031518909091,0.0,10331.61499890909,678.10773664,385689.5768592704,0.0,246387.63457141572,632077.2114306861,387380.18249174627,0.0,252462.27472822997,639842.4572199762
57,10023.06117,0.027455,841.789416363636,0.0,10864.823131363637,1418.88242304,385689.5768592704,0.0,246387.63457141572,632077.2114306861,387380.18249174627,0.0,252462.27472822997,639842.4572199762
58,10030.86866,0.032102,833.986573363636,0.0,10864.823131363637,2152.7906076,385689.5768592704,0.0,246387.63457141572,632077.2114306861,387380.18249174627,0.0,252462.27472822997,639842.4572199762
59,10038.67615,0.034928,826.181909363637,0.0,10864.823131363637,2879.83068784,385689.5768592704,0.0,246387.63457141572,632077.2114306861,387380.18249174627,0.0,252462.27472822997,639842.4572199762
60,10046.48364,0.034727,818.374218363637,0.0,10864.823131363637,3600.0,385689.5768592704,0.0,246387.63457141572,632077.2114306861,387380.18249174627,0.0,252462.27472822997,639842.4572199762
61,10054.29113,0.032856,0.0,1000.0,9054.258274,2600.0,385689.5768592704,0.0,246387.63457141572,632077.2114306861,387380.18249174627,0.0,252462.27472822997,639842.4572199762
62,10061.35968,0.029634,0.0,1000.0,9061.330046,1600.0,385689.5768592704,0.0,246387.63457141572,632077.2114306861,387380.18249174627,0.0,252462.27472822997,639842.4572199762
63,10068.16621,0.022777000000000002,0.0,200.0,9868.143433,1400.0,385689.5768592704,0.0,246387.63457141572,632077.2114306861,387380.18249174627,0.0,252462.27472822997,639842.4572199762
64,10074.97274,0.014113,0.0,1000.0,9074.958627,400.0,385689.5768592704,0.0,246387.63457141572,632077.2114306861,387380.18249174627,0.0,252462.27472822997,639842.4572199762
65,10081.77927,0.004682,0.0,0.0,10081.774588,400.0,385689.5768592704,0.0,246387.63457141572,632077.2114306861,387380.18249174627,0.0,252462.27472822997,639842.4572199762
66,10088.5858,0.000843,0.0,0.0,10088.584957000001,400.0,385689.5768592704,0.0,246387.63457141572,632077.2114306861,387380.18249174627,0.0,252462.27472822997,639842.4572199762
67,10095.04046,4.7000000000000004e-05,0.0,0.0,10095.040413,400.0,385689.5768592704,0.0,246387.63457141572,632077.2114306861,387380.18249174627,0.0,252462.27472822997,639842.4572199762
68,10101.24641,0.0,0.0,0.0,10101.24641,400.0,385689.5768592704,0.0,246387.63457141572,632077.2114306861,387380.18249174627,0.0,252462.27472822997,639842.4572199762
69,10107.45236,0.0,0.0,0.0,10107.45236,400.0,385689.5768592704,0.0,246387.63457141572,632077.2114306861,387380.18249174627,0.0,252462.27472822997,639842.4572199762
70,10113.65832,0.0,0.0,0.0,10113.65832,400.0,385689.5768592704,0.0,246387.63457141572,632077.2114306861,387380.18249174627,0.0,252462.27472822997,639842.4572199762
71,10119.86427,0.0,0.0,0.0,10119.86427,400.0,385689.5768592704,0.0,246387.63457141572,632077.2114306861,387380.18249174627,0.0,252462.27472822997,639842.4572199762
72,10123.11939,0.0,0.0,0.0,10123.11939,400.0,385689.5768592704,0.0,246387.63457141572,632077.2114306861,387380.18249174627,0.0,252462.27472822997,639842.4572199762
73,10122.51882,0.0,0.0,0.0,10122.51882,400.0,385689.5768592704,0.0,246387.63457141572,632077.2114306861,387380.18249174627,0.0,252462.27472822997,639842.4572199762
74,10121.91824,0.0,0.0,0.0,10121.91824,400.0,385689.5768592704,0.0,246387.63457141572,632077.2114306861,387380.18249174627,0.0,252462.27472822997,639842.4572199762
75,10121.31767,0.0,0.0,0.0,10121.31767,400.0,385689.5768592704,0.0,246387.63457141572,632077.2114306861,387380.18249174627,0.0,252462.27472822997,639842.4572199762
76,10120.71709,0.0,0.0,0.0,10120.71709,400.0,385689.5768592704,0.0,246387.63457141572,632077.2114306861,387380.18249174627,0.0,252462.27472822997,639842.4572199762
77,10119.83507,0.000608,0.0,0.0,10119.834461999999,400.0,385689.5768592704,0.0,246387.63457141572,632077.2114306861,387380.18249174627,0.0,252462.27472822997,639842.4572199762
78,10118.23353,0.002474,0.0,0.0,10118.231055999999,400.0,385689.5768592704,0.0,246387.63457141572,632077.2114306861,387380.18249174627,0.0,252462.27472822997,639842.4572199762
79,10116.63199,0.011217000000000001,0.0,0.0,10116.620773,400.0,385689.5768592704,0.0,246387.63457141572,632077.2114306861,387380.18249174627,0.0,252462.27472822997,639842.4572199762
80,10115.03046,0.020441,0.0,0.0,10115.010019,400.0,385689.5768592704,0.0,246387.63457141572,632077.2114306861,387380.18249174627,0.0,252462.27472822997,639842.4572199762
81,10113.42892,0.027786,0.0,0.0,10113.401134,400.0,385689.5768592704,0.0,246387.63457141572,632077.2114306861,387380.18249174627,0.0,252462.27472822997,639842.4572199762
82,10111.85317,0.0317,0.0,0.0,10111.82147,400.0,385689.5768592704,0.0,246387.63457141572,632077.2114306861,387380.18249174627,0.0,252462.27472822997,639842.4572199762
83,10110.45183,0.034685,0.0,0.0,10110.417145,400.0,385689.5768592704,0.0,246387.63457141572,632077.2114306861,387380.18249174627,0.0,252462.27472822997,639842.4572199762
84,10109.05049,0.035959000000000005,0.0,0.0,10109.014530999999,400.0,385689.5768592704,0.0,246387.63457141572,632077.2114306861,387380.18249174627,0.0,252462.27472822997,639842.4572199762
85,10107.64914,0.033516,0.0,0.0,10107.615624,400.0,385689.5768592704,0.0,246387.63457141572,632077.2114306861,387380.18249174627,0.0,252462.27472822997,639842.4572199762
86,10106.2478,0.029864,0.0,0.0,10106.217936,400.0,385689.5768592704,0.0,246387.63457141572,632077.2114306861,387380.18249174627,0.0,252462.27472822997,639842.4572199762
87,10104.84645,0.022779,0.0,0.0,10104.823670999998,400.0,385689.5768592704,0.0,246387.63457141572,632077.2114306861,387380.18249174627,0.0,252462.27472822997,639842.4572199762
88,10103.64059,0.014181,0.0,0.0,10103.626409,400.0,385689.5768592704,0.0,246387.63457141572,632077.2114306861,387380.18249174627,0.0,252462.27472822997,639842.4572199762
89,10102.43944,0.004759,0.0,0.0,10102.434681,400.0,385689.5768592704,0.0,246387.63457141572,632077.2114306861,387380.18249174627,0.0,252462.27472822997,639842.4572199762
90,10101.23829,0.000912,0.0,0.0,10101.237378,400.0,385689.5768592704,0.0,246387.63457141572,632077.2114306861,387380.18249174627,0.0,252462.27472822997,639842.4572199762
91,10100.03713,4.8e-05,0.0,0.0,10100.037082,400.0,385689.5768592704,0.0,246387.63457141572,632077.2114306861,387380.18249174627,0.0,252462.27472822997,639842.4572199762
92,10098.83598,0.0,0.0,0.0,10098.83598,400.0,385689.5768592704,0.0,246387.63457141572,632077.2114306861,387380.18249174627,0.0,252462.27472822997,639842.4572199762
93,10097.63483,0.0,0.0,0.0,10097.63483,400.0,385689.5768592704,0.0,246387.63457141572,632077.2114306861,387380.18249174627,0.0,252462.27472822997,639842.4572199762
94,10096.43368,0.0,0.0,0.0,10096.43368,400.0,385689.5768592704,0.0,246387.63457141572,632077.2114306861,387380.18249174627,0.0,252462.27472822997,639842.4572199762
95,10095.23252,0.0,0.0,0.0,10095.23252,400.0,385689.5768592704,0.0,246387.63457141572,632077.2114306861,387380.18249174627,0.0,252462.27472822997,639842.4572199762
96,10094.03137,0.0,0.0,0.0,10094.03137,400.0,385689.5768592704,0.0,246387.63457141572,632077.2114306861,387380.18249174627,0.0,252462.27472822997,639842.4572199762
97,10092.83022,0.0,0.0,0.0,10092.83022,400.0,385689.5768592704,0.0,246387.63457141572,632077.2114306861,387380.18249174627,0.0,252462.27472822997,639842.4572199762
98,10091.62907,0.0,0.0,0.0,10091.62907,400.0,385689.5768592704,0.0,246387.63457141572,632077.2114306861,387380.18249174627,0.0,252462.27472822997,639842.4572199762
99,10090.42792,0.0,0.0,0.0,10090.42792,400.0,385689.5768592704,0.0,246387.63457141572,632077.2114306861,387380.18249174627,0.0,252462.27472822997,639842.4572199762
100,10089.22676,0.0,0.0,0.0,10089.22676,400.0,385689.5768592704,0.0,246387.63457141572,632077.2114306861,387380.18249174627,0.0,252462.27472822997,639842.4572199762
101,10088.02561,0.0005629999999999999,0.0,0.0,10088.025047000001,400.0,385689.5768592704,0.0,246387.63457141572,632077.2114306861,387380.18249174627,0.0,252462.27472822997,639842.4572199762
102,10086.82446,0.00234,0.0,0.0,10086.82212,400.0,385689.5768592704,0.0,246387.63457141572,632077.2114306861,387380.18249174627,0.0,252462.27472822997,639842.4572199762
103,10085.93525,0.01103,0.0,0.0,10085.92422,400.0,385689.5768592704,0.0,246387.63457141572,632077.2114306861,387380.18249174627,0.0,252462.27472822997,639842.4572199762
104,10085.33468,0.020204999999999997,512.204226909087,0.0,10597.518701909086,850.739719679996,385689.5768592704,0.0,246387.63457141572,632077.2114306861,387380.18249174627,0.0,252462.27472822997,639842.4572199762
105,10084.7341,0.027524,780.116555363637,0.0,10864.823131363637,1537.2422884,385689.5768592704,0.0,246387.63457141572,632077.2114306861,387380.18249174627,0.0,252462.27472822997,639842.4572199762
106,10084.13352,0.032072,780.721683363638,0.0,10864.823131363637,2224.27736976,385689.5768592704,0.0,246387.63457141572,632077.2114306861,387380.18249174627,0.0,252462.27472822997,639842.4572199762
107,10083.53295,0.033186,781.323367363637,0.0,10864.823131363637,2911.84193304,385689.5768592704,0.0,246387.63457141572,632077.2114306861,387380.18249174627,0.0,252462.27472822997,639842.4572199762
108,10082.85889,0.033562,781.997803363638,0.0,10864.823131363637,3600.0,385689.5768592704,0.0,246387.63457141572,632077.2114306861,387380.18249174627,0.0,252462.27472822997,639842.4572199762
109,10082.05812,0.032205,0.0,1000.0,9082.025915,2600.0,385689.5768592704,0.0,246387.63457141572,632077.2114306861,387380.18249174627,0.0,252462.27472822997,639842.4572199762
110,10081.25735,0.027844,0.0,1000.0,9081.229506,1600.0,385689.5768592704,0.0,246387.63457141572,632077.2114306861,387380.18249174627,0.0,252462.27472822997,639842.4572199762
111,10080.45659,0.021654,0.0,1000.0,9080.434936,600.0,385689.5768592704,0.0,246387.63457141572,632077.2114306861,387380.18249174627,0.0,252462.27472822997,639842.4572199762
112,10079.65582,0.01279,0.0,200.0,9879.64303,400.0,385689.5768592704,0.0,246387.63457141572,632077.2114306861,387380.18249174627,0.0,252462.27472822997,639842.4572199762
113,10078.94101,0.005907,0.0,0.0,10078.935103,400.0,385689.5768592704,0.0,246387.63457141572,632077.2114306861,387380.18249174627,0.0,252462.27472822997,639842.4572199762
114,10078.54063,0.001408,0.0,0.0,10078.539222,400.0,385689.5768592704,0.0,246387.63457141572,632077.2114306861,387380.18249174627,0.0,252462.27472822997,639842.4572199762
115,10078.14025,0.0,0.0,0.0,10078.14025,400.0,385689.5768592704,0.0,246387.63457141572,632077.2114306861,387380.18249174627,0.0,252462.27472822997,639842.4572199762
116,10077.73986,0.0,0.0,0.0,10077.73986,400.0,385689.5768592704,0.0,246387.63457141572,632077.2114306861,387380.18249174627,0.0,252462.27472822997,639842.4572199762
117,10077.33948,0.0,0.0,0.0,10077.33948,400.0,385689.5768592704,0.0,246387.63457141572,632077.2114306861,387380.18249174627,0.0,252462.27472822997,639842.4572199762
118,10076.91413,0.0,0.0,0.0,10076.91413,400.0,385689.5768592704,0.0,246387.63457141572,632077.2114306861,387380.18249174627,0.0,252462.27472822997,639842.4572199762
119,10076.11336,0.0,0.0,0.0,10076.11336,400.0,385689.5768592704,0.0,246387.63457141572,632077.2114306861,387380.18249174627,0.0,252462.27472822997,639842.4572199762
120,10075.31259,0.0,0.0,0.0,10075.31259,400.0,385689.5768592704,0.0,246387.63457141572,632077.2114306861,387380.18249174627,0.0,252462.27472822997,639842.4572199762
121,10074.51182,0.0,0.0,0.0,10074.51182,400.0,385689.5768592704,0.0,246387.63457141572,632077.2114306861,387380.18249174627,0.0,252462.27472822997,639842.4572199762
122,10073.71106,0.0,0.0,0.0,10073.71106,400.0,385689.5768592704,0.0,246387.63457141572,632077.2114306861,387380.18249174627,0.0,252462.27472822997,639842.4572199762
123,10072.91029,0.0,0.0,0.0,10072.91029,400.0,385689.5768592704,0.0,246387.63457141572,632077.2114306861,387380.18249174627,0.0,252462.27472822997,639842.4572199762
124,10072.47387,0.0,0.0,0.0,10072.47387,400.0,385689.5768592704,0.0,246387.63457141572,632077.2114306861,387380.18249174627,0.0,252462.27472822997,639842.4572199762
125,10072.07348,0.000504,0.0,0.0,10072.072976,400.0,385689.5768592704,0.0,246387.63457141572,632077.2114306861,387380.18249174627,0.0,252462.27472822997,639842.4572199762
126,10071.6731,0.003089,0.0,0.0,10071.670011,400.0,385689.5768592704,0.0,246387.63457141572,632077.2114306861,387380.18249174627,0.0,252462.27472822997,639842.4572199762
127,10071.27272,0.01107,0.0,0.0,10071.26165,400.0,385689.5768592704,0.0,246387.63457141572,632077.2114306861,387380.18249174627,0.0,252462.27472822997,639842.4572199762
128,10070.87233,0.019995000000000002,0.0,0.0,10070.852335,400.0,385689.5768592704,0.0,246387.63457141572,632077.2114306861,387380.18249174627,0.0,252462.27472822997,639842.4572199762
129,10070.7753,0.021931000000000003,0.0,0.0,10070.753369,400.0,385689.5768592704,0.0,246387.63457141572,632077.2114306861,387380.18249174627,0.0,252462.27472822997,639842.4572199762
130,10070.7753,0.030221,0.0,0.0,10070.745078999998,400.0,385689.5768592704,0.0,246387.63457141572,632077.2114306861,387380.18249174627,0.0,252462.27472822997,639842.4572199762
131,10070.7753,0.033299999999999996,0.0,0.0,10070.742,400.0,385689.5768592704,0.0,246387.63457141572,632077.2114306861,387380.18249174627,0.0,252462.27472822997,639842.4572199762
132,10070.7753,0.032546,0.0,0.0,10070.742753999999,400.0,385689.5768592704,0.0,246387.63457141572,632077.2114306861,387380.18249174627,0.0,252462.27472822997,639842.4572199762
133,10070.7753,0.031402,0.0,0.0,10070.743897999999,400.0,385689.5768592704,0.0,246387.63457141572,632077.2114306861,387380.18249174627,0.0,252462.27472822997,639842.4572199762
134,10070.7753,0.027749,0.0,0.0,10070.747550999999,400.0,385689.5768592704,0.0,246387.63457141572,632077.2114306861,387380.18249174627,0.0,252462.27472822997,639842.4572199762
135,10070.7753,0.020405000000000003,0.0,0.0,10070.754895,400.0,385689.5768592704,0.0,246387.63457141572,632077.2114306861,387380.18249174627,0.0,252462.27472822997,639842.4572199762
136,10070.7753,0.010266,0.0,0.0,10070.765034,400.0,385689.5768592704,0.0,246387.63457141572,632077.2114306861,387380.18249174627,0.0,252462.27472822997,639842.4572199762
137,10070.7753,0.002768,0.0,0.0,10070.772531999999,400.0,385689.5768592704,0.0,246387.63457141572,632077.2114306861,387380.18249174627,0.0,252462.27472822997,639842.4572199762
138,10070.7753,0.002026,0.0,0.0,10070.773274,400.0,385689.5768592704,0.0,246387.63457141572,632077.2114306861,387380.18249174627,0.0,252462.27472822997,639842.4572199762
139,10070.7753,0.0,0.0,0.0,10070.7753,400.0,385689.5768592704,0.0,246387.63457141572,632077.2114306861,387380.18249174627,0.0,252462.27472822997,639842.4572199762
140,10070.7753,0.0,0.0,0.0,10070.7753,400.0,385689.5768592704,0.0,246387.63457141572,632077.2114306861,387380.18249174627,0.0,252462.27472822997,639842.4572199762
141,10070.7753,0.0,0.0,0.0,10070.7753,400.0,385689.5768592704,0.0,246387.63457141572,632077.2114306861,387380.18249174627,0.0,252462.27472822997,639842.4572199762
142,10070.7753,0.0,0.0,0.0,10070.7753,400.0,385689.5768592704,0.0,246387.63457141572,632077.2114306861,387380.18249174627,0.0,252462.27472822997,639842.4572199762
143,10070.7753,0.0,0.0,0.0,10070.7753,400.0,385689.5768592704,0.0,246387.63457141572,632077.2114306861,387380.18249174627,0.0,252462.27472822997,639842.4572199762
144,10070.89565,0.0,0.0,0.0,10070.89565,400.0,385689.5768592704,0.0,246387.63457141572,632077.2114306861,387380.18249174627,0.0,252462.27472822997,639842.4572199762
145,10071.29603,0.0,0.0,0.0,10071.29603,400.0,385689.5768592704,0.0,246387.63457141572,632077.2114306861,387380.18249174627,0.0,252462.27472822997,639842.4572199762
146,10071.69642,0.0,0.0,0.0,10071.69642,400.0,385689.5768592704,0.0,246387.63457141572,632077.2114306861,387380.18249174627,0.0,252462.27472822997,639842.4572199762
147,10072.0968,0.0,0.0,0.0,10072.0968,400.0,385689.5768592704,0.0,246387.63457141572,632077.2114306861,387380.18249174627,0.0,252462.27472822997,639842.4572199762
148,10072.49719,0.0,0.0,0.0,10072.49719,400.0,385689.5768592704,0.0,246387.63457141572,632077.2114306861,387380.18249174627,0.0,252462.27472822997,639842.4572199762
149,10072.83822,0.000629,0.0,0.0,10072.837591,400.0,385689.5768592704,0.0,246387.63457141572,632077.2114306861,387380.18249174627,0.0,252462.27472822997,639842.4572199762
150,10072.83822,0.00226,0.0,0.0,10072.83596,400.0,385689.5768592704,0.0,246387.63457141572,632077.2114306861,387380.18249174627,0.0,252462.27472822997,639842.4572199762
151,10072.83822,0.010535000000000001,0.0,0.0,10072.827685,400.0,385689.5768592704,0.0,246387.63457141572,632077.2114306861,387380.18249174627,0.0,252462.27472822997,639842.4572199762
152,10072.83822,0.019365,0.0,0.0,10072.818855,400.0,385689.5768592704,0.0,246387.63457141572,632077.2114306861,387380.18249174627,0.0,252462.27472822997,639842.4572199762
153,10072.83822,0.02729,0.0,0.0,10072.81093,400.0,385689.5768592704,0.0,246387.63457141572,632077.2114306861,387380.18249174627,0.0,252462.27472822997,639842.4572199762
154,10072.83822,0.0334,0.0,0.0,10072.80482,400.0,385689.5768592704,0.0,246387.63457141572,632077.2114306861,387380.18249174627,0.0,252462.27472822997,639842.4572199762
155,10073.03759,0.032207,0.0,0.0,10073.005383,400.0,385689.5768592704,0.0,246387.63457141572,632077.2114306861,387380.18249174627,0.0,252462.27472822997,639842.4572199762
156,10073.23778,0.030143,0.0,0.0,10073.207637,400.0,385689.5768592704,0.0,246387.63457141572,632077.2114306861,387380.18249174627,0.0,252462.27472822997,639842.4572199762
157,10073.43797,0.029483000000000002,0.0,0.0,10073.408487,400.0,385689.5768592704,0.0,246387.63457141572,632077.2114306861,387380.18249174627,0.0,252462.27472822997,639842.4572199762
158,10073.63816,0.011029,0.0,0.0,10073.627131000001,400.0,385689.5768592704,0.0,246387.63457141572,632077.2114306861,387380.18249174627,0.0,252462.27472822997,639842.4572199762
159,10073.83835,0.002316,0.0,0.0,10073.836034,400.0,385689.5768592704,0.0,246387.63457141572,632077.2114306861,387380.18249174627,0.0,252462.27472822997,639842.4572199762
160,10073.86968,0.001569,0.0,0.0,10073.868111,400.0,385689.5768592704,0.0,246387.63457141572,632077.2114306861,387380.18249174627,0.0,252462.27472822997,639842.4572199762
161,10073.86968,0.0,0.0,0.0,10073.86968,400.0,385689.5768592704,0.0,246387.63457141572,632077.2114306861,387380.18249174627,0.0,252462.27472822997,639842.4572199762
162,10073.86968,1.3e-05,0.0,0.0,10073.869666999999,400.0,385689.5768592704,0.0,246387.63457141572,632077.2114306861,387380.18249174627,0.0,252462.27472822997,639842.4572199762
163,10073.86968,0.0,0.0,0.0,10073.86968,400.0,385689.5768592704,0.0,246387.63457141572,632077.2114306861,387380.18249174627,0.0,252462.27472822997,639842.4572199762
164,10073.86968,0.0,0.0,0.0,10073.86968,400.0,385689.5768592704,0.0,246387.63457141572,632077.2114306861,387380.18249174627,0.0,252462.27472822997,639842.4572199762
165,10073.73131,0.0,0.0,0.0,10073.73131,400.0,385689.5768592704,0.0,246387.63457141572,632077.2114306861,387380.18249174627,0.0,252462.27472822997,639842.4572199762
166,10073.53112,0.0,0.0,0.0,10073.53112,400.0,385689.5768592704,0.0,246387.63457141572,632077.2114306861,387380.18249174627,0.0,252462.27472822997,639842.4572199762
167,10073.33093,0.0,0.0,0.0,10073.33093,400.0,385689.5768592704,0.0,246387.63457141572,632077.2114306861,387380.18249174627,0.0,252462.27472822997,639842.4572199762
168,10073.13073,0.0,0.0,0.0,10073.13073,400.0,385689.5768592704,0.0,246387.63457141572,632077.2114306861,387380.18249174627,0.0,252462.27472822997,639842.4572199762
169,10072.93054,0.0,0.0,0.0,10072.93054,400.0,385689.5768592704,0.0,246387.63457141572,632077.2114306861,387380.18249174627,0.0,252462.27472822997,639842.4572199762
170,10072.73035,0.0,0.0,0.0,10072.73035,400.0,385689.5768592704,0.0,246387.63457141572,632077.2114306861,387380.18249174627,0.0,252462.27472822997,639842.4572199762
171,10072.53016,0.0,0.0,0.0,10072.53016,400.0,385689.5768592704,0.0,246387.63457141572,632077.2114306861,387380.18249174627,0.0,252462.27472822997,639842.4572199762
172,10072.32997,0.0,0.0,0.0,10072.32997,400.0,385689.5768592704,0.0,246387.63457141572,632077.2114306861,387380.18249174627,0.0,252462.27472822997,639842.4572199762
173,10072.12977,0.0009090000000000001,0.0,0.0,10072.128861,400.0,385689.5768592704,0.0,246387.63457141572,632077.2114306861,387380.18249174627,0.0,252462.27472822997,639842.4572199762
174,10071.92958,0.002754,0.0,0.0,10071.926826,400.0,385689.5768592704,0.0,246387.63457141572,632077.2114306861,387380.18249174627,0.0,252462.27472822997,639842.4572199762
175,10071.80676,0.010827,0.0,0.0,10071.795933,400.0,385689.5768592704,0.0,246387.63457141572,632077.2114306861,387380.18249174627,0.0,252462.27472822997,639842.4572199762
176,10071.80676,0.019071,464.172406909087,0.0,10535.960095909086,808.471718079997,385689.5768592704,0.0,246387.63457141572,632077.2114306861,387380.18249174627,0.0,252462.27472822997,639842.4572199762
177,10071.80676,0.027030000000000002,793.043401363637,0.0,10864.823131363637,1506.34991128,385689.5768592704,0.0,246387.63457141572,632077.2114306861,387380.18249174627,0.0,252462.27472822997,639842.4572199762
178,10071.80676,0.031781,793.048152363637,0.0,10864.823131363637,2204.23228536,385689.5768592704,0.0,246387.63457141572,632077.2114306861,387380.18249174627,0.0,252462.27472822997,639842.4572199762
179,10071.80676,0.033946,793.050317363637,0.0,10864.823131363637,2902.11656464,385689.5768592704,0.0,246387.63457141572,632077.2114306861,387380.18249174627,0.0,252462.27472822997,639842.4572199762
180,10071.80676,0.032987,793.049358363638,0.0,10864.823131363637,3600.0,385689.5768592704,0.0,246387.63457141572,632077.2114306861,387380.18249174627,0.0,252462.27472822997,639842.4572199762
181,10071.80676,0.030102,0.0,1000.0,9071.776657999999,2600.0,385689.5768592704,0.0,246387.63457141572,632077.2114306861,387380.18249174627,0.0,252462.27472822997,639842.4572199762
182,10071.80676,0.026912,0.0,1000.0,9071.779848,1600.0,385689.5768592704,0.0,246387.63457141572,632077.2114306861,387380.18249174627,0.0,252462.27472822997,639842.4572199762
183,10071.80676,0.012662000000000001,0.0,1000.0,9071.794098,600.0,385689.5768592704,0.0,246387.63457141572,632077.2114306861,387380.18249174627,0.0,252462.27472822997,639842.4572199762
184,10071.80676,0.0015760000000000001,0.0,200.0,9871.805183999999,400.0,385689.5768592704,0.0,246387.63457141572,632077.2114306861,387380.18249174627,0.0,252462.27472822997,639842.4572199762
185,10071.87223,0.000666,0.0,0.0,10071.871564000001,400.0,385689.5768592704,0.0,246387.63457141572,632077.2114306861,387380.18249174627,0.0,252462.27472822997,639842.4572199762
186,10072.673,0.0,0.0,0.0,10072.673,400.0,385689.5768592704,0.0,246387.63457141572,632077.2114306861,387380.18249174627,0.0,252462.27472822997,639842.4572199762
187,10073.47377,0.0,0.0,0.0,10073.47377,400.0,385689.5768592704,0.0,246387.63457141572,632077.2114306861,387380.18249174627,0.0,252462.27472822997,639842.4572199762
188,10074.27454,0.0,0.0,0.0,10074.27454,400.0,385689.5768592704,0.0,246387.63457141572,632077.2114306861,387380.18249174627,0.0,252462.27472822997,639842.4572199762
189,10075.07531,0.0,0.0,0.0,10075.07531,400.0,385689.5768592704,0.0,246387.63457141572,632077.2114306861,387380.18249174627,0.0,252462.27472822997,639842.4572199762
190,10075.87607,0.0,0.0,0.0,10075.87607,400.0,385689.5768592704,0.0,246387.63457141572,632077.2114306861,387380.18249174627,0.0,252462.27472822997,639842.4572199762
191,10077.04896,0.0,0.0,0.0,10077.04896,400.0,385689.5768592704,0.0,246387.63457141572,632077.2114306861,387380.18249174627,0.0,252462.27472822997,639842.4572199762
192,10078.25012,0.0,0.0,0.0,10078.25012,400.0,385689.5768592704,0.0,246387.63457141572,632077.2114306861,387380.18249174627,0.0,252462.27472822997,639842.4572199762
193,10079.45127,0.0,0.0,0.0,10079.45127,400.0,385689.5768592704,0.0,246387.63457141572,632077.2114306861,387380.18249174627,0.0,252462.27472822997,639842.4572199762
194,10080.65242,0.0,0.0,0.0,10080.65242,400.0,385689.5768592704,0.0,246387.63457141572,632077.2114306861,387380.18249174627,0.0,252462.27472822997,639842.4572199762
195,10081.85357,0.0,0.0,0.0,10081.85357,400.0,385689.5768592704,0.0,246387.63457141572,632077.2114306861,387380.18249174627,0.0,252462.27472822997,639842.4572199762
196,10083.21029,0.0,0.0,0.0,10083.21029,400.0,385689.5768592704,0.0,246387.63457141572,632077.2114306861,387380.18249174627,0.0,252462.27472822997,639842.4572199762
197,10084.61163,0.0008060000000000001,0.0,0.0,10084.610824,400.0,385689.5768592704,0.0,246387.63457141572,632077.2114306861,387380.18249174627,0.0,252462.27472822997,639842.4572199762
198,10086.01297,0.002196,0.0,0.0,10086.010774,400.0,385689.5768592704,0.0,246387.63457141572,632077.2114306861,387380.18249174627,0.0,252462.27472822997,639842.4572199762
199,10087.41432,0.01085,0.0,0.0,10087.40347,400.0,385689.5768592704,0.0,246387.63457141572,632077.2114306861,387380.18249174627,0.0,252462.27472822997,639842.4572199762
200,10088.81566,0.019733,544.52262390909,0.0,10633.31855090909,879.179909039999,385689.5768592704,0.0,246387.63457141572,632077.2114306861,387380.18249174627,0.0,252462.27472822997,639842.4572199762
201,10090.09195,0.026563,774.757744363636,0.0,10864.823131363637,1560.96672408,385689.5768592704,0.0,246387.63457141572,632077.2114306861,387380.18249174627,0.0,252462.27472822997,639842.4572199762
202,10091.2931,0.033507,773.563538363636,0.0,10864.823131363637,2241.70263784,385689.5768592704,0.0,246387.63457141572,632077.2114306861,387380.18249174627,0.0,252462.27472822997,639842.4572199762
203,10092.49425,0.030535,772.359416363637,0.0,10864.823131363637,2921.37892424,385689.5768592704,0.0,246387.63457141572,632077.2114306861,387380.18249174627,0.0,252462.27472822997,639842.4572199762
204,10093.6954,0.032582,771.160313363636,0.0,10864.823131363637,3600.0,385689.5768592704,0.0,246387.63457141572,632077.2114306861,387380.18249174627,0.0,252462.27472822997,639842.4572199762
205,10094.89656,0.018205,0.0,1000.0,9094.878354999999,2600.0,385689.5768592704,0.0,246387.63457141572,632077.2114306861,387380.18249174627,0.0,252462.27472822997,639842.4572199762
206,10096.09771,0.020461,0.0,1000.0,9096.077249,1600.0,385689.5768592704,0.0,246387.63457141572,632077.2114306861,387380.18249174627,0.0,252462.27472822997,639842.4572199762
207,10097.29886,0.006957,0.0,1000.0,9097.291903000001,600.0,385689.5768592704,0.0,246387.63457141572,632077.2114306861,387380.18249174627,0.0,252462.27472822997,639842.4572199762
208,10098.50001,0.006189,0.0,200.0,9898.493821,400.0,385689.5768592704,0.0,246387.63457141572,632077.2114306861,387380.18249174627,0.0,252462.27472822997,639842.4572199762
209,10099.70116,0.003771,0.0,0.0,10099.697389,400.0,385689.5768592704,0.0,246387.63457141572,632077.2114306861,387380.18249174627,0.0,252462.27472822997,639842.4572199762
210,10100.90232,0.000944,0.0,0.0,10100.901376,400.0,385689.5768592704,0.0,246387.63457141572,632077.2114306861,387380.18249174627,0.0,252462.27472822997,639842.4572199762
211,10102.29565,0.0,0.0,0.0,10102.29565,400.0,385689.5768592704,0.0,246387.63457141572,632077.2114306861,387380.18249174627,0.0,252462.27472822997,639842.4572199762
212,10104.09738,0.0,0.0,0.0,10104.09738,400.0,385689.5768592704,0.0,246387.63457141572,632077.2114306861,387380.18249174627,0.0,252462.27472822997,639842.4572199762
213,10105.89911,0.0,0.0,0.0,10105.89911,400.0,385689.5768592704,0.0,246387.63457141572,632077.2114306861,387380.18249174627,0.0,252462.27472822997,639842.4572199762
214,10107.70084,0.0,0.0,0.0,10107.70084,400.0,385689.5768592704,0.0,246387.63457141572,632077.2114306861,387380.18249174627,0.0,252462.27472822997,639842.4572199762
215,10109.50257,0.0,0.0,0.0,10109.50257,400.0,385689.5768592704,0.0,246387.63457141572,632077.2114306861,387380.18249174627,0.0,252462.27472822997,639842.4572199762
216,10111.40498,0.0,0.0,0.0,10111.40498,400.0,385689.5768592704,0.0,246387.63457141572,632077.2114306861,387380.18249174627,0.0,252462.27472822997,639842.4572199762
217,10113.80728,0.0,0.0,0.0,10113.80728,400.0,385689.5768592704,0.0,246387.63457141572,632077.2114306861,387380.18249174627,0.0,252462.27472822997,639842.4572199762
218,10116.20959,0.0,0.0,0.0,10116.20959,400.0,385689.5768592704,0.0,246387.63457141572,632077.2114306861,387380.18249174627,0.0,252462.27472822997,639842.4572199762
219,10118.61189,0.0,0.0,0.0,10118.61189,400.0,385689.5768592704,0.0,246387.63457141572,632077.2114306861,387380.18249174627,0.0,252462.27472822997,639842.4572199762
220,10121.0142,0.0,0.0,0.0,10121.0142,400.0,385689.5768592704,0.0,246387.63457141572,632077.2114306861,387380.18249174627,0.0,252462.27472822997,639842.4572199762
221,10123.40732,0.000126,0.0,0.0,10123.407194,400.0,385689.5768592704,0.0,246387.63457141572,632077.2114306861,387380.18249174627,0.0,252462.27472822997,639842.4572199762
222,10125.20905,0.0038889999999999997,0.0,0.0,10125.205161,400.0,385689.5768592704,0.0,246387.63457141572,632077.2114306861,387380.18249174627,0.0,252462.27472822997,639842.4572199762
223,10127.01077,0.0076289999999999995,0.0,0.0,10127.003141000001,400.0,385689.5768592704,0.0,246387.63457141572,632077.2114306861,387380.18249174627,0.0,252462.27472822997,639842.4572199762
224,10128.8125,0.011368000000000001,710.780811909086,0.0,10839.581943909086,1025.48711448,385689.5768592704,0.0,246387.63457141572,632077.2114306861,387380.18249174627,0.0,252462.27472822997,639842.4572199762
225,10130.61423,0.016092,734.224993363638,0.0,10864.823131363637,1671.60510864,385689.5768592704,0.0,246387.63457141572,632077.2114306861,387380.18249174627,0.0,252462.27472822997,639842.4572199762
226,10132.41596,0.018986,732.426157363636,0.0,10864.823131363637,2316.14012712,385689.5768592704,0.0,246387.63457141572,632077.2114306861,387380.18249174627,0.0,252462.27472822997,639842.4572199762
227,10134.39044,0.033692,730.466383363639,0.0,10864.823131363637,2958.95054448,385689.5768592704,0.0,246387.63457141572,632077.2114306861,387380.18249174627,0.0,252462.27472822997,639842.4572199762
228,10136.39236,0.034519,728.465290363638,0.0,10864.823131363637,3600.0,385689.5768592704,0.0,246387.63457141572,632077.2114306861,387380.18249174627,0.0,252462.27472822997,639842.4572199762
229,10138.39428,0.032301,0.0,1000.0,9138.361979000001,2600.0,385689.5768592704,0.0,246387.63457141572,632077.2114306861,387380.18249174627,0.0,252462.27472822997,639842.4572199762
230,10140.3962,0.022096,0.0,1000.0,9140.374103999999,1600.0,385689.5768592704,0.0,246387.63457141572,632077.2114306861,387380.18249174627,0.0,252462.27472822997,639842.4572199762
231,10142.39812,0.022154,0.0,1000.0,9142.375966,600.0,385689.5768592704,0.0,246387.63457141572,632077.2114306861,387380.18249174627,0.0,252462.27472822997,639842.4572199762
232,10144.5423,0.013575,0.0,200.0,9944.528724999998,400.0,385689.5768592704,0.0,246387.63457141572,632077.2114306861,387380.18249174627,0.0,252462.27472822997,639842.4572199762
233,10146.74441,0.00523,0.0,0.0,10146.739179999999,400.0,385689.5768592704,0.0,246387.63457141572,632077.2114306861,387380.18249174627,0.0,252462.27472822997,639842.4572199762
234,10148.94652,0.0016690000000000001,0.0,0.0,10148.944851,400.0,385689.5768592704,0.0,246387.63457141572,632077.2114306861,387380.18249174627,0.0,252462.27472822997,639842.4572199762
235,10151.14864,0.00016600000000000002,0.0,0.0,10151.148474,400.0,385689.5768592704,0.0,246387.63457141572,632077.2114306861,387380.18249174627,0.0,252462.27472822997,639842.4572199762
236,10153.35075,0.0,0.0,0.0,10153.35075,400.0,385689.5768592704,0.0,246387.63457141572,632077.2114306861,387380.18249174627,0.0,252462.27472822997,639842.4572199762
237,10155.55286,0.0,0.0,0.0,10155.55286,400.0,385689.5768592704,0.0,246387.63457141572,632077.2114306861,387380.18249174627,0.0,252462.27472822997,639842.4572199762
238,10157.75497,0.0,0.0,0.0,10157.75497,400.0,385689.5768592704,0.0,246387.63457141572,632077.2114306861,387380.18249174627,0.0,252462.27472822997,639842.4572199762
239,10159.95709,0.0,0.0,0.0,10159.95709,400.0,385689.5768592704,0.0,246387.63457141572,632077.2114306861,387380.18249174627,0.0,252462.27472822997,639842.4572199762
240,10162.1592,0.0,0.0,0.0,10162.1592,400.0,385689.5768592704,0.0,246387.63457141572,632077.2114306861,387380.18249174627,0.0,252462.27472822997,639842.4572199762
241,10164.36131,0.0,0.0,0.0,10164.36131,400.0,385689.5768592704,0.0,246387.63457141572,632077.2114306861,387380.18249174627,0.0,252462.27472822997,639842.4572199762
242,10166.64468,0.0,0.0,0.0,10166.64468,400.0,385689.5768592704,0.0,246387.63457141572,632077.2114306861,387380.18249174627,0.0,252462.27472822997,639842.4572199762
243,10169.04698,0.0,0.0,0.0,10169.04698,400.0,385689.5768592704,0.0,246387.63457141572,632077.2114306861,387380.18249174627,0.0,252462.27472822997,639842.4572199762
244,10171.44929,0.0,0.0,0.0,10171.44929,400.0,385689.5768592704,0.0,246387.63457141572,632077.2114306861,387380.18249174627,0.0,252462.27472822997,639842.4572199762
245,10173.85159,0.000506,0.0,0.0,10173.851084,400.0,385689.5768592704,0.0,246387.63457141572,632077.2114306861,387380.18249174627,0.0,252462.27472822997,639842.4572199762
246,10176.2539,0.0022370000000000003,0.0,0.0,10176.251663,400.0,385689.5768592704,0.0,246387.63457141572,632077.2114306861,387380.18249174627,0.0,252462.27472822997,639842.4572199762
247,10178.70695,0.010796,244.712533545451,0.0,10423.40868754545,615.347029519997,385689.5768592704,0.0,246387.63457141572,632077.2114306861,387380.18249174627,0.0,252462.27472822997,639842.4572199762
248,10181.30945,0.020328,683.534009363637,0.0,10864.823131363637,1216.85695776,385689.5768592704,0.0,246387.63457141572,632077.2114306861,387380.18249174627,0.0,252462.27472822997,639842.4572199762
249,10183.91195,0.027762000000000002,680.938943363637,0.0,10864.823131363637,1816.08322792,385689.5768592704,0.0,246387.63457141572,632077.2114306861,387380.18249174627,0.0,252462.27472822997,639842.4572199762
250,10186.51444,0.030046,678.338737363636,0.0,10864.823131363637,2413.0213168,385689.5768592704,0.0,246387.63457141572,632077.2114306861,387380.18249174627,0.0,252462.27472822997,639842.4572199762
251,10189.11694,0.035845,675.742036363637,0.0,10864.823131363637,3007.6743088,385689.5768592704,0.0,246387.63457141572,632077.2114306861,387380.18249174627,0.0,252462.27472822997,639842.4572199762
252,10191.75995,0.034195,673.097376363638,0.0,10864.823131363637,3600.0,385689.5768592704,0.0,246387.63457141572,632077.2114306861,387380.18249174627,0.0,252462.27472822997,639842.4572199762
253,10194.76283,0.03194,0.0,1000.0,9194.730889999999,2600.0,385689.5768592704,0.0,246387.63457141572,632077.2114306861,387380.18249174627,0.0,252462.27472822997,639842.4572199762
254,10197.76571,0.028276,0.0,1000.0,9197.737434,1600.0,385689.5768592704,0.0,246387.63457141572,632077.2114306861,387380.18249174627,0.0,252462.27472822997,639842.4572199762
255,10200.76859,0.021703,0.0,1000.0,9200.746887,600.0,385689.5768592704,0.0,246387.63457141572,632077.2114306861,387380.18249174627,0.0,252462.27472822997,639842.4572199762
256,10203.77147,0.014798,0.0,200.0,10003.756672,400.0,385689.5768592704,0.0,246387.63457141572,632077.2114306861,387380.18249174627,0.0,252462.27472822997,639842.4572199762
257,10206.77435,0.0040750000000000005,0.0,0.0,10206.770274999999,400.0,385689.5768592704,0.0,246387.63457141572,632077.2114306861,387380.18249174627,0.0,252462.27472822997,639842.4572199762
258,10210.34707,0.001767,0.0,0.0,10210.345303,400.0,385689.5768592704,0.0,246387.63457141572,632077.2114306861,387380.18249174627,0.0,252462.27472822997,639842.4572199762
259,10213.95053,0.0,0.0,0.0,10213.95053,400.0,385689.5768592704,0.0,246387.63457141572,632077.2114306861,387380.18249174627,0.0,252462.27472822997,639842.4572199762
260,10217.55399,0.0,0.0,0.0,10217.55399,400.0,385689.5768592704,0.0,246387.63457141572,632077.2114306861,387380.18249174627,0.0,252462.27472822997,639842.4572199762
261,10221.15744,0.0,0.0,0.0,10221.15744,400.0,385689.5768592704,0.0,246387.63457141572,632077.2114306861,387380.18249174627,0.0,252462.27472822997,639842.4572199762
262,10224.7609,0.0,0.0,0.0,10224.7609,400.0,385689.5768592704,0.0,246387.63457141572,632077.2114306861,387380.18249174627,0.0,252462.27472822997,639842.4572199762
263,10229.00214,0.0,0.0,0.0,10229.00214,400.0,385689.5768592704,0.0,246387.63457141572,632077.2114306861,387380.18249174627,0.0,252462.27472822997,639842.4572199762
264,10233.40637,0.0,0.0,0.0,10233.40637,400.0,385689.5768592704,0.0,246387.63457141572,632077.2114306861,387380.18249174627,0.0,252462.27472822997,639842.4572199762
265,10237.81059,0.0,0.0,0.0,10237.81059,400.0,385689.5768592704,0.0,246387.63457141572,632077.2114306861,387380.18249174627,0.0,252462.27472822997,639842.4572199762
266,10242.21482,0.0,0.0,0.0,10242.21482,400.0,385689.5768592704,0.0,246387.63457141572,632077.2114306861,387380.18249174627,0.0,252462.27472822997,639842.4572199762
267,10246.61904,0.0,0.0,0.0,10246.61904,400.0,385689.5768592704,0.0,246387.63457141572,632077.2114306861,387380.18249174627,0.0,252462.27472822997,639842.4572199762
268,10250.63643,0.0,0.0,0.0,10250.63643,400.0,385689.5768592704,0.0,246387.63457141572,632077.2114306861,387380.18249174627,0.0,252462.27472822997,639842.4572199762
269,10254.44008,0.00047,0.0,0.0,10254.43961,400.0,385689.5768592704,0.0,246387.63457141572,632077.2114306861,387380.18249174627,0.0,252462.27472822997,639842.4572199762
270,10258.24372,0.002856,82.9884351818109,0.0,10341.229299181812,473.029822959994,385689.5768592704,0.0,246387.63457141572,632077.2114306861,387380.18249174627,0.0,252462.27472822997,639842.4572199762
271,10262.04737,0.011472,602.787233363637,0.0,10864.823131363637,1003.48258831999,385689.5768592704,0.0,246387.63457141572,632077.2114306861,387380.18249174627,0.0,252462.27472822997,639842.4572199762
272,10265.85102,0.020707,598.992818363637,0.0,10864.823131363637,1530.59626847999,385689.5768592704,0.0,246387.63457141572,632077.2114306861,387380.18249174627,0.0,252462.27472822997,639842.4572199762
273,10270.04846,0.027146999999999998,594.801818363638,0.0,10864.823131363637,2054.02186864,385689.5768592704,0.0,246387.63457141572,632077.2114306861,387380.18249174627,0.0,252462.27472822997,639842.4572199762
274,10274.65288,0.026755,590.197006363638,0.0,10864.823131363637,2573.39523424,385689.5768592704,0.0,246387.63457141572,632077.2114306861,387380.18249174627,0.0,252462.27472822997,639842.4572199762
275,10279.2573,0.036135,585.601966363638,0.0,10864.823131363637,3088.72496464,385689.5768592704,0.0,246387.63457141572,632077.2114306861,387380.18249174627,0.0,252462.27472822997,639842.4572199762
276,10283.86171,0.032937,580.994358363638,0.0,10864.823131363637,3600.0,385689.5768592704,0.0,246387.63457141572,632077.2114306861,387380.18249174627,0.0,252462.27472822997,639842.4572199762
277,10288.46613,0.030435,0.0,1000.0,9288.435695,2600.0,385689.5768592704,0.0,246387.63457141572,632077.2114306861,387380.18249174627,0.0,252462.27472822997,639842.4572199762
278,10293.07055,0.027739,0.0,1000.0,9293.042811000001,1600.0,385689.5768592704,0.0,246387.63457141572,632077.2114306861,387380.18249174627,0.0,252462.27472822997,639842.4572199762
279,10297.67496,0.02261,0.0,826.692718125001,9470.959631875,773.307281874999,385689.5768592704,0.0,246387.63457141572,632077.2114306861,387380.18249174627,0.0,252462.27472822997,639842.4572199762
280,10302.27938,0.014082,0.0,65.7178993750003,10236.547398625,707.589382499998,385689.5768592704,0.0,246387.63457141572,632077.2114306861,387380.18249174627,0.0,252462.27472822997,639842.4572199762
281,10306.8838,0.005272000000000001,0.0,70.3311293749994,10236.547398625,637.258253124999,385689.5768592704,0.0,246387.63457141572,632077.2114306861,387380.18249174627,0.0,252462.27472822997,639842.4572199762
282,10311.48821,0.0020009999999999997,0.0,74.9388103749989,10236.547398625,562.31944275,385689.5768592704,0.0,246387.63457141572,632077.2114306861,387380.18249174627,0.0,252462.27472822997,639842.4572199762
283,10315.90539,0.0,0.0,79.357991375,10236.547398625,482.961451375,385689.5768592704,0.0,246387.63457141572,632077.2114306861,387380.18249174627,0.0,252462.27472822997,639842.4572199762
284,10319.50885,0.0,0.0,82.9614513750003,10236.547398625,400.0,385689.5768592704,0.0,246387.63457141572,632077.2114306861,387380.18249174627,0.0,252462.27472822997,639842.4572199762
285,10323.11231,0.0,0.0,0.0,10323.11231,400.0,385689.5768592704,0.0,246387.63457141572,632077.2114306861,387380.18249174627,0.0,252462.27472822997,639842.4572199762
286,10326.71576,0.0,0.0,0.0,10326.71576,400.0,385689.5768592704,0.0,246387.63457141572,632077.2114306861,387380.18249174627,0.0,252462.27472822997,639842.4572199762
287,10330.31922,0.0,0.0,0.0,10330.31922,400.0,385689.5768592704,0.0,246387.63457141572,632077.2114306861,387380.18249174627,0.0,252462.27472822997,639842.4572199762
288,10333.92268,0.0,0.0,0.0,10333.92268,400.0,385689.5768592704,0.0,246387.63457141572,632077.2114306861,387380.18249174627,0.0,252462.27472822997,639842.4572199762
289,10337.52613,0.0,0.0,0.0,10337.52613,400.0,385689.5768592704,0.0,246387.63457141572,632077.2114306861,387380.18249174627,0.0,252462.27472822997,639842.4572199762
290,10341.12959,0.0,0.0,0.0,10341.12959,400.0,385689.5768592704,0.0,246387.63457141572,632077.2114306861,387380.18249174627,0.0,252462.27472822997,639842.4572199762
291,10344.73305,0.0,0.0,0.0,10344.73305,400.0,385689.5768592704,0.0,246387.63457141572,632077.2114306861,387380.18249174627,0.0,252462.27472822997,639842.4572199762
292,10348.3365,0.0,0.0,0.0,10348.3365,400.0,385689.5768592704,0.0,246387.63457141572,632077.2114306861,387380.18249174627,0.0,252462.27472822997,639842.4572199762
293,10351.93996,0.0005909999999999999,0.0,0.0,10351.939369,400.0,385689.5768592704,0.0,246387.63457141572,632077.2114306861,387380.18249174627,0.0,252462.27472822997,639842.4572199762
294,10355.72006,0.0027480000000000004,0.0,0.0,10355.717311999999,400.0,385689.5768592704,0.0,246387.63457141572,632077.2114306861,387380.18249174627,0.0,252462.27472822997,639842.4572199762
295,10359.52371,0.011015,0.0,0.0,10359.512695,400.0,385689.5768592704,0.0,246387.63457141572,632077.2114306861,387380.18249174627,0.0,252462.27472822997,639842.4572199762
296,10363.32736,0.019963,0.0,0.0,10363.307396999999,400.0,385689.5768592704,0.0,246387.63457141572,632077.2114306861,387380.18249174627,0.0,252462.27472822997,639842.4572199762
297,10367.131,0.02749,0.0,0.0,10367.103509999999,400.0,385689.5768592704,0.0,246387.63457141572,632077.2114306861,387380.18249174627,0.0,252462.27472822997,639842.4572199762
298,10370.93465,0.030437000000000002,0.0,0.0,10370.904213,400.0,385689.5768592704,0.0,246387.63457141572,632077.2114306861,387380.18249174627,0.0,252462.27472822997,639842.4572199762
299,10374.7383,0.032867,0.0,0.0,10374.705433000001,400.0,385689.5768592704,0.0,246387.63457141572,632077.2114306861,387380.18249174627,0.0,252462.27472822997,639842.4572199762
300,10378.54195,0.032909999999999995,0.0,0.0,10378.50904,400.0,385689.5768592704,0.0,246387.63457141572,632077.2114306861,387380.18249174627,0.0,252462.27472822997,639842.4572199762
301,10382.3456,0.027063,0.0,0.0,10382.318537000001,400.0,385689.5768592704,0.0,246387.63457141572,632077.2114306861,387380.18249174627,0.0,252462.27472822997,639842.4572199762
302,10386.14925,0.027592,0.0,0.0,10386.121658,400.0,385689.5768592704,0.0,246387.63457141572,632077.2114306861,387380.18249174627,0.0,252462.27472822997,639842.4572199762
303,10389.9529,0.020713000000000002,0.0,0.0,10389.932187,400.0,385689.5768592704,0.0,246387.63457141572,632077.2114306861,387380.18249174627,0.0,252462.27472822997,639842.4572199762
304,10393.64091,0.014322,0.0,0.0,10393.626588,400.0,385689.5768592704,0.0,246387.63457141572,632077.2114306861,387380.18249174627,0.0,252462.27472822997,639842.4572199762
305,10397.24436,0.005586000000000001,0.0,0.0,10397.238774000001,400.0,385689.5768592704,0.0,246387.63457141572,632077.2114306861,387380.18249174627,0.0,252462.27472822997,639842.4572199762
306,10400.84782,0.0014010000000000001,0.0,0.0,10400.846419000001,400.0,385689.5768592704,0.0,246387.63457141572,632077.2114306861,387380.18249174627,0.0,252462.27472822997,639842.4572199762
307,10404.45128,0.0,0.0,0.0,10404.45128,400.0,385689.5768592704,0.0,246387.63457141572,632077.2114306861,387380.18249174627,0.0,252462.27472822997,639842.4572199762
308,10408.05473,0.0,0.0,0.0,10408.05473,400.0,385689.5768592704,0.0,246387.63457141572,632077.2114306861,387380.18249174627,0.0,252462.27472822997,639842.4572199762
309,10411.23249,0.0,0.0,0.0,10411.23249,400.0,385689.5768592704,0.0,246387.63457141572,632077.2114306861,387380.18249174627,0.0,252462.27472822997,639842.4572199762
310,10413.83498,0.0,0.0,0.0,10413.83498,400.0,385689.5768592704,0.0,246387.63457141572,632077.2114306861,387380.18249174627,0.0,252462.27472822997,639842.4572199762
311,10416.43748,0.0,0.0,0.0,10416.43748,400.0,385689.5768592704,0.0,246387.63457141572,632077.2114306861,387380.18249174627,0.0,252462.27472822997,639842.4572199762
312,10419.03998,0.0,0.0,0.0,10419.03998,400.0,385689.5768592704,0.0,246387.63457141572,632077.2114306861,387380.18249174627,0.0,252462.27472822997,639842.4572199762
313,10421.64247,0.0,0.0,0.0,10421.64247,400.0,385689.5768592704,0.0,246387.63457141572,632077.2114306861,387380.18249174627,0.0,252462.27472822997,639842.4572199762
314,10424.29961,0.0,0.0,0.0,10424.29961,400.0,385689.5768592704,0.0,246387.63457141572,632077.2114306861,387380.18249174627,0.0,252462.27472822997,639842.4572199762
315,10427.1023,0.0,0.0,0.0,10427.1023,400.0,385689.5768592704,0.0,246387.63457141572,632077.2114306861,387380.18249174627,0.0,252462.27472822997,639842.4572199762
316,10429.90499,0.0,0.0,0.0,10429.90499,400.0,385689.5768592704,0.0,246387.63457141572,632077.2114306861,387380.18249174627,0.0,252462.27472822997,639842.4572199762
317,10432.70768,0.00039600000000000003,0.0,0.0,10432.707284,400.0,385689.5768592704,0.0,246387.63457141572,632077.2114306861,387380.18249174627,0.0,252462.27472822997,639842.4572199762
318,10435.51037,0.002337,0.0,0.0,10435.508033,400.0,385689.5768592704,0.0,246387.63457141572,632077.2114306861,387380.18249174627,0.0,252462.27472822997,639842.4572199762
319,10438.50618,0.010891,0.0,0.0,10438.495289,400.0,385689.5768592704,0.0,246387.63457141572,632077.2114306861,387380.18249174627,0.0,252462.27472822997,639842.4572199762
320,10442.91041,0.020236,0.0,0.0,10442.890174,400.0,385689.5768592704,0.0,246387.63457141572,632077.2114306861,387380.18249174627,0.0,252462.27472822997,639842.4572199762
321,10447.31463,0.02733,0.0,0.0,10447.2873,400.0,385689.5768592704,0.0,246387.63457141572,632077.2114306861,387380.18249174627,0.0,252462.27472822997,639842.4572199762
322,10451.71886,0.030401,0.0,0.0,10451.688459,400.0,385689.5768592704,0.0,246387.63457141572,632077.2114306861,387380.18249174627,0.0,252462.27472822997,639842.4572199762
323,10456.12308,0.034235999999999996,0.0,0.0,10456.088844,400.0,385689.5768592704,0.0,246387.63457141572,632077.2114306861,387380.18249174627,0.0,252462.27472822997,639842.4572199762
324,10460.52731,0.033208,0.0,0.0,10460.494101999999,400.0,385689.5768592704,0.0,246387.63457141572,632077.2114306861,387380.18249174627,0.0,252462.27472822997,639842.4572199762
325,10464.54386,0.032942,0.0,0.0,10464.510918,400.0,385689.5768592704,0.0,246387.63457141572,632077.2114306861,387380.18249174627,0.0,252462.27472822997,639842.4572199762
326,10468.54771,0.028234000000000002,0.0,0.0,10468.519476000001,400.0,385689.5768592704,0.0,246387.63457141572,632077.2114306861,387380.18249174627,0.0,252462.27472822997,639842.4572199762
327,10472.55155,0.020893000000000002,0.0,0.0,10472.530657,400.0,385689.5768592704,0.0,246387.63457141572,632077.2114306861,387380.18249174627,0.0,252462.27472822997,639842.4572199762
328,10476.55539,0.013615,0.0,0.0,10476.541775,400.0,385689.5768592704,0.0,246387.63457141572,632077.2114306861,387380.18249174627,0.0,252462.27472822997,639842.4572199762
329,10480.55923,0.0058579999999999995,0.0,0.0,10480.553372,400.0,385689.5768592704,0.0,246387.63457141572,632077.2114306861,387380.18249174627,0.0,252462.27472822997,639842.4572199762
330,10484.07307,0.000592,0.0,0.0,10484.072478,400.0,385689.5768592704,0.0,246387.63457141572,632077.2114306861,387380.18249174627,0.0,252462.27472822997,639842.4572199762
331,10487.47633,0.0,0.0,0.0,10487.47633,400.0,385689.5768592704,0.0,246387.63457141572,632077.2114306861,387380.18249174627,0.0,252462.27472822997,639842.4572199762
332,10490.8796,0.0,258.69525672727,0.0,10749.57485672727,627.651825919997,385689.5768592704,0.0,246387.63457141572,632077.2114306861,387380.18249174627,0.0,252462.27472822997,639842.4572199762
333,10494.28286,0.0,0.0,0.0,10494.28286,627.651825919997,385689.5768592704,0.0,246387.63457141572,632077.2114306861,387380.18249174627,0.0,252462.27472822997,639842.4572199762
334,10497.68613,0.0,0.0,0.0,10497.68613,627.651825919997,385689.5768592704,0.0,246387.63457141572,632077.2114306861,387380.18249174627,0.0,252462.27472822997,639842.4572199762
335,10500.95656,0.0,0.0,0.0,10500.95656,627.651825919997,385689.5768592704,0.0,246387.63457141572,632077.2114306861,387380.18249174627,0.0,252462.27472822997,639842.4572199762
336,10504.15963,0.0,0.0,0.0,10504.15963,627.651825919997,385689.5768592704,0.0,246387.63457141572,632077.2114306861,387380.18249174627,0.0,252462.27472822997,639842.4572199762
337,10507.3627,0.0,0.0,0.0,10507.3627,627.651825919997,385689.5768592704,0.0,246387.63457141572,632077.2114306861,387380.18249174627,0.0,252462.27472822997,639842.4572199762
338,10510.56578,0.0,0.0,0.0,10510.56578,627.651825919997,385689.5768592704,0.0,246387.63457141572,632077.2114306861,387380.18249174627,0.0,252462.27472822997,639842.4572199762
339,10513.76885,0.0,351.054281363637,0.0,10864.823131363637,936.579593519998,385689.5768592704,0.0,246387.63457141572,632077.2114306861,387380.18249174627,0.0,252462.27472822997,639842.4572199762
340,10516.86959,0.0,347.953541363637,0.0,10864.823131363637,1242.77870992,385689.5768592704,0.0,246387.63457141572,632077.2114306861,387380.18249174627,0.0,252462.27472822997,639842.4572199762
341,10519.87247,0.000398,344.951059363637,0.0,10864.823131363637,1546.33564216,385689.5768592704,0.0,246387.63457141572,632077.2114306861,387380.18249174627,0.0,252462.27472822997,639842.4572199762
342,10522.87535,0.003852,341.951633363637,0.0,10864.823131363637,1847.25307952,385689.5768592704,0.0,246387.63457141572,632077.2114306861,387380.18249174627,0.0,252462.27472822997,639842.4572199762
343,10525.87823,0.010348000000000001,338.955249363637,0.0,10864.823131363637,2145.53369896,385689.5768592704,0.0,246387.63457141572,632077.2114306861,387380.18249174627,0.0,252462.27472822997,639842.4572199762
344,10528.88111,0.019197,335.961218363636,0.0,10864.823131363637,2441.17957112,385689.5768592704,0.0,246387.63457141572,632077.2114306861,387380.18249174627,0.0,252462.27472822997,639842.4572199762
345,10531.74033,0.026698,333.109499363636,0.0,10864.823131363637,2734.31593056,385689.5768592704,0.0,246387.63457141572,632077.2114306861,387380.18249174627,0.0,252462.27472822997,639842.4572199762
346,10534.34282,0.030506000000000002,330.510817363636,0.0,10864.823131363637,3025.16544984,385689.5768592704,0.0,246387.63457141572,632077.2114306861,387380.18249174627,0.0,252462.27472822997,639842.4572199762
347,10536.94532,0.032525,327.910336363637,0.0,10864.823131363637,3313.72654584,385689.5768592704,0.0,246387.63457141572,632077.2114306861,387380.18249174627,0.0,252462.27472822997,639842.4572199762
348,10539.54782,0.035432000000000005,325.310743363638,0.0,10864.823131363637,3600.0,385689.5768592704,0.0,246387.63457141572,632077.2114306861,387380.18249174627,0.0,252462.27472822997,639842.4572199762
349,10542.15031,0.021998999999999998,0.0,996.936744374998,9545.191566625002,2603.063255625,385689.5768592704,0.0,246387.63457141572,632077.2114306861,387380.18249174627,0.0,252462.27472822997,639842.4572199762
350,10544.67014,0.015986,0.0,308.106755375,10236.547398625,2294.95650025,385689.5768592704,0.0,246387.63457141572,632077.2114306861,387380.18249174627,0.0,252462.27472822997,639842.4572199762
351,10546.87225,0.017094,0.0,310.307757375,10236.547398625,1984.648742875,385689.5768592704,0.0,246387.63457141572,632077.2114306861,387380.18249174627,0.0,252462.27472822997,639842.4572199762
352,10549.07437,0.007098,0.0,312.519873375,10236.547398625,1672.1288695,385689.5768592704,0.0,246387.63457141572,632077.2114306861,387380.18249174627,0.0,252462.27472822997,639842.4572199762
353,10551.27648,0.000126,0.0,314.728955375,10236.547398625,1357.399914125,385689.5768592704,0.0,246387.63457141572,632077.2114306861,387380.18249174627,0.0,252462.27472822997,639842.4572199762
354,10553.47859,0.0,0.0,316.931191375001,10236.547398625,1040.46872275,385689.5768592704,0.0,246387.63457141572,632077.2114306861,387380.18249174627,0.0,252462.27472822997,639842.4572199762
355,10555.6807,0.0,0.0,319.133301375001,10236.547398625,721.335421375001,385689.5768592704,0.0,246387.63457141572,632077.2114306861,387380.18249174627,0.0,252462.27472822997,639842.4572199762
356,10557.88282,0.0,0.0,321.335421375001,10236.547398625,400.0,385689.5768592704,0.0,246387.63457141572,632077.2114306861,387380.18249174627,0.0,252462.27472822997,639842.4572199762
357,10560.08493,0.0,0.0,0.0,10560.08493,400.0,385689.5768592704,0.0,246387.63457141572,632077.2114306861,387380.18249174627,0.0,252462.27472822997,639842.4572199762
358,10562.28704,0.0,0.0,0.0,10562.28704,400.0,385689.5768592704,0.0,246387.63457141572,632077.2114306861,387380.18249174627,0.0,252462.27472822997,639842.4572199762
359,10564.48915,0.0,239.691755999957,0.0,10804.180905999956,610.928745279962,385689.5768592704,0.0,246387.63457141572,632077.2114306861,387380.18249174627,0.0,252462.27472822997,639842.4572199762
360,10566.69127,0.0,0.0,0.0,10566.69127,610.928745279962,385689.5768592704,0.0,246387.63457141572,632077.2114306861,387380.18249174627,0.0,252462.27472822997,639842.4572199762
361,10569.25443,0.0,295.568701363636,0.0,10864.823131363637,871.029202479962,385689.5768592704,0.0,246387.63457141572,632077.2114306861,387380.18249174627,0.0,252462.27472822997,639842.4572199762
362,10571.85693,0.0,292.966201363637,0.0,10864.823131363637,1128.83945967996,385689.5768592704,0.0,246387.63457141572,632077.2114306861,387380.18249174627,0.0,252462.27472822997,639842.4572199762
363,10574.45942,0.0,290.363711363638,0.0,10864.823131363637,1384.35952567996,385689.5768592704,0.0,246387.63457141572,632077.2114306861,387380.18249174627,0.0,252462.27472822997,639842.4572199762
364,10577.06192,0.0,287.761211363637,0.0,10864.823131363637,1637.58939167996,385689.5768592704,0.0,246387.63457141572,632077.2114306861,387380.18249174627,0.0,252462.27472822997,639842.4572199762
365,10579.66442,0.000998,285.159709363637,0.0,10864.823131363637,1888.52993591996,385689.5768592704,0.0,246387.63457141572,632077.2114306861,387380.18249174627,0.0,252462.27472822997,639842.4572199762
366,10581.66681,0.002089,283.158410363636,0.0,10864.823131363637,2137.70933703996,385689.5768592704,0.0,246387.63457141572,632077.2114306861,387380.18249174627,0.0,252462.27472822997,639842.4572199762
367,10583.46854,0.011044,281.365635363638,0.0,10864.823131363637,2385.31109615997,385689.5768592704,0.0,246387.63457141572,632077.2114306861,387380.18249174627,0.0,252462.27472822997,639842.4572199762
368,10585.27027,0.020132,279.572993363636,0.0,10864.823131363637,2631.33533031997,385689.5768592704,0.0,246387.63457141572,632077.2114306861,387380.18249174627,0.0,252462.27472822997,639842.4572199762
369,10587.07199,0.027517,277.778658363637,0.0,10864.823131363637,2875.78054967997,385689.5768592704,0.0,246387.63457141572,632077.2114306861,387380.18249174627,0.0,252462.27472822997,639842.4572199762
370,10588.87372,0.030734,275.980145363637,0.0,10864.823131363637,3118.64307759997,385689.5768592704,0.0,246387.63457141572,632077.2114306861,387380.18249174627,0.0,252462.27472822997,639842.4572199762
371,10590.55592,0.034269,274.301480363636,0.0,10864.823131363637,3360.02838031997,385689.5768592704,0.0,246387.63457141572,632077.2114306861,387380.18249174627,0.0,252462.27472822997,639842.4572199762
372,10592.15746,0.029351,272.695022363636,0.0,10864.823131363637,3600.0,385689.5768592704,0.0,246387.63457141572,632077.2114306861,387380.18249174627,0.0,252462.27472822997,639842.4572199762
373,10593.759,0.034079,0.0,357.177522375001,10236.547398625,3242.822477625,385689.5768592704,0.0,246387.63457141572,632077.2114306861,387380.18249174627,0.0,252462.27472822997,639842.4572199762
374,10595.36053,0.030985,0.0,656.342039375,9938.987505625,2586.48043825,385689.5768592704,0.0,246387.63457141572,632077.2114306861,387380.18249174627,0.0,252462.27472822997,639842.4572199762
375,10596.96207,0.017155999999999998,0.0,360.397515375,10236.547398625,2226.082922875,385689.5768592704,0.0,246387.63457141572,632077.2114306861,387380.18249174627,0.0,252462.27472822997,639842.4572199762
376,10598.56361,0.0076890000000000005,0.0,362.008522374999,10236.547398625,1864.0744005,385689.5768592704,0.0,246387.63457141572,632077.2114306861,387380.18249174627,0.0,252462.27472822997,639842.4572199762
377,10600.16514,0.004123,0.0,363.613618374999,10236.547398625,1500.460782125,385689.5768592704,0.0,246387.63457141572,632077.2114306861,387380.18249174627,0.0,252462.27472822997,639842.4572199762
378,10601.76668,0.0016619999999999998,0.0,365.217619375,10236.547398625,1135.24316275,385689.5768592704,0.0,246387.63457141572,632077.2114306861,387380.18249174627,0.0,252462.27472822997,639842.4572199762
379,10603.36821,0.0,0.0,366.820811375001,10236.547398625,768.422351375,385689.5768592704,0.0,246387.63457141572,632077.2114306861,387380.18249174627,0.0,252462.27472822997,639842.4572199762
380,10604.96975,0.0,0.0,368.422351375,10236.547398625,400.0,385689.5768592704,0.0,246387.63457141572,632077.2114306861,387380.18249174627,0.0,252462.27472822997,639842.4572199762
381,10606.51276,0.0,0.0,0.0,10606.51276,400.0,385689.5768592704,0.0,246387.63457141572,632077.2114306861,387380.18249174627,0.0,252462.27472822997,639842.4572199762
382,10607.91411,0.0,163.367188272716,0.0,10771.281298272716,543.76312567999,385689.5768592704,0.0,246387.63457141572,632077.2114306861,387380.18249174627,0.0,252462.27472822997,639842.4572199762
383,10609.31545,0.0,255.507681363637,0.0,10864.823131363637,768.609885279991,385689.5768592704,0.0,246387.63457141572,632077.2114306861,387380.18249174627,0.0,252462.27472822997,639842.4572199762
384,10610.71679,0.0,254.106341363637,0.0,10864.823131363637,992.223465679991,385689.5768592704,0.0,246387.63457141572,632077.2114306861,387380.18249174627,0.0,252462.27472822997,639842.4572199762
385,10612.11814,0.0,252.704991363637,0.0,10864.823131363637,1214.60385807999,385689.5768592704,0.0,246387.63457141572,632077.2114306861,387380.18249174627,0.0,252462.27472822997,639842.4572199762
386,10613.49146,0.0,251.331671363638,0.0,10864.823131363637,1435.77572887999,385689.5768592704,0.0,246387.63457141572,632077.2114306861,387380.18249174627,0.0,252462.27472822997,639842.4572199762
387,10614.69261,0.0,250.130521363637,0.0,10864.823131363637,1655.89058767999,385689.5768592704,0.0,246387.63457141572,632077.2114306861,387380.18249174627,0.0,252462.27472822997,639842.4572199762
388,10615.89376,0.0,248.929371363636,0.0,10864.823131363637,1874.94843447999,385689.5768592704,0.0,246387.63457141572,632077.2114306861,387380.18249174627,0.0,252462.27472822997,639842.4572199762
389,10617.09491,0.000372,247.728593363638,0.0,10864.823131363637,2092.94959663999,385689.5768592704,0.0,246387.63457141572,632077.2114306861,387380.18249174627,0.0,252462.27472822997,639842.4572199762
390,10618.29606,0.003128,246.530199363637,0.0,10864.823131363637,2309.89617207999,385689.5768592704,0.0,246387.63457141572,632077.2114306861,387380.18249174627,0.0,252462.27472822997,639842.4572199762
391,10619.49722,0.006706,245.332617363638,0.0,10864.823131363637,2525.78887536,385689.5768592704,0.0,246387.63457141572,632077.2114306861,387380.18249174627,0.0,252462.27472822997,639842.4572199762
392,10619.90749,0.013925000000000002,244.929566363637,0.0,10864.823131363637,2741.32689376,385689.5768592704,0.0,246387.63457141572,632077.2114306861,387380.18249174627,0.0,252462.27472822997,639842.4572199762
393,10620.30788,0.024084,244.539335363637,0.0,10864.823131363637,2956.52150888,385689.5768592704,0.0,246387.63457141572,632077.2114306861,387380.18249174627,0.0,252462.27472822997,639842.4572199762
394,10620.70826,0.028367,244.143238363638,0.0,10864.823131363637,3171.36755864,385689.5768592704,0.0,246387.63457141572,632077.2114306861,387380.18249174627,0.0,252462.27472822997,639842.4572199762
395,10621.10865,0.031161,243.745642363638,0.0,10864.823131363637,3385.86372392,385689.5768592704,0.0,246387.63457141572,632077.2114306861,387380.18249174627,0.0,252462.27472822997,639842.4572199762
396,10621.50903,0.022576000000000002,243.336677363637,0.0,10864.823131363637,3600.0,385689.5768592704,0.0,246387.63457141572,632077.2114306861,387380.18249174627,0.0,252462.27472822997,639842.4572199762
397,10622.07663,0.020671,0.0,485.539482374998,10136.516476625002,3114.460517625,385689.5768592704,0.0,246387.63457141572,632077.2114306861,387380.18249174627,0.0,252462.27472822997,639842.4572199762
398,10622.67721,0.019246,0.0,386.110565375,10236.547398625,2728.34995225,385689.5768592704,0.0,246387.63457141572,632077.2114306861,387380.18249174627,0.0,252462.27472822997,639842.4572199762
399,10623.27778,0.020359000000000002,0.0,386.710022375,10236.547398625,2341.639929875,385689.5768592704,0.0,246387.63457141572,632077.2114306861,387380.18249174627,0.0,252462.27472822997,639842.4572199762
400,10623.87836,0.004668,0.0,387.326293375001,10236.547398625,1954.3136365,385689.5768592704,0.0,246387.63457141572,632077.2114306861,387380.18249174627,0.0,252462.27472822997,639842.4572199762
401,10624.47894,0.00464,0.0,387.926901375002,10236.547398625,1566.386735125,385689.5768592704,0.0,246387.63457141572,632077.2114306861,387380.18249174627,0.0,252462.27472822997,639842.4572199762
402,10624.94279,0.000599,0.0,388.394792374998,10236.547398625,1177.99194275,385689.5768592704,0.0,246387.63457141572,632077.2114306861,387380.18249174627,0.0,252462.27472822997,639842.4572199762
403,10625.34318,0.0,0.0,388.795781375,10236.547398625,789.196161375001,385689.5768592704,0.0,246387.63457141572,632077.2114306861,387380.18249174627,0.0,252462.27472822997,639842.4572199762
404,10625.74356,0.0,0.0,389.196161375001,10236.547398625,400.0,385689.5768592704,0.0,246387.63457141572,632077.2114306861,387380.18249174627,0.0,252462.27472822997,639842.4572199762
405,10626.14395,0.0,104.072005909084,0.0,10730.215955909083,491.583365199994,385689.5768592704,0.0,246387.63457141572,632077.2114306861,387380.18249174627,0.0,252462.27472822997,639842.4572199762
406,10626.54433,0.0,238.278801363636,0.0,10864.823131363637,701.268710399994,385689.5768592704,0.0,246387.63457141572,632077.2114306861,387380.18249174627,0.0,252462.27472822997,639842.4572199762
407,10626.94471,0.0,237.878421363637,0.0,10864.823131363637,910.601721199995,385689.5768592704,0.0,246387.63457141572,632077.2114306861,387380.18249174627,0.0,252462.27472822997,639842.4572199762
408,10627.3451,0.0,237.478031363637,0.0,10864.823131363637,1119.58238879999,385689.5768592704,0.0,246387.63457141572,632077.2114306861,387380.18249174627,0.0,252462.27472822997,639842.4572199762
409,10627.74548,0.0,237.077651363637,0.0,10864.823131363637,1328.210722,385689.5768592704,0.0,246387.63457141572,632077.2114306861,387380.18249174627,0.0,252462.27472822997,639842.4572199762
410,10628.14587,0.0,236.677261363637,0.0,10864.823131363637,1536.486712,385689.5768592704,0.0,246387.63457141572,632077.2114306861,387380.18249174627,0.0,252462.27472822997,639842.4572199762
411,10628.54625,0.0,236.276881363638,0.0,10864.823131363637,1744.4103676,385689.5768592704,0.0,246387.63457141572,632077.2114306861,387380.18249174627,0.0,252462.27472822997,639842.4572199762
412,10628.94663,0.0,235.876501363637,0.0,10864.823131363637,1951.9816888,385689.5768592704,0.0,246387.63457141572,632077.2114306861,387380.18249174627,0.0,252462.27472822997,639842.4572199762
413,10629.34702,0.0006590000000000001,235.476770363637,0.0,10864.823131363637,2159.20124672,385689.5768592704,0.0,246387.63457141572,632077.2114306861,387380.18249174627,0.0,252462.27472822997,639842.4572199762
414,10629.7474,0.00333,235.079061363636,0.0,10864.823131363637,2366.07082072,385689.5768592704,0.0,246387.63457141572,632077.2114306861,387380.18249174627,0.0,252462.27472822997,639842.4572199762
415,10630.14779,0.011927,234.687268363636,0.0,10864.823131363637,2572.59561688,385689.5768592704,0.0,246387.63457141572,632077.2114306861,387380.18249174627,0.0,252462.27472822997,639842.4572199762
416,10630.54817,0.010297,234.285258363638,0.0,10864.823131363637,2778.76664424,385689.5768592704,0.0,246387.63457141572,632077.2114306861,387380.18249174627,0.0,252462.27472822997,639842.4572199762
417,10630.94856,0.020839,233.895410363637,0.0,10864.823131363637,2984.59460536,385689.5768592704,0.0,246387.63457141572,632077.2114306861,387380.18249174627,0.0,252462.27472822997,639842.4572199762
418,10631.34894,0.032366,233.506557363637,0.0,10864.823131363637,3190.08037584,385689.5768592704,0.0,246387.63457141572,632077.2114306861,387380.18249174627,0.0,252462.27472822997,639842.4572199762
419,10631.74932,0.033941000000000006,233.107752363636,0.0,10864.823131363637,3395.21519792,385689.5768592704,0.0,246387.63457141572,632077.2114306861,387380.18249174627,0.0,252462.27472822997,639842.4572199762
420,10632.14971,0.036581,232.710002363638,0.0,10864.823131363637,3600.0,385689.5768592704,0.0,246387.63457141572,632077.2114306861,387380.18249174627,0.0,252462.27472822997,639842.4572199762
421,10632.55009,0.03121,0.0,395.971481375002,10236.547398625,3204.028518625,385689.5768592704,0.0,246387.63457141572,632077.2114306861,387380.18249174627,0.0,252462.27472822997,639842.4572199762
422,10632.9652,0.029443,0.0,396.388358375001,10236.547398625,2807.64016025,385689.5768592704,0.0,246387.63457141572,632077.2114306861,387380.18249174627,0.0,252462.27472822997,639842.4572199762
423,10633.56577,0.024007999999999998,0.0,396.994363374999,10236.547398625,2410.645796875,385689.5768592704,0.0,246387.63457141572,632077.2114306861,387380.18249174627,0.0,252462.27472822997,639842.4572199762
424,10634.16635,0.015292,0.0,397.603659375,10236.547398625,2013.0421375,385689.5768592704,0.0,246387.63457141572,632077.2114306861,387380.18249174627,0.0,252462.27472822997,639842.4572199762
425,10634.76692,0.005492,0.0,398.214029375,10236.547398625,1614.828108125,385689.5768592704,0.0,246387.63457141572,632077.2114306861,387380.18249174627,0.0,252462.27472822997,639842.4572199762
426,10635.3675,0.00087,0.0,398.819231375001,10236.547398625,1216.00887675,385689.5768592704,0.0,246387.63457141572,632077.2114306861,387380.18249174627,0.0,252462.27472822997,639842.4572199762
427,10635.96808,0.0,0.0,399.420681375001,10236.547398625,816.588195374998,385689.5768592704,0.0,246387.63457141572,632077.2114306861,387380.18249174627,0.0,252462.27472822997,639842.4572199762
428,10636.38424,0.0,0.0,399.836841374999,10236.547398625,416.751353999998,385689.5768592704,0.0,246387.63457141572,632077.2114306861,387380.18249174627,0.0,252462.27472822997,639842.4572199762
429,10636.78462,0.0,228.038511363637,0.0,10864.823131363637,617.425243999998,385689.5768592704,0.0,246387.63457141572,632077.2114306861,387380.18249174627,0.0,252462.27472822997,639842.4572199762
430,10637.18501,0.0,227.638121363638,0.0,10864.823131363637,817.7467908,385689.5768592704,0.0,246387.63457141572,632077.2114306861,387380.18249174627,0.0,252462.27472822997,639842.4572199762
431,10637.58539,0.0,227.237741363637,0.0,10864.823131363637,1017.7160032,385689.5768592704,0.0,246387.63457141572,632077.2114306861,387380.18249174627,0.0,252462.27472822997,639842.4572199762
432,10637.98578,0.0,226.837351363636,0.0,10864.823131363637,1217.3328724,385689.5768592704,0.0,246387.63457141572,632077.2114306861,387380.18249174627,0.0,252462.27472822997,639842.4572199762
433,10638.23225,0.0,226.590881363638,0.0,10864.823131363637,1416.73284800001,385689.5768592704,0.0,246387.63457141572,632077.2114306861,387380.18249174627,0.0,252462.27472822997,639842.4572199762
434,10638.43244,0.0,226.390691363637,0.0,10864.823131363637,1615.95665640001,385689.5768592704,0.0,246387.63457141572,632077.2114306861,387380.18249174627,0.0,252462.27472822997,639842.4572199762
435,10638.63263,0.0,226.190501363637,0.0,10864.823131363637,1815.00429760001,385689.5768592704,0.0,246387.63457141572,632077.2114306861,387380.18249174627,0.0,252462.27472822997,639842.4572199762
436,10638.83282,0.0,225.990311363637,0.0,10864.823131363637,2013.87577160002,385689.5768592704,0.0,246387.63457141572,632077.2114306861,387380.18249174627,0.0,252462.27472822997,639842.4572199762
437,10639.03302,0.00028399999999999996,225.790395363636,0.0,10864.823131363637,2212.57131952002,385689.5768592704,0.0,246387.63457141572,632077.2114306861,387380.18249174627,0.0,252462.27472822997,639842.4572199762
438,10639.23321,0.002083,225.592004363636,0.0,10864.823131363637,2411.09228336002,385689.5768592704,0.0,246387.63457141572,632077.2114306861,387380.18249174627,0.0,252462.27472822997,639842.4572199762
439,10639.4334,0.010757,225.400488363637,0.0,10864.823131363637,2609.44471312002,385689.5768592704,0.0,246387.63457141572,632077.2114306861,387380.18249174627,0.0,252462.27472822997,639842.4572199762
440,10639.63359,0.019903,225.209444363638,0.0,10864.823131363637,2807.62902416002,385689.5768592704,0.0,246387.63457141572,632077.2114306861,387380.18249174627,0.0,252462.27472822997,639842.4572199762
441,10639.83378,0.027156,225.016507363636,0.0,10864.823131363637,3005.64355064001,385689.5768592704,0.0,246387.63457141572,632077.2114306861,387380.18249174627,0.0,252462.27472822997,639842.4572199762
442,10640.03398,0.028969,224.818120363638,0.0,10864.823131363637,3203.48349656,385689.5768592704,0.0,246387.63457141572,632077.2114306861,387380.18249174627,0.0,252462.27472822997,639842.4572199762
443,10639.86252,0.030297,224.990908363636,0.0,10864.823131363637,3401.47549592,385689.5768592704,0.0,246387.63457141572,632077.2114306861,387380.18249174627,0.0,252462.27472822997,639842.4572199762
444,10639.26194,0.034836,225.596027363638,0.0,10864.823131363637,3600.0,385689.5768592704,0.0,246387.63457141572,632077.2114306861,387380.18249174627,0.0,252462.27472822997,639842.4572199762
445,10638.66137,0.032413,0.0,402.081558374999,10236.547398625,3197.918441625,385689.5768592704,0.0,246387.63457141572,632077.2114306861,387380.18249174627,0.0,252462.27472822997,639842.4572199762
446,10638.06079,0.029011,0.0,401.484380374999,10236.547398625,2796.43406125,385689.5768592704,0.0,246387.63457141572,632077.2114306861,387380.18249174627,0.0,252462.27472822997,639842.4572199762
447,10637.46021,0.017495999999999998,0.0,400.895315374999,10236.547398625,2395.538745875,385689.5768592704,0.0,246387.63457141572,632077.2114306861,387380.18249174627,0.0,252462.27472822997,639842.4572199762
448,10636.85964,0.010429,0.0,400.301812375001,10236.547398625,1995.2369335,385689.5768592704,0.0,246387.63457141572,632077.2114306861,387380.18249174627,0.0,252462.27472822997,639842.4572199762
449,10636.25906,0.004259000000000001,0.0,399.707402375001,10236.547398625,1595.529531125,385689.5768592704,0.0,246387.63457141572,632077.2114306861,387380.18249174627,0.0,252462.27472822997,639842.4572199762
450,10635.65849,0.002003,0.0,399.109088375,10236.547398625,1196.42044275,385689.5768592704,0.0,246387.63457141572,632077.2114306861,387380.18249174627,0.0,252462.27472822997,639842.4572199762
451,10635.05791,0.0,0.0,398.510511375001,10236.547398624998,797.909931374999,385689.5768592704,0.0,246387.63457141572,632077.2114306861,387380.18249174627,0.0,252462.27472822997,639842.4572199762
452,10634.45733,0.0,0.0,397.909931374999,10236.547398625,400.0,385689.5768592704,0.0,246387.63457141572,632077.2114306861,387380.18249174627,0.0,252462.27472822997,639842.4572199762
453,10633.88867,0.0,0.0,0.0,10633.88867,400.0,385689.5768592704,0.0,246387.63457141572,632077.2114306861,387380.18249174627,0.0,252462.27472822997,639842.4572199762
454,10633.48829,0.0,0.0,0.0,10633.48829,400.0,385689.5768592704,0.0,246387.63457141572,632077.2114306861,387380.18249174627,0.0,252462.27472822997,639842.4572199762
455,10633.0879,0.0,0.0,0.0,10633.0879,400.0,385689.5768592704,0.0,246387.63457141572,632077.2114306861,387380.18249174627,0.0,252462.27472822997,639842.4572199762
456,10632.68752,0.0,0.0,0.0,10632.68752,400.0,385689.5768592704,0.0,246387.63457141572,632077.2114306861,387380.18249174627,0.0,252462.27472822997,639842.4572199762
457,10632.28713,0.0,0.0,0.0,10632.28713,400.0,385689.5768592704,0.0,246387.63457141572,632077.2114306861,387380.18249174627,0.0,252462.27472822997,639842.4572199762
458,10631.88816,0.0,0.0,0.0,10631.88816,400.0,385689.5768592704,0.0,246387.63457141572,632077.2114306861,387380.18249174627,0.0,252462.27472822997,639842.4572199762
459,10631.68797,0.0,0.0,0.0,10631.68797,400.0,385689.5768592704,0.0,246387.63457141572,632077.2114306861,387380.18249174627,0.0,252462.27472822997,639842.4572199762
460,10631.48778,0.0,0.0,0.0,10631.48778,400.0,385689.5768592704,0.0,246387.63457141572,632077.2114306861,387380.18249174627,0.0,252462.27472822997,639842.4572199762
461,10631.28759,0.000208,0.0,0.0,10631.287382,400.0,385689.5768592704,0.0,246387.63457141572,632077.2114306861,387380.18249174627,0.0,252462.27472822997,639842.4572199762
462,10631.08739,0.0020550000000000004,0.0,0.0,10631.085335,400.0,385689.5768592704,0.0,246387.63457141572,632077.2114306861,387380.18249174627,0.0,252462.27472822997,639842.4572199762
463,10630.8872,0.010846999999999999,0.0,0.0,10630.876353,400.0,385689.5768592704,0.0,246387.63457141572,632077.2114306861,387380.18249174627,0.0,252462.27472822997,639842.4572199762
464,10630.5159,0.019999,0.0,0.0,10630.495901,400.0,385689.5768592704,0.0,246387.63457141572,632077.2114306861,387380.18249174627,0.0,252462.27472822997,639842.4572199762
465,10630.11552,0.027103000000000002,0.0,0.0,10630.088416999999,400.0,385689.5768592704,0.0,246387.63457141572,632077.2114306861,387380.18249174627,0.0,252462.27472822997,639842.4572199762
466,10629.71514,0.030778,0.0,0.0,10629.684362,400.0,385689.5768592704,0.0,246387.63457141572,632077.2114306861,387380.18249174627,0.0,252462.27472822997,639842.4572199762
467,10629.31475,0.034359,0.0,0.0,10629.280391,400.0,385689.5768592704,0.0,246387.63457141572,632077.2114306861,387380.18249174627,0.0,252462.27472822997,639842.4572199762
468,10628.91437,0.034121000000000005,0.0,0.0,10628.880249,400.0,385689.5768592704,0.0,246387.63457141572,632077.2114306861,387380.18249174627,0.0,252462.27472822997,639842.4572199762
469,10628.65459,0.031907,0.0,0.0,10628.622683,400.0,385689.5768592704,0.0,246387.63457141572,632077.2114306861,387380.18249174627,0.0,252462.27472822997,639842.4572199762
470,10628.4544,0.029249,0.0,0.0,10628.425151000001,400.0,385689.5768592704,0.0,246387.63457141572,632077.2114306861,387380.18249174627,0.0,252462.27472822997,639842.4572199762
471,10628.25421,0.02264,0.0,0.0,10628.23157,400.0,385689.5768592704,0.0,246387.63457141572,632077.2114306861,387380.18249174627,0.0,252462.27472822997,639842.4572199762
472,10628.05401,0.014074999999999999,0.0,0.0,10628.039935,400.0,385689.5768592704,0.0,246387.63457141572,632077.2114306861,387380.18249174627,0.0,252462.27472822997,639842.4572199762
473,10627.85382,0.004535,0.0,0.0,10627.849285,400.0,385689.5768592704,0.0,246387.63457141572,632077.2114306861,387380.18249174627,0.0,252462.27472822997,639842.4572199762
474,10627.43342,0.000592,0.0,0.0,10627.432827999999,400.0,385689.5768592704,0.0,246387.63457141572,632077.2114306861,387380.18249174627,0.0,252462.27472822997,639842.4572199762
475,10626.83284,0.0,0.0,0.0,10626.83284,400.0,385689.5768592704,0.0,246387.63457141572,632077.2114306861,387380.18249174627,0.0,252462.27472822997,639842.4572199762
476,10626.23227,0.0,0.0,0.0,10626.23227,400.0,385689.5768592704,0.0,246387.63457141572,632077.2114306861,387380.18249174627,0.0,252462.27472822997,639842.4572199762
477,10625.63169,0.0,0.0,0.0,10625.63169,400.0,385689.5768592704,0.0,246387.63457141572,632077.2114306861,387380.18249174627,0.0,252462.27472822997,639842.4572199762
478,10625.03111,0.0,0.0,0.0,10625.03111,400.0,385689.5768592704,0.0,246387.63457141572,632077.2114306861,387380.18249174627,0.0,252462.27472822997,639842.4572199762
479,10624.51014,0.0,0.0,0.0,10624.51014,400.0,385689.5768592704,0.0,246387.63457141572,632077.2114306861,387380.18249174627,0.0,252462.27472822997,639842.4572199762
480,10624.10976,0.0,0.0,0.0,10624.10976,400.0,385689.5768592704,0.0,246387.63457141572,632077.2114306861,387380.18249174627,0.0,252462.27472822997,639842.4572199762
481,10623.70938,0.0,0.0,0.0,10623.70938,400.0,385689.5768592704,0.0,246387.63457141572,632077.2114306861,387380.18249174627,0.0,252462.27472822997,639842.4572199762
482,10623.30899,0.0,0.0,0.0,10623.30899,400.0,385689.5768592704,0.0,246387.63457141572,632077.2114306861,387380.18249174627,0.0,252462.27472822997,639842.4572199762
483,10622.90861,0.0,0.0,0.0,10622.90861,400.0,385689.5768592704,0.0,246387.63457141572,632077.2114306861,387380.18249174627,0.0,252462.27472822997,639842.4572199762
484,10622.41001,0.0,0.0,0.0,10622.41001,400.0,385689.5768592704,0.0,246387.63457141572,632077.2114306861,387380.18249174627,0.0,252462.27472822997,639842.4572199762
485,10621.60924,0.000204,0.0,0.0,10621.609036,400.0,385689.5768592704,0.0,246387.63457141572,632077.2114306861,387380.18249174627,0.0,252462.27472822997,639842.4572199762
486,10620.80847,0.0019290000000000002,0.0,0.0,10620.806541,400.0,385689.5768592704,0.0,246387.63457141572,632077.2114306861,387380.18249174627,0.0,252462.27472822997,639842.4572199762
487,10620.00771,0.010283,0.0,0.0,10619.997427,400.0,385689.5768592704,0.0,246387.63457141572,632077.2114306861,387380.18249174627,0.0,252462.27472822997,639842.4572199762
488,10619.20694,0.019393,0.0,0.0,10619.187547,400.0,385689.5768592704,0.0,246387.63457141572,632077.2114306861,387380.18249174627,0.0,252462.27472822997,639842.4572199762
489,10618.38756,0.026826000000000003,0.0,0.0,10618.360734,400.0,385689.5768592704,0.0,246387.63457141572,632077.2114306861,387380.18249174627,0.0,252462.27472822997,639842.4572199762
490,10617.3866,0.031458,0.0,0.0,10617.355142,400.0,385689.5768592704,0.0,246387.63457141572,632077.2114306861,387380.18249174627,0.0,252462.27472822997,639842.4572199762
491,10616.38564,0.033443,0.0,0.0,10616.352197,400.0,385689.5768592704,0.0,246387.63457141572,632077.2114306861,387380.18249174627,0.0,252462.27472822997,639842.4572199762
492,10615.38468,0.033997,0.0,0.0,10615.350682999999,400.0,385689.5768592704,0.0,246387.63457141572,632077.2114306861,387380.18249174627,0.0,252462.27472822997,639842.4572199762
493,10614.38372,0.033453000000000004,0.0,0.0,10614.350267,400.0,385689.5768592704,0.0,246387.63457141572,632077.2114306861,387380.18249174627,0.0,252462.27472822997,639842.4572199762
494,10613.38276,0.028613,0.0,0.0,10613.354147,400.0,385689.5768592704,0.0,246387.63457141572,632077.2114306861,387380.18249174627,0.0,252462.27472822997,639842.4572199762
495,10612.3818,0.022573,0.0,0.0,10612.359226999999,400.0,385689.5768592704,0.0,246387.63457141572,632077.2114306861,387380.18249174627,0.0,252462.27472822997,639842.4572199762
496,10611.38084,0.014105000000000001,0.0,0.0,10611.366735,400.0,385689.5768592704,0.0,246387.63457141572,632077.2114306861,387380.18249174627,0.0,252462.27472822997,639842.4572199762
497,10610.37988,0.0048590000000000005,0.0,0.0,10610.375021,400.0,385689.5768592704,0.0,246387.63457141572,632077.2114306861,387380.18249174627,0.0,252462.27472822997,639842.4572199762
498,10609.37892,0.00051,0.0,0.0,10609.37841,400.0,385689.5768592704,0.0,246387.63457141572,632077.2114306861,387380.18249174627,0.0,252462.27472822997,639842.4572199762
499,10608.37796,0.0,0.0,0.0,10608.37796,400.0,385689.5768592704,0.0,246387.63457141572,632077.2114306861,387380.18249174627,0.0,252462.27472822997,639842.4572199762
500,10607.0614,0.0,0.0,0.0,10607.0614,400.0,385689.5768592704,0.0,246387.63457141572,632077.2114306861,387380.18249174627,0.0,252462.27472822997,639842.4572199762
501,10605.66006,0.0,0.0,0.0,10605.66006,400.0,385689.5768592704,0.0,246387.63457141572,632077.2114306861,387380.18249174627,0.0,252462.27472822997,639842.4572199762
502,10604.25872,0.0,0.0,0.0,10604.25872,400.0,385689.5768592704,0.0,246387.63457141572,632077.2114306861,387380.18249174627,0.0,252462.27472822997,639842.4572199762
503,10602.85737,0.0,261.965761363637,0.0,10864.823131363637,630.529870000001,385689.5768592704,0.0,246387.63457141572,632077.2114306861,387380.18249174627,0.0,252462.27472822997,639842.4572199762
504,10601.45603,0.0,84.4802996363274,0.0,10685.936329636326,704.872533679969,385689.5768592704,0.0,246387.63457141572,632077.2114306861,387380.18249174627,0.0,252462.27472822997,639842.4572199762
505,10599.80009,0.0,265.023041363636,0.0,10864.823131363637,938.092810079969,385689.5768592704,0.0,246387.63457141572,632077.2114306861,387380.18249174627,0.0,252462.27472822997,639842.4572199762
506,10597.99836,0.0,266.824771363637,0.0,10864.823131363637,1172.89860887997,385689.5768592704,0.0,246387.63457141572,632077.2114306861,387380.18249174627,0.0,252462.27472822997,639842.4572199762
507,10596.19663,0.0,268.626501363637,0.0,10864.823131363637,1409.28993007997,385689.5768592704,0.0,246387.63457141572,632077.2114306861,387380.18249174627,0.0,252462.27472822997,639842.4572199762
508,10594.3949,0.0,270.428231363638,0.0,10864.823131363637,1647.26677367997,385689.5768592704,0.0,246387.63457141572,632077.2114306861,387380.18249174627,0.0,252462.27472822997,639842.4572199762
509,10592.59317,0.000417,272.230378363636,0.0,10864.823131363637,1886.82950663997,385689.5768592704,0.0,246387.63457141572,632077.2114306861,387380.18249174627,0.0,252462.27472822997,639842.4572199762
510,10590.98504,0.00252,273.840611363637,0.0,10864.823131363637,2127.80924463997,385689.5768592704,0.0,246387.63457141572,632077.2114306861,387380.18249174627,0.0,252462.27472822997,639842.4572199762
511,10589.5837,0.010691,275.250122363637,0.0,10864.823131363637,2370.02935231997,385689.5768592704,0.0,246387.63457141572,632077.2114306861,387380.18249174627,0.0,252462.27472822997,639842.4572199762
512,10588.18235,0.019491,276.660272363637,0.0,10864.823131363637,2613.49039199997,385689.5768592704,0.0,246387.63457141572,632077.2114306861,387380.18249174627,0.0,252462.27472822997,639842.4572199762
513,10586.78101,0.026027,278.068148363636,0.0,10864.823131363637,2858.19036255997,385689.5768592704,0.0,246387.63457141572,632077.2114306861,387380.18249174627,0.0,252462.27472822997,639842.4572199762
514,10585.37966,0.030948,279.474419363636,0.0,10864.823131363637,3104.12785159997,385689.5768592704,0.0,246387.63457141572,632077.2114306861,387380.18249174627,0.0,252462.27472822997,639842.4572199762
515,10583.91202,0.033542,280.944653363636,0.0,10864.823131363637,3351.35914655997,385689.5768592704,0.0,246387.63457141572,632077.2114306861,387380.18249174627,0.0,252462.27472822997,639842.4572199762
516,10582.31048,0.033773000000000004,282.546424363636,0.0,10864.823131363637,3600.0,385689.5768592704,0.0,246387.63457141572,632077.2114306861,387380.18249174627,0.0,252462.27472822997,639842.4572199762
517,10580.70895,0.033652,0.0,344.127899375,10236.547398625,3255.872100625,385689.5768592704,0.0,246387.63457141572,632077.2114306861,387380.18249174627,0.0,252462.27472822997,639842.4572199762
518,10579.10741,0.029411000000000003,0.0,342.530600375001,10236.547398625,2913.34150025,385689.5768592704,0.0,246387.63457141572,632077.2114306861,387380.18249174627,0.0,252462.27472822997,639842.4572199762
519,10577.50588,0.023029,0.0,340.935452375001,10236.547398625,2572.406047875,385689.5768592704,0.0,246387.63457141572,632077.2114306861,387380.18249174627,0.0,252462.27472822997,639842.4572199762
520,10575.94014,0.006091,0.0,339.386650375001,10236.547398625,2233.0193975,385689.5768592704,0.0,246387.63457141572,632077.2114306861,387380.18249174627,0.0,252462.27472822997,639842.4572199762
521,10574.53879,0.0052569999999999995,0.0,337.986134375,10236.547398625,1895.033263125,385689.5768592704,0.0,246387.63457141572,632077.2114306861,387380.18249174627,0.0,252462.27472822997,639842.4572199762
522,10573.13745,0.000576,0.0,336.589475375,10236.547398625,1558.44378775,385689.5768592704,0.0,246387.63457141572,632077.2114306861,387380.18249174627,0.0,252462.27472822997,639842.4572199762
523,10571.73611,0.0,0.0,824.656426374997,9747.079683625003,733.787361375,385689.5768592704,0.0,246387.63457141572,632077.2114306861,387380.18249174627,0.0,252462.27472822997,639842.4572199762
524,10570.33476,0.0,0.0,333.787361375,10236.547398625,400.0,385689.5768592704,0.0,246387.63457141572,632077.2114306861,387380.18249174627,0.0,252462.27472822997,639842.4572199762
525,10568.91222,0.0,0.0,0.0,10568.91222,400.0,385689.5768592704,0.0,246387.63457141572,632077.2114306861,387380.18249174627,0.0,252462.27472822997,639842.4572199762
526,10566.71011,0.0,0.0,0.0,10566.71011,400.0,385689.5768592704,0.0,246387.63457141572,632077.2114306861,387380.18249174627,0.0,252462.27472822997,639842.4572199762
527,10564.508,0.0,0.0,0.0,10564.508,400.0,385689.5768592704,0.0,246387.63457141572,632077.2114306861,387380.18249174627,0.0,252462.27472822997,639842.4572199762
528,10562.30588,0.0,141.675592363675,0.0,10703.981472363675,524.674521280034,385689.5768592704,0.0,246387.63457141572,632077.2114306861,387380.18249174627,0.0,252462.27472822997,639842.4572199762
529,10560.10377,0.0,0.0,0.0,10560.10377,524.674521280034,385689.5768592704,0.0,246387.63457141572,632077.2114306861,387380.18249174627,0.0,252462.27472822997,639842.4572199762
530,10557.90166,0.0,306.921471363637,0.0,10864.823131363637,794.765416080035,385689.5768592704,0.0,246387.63457141572,632077.2114306861,387380.18249174627,0.0,252462.27472822997,639842.4572199762
531,10555.69955,0.0,309.123581363609,0.0,10864.823131363608,1066.79416768001,385689.5768592704,0.0,246387.63457141572,632077.2114306861,387380.18249174627,0.0,252462.27472822997,639842.4572199762
532,10553.49743,0.0,311.325701363638,0.0,10864.823131363637,1340.76078488001,385689.5768592704,0.0,246387.63457141572,632077.2114306861,387380.18249174627,0.0,252462.27472822997,639842.4572199762
533,10551.29532,0.000285,313.528096363638,0.0,10864.823131363637,1616.66550968001,385689.5768592704,0.0,246387.63457141572,632077.2114306861,387380.18249174627,0.0,252462.27472822997,639842.4572199762
534,10549.09321,0.002258,315.732179363637,0.0,10864.823131363637,1894.50982752001,385689.5768592704,0.0,246387.63457141572,632077.2114306861,387380.18249174627,0.0,252462.27472822997,639842.4572199762
535,10546.8911,0.011092000000000001,317.943123363637,0.0,10864.823131363637,2174.29977608001,385689.5768592704,0.0,246387.63457141572,632077.2114306861,387380.18249174627,0.0,252462.27472822997,639842.4572199762
536,10544.83347,0.019821000000000002,320.009482363637,0.0,10864.823131363637,2455.90812056002,385689.5768592704,0.0,246387.63457141572,632077.2114306861,387380.18249174627,0.0,252462.27472822997,639842.4572199762
537,10542.83155,0.026771,322.018352363637,0.0,10864.823131363637,2739.28427064002,385689.5768592704,0.0,246387.63457141572,632077.2114306861,387380.18249174627,0.0,252462.27472822997,639842.4572199762
538,10540.82963,0.031097000000000003,324.024598363636,0.0,10864.823131363637,3024.42591720002,385689.5768592704,0.0,246387.63457141572,632077.2114306861,387380.18249174627,0.0,252462.27472822997,639842.4572199762
539,10538.82771,0.033970999999999994,326.029392363638,0.0,10864.823131363637,3311.33178248002,385689.5768592704,0.0,246387.63457141572,632077.2114306861,387380.18249174627,0.0,252462.27472822997,639842.4572199762
540,10536.82579,0.034724,328.032065363635,0.0,10864.823131363637,3600.0,385689.5768592704,0.0,246387.63457141572,632077.2114306861,387380.18249174627,0.0,252462.27472822997,639842.4572199762
541,10534.82387,0.033874,0.0,298.242597375,10236.547398625,3301.757402625,385689.5768592704,0.0,246387.63457141572,632077.2114306861,387380.18249174627,0.0,252462.27472822997,639842.4572199762
542,10532.82195,0.029679,0.0,455.590998750012,10077.201272249988,2846.16640387499,385689.5768592704,0.0,246387.63457141572,632077.2114306861,387380.18249174627,0.0,252462.27472822997,639842.4572199762
543,10530.82003,0.018557,0.0,294.254074375001,10236.547398625,2551.91232949999,385689.5768592704,0.0,246387.63457141572,632077.2114306861,387380.18249174627,0.0,252462.27472822997,639842.4572199762
544,10528.81811,0.003425,0.0,292.267286374999,10236.547398625,2259.64504312499,385689.5768592704,0.0,246387.63457141572,632077.2114306861,387380.18249174627,0.0,252462.27472822997,639842.4572199762
545,10526.81619,0.002115,0.0,1000.0,9526.814075,1259.645043125,385689.5768592704,0.0,246387.63457141572,632077.2114306861,387380.18249174627,0.0,252462.27472822997,639842.4572199762
546,10524.89776,0.000851,0.0,288.349510374999,10236.547398625,971.29553275,385689.5768592704,0.0,246387.63457141572,632077.2114306861,387380.18249174627,0.0,252462.27472822997,639842.4572199762
547,10523.09603,0.0,0.0,286.548631375001,10236.547398625,684.746901375,385689.5768592704,0.0,246387.63457141572,632077.2114306861,387380.18249174627,0.0,252462.27472822997,639842.4572199762
548,10521.2943,0.0,0.0,284.746901375,10236.547398625,400.0,385689.5768592704,0.0,246387.63457141572,632077.2114306861,387380.18249174627,0.0,252462.27472822997,639842.4572199762
549,10519.49258,0.0,0.0,0.0,10519.49258,400.0,385689.5768592704,0.0,246387.63457141572,632077.2114306861,387380.18249174627,0.0,252462.27472822997,639842.4572199762
550,10517.69085,0.0,347.132281363636,0.0,10864.823131363637,705.4764076,385689.5768592704,0.0,246387.63457141572,632077.2114306861,387380.18249174627,0.0,252462.27472822997,639842.4572199762
551,10515.9951,0.0,348.828031363645,0.0,10864.823131363644,1012.44507520001,385689.5768592704,0.0,246387.63457141572,632077.2114306861,387380.18249174627,0.0,252462.27472822997,639842.4572199762
552,10514.59376,0.0,350.229371363637,0.0,10864.823131363637,1320.64692200001,385689.5768592704,0.0,246387.63457141572,632077.2114306861,387380.18249174627,0.0,252462.27472822997,639842.4572199762
553,10513.19242,0.0,39.4347517272575,0.0,10552.627171727258,1355.34950352,385689.5768592704,0.0,246387.63457141572,632077.2114306861,387380.18249174627,0.0,252462.27472822997,639842.4572199762
554,10511.79107,0.0,0.0,0.0,10511.79107,1355.34950352,385689.5768592704,0.0,246387.63457141572,632077.2114306861,387380.18249174627,0.0,252462.27472822997,639842.4572199762
555,10510.38973,0.0,0.0,0.0,10510.38973,1355.34950352,385689.5768592704,0.0,246387.63457141572,632077.2114306861,387380.18249174627,0.0,252462.27472822997,639842.4572199762
556,10508.96589,0.0,0.0,0.0,10508.96589,1355.34950352,385689.5768592704,0.0,246387.63457141572,632077.2114306861,387380.18249174627,0.0,252462.27472822997,639842.4572199762
557,10507.36435,0.000504,0.0,0.0,10507.363846,1355.34950352,385689.5768592704,0.0,246387.63457141572,632077.2114306861,387380.18249174627,0.0,252462.27472822997,639842.4572199762
558,10505.76282,0.002835,359.063146363636,0.0,10864.823131363637,1671.32507232,385689.5768592704,0.0,246387.63457141572,632077.2114306861,387380.18249174627,0.0,252462.27472822997,639842.4572199762
559,10504.16128,0.005927,360.667778363637,0.0,10864.823131363637,1988.71271728,385689.5768592704,0.0,246387.63457141572,632077.2114306861,387380.18249174627,0.0,252462.27472822997,639842.4572199762
560,10502.55974,0.017620999999999998,362.281012363637,0.0,10864.823131363637,2307.52000816,385689.5768592704,0.0,246387.63457141572,632077.2114306861,387380.18249174627,0.0,252462.27472822997,639842.4572199762
561,10500.95821,0.027094,363.892015363635,0.0,10864.823131363637,2627.74498168,385689.5768592704,0.0,246387.63457141572,632077.2114306861,387380.18249174627,0.0,252462.27472822997,639842.4572199762
562,10498.78012,0.030225000000000002,366.073236363638,0.0,10864.823131363637,2949.88942968,385689.5768592704,0.0,246387.63457141572,632077.2114306861,387380.18249174627,0.0,252462.27472822997,639842.4572199762
563,10496.57801,0.034775,368.279896363638,0.0,10864.823131363637,3273.97573848,385689.5768592704,0.0,246387.63457141572,632077.2114306861,387380.18249174627,0.0,252462.27472822997,639842.4572199762
564,10494.37589,0.034874,370.482115363639,0.0,10864.823131363637,3600.0,385689.5768592704,0.0,246387.63457141572,632077.2114306861,387380.18249174627,0.0,252462.27472822997,639842.4572199762
565,10492.17378,0.032903,0.0,1000.0,9492.140877,2600.00000000002,385689.5768592704,0.0,246387.63457141572,632077.2114306861,387380.18249174627,0.0,252462.27472822997,639842.4572199762
566,10489.97167,0.028406,0.0,253.395865375001,10236.547398625,2346.60413462502,385689.5768592704,0.0,246387.63457141572,632077.2114306861,387380.18249174627,0.0,252462.27472822997,639842.4572199762
567,10487.60787,0.022764,0.0,251.037707375001,10236.547398625,2095.56642725002,385689.5768592704,0.0,246387.63457141572,632077.2114306861,387380.18249174627,0.0,252462.27472822997,639842.4572199762
568,10485.20557,0.010898,0.0,248.647273375,10236.547398625,1846.91915387502,385689.5768592704,0.0,246387.63457141572,632077.2114306861,387380.18249174627,0.0,252462.27472822997,639842.4572199762
569,10482.80326,0.002715,0.0,246.253146375,10236.547398625,1600.66600750002,385689.5768592704,0.0,246387.63457141572,632077.2114306861,387380.18249174627,0.0,252462.27472822997,639842.4572199762
570,10480.40096,0.0005809999999999999,0.0,243.852980375001,10236.547398625,1356.81302712502,385689.5768592704,0.0,246387.63457141572,632077.2114306861,387380.18249174627,0.0,252462.27472822997,639842.4572199762
571,10477.99865,0.0,0.0,241.451251375,10236.547398625,1115.36177575002,385689.5768592704,0.0,246387.63457141572,632077.2114306861,387380.18249174627,0.0,252462.27472822997,639842.4572199762
572,10476.12109,0.0,0.0,715.361775750019,9760.75931424998,400.0,385689.5768592704,0.0,246387.63457141572,632077.2114306861,387380.18249174627,0.0,252462.27472822997,639842.4572199762
573,10474.51955,0.0,0.0,0.0,10474.51955,400.0,385689.5768592704,0.0,246387.63457141572,632077.2114306861,387380.18249174627,0.0,252462.27472822997,639842.4572199762
574,10472.91802,0.0,0.0,0.0,10472.91802,400.0,385689.5768592704,0.0,246387.63457141572,632077.2114306861,387380.18249174627,0.0,252462.27472822997,639842.4572199762
575,10471.31648,0.0,393.506651363638,0.0,10864.823131363637,746.285853200001,385689.5768592704,0.0,246387.63457141572,632077.2114306861,387380.18249174627,0.0,252462.27472822997,639842.4572199762
576,10469.71494,0.0,361.963723454523,0.0,10831.678663454522,1064.81392983998,385689.5768592704,0.0,246387.63457141572,632077.2114306861,387380.18249174627,0.0,252462.27472822997,639842.4572199762
577,10468.11341,0.0,0.0,0.0,10468.11341,1064.81392983998,385689.5768592704,0.0,246387.63457141572,632077.2114306861,387380.18249174627,0.0,252462.27472822997,639842.4572199762
578,10466.51187,0.0,0.0,0.0,10466.51187,1064.81392983998,385689.5768592704,0.0,246387.63457141572,632077.2114306861,387380.18249174627,0.0,252462.27472822997,639842.4572199762
579,10464.91033,0.0,0.0,0.0,10464.91033,1064.81392983998,385689.5768592704,0.0,246387.63457141572,632077.2114306861,387380.18249174627,0.0,252462.27472822997,639842.4572199762
580,10463.3088,0.0,0.0,0.0,10463.3088,1064.81392983998,385689.5768592704,0.0,246387.63457141572,632077.2114306861,387380.18249174627,0.0,252462.27472822997,639842.4572199762
581,10461.70726,5.1e-05,0.0,0.0,10461.707208999998,1064.81392983998,385689.5768592704,0.0,246387.63457141572,632077.2114306861,387380.18249174627,0.0,252462.27472822997,639842.4572199762
582,10459.89517,0.0022570000000000003,404.930218363637,0.0,10864.823131363637,1421.15252199998,385689.5768592704,0.0,246387.63457141572,632077.2114306861,387380.18249174627,0.0,252462.27472822997,639842.4572199762
583,10457.69306,0.009776,407.139847363638,0.0,10864.823131363637,1779.43558767998,385689.5768592704,0.0,246387.63457141572,632077.2114306861,387380.18249174627,0.0,252462.27472822997,639842.4572199762
584,10455.49094,0.019404,409.351595363638,0.0,10864.823131363637,2139.66499159999,385689.5768592704,0.0,246387.63457141572,632077.2114306861,387380.18249174627,0.0,252462.27472822997,639842.4572199762
585,10453.28883,0.025308,411.559609363638,0.0,10864.823131363637,2501.83744783999,385689.5768592704,0.0,246387.63457141572,632077.2114306861,387380.18249174627,0.0,252462.27472822997,639842.4572199762
586,10451.08672,0.031521,413.767932363638,0.0,10864.823131363637,2865.95322831999,385689.5768592704,0.0,246387.63457141572,632077.2114306861,387380.18249174627,0.0,252462.27472822997,639842.4572199762
587,10448.88461,0.031923,415.970444363638,0.0,10864.823131363637,3232.00721935999,385689.5768592704,0.0,246387.63457141572,632077.2114306861,387380.18249174627,0.0,252462.27472822997,639842.4572199762
588,10446.68249,0.032973,418.173614363637,0.0,10864.823131363637,3600.0,385689.5768592704,0.0,246387.63457141572,632077.2114306861,387380.18249174627,0.0,252462.27472822997,639842.4572199762
589,10444.48038,0.030342,0.0,1000.0,9444.450038,2600.0,385689.5768592704,0.0,246387.63457141572,632077.2114306861,387380.18249174627,0.0,252462.27472822997,639842.4572199762
590,10442.27827,0.020446000000000002,0.0,1000.0,9442.257824,1600.0,385689.5768592704,0.0,246387.63457141572,632077.2114306861,387380.18249174627,0.0,252462.27472822997,639842.4572199762
591,10440.07616,0.016015,0.0,203.512746375001,10236.547398625,1396.487253625,385689.5768592704,0.0,246387.63457141572,632077.2114306861,387380.18249174627,0.0,252462.27472822997,639842.4572199762
592,10437.88323,0.003992,0.0,201.331839375,10236.547398625,1195.15541425,385689.5768592704,0.0,246387.63457141572,632077.2114306861,387380.18249174627,0.0,252462.27472822997,639842.4572199762
593,10435.88131,0.002791,0.0,209.166392124998,10226.712126875002,985.989022125001,385689.5768592704,0.0,246387.63457141572,632077.2114306861,387380.18249174627,0.0,252462.27472822997,639842.4572199762
594,10433.87939,0.001192,0.0,197.330799375,10236.547398625,788.65822275,385689.5768592704,0.0,246387.63457141572,632077.2114306861,387380.18249174627,0.0,252462.27472822997,639842.4572199762
595,10431.87747,0.0,0.0,195.330071375,10236.547398625,593.328151375001,385689.5768592704,0.0,246387.63457141572,632077.2114306861,387380.18249174627,0.0,252462.27472822997,639842.4572199762
596,10429.87555,0.0,0.0,193.328151375001,10236.547398625,400.0,385689.5768592704,0.0,246387.63457141572,632077.2114306861,387380.18249174627,0.0,252462.27472822997,639842.4572199762
597,10427.87363,0.0,0.0,0.0,10427.87363,400.0,385689.5768592704,0.0,246387.63457141572,632077.2114306861,387380.18249174627,0.0,252462.27472822997,639842.4572199762
598,10425.69283,0.0,0.0,0.0,10425.69283,400.0,385689.5768592704,0.0,246387.63457141572,632077.2114306861,387380.18249174627,0.0,252462.27472822997,639842.4572199762
599,10423.49072,0.0,396.256842818175,0.0,10819.747562818175,748.706021679994,385689.5768592704,0.0,246387.63457141572,632077.2114306861,387380.18249174627,0.0,252462.27472822997,639842.4572199762
600,10421.2886,0.0,0.0,0.0,10421.2886,748.706021679994,385689.5768592704,0.0,246387.63457141572,632077.2114306861,387380.18249174627,0.0,252462.27472822997,639842.4572199762
601,10419.08649,0.0,0.0,0.0,10419.08649,748.706021679994,385689.5768592704,0.0,246387.63457141572,632077.2114306861,387380.18249174627,0.0,252462.27472822997,639842.4572199762
602,10416.88438,0.0,0.0,0.0,10416.88438,748.706021679994,385689.5768592704,0.0,246387.63457141572,632077.2114306861,387380.18249174627,0.0,252462.27472822997,639842.4572199762
603,10414.53389,0.0,0.0,0.0,10414.53389,748.706021679994,385689.5768592704,0.0,246387.63457141572,632077.2114306861,387380.18249174627,0.0,252462.27472822997,639842.4572199762
604,10412.13158,0.0,0.0,0.0,10412.13158,748.706021679994,385689.5768592704,0.0,246387.63457141572,632077.2114306861,387380.18249174627,0.0,252462.27472822997,639842.4572199762
605,10409.72928,0.0007890000000000001,0.0,0.0,10409.728491,748.706021679994,385689.5768592704,0.0,246387.63457141572,632077.2114306861,387380.18249174627,0.0,252462.27472822997,639842.4572199762
606,10407.32698,0.001953,457.498104363638,0.0,10864.823131363637,1151.30435352,385689.5768592704,0.0,246387.63457141572,632077.2114306861,387380.18249174627,0.0,252462.27472822997,639842.4572199762
607,10404.92467,0.010388,459.908849363637,0.0,10864.823131363637,1556.02414096,385689.5768592704,0.0,246387.63457141572,632077.2114306861,387380.18249174627,0.0,252462.27472822997,639842.4572199762
608,10403.11176,0.020144,461.731515363637,0.0,10864.823131363637,1962.34787448,385689.5768592704,0.0,246387.63457141572,632077.2114306861,387380.18249174627,0.0,252462.27472822997,639842.4572199762
609,10401.71041,0.025131,463.137852363638,0.0,10864.823131363637,2369.90918456,385689.5768592704,0.0,246387.63457141572,632077.2114306861,387380.18249174627,0.0,252462.27472822997,639842.4572199762
610,10400.30907,0.029911000000000004,464.543972363637,0.0,10864.823131363637,2778.70788024,385689.5768592704,0.0,246387.63457141572,632077.2114306861,387380.18249174627,0.0,252462.27472822997,639842.4572199762
611,10398.90772,0.023223,465.938634363638,0.0,10864.823131363637,3188.73387848,385689.5768592704,0.0,246387.63457141572,632077.2114306861,387380.18249174627,0.0,252462.27472822997,639842.4572199762
612,10397.50638,0.031114000000000003,467.347865363636,0.0,10864.823131363637,3600.0,385689.5768592704,0.0,246387.63457141572,632077.2114306861,387380.18249174627,0.0,252462.27472822997,639842.4572199762
613,10396.10503,0.031214,0.0,1000.0,9396.073816,2600.0,385689.5768592704,0.0,246387.63457141572,632077.2114306861,387380.18249174627,0.0,252462.27472822997,639842.4572199762
614,10394.70369,0.027158,0.0,1000.0,9394.676532,1600.0,385689.5768592704,0.0,246387.63457141572,632077.2114306861,387380.18249174627,0.0,252462.27472822997,639842.4572199762
615,10393.30235,0.010509000000000001,0.0,156.744442375,10236.547398625,1443.255557625,385689.5768592704,0.0,246387.63457141572,632077.2114306861,387380.18249174627,0.0,252462.27472822997,639842.4572199762
616,10391.901,0.0022530000000000002,0.0,155.351348374999,10236.547398625,1287.90420925,385689.5768592704,0.0,246387.63457141572,632077.2114306861,387380.18249174627,0.0,252462.27472822997,639842.4572199762
617,10390.49966,0.003655,0.0,153.948606374999,10236.547398625,1133.955602875,385689.5768592704,0.0,246387.63457141572,632077.2114306861,387380.18249174627,0.0,252462.27472822997,639842.4572199762
618,10389.15519,0.001065,0.0,152.606726374999,10236.547398625,981.348876500002,385689.5768592704,0.0,246387.63457141572,632077.2114306861,387380.18249174627,0.0,252462.27472822997,639842.4572199762
619,10387.95404,0.0,0.0,151.406641375001,10236.547398625,829.942235125001,385689.5768592704,0.0,246387.63457141572,632077.2114306861,387380.18249174627,0.0,252462.27472822997,639842.4572199762
620,10386.75289,0.0,0.0,429.942235125001,9956.810654874998,400.0,385689.5768592704,0.0,246387.63457141572,632077.2114306861,387380.18249174627,0.0,252462.27472822997,639842.4572199762
621,10385.55173,0.0,0.0,0.0,10385.55173,400.0,385689.5768592704,0.0,246387.63457141572,632077.2114306861,387380.18249174627,0.0,252462.27472822997,639842.4572199762
622,10384.35058,0.0,0.0,0.0,10384.35058,400.0,385689.5768592704,0.0,246387.63457141572,632077.2114306861,387380.18249174627,0.0,252462.27472822997,639842.4572199762
623,10383.04392,0.0,0.0,0.0,10383.04392,400.0,385689.5768592704,0.0,246387.63457141572,632077.2114306861,387380.18249174627,0.0,252462.27472822997,639842.4572199762
624,10381.042,0.0,0.0,0.0,10381.042,400.0,385689.5768592704,0.0,246387.63457141572,632077.2114306861,387380.18249174627,0.0,252462.27472822997,639842.4572199762
625,10379.04008,0.0,0.0,0.0,10379.04008,400.0,385689.5768592704,0.0,246387.63457141572,632077.2114306861,387380.18249174627,0.0,252462.27472822997,639842.4572199762
626,10377.03816,0.0,0.0,0.0,10377.03816,400.0,385689.5768592704,0.0,246387.63457141572,632077.2114306861,387380.18249174627,0.0,252462.27472822997,639842.4572199762
627,10375.03623,0.0,0.0,0.0,10375.03623,400.0,385689.5768592704,0.0,246387.63457141572,632077.2114306861,387380.18249174627,0.0,252462.27472822997,639842.4572199762
628,10373.03431,0.0,0.0,0.0,10373.03431,400.0,385689.5768592704,0.0,246387.63457141572,632077.2114306861,387380.18249174627,0.0,252462.27472822997,639842.4572199762
629,10371.42453,0.00020899999999999998,0.0,0.0,10371.424321,400.0,385689.5768592704,0.0,246387.63457141572,632077.2114306861,387380.18249174627,0.0,252462.27472822997,639842.4572199762
630,10369.823,0.0033079999999999997,0.0,0.0,10369.819692000001,400.0,385689.5768592704,0.0,246387.63457141572,632077.2114306861,387380.18249174627,0.0,252462.27472822997,639842.4572199762
631,10368.22146,0.009710000000000002,0.0,0.0,10368.21175,400.0,385689.5768592704,0.0,246387.63457141572,632077.2114306861,387380.18249174627,0.0,252462.27472822997,639842.4572199762
632,10366.61993,0.019985,0.0,0.0,10366.599945,400.0,385689.5768592704,0.0,246387.63457141572,632077.2114306861,387380.18249174627,0.0,252462.27472822997,639842.4572199762
633,10365.01839,0.022904,0.0,0.0,10364.995486,400.0,385689.5768592704,0.0,246387.63457141572,632077.2114306861,387380.18249174627,0.0,252462.27472822997,639842.4572199762
634,10363.91356,0.027359,0.0,0.0,10363.886201000001,400.0,385689.5768592704,0.0,246387.63457141572,632077.2114306861,387380.18249174627,0.0,252462.27472822997,639842.4572199762
635,10362.9126,0.024162,0.0,0.0,10362.888438,400.0,385689.5768592704,0.0,246387.63457141572,632077.2114306861,387380.18249174627,0.0,252462.27472822997,639842.4572199762
636,10361.91164,0.029112,0.0,0.0,10361.882528,400.0,385689.5768592704,0.0,246387.63457141572,632077.2114306861,387380.18249174627,0.0,252462.27472822997,639842.4572199762
637,10360.91068,0.032582,0.0,0.0,10360.878098000001,400.0,385689.5768592704,0.0,246387.63457141572,632077.2114306861,387380.18249174627,0.0,252462.27472822997,639842.4572199762
638,10359.90972,0.022809000000000003,0.0,0.0,10359.886911,400.0,385689.5768592704,0.0,246387.63457141572,632077.2114306861,387380.18249174627,0.0,252462.27472822997,639842.4572199762
639,10358.77369,0.010884000000000001,0.0,0.0,10358.762806,400.0,385689.5768592704,0.0,246387.63457141572,632077.2114306861,387380.18249174627,0.0,252462.27472822997,639842.4572199762
640,10357.57254,0.012402,0.0,0.0,10357.560137999999,400.0,385689.5768592704,0.0,246387.63457141572,632077.2114306861,387380.18249174627,0.0,252462.27472822997,639842.4572199762
641,10356.37139,0.005496000000000001,0.0,0.0,10356.365894,400.0,385689.5768592704,0.0,246387.63457141572,632077.2114306861,387380.18249174627,0.0,252462.27472822997,639842.4572199762
642,10355.17024,0.001065,0.0,0.0,10355.169174999999,400.0,385689.5768592704,0.0,246387.63457141572,632077.2114306861,387380.18249174627,0.0,252462.27472822997,639842.4572199762
643,10353.96908,0.0,0.0,0.0,10353.96908,400.0,385689.5768592704,0.0,246387.63457141572,632077.2114306861,387380.18249174627,0.0,252462.27472822997,639842.4572199762
644,10352.66336,0.0,0.0,0.0,10352.66336,400.0,385689.5768592704,0.0,246387.63457141572,632077.2114306861,387380.18249174627,0.0,252462.27472822997,639842.4572199762
645,10351.26202,0.0,0.0,0.0,10351.26202,400.0,385689.5768592704,0.0,246387.63457141572,632077.2114306861,387380.18249174627,0.0,252462.27472822997,639842.4572199762
646,10349.86067,0.0,0.0,0.0,10349.86067,400.0,385689.5768592704,0.0,246387.63457141572,632077.2114306861,387380.18249174627,0.0,252462.27472822997,639842.4572199762
647,10348.45933,0.0,0.0,0.0,10348.45933,400.0,385689.5768592704,0.0,246387.63457141572,632077.2114306861,387380.18249174627,0.0,252462.27472822997,639842.4572199762
648,10347.05798,0.0,0.0,0.0,10347.05798,400.0,385689.5768592704,0.0,246387.63457141572,632077.2114306861,387380.18249174627,0.0,252462.27472822997,639842.4572199762
649,10345.73071,0.0,0.0,0.0,10345.73071,400.0,385689.5768592704,0.0,246387.63457141572,632077.2114306861,387380.18249174627,0.0,252462.27472822997,639842.4572199762
650,10344.52956,0.0,0.0,0.0,10344.52956,400.0,385689.5768592704,0.0,246387.63457141572,632077.2114306861,387380.18249174627,0.0,252462.27472822997,639842.4572199762
651,10343.32841,0.0,0.0,0.0,10343.32841,400.0,385689.5768592704,0.0,246387.63457141572,632077.2114306861,387380.18249174627,0.0,252462.27472822997,639842.4572199762
652,10342.12725,0.0,0.0,0.0,10342.12725,400.0,385689.5768592704,0.0,246387.63457141572,632077.2114306861,387380.18249174627,0.0,252462.27472822997,639842.4572199762
653,10340.9261,0.0,0.0,0.0,10340.9261,400.0,385689.5768592704,0.0,246387.63457141572,632077.2114306861,387380.18249174627,0.0,252462.27472822997,639842.4572199762
654,10339.63781,0.000359,0.0,0.0,10339.637451,400.0,385689.5768592704,0.0,246387.63457141572,632077.2114306861,387380.18249174627,0.0,252462.27472822997,639842.4572199762
655,10338.03627,0.009627,0.0,0.0,10338.026643000001,400.0,385689.5768592704,0.0,246387.63457141572,632077.2114306861,387380.18249174627,0.0,252462.27472822997,639842.4572199762
656,10336.43473,0.019698,0.0,0.0,10336.415032,400.0,385689.5768592704,0.0,246387.63457141572,632077.2114306861,387380.18249174627,0.0,252462.27472822997,639842.4572199762
657,10334.8332,0.026711,0.0,0.0,10334.806488999999,400.0,385689.5768592704,0.0,246387.63457141572,632077.2114306861,387380.18249174627,0.0,252462.27472822997,639842.4572199762
658,10333.23166,0.031465,0.0,0.0,10333.200195,400.0,385689.5768592704,0.0,246387.63457141572,632077.2114306861,387380.18249174627,0.0,252462.27472822997,639842.4572199762
659,10331.6432,0.034019,0.0,0.0,10331.609181,400.0,385689.5768592704,0.0,246387.63457141572,632077.2114306861,387380.18249174627,0.0,252462.27472822997,639842.4572199762
660,10330.24185,0.032123,0.0,0.0,10330.209727,400.0,385689.5768592704,0.0,246387.63457141572,632077.2114306861,387380.18249174627,0.0,252462.27472822997,639842.4572199762
661,10328.84051,0.034595999999999995,0.0,0.0,10328.805914,400.0,385689.5768592704,0.0,246387.63457141572,632077.2114306861,387380.18249174627,0.0,252462.27472822997,639842.4572199762
662,10327.43916,0.029735,0.0,0.0,10327.409425,400.0,385689.5768592704,0.0,246387.63457141572,632077.2114306861,387380.18249174627,0.0,252462.27472822997,639842.4572199762
663,10326.03782,0.023025,0.0,0.0,10326.014795,400.0,385689.5768592704,0.0,246387.63457141572,632077.2114306861,387380.18249174627,0.0,252462.27472822997,639842.4572199762
664,10324.63647,0.014275000000000001,0.0,0.0,10324.622195,400.0,385689.5768592704,0.0,246387.63457141572,632077.2114306861,387380.18249174627,0.0,252462.27472822997,639842.4572199762
665,10323.23513,0.0052580000000000005,0.0,0.0,10323.229872,400.0,385689.5768592704,0.0,246387.63457141572,632077.2114306861,387380.18249174627,0.0,252462.27472822997,639842.4572199762
666,10321.83379,0.001198,0.0,0.0,10321.832592,400.0,385689.5768592704,0.0,246387.63457141572,632077.2114306861,387380.18249174627,0.0,252462.27472822997,639842.4572199762
667,10320.43244,0.0,0.0,0.0,10320.43244,400.0,385689.5768592704,0.0,246387.63457141572,632077.2114306861,387380.18249174627,0.0,252462.27472822997,639842.4572199762
668,10319.0311,0.0,0.0,0.0,10319.0311,400.0,385689.5768592704,0.0,246387.63457141572,632077.2114306861,387380.18249174627,0.0,252462.27472822997,639842.4572199762
669,10317.62975,0.0,0.0,0.0,10317.62975,400.0,385689.5768592704,0.0,246387.63457141572,632077.2114306861,387380.18249174627,0.0,252462.27472822997,639842.4572199762
670,10316.38067,0.0,0.0,0.0,10316.38067,400.0,385689.5768592704,0.0,246387.63457141572,632077.2114306861,387380.18249174627,0.0,252462.27472822997,639842.4572199762
671,10315.17952,0.0,0.0,0.0,10315.17952,400.0,385689.5768592704,0.0,246387.63457141572,632077.2114306861,387380.18249174627,0.0,252462.27472822997,639842.4572199762
672,10313.97837,0.0,239.515420181815,0.0,10553.493790181816,610.773569759997,385689.5768592704,0.0,246387.63457141572,632077.2114306861,387380.18249174627,0.0,252462.27472822997,639842.4572199762
673,10312.77722,0.0,0.0,0.0,10312.77722,610.773569759997,385689.5768592704,0.0,246387.63457141572,632077.2114306861,387380.18249174627,0.0,252462.27472822997,639842.4572199762
674,10311.57606,0.0,0.0,0.0,10311.57606,610.773569759997,385689.5768592704,0.0,246387.63457141572,632077.2114306861,387380.18249174627,0.0,252462.27472822997,639842.4572199762
675,10310.00962,0.0,0.0,0.0,10310.00962,610.773569759997,385689.5768592704,0.0,246387.63457141572,632077.2114306861,387380.18249174627,0.0,252462.27472822997,639842.4572199762
676,10308.20789,0.0,0.0,0.0,10308.20789,610.773569759997,385689.5768592704,0.0,246387.63457141572,632077.2114306861,387380.18249174627,0.0,252462.27472822997,639842.4572199762
677,10306.40616,0.00014000000000000001,0.0,0.0,10306.40602,610.773569759997,385689.5768592704,0.0,246387.63457141572,632077.2114306861,387380.18249174627,0.0,252462.27472822997,639842.4572199762
678,10304.60443,0.002065,0.0,0.0,10304.602364999999,610.773569759997,385689.5768592704,0.0,246387.63457141572,632077.2114306861,387380.18249174627,0.0,252462.27472822997,639842.4572199762
679,10302.80271,0.010539,562.030960363638,0.0,10864.823131363637,1105.36081488,385689.5768592704,0.0,246387.63457141572,632077.2114306861,387380.18249174627,0.0,252462.27472822997,639842.4572199762
680,10301.09224,0.019861,563.750752363638,0.0,10864.823131363637,1601.46147696,385689.5768592704,0.0,246387.63457141572,632077.2114306861,387380.18249174627,0.0,252462.27472822997,639842.4572199762
681,10299.4907,0.026887,565.359318363637,0.0,10864.823131363637,2098.97767712,385689.5768592704,0.0,246387.63457141572,632077.2114306861,387380.18249174627,0.0,252462.27472822997,639842.4572199762
682,10297.88917,0.031764,566.965725363636,0.0,10864.823131363637,2597.90751544,385689.5768592704,0.0,246387.63457141572,632077.2114306861,387380.18249174627,0.0,252462.27472822997,639842.4572199762
683,10296.28763,0.034527,568.570028363636,0.0,10864.823131363637,3098.2491404,385689.5768592704,0.0,246387.63457141572,632077.2114306861,387380.18249174627,0.0,252462.27472822997,639842.4572199762
684,10294.6861,0.0344,570.171431363637,0.0,10864.823131363637,3600.0,385689.5768592704,0.0,246387.63457141572,632077.2114306861,387380.18249174627,0.0,252462.27472822997,639842.4572199762
685,10293.0238,0.032792,0.0,1000.0,9292.991008,2600.0,385689.5768592704,0.0,246387.63457141572,632077.2114306861,387380.18249174627,0.0,252462.27472822997,639842.4572199762
686,10291.22207,0.026353,0.0,1000.0,9291.195717,1600.0,385689.5768592704,0.0,246387.63457141572,632077.2114306861,387380.18249174627,0.0,252462.27472822997,639842.4572199762
687,10289.42034,0.007222000000000001,0.0,962.676339124999,9326.736778875002,637.323660875001,385689.5768592704,0.0,246387.63457141572,632077.2114306861,387380.18249174627,0.0,252462.27472822997,639842.4572199762
688,10287.61861,0.009267,0.0,51.0619443750002,10236.547398625,586.261716500001,385689.5768592704,0.0,246387.63457141572,632077.2114306861,387380.18249174627,0.0,252462.27472822997,639842.4572199762
689,10285.81688,0.005077,0.0,49.2644043750006,10236.547398625,536.997312125,385689.5768592704,0.0,246387.63457141572,632077.2114306861,387380.18249174627,0.0,252462.27472822997,639842.4572199762
690,10284.01515,0.000762,0.0,47.4669893749997,10236.547398625,489.530322750001,385689.5768592704,0.0,246387.63457141572,632077.2114306861,387380.18249174627,0.0,252462.27472822997,639842.4572199762
691,10282.21342,0.0,0.0,45.6660213750001,10236.547398625,443.864301375001,385689.5768592704,0.0,246387.63457141572,632077.2114306861,387380.18249174627,0.0,252462.27472822997,639842.4572199762
692,10280.4117,0.0,0.0,43.8643013750007,10236.547398625,400.0,385689.5768592704,0.0,246387.63457141572,632077.2114306861,387380.18249174627,0.0,252462.27472822997,639842.4572199762
693,10278.60997,0.0,0.0,0.0,10278.60997,400.0,385689.5768592704,0.0,246387.63457141572,632077.2114306861,387380.18249174627,0.0,252462.27472822997,639842.4572199762
694,10276.80824,0.0,0.0,0.0,10276.80824,400.0,385689.5768592704,0.0,246387.63457141572,632077.2114306861,387380.18249174627,0.0,252462.27472822997,639842.4572199762
695,10275.00651,0.0,0.0,0.0,10275.00651,400.0,385689.5768592704,0.0,246387.63457141572,632077.2114306861,387380.18249174627,0.0,252462.27472822997,639842.4572199762
696,10274.00461,0.0,590.818521363628,0.0,10864.823131363628,919.920298799993,385689.5768592704,0.0,246387.63457141572,632077.2114306861,387380.18249174627,0.0,252462.27472822997,639842.4572199762
697,10273.00365,0.0,38.2041571818227,0.0,10311.207807181823,953.539957119997,385689.5768592704,0.0,246387.63457141572,632077.2114306861,387380.18249174627,0.0,252462.27472822997,639842.4572199762
698,10272.00269,0.0,0.0,0.0,10272.00269,953.539957119997,385689.5768592704,0.0,246387.63457141572,632077.2114306861,387380.18249174627,0.0,252462.27472822997,639842.4572199762
699,10271.00173,0.0,0.0,0.0,10271.00173,953.539957119997,385689.5768592704,0.0,246387.63457141572,632077.2114306861,387380.18249174627,0.0,252462.27472822997,639842.4572199762
700,10270.00077,0.0,0.0,0.0,10270.00077,953.539957119997,385689.5768592704,0.0,246387.63457141572,632077.2114306861,387380.18249174627,0.0,252462.27472822997,639842.4572199762
701,10268.99981,0.00014199999999999998,0.0,0.0,10268.999667999999,953.539957119997,385689.5768592704,0.0,246387.63457141572,632077.2114306861,387380.18249174627,0.0,252462.27472822997,639842.4572199762
702,10267.99885,0.002057,0.0,0.0,10267.996793,953.539957119997,385689.5768592704,0.0,246387.63457141572,632077.2114306861,387380.18249174627,0.0,252462.27472822997,639842.4572199762
703,10266.99789,0.010581,0.0,0.0,10266.987309,953.539957119997,385689.5768592704,0.0,246387.63457141572,632077.2114306861,387380.18249174627,0.0,252462.27472822997,639842.4572199762
704,10265.99693,0.019672000000000002,598.845873363638,0.0,10864.823131363637,1480.52432568,385689.5768592704,0.0,246387.63457141572,632077.2114306861,387380.18249174627,0.0,252462.27472822997,639842.4572199762
705,10264.99597,0.027056999999999998,599.854218363636,0.0,10864.823131363637,2008.39603784,385689.5768592704,0.0,246387.63457141572,632077.2114306861,387380.18249174627,0.0,252462.27472822997,639842.4572199762
706,10263.57814,0.032284999999999994,601.277276363637,0.0,10864.823131363637,2537.52004104,385689.5768592704,0.0,246387.63457141572,632077.2114306861,387380.18249174627,0.0,252462.27472822997,639842.4572199762
707,10261.9766,0.035206,602.881737363638,0.0,10864.823131363637,3068.05596992,385689.5768592704,0.0,246387.63457141572,632077.2114306861,387380.18249174627,0.0,252462.27472822997,639842.4572199762
708,10260.37506,0.033781,604.481852363637,0.0,10864.823131363637,3600.0,385689.5768592704,0.0,246387.63457141572,632077.2114306861,387380.18249174627,0.0,252462.27472822997,639842.4572199762
709,10258.77353,0.032955,0.0,1000.0,9258.740575,2600.0,385689.5768592704,0.0,246387.63457141572,632077.2114306861,387380.18249174627,0.0,252462.27472822997,639842.4572199762
710,10257.17199,0.028408000000000003,0.0,1000.0,9257.143582,1600.0,385689.5768592704,0.0,246387.63457141572,632077.2114306861,387380.18249174627,0.0,252462.27472822997,639842.4572199762
711,10256.11274,0.023119,0.0,1000.0,9256.089621000001,600.000000000003,385689.5768592704,0.0,246387.63457141572,632077.2114306861,387380.18249174627,0.0,252462.27472822997,639842.4572199762
712,10255.51216,0.013819000000000001,0.0,130.307503500005,10125.190837499995,469.692496499998,385689.5768592704,0.0,246387.63457141572,632077.2114306861,387380.18249174627,0.0,252462.27472822997,639842.4572199762
713,10254.91159,0.004264,0.0,18.3599273750006,10236.547398625,451.332569124997,385689.5768592704,0.0,246387.63457141572,632077.2114306861,387380.18249174627,0.0,252462.27472822997,639842.4572199762
714,10254.31101,0.000615,0.0,17.7629963749987,10236.547398625,433.569572749999,385689.5768592704,0.0,246387.63457141572,632077.2114306861,387380.18249174627,0.0,252462.27472822997,639842.4572199762
715,10253.71043,0.0,0.0,17.1630313749993,10236.547398625,416.406541375,385689.5768592704,0.0,246387.63457141572,632077.2114306861,387380.18249174627,0.0,252462.27472822997,639842.4572199762
716,10252.95394,0.0,0.0,16.4065413749995,10236.547398625,400.0,385689.5768592704,0.0,246387.63457141572,632077.2114306861,387380.18249174627,0.0,252462.27472822997,639842.4572199762
717,10251.95298,0.0,0.0,0.0,10251.95298,400.0,385689.5768592704,0.0,246387.63457141572,632077.2114306861,387380.18249174627,0.0,252462.27472822997,639842.4572199762
718,10250.95202,0.0,0.0,0.0,10250.95202,400.0,385689.5768592704,0.0,246387.63457141572,632077.2114306861,387380.18249174627,0.0,252462.27472822997,639842.4572199762
719,10249.95106,0.0,0.0,0.0,10249.95106,400.0,385689.5768592704,0.0,246387.63457141572,632077.2114306861,387380.18249174627,0.0,252462.27472822997,639842.4572199762
720,10248.9501,0.0,510.569613545449,0.0,10759.51971354545,849.301259919995,385689.5768592704,0.0,246387.63457141572,632077.2114306861,387380.18249174627,0.0,252462.27472822997,639842.4572199762
721,10247.94914,0.0,0.0,0.0,10247.94914,849.301259919995,385689.5768592704,0.0,246387.63457141572,632077.2114306861,387380.18249174627,0.0,252462.27472822997,639842.4572199762
722,10246.94818,0.0,0.0,0.0,10246.94818,849.301259919995,385689.5768592704,0.0,246387.63457141572,632077.2114306861,387380.18249174627,0.0,252462.27472822997,639842.4572199762
723,10245.94722,0.0,0.0,0.0,10245.94722,849.301259919995,385689.5768592704,0.0,246387.63457141572,632077.2114306861,387380.18249174627,0.0,252462.27472822997,639842.4572199762
724,10244.94626,0.0,0.0,0.0,10244.94626,849.301259919995,385689.5768592704,0.0,246387.63457141572,632077.2114306861,387380.18249174627,0.0,252462.27472822997,639842.4572199762
725,10243.9453,0.000152,0.0,0.0,10243.945147999999,849.301259919995,385689.5768592704,0.0,246387.63457141572,632077.2114306861,387380.18249174627,0.0,252462.27472822997,639842.4572199762
726,10242.9613,0.002296,0.0,0.0,10242.959004,849.301259919995,385689.5768592704,0.0,246387.63457141572,632077.2114306861,387380.18249174627,0.0,252462.27472822997,639842.4572199762
727,10242.16053,0.011773,0.0,0.0,10242.148756999999,849.301259919995,385689.5768592704,0.0,246387.63457141572,632077.2114306861,387380.18249174627,0.0,252462.27472822997,639842.4572199762
728,10241.35976,0.014192,623.477563363638,0.0,10864.823131363637,1397.96151568,385689.5768592704,0.0,246387.63457141572,632077.2114306861,387380.18249174627,0.0,252462.27472822997,639842.4572199762
729,10240.559,0.018827000000000003,624.282958363638,0.0,10864.823131363637,1947.33051904,385689.5768592704,0.0,246387.63457141572,632077.2114306861,387380.18249174627,0.0,252462.27472822997,639842.4572199762
730,10239.75823,0.027249,625.092150363638,0.0,10864.823131363637,2497.41161136,385689.5768592704,0.0,246387.63457141572,632077.2114306861,387380.18249174627,0.0,252462.27472822997,639842.4572199762
731,10238.95746,0.015807,625.881478363637,0.0,10864.823131363637,3048.18731232,385689.5768592704,0.0,246387.63457141572,632077.2114306861,387380.18249174627,0.0,252462.27472822997,639842.4572199762
732,10237.78339,0.020131,627.059872363636,0.0,10864.823131363637,3600.0,385689.5768592704,0.0,246387.63457141572,632077.2114306861,387380.18249174627,0.0,252462.27472822997,639842.4572199762
733,10236.58224,0.025595,0.0,1000.0,9236.556645,2600.0,385689.5768592704,0.0,246387.63457141572,632077.2114306861,387380.18249174627,0.0,252462.27472822997,639842.4572199762
734,10235.38109,0.029113,0.0,1000.0,9235.351977,1600.0,385689.5768592704,0.0,246387.63457141572,632077.2114306861,387380.18249174627,0.0,252462.27472822997,639842.4572199762
735,10234.17993,0.024411000000000002,0.0,1000.0,9234.155519,600.0,385689.5768592704,0.0,246387.63457141572,632077.2114306861,387380.18249174627,0.0,252462.27472822997,639842.4572199762
736,10232.97878,0.017816,0.0,200.0,10032.960964,400.0,385689.5768592704,0.0,246387.63457141572,632077.2114306861,387380.18249174627,0.0,252462.27472822997,639842.4572199762
737,10232.71453,0.002401,0.0,0.0,10232.712129,400.0,385689.5768592704,0.0,246387.63457141572,632077.2114306861,387380.18249174627,0.0,252462.27472822997,639842.4572199762
738,10232.71453,0.0,0.0,0.0,10232.71453,400.0,385689.5768592704,0.0,246387.63457141572,632077.2114306861,387380.18249174627,0.0,252462.27472822997,639842.4572199762
739,10232.71453,0.0,0.0,0.0,10232.71453,400.0,385689.5768592704,0.0,246387.63457141572,632077.2114306861,387380.18249174627,0.0,252462.27472822997,639842.4572199762
740,10232.71453,0.0,0.0,0.0,10232.71453,400.0,385689.5768592704,0.0,246387.63457141572,632077.2114306861,387380.18249174627,0.0,252462.27472822997,639842.4572199762
741,10232.71453,0.0,555.319085454543,0.0,10788.033615454542,888.680795199998,385689.5768592704,0.0,246387.63457141572,632077.2114306861,387380.18249174627,0.0,252462.27472822997,639842.4572199762
742,10233.09148,0.0,631.731651363638,0.0,10864.823131363637,1444.6046484,385689.5768592704,0.0,246387.63457141572,632077.2114306861,387380.18249174627,0.0,252462.27472822997,639842.4572199762
743,10233.69205,0.0,631.131081363637,0.0,10864.823131363637,2000.0,385689.5768592704,0.0,246387.63457141572,632077.2114306861,387380.18249174627,0.0,252462.27472822997,639842.4572199762
