time,Pload,Ppv,Pcharge,Pdischarge,Ptotal,state of charge,energy_charge_with_es,nem_charge_with_es,demand_charge_with_es,total_bill_with_es,energy_charge_without_es,nem_charge_without_es,demand_charge_without_es,total_bill_without_es
0,9889.238326,0.0,0.0,0.0,9889.238326,200.0,347449.1534525745,0.0,189712.34789269435,537161.5013452689,347516.0948209082,0.0,190266.6899223,537782.7847432082
1,9889.238326,0.0,0.0,0.0,9889.238326,200.0,347449.1534525745,0.0,189712.34789269435,537161.5013452689,347516.0948209082,0.0,190266.6899223,537782.7847432082
2,9889.238326,0.0,0.0,0.0,9889.238326,200.0,347449.1534525745,0.0,189712.34789269435,537161.5013452689,347516.0948209082,0.0,190266.6899223,537782.7847432082
3,9889.238326,0.0,0.0,0.0,9889.238326,200.0,347449.1534525745,0.0,189712.34789269435,537161.5013452689,347516.0948209082,0.0,190266.6899223,537782.7847432082
4,9889.238326,0.0,0.0,0.0,9889.238326,200.0,347449.1534525745,0.0,189712.34789269435,537161.5013452689,347516.0948209082,0.0,190266.6899223,537782.7847432082
5,9889.238326,0.0,0.0,0.0,9889.238326,200.0,347449.1534525745,0.0,189712.34789269435,537161.5013452689,347516.0948209082,0.0,190266.6899223,537782.7847432082
6,9889.238326,0.0,0.0,0.0,9889.238326,200.0,347449.1534525745,0.0,189712.34789269435,537161.5013452689,347516.0948209082,0.0,190266.6899223,537782.7847432082
7,9889.238326,0.004527000000000001,0.0,0.0,9889.233799000001,200.0,347449.1534525745,0.0,189712.34789269435,537161.5013452689,347516.0948209082,0.0,190266.6899223,537782.7847432082
8,9889.238326,0.018678999999999998,0.0,0.0,9889.219647,200.0,347449.1534525745,0.0,189712.34789269435,537161.5013452689,347516.0948209082,0.0,190266.6899223,537782.7847432082
9,9889.238326,0.028823,0.0,0.0,9889.209503,200.0,347449.1534525745,0.0,189712.34789269435,537161.5013452689,347516.0948209082,0.0,190266.6899223,537782.7847432082
10,9889.238326,0.034214,0.0,0.0,9889.204112000001,200.0,347449.1534525745,0.0,189712.34789269435,537161.5013452689,347516.0948209082,0.0,190266.6899223,537782.7847432082
11,9889.238326,0.037946,0.0,0.0,9889.20038,200.0,347449.1534525745,0.0,189712.34789269435,537161.5013452689,347516.0948209082,0.0,190266.6899223,537782.7847432082
12,9889.238326,0.035017000000000006,0.0,0.0,9889.203309,200.0,347449.1534525745,0.0,189712.34789269435,537161.5013452689,347516.0948209082,0.0,190266.6899223,537782.7847432082
13,9889.238326,0.034444,0.0,0.0,9889.203882,200.0,347449.1534525745,0.0,189712.34789269435,537161.5013452689,347516.0948209082,0.0,190266.6899223,537782.7847432082
14,9889.238326,0.029835,0.0,0.0,9889.208491000001,200.0,347449.1534525745,0.0,189712.34789269435,537161.5013452689,347516.0948209082,0.0,190266.6899223,537782.7847432082
15,9889.238326,0.021355000000000002,0.0,0.0,9889.216971,200.0,347449.1534525745,0.0,189712.34789269435,537161.5013452689,347516.0948209082,0.0,190266.6899223,537782.7847432082
16,9889.238326,0.009146000000000001,0.0,0.0,9889.22918,200.0,347449.1534525745,0.0,189712.34789269435,537161.5013452689,347516.0948209082,0.0,190266.6899223,537782.7847432082
17,9889.238326,0.0,0.0,0.0,9889.238326,200.0,347449.1534525745,0.0,189712.34789269435,537161.5013452689,347516.0948209082,0.0,190266.6899223,537782.7847432082
18,9889.238326,0.0,0.0,0.0,9889.238326,200.0,347449.1534525745,0.0,189712.34789269435,537161.5013452689,347516.0948209082,0.0,190266.6899223,537782.7847432082
19,9889.238326,0.0,0.0,0.0,9889.238326,200.0,347449.1534525745,0.0,189712.34789269435,537161.5013452689,347516.0948209082,0.0,190266.6899223,537782.7847432082
20,9889.238326,0.0,0.0,0.0,9889.238326,200.0,347449.1534525745,0.0,189712.34789269435,537161.5013452689,347516.0948209082,0.0,190266.6899223,537782.7847432082
21,9889.238326,0.0,0.0,0.0,9889.238326,200.0,347449.1534525745,0.0,189712.34789269435,537161.5013452689,347516.0948209082,0.0,190266.6899223,537782.7847432082
22,9889.238326,0.0,0.0,0.0,9889.238326,200.0,347449.1534525745,0.0,189712.34789269435,537161.5013452689,347516.0948209082,0.0,190266.6899223,537782.7847432082
23,9889.238326,0.0,0.0,0.0,9889.238326,200.0,347449.1534525745,0.0,189712.34789269435,537161.5013452689,347516.0948209082,0.0,190266.6899223,537782.7847432082
24,9889.238326,0.0,0.0,0.0,9889.238326,200.0,347449.1534525745,0.0,189712.34789269435,537161.5013452689,347516.0948209082,0.0,190266.6899223,537782.7847432082
25,9889.238326,0.0,0.0,0.0,9889.238326,200.0,347449.1534525745,0.0,189712.34789269435,537161.5013452689,347516.0948209082,0.0,190266.6899223,537782.7847432082
26,9889.238326,0.0,0.0,0.0,9889.238326,200.0,347449.1534525745,0.0,189712.34789269435,537161.5013452689,347516.0948209082,0.0,190266.6899223,537782.7847432082
27,9889.238326,0.0,0.0,0.0,9889.238326,200.0,347449.1534525745,0.0,189712.34789269435,537161.5013452689,347516.0948209082,0.0,190266.6899223,537782.7847432082
28,9889.238326,0.0,0.0,0.0,9889.238326,200.0,347449.1534525745,0.0,189712.34789269435,537161.5013452689,347516.0948209082,0.0,190266.6899223,537782.7847432082
29,9889.238326,0.0,181.818181818182,0.0,10071.056507818183,360.0,347449.1534525745,0.0,189712.34789269435,537161.5013452689,347516.0948209082,0.0,190266.6899223,537782.7847432082
30,9889.238326,0.0,0.0,320.0,9569.238326,40.0,347449.1534525745,0.0,189712.34789269435,537161.5013452689,347516.0948209082,0.0,190266.6899223,537782.7847432082
31,9889.238326,0.0045190000000000004,0.0,0.0,9889.233807,40.0,347449.1534525745,0.0,189712.34789269435,537161.5013452689,347516.0948209082,0.0,190266.6899223,537782.7847432082
32,9889.238326,0.018824999999999998,0.0,0.0,9889.219501000001,40.0,347449.1534525745,0.0,189712.34789269435,537161.5013452689,347516.0948209082,0.0,190266.6899223,537782.7847432082
33,9889.238326,0.029053000000000002,0.0,0.0,9889.209273,40.0,347449.1534525745,0.0,189712.34789269435,537161.5013452689,347516.0948209082,0.0,190266.6899223,537782.7847432082
34,9889.238326,0.034284999999999996,0.0,0.0,9889.204041,40.0,347449.1534525745,0.0,189712.34789269435,537161.5013452689,347516.0948209082,0.0,190266.6899223,537782.7847432082
35,9889.238326,0.0386,0.0,0.0,9889.199726,40.0,347449.1534525745,0.0,189712.34789269435,537161.5013452689,347516.0948209082,0.0,190266.6899223,537782.7847432082
36,9889.238326,0.034627000000000005,0.0,0.0,9889.203699000002,40.0,347449.1534525745,0.0,189712.34789269435,537161.5013452689,347516.0948209082,0.0,190266.6899223,537782.7847432082
37,9889.238326,0.032087000000000004,0.0,0.0,9889.206239000001,40.0,347449.1534525745,0.0,189712.34789269435,537161.5013452689,347516.0948209082,0.0,190266.6899223,537782.7847432082
38,9889.238326,0.028987,0.0,0.0,9889.209339,40.0,347449.1534525745,0.0,189712.34789269435,537161.5013452689,347516.0948209082,0.0,190266.6899223,537782.7847432082
39,9889.238326,0.021018000000000002,0.0,0.0,9889.217308000001,40.0,347449.1534525745,0.0,189712.34789269435,537161.5013452689,347516.0948209082,0.0,190266.6899223,537782.7847432082
40,9889.238326,0.00408,363.636363636364,0.0,10252.870609636364,360.0,347449.1534525745,0.0,189712.34789269435,537161.5013452689,347516.0948209082,0.0,190266.6899223,537782.7847432082
41,9889.238326,0.0,0.0,320.0,9569.238326,40.0,347449.1534525745,0.0,189712.34789269435,537161.5013452689,347516.0948209082,0.0,190266.6899223,537782.7847432082
42,9889.238326,0.0,0.0,0.0,9889.238326,40.0,347449.1534525745,0.0,189712.34789269435,537161.5013452689,347516.0948209082,0.0,190266.6899223,537782.7847432082
43,9889.238326,0.0,0.0,0.0,9889.238326,40.0,347449.1534525745,0.0,189712.34789269435,537161.5013452689,347516.0948209082,0.0,190266.6899223,537782.7847432082
44,9889.238326,0.0,0.0,0.0,9889.238326,40.0,347449.1534525745,0.0,189712.34789269435,537161.5013452689,347516.0948209082,0.0,190266.6899223,537782.7847432082
45,9889.238326,0.0,0.0,0.0,9889.238326,40.0,347449.1534525745,0.0,189712.34789269435,537161.5013452689,347516.0948209082,0.0,190266.6899223,537782.7847432082
46,9889.238326,0.0,0.0,0.0,9889.238326,40.0,347449.1534525745,0.0,189712.34789269435,537161.5013452689,347516.0948209082,0.0,190266.6899223,537782.7847432082
47,9888.86067,0.0,0.0,0.0,9888.86067,40.0,347449.1534525745,0.0,189712.34789269435,537161.5013452689,347516.0948209082,0.0,190266.6899223,537782.7847432082
48,9888.260093,0.0,0.0,0.0,9888.260093,40.0,347449.1534525745,0.0,189712.34789269435,537161.5013452689,347516.0948209082,0.0,190266.6899223,537782.7847432082
49,9887.659517,0.0,0.0,0.0,9887.659517,40.0,347449.1534525745,0.0,189712.34789269435,537161.5013452689,347516.0948209082,0.0,190266.6899223,537782.7847432082
50,9887.058941,0.0,0.0,0.0,9887.058941,40.0,347449.1534525745,0.0,189712.34789269435,537161.5013452689,347516.0948209082,0.0,190266.6899223,537782.7847432082
51,9886.458365,0.0,0.0,0.0,9886.458365,40.0,347449.1534525745,0.0,189712.34789269435,537161.5013452689,347516.0948209082,0.0,190266.6899223,537782.7847432082
52,9885.667018,0.0,0.0,0.0,9885.667018,40.0,347449.1534525745,0.0,189712.34789269435,537161.5013452689,347516.0948209082,0.0,190266.6899223,537782.7847432082
53,9884.666057,0.0,363.636363636364,0.0,10248.302420636364,360.0,347449.1534525745,0.0,189712.34789269435,537161.5013452689,347516.0948209082,0.0,190266.6899223,537782.7847432082
54,9883.665097,0.0,0.0,320.0,9563.665097,40.0,347449.1534525745,0.0,189712.34789269435,537161.5013452689,347516.0948209082,0.0,190266.6899223,537782.7847432082
55,9882.664137,0.0056630000000000005,0.0,0.0,9882.658474,40.0,347449.1534525745,0.0,189712.34789269435,537161.5013452689,347516.0948209082,0.0,190266.6899223,537782.7847432082
56,9881.663177,0.019189,0.0,0.0,9881.643988,40.0,347449.1534525745,0.0,189712.34789269435,537161.5013452689,347516.0948209082,0.0,190266.6899223,537782.7847432082
57,9880.662217,0.028344,0.0,0.0,9880.633872999999,40.0,347449.1534525745,0.0,189712.34789269435,537161.5013452689,347516.0948209082,0.0,190266.6899223,537782.7847432082
58,9879.661256,0.034879,0.0,0.0,9879.626376999999,40.0,347449.1534525745,0.0,189712.34789269435,537161.5013452689,347516.0948209082,0.0,190266.6899223,537782.7847432082
59,9878.660296,0.037735,0.0,0.0,9878.622561,40.0,347449.1534525745,0.0,189712.34789269435,537161.5013452689,347516.0948209082,0.0,190266.6899223,537782.7847432082
60,9877.659336,0.037551,0.0,0.0,9877.621785000001,40.0,347449.1534525745,0.0,189712.34789269435,537161.5013452689,347516.0948209082,0.0,190266.6899223,537782.7847432082
61,9876.658376,0.033429,0.0,0.0,9876.624947,40.0,347449.1534525745,0.0,189712.34789269435,537161.5013452689,347516.0948209082,0.0,190266.6899223,537782.7847432082
62,9875.657415,0.027709,0.0,0.0,9875.629706,40.0,347449.1534525745,0.0,189712.34789269435,537161.5013452689,347516.0948209082,0.0,190266.6899223,537782.7847432082
63,9874.656455,0.019311000000000002,0.0,0.0,9874.637144,40.0,347449.1534525745,0.0,189712.34789269435,537161.5013452689,347516.0948209082,0.0,190266.6899223,537782.7847432082
64,9873.655495,0.010656,363.636363636364,0.0,10237.281202636364,360.0,347449.1534525745,0.0,189712.34789269435,537161.5013452689,347516.0948209082,0.0,190266.6899223,537782.7847432082
65,9872.654535,0.0,0.0,320.0,9552.654535,40.0,347449.1534525745,0.0,189712.34789269435,537161.5013452689,347516.0948209082,0.0,190266.6899223,537782.7847432082
66,9871.653575,0.0,0.0,0.0,9871.653575,40.0,347449.1534525745,0.0,189712.34789269435,537161.5013452689,347516.0948209082,0.0,190266.6899223,537782.7847432082
67,9870.660386,0.0,0.0,0.0,9870.660386,40.0,347449.1534525745,0.0,189712.34789269435,537161.5013452689,347516.0948209082,0.0,190266.6899223,537782.7847432082
68,9870.05981,0.0,0.0,0.0,9870.05981,40.0,347449.1534525745,0.0,189712.34789269435,537161.5013452689,347516.0948209082,0.0,190266.6899223,537782.7847432082
69,9869.459234,0.0,0.0,0.0,9869.459234,40.0,347449.1534525745,0.0,189712.34789269435,537161.5013452689,347516.0948209082,0.0,190266.6899223,537782.7847432082
70,9868.858658,0.0,0.0,0.0,9868.858658,40.0,347449.1534525745,0.0,189712.34789269435,537161.5013452689,347516.0948209082,0.0,190266.6899223,537782.7847432082
71,9868.258082,0.0,0.0,0.0,9868.258082,40.0,347449.1534525745,0.0,189712.34789269435,537161.5013452689,347516.0948209082,0.0,190266.6899223,537782.7847432082
72,9867.657506,0.0,0.0,0.0,9867.657506,40.0,347449.1534525745,0.0,189712.34789269435,537161.5013452689,347516.0948209082,0.0,190266.6899223,537782.7847432082
73,9867.230508,0.0,0.0,0.0,9867.230508,40.0,347449.1534525745,0.0,189712.34789269435,537161.5013452689,347516.0948209082,0.0,190266.6899223,537782.7847432082
74,9866.830124,0.0,0.0,0.0,9866.830124,40.0,347449.1534525745,0.0,189712.34789269435,537161.5013452689,347516.0948209082,0.0,190266.6899223,537782.7847432082
75,9866.42974,0.0,0.0,0.0,9866.42974,40.0,347449.1534525745,0.0,189712.34789269435,537161.5013452689,347516.0948209082,0.0,190266.6899223,537782.7847432082
76,9866.029356,0.0,0.0,0.0,9866.029356,40.0,347449.1534525745,0.0,189712.34789269435,537161.5013452689,347516.0948209082,0.0,190266.6899223,537782.7847432082
77,9865.628972,0.0,363.636363636364,0.0,10229.265335636364,360.0,347449.1534525745,0.0,189712.34789269435,537161.5013452689,347516.0948209082,0.0,190266.6899223,537782.7847432082
78,9865.085509,0.0,0.0,320.0,9545.085509,40.0,347449.1534525745,0.0,189712.34789269435,537161.5013452689,347516.0948209082,0.0,190266.6899223,537782.7847432082
79,9864.484933,0.001121,0.0,0.0,9864.483812,40.0,347449.1534525745,0.0,189712.34789269435,537161.5013452689,347516.0948209082,0.0,190266.6899223,537782.7847432082
80,9863.884357,0.006256,0.0,0.0,9863.878101,40.0,347449.1534525745,0.0,189712.34789269435,537161.5013452689,347516.0948209082,0.0,190266.6899223,537782.7847432082
81,9863.283781,0.013721,0.0,0.0,9863.27006,40.0,347449.1534525745,0.0,189712.34789269435,537161.5013452689,347516.0948209082,0.0,190266.6899223,537782.7847432082
82,9862.683205,0.014486,0.0,0.0,9862.668719,40.0,347449.1534525745,0.0,189712.34789269435,537161.5013452689,347516.0948209082,0.0,190266.6899223,537782.7847432082
83,9862.082628,0.028876000000000002,0.0,0.0,9862.053752,40.0,347449.1534525745,0.0,189712.34789269435,537161.5013452689,347516.0948209082,0.0,190266.6899223,537782.7847432082
84,9861.482052,0.021802,0.0,0.0,9861.46025,40.0,347449.1534525745,0.0,189712.34789269435,537161.5013452689,347516.0948209082,0.0,190266.6899223,537782.7847432082
85,9860.881476,0.017748999999999997,0.0,0.0,9860.863727,40.0,347449.1534525745,0.0,189712.34789269435,537161.5013452689,347516.0948209082,0.0,190266.6899223,537782.7847432082
86,9860.2809,0.012078,0.0,0.0,9860.268822,40.0,347449.1534525745,0.0,189712.34789269435,537161.5013452689,347516.0948209082,0.0,190266.6899223,537782.7847432082
87,9859.680324,0.008962999999999999,0.0,0.0,9859.671361,40.0,347449.1534525745,0.0,189712.34789269435,537161.5013452689,347516.0948209082,0.0,190266.6899223,537782.7847432082
88,9858.997669,0.001572,363.636363636364,0.0,10222.632460636365,360.0,347449.1534525745,0.0,189712.34789269435,537161.5013452689,347516.0948209082,0.0,190266.6899223,537782.7847432082
89,9858.196901,0.0,0.0,320.0,9538.196901,40.0,347449.1534525745,0.0,189712.34789269435,537161.5013452689,347516.0948209082,0.0,190266.6899223,537782.7847432082
90,9857.396133,0.0,0.0,0.0,9857.396133,40.0,347449.1534525745,0.0,189712.34789269435,537161.5013452689,347516.0948209082,0.0,190266.6899223,537782.7847432082
91,9856.595364,0.0,0.0,0.0,9856.595364,40.0,347449.1534525745,0.0,189712.34789269435,537161.5013452689,347516.0948209082,0.0,190266.6899223,537782.7847432082
92,9855.794596,0.0,0.0,0.0,9855.794596,40.0,347449.1534525745,0.0,189712.34789269435,537161.5013452689,347516.0948209082,0.0,190266.6899223,537782.7847432082
93,9855.096986,0.0,0.0,0.0,9855.096986,40.0,347449.1534525745,0.0,189712.34789269435,537161.5013452689,347516.0948209082,0.0,190266.6899223,537782.7847432082
94,9854.696602,0.0,0.0,0.0,9854.696602,40.0,347449.1534525745,0.0,189712.34789269435,537161.5013452689,347516.0948209082,0.0,190266.6899223,537782.7847432082
95,9854.296218,0.0,0.0,0.0,9854.296218,40.0,347449.1534525745,0.0,189712.34789269435,537161.5013452689,347516.0948209082,0.0,190266.6899223,537782.7847432082
96,9853.895834,0.0,0.0,0.0,9853.895834,40.0,347449.1534525745,0.0,189712.34789269435,537161.5013452689,347516.0948209082,0.0,190266.6899223,537782.7847432082
97,9853.49545,0.0,0.0,0.0,9853.49545,40.0,347449.1534525745,0.0,189712.34789269435,537161.5013452689,347516.0948209082,0.0,190266.6899223,537782.7847432082
98,9853.031828,0.0,0.0,0.0,9853.031828,40.0,347449.1534525745,0.0,189712.34789269435,537161.5013452689,347516.0948209082,0.0,190266.6899223,537782.7847432082
99,9852.030868,0.0,0.0,0.0,9852.030868,40.0,347449.1534525745,0.0,189712.34789269435,537161.5013452689,347516.0948209082,0.0,190266.6899223,537782.7847432082
100,9851.029908,0.0,0.0,0.0,9851.029908,40.0,347449.1534525745,0.0,189712.34789269435,537161.5013452689,347516.0948209082,0.0,190266.6899223,537782.7847432082
101,9850.028948,0.0,0.0,0.0,9850.028948,40.0,347449.1534525745,0.0,189712.34789269435,537161.5013452689,347516.0948209082,0.0,190266.6899223,537782.7847432082
102,9849.027987,0.0,0.0,0.0,9849.027987,40.0,347449.1534525745,0.0,189712.34789269435,537161.5013452689,347516.0948209082,0.0,190266.6899223,537782.7847432082
103,9848.027027,0.004453,0.0,0.0,9848.022574,40.0,347449.1534525745,0.0,189712.34789269435,537161.5013452689,347516.0948209082,0.0,190266.6899223,537782.7847432082
104,9846.835296,0.013915,0.0,0.0,9846.821381,40.0,347449.1534525745,0.0,189712.34789269435,537161.5013452689,347516.0948209082,0.0,190266.6899223,537782.7847432082
105,9845.634143,0.023839,0.0,0.0,9845.610304,40.0,347449.1534525745,0.0,189712.34789269435,537161.5013452689,347516.0948209082,0.0,190266.6899223,537782.7847432082
106,9844.432991,0.034267000000000006,0.0,0.0,9844.398723999999,40.0,347449.1534525745,0.0,189712.34789269435,537161.5013452689,347516.0948209082,0.0,190266.6899223,537782.7847432082
107,9843.231839,0.038272,0.0,0.0,9843.193567,40.0,347449.1534525745,0.0,189712.34789269435,537161.5013452689,347516.0948209082,0.0,190266.6899223,537782.7847432082
108,9842.030687,0.038339,0.0,0.0,9841.992348,40.0,347449.1534525745,0.0,189712.34789269435,537161.5013452689,347516.0948209082,0.0,190266.6899223,537782.7847432082
109,9840.829534,0.032958,0.0,0.0,9840.796576,40.0,347449.1534525745,0.0,189712.34789269435,537161.5013452689,347516.0948209082,0.0,190266.6899223,537782.7847432082
110,9839.628382,0.030039000000000003,0.0,0.0,9839.598343000001,40.0,347449.1534525745,0.0,189712.34789269435,537161.5013452689,347516.0948209082,0.0,190266.6899223,537782.7847432082
111,9838.42723,0.021468,0.0,0.0,9838.405761999999,40.0,347449.1534525745,0.0,189712.34789269435,537161.5013452689,347516.0948209082,0.0,190266.6899223,537782.7847432082
112,9837.226078,0.00846,0.0,0.0,9837.217618,40.0,347449.1534525745,0.0,189712.34789269435,537161.5013452689,347516.0948209082,0.0,190266.6899223,537782.7847432082
113,9836.024925,0.0,0.0,0.0,9836.024925,40.0,347449.1534525745,0.0,189712.34789269435,537161.5013452689,347516.0948209082,0.0,190266.6899223,537782.7847432082
114,9834.823773,0.0,0.0,0.0,9834.823773,40.0,347449.1534525745,0.0,189712.34789269435,537161.5013452689,347516.0948209082,0.0,190266.6899223,537782.7847432082
115,9833.622621,0.0,0.0,0.0,9833.622621,40.0,347449.1534525745,0.0,189712.34789269435,537161.5013452689,347516.0948209082,0.0,190266.6899223,537782.7847432082
116,9832.421469,0.0,0.0,0.0,9832.421469,40.0,347449.1534525745,0.0,189712.34789269435,537161.5013452689,347516.0948209082,0.0,190266.6899223,537782.7847432082
117,9831.220316,0.0,0.0,0.0,9831.220316,40.0,347449.1534525745,0.0,189712.34789269435,537161.5013452689,347516.0948209082,0.0,190266.6899223,537782.7847432082
118,9830.019164,0.0,0.0,0.0,9830.019164,40.0,347449.1534525745,0.0,189712.34789269435,537161.5013452689,347516.0948209082,0.0,190266.6899223,537782.7847432082
119,9828.818012,0.0,0.0,0.0,9828.818012,40.0,347449.1534525745,0.0,189712.34789269435,537161.5013452689,347516.0948209082,0.0,190266.6899223,537782.7847432082
120,9827.616859,0.0,0.0,0.0,9827.616859,40.0,347449.1534525745,0.0,189712.34789269435,537161.5013452689,347516.0948209082,0.0,190266.6899223,537782.7847432082
121,9826.415707,0.0,0.0,0.0,9826.415707,40.0,347449.1534525745,0.0,189712.34789269435,537161.5013452689,347516.0948209082,0.0,190266.6899223,537782.7847432082
122,9825.214555,0.0,0.0,0.0,9825.214555,40.0,347449.1534525745,0.0,189712.34789269435,537161.5013452689,347516.0948209082,0.0,190266.6899223,537782.7847432082
123,9824.013403,0.0,0.0,0.0,9824.013403,40.0,347449.1534525745,0.0,189712.34789269435,537161.5013452689,347516.0948209082,0.0,190266.6899223,537782.7847432082
124,9822.949794,0.0,0.0,0.0,9822.949794,40.0,347449.1534525745,0.0,189712.34789269435,537161.5013452689,347516.0948209082,0.0,190266.6899223,537782.7847432082
125,9822.149026,0.0,0.0,0.0,9822.149026,40.0,347449.1534525745,0.0,189712.34789269435,537161.5013452689,347516.0948209082,0.0,190266.6899223,537782.7847432082
126,9821.348258,0.0,0.0,0.0,9821.348258,40.0,347449.1534525745,0.0,189712.34789269435,537161.5013452689,347516.0948209082,0.0,190266.6899223,537782.7847432082
127,9820.54749,0.000348,0.0,0.0,9820.547142000001,40.0,347449.1534525745,0.0,189712.34789269435,537161.5013452689,347516.0948209082,0.0,190266.6899223,537782.7847432082
128,9819.746721,0.003684,0.0,0.0,9819.743037,40.0,347449.1534525745,0.0,189712.34789269435,537161.5013452689,347516.0948209082,0.0,190266.6899223,537782.7847432082
129,9818.945953,0.0054989999999999995,0.0,0.0,9818.940454,40.0,347449.1534525745,0.0,189712.34789269435,537161.5013452689,347516.0948209082,0.0,190266.6899223,537782.7847432082
130,9818.145185,0.016795,0.0,0.0,9818.12839,40.0,347449.1534525745,0.0,189712.34789269435,537161.5013452689,347516.0948209082,0.0,190266.6899223,537782.7847432082
131,9817.344417,0.039182,0.0,0.0,9817.305235,40.0,347449.1534525745,0.0,189712.34789269435,537161.5013452689,347516.0948209082,0.0,190266.6899223,537782.7847432082
132,9816.543649,0.038051,0.0,0.0,9816.505598,40.0,347449.1534525745,0.0,189712.34789269435,537161.5013452689,347516.0948209082,0.0,190266.6899223,537782.7847432082
133,9815.742881,0.035014,0.0,0.0,9815.707867000001,40.0,347449.1534525745,0.0,189712.34789269435,537161.5013452689,347516.0948209082,0.0,190266.6899223,537782.7847432082
134,9814.942112,0.030726,0.0,0.0,9814.911386,40.0,347449.1534525745,0.0,189712.34789269435,537161.5013452689,347516.0948209082,0.0,190266.6899223,537782.7847432082
135,9814.141344,0.022739000000000002,0.0,0.0,9814.118605,40.0,347449.1534525745,0.0,189712.34789269435,537161.5013452689,347516.0948209082,0.0,190266.6899223,537782.7847432082
136,9813.340576,0.006834,0.0,0.0,9813.333742,40.0,347449.1534525745,0.0,189712.34789269435,537161.5013452689,347516.0948209082,0.0,190266.6899223,537782.7847432082
137,9812.539808,0.0,0.0,0.0,9812.539808,40.0,347449.1534525745,0.0,189712.34789269435,537161.5013452689,347516.0948209082,0.0,190266.6899223,537782.7847432082
138,9811.73904,0.0,0.0,0.0,9811.73904,40.0,347449.1534525745,0.0,189712.34789269435,537161.5013452689,347516.0948209082,0.0,190266.6899223,537782.7847432082
139,9810.938271,0.0,0.0,0.0,9810.938271,40.0,347449.1534525745,0.0,189712.34789269435,537161.5013452689,347516.0948209082,0.0,190266.6899223,537782.7847432082
140,9810.137503,0.0,0.0,0.0,9810.137503,40.0,347449.1534525745,0.0,189712.34789269435,537161.5013452689,347516.0948209082,0.0,190266.6899223,537782.7847432082
141,9809.336735,0.0,0.0,0.0,9809.336735,40.0,347449.1534525745,0.0,189712.34789269435,537161.5013452689,347516.0948209082,0.0,190266.6899223,537782.7847432082
142,9808.535967,0.0,0.0,0.0,9808.535967,40.0,347449.1534525745,0.0,189712.34789269435,537161.5013452689,347516.0948209082,0.0,190266.6899223,537782.7847432082
143,9807.735199,0.0,0.0,0.0,9807.735199,40.0,347449.1534525745,0.0,189712.34789269435,537161.5013452689,347516.0948209082,0.0,190266.6899223,537782.7847432082
144,9806.934431,0.0,0.0,0.0,9806.934431,40.0,347449.1534525745,0.0,189712.34789269435,537161.5013452689,347516.0948209082,0.0,190266.6899223,537782.7847432082
145,9806.280627,0.0,0.0,0.0,9806.280627,40.0,347449.1534525745,0.0,189712.34789269435,537161.5013452689,347516.0948209082,0.0,190266.6899223,537782.7847432082
146,9805.680051,0.0,0.0,0.0,9805.680051,40.0,347449.1534525745,0.0,189712.34789269435,537161.5013452689,347516.0948209082,0.0,190266.6899223,537782.7847432082
147,9805.079475,0.0,0.0,0.0,9805.079475,40.0,347449.1534525745,0.0,189712.34789269435,537161.5013452689,347516.0948209082,0.0,190266.6899223,537782.7847432082
148,9804.478898,0.0,0.0,0.0,9804.478898,40.0,347449.1534525745,0.0,189712.34789269435,537161.5013452689,347516.0948209082,0.0,190266.6899223,537782.7847432082
149,9803.878322,0.0,363.636363636364,0.0,10167.514685636364,360.0,347449.1534525745,0.0,189712.34789269435,537161.5013452689,347516.0948209082,0.0,190266.6899223,537782.7847432082
150,9803.510676,0.0,0.0,320.0,9483.510676,40.0,347449.1534525745,0.0,189712.34789269435,537161.5013452689,347516.0948209082,0.0,190266.6899223,537782.7847432082
151,9803.310484,0.003278,0.0,0.0,9803.307206,40.0,347449.1534525745,0.0,189712.34789269435,537161.5013452689,347516.0948209082,0.0,190266.6899223,537782.7847432082
152,9803.110291,0.017672,0.0,0.0,9803.092619000001,40.0,347449.1534525745,0.0,189712.34789269435,537161.5013452689,347516.0948209082,0.0,190266.6899223,537782.7847432082
153,9802.910099,0.017147,0.0,0.0,9802.892952,40.0,347449.1534525745,0.0,189712.34789269435,537161.5013452689,347516.0948209082,0.0,190266.6899223,537782.7847432082
154,9802.709907,0.022931,0.0,0.0,9802.686976,40.0,347449.1534525745,0.0,189712.34789269435,537161.5013452689,347516.0948209082,0.0,190266.6899223,537782.7847432082
155,9802.423751,0.034424,0.0,0.0,9802.389327,40.0,347449.1534525745,0.0,189712.34789269435,537161.5013452689,347516.0948209082,0.0,190266.6899223,537782.7847432082
156,9802.023366,0.02244,0.0,0.0,9802.000925999999,40.0,347449.1534525745,0.0,189712.34789269435,537161.5013452689,347516.0948209082,0.0,190266.6899223,537782.7847432082
157,9801.622982,0.012928,0.0,0.0,9801.610054,40.0,347449.1534525745,0.0,189712.34789269435,537161.5013452689,347516.0948209082,0.0,190266.6899223,537782.7847432082
158,9801.222598,0.017885,0.0,0.0,9801.204713000001,40.0,347449.1534525745,0.0,189712.34789269435,537161.5013452689,347516.0948209082,0.0,190266.6899223,537782.7847432082
159,9800.822214,0.006382,0.0,0.0,9800.815832,40.0,347449.1534525745,0.0,189712.34789269435,537161.5013452689,347516.0948209082,0.0,190266.6899223,537782.7847432082
160,9800.477295,0.002294,363.636363636364,0.0,10164.111364636365,360.0,347449.1534525745,0.0,189712.34789269435,537161.5013452689,347516.0948209082,0.0,190266.6899223,537782.7847432082
161,9800.277103,0.0,0.0,320.0,9480.277103,40.0,347449.1534525745,0.0,189712.34789269435,537161.5013452689,347516.0948209082,0.0,190266.6899223,537782.7847432082
162,9800.076911,0.0,0.0,0.0,9800.076911,40.0,347449.1534525745,0.0,189712.34789269435,537161.5013452689,347516.0948209082,0.0,190266.6899223,537782.7847432082
163,9799.876719,0.0,0.0,0.0,9799.876719,40.0,347449.1534525745,0.0,189712.34789269435,537161.5013452689,347516.0948209082,0.0,190266.6899223,537782.7847432082
164,9799.676527,0.0,0.0,0.0,9799.676527,40.0,347449.1534525745,0.0,189712.34789269435,537161.5013452689,347516.0948209082,0.0,190266.6899223,537782.7847432082
165,9799.5013,0.0,0.0,0.0,9799.5013,40.0,347449.1534525745,0.0,189712.34789269435,537161.5013452689,347516.0948209082,0.0,190266.6899223,537782.7847432082
166,9799.5013,0.0,0.0,0.0,9799.5013,40.0,347449.1534525745,0.0,189712.34789269435,537161.5013452689,347516.0948209082,0.0,190266.6899223,537782.7847432082
167,9799.5013,0.0,0.0,0.0,9799.5013,40.0,347449.1534525745,0.0,189712.34789269435,537161.5013452689,347516.0948209082,0.0,190266.6899223,537782.7847432082
168,9799.5013,0.0,0.0,0.0,9799.5013,40.0,347449.1534525745,0.0,189712.34789269435,537161.5013452689,347516.0948209082,0.0,190266.6899223,537782.7847432082
169,9799.5013,0.0,0.0,0.0,9799.5013,40.0,347449.1534525745,0.0,189712.34789269435,537161.5013452689,347516.0948209082,0.0,190266.6899223,537782.7847432082
170,9799.5013,0.0,0.0,0.0,9799.5013,40.0,347449.1534525745,0.0,189712.34789269435,537161.5013452689,347516.0948209082,0.0,190266.6899223,537782.7847432082
171,9799.695957,0.0,0.0,0.0,9799.695957,40.0,347449.1534525745,0.0,189712.34789269435,537161.5013452689,347516.0948209082,0.0,190266.6899223,537782.7847432082
172,9799.896149,0.0,0.0,0.0,9799.896149,40.0,347449.1534525745,0.0,189712.34789269435,537161.5013452689,347516.0948209082,0.0,190266.6899223,537782.7847432082
173,9800.096341,0.0,363.636363636364,0.0,10163.732704636364,360.0,347449.1534525745,0.0,189712.34789269435,537161.5013452689,347516.0948209082,0.0,190266.6899223,537782.7847432082
174,9800.296533,0.0,0.0,320.0,9480.296533,40.0,347449.1534525745,0.0,189712.34789269435,537161.5013452689,347516.0948209082,0.0,190266.6899223,537782.7847432082
175,9800.496725,0.000245,0.0,0.0,9800.496480000002,40.0,347449.1534525745,0.0,189712.34789269435,537161.5013452689,347516.0948209082,0.0,190266.6899223,537782.7847432082
176,9800.696917,0.018438,0.0,0.0,9800.678479,40.0,347449.1534525745,0.0,189712.34789269435,537161.5013452689,347516.0948209082,0.0,190266.6899223,537782.7847432082
177,9800.89711,0.028265000000000002,0.0,0.0,9800.868844999999,40.0,347449.1534525745,0.0,189712.34789269435,537161.5013452689,347516.0948209082,0.0,190266.6899223,537782.7847432082
178,9801.097302,0.035673,0.0,0.0,9801.061629,40.0,347449.1534525745,0.0,189712.34789269435,537161.5013452689,347516.0948209082,0.0,190266.6899223,537782.7847432082
179,9801.297494,0.038321,0.0,0.0,9801.259173,40.0,347449.1534525745,0.0,189712.34789269435,537161.5013452689,347516.0948209082,0.0,190266.6899223,537782.7847432082
180,9801.497686,0.037069000000000005,0.0,0.0,9801.460617,40.0,347449.1534525745,0.0,189712.34789269435,537161.5013452689,347516.0948209082,0.0,190266.6899223,537782.7847432082
181,9801.56422,0.034394,0.0,0.0,9801.529826,40.0,347449.1534525745,0.0,189712.34789269435,537161.5013452689,347516.0948209082,0.0,190266.6899223,537782.7847432082
182,9801.56422,0.027732,0.0,0.0,9801.536488,40.0,347449.1534525745,0.0,189712.34789269435,537161.5013452689,347516.0948209082,0.0,190266.6899223,537782.7847432082
183,9801.56422,0.02121,0.0,0.0,9801.54301,40.0,347449.1534525745,0.0,189712.34789269435,537161.5013452689,347516.0948209082,0.0,190266.6899223,537782.7847432082
184,9801.56422,0.008905,363.636363636364,0.0,10165.191678636364,360.0,347449.1534525745,0.0,189712.34789269435,537161.5013452689,347516.0948209082,0.0,190266.6899223,537782.7847432082
185,9801.56422,0.0,0.0,320.0,9481.56422,40.0,347449.1534525745,0.0,189712.34789269435,537161.5013452689,347516.0948209082,0.0,190266.6899223,537782.7847432082
186,9801.667378,0.0,0.0,0.0,9801.667378,40.0,347449.1534525745,0.0,189712.34789269435,537161.5013452689,347516.0948209082,0.0,190266.6899223,537782.7847432082
187,9801.86757,0.0,0.0,0.0,9801.86757,40.0,347449.1534525745,0.0,189712.34789269435,537161.5013452689,347516.0948209082,0.0,190266.6899223,537782.7847432082
188,9802.067762,0.0,0.0,0.0,9802.067762,40.0,347449.1534525745,0.0,189712.34789269435,537161.5013452689,347516.0948209082,0.0,190266.6899223,537782.7847432082
189,9802.267954,0.0,0.0,0.0,9802.267954,40.0,347449.1534525745,0.0,189712.34789269435,537161.5013452689,347516.0948209082,0.0,190266.6899223,537782.7847432082
190,9802.468146,0.0,0.0,0.0,9802.468146,40.0,347449.1534525745,0.0,189712.34789269435,537161.5013452689,347516.0948209082,0.0,190266.6899223,537782.7847432082
191,9802.523022,0.0,0.0,0.0,9802.523022,40.0,347449.1534525745,0.0,189712.34789269435,537161.5013452689,347516.0948209082,0.0,190266.6899223,537782.7847432082
192,9802.32283,0.0,0.0,0.0,9802.32283,40.0,347449.1534525745,0.0,189712.34789269435,537161.5013452689,347516.0948209082,0.0,190266.6899223,537782.7847432082
193,9802.122638,0.0,0.0,0.0,9802.122638,40.0,347449.1534525745,0.0,189712.34789269435,537161.5013452689,347516.0948209082,0.0,190266.6899223,537782.7847432082
194,9801.922446,0.0,0.0,0.0,9801.922446,40.0,347449.1534525745,0.0,189712.34789269435,537161.5013452689,347516.0948209082,0.0,190266.6899223,537782.7847432082
195,9801.722254,0.0,0.0,0.0,9801.722254,40.0,347449.1534525745,0.0,189712.34789269435,537161.5013452689,347516.0948209082,0.0,190266.6899223,537782.7847432082
196,9801.56422,0.0,0.0,0.0,9801.56422,40.0,347449.1534525745,0.0,189712.34789269435,537161.5013452689,347516.0948209082,0.0,190266.6899223,537782.7847432082
197,9801.56422,0.0,363.636363636364,0.0,10165.200583636364,360.0,347449.1534525745,0.0,189712.34789269435,537161.5013452689,347516.0948209082,0.0,190266.6899223,537782.7847432082
198,9801.56422,0.0,0.0,320.0,9481.56422,40.0,347449.1534525745,0.0,189712.34789269435,537161.5013452689,347516.0948209082,0.0,190266.6899223,537782.7847432082
199,9801.56422,0.004222000000000001,0.0,0.0,9801.559998,40.0,347449.1534525745,0.0,189712.34789269435,537161.5013452689,347516.0948209082,0.0,190266.6899223,537782.7847432082
200,9801.56422,0.019008,0.0,0.0,9801.545212,40.0,347449.1534525745,0.0,189712.34789269435,537161.5013452689,347516.0948209082,0.0,190266.6899223,537782.7847432082
201,9801.56422,0.029149,0.0,0.0,9801.535071,40.0,347449.1534525745,0.0,189712.34789269435,537161.5013452689,347516.0948209082,0.0,190266.6899223,537782.7847432082
202,9801.56422,0.036046,0.0,0.0,9801.528174000001,40.0,347449.1534525745,0.0,189712.34789269435,537161.5013452689,347516.0948209082,0.0,190266.6899223,537782.7847432082
203,9801.56422,0.039623,0.0,0.0,9801.524597,40.0,347449.1534525745,0.0,189712.34789269435,537161.5013452689,347516.0948209082,0.0,190266.6899223,537782.7847432082
204,9801.56422,0.040233,0.0,0.0,9801.523987,40.0,347449.1534525745,0.0,189712.34789269435,537161.5013452689,347516.0948209082,0.0,190266.6899223,537782.7847432082
205,9801.56422,0.036671999999999996,0.0,0.0,9801.527548,40.0,347449.1534525745,0.0,189712.34789269435,537161.5013452689,347516.0948209082,0.0,190266.6899223,537782.7847432082
206,9801.56422,0.030425999999999998,0.0,0.0,9801.533794,40.0,347449.1534525745,0.0,189712.34789269435,537161.5013452689,347516.0948209082,0.0,190266.6899223,537782.7847432082
207,9801.745571,0.022399000000000002,0.0,0.0,9801.723172,40.0,347449.1534525745,0.0,189712.34789269435,537161.5013452689,347516.0948209082,0.0,190266.6899223,537782.7847432082
208,9801.945763,0.011132999999999999,363.636363636364,0.0,10165.570993636364,360.0,347449.1534525745,0.0,189712.34789269435,537161.5013452689,347516.0948209082,0.0,190266.6899223,537782.7847432082
209,9802.145955,0.00033900000000000005,0.0,320.0,9482.145616,40.0,347449.1534525745,0.0,189712.34789269435,537161.5013452689,347516.0948209082,0.0,190266.6899223,537782.7847432082
210,9802.346147,0.0,0.0,0.0,9802.346147,40.0,347449.1534525745,0.0,189712.34789269435,537161.5013452689,347516.0948209082,0.0,190266.6899223,537782.7847432082
211,9802.546339,0.0,0.0,0.0,9802.546339,40.0,347449.1534525745,0.0,189712.34789269435,537161.5013452689,347516.0948209082,0.0,190266.6899223,537782.7847432082
212,9803.500784,0.0,0.0,0.0,9803.500784,40.0,347449.1534525745,0.0,189712.34789269435,537161.5013452689,347516.0948209082,0.0,190266.6899223,537782.7847432082
213,9804.701936,0.0,0.0,0.0,9804.701936,40.0,347449.1534525745,0.0,189712.34789269435,537161.5013452689,347516.0948209082,0.0,190266.6899223,537782.7847432082
214,9805.903088,0.0,0.0,0.0,9805.903088,40.0,347449.1534525745,0.0,189712.34789269435,537161.5013452689,347516.0948209082,0.0,190266.6899223,537782.7847432082
215,9807.104241,0.0,0.0,0.0,9807.104241,40.0,347449.1534525745,0.0,189712.34789269435,537161.5013452689,347516.0948209082,0.0,190266.6899223,537782.7847432082
216,9808.305393,0.0,0.0,0.0,9808.305393,40.0,347449.1534525745,0.0,189712.34789269435,537161.5013452689,347516.0948209082,0.0,190266.6899223,537782.7847432082
217,9809.626896,0.0,0.0,0.0,9809.626896,40.0,347449.1534525745,0.0,189712.34789269435,537161.5013452689,347516.0948209082,0.0,190266.6899223,537782.7847432082
218,9811.02824,0.0,0.0,0.0,9811.02824,40.0,347449.1534525745,0.0,189712.34789269435,537161.5013452689,347516.0948209082,0.0,190266.6899223,537782.7847432082
219,9812.429584,0.0,0.0,0.0,9812.429584,40.0,347449.1534525745,0.0,189712.34789269435,537161.5013452689,347516.0948209082,0.0,190266.6899223,537782.7847432082
220,9813.830929,0.0,0.0,0.0,9813.830929,40.0,347449.1534525745,0.0,189712.34789269435,537161.5013452689,347516.0948209082,0.0,190266.6899223,537782.7847432082
221,9815.232273,0.0,363.636363636364,0.0,10178.868636636364,360.0,347449.1534525745,0.0,189712.34789269435,537161.5013452689,347516.0948209082,0.0,190266.6899223,537782.7847432082
222,9816.543766,0.0,0.0,320.0,9496.543766,40.0,347449.1534525745,0.0,189712.34789269435,537161.5013452689,347516.0948209082,0.0,190266.6899223,537782.7847432082
223,9817.744919,0.003238,0.0,0.0,9817.741681000001,40.0,347449.1534525745,0.0,189712.34789269435,537161.5013452689,347516.0948209082,0.0,190266.6899223,537782.7847432082
224,9818.946071,0.012007,0.0,0.0,9818.934064000001,40.0,347449.1534525745,0.0,189712.34789269435,537161.5013452689,347516.0948209082,0.0,190266.6899223,537782.7847432082
225,9820.147223,0.024281,0.0,0.0,9820.122942,40.0,347449.1534525745,0.0,189712.34789269435,537161.5013452689,347516.0948209082,0.0,190266.6899223,537782.7847432082
226,9821.348376,0.016852000000000002,0.0,0.0,9821.331524,40.0,347449.1534525745,0.0,189712.34789269435,537161.5013452689,347516.0948209082,0.0,190266.6899223,537782.7847432082
227,9822.549528,0.017428000000000003,0.0,0.0,9822.5321,40.0,347449.1534525745,0.0,189712.34789269435,537161.5013452689,347516.0948209082,0.0,190266.6899223,537782.7847432082
228,9823.75068,0.016327,0.0,0.0,9823.734353,40.0,347449.1534525745,0.0,189712.34789269435,537161.5013452689,347516.0948209082,0.0,190266.6899223,537782.7847432082
229,9824.951832,0.026372,0.0,0.0,9824.92546,40.0,347449.1534525745,0.0,189712.34789269435,537161.5013452689,347516.0948209082,0.0,190266.6899223,537782.7847432082
230,9826.152985,0.025422999999999998,0.0,0.0,9826.127562000001,40.0,347449.1534525745,0.0,189712.34789269435,537161.5013452689,347516.0948209082,0.0,190266.6899223,537782.7847432082
231,9827.354137,0.018274000000000002,0.0,0.0,9827.335863,40.0,347449.1534525745,0.0,189712.34789269435,537161.5013452689,347516.0948209082,0.0,190266.6899223,537782.7847432082
232,9828.612992,0.0063869999999999994,363.636363636364,0.0,10192.242968636365,360.0,347449.1534525745,0.0,189712.34789269435,537161.5013452689,347516.0948209082,0.0,190266.6899223,537782.7847432082
233,9830.214528,4.2000000000000004e-05,0.0,320.0,9510.214486,40.0,347449.1534525745,0.0,189712.34789269435,537161.5013452689,347516.0948209082,0.0,190266.6899223,537782.7847432082
234,9831.816064,0.0,0.0,0.0,9831.816064,40.0,347449.1534525745,0.0,189712.34789269435,537161.5013452689,347516.0948209082,0.0,190266.6899223,537782.7847432082
235,9833.417601,0.0,0.0,0.0,9833.417601,40.0,347449.1534525745,0.0,189712.34789269435,537161.5013452689,347516.0948209082,0.0,190266.6899223,537782.7847432082
236,9835.019137,0.0,0.0,0.0,9835.019137,40.0,347449.1534525745,0.0,189712.34789269435,537161.5013452689,347516.0948209082,0.0,190266.6899223,537782.7847432082
237,9836.620673,0.0,0.0,0.0,9836.620673,40.0,347449.1534525745,0.0,189712.34789269435,537161.5013452689,347516.0948209082,0.0,190266.6899223,537782.7847432082
238,9838.619296,0.0,0.0,0.0,9838.619296,40.0,347449.1534525745,0.0,189712.34789269435,537161.5013452689,347516.0948209082,0.0,190266.6899223,537782.7847432082
239,9840.621217,0.0,0.0,0.0,9840.621217,40.0,347449.1534525745,0.0,189712.34789269435,537161.5013452689,347516.0948209082,0.0,190266.6899223,537782.7847432082
240,9842.623137,0.0,0.0,0.0,9842.623137,40.0,347449.1534525745,0.0,189712.34789269435,537161.5013452689,347516.0948209082,0.0,190266.6899223,537782.7847432082
241,9844.625058,0.0,0.0,0.0,9844.625058,40.0,347449.1534525745,0.0,189712.34789269435,537161.5013452689,347516.0948209082,0.0,190266.6899223,537782.7847432082
242,9846.626978,0.0,0.0,0.0,9846.626978,40.0,347449.1534525745,0.0,189712.34789269435,537161.5013452689,347516.0948209082,0.0,190266.6899223,537782.7847432082
243,9848.628899,0.0,0.0,0.0,9848.628899,40.0,347449.1534525745,0.0,189712.34789269435,537161.5013452689,347516.0948209082,0.0,190266.6899223,537782.7847432082
244,9850.630819,0.0,0.0,0.0,9850.630819,40.0,347449.1534525745,0.0,189712.34789269435,537161.5013452689,347516.0948209082,0.0,190266.6899223,537782.7847432082
245,9852.63274,0.0,363.636363636364,0.0,10216.269103636363,360.0,347449.1534525745,0.0,189712.34789269435,537161.5013452689,347516.0948209082,0.0,190266.6899223,537782.7847432082
246,9854.63466,0.0,0.0,320.0,9534.63466,40.0,347449.1534525745,0.0,189712.34789269435,537161.5013452689,347516.0948209082,0.0,190266.6899223,537782.7847432082
247,9856.63658,0.003622,0.0,0.0,9856.632958,40.0,347449.1534525745,0.0,189712.34789269435,537161.5013452689,347516.0948209082,0.0,190266.6899223,537782.7847432082
248,9858.500957,0.016284,0.0,0.0,9858.484673,40.0,347449.1534525745,0.0,189712.34789269435,537161.5013452689,347516.0948209082,0.0,190266.6899223,537782.7847432082
249,9860.302686,0.026187000000000002,0.0,0.0,9860.276499000001,40.0,347449.1534525745,0.0,189712.34789269435,537161.5013452689,347516.0948209082,0.0,190266.6899223,537782.7847432082
250,9862.104414,0.033451999999999996,0.0,0.0,9862.070962,40.0,347449.1534525745,0.0,189712.34789269435,537161.5013452689,347516.0948209082,0.0,190266.6899223,537782.7847432082
251,9863.906142,0.033741,0.0,0.0,9863.872401,40.0,347449.1534525745,0.0,189712.34789269435,537161.5013452689,347516.0948209082,0.0,190266.6899223,537782.7847432082
252,9865.707871,0.017189,0.0,0.0,9865.690682,40.0,347449.1534525745,0.0,189712.34789269435,537161.5013452689,347516.0948209082,0.0,190266.6899223,537782.7847432082
253,9867.616643,0.012403,0.0,0.0,9867.604239999999,40.0,347449.1534525745,0.0,189712.34789269435,537161.5013452689,347516.0948209082,0.0,190266.6899223,537782.7847432082
254,9869.618563,0.011781000000000002,0.0,0.0,9869.606782,40.0,347449.1534525745,0.0,189712.34789269435,537161.5013452689,347516.0948209082,0.0,190266.6899223,537782.7847432082
255,9871.620484,0.008359,0.0,0.0,9871.612125,40.0,347449.1534525745,0.0,189712.34789269435,537161.5013452689,347516.0948209082,0.0,190266.6899223,537782.7847432082
256,9873.622404,0.00222,363.636363636364,0.0,10237.256547636363,360.0,347449.1534525745,0.0,189712.34789269435,537161.5013452689,347516.0948209082,0.0,190266.6899223,537782.7847432082
257,9875.624325,0.0,0.0,320.0,9555.624325,40.0,347449.1534525745,0.0,189712.34789269435,537161.5013452689,347516.0948209082,0.0,190266.6899223,537782.7847432082
258,9877.626245,0.0,0.0,0.0,9877.626245,40.0,347449.1534525745,0.0,189712.34789269435,537161.5013452689,347516.0948209082,0.0,190266.6899223,537782.7847432082
259,9879.628166,0.0,0.0,0.0,9879.628166,40.0,347449.1534525745,0.0,189712.34789269435,537161.5013452689,347516.0948209082,0.0,190266.6899223,537782.7847432082
260,9881.630086,0.0,0.0,0.0,9881.630086,40.0,347449.1534525745,0.0,189712.34789269435,537161.5013452689,347516.0948209082,0.0,190266.6899223,537782.7847432082
261,9883.632007,0.0,0.0,0.0,9883.632007,40.0,347449.1534525745,0.0,189712.34789269435,537161.5013452689,347516.0948209082,0.0,190266.6899223,537782.7847432082
262,9885.633927,0.0,0.0,0.0,9885.633927,40.0,347449.1534525745,0.0,189712.34789269435,537161.5013452689,347516.0948209082,0.0,190266.6899223,537782.7847432082
263,9887.681892,0.0,0.0,0.0,9887.681892,40.0,347449.1534525745,0.0,189712.34789269435,537161.5013452689,347516.0948209082,0.0,190266.6899223,537782.7847432082
264,9889.884004,0.0,0.0,0.0,9889.884004,40.0,347449.1534525745,0.0,189712.34789269435,537161.5013452689,347516.0948209082,0.0,190266.6899223,537782.7847432082
265,9892.086117,0.0,0.0,0.0,9892.086117,40.0,347449.1534525745,0.0,189712.34789269435,537161.5013452689,347516.0948209082,0.0,190266.6899223,537782.7847432082
266,9894.288229,0.0,0.0,0.0,9894.288229,40.0,347449.1534525745,0.0,189712.34789269435,537161.5013452689,347516.0948209082,0.0,190266.6899223,537782.7847432082
267,9896.490342,0.0,0.0,0.0,9896.490342,40.0,347449.1534525745,0.0,189712.34789269435,537161.5013452689,347516.0948209082,0.0,190266.6899223,537782.7847432082
268,9898.707998,0.0,0.0,0.0,9898.707998,40.0,347449.1534525745,0.0,189712.34789269435,537161.5013452689,347516.0948209082,0.0,190266.6899223,537782.7847432082
269,9901.110303,0.0,0.0,0.0,9901.110303,40.0,347449.1534525745,0.0,189712.34789269435,537161.5013452689,347516.0948209082,0.0,190266.6899223,537782.7847432082
270,9903.512607,0.0,0.0,0.0,9903.512607,40.0,347449.1534525745,0.0,189712.34789269435,537161.5013452689,347516.0948209082,0.0,190266.6899223,537782.7847432082
271,9905.914912,0.0025859999999999998,0.0,0.0,9905.912326,40.0,347449.1534525745,0.0,189712.34789269435,537161.5013452689,347516.0948209082,0.0,190266.6899223,537782.7847432082
272,9908.317217,0.010114000000000001,0.0,0.0,9908.307103,40.0,347449.1534525745,0.0,189712.34789269435,537161.5013452689,347516.0948209082,0.0,190266.6899223,537782.7847432082
273,9910.719521,0.014939000000000001,0.0,0.0,9910.704582,40.0,347449.1534525745,0.0,189712.34789269435,537161.5013452689,347516.0948209082,0.0,190266.6899223,537782.7847432082
274,9913.492299,0.020834,0.0,0.0,9913.471464999999,40.0,347449.1534525745,0.0,189712.34789269435,537161.5013452689,347516.0948209082,0.0,190266.6899223,537782.7847432082
275,9916.294987,0.020935,0.0,0.0,9916.274051999999,40.0,347449.1534525745,0.0,189712.34789269435,537161.5013452689,347516.0948209082,0.0,190266.6899223,537782.7847432082
276,9919.097676,0.024845,0.0,0.0,9919.072831,40.0,347449.1534525745,0.0,189712.34789269435,537161.5013452689,347516.0948209082,0.0,190266.6899223,537782.7847432082
277,9921.900365,0.019062000000000003,0.0,0.0,9921.881303,40.0,347449.1534525745,0.0,189712.34789269435,537161.5013452689,347516.0948209082,0.0,190266.6899223,537782.7847432082
278,9924.703053,0.00674,0.0,0.0,9924.696312999999,40.0,347449.1534525745,0.0,189712.34789269435,537161.5013452689,347516.0948209082,0.0,190266.6899223,537782.7847432082
279,9927.660478,0.006433,0.0,0.0,9927.654045,40.0,347449.1534525745,0.0,189712.34789269435,537161.5013452689,347516.0948209082,0.0,190266.6899223,537782.7847432082
280,9930.663359,0.0019270000000000001,0.0,0.0,9930.661432,40.0,347449.1534525745,0.0,189712.34789269435,537161.5013452689,347516.0948209082,0.0,190266.6899223,537782.7847432082
281,9933.66624,0.0,0.0,0.0,9933.66624,40.0,347449.1534525745,0.0,189712.34789269435,537161.5013452689,347516.0948209082,0.0,190266.6899223,537782.7847432082
282,9936.66912,0.0,0.0,0.0,9936.66912,40.0,347449.1534525745,0.0,189712.34789269435,537161.5013452689,347516.0948209082,0.0,190266.6899223,537782.7847432082
283,9939.672001,0.0,0.0,0.0,9939.672001,40.0,347449.1534525745,0.0,189712.34789269435,537161.5013452689,347516.0948209082,0.0,190266.6899223,537782.7847432082
284,9943.668776,0.0,0.0,0.0,9943.668776,40.0,347449.1534525745,0.0,189712.34789269435,537161.5013452689,347516.0948209082,0.0,190266.6899223,537782.7847432082
285,9948.273193,0.0,0.0,0.0,9948.273193,40.0,347449.1534525745,0.0,189712.34789269435,537161.5013452689,347516.0948209082,0.0,190266.6899223,537782.7847432082
286,9952.87761,0.0,0.0,0.0,9952.87761,40.0,347449.1534525745,0.0,189712.34789269435,537161.5013452689,347516.0948209082,0.0,190266.6899223,537782.7847432082
287,9957.482027,0.0,0.0,0.0,9957.482027,40.0,347449.1534525745,0.0,189712.34789269435,537161.5013452689,347516.0948209082,0.0,190266.6899223,537782.7847432082
288,9962.086444,0.0,0.0,0.0,9962.086444,40.0,347449.1534525745,0.0,189712.34789269435,537161.5013452689,347516.0948209082,0.0,190266.6899223,537782.7847432082
289,9966.409651,0.0,0.0,0.0,9966.409651,40.0,347449.1534525745,0.0,189712.34789269435,537161.5013452689,347516.0948209082,0.0,190266.6899223,537782.7847432082
290,9970.413491,0.0,0.0,0.0,9970.413491,40.0,347449.1534525745,0.0,189712.34789269435,537161.5013452689,347516.0948209082,0.0,190266.6899223,537782.7847432082
291,9974.417332,0.0,0.0,0.0,9974.417332,40.0,347449.1534525745,0.0,189712.34789269435,537161.5013452689,347516.0948209082,0.0,190266.6899223,537782.7847432082
292,9978.421173,0.0,0.0,0.0,9978.421173,40.0,347449.1534525745,0.0,189712.34789269435,537161.5013452689,347516.0948209082,0.0,190266.6899223,537782.7847432082
293,9982.425014,0.0,0.0,0.0,9982.425014,40.0,347449.1534525745,0.0,189712.34789269435,537161.5013452689,347516.0948209082,0.0,190266.6899223,537782.7847432082
294,9986.555329,0.0,0.0,0.0,9986.555329,40.0,347449.1534525745,0.0,189712.34789269435,537161.5013452689,347516.0948209082,0.0,190266.6899223,537782.7847432082
295,9990.959554,0.002312,0.0,0.0,9990.957241999999,40.0,347449.1534525745,0.0,189712.34789269435,537161.5013452689,347516.0948209082,0.0,190266.6899223,537782.7847432082
296,9995.363779,0.014728,0.0,0.0,9995.349051,40.0,347449.1534525745,0.0,189712.34789269435,537161.5013452689,347516.0948209082,0.0,190266.6899223,537782.7847432082
297,9999.768004,0.020279000000000002,0.0,0.0,9999.747725,40.0,347449.1534525745,0.0,189712.34789269435,537161.5013452689,347516.0948209082,0.0,190266.6899223,537782.7847432082
298,10004.17223,0.028683,0.0,0.0,10004.143547,40.0,347449.1534525745,0.0,189712.34789269435,537161.5013452689,347516.0948209082,0.0,190266.6899223,537782.7847432082
299,10008.60919,0.034430999999999996,0.0,0.0,10008.574759,40.0,347449.1534525745,0.0,189712.34789269435,537161.5013452689,347516.0948209082,0.0,190266.6899223,537782.7847432082
300,10013.21361,0.022751999999999998,0.0,0.0,10013.190858,40.0,347449.1534525745,0.0,189712.34789269435,537161.5013452689,347516.0948209082,0.0,190266.6899223,537782.7847432082
301,10017.81803,0.028547,0.0,0.0,10017.789483,40.0,347449.1534525745,0.0,189712.34789269435,537161.5013452689,347516.0948209082,0.0,190266.6899223,537782.7847432082
302,10022.42244,0.029027,0.0,0.0,10022.393413,40.0,347449.1534525745,0.0,189712.34789269435,537161.5013452689,347516.0948209082,0.0,190266.6899223,537782.7847432082
303,10027.02686,0.018484,0.0,0.0,10027.008376,40.0,347449.1534525745,0.0,189712.34789269435,537161.5013452689,347516.0948209082,0.0,190266.6899223,537782.7847432082
304,10031.6268,0.00936,0.0,0.0,10031.61744,40.0,347449.1534525745,0.0,189712.34789269435,537161.5013452689,347516.0948209082,0.0,190266.6899223,537782.7847432082
305,10035.83083,0.000569,0.0,0.0,10035.830261000001,40.0,347449.1534525745,0.0,189712.34789269435,537161.5013452689,347516.0948209082,0.0,190266.6899223,537782.7847432082
306,10040.03487,0.0,0.0,0.0,10040.03487,40.0,347449.1534525745,0.0,189712.34789269435,537161.5013452689,347516.0948209082,0.0,190266.6899223,537782.7847432082
307,10044.2389,0.0,0.0,0.0,10044.2389,40.0,347449.1534525745,0.0,189712.34789269435,537161.5013452689,347516.0948209082,0.0,190266.6899223,537782.7847432082
308,10048.44293,0.0,0.0,0.0,10048.44293,40.0,347449.1534525745,0.0,189712.34789269435,537161.5013452689,347516.0948209082,0.0,190266.6899223,537782.7847432082
309,10052.64697,0.0,0.0,0.0,10052.64697,40.0,347449.1534525745,0.0,189712.34789269435,537161.5013452689,347516.0948209082,0.0,190266.6899223,537782.7847432082
310,10055.99135,0.0,0.0,0.0,10055.99135,40.0,347449.1534525745,0.0,189712.34789269435,537161.5013452689,347516.0948209082,0.0,190266.6899223,537782.7847432082
311,10059.19442,0.0,0.0,0.0,10059.19442,40.0,347449.1534525745,0.0,189712.34789269435,537161.5013452689,347516.0948209082,0.0,190266.6899223,537782.7847432082
312,10062.3975,0.0,0.0,0.0,10062.3975,40.0,347449.1534525745,0.0,189712.34789269435,537161.5013452689,347516.0948209082,0.0,190266.6899223,537782.7847432082
313,10065.60057,0.0,0.0,0.0,10065.60057,40.0,347449.1534525745,0.0,189712.34789269435,537161.5013452689,347516.0948209082,0.0,190266.6899223,537782.7847432082
314,10068.80364,0.0,0.0,0.0,10068.80364,40.0,347449.1534525745,0.0,189712.34789269435,537161.5013452689,347516.0948209082,0.0,190266.6899223,537782.7847432082
315,10072.14814,0.0,0.0,0.0,10072.14814,40.0,347449.1534525745,0.0,189712.34789269435,537161.5013452689,347516.0948209082,0.0,190266.6899223,537782.7847432082
316,10075.55141,0.0,49.7554324757581,0.0,10125.306842475758,83.7847805786671,347449.1534525745,0.0,189712.34789269435,537161.5013452689,347516.0948209082,0.0,190266.6899223,537782.7847432082
317,10078.95467,0.0,313.880931160606,0.0,10392.835601160605,360.0,347449.1534525745,0.0,189712.34789269435,537161.5013452689,347516.0948209082,0.0,190266.6899223,537782.7847432082
318,10082.35794,0.0,0.0,320.0,9762.35794,40.0,347449.1534525745,0.0,189712.34789269435,537161.5013452689,347516.0948209082,0.0,190266.6899223,537782.7847432082
319,10085.7612,0.005457,0.0,0.0,10085.755743000002,40.0,347449.1534525745,0.0,189712.34789269435,537161.5013452689,347516.0948209082,0.0,190266.6899223,537782.7847432082
320,10089.2754,0.01932,0.0,0.0,10089.256080000001,40.0,347449.1534525745,0.0,189712.34789269435,537161.5013452689,347516.0948209082,0.0,190266.6899223,537782.7847432082
321,10092.87885,0.029568999999999998,0.0,0.0,10092.849280999999,40.0,347449.1534525745,0.0,189712.34789269435,537161.5013452689,347516.0948209082,0.0,190266.6899223,537782.7847432082
322,10096.48231,0.035641,0.0,0.0,10096.446668999999,40.0,347449.1534525745,0.0,189712.34789269435,537161.5013452689,347516.0948209082,0.0,190266.6899223,537782.7847432082
323,10100.08577,0.038301,0.0,0.0,10100.047469,40.0,347449.1534525745,0.0,189712.34789269435,537161.5013452689,347516.0948209082,0.0,190266.6899223,537782.7847432082
324,10103.68923,0.039782,0.0,0.0,10103.649448,40.0,347449.1534525745,0.0,189712.34789269435,537161.5013452689,347516.0948209082,0.0,190266.6899223,537782.7847432082
325,10107.21225,0.037406,0.0,0.0,10107.174844000001,40.0,347449.1534525745,0.0,189712.34789269435,537161.5013452689,347516.0948209082,0.0,190266.6899223,537782.7847432082
326,10110.61552,0.032046,0.0,0.0,10110.583474,40.0,347449.1534525745,0.0,189712.34789269435,537161.5013452689,347516.0948209082,0.0,190266.6899223,537782.7847432082
327,10114.01878,0.023549,88.2108894757581,0.0,10202.20612047576,117.625582738667,347449.1534525745,0.0,189712.34789269435,537161.5013452689,347516.0948209082,0.0,190266.6899223,537782.7847432082
328,10117.42205,0.011923,275.425474160606,0.0,10392.835601160605,360.0,347449.1534525745,0.0,189712.34789269435,537161.5013452689,347516.0948209082,0.0,190266.6899223,537782.7847432082
329,10120.82531,0.000665,0.0,320.0,9800.824645,40.0,347449.1534525745,0.0,189712.34789269435,537161.5013452689,347516.0948209082,0.0,190266.6899223,537782.7847432082
330,10124.02885,0.0,0.0,0.0,10124.02885,40.0,347449.1534525745,0.0,189712.34789269435,537161.5013452689,347516.0948209082,0.0,190266.6899223,537782.7847432082
331,10126.63135,0.0,0.0,0.0,10126.63135,40.0,347449.1534525745,0.0,189712.34789269435,537161.5013452689,347516.0948209082,0.0,190266.6899223,537782.7847432082
332,10129.23385,0.0,0.0,0.0,10129.23385,40.0,347449.1534525745,0.0,189712.34789269435,537161.5013452689,347516.0948209082,0.0,190266.6899223,537782.7847432082
333,10131.83634,0.0,0.0,0.0,10131.83634,40.0,347449.1534525745,0.0,189712.34789269435,537161.5013452689,347516.0948209082,0.0,190266.6899223,537782.7847432082
334,10134.43884,0.0,0.0,0.0,10134.43884,40.0,347449.1534525745,0.0,189712.34789269435,537161.5013452689,347516.0948209082,0.0,190266.6899223,537782.7847432082
335,10137.02191,0.0,0.0,0.0,10137.02191,40.0,347449.1534525745,0.0,189712.34789269435,537161.5013452689,347516.0948209082,0.0,190266.6899223,537782.7847432082
336,10139.42421,0.0,0.0,0.0,10139.42421,40.0,347449.1534525745,0.0,189712.34789269435,537161.5013452689,347516.0948209082,0.0,190266.6899223,537782.7847432082
337,10141.82652,0.0,0.0,0.0,10141.82652,40.0,347449.1534525745,0.0,189712.34789269435,537161.5013452689,347516.0948209082,0.0,190266.6899223,537782.7847432082
338,10144.22882,0.0,0.0,0.0,10144.22882,40.0,347449.1534525745,0.0,189712.34789269435,537161.5013452689,347516.0948209082,0.0,190266.6899223,537782.7847432082
339,10146.63113,0.0,0.0,0.0,10146.63113,40.0,347449.1534525745,0.0,189712.34789269435,537161.5013452689,347516.0948209082,0.0,190266.6899223,537782.7847432082
340,10149.03343,0.0,123.560352475759,0.0,10272.593782475758,148.733110178668,347449.1534525745,0.0,189712.34789269435,537161.5013452689,347516.0948209082,0.0,190266.6899223,537782.7847432082
341,10152.75959,0.0,240.076011160605,0.0,10392.835601160605,360.0,347449.1534525745,0.0,189712.34789269435,537161.5013452689,347516.0948209082,0.0,190266.6899223,537782.7847432082
342,10156.56324,0.0,0.0,320.0,9836.56324,40.0,347449.1534525745,0.0,189712.34789269435,537161.5013452689,347516.0948209082,0.0,190266.6899223,537782.7847432082
343,10160.36689,0.004096,0.0,0.0,10160.362793999999,40.0,347449.1534525745,0.0,189712.34789269435,537161.5013452689,347516.0948209082,0.0,190266.6899223,537782.7847432082
344,10164.17054,0.017911000000000003,0.0,0.0,10164.152628999998,40.0,347449.1534525745,0.0,189712.34789269435,537161.5013452689,347516.0948209082,0.0,190266.6899223,537782.7847432082
345,10167.97419,0.028594,0.0,0.0,10167.945596000001,40.0,347449.1534525745,0.0,189712.34789269435,537161.5013452689,347516.0948209082,0.0,190266.6899223,537782.7847432082
346,10171.93646,0.034863,0.0,0.0,10171.901597,40.0,347449.1534525745,0.0,189712.34789269435,537161.5013452689,347516.0948209082,0.0,190266.6899223,537782.7847432082
347,10175.9403,0.039006,0.0,0.0,10175.901294,40.0,347449.1534525745,0.0,189712.34789269435,537161.5013452689,347516.0948209082,0.0,190266.6899223,537782.7847432082
348,10179.94414,0.039162999999999996,0.0,0.0,10179.904977,40.0,347449.1534525745,0.0,189712.34789269435,537161.5013452689,347516.0948209082,0.0,190266.6899223,537782.7847432082
349,10183.94798,0.036061,0.0,0.0,10183.911919,40.0,347449.1534525745,0.0,189712.34789269435,537161.5013452689,347516.0948209082,0.0,190266.6899223,537782.7847432082
350,10187.95182,0.030809000000000003,0.0,0.0,10187.921011,40.0,347449.1534525745,0.0,189712.34789269435,537161.5013452689,347516.0948209082,0.0,190266.6899223,537782.7847432082
351,10191.82754,0.022703,166.42105847576,0.0,10358.22589547576,186.450531458669,347449.1534525745,0.0,189712.34789269435,537161.5013452689,347516.0948209082,0.0,190266.6899223,537782.7847432082
352,10195.63119,0.010894000000000001,197.215305160604,0.0,10392.835601160605,360.0,347449.1534525745,0.0,189712.34789269435,537161.5013452689,347516.0948209082,0.0,190266.6899223,537782.7847432082
353,10199.43484,0.000384,0.0,320.0,9879.434455999999,40.0,347449.1534525745,0.0,189712.34789269435,537161.5013452689,347516.0948209082,0.0,190266.6899223,537782.7847432082
354,10203.23849,0.0,0.0,0.0,10203.23849,40.0,347449.1534525745,0.0,189712.34789269435,537161.5013452689,347516.0948209082,0.0,190266.6899223,537782.7847432082
355,10207.04214,0.0,0.0,0.0,10207.04214,40.0,347449.1534525745,0.0,189712.34789269435,537161.5013452689,347516.0948209082,0.0,190266.6899223,537782.7847432082
356,10210.65054,0.0,0.0,0.0,10210.65054,40.0,347449.1534525745,0.0,189712.34789269435,537161.5013452689,347516.0948209082,0.0,190266.6899223,537782.7847432082
357,10214.0538,0.0,0.0,0.0,10214.0538,40.0,347449.1534525745,0.0,189712.34789269435,537161.5013452689,347516.0948209082,0.0,190266.6899223,537782.7847432082
358,10217.45707,0.0,0.0,0.0,10217.45707,40.0,347449.1534525745,0.0,189712.34789269435,537161.5013452689,347516.0948209082,0.0,190266.6899223,537782.7847432082
359,10220.86033,0.0,0.0,0.0,10220.86033,40.0,347449.1534525745,0.0,189712.34789269435,537161.5013452689,347516.0948209082,0.0,190266.6899223,537782.7847432082
360,10224.2636,0.0,0.0,0.0,10224.2636,40.0,347449.1534525745,0.0,189712.34789269435,537161.5013452689,347516.0948209082,0.0,190266.6899223,537782.7847432082
361,10227.80111,0.0,0.0,0.0,10227.80111,40.0,347449.1534525745,0.0,189712.34789269435,537161.5013452689,347516.0948209082,0.0,190266.6899223,537782.7847432082
362,10231.60476,0.0,0.0,0.0,10231.60476,40.0,347449.1534525745,0.0,189712.34789269435,537161.5013452689,347516.0948209082,0.0,190266.6899223,537782.7847432082
363,10235.40841,0.0,60.192921315154,0.0,10295.601331315154,92.9697707573355,347449.1534525745,0.0,189712.34789269435,537161.5013452689,347516.0948209082,0.0,190266.6899223,537782.7847432082
364,10239.21206,0.0,153.623541160605,0.0,10392.835601160605,228.158486978668,347449.1534525745,0.0,189712.34789269435,537161.5013452689,347516.0948209082,0.0,190266.6899223,537782.7847432082
365,10243.0157,0.0,149.819901160605,0.0,10392.835601160605,360.0,347449.1534525745,0.0,189712.34789269435,537161.5013452689,347516.0948209082,0.0,190266.6899223,537782.7847432082
366,10246.56299,0.0,0.0,320.0,9926.56299,40.0,347449.1534525745,0.0,189712.34789269435,537161.5013452689,347516.0948209082,0.0,190266.6899223,537782.7847432082
367,10248.96529,0.0013289999999999999,0.0,0.0,10248.963961,40.0,347449.1534525745,0.0,189712.34789269435,537161.5013452689,347516.0948209082,0.0,190266.6899223,537782.7847432082
368,10251.3676,0.010158,0.0,0.0,10251.357442,40.0,347449.1534525745,0.0,189712.34789269435,537161.5013452689,347516.0948209082,0.0,190266.6899223,537782.7847432082
369,10253.7699,0.008275000000000001,0.0,0.0,10253.761625,40.0,347449.1534525745,0.0,189712.34789269435,537161.5013452689,347516.0948209082,0.0,190266.6899223,537782.7847432082
370,10256.17221,0.022677,0.0,0.0,10256.149533,40.0,347449.1534525745,0.0,189712.34789269435,537161.5013452689,347516.0948209082,0.0,190266.6899223,537782.7847432082
371,10258.56227,0.01927,0.0,0.0,10258.543,40.0,347449.1534525745,0.0,189712.34789269435,537161.5013452689,347516.0948209082,0.0,190266.6899223,537782.7847432082
372,10260.56419,0.017925,0.0,0.0,10260.546264999999,40.0,347449.1534525745,0.0,189712.34789269435,537161.5013452689,347516.0948209082,0.0,190266.6899223,537782.7847432082
373,10262.56611,0.013858,0.0,0.0,10262.552252,40.0,347449.1534525745,0.0,189712.34789269435,537161.5013452689,347516.0948209082,0.0,190266.6899223,537782.7847432082
374,10264.56803,0.014903000000000001,113.097902315154,0.0,10377.651029315155,139.526154037335,347449.1534525745,0.0,189712.34789269435,537161.5013452689,347516.0948209082,0.0,190266.6899223,537782.7847432082
375,10266.56995,0.004914,126.270565160605,0.0,10392.835601160605,250.644251378667,347449.1534525745,0.0,189712.34789269435,537161.5013452689,347516.0948209082,0.0,190266.6899223,537782.7847432082
376,10268.57187,0.004165,124.267896160605,0.0,10392.835601160605,360.0,347449.1534525745,0.0,189712.34789269435,537161.5013452689,347516.0948209082,0.0,190266.6899223,537782.7847432082
377,10270.92542,0.000352,0.0,320.0,9950.925068,40.0,347449.1534525745,0.0,189712.34789269435,537161.5013452689,347516.0948209082,0.0,190266.6899223,537782.7847432082
378,10273.32772,0.0,0.0,0.0,10273.32772,40.0,347449.1534525745,0.0,189712.34789269435,537161.5013452689,347516.0948209082,0.0,190266.6899223,537782.7847432082
379,10275.73003,0.0,0.0,0.0,10275.73003,40.0,347449.1534525745,0.0,189712.34789269435,537161.5013452689,347516.0948209082,0.0,190266.6899223,537782.7847432082
380,10278.13233,0.0,0.0,0.0,10278.13233,40.0,347449.1534525745,0.0,189712.34789269435,537161.5013452689,347516.0948209082,0.0,190266.6899223,537782.7847432082
381,10280.53464,0.0,0.0,0.0,10280.53464,40.0,347449.1534525745,0.0,189712.34789269435,537161.5013452689,347516.0948209082,0.0,190266.6899223,537782.7847432082
382,10282.79163,0.0,0.0,0.0,10282.79163,40.0,347449.1534525745,0.0,189712.34789269435,537161.5013452689,347516.0948209082,0.0,190266.6899223,537782.7847432082
383,10284.99374,0.0,0.0,0.0,10284.99374,40.0,347449.1534525745,0.0,189712.34789269435,537161.5013452689,347516.0948209082,0.0,190266.6899223,537782.7847432082
384,10287.19585,0.0,0.0,0.0,10287.19585,40.0,347449.1534525745,0.0,189712.34789269435,537161.5013452689,347516.0948209082,0.0,190266.6899223,537782.7847432082
385,10289.39796,0.0,0.0,0.0,10289.39796,40.0,347449.1534525745,0.0,189712.34789269435,537161.5013452689,347516.0948209082,0.0,190266.6899223,537782.7847432082
386,10291.60008,0.0,73.142460154551,0.0,10364.742540154552,104.365364936005,347449.1534525745,0.0,189712.34789269435,537161.5013452689,347516.0948209082,0.0,190266.6899223,537782.7847432082
387,10293.80219,0.0,99.0334111606044,0.0,10392.835601160605,191.514766757337,347449.1534525745,0.0,189712.34789269435,537161.5013452689,347516.0948209082,0.0,190266.6899223,537782.7847432082
388,10296.0043,0.0,96.8313011606042,0.0,10392.835601160605,276.726311778668,347449.1534525745,0.0,189712.34789269435,537161.5013452689,347516.0948209082,0.0,190266.6899223,537782.7847432082
389,10298.20641,0.0,94.629191160604,0.0,10392.835601160605,360.0,347449.1534525745,0.0,189712.34789269435,537161.5013452689,347516.0948209082,0.0,190266.6899223,537782.7847432082
390,10300.40853,0.0,0.0,206.344668166672,10094.063861833329,153.655331833328,347449.1534525745,0.0,189712.34789269435,537161.5013452689,347516.0948209082,0.0,190266.6899223,537782.7847432082
391,10302.61064,0.0014039999999999999,0.0,19.5635891666661,10283.045646833334,134.091742666662,347449.1534525745,0.0,189712.34789269435,537161.5013452689,347516.0948209082,0.0,190266.6899223,537782.7847432082
392,10304.47549,0.002984,0.0,21.426859166666,10283.045646833334,112.664883499996,347449.1534525745,0.0,189712.34789269435,537161.5013452689,347516.0948209082,0.0,190266.6899223,537782.7847432082
393,10305.87683,0.009437,0.0,22.8217461666645,10283.045646833334,89.8431373333315,347449.1534525745,0.0,189712.34789269435,537161.5013452689,347516.0948209082,0.0,190266.6899223,537782.7847432082
394,10307.27818,0.009809,0.0,24.222724166666,10283.045646833334,65.6204131666655,347449.1534525745,0.0,189712.34789269435,537161.5013452689,347516.0948209082,0.0,190266.6899223,537782.7847432082
395,10308.67952,0.013460000000000001,0.0,25.6204131666655,10283.045646833334,40.0,347449.1534525745,0.0,189712.34789269435,537161.5013452689,347516.0948209082,0.0,190266.6899223,537782.7847432082
396,10310.08086,0.013353,48.0161619939488,0.0,10358.083668993948,82.2542225546749,347449.1534525745,0.0,189712.34789269435,537161.5013452689,347516.0948209082,0.0,190266.6899223,537782.7847432082
397,10311.53602,0.011054000000000001,81.3106351606057,0.0,10392.835601160605,153.807581496008,347449.1534525745,0.0,189712.34789269435,537161.5013452689,347516.0948209082,0.0,190266.6899223,537782.7847432082
398,10313.13756,0.009914,79.7079551606057,0.0,10392.835601160605,223.950582037341,347449.1534525745,0.0,189712.34789269435,537161.5013452689,347516.0948209082,0.0,190266.6899223,537782.7847432082
399,10314.7391,0.006738000000000001,78.1032391606041,0.0,10392.835601160605,292.681432498673,347449.1534525745,0.0,189712.34789269435,537161.5013452689,347516.0948209082,0.0,190266.6899223,537782.7847432082
400,10316.34063,0.003401,76.498372160604,0.0,10392.835601160605,360.0,347449.1534525745,0.0,189712.34789269435,537161.5013452689,347516.0948209082,0.0,190266.6899223,537782.7847432082
401,10317.94217,0.00013600000000000003,0.0,206.371740500002,10111.570293499997,153.628259499998,347449.1534525745,0.0,189712.34789269435,537161.5013452689,347516.0948209082,0.0,190266.6899223,537782.7847432082
402,10319.52039,0.0,0.0,36.4747431666656,10283.045646833334,117.153516333332,347449.1534525745,0.0,189712.34789269435,537161.5013452689,347516.0948209082,0.0,190266.6899223,537782.7847432082
403,10320.92173,0.0,0.0,37.8760831666659,10283.045646833334,79.277433166666,347449.1534525745,0.0,189712.34789269435,537161.5013452689,347516.0948209082,0.0,190266.6899223,537782.7847432082
404,10322.32308,0.0,0.0,39.277433166666,10283.045646833334,40.0,347449.1534525745,0.0,189712.34789269435,537161.5013452689,347516.0948209082,0.0,190266.6899223,537782.7847432082
405,10323.72442,0.0,0.0,0.0,10323.72442,40.0,347449.1534525745,0.0,189712.34789269435,537161.5013452689,347516.0948209082,0.0,190266.6899223,537782.7847432082
406,10325.12577,0.0,0.0,0.0,10325.12577,40.0,347449.1534525745,0.0,189712.34789269435,537161.5013452689,347516.0948209082,0.0,190266.6899223,537782.7847432082
407,10326.52711,0.0,0.0,0.0,10326.52711,40.0,347449.1534525745,0.0,189712.34789269435,537161.5013452689,347516.0948209082,0.0,190266.6899223,537782.7847432082
408,10327.92846,0.0,64.9071411606055,0.0,10392.835601160605,97.1182842213329,347449.1534525745,0.0,189712.34789269435,537161.5013452689,347516.0948209082,0.0,190266.6899223,537782.7847432082
409,10329.3298,0.0,63.5058011606052,0.0,10392.835601160605,153.003389242665,347449.1534525745,0.0,189712.34789269435,537161.5013452689,347516.0948209082,0.0,190266.6899223,537782.7847432082
410,10330.73114,0.0,56.668077833339,0.0,10387.39921783334,202.871297736004,347449.1534525745,0.0,189712.34789269435,537161.5013452689,347516.0948209082,0.0,190266.6899223,537782.7847432082
411,10332.13249,0.0,60.7031111606047,0.0,10392.835601160605,256.290035557336,347449.1534525745,0.0,189712.34789269435,537161.5013452689,347516.0948209082,0.0,190266.6899223,537782.7847432082
412,10333.53383,0.0,59.3017711606044,0.0,10392.835601160605,308.475594178668,347449.1534525745,0.0,189712.34789269435,537161.5013452689,347516.0948209082,0.0,190266.6899223,537782.7847432082
413,10334.28514,0.0,58.5504611606048,0.0,10392.835601160605,360.0,347449.1534525745,0.0,189712.34789269435,537161.5013452689,347516.0948209082,0.0,190266.6899223,537782.7847432082
414,10334.88572,0.0,0.0,51.8400731666661,10283.045646833334,308.159926833334,347449.1534525745,0.0,189712.34789269435,537161.5013452689,347516.0948209082,0.0,190266.6899223,537782.7847432082
415,10335.48629,0.002142,0.0,52.4385011666673,10283.045646833334,255.721425666667,347449.1534525745,0.0,189712.34789269435,537161.5013452689,347516.0948209082,0.0,190266.6899223,537782.7847432082
416,10336.08687,0.0064600000000000005,0.0,53.0347631666646,10283.045646833334,202.686662499997,347449.1534525745,0.0,189712.34789269435,537161.5013452689,347516.0948209082,0.0,190266.6899223,537782.7847432082
417,10336.68745,0.016709,0.0,53.6250941666658,10283.045646833334,149.061568333331,347449.1534525745,0.0,189712.34789269435,537161.5013452689,347516.0948209082,0.0,190266.6899223,537782.7847432082
418,10337.28802,0.011012000000000001,0.0,54.2313611666653,10283.045646833334,94.8302071666658,347449.1534525745,0.0,189712.34789269435,537161.5013452689,347516.0948209082,0.0,190266.6899223,537782.7847432082
419,10337.8886,0.012746,0.0,54.8302071666658,10283.045646833334,40.0,347449.1534525745,0.0,189712.34789269435,537161.5013452689,347516.0948209082,0.0,190266.6899223,537782.7847432082
420,10338.48918,0.013358,54.3597791606044,0.0,10392.835601160605,87.8366056613318,347449.1534525745,0.0,189712.34789269435,537161.5013452689,347516.0948209082,0.0,190266.6899223,537782.7847432082
421,10339.08975,0.00994,53.7557911606054,0.0,10392.835601160605,135.141701882665,347449.1534525745,0.0,189712.34789269435,537161.5013452689,347516.0948209082,0.0,190266.6899223,537782.7847432082
422,10339.69033,0.012235,53.1575061606054,0.0,10392.835601160605,181.920307303997,347449.1534525745,0.0,189712.34789269435,537161.5013452689,347516.0948209082,0.0,190266.6899223,537782.7847432082
423,10340.18939,0.015148,52.6613591606056,0.0,10392.835601160605,228.26230336533,347449.1534525745,0.0,189712.34789269435,537161.5013452689,347516.0948209082,0.0,190266.6899223,537782.7847432082
424,10340.58978,0.013211,52.259032160604,0.0,10392.835601160605,274.250251666663,347449.1534525745,0.0,189712.34789269435,537161.5013452689,347516.0948209082,0.0,190266.6899223,537782.7847432082
425,10340.99016,0.001121,0.0,57.9433921666659,10283.045646833334,216.306859499997,347449.1534525745,0.0,189712.34789269435,537161.5013452689,347516.0948209082,0.0,190266.6899223,537782.7847432082
426,10341.39055,0.0,0.0,58.344903166666,10283.045646833334,157.961956333331,347449.1534525745,0.0,189712.34789269435,537161.5013452689,347516.0948209082,0.0,190266.6899223,537782.7847432082
427,10341.79093,0.0,0.0,58.7452831666651,10283.045646833334,99.2166731666657,347449.1534525745,0.0,189712.34789269435,537161.5013452689,347516.0948209082,0.0,190266.6899223,537782.7847432082
428,10342.26232,0.0,0.0,59.2166731666657,10283.045646833334,40.0,347449.1534525745,0.0,189712.34789269435,537161.5013452689,347516.0948209082,0.0,190266.6899223,537782.7847432082
429,10342.8629,0.0,0.0,0.0,10342.8629,40.0,347449.1534525745,0.0,189712.34789269435,537161.5013452689,347516.0948209082,0.0,190266.6899223,537782.7847432082
430,10343.46348,0.0,0.0,0.0,10343.46348,40.0,347449.1534525745,0.0,189712.34789269435,537161.5013452689,347516.0948209082,0.0,190266.6899223,537782.7847432082
431,10344.06405,0.0,0.0,0.0,10344.06405,40.0,347449.1534525745,0.0,189712.34789269435,537161.5013452689,347516.0948209082,0.0,190266.6899223,537782.7847432082
432,10344.66463,0.0,0.0,0.0,10344.66463,40.0,347449.1534525745,0.0,189712.34789269435,537161.5013452689,347516.0948209082,0.0,190266.6899223,537782.7847432082
433,10345.2247,0.0,0.0,0.0,10345.2247,40.0,347449.1534525745,0.0,189712.34789269435,537161.5013452689,347516.0948209082,0.0,190266.6899223,537782.7847432082
434,10345.62508,0.0,0.0,0.0,10345.62508,40.0,347449.1534525745,0.0,189712.34789269435,537161.5013452689,347516.0948209082,0.0,190266.6899223,537782.7847432082
435,10346.02546,0.0,0.0,0.0,10346.02546,40.0,347449.1534525745,0.0,189712.34789269435,537161.5013452689,347516.0948209082,0.0,190266.6899223,537782.7847432082
436,10346.42585,0.0,0.0,0.0,10346.42585,40.0,347449.1534525745,0.0,189712.34789269435,537161.5013452689,347516.0948209082,0.0,190266.6899223,537782.7847432082
437,10346.82623,0.0,0.0,0.0,10346.82623,40.0,347449.1534525745,0.0,189712.34789269435,537161.5013452689,347516.0948209082,0.0,190266.6899223,537782.7847432082
438,10347.23663,0.0,0.0,0.0,10347.23663,40.0,347449.1534525745,0.0,189712.34789269435,537161.5013452689,347516.0948209082,0.0,190266.6899223,537782.7847432082
439,10347.8372,0.0011140000000000002,0.0,0.0,10347.836086,40.0,347449.1534525745,0.0,189712.34789269435,537161.5013452689,347516.0948209082,0.0,190266.6899223,537782.7847432082
440,10348.43778,0.006615,0.0,0.0,10348.431165,40.0,347449.1534525745,0.0,189712.34789269435,537161.5013452689,347516.0948209082,0.0,190266.6899223,537782.7847432082
441,10349.03835,0.008792999999999999,0.0,0.0,10349.029557,40.0,347449.1534525745,0.0,189712.34789269435,537161.5013452689,347516.0948209082,0.0,190266.6899223,537782.7847432082
442,10349.63893,0.010164999999999999,0.0,0.0,10349.628765,40.0,347449.1534525745,0.0,189712.34789269435,537161.5013452689,347516.0948209082,0.0,190266.6899223,537782.7847432082
443,10350.23951,0.009613,0.0,0.0,10350.229897,40.0,347449.1534525745,0.0,189712.34789269435,537161.5013452689,347516.0948209082,0.0,190266.6899223,537782.7847432082
444,10350.66038,0.041667,0.0,0.0,10350.618713,40.0,347449.1534525745,0.0,189712.34789269435,537161.5013452689,347516.0948209082,0.0,190266.6899223,537782.7847432082
445,10351.06076,0.036702,0.0,0.0,10351.024058,40.0,347449.1534525745,0.0,189712.34789269435,537161.5013452689,347516.0948209082,0.0,190266.6899223,537782.7847432082
446,10351.46115,0.033052,0.0,0.0,10351.428097999998,40.0,347449.1534525745,0.0,189712.34789269435,537161.5013452689,347516.0948209082,0.0,190266.6899223,537782.7847432082
447,10351.86153,0.023003,0.0,0.0,10351.838527,40.0,347449.1534525745,0.0,189712.34789269435,537161.5013452689,347516.0948209082,0.0,190266.6899223,537782.7847432082
448,10352.26192,0.009406000000000001,0.0,0.0,10352.252514000002,40.0,347449.1534525745,0.0,189712.34789269435,537161.5013452689,347516.0948209082,0.0,190266.6899223,537782.7847432082
449,10352.6623,0.000436,0.0,0.0,10352.661864,40.0,347449.1534525745,0.0,189712.34789269435,537161.5013452689,347516.0948209082,0.0,190266.6899223,537782.7847432082
450,10353.06268,0.0,0.0,0.0,10353.06268,40.0,347449.1534525745,0.0,189712.34789269435,537161.5013452689,347516.0948209082,0.0,190266.6899223,537782.7847432082
451,10353.46307,0.0,0.0,0.0,10353.46307,40.0,347449.1534525745,0.0,189712.34789269435,537161.5013452689,347516.0948209082,0.0,190266.6899223,537782.7847432082
452,10353.86345,0.0,0.0,0.0,10353.86345,40.0,347449.1534525745,0.0,189712.34789269435,537161.5013452689,347516.0948209082,0.0,190266.6899223,537782.7847432082
453,10354.26384,0.0,0.0,0.0,10354.26384,40.0,347449.1534525745,0.0,189712.34789269435,537161.5013452689,347516.0948209082,0.0,190266.6899223,537782.7847432082
454,10354.54552,0.0,0.0,0.0,10354.54552,40.0,347449.1534525745,0.0,189712.34789269435,537161.5013452689,347516.0948209082,0.0,190266.6899223,537782.7847432082
455,10354.74571,0.0,0.0,0.0,10354.74571,40.0,347449.1534525745,0.0,189712.34789269435,537161.5013452689,347516.0948209082,0.0,190266.6899223,537782.7847432082
456,10354.9459,0.0,0.0,0.0,10354.9459,40.0,347449.1534525745,0.0,189712.34789269435,537161.5013452689,347516.0948209082,0.0,190266.6899223,537782.7847432082
457,10355.1461,0.0,0.0,0.0,10355.1461,40.0,347449.1534525745,0.0,189712.34789269435,537161.5013452689,347516.0948209082,0.0,190266.6899223,537782.7847432082
458,10355.34629,0.0,0.0,0.0,10355.34629,40.0,347449.1534525745,0.0,189712.34789269435,537161.5013452689,347516.0948209082,0.0,190266.6899223,537782.7847432082
459,10355.37007,0.0,0.0,0.0,10355.37007,40.0,347449.1534525745,0.0,189712.34789269435,537161.5013452689,347516.0948209082,0.0,190266.6899223,537782.7847432082
460,10355.16988,0.0,0.0,0.0,10355.16988,40.0,347449.1534525745,0.0,189712.34789269435,537161.5013452689,347516.0948209082,0.0,190266.6899223,537782.7847432082
461,10354.96969,0.0,0.0,0.0,10354.96969,40.0,347449.1534525745,0.0,189712.34789269435,537161.5013452689,347516.0948209082,0.0,190266.6899223,537782.7847432082
462,10354.7695,0.0,0.0,0.0,10354.7695,40.0,347449.1534525745,0.0,189712.34789269435,537161.5013452689,347516.0948209082,0.0,190266.6899223,537782.7847432082
463,10354.56931,0.0006889999999999999,0.0,0.0,10354.568621,40.0,347449.1534525745,0.0,189712.34789269435,537161.5013452689,347516.0948209082,0.0,190266.6899223,537782.7847432082
464,10354.31141,0.004426,0.0,0.0,10354.306984,40.0,347449.1534525745,0.0,189712.34789269435,537161.5013452689,347516.0948209082,0.0,190266.6899223,537782.7847432082
465,10353.91103,0.006779,0.0,0.0,10353.904251,40.0,347449.1534525745,0.0,189712.34789269435,537161.5013452689,347516.0948209082,0.0,190266.6899223,537782.7847432082
466,10353.51064,0.010152,0.0,0.0,10353.500488,40.0,347449.1534525745,0.0,189712.34789269435,537161.5013452689,347516.0948209082,0.0,190266.6899223,537782.7847432082
467,10353.11026,0.014881,0.0,0.0,10353.095379,40.0,347449.1534525745,0.0,189712.34789269435,537161.5013452689,347516.0948209082,0.0,190266.6899223,537782.7847432082
468,10352.70988,0.034489,0.0,0.0,10352.675391,40.0,347449.1534525745,0.0,189712.34789269435,537161.5013452689,347516.0948209082,0.0,190266.6899223,537782.7847432082
469,10352.30949,0.038861,0.0,0.0,10352.270628999999,40.0,347449.1534525745,0.0,189712.34789269435,537161.5013452689,347516.0948209082,0.0,190266.6899223,537782.7847432082
470,10351.90911,0.031920000000000004,0.0,0.0,10351.877190000001,40.0,347449.1534525745,0.0,189712.34789269435,537161.5013452689,347516.0948209082,0.0,190266.6899223,537782.7847432082
471,10351.50872,0.02067,0.0,0.0,10351.48805,40.0,347449.1534525745,0.0,189712.34789269435,537161.5013452689,347516.0948209082,0.0,190266.6899223,537782.7847432082
472,10351.10834,0.011059,0.0,0.0,10351.097281,40.0,347449.1534525745,0.0,189712.34789269435,537161.5013452689,347516.0948209082,0.0,190266.6899223,537782.7847432082
473,10350.70796,0.000757,0.0,0.0,10350.707203,40.0,347449.1534525745,0.0,189712.34789269435,537161.5013452689,347516.0948209082,0.0,190266.6899223,537782.7847432082
474,10350.30757,0.0,0.0,0.0,10350.30757,40.0,347449.1534525745,0.0,189712.34789269435,537161.5013452689,347516.0948209082,0.0,190266.6899223,537782.7847432082
475,10349.90719,0.0,0.0,0.0,10349.90719,40.0,347449.1534525745,0.0,189712.34789269435,537161.5013452689,347516.0948209082,0.0,190266.6899223,537782.7847432082
476,10349.5068,0.0,0.0,0.0,10349.5068,40.0,347449.1534525745,0.0,189712.34789269435,537161.5013452689,347516.0948209082,0.0,190266.6899223,537782.7847432082
477,10349.10642,0.0,0.0,0.0,10349.10642,40.0,347449.1534525745,0.0,189712.34789269435,537161.5013452689,347516.0948209082,0.0,190266.6899223,537782.7847432082
478,10348.70603,0.0,0.0,0.0,10348.70603,40.0,347449.1534525745,0.0,189712.34789269435,537161.5013452689,347516.0948209082,0.0,190266.6899223,537782.7847432082
479,10348.30565,0.0,0.0,0.0,10348.30565,40.0,347449.1534525745,0.0,189712.34789269435,537161.5013452689,347516.0948209082,0.0,190266.6899223,537782.7847432082
480,10348.07166,0.0,0.0,0.0,10348.07166,40.0,347449.1534525745,0.0,189712.34789269435,537161.5013452689,347516.0948209082,0.0,190266.6899223,537782.7847432082
481,10347.87147,0.0,0.0,0.0,10347.87147,40.0,347449.1534525745,0.0,189712.34789269435,537161.5013452689,347516.0948209082,0.0,190266.6899223,537782.7847432082
482,10347.67128,0.0,0.0,0.0,10347.67128,40.0,347449.1534525745,0.0,189712.34789269435,537161.5013452689,347516.0948209082,0.0,190266.6899223,537782.7847432082
483,10347.47109,0.0,0.0,0.0,10347.47109,40.0,347449.1534525745,0.0,189712.34789269435,537161.5013452689,347516.0948209082,0.0,190266.6899223,537782.7847432082
484,10347.27089,0.0,0.0,0.0,10347.27089,40.0,347449.1534525745,0.0,189712.34789269435,537161.5013452689,347516.0948209082,0.0,190266.6899223,537782.7847432082
485,10346.93481,0.0,0.0,0.0,10346.93481,40.0,347449.1534525745,0.0,189712.34789269435,537161.5013452689,347516.0948209082,0.0,190266.6899223,537782.7847432082
486,10346.53442,0.0,0.0,0.0,10346.53442,40.0,347449.1534525745,0.0,189712.34789269435,537161.5013452689,347516.0948209082,0.0,190266.6899223,537782.7847432082
487,10346.13404,0.00449,0.0,0.0,10346.129550000001,40.0,347449.1534525745,0.0,189712.34789269435,537161.5013452689,347516.0948209082,0.0,190266.6899223,537782.7847432082
488,10345.73365,0.018637,0.0,0.0,10345.715013,40.0,347449.1534525745,0.0,189712.34789269435,537161.5013452689,347516.0948209082,0.0,190266.6899223,537782.7847432082
489,10345.33327,0.029193000000000004,0.0,0.0,10345.304076999999,40.0,347449.1534525745,0.0,189712.34789269435,537161.5013452689,347516.0948209082,0.0,190266.6899223,537782.7847432082
490,10345.03828,0.035183,0.0,0.0,10345.003097,40.0,347449.1534525745,0.0,189712.34789269435,537161.5013452689,347516.0948209082,0.0,190266.6899223,537782.7847432082
491,10344.83809,0.039803,0.0,0.0,10344.798287,40.0,347449.1534525745,0.0,189712.34789269435,537161.5013452689,347516.0948209082,0.0,190266.6899223,537782.7847432082
492,10344.6379,0.041039,0.0,0.0,10344.596861,40.0,347449.1534525745,0.0,189712.34789269435,537161.5013452689,347516.0948209082,0.0,190266.6899223,537782.7847432082
493,10344.43771,0.03769,0.0,0.0,10344.400020000001,40.0,347449.1534525745,0.0,189712.34789269435,537161.5013452689,347516.0948209082,0.0,190266.6899223,537782.7847432082
494,10344.23751,0.033079000000000004,0.0,0.0,10344.204431,40.0,347449.1534525745,0.0,189712.34789269435,537161.5013452689,347516.0948209082,0.0,190266.6899223,537782.7847432082
495,10343.88753,0.024338000000000002,0.0,0.0,10343.863192,40.0,347449.1534525745,0.0,189712.34789269435,537161.5013452689,347516.0948209082,0.0,190266.6899223,537782.7847432082
496,10343.28695,0.012755,0.0,0.0,10343.274195,40.0,347449.1534525745,0.0,189712.34789269435,537161.5013452689,347516.0948209082,0.0,190266.6899223,537782.7847432082
497,10342.68638,0.000177,0.0,0.0,10342.686203,40.0,347449.1534525745,0.0,189712.34789269435,537161.5013452689,347516.0948209082,0.0,190266.6899223,537782.7847432082
498,10342.0858,0.0,0.0,0.0,10342.0858,40.0,347449.1534525745,0.0,189712.34789269435,537161.5013452689,347516.0948209082,0.0,190266.6899223,537782.7847432082
499,10341.48523,0.0,0.0,0.0,10341.48523,40.0,347449.1534525745,0.0,189712.34789269435,537161.5013452689,347516.0948209082,0.0,190266.6899223,537782.7847432082
500,10340.92905,0.0,0.0,0.0,10340.92905,40.0,347449.1534525745,0.0,189712.34789269435,537161.5013452689,347516.0948209082,0.0,190266.6899223,537782.7847432082
501,10340.52866,0.0,0.0,0.0,10340.52866,40.0,347449.1534525745,0.0,189712.34789269435,537161.5013452689,347516.0948209082,0.0,190266.6899223,537782.7847432082
502,10340.12828,0.0,0.0,0.0,10340.12828,40.0,347449.1534525745,0.0,189712.34789269435,537161.5013452689,347516.0948209082,0.0,190266.6899223,537782.7847432082
503,10339.72789,0.0,34.5106466727353,0.0,10374.238536672736,70.3693690720071,347449.1534525745,0.0,189712.34789269435,537161.5013452689,347516.0948209082,0.0,190266.6899223,537782.7847432082
504,10339.32751,0.0,53.5080911606055,0.0,10392.835601160605,117.45648929334,347449.1534525745,0.0,189712.34789269435,537161.5013452689,347516.0948209082,0.0,190266.6899223,537782.7847432082
505,10338.91323,0.0,53.9223711606046,0.0,10392.835601160605,164.908175914672,347449.1534525745,0.0,189712.34789269435,537161.5013452689,347516.0948209082,0.0,190266.6899223,537782.7847432082
506,10338.31265,0.0,54.5229511606049,0.0,10392.835601160605,212.888372936004,347449.1534525745,0.0,189712.34789269435,537161.5013452689,347516.0948209082,0.0,190266.6899223,537782.7847432082
507,10337.71208,0.0,55.1235211606054,0.0,10392.835601160605,261.397071557337,347449.1534525745,0.0,189712.34789269435,537161.5013452689,347516.0948209082,0.0,190266.6899223,537782.7847432082
508,10337.1115,0.0,55.7241011606038,0.0,10392.835601160605,310.434280578668,347449.1534525745,0.0,189712.34789269435,537161.5013452689,347516.0948209082,0.0,190266.6899223,537782.7847432082
509,10336.51092,0.0,56.3246811606041,0.0,10392.835601160605,360.0,347449.1534525745,0.0,189712.34789269435,537161.5013452689,347516.0948209082,0.0,190266.6899223,537782.7847432082
510,10335.91035,0.0,0.0,64.8149801666696,10271.09536983333,295.185019833329,347449.1534525745,0.0,189712.34789269435,537161.5013452689,347516.0948209082,0.0,190266.6899223,537782.7847432082
511,10335.30977,0.006358,0.0,52.2577651666652,10283.045646833334,242.927254666663,347449.1534525745,0.0,189712.34789269435,537161.5013452689,347516.0948209082,0.0,190266.6899223,537782.7847432082
512,10334.7092,0.019482,0.0,51.6440711666655,10283.045646833334,191.283183499998,347449.1534525745,0.0,189712.34789269435,537161.5013452689,347516.0948209082,0.0,190266.6899223,537782.7847432082
513,10334.10862,0.029920000000000002,0.0,51.0330531666659,10283.045646833334,140.250130333332,347449.1534525745,0.0,189712.34789269435,537161.5013452689,347516.0948209082,0.0,190266.6899223,537782.7847432082
514,10333.50804,0.034984,0.0,50.4274091666666,10283.045646833334,89.8227211666654,347449.1534525745,0.0,189712.34789269435,537161.5013452689,347516.0948209082,0.0,190266.6899223,537782.7847432082
515,10332.90747,0.039102,0.0,49.8227211666654,10283.045646833334,40.0,347449.1534525745,0.0,189712.34789269435,537161.5013452689,347516.0948209082,0.0,190266.6899223,537782.7847432082
516,10332.1538,0.039102,60.7209031606053,0.0,10392.835601160605,93.4343947813327,347449.1534525745,0.0,189712.34789269435,537161.5013452689,347516.0948209082,0.0,190266.6899223,537782.7847432082
517,10331.35304,0.036174,61.5187351606069,0.0,10392.835601160607,147.570881722667,347449.1534525745,0.0,189712.34789269435,537161.5013452689,347516.0948209082,0.0,190266.6899223,537782.7847432082
518,10330.55227,0.031293,62.3146241606046,0.0,10392.835601160605,202.407750983999,347449.1534525745,0.0,189712.34789269435,537161.5013452689,347516.0948209082,0.0,190266.6899223,537782.7847432082
519,10329.7515,0.023938,63.1080391606047,0.0,10392.835601160605,257.942825445331,347449.1534525745,0.0,189712.34789269435,537161.5013452689,347516.0948209082,0.0,190266.6899223,537782.7847432082
520,10328.95073,0.012914,63.8977851606051,0.0,10392.835601160605,314.172876386663,347449.1534525745,0.0,189712.34789269435,537161.5013452689,347516.0948209082,0.0,190266.6899223,537782.7847432082
521,10328.14996,0.000255,0.0,143.664536886663,10184.485168113337,170.5083395,347449.1534525745,0.0,189712.34789269435,537161.5013452689,347516.0948209082,0.0,190266.6899223,537782.7847432082
522,10327.34919,0.0,0.0,44.3035431666667,10283.045646833334,126.204796333333,347449.1534525745,0.0,189712.34789269435,537161.5013452689,347516.0948209082,0.0,190266.6899223,537782.7847432082
523,10326.54843,0.0,0.0,43.5027831666666,10283.045646833334,82.7020131666668,347449.1534525745,0.0,189712.34789269435,537161.5013452689,347516.0948209082,0.0,190266.6899223,537782.7847432082
524,10325.74766,0.0,0.0,42.7020131666668,10283.045646833334,40.0,347449.1534525745,0.0,189712.34789269435,537161.5013452689,347516.0948209082,0.0,190266.6899223,537782.7847432082
525,10324.94689,0.0,0.0,0.0,10324.94689,40.0,347449.1534525745,0.0,189712.34789269435,537161.5013452689,347516.0948209082,0.0,190266.6899223,537782.7847432082
526,10323.77777,0.0,0.0,0.0,10323.77777,40.0,347449.1534525745,0.0,189712.34789269435,537161.5013452689,347516.0948209082,0.0,190266.6899223,537782.7847432082
527,10322.17623,0.0,0.0,0.0,10322.17623,40.0,347449.1534525745,0.0,189712.34789269435,537161.5013452689,347516.0948209082,0.0,190266.6899223,537782.7847432082
528,10320.5747,0.0,0.0,0.0,10320.5747,40.0,347449.1534525745,0.0,189712.34789269435,537161.5013452689,347516.0948209082,0.0,190266.6899223,537782.7847432082
529,10318.97316,0.0,52.1712289939428,0.0,10371.144388993942,85.9106815146697,347449.1534525745,0.0,189712.34789269435,537161.5013452689,347516.0948209082,0.0,190266.6899223,537782.7847432082
530,10317.37162,0.0,75.4639811606048,0.0,10392.835601160605,152.318984936002,347449.1534525745,0.0,189712.34789269435,537161.5013452689,347516.0948209082,0.0,190266.6899223,537782.7847432082
531,10315.77009,0.0,77.0655111606047,0.0,10392.835601160605,220.136634757334,347449.1534525745,0.0,189712.34789269435,537161.5013452689,347516.0948209082,0.0,190266.6899223,537782.7847432082
532,10314.16855,0.0,78.6670511606044,0.0,10392.835601160605,289.363639778666,347449.1534525745,0.0,189712.34789269435,537161.5013452689,347516.0948209082,0.0,190266.6899223,537782.7847432082
533,10312.56701,0.0,80.268591160604,0.0,10392.835601160605,360.0,347449.1534525745,0.0,189712.34789269435,537161.5013452689,347516.0948209082,0.0,190266.6899223,537782.7847432082
534,10310.96548,0.0,0.0,201.90076216667,10109.064717833331,158.09923783333,347449.1534525745,0.0,189712.34789269435,537161.5013452689,347516.0948209082,0.0,190266.6899223,537782.7847432082
535,10309.36394,0.006399,0.0,26.3118941666653,10283.045646833334,131.787343666665,347449.1534525745,0.0,189712.34789269435,537161.5013452689,347516.0948209082,0.0,190266.6899223,537782.7847432082
536,10307.82458,0.019138000000000002,0.0,24.7597951666667,10283.045646833334,107.027548499998,347449.1534525745,0.0,189712.34789269435,537161.5013452689,347516.0948209082,0.0,190266.6899223,537782.7847432082
537,10306.62343,0.029185,0.0,23.5485981666661,10283.045646833334,83.4789503333323,347449.1534525745,0.0,189712.34789269435,537161.5013452689,347516.0948209082,0.0,190266.6899223,537782.7847432082
538,10305.42228,0.034934,0.0,22.3416991666672,10283.045646833334,61.137251166665,347449.1534525745,0.0,189712.34789269435,537161.5013452689,347516.0948209082,0.0,190266.6899223,537782.7847432082
539,10304.22113,0.038232,0.0,21.137251166665,10283.045646833334,40.0,347449.1534525745,0.0,189712.34789269435,537161.5013452689,347516.0948209082,0.0,190266.6899223,537782.7847432082
540,10303.01997,0.038053,0.0,0.0,10302.981917,40.0,347449.1534525745,0.0,189712.34789269435,537161.5013452689,347516.0948209082,0.0,190266.6899223,537782.7847432082
541,10301.81764,0.035902,80.9079801545482,0.0,10382.689718154548,111.199022536002,347449.1534525745,0.0,189712.34789269435,537161.5013452689,347516.0948209082,0.0,190266.6899223,537782.7847432082
542,10300.21611,0.03183,92.6513211606052,0.0,10392.835601160605,192.732185157335,347449.1534525745,0.0,189712.34789269435,537161.5013452689,347516.0948209082,0.0,190266.6899223,537782.7847432082
543,10298.61457,0.024337,94.2453681606057,0.0,10392.835601160605,275.668109138668,347449.1534525745,0.0,189712.34789269435,537161.5013452689,347516.0948209082,0.0,190266.6899223,537782.7847432082
544,10297.01303,0.009123,95.8316941606045,0.0,10392.835601160605,360.0,347449.1534525745,0.0,189712.34789269435,537161.5013452689,347516.0948209082,0.0,190266.6899223,537782.7847432082
545,10295.4115,0.000245,0.0,293.593180500002,10001.818074499999,66.4068194999982,347449.1534525745,0.0,189712.34789269435,537161.5013452689,347516.0948209082,0.0,190266.6899223,537782.7847432082
546,10293.80996,0.0,0.0,10.7643131666664,10283.045646833334,55.6425063333318,347449.1534525745,0.0,189712.34789269435,537161.5013452689,347516.0948209082,0.0,190266.6899223,537782.7847432082
547,10291.86786,0.0,0.0,8.82221316666619,10283.045646833334,46.8202931666656,347449.1534525745,0.0,189712.34789269435,537161.5013452689,347516.0948209082,0.0,190266.6899223,537782.7847432082
548,10289.86594,0.0,0.0,6.82029316666558,10283.045646833334,40.0,347449.1534525745,0.0,189712.34789269435,537161.5013452689,347516.0948209082,0.0,190266.6899223,537782.7847432082
549,10287.86402,0.0,0.0,0.0,10287.86402,40.0,347449.1534525745,0.0,189712.34789269435,537161.5013452689,347516.0948209082,0.0,190266.6899223,537782.7847432082
550,10285.8621,0.0,0.0,0.0,10285.8621,40.0,347449.1534525745,0.0,189712.34789269435,537161.5013452689,347516.0948209082,0.0,190266.6899223,537782.7847432082
551,10283.86018,0.0,0.0,0.0,10283.86018,40.0,347449.1534525745,0.0,189712.34789269435,537161.5013452689,347516.0948209082,0.0,190266.6899223,537782.7847432082
552,10281.99804,0.0,0.0,0.0,10281.99804,40.0,347449.1534525745,0.0,189712.34789269435,537161.5013452689,347516.0948209082,0.0,190266.6899223,537782.7847432082
553,10280.19631,0.0,0.0,0.0,10280.19631,40.0,347449.1534525745,0.0,189712.34789269435,537161.5013452689,347516.0948209082,0.0,190266.6899223,537782.7847432082
554,10278.39459,0.0,9.50295015455018,0.0,10287.89754015455,48.3625961360042,347449.1534525745,0.0,189712.34789269435,537161.5013452689,347516.0948209082,0.0,190266.6899223,537782.7847432082
555,10276.59286,0.0,116.242741160604,0.0,10392.835601160605,150.656208357336,347449.1534525745,0.0,189712.34789269435,537161.5013452689,347516.0948209082,0.0,190266.6899223,537782.7847432082
556,10274.79113,0.0,118.044471160605,0.0,10392.835601160605,254.535342978668,347449.1534525745,0.0,189712.34789269435,537161.5013452689,347516.0948209082,0.0,190266.6899223,537782.7847432082
557,10272.9894,0.0,119.846201160604,0.0,10392.835601160605,360.0,347449.1534525745,0.0,189712.34789269435,537161.5013452689,347516.0948209082,0.0,190266.6899223,537782.7847432082
558,10271.18767,0.0,0.0,320.0,9951.18767,40.0,347449.1534525745,0.0,189712.34789269435,537161.5013452689,347516.0948209082,0.0,190266.6899223,537782.7847432082
559,10269.38594,0.003891,0.0,0.0,10269.382049,40.0,347449.1534525745,0.0,189712.34789269435,537161.5013452689,347516.0948209082,0.0,190266.6899223,537782.7847432082
560,10267.58421,0.016521,0.0,0.0,10267.567689000001,40.0,347449.1534525745,0.0,189712.34789269435,537161.5013452689,347516.0948209082,0.0,190266.6899223,537782.7847432082
561,10265.78249,0.026090000000000002,0.0,0.0,10265.7564,40.0,347449.1534525745,0.0,189712.34789269435,537161.5013452689,347516.0948209082,0.0,190266.6899223,537782.7847432082
562,10263.98076,0.031818,0.0,0.0,10263.948942,40.0,347449.1534525745,0.0,189712.34789269435,537161.5013452689,347516.0948209082,0.0,190266.6899223,537782.7847432082
563,10262.17903,0.025491,0.0,0.0,10262.153538999999,40.0,347449.1534525745,0.0,189712.34789269435,537161.5013452689,347516.0948209082,0.0,190266.6899223,537782.7847432082
564,10260.3773,0.038526000000000005,0.0,0.0,10260.338774,40.0,347449.1534525745,0.0,189712.34789269435,537161.5013452689,347516.0948209082,0.0,190266.6899223,537782.7847432082
565,10258.57557,0.025267,0.0,0.0,10258.550303,40.0,347449.1534525745,0.0,189712.34789269435,537161.5013452689,347516.0948209082,0.0,190266.6899223,537782.7847432082
566,10256.77384,0.024321000000000002,85.7797633151546,0.0,10342.529282315154,115.486191717336,347449.1534525745,0.0,189712.34789269435,537161.5013452689,347516.0948209082,0.0,190266.6899223,537782.7847432082
567,10254.92383,0.021442,137.933213160604,0.0,10392.835601160605,236.867419298668,347449.1534525745,0.0,189712.34789269435,537161.5013452689,347516.0948209082,0.0,190266.6899223,537782.7847432082
568,10252.92191,0.009696,139.923387160605,0.0,10392.835601160605,360.0,347449.1534525745,0.0,189712.34789269435,537161.5013452689,347516.0948209082,0.0,190266.6899223,537782.7847432082
569,10250.91999,0.0007740000000000001,0.0,320.0,9930.919216,40.0,347449.1534525745,0.0,189712.34789269435,537161.5013452689,347516.0948209082,0.0,190266.6899223,537782.7847432082
570,10248.91807,0.0,0.0,0.0,10248.91807,40.0,347449.1534525745,0.0,189712.34789269435,537161.5013452689,347516.0948209082,0.0,190266.6899223,537782.7847432082
571,10246.91615,0.0,0.0,0.0,10246.91615,40.0,347449.1534525745,0.0,189712.34789269435,537161.5013452689,347516.0948209082,0.0,190266.6899223,537782.7847432082
572,10244.9498,0.0,0.0,0.0,10244.9498,40.0,347449.1534525745,0.0,189712.34789269435,537161.5013452689,347516.0948209082,0.0,190266.6899223,537782.7847432082
573,10243.34826,0.0,0.0,0.0,10243.34826,40.0,347449.1534525745,0.0,189712.34789269435,537161.5013452689,347516.0948209082,0.0,190266.6899223,537782.7847432082
574,10241.74672,0.0,0.0,0.0,10241.74672,40.0,347449.1534525745,0.0,189712.34789269435,537161.5013452689,347516.0948209082,0.0,190266.6899223,537782.7847432082
575,10240.14519,0.0,0.0,0.0,10240.14519,40.0,347449.1534525745,0.0,189712.34789269435,537161.5013452689,347516.0948209082,0.0,190266.6899223,537782.7847432082
576,10238.54365,0.0,0.0,0.0,10238.54365,40.0,347449.1534525745,0.0,189712.34789269435,537161.5013452689,347516.0948209082,0.0,190266.6899223,537782.7847432082
577,10236.94211,0.0,0.0,0.0,10236.94211,40.0,347449.1534525745,0.0,189712.34789269435,537161.5013452689,347516.0948209082,0.0,190266.6899223,537782.7847432082
578,10235.34058,0.0,0.0,0.0,10235.34058,40.0,347449.1534525745,0.0,189712.34789269435,537161.5013452689,347516.0948209082,0.0,190266.6899223,537782.7847432082
579,10233.73904,0.0,40.6386313151558,0.0,10274.377671315156,75.7619955573371,347449.1534525745,0.0,189712.34789269435,537161.5013452689,347516.0948209082,0.0,190266.6899223,537782.7847432082
580,10232.1375,0.0,160.698101160604,0.0,10392.835601160605,217.176324578669,347449.1534525745,0.0,189712.34789269435,537161.5013452689,347516.0948209082,0.0,190266.6899223,537782.7847432082
581,10230.53597,0.0,162.299631160604,0.0,10392.835601160605,360.0,347449.1534525745,0.0,189712.34789269435,537161.5013452689,347516.0948209082,0.0,190266.6899223,537782.7847432082
582,10228.93443,0.0,0.0,320.0,9908.93443,40.0,347449.1534525745,0.0,189712.34789269435,537161.5013452689,347516.0948209082,0.0,190266.6899223,537782.7847432082
583,10226.705,0.002666,0.0,0.0,10226.702334,40.0,347449.1534525745,0.0,189712.34789269435,537161.5013452689,347516.0948209082,0.0,190266.6899223,537782.7847432082
584,10224.30269,0.009025,0.0,0.0,10224.293665000001,40.0,347449.1534525745,0.0,189712.34789269435,537161.5013452689,347516.0948209082,0.0,190266.6899223,537782.7847432082
585,10221.90039,0.022535,0.0,0.0,10221.877855,40.0,347449.1534525745,0.0,189712.34789269435,537161.5013452689,347516.0948209082,0.0,190266.6899223,537782.7847432082
586,10219.49809,0.033610999999999995,0.0,0.0,10219.464478999998,40.0,347449.1534525745,0.0,189712.34789269435,537161.5013452689,347516.0948209082,0.0,190266.6899223,537782.7847432082
587,10217.09578,0.037077,0.0,0.0,10217.058702999999,40.0,347449.1534525745,0.0,189712.34789269435,537161.5013452689,347516.0948209082,0.0,190266.6899223,537782.7847432082
588,10214.69348,0.035668,0.0,0.0,10214.657812,40.0,347449.1534525745,0.0,189712.34789269435,537161.5013452689,347516.0948209082,0.0,190266.6899223,537782.7847432082
589,10212.29117,0.035703000000000006,0.0,0.0,10212.255467,40.0,347449.1534525745,0.0,189712.34789269435,537161.5013452689,347516.0948209082,0.0,190266.6899223,537782.7847432082
590,10209.88887,0.030614000000000002,0.0,0.0,10209.858256000001,40.0,347449.1534525745,0.0,189712.34789269435,537161.5013452689,347516.0948209082,0.0,190266.6899223,537782.7847432082
591,10207.48656,0.023297000000000002,175.873098475758,0.0,10383.336361475758,194.768326658667,347449.1534525745,0.0,189712.34789269435,537161.5013452689,347516.0948209082,0.0,190266.6899223,537782.7847432082
592,10205.08426,0.011924,187.763265160605,0.0,10392.835601160605,360.0,347449.1534525745,0.0,189712.34789269435,537161.5013452689,347516.0948209082,0.0,190266.6899223,537782.7847432082
593,10202.8739,0.001839,0.0,320.0,9882.872061,40.0,347449.1534525745,0.0,189712.34789269435,537161.5013452689,347516.0948209082,0.0,190266.6899223,537782.7847432082
594,10200.87198,0.0,0.0,0.0,10200.87198,40.0,347449.1534525745,0.0,189712.34789269435,537161.5013452689,347516.0948209082,0.0,190266.6899223,537782.7847432082
595,10198.87006,0.0,0.0,0.0,10198.87006,40.0,347449.1534525745,0.0,189712.34789269435,537161.5013452689,347516.0948209082,0.0,190266.6899223,537782.7847432082
596,10196.86814,0.0,0.0,0.0,10196.86814,40.0,347449.1534525745,0.0,189712.34789269435,537161.5013452689,347516.0948209082,0.0,190266.6899223,537782.7847432082
597,10194.86622,0.0,0.0,0.0,10194.86622,40.0,347449.1534525745,0.0,189712.34789269435,537161.5013452689,347516.0948209082,0.0,190266.6899223,537782.7847432082
598,10192.99525,0.0,0.0,0.0,10192.99525,40.0,347449.1534525745,0.0,189712.34789269435,537161.5013452689,347516.0948209082,0.0,190266.6899223,537782.7847432082
599,10191.39371,0.0,0.0,0.0,10191.39371,40.0,347449.1534525745,0.0,189712.34789269435,537161.5013452689,347516.0948209082,0.0,190266.6899223,537782.7847432082
600,10189.79218,0.0,0.0,0.0,10189.79218,40.0,347449.1534525745,0.0,189712.34789269435,537161.5013452689,347516.0948209082,0.0,190266.6899223,537782.7847432082
601,10188.19064,0.0,0.0,0.0,10188.19064,40.0,347449.1534525745,0.0,189712.34789269435,537161.5013452689,347516.0948209082,0.0,190266.6899223,537782.7847432082
602,10186.5891,0.0,0.0,0.0,10186.5891,40.0,347449.1534525745,0.0,189712.34789269435,537161.5013452689,347516.0948209082,0.0,190266.6899223,537782.7847432082
603,10184.95259,0.0,0.0,0.0,10184.95259,40.0,347449.1534525745,0.0,189712.34789269435,537161.5013452689,347516.0948209082,0.0,190266.6899223,537782.7847432082
604,10183.15086,0.0,0.0,0.0,10183.15086,40.0,347449.1534525745,0.0,189712.34789269435,537161.5013452689,347516.0948209082,0.0,190266.6899223,537782.7847432082
605,10181.34914,0.0,0.0,0.0,10181.34914,40.0,347449.1534525745,0.0,189712.34789269435,537161.5013452689,347516.0948209082,0.0,190266.6899223,537782.7847432082
606,10179.54741,0.0,0.0,0.0,10179.54741,40.0,347449.1534525745,0.0,189712.34789269435,537161.5013452689,347516.0948209082,0.0,190266.6899223,537782.7847432082
607,10177.74568,0.006226,0.0,0.0,10177.739454,40.0,347449.1534525745,0.0,189712.34789269435,537161.5013452689,347516.0948209082,0.0,190266.6899223,537782.7847432082
608,10175.93948,0.019798,0.0,0.0,10175.919682,40.0,347449.1534525745,0.0,189712.34789269435,537161.5013452689,347516.0948209082,0.0,190266.6899223,537782.7847432082
609,10173.93756,0.029773,0.0,0.0,10173.907787,40.0,347449.1534525745,0.0,189712.34789269435,537161.5013452689,347516.0948209082,0.0,190266.6899223,537782.7847432082
610,10171.93564,0.034586,0.0,0.0,10171.901054,40.0,347449.1534525745,0.0,189712.34789269435,537161.5013452689,347516.0948209082,0.0,190266.6899223,537782.7847432082
611,10169.93371,0.040542,0.0,0.0,10169.893167999999,40.0,347449.1534525745,0.0,189712.34789269435,537161.5013452689,347516.0948209082,0.0,190266.6899223,537782.7847432082
612,10167.93179,0.040903,0.0,0.0,10167.890887000001,40.0,347449.1534525745,0.0,189712.34789269435,537161.5013452689,347516.0948209082,0.0,190266.6899223,537782.7847432082
613,10165.92987,0.038908000000000005,0.0,0.0,10165.890962,40.0,347449.1534525745,0.0,189712.34789269435,537161.5013452689,347516.0948209082,0.0,190266.6899223,537782.7847432082
614,10163.92795,0.033487,0.0,0.0,10163.894462999999,40.0,347449.1534525745,0.0,189712.34789269435,537161.5013452689,347516.0948209082,0.0,190266.6899223,537782.7847432082
615,10161.92603,0.025726,0.0,0.0,10161.900304,40.0,347449.1534525745,0.0,189712.34789269435,537161.5013452689,347516.0948209082,0.0,190266.6899223,537782.7847432082
616,10159.92411,0.014113,0.0,0.0,10159.909997,40.0,347449.1534525745,0.0,189712.34789269435,537161.5013452689,347516.0948209082,0.0,190266.6899223,537782.7847432082
617,10157.92219,0.002094,0.0,0.0,10157.920096,40.0,347449.1534525745,0.0,189712.34789269435,537161.5013452689,347516.0948209082,0.0,190266.6899223,537782.7847432082
618,10155.92027,0.0,0.0,0.0,10155.92027,40.0,347449.1534525745,0.0,189712.34789269435,537161.5013452689,347516.0948209082,0.0,190266.6899223,537782.7847432082
619,10154.06202,0.0,0.0,0.0,10154.06202,40.0,347449.1534525745,0.0,189712.34789269435,537161.5013452689,347516.0948209082,0.0,190266.6899223,537782.7847432082
620,10152.26029,0.0,0.0,0.0,10152.26029,40.0,347449.1534525745,0.0,189712.34789269435,537161.5013452689,347516.0948209082,0.0,190266.6899223,537782.7847432082
621,10150.45856,0.0,0.0,0.0,10150.45856,40.0,347449.1534525745,0.0,189712.34789269435,537161.5013452689,347516.0948209082,0.0,190266.6899223,537782.7847432082
622,10148.65683,0.0,0.0,0.0,10148.65683,40.0,347449.1534525745,0.0,189712.34789269435,537161.5013452689,347516.0948209082,0.0,190266.6899223,537782.7847432082
623,10146.85511,0.0,0.0,0.0,10146.85511,40.0,347449.1534525745,0.0,189712.34789269435,537161.5013452689,347516.0948209082,0.0,190266.6899223,537782.7847432082
624,10144.82704,0.0,0.0,0.0,10144.82704,40.0,347449.1534525745,0.0,189712.34789269435,537161.5013452689,347516.0948209082,0.0,190266.6899223,537782.7847432082
625,10142.62493,0.0,0.0,0.0,10142.62493,40.0,347449.1534525745,0.0,189712.34789269435,537161.5013452689,347516.0948209082,0.0,190266.6899223,537782.7847432082
626,10140.42282,0.0,0.0,0.0,10140.42282,40.0,347449.1534525745,0.0,189712.34789269435,537161.5013452689,347516.0948209082,0.0,190266.6899223,537782.7847432082
627,10138.2207,0.0,0.0,0.0,10138.2207,40.0,347449.1534525745,0.0,189712.34789269435,537161.5013452689,347516.0948209082,0.0,190266.6899223,537782.7847432082
628,10136.01859,0.0,0.0,0.0,10136.01859,40.0,347449.1534525745,0.0,189712.34789269435,537161.5013452689,347516.0948209082,0.0,190266.6899223,537782.7847432082
629,10133.98181,0.0,0.0,0.0,10133.98181,40.0,347449.1534525745,0.0,189712.34789269435,537161.5013452689,347516.0948209082,0.0,190266.6899223,537782.7847432082
630,10132.18009,0.0,0.0,0.0,10132.18009,40.0,347449.1534525745,0.0,189712.34789269435,537161.5013452689,347516.0948209082,0.0,190266.6899223,537782.7847432082
631,10130.37836,0.005775000000000001,0.0,0.0,10130.372585000001,40.0,347449.1534525745,0.0,189712.34789269435,537161.5013452689,347516.0948209082,0.0,190266.6899223,537782.7847432082
632,10128.57663,0.018460999999999998,0.0,0.0,10128.558169,40.0,347449.1534525745,0.0,189712.34789269435,537161.5013452689,347516.0948209082,0.0,190266.6899223,537782.7847432082
633,10126.7749,0.028006,0.0,0.0,10126.746894,40.0,347449.1534525745,0.0,189712.34789269435,537161.5013452689,347516.0948209082,0.0,190266.6899223,537782.7847432082
634,10125.02534,0.03536,0.0,0.0,10124.98998,40.0,347449.1534525745,0.0,189712.34789269435,537161.5013452689,347516.0948209082,0.0,190266.6899223,537782.7847432082
635,10123.4238,0.038776000000000005,0.0,0.0,10123.385024000001,40.0,347449.1534525745,0.0,189712.34789269435,537161.5013452689,347516.0948209082,0.0,190266.6899223,537782.7847432082
636,10121.82227,0.040705,0.0,0.0,10121.781565000001,40.0,347449.1534525745,0.0,189712.34789269435,537161.5013452689,347516.0948209082,0.0,190266.6899223,537782.7847432082
637,10120.22073,0.034121000000000005,0.0,0.0,10120.186608999998,40.0,347449.1534525745,0.0,189712.34789269435,537161.5013452689,347516.0948209082,0.0,190266.6899223,537782.7847432082
638,10118.61919,0.025933,0.0,0.0,10118.593256999999,40.0,347449.1534525745,0.0,189712.34789269435,537161.5013452689,347516.0948209082,0.0,190266.6899223,537782.7847432082
639,10117.03933,0.016197,0.0,0.0,10117.023132999999,40.0,347449.1534525745,0.0,189712.34789269435,537161.5013452689,347516.0948209082,0.0,190266.6899223,537782.7847432082
640,10115.63798,0.008459,0.0,0.0,10115.629520999999,40.0,347449.1534525745,0.0,189712.34789269435,537161.5013452689,347516.0948209082,0.0,190266.6899223,537782.7847432082
641,10114.23664,0.001446,0.0,0.0,10114.235193999999,40.0,347449.1534525745,0.0,189712.34789269435,537161.5013452689,347516.0948209082,0.0,190266.6899223,537782.7847432082
642,10112.83529,0.0,0.0,0.0,10112.83529,40.0,347449.1534525745,0.0,189712.34789269435,537161.5013452689,347516.0948209082,0.0,190266.6899223,537782.7847432082
643,10111.43395,0.0,0.0,0.0,10111.43395,40.0,347449.1534525745,0.0,189712.34789269435,537161.5013452689,347516.0948209082,0.0,190266.6899223,537782.7847432082
644,10110.0326,0.0,0.0,0.0,10110.0326,40.0,347449.1534525745,0.0,189712.34789269435,537161.5013452689,347516.0948209082,0.0,190266.6899223,537782.7847432082
645,10108.24854,0.0,0.0,0.0,10108.24854,40.0,347449.1534525745,0.0,189712.34789269435,537161.5013452689,347516.0948209082,0.0,190266.6899223,537782.7847432082
646,10106.44681,0.0,0.0,0.0,10106.44681,40.0,347449.1534525745,0.0,189712.34789269435,537161.5013452689,347516.0948209082,0.0,190266.6899223,537782.7847432082
647,10104.64508,0.0,0.0,0.0,10104.64508,40.0,347449.1534525745,0.0,189712.34789269435,537161.5013452689,347516.0948209082,0.0,190266.6899223,537782.7847432082
648,10102.84336,0.0,0.0,0.0,10102.84336,40.0,347449.1534525745,0.0,189712.34789269435,537161.5013452689,347516.0948209082,0.0,190266.6899223,537782.7847432082
649,10101.04163,0.0,0.0,0.0,10101.04163,40.0,347449.1534525745,0.0,189712.34789269435,537161.5013452689,347516.0948209082,0.0,190266.6899223,537782.7847432082
650,10099.07904,0.0,0.0,0.0,10099.07904,40.0,347449.1534525745,0.0,189712.34789269435,537161.5013452689,347516.0948209082,0.0,190266.6899223,537782.7847432082
651,10097.07712,0.0,0.0,0.0,10097.07712,40.0,347449.1534525745,0.0,189712.34789269435,537161.5013452689,347516.0948209082,0.0,190266.6899223,537782.7847432082
652,10095.0752,0.0,63.8740424757605,0.0,10158.94924247576,96.2091573786693,347449.1534525745,0.0,189712.34789269435,537161.5013452689,347516.0948209082,0.0,190266.6899223,537782.7847432082
653,10093.07328,0.0,299.762321160604,0.0,10392.835601160605,360.0,347449.1534525745,0.0,189712.34789269435,537161.5013452689,347516.0948209082,0.0,190266.6899223,537782.7847432082
654,10091.07136,0.0,0.0,320.0,9771.07136,40.0,347449.1534525745,0.0,189712.34789269435,537161.5013452689,347516.0948209082,0.0,190266.6899223,537782.7847432082
655,10089.72124,0.0006,0.0,0.0,10089.720640000001,40.0,347449.1534525745,0.0,189712.34789269435,537161.5013452689,347516.0948209082,0.0,190266.6899223,537782.7847432082
656,10088.72028,0.0046890000000000005,0.0,0.0,10088.715591,40.0,347449.1534525745,0.0,189712.34789269435,537161.5013452689,347516.0948209082,0.0,190266.6899223,537782.7847432082
657,10087.71932,0.009559,0.0,0.0,10087.709761,40.0,347449.1534525745,0.0,189712.34789269435,537161.5013452689,347516.0948209082,0.0,190266.6899223,537782.7847432082
658,10086.71836,0.008657,0.0,0.0,10086.709703,40.0,347449.1534525745,0.0,189712.34789269435,537161.5013452689,347516.0948209082,0.0,190266.6899223,537782.7847432082
659,10085.7174,0.018178,0.0,0.0,10085.699222,40.0,347449.1534525745,0.0,189712.34789269435,537161.5013452689,347516.0948209082,0.0,190266.6899223,537782.7847432082
660,10084.71644,0.017872,0.0,0.0,10084.698568,40.0,347449.1534525745,0.0,189712.34789269435,537161.5013452689,347516.0948209082,0.0,190266.6899223,537782.7847432082
661,10083.71548,0.021282,0.0,0.0,10083.694198000001,40.0,347449.1534525745,0.0,189712.34789269435,537161.5013452689,347516.0948209082,0.0,190266.6899223,537782.7847432082
662,10082.71452,0.016687,0.0,0.0,10082.697833,40.0,347449.1534525745,0.0,189712.34789269435,537161.5013452689,347516.0948209082,0.0,190266.6899223,537782.7847432082
663,10081.71356,0.006551,51.5085574757594,0.0,10133.21556647576,85.3275305786683,347449.1534525745,0.0,189712.34789269435,537161.5013452689,347516.0948209082,0.0,190266.6899223,537782.7847432082
664,10080.7126,0.004805,312.127806160604,0.0,10392.835601160605,360.0,347449.1534525745,0.0,189712.34789269435,537161.5013452689,347516.0948209082,0.0,190266.6899223,537782.7847432082
665,10079.71164,0.00028399999999999996,0.0,320.0,9759.711356,40.0,347449.1534525745,0.0,189712.34789269435,537161.5013452689,347516.0948209082,0.0,190266.6899223,537782.7847432082
666,10078.71068,0.0,0.0,0.0,10078.71068,40.0,347449.1534525745,0.0,189712.34789269435,537161.5013452689,347516.0948209082,0.0,190266.6899223,537782.7847432082
667,10077.70971,0.0,0.0,0.0,10077.70971,40.0,347449.1534525745,0.0,189712.34789269435,537161.5013452689,347516.0948209082,0.0,190266.6899223,537782.7847432082
668,10076.70875,0.0,0.0,0.0,10076.70875,40.0,347449.1534525745,0.0,189712.34789269435,537161.5013452689,347516.0948209082,0.0,190266.6899223,537782.7847432082
669,10075.70779,0.0,0.0,0.0,10075.70779,40.0,347449.1534525745,0.0,189712.34789269435,537161.5013452689,347516.0948209082,0.0,190266.6899223,537782.7847432082
670,10074.62911,0.0,0.0,0.0,10074.62911,40.0,347449.1534525745,0.0,189712.34789269435,537161.5013452689,347516.0948209082,0.0,190266.6899223,537782.7847432082
671,10073.22777,0.0,0.0,0.0,10073.22777,40.0,347449.1534525745,0.0,189712.34789269435,537161.5013452689,347516.0948209082,0.0,190266.6899223,537782.7847432082
672,10071.82642,0.0,0.0,0.0,10071.82642,40.0,347449.1534525745,0.0,189712.34789269435,537161.5013452689,347516.0948209082,0.0,190266.6899223,537782.7847432082
673,10070.42508,0.0,0.0,0.0,10070.42508,40.0,347449.1534525745,0.0,189712.34789269435,537161.5013452689,347516.0948209082,0.0,190266.6899223,537782.7847432082
674,10069.02374,0.0,0.0,0.0,10069.02374,40.0,347449.1534525745,0.0,189712.34789269435,537161.5013452689,347516.0948209082,0.0,190266.6899223,537782.7847432082
675,10067.62239,0.0,0.0,0.0,10067.62239,40.0,347449.1534525745,0.0,189712.34789269435,537161.5013452689,347516.0948209082,0.0,190266.6899223,537782.7847432082
676,10066.22105,0.0,35.62046247576,0.0,10101.84151247576,71.3460069786688,347449.1534525745,0.0,189712.34789269435,537161.5013452689,347516.0948209082,0.0,190266.6899223,537782.7847432082
677,10064.8197,0.0,328.015901160605,0.0,10392.835601160605,360.0,347449.1534525745,0.0,189712.34789269435,537161.5013452689,347516.0948209082,0.0,190266.6899223,537782.7847432082
678,10063.41836,0.0,0.0,320.0,9743.41836,40.0,347449.1534525745,0.0,189712.34789269435,537161.5013452689,347516.0948209082,0.0,190266.6899223,537782.7847432082
679,10062.01701,0.005466,0.0,0.0,10062.011543999999,40.0,347449.1534525745,0.0,189712.34789269435,537161.5013452689,347516.0948209082,0.0,190266.6899223,537782.7847432082
680,10060.61567,0.017631,0.0,0.0,10060.598038999999,40.0,347449.1534525745,0.0,189712.34789269435,537161.5013452689,347516.0948209082,0.0,190266.6899223,537782.7847432082
681,10059.03627,0.027597000000000003,0.0,0.0,10059.008673,40.0,347449.1534525745,0.0,189712.34789269435,537161.5013452689,347516.0948209082,0.0,190266.6899223,537782.7847432082
682,10057.43474,0.033811,0.0,0.0,10057.400929000001,40.0,347449.1534525745,0.0,189712.34789269435,537161.5013452689,347516.0948209082,0.0,190266.6899223,537782.7847432082
683,10055.8332,0.037332000000000004,0.0,0.0,10055.795868,40.0,347449.1534525745,0.0,189712.34789269435,537161.5013452689,347516.0948209082,0.0,190266.6899223,537782.7847432082
684,10054.23166,0.037003,0.0,0.0,10054.194657,40.0,347449.1534525745,0.0,189712.34789269435,537161.5013452689,347516.0948209082,0.0,190266.6899223,537782.7847432082
685,10052.63013,0.038427,0.0,0.0,10052.591703,40.0,347449.1534525745,0.0,189712.34789269435,537161.5013452689,347516.0948209082,0.0,190266.6899223,537782.7847432082
686,10051.3237,0.033299,0.0,0.0,10051.290401,40.0,347449.1534525745,0.0,189712.34789269435,537161.5013452689,347516.0948209082,0.0,190266.6899223,537782.7847432082
687,10050.12254,0.006951,19.7078944757591,0.0,10069.82348347576,57.342947138668,347449.1534525745,0.0,189712.34789269435,537161.5013452689,347516.0948209082,0.0,190266.6899223,537782.7847432082
688,10048.92139,0.014258,343.928469160604,0.0,10392.835601160605,360.0,347449.1534525745,0.0,189712.34789269435,537161.5013452689,347516.0948209082,0.0,190266.6899223,537782.7847432082
689,10047.72024,0.001183,0.0,320.0,9727.719057,40.0,347449.1534525745,0.0,189712.34789269435,537161.5013452689,347516.0948209082,0.0,190266.6899223,537782.7847432082
690,10046.51909,0.0,0.0,0.0,10046.51909,40.0,347449.1534525745,0.0,189712.34789269435,537161.5013452689,347516.0948209082,0.0,190266.6899223,537782.7847432082
691,10045.20088,0.0,0.0,0.0,10045.20088,40.0,347449.1534525745,0.0,189712.34789269435,537161.5013452689,347516.0948209082,0.0,190266.6899223,537782.7847432082
692,10043.79954,0.0,0.0,0.0,10043.79954,40.0,347449.1534525745,0.0,189712.34789269435,537161.5013452689,347516.0948209082,0.0,190266.6899223,537782.7847432082
693,10042.39819,0.0,0.0,0.0,10042.39819,40.0,347449.1534525745,0.0,189712.34789269435,537161.5013452689,347516.0948209082,0.0,190266.6899223,537782.7847432082
694,10040.99685,0.0,0.0,0.0,10040.99685,40.0,347449.1534525745,0.0,189712.34789269435,537161.5013452689,347516.0948209082,0.0,190266.6899223,537782.7847432082
695,10039.5955,0.0,0.0,0.0,10039.5955,40.0,347449.1534525745,0.0,189712.34789269435,537161.5013452689,347516.0948209082,0.0,190266.6899223,537782.7847432082
696,10038.10761,0.0,0.0,0.0,10038.10761,40.0,347449.1534525745,0.0,189712.34789269435,537161.5013452689,347516.0948209082,0.0,190266.6899223,537782.7847432082
697,10036.50607,0.0,0.0,0.0,10036.50607,40.0,347449.1534525745,0.0,189712.34789269435,537161.5013452689,347516.0948209082,0.0,190266.6899223,537782.7847432082
698,10034.90453,0.0,0.0,0.0,10034.90453,40.0,347449.1534525745,0.0,189712.34789269435,537161.5013452689,347516.0948209082,0.0,190266.6899223,537782.7847432082
699,10033.303,0.0,0.0,0.0,10033.303,40.0,347449.1534525745,0.0,189712.34789269435,537161.5013452689,347516.0948209082,0.0,190266.6899223,537782.7847432082
700,10031.70146,0.0,0.788582475760532,0.0,10032.490042475762,40.6939525786693,347449.1534525745,0.0,189712.34789269435,537161.5013452689,347516.0948209082,0.0,190266.6899223,537782.7847432082
701,10029.98782,0.0,362.847781160604,0.0,10392.835601160605,360.0,347449.1534525745,0.0,189712.34789269435,537161.5013452689,347516.0948209082,0.0,190266.6899223,537782.7847432082
702,10027.9859,0.0,0.0,320.0,9707.9859,40.0,347449.1534525745,0.0,189712.34789269435,537161.5013452689,347516.0948209082,0.0,190266.6899223,537782.7847432082
703,10025.98398,0.007288,0.0,0.0,10025.976692,40.0,347449.1534525745,0.0,189712.34789269435,537161.5013452689,347516.0948209082,0.0,190266.6899223,537782.7847432082
704,10023.98206,0.019173,0.0,0.0,10023.962887,40.0,347449.1534525745,0.0,189712.34789269435,537161.5013452689,347516.0948209082,0.0,190266.6899223,537782.7847432082
705,10021.98014,0.028149,0.0,0.0,10021.951991,40.0,347449.1534525745,0.0,189712.34789269435,537161.5013452689,347516.0948209082,0.0,190266.6899223,537782.7847432082
706,10020.02932,0.036327,0.0,0.0,10019.992993,40.0,347449.1534525745,0.0,189712.34789269435,537161.5013452689,347516.0948209082,0.0,190266.6899223,537782.7847432082
707,10018.42779,0.04111,0.0,0.0,10018.38668,40.0,347449.1534525745,0.0,189712.34789269435,537161.5013452689,347516.0948209082,0.0,190266.6899223,537782.7847432082
708,10016.82625,0.041667,0.0,0.0,10016.784583,40.0,347449.1534525745,0.0,189712.34789269435,537161.5013452689,347516.0948209082,0.0,190266.6899223,537782.7847432082
709,10015.22471,0.039799,0.0,0.0,10015.184911,40.0,347449.1534525745,0.0,189712.34789269435,537161.5013452689,347516.0948209082,0.0,190266.6899223,537782.7847432082
710,10013.62318,0.034145,0.0,0.0,10013.589035,40.0,347449.1534525745,0.0,189712.34789269435,537161.5013452689,347516.0948209082,0.0,190266.6899223,537782.7847432082
711,10012.02164,0.019622,0.0,0.0,10012.002018000001,40.0,347449.1534525745,0.0,189712.34789269435,537161.5013452689,347516.0948209082,0.0,190266.6899223,537782.7847432082
712,10010.22486,0.0029860000000000004,363.636363636364,0.0,10373.858237636365,360.0,347449.1534525745,0.0,189712.34789269435,537161.5013452689,347516.0948209082,0.0,190266.6899223,537782.7847432082
713,10008.42313,0.000147,0.0,320.0,9688.422982999999,40.0,347449.1534525745,0.0,189712.34789269435,537161.5013452689,347516.0948209082,0.0,190266.6899223,537782.7847432082
714,10006.6214,0.0,0.0,0.0,10006.6214,40.0,347449.1534525745,0.0,189712.34789269435,537161.5013452689,347516.0948209082,0.0,190266.6899223,537782.7847432082
715,10004.81967,0.0,0.0,0.0,10004.81967,40.0,347449.1534525745,0.0,189712.34789269435,537161.5013452689,347516.0948209082,0.0,190266.6899223,537782.7847432082
716,10003.01795,0.0,0.0,0.0,10003.01795,40.0,347449.1534525745,0.0,189712.34789269435,537161.5013452689,347516.0948209082,0.0,190266.6899223,537782.7847432082
717,9998.086038,0.0,0.0,0.0,9998.086038,40.0,347449.1534525745,0.0,189712.34789269435,537161.5013452689,347516.0948209082,0.0,190266.6899223,537782.7847432082
718,9992.480661,0.0,0.0,0.0,9992.480661,40.0,347449.1534525745,0.0,189712.34789269435,537161.5013452689,347516.0948209082,0.0,190266.6899223,537782.7847432082
719,9986.875283,0.0,0.0,0.0,9986.875283,40.0,347449.1534525745,0.0,189712.34789269435,537161.5013452689,347516.0948209082,0.0,190266.6899223,537782.7847432082
720,9981.269906,0.0,0.0,0.0,9981.269906,40.0,347449.1534525745,0.0,189712.34789269435,537161.5013452689,347516.0948209082,0.0,190266.6899223,537782.7847432082
721,9975.664529,0.0,0.0,0.0,9975.664529,40.0,347449.1534525745,0.0,189712.34789269435,537161.5013452689,347516.0948209082,0.0,190266.6899223,537782.7847432082
722,9968.850934,0.0,0.0,0.0,9968.850934,40.0,347449.1534525745,0.0,189712.34789269435,537161.5013452689,347516.0948209082,0.0,190266.6899223,537782.7847432082
723,9961.443828,0.0,0.0,0.0,9961.443828,40.0,347449.1534525745,0.0,189712.34789269435,537161.5013452689,347516.0948209082,0.0,190266.6899223,537782.7847432082
724,9954.036722,0.0,0.0,0.0,9954.036722,40.0,347449.1534525745,0.0,189712.34789269435,537161.5013452689,347516.0948209082,0.0,190266.6899223,537782.7847432082
725,9946.629617,0.0,363.636363636364,0.0,10310.265980636364,360.0,347449.1534525745,0.0,189712.34789269435,537161.5013452689,347516.0948209082,0.0,190266.6899223,537782.7847432082
726,9939.222511,0.0,0.0,320.0,9619.222511,40.0,347449.1534525745,0.0,189712.34789269435,537161.5013452689,347516.0948209082,0.0,190266.6899223,537782.7847432082
727,9932.230392,0.000264,0.0,0.0,9932.230128,40.0,347449.1534525745,0.0,189712.34789269435,537161.5013452689,347516.0948209082,0.0,190266.6899223,537782.7847432082
728,9925.624054,0.00466,0.0,0.0,9925.619394,40.0,347449.1534525745,0.0,189712.34789269435,537161.5013452689,347516.0948209082,0.0,190266.6899223,537782.7847432082
729,9919.017717,0.008043,0.0,0.0,9919.009674,40.0,347449.1534525745,0.0,189712.34789269435,537161.5013452689,347516.0948209082,0.0,190266.6899223,537782.7847432082
730,9912.411379,0.016314000000000002,0.0,0.0,9912.395064999999,40.0,347449.1534525745,0.0,189712.34789269435,537161.5013452689,347516.0948209082,0.0,190266.6899223,537782.7847432082
731,9905.805042,0.016906,0.0,0.0,9905.788136,40.0,347449.1534525745,0.0,189712.34789269435,537161.5013452689,347516.0948209082,0.0,190266.6899223,537782.7847432082
732,9899.271951,0.031246,0.0,0.0,9899.240705,40.0,347449.1534525745,0.0,189712.34789269435,537161.5013452689,347516.0948209082,0.0,190266.6899223,537782.7847432082
733,9892.865806,0.035315,0.0,0.0,9892.830491,40.0,347449.1534525745,0.0,189712.34789269435,537161.5013452689,347516.0948209082,0.0,190266.6899223,537782.7847432082
734,9886.45966,0.031333,0.0,0.0,9886.428327,40.0,347449.1534525745,0.0,189712.34789269435,537161.5013452689,347516.0948209082,0.0,190266.6899223,537782.7847432082
735,9880.053515,0.016754,0.0,0.0,9880.036761,40.0,347449.1534525745,0.0,189712.34789269435,537161.5013452689,347516.0948209082,0.0,190266.6899223,537782.7847432082
736,9873.64737,0.010798,363.636363636364,0.0,10237.272935636365,360.0,347449.1534525745,0.0,189712.34789269435,537161.5013452689,347516.0948209082,0.0,190266.6899223,537782.7847432082
737,9867.070237,0.001238,0.0,320.0,9547.068999,40.0,347449.1534525745,0.0,189712.34789269435,537161.5013452689,347516.0948209082,0.0,190266.6899223,537782.7847432082
738,9859.863323,0.0,0.0,0.0,9859.863323,40.0,347449.1534525745,0.0,189712.34789269435,537161.5013452689,347516.0948209082,0.0,190266.6899223,537782.7847432082
739,9852.656409,0.0,0.0,0.0,9852.656409,40.0,347449.1534525745,0.0,189712.34789269435,537161.5013452689,347516.0948209082,0.0,190266.6899223,537782.7847432082
740,9845.449496,0.0,0.0,0.0,9845.449496,40.0,347449.1534525745,0.0,189712.34789269435,537161.5013452689,347516.0948209082,0.0,190266.6899223,537782.7847432082
741,9838.242582,0.0,181.818181818182,0.0,10020.060763818183,200.0,347449.1534525745,0.0,189712.34789269435,537161.5013452689,347516.0948209082,0.0,190266.6899223,537782.7847432082
742,9831.011174,0.0,0.0,0.0,9831.011174,200.0,347449.1534525745,0.0,189712.34789269435,537161.5013452689,347516.0948209082,0.0,190266.6899223,537782.7847432082
743,9823.403877,0.0,0.0,0.0,9823.403877,200.0,347449.1534525745,0.0,189712.34789269435,537161.5013452689,347516.0948209082,0.0,190266.6899223,537782.7847432082
