time,Pload,Ppv,Pcharge,Pdischarge,Ptotal,state of charge,energy_charge_with_es,nem_charge_with_es,demand_charge_with_es,total_bill_with_es,energy_charge_without_es,nem_charge_without_es,demand_charge_without_es,total_bill_without_es
0,10234.29263,0.0,0.0,0.0,10234.29263,400.0,390163.065489295,0.0,252864.2176844028,643027.2831736978,390494.828069131,0.0,254308.52987792,644803.3579470511
1,10234.89321,0.0,0.0,0.0,10234.89321,400.0,390163.065489295,0.0,252864.2176844028,643027.2831736978,390494.828069131,0.0,254308.52987792,644803.3579470511
2,10235.49378,0.0,0.0,0.0,10235.49378,400.0,390163.065489295,0.0,252864.2176844028,643027.2831736978,390494.828069131,0.0,254308.52987792,644803.3579470511
3,10235.99921,0.0,0.0,0.0,10235.99921,400.0,390163.065489295,0.0,252864.2176844028,643027.2831736978,390494.828069131,0.0,254308.52987792,644803.3579470511
4,10236.39959,0.0,0.0,0.0,10236.39959,400.0,390163.065489295,0.0,252864.2176844028,643027.2831736978,390494.828069131,0.0,254308.52987792,644803.3579470511
5,10236.79998,0.0004930000000000001,0.0,0.0,10236.799487,400.0,390163.065489295,0.0,252864.2176844028,643027.2831736978,390494.828069131,0.0,254308.52987792,644803.3579470511
6,10237.20036,0.0028130000000000004,0.0,0.0,10237.197547000002,400.0,390163.065489295,0.0,252864.2176844028,643027.2831736978,390494.828069131,0.0,254308.52987792,644803.3579470511
7,10237.60075,0.008452,0.0,0.0,10237.592298,400.0,390163.065489295,0.0,252864.2176844028,643027.2831736978,390494.828069131,0.0,254308.52987792,644803.3579470511
8,10237.87183,0.018836,0.0,0.0,10237.852994,400.0,390163.065489295,0.0,252864.2176844028,643027.2831736978,390494.828069131,0.0,254308.52987792,644803.3579470511
9,10237.87183,0.025787,100.0,0.0,10337.846043,488.0,390163.065489295,0.0,252864.2176844028,643027.2831736978,390494.828069131,0.0,254308.52987792,644803.3579470511
10,10237.87183,0.031117000000000002,100.0,0.0,10337.840713,576.0,390163.065489295,0.0,252864.2176844028,643027.2831736978,390494.828069131,0.0,254308.52987792,644803.3579470511
11,10237.87183,0.033315,100.0,0.0,10337.838515,664.0,390163.065489295,0.0,252864.2176844028,643027.2831736978,390494.828069131,0.0,254308.52987792,644803.3579470511
12,10237.87183,0.035055,63.6363636363636,0.0,10301.473138636364,720.0,390163.065489295,0.0,252864.2176844028,643027.2831736978,390494.828069131,0.0,254308.52987792,644803.3579470511
13,10237.76938,0.033131,0.0,100.0,10137.736249,620.0,390163.065489295,0.0,252864.2176844028,643027.2831736978,390494.828069131,0.0,254308.52987792,644803.3579470511
14,10237.1688,0.026837,0.0,100.0,10137.141963,520.0,390163.065489295,0.0,252864.2176844028,643027.2831736978,390494.828069131,0.0,254308.52987792,644803.3579470511
15,10236.56823,0.023827,0.0,100.0,10136.544403,420.0,390163.065489295,0.0,252864.2176844028,643027.2831736978,390494.828069131,0.0,254308.52987792,644803.3579470511
16,10235.96765,0.013949999999999999,0.0,100.0,10135.9537,320.0,390163.065489295,0.0,252864.2176844028,643027.2831736978,390494.828069131,0.0,254308.52987792,644803.3579470511
17,10235.36707,0.0062510000000000005,0.0,100.0,10135.360819,220.0,390163.065489295,0.0,252864.2176844028,643027.2831736978,390494.828069131,0.0,254308.52987792,644803.3579470511
18,10234.7592,0.00084,0.0,100.0,10134.75836,120.0,390163.065489295,0.0,252864.2176844028,643027.2831736978,390494.828069131,0.0,254308.52987792,644803.3579470511
19,10233.75824,0.0,0.0,40.0,10193.75824,80.0,390163.065489295,0.0,252864.2176844028,643027.2831736978,390494.828069131,0.0,254308.52987792,644803.3579470511
20,10232.75728,0.0,0.0,0.0,10232.75728,80.0,390163.065489295,0.0,252864.2176844028,643027.2831736978,390494.828069131,0.0,254308.52987792,644803.3579470511
21,10231.75632,0.0,0.0,0.0,10231.75632,80.0,390163.065489295,0.0,252864.2176844028,643027.2831736978,390494.828069131,0.0,254308.52987792,644803.3579470511
22,10230.75536,0.0,100.0,0.0,10330.75536,168.0,390163.065489295,0.0,252864.2176844028,643027.2831736978,390494.828069131,0.0,254308.52987792,644803.3579470511
23,10229.7544,0.0,27.2727272727273,0.0,10257.027127272728,192.0,390163.065489295,0.0,252864.2176844028,643027.2831736978,390494.828069131,0.0,254308.52987792,644803.3579470511
24,10228.75343,0.0,0.0,0.0,10228.75343,192.0,390163.065489295,0.0,252864.2176844028,643027.2831736978,390494.828069131,0.0,254308.52987792,644803.3579470511
25,10227.75247,0.0,0.0,0.0,10227.75247,192.0,390163.065489295,0.0,252864.2176844028,643027.2831736978,390494.828069131,0.0,254308.52987792,644803.3579470511
26,10226.75151,0.0,0.0,0.0,10226.75151,192.0,390163.065489295,0.0,252864.2176844028,643027.2831736978,390494.828069131,0.0,254308.52987792,644803.3579470511
27,10225.75055,0.0,0.0,0.0,10225.75055,192.0,390163.065489295,0.0,252864.2176844028,643027.2831736978,390494.828069131,0.0,254308.52987792,644803.3579470511
28,10224.74959,0.0,0.0,0.0,10224.74959,192.0,390163.065489295,0.0,252864.2176844028,643027.2831736978,390494.828069131,0.0,254308.52987792,644803.3579470511
29,10223.89148,0.00028599999999999996,0.0,0.0,10223.891194,192.0,390163.065489295,0.0,252864.2176844028,643027.2831736978,390494.828069131,0.0,254308.52987792,644803.3579470511
30,10223.09071,0.001879,0.0,0.0,10223.088831000001,192.0,390163.065489295,0.0,252864.2176844028,643027.2831736978,390494.828069131,0.0,254308.52987792,644803.3579470511
31,10222.28994,0.011164,100.0,0.0,10322.278776000001,280.0,390163.065489295,0.0,252864.2176844028,643027.2831736978,390494.828069131,0.0,254308.52987792,644803.3579470511
32,10221.48917,0.021277,100.0,0.0,10321.467893000001,368.0,390163.065489295,0.0,252864.2176844028,643027.2831736978,390494.828069131,0.0,254308.52987792,644803.3579470511
33,10220.6884,0.02847,100.0,0.0,10320.65993,456.0,390163.065489295,0.0,252864.2176844028,643027.2831736978,390494.828069131,0.0,254308.52987792,644803.3579470511
34,10219.88764,0.032609,100.0,0.0,10319.855031000001,544.0,390163.065489295,0.0,252864.2176844028,643027.2831736978,390494.828069131,0.0,254308.52987792,644803.3579470511
35,10219.08687,0.036491,100.0,0.0,10319.050378999998,632.0,390163.065489295,0.0,252864.2176844028,643027.2831736978,390494.828069131,0.0,254308.52987792,644803.3579470511
36,10218.2861,0.037231,100.0,0.0,10318.248869,720.0,390163.065489295,0.0,252864.2176844028,643027.2831736978,390494.828069131,0.0,254308.52987792,644803.3579470511
37,10217.48533,0.035156,0.0,100.0,10117.450174,620.0,390163.065489295,0.0,252864.2176844028,643027.2831736978,390494.828069131,0.0,254308.52987792,644803.3579470511
38,10216.68456,0.029293,0.0,100.0,10116.655267,520.0,390163.065489295,0.0,252864.2176844028,643027.2831736978,390494.828069131,0.0,254308.52987792,644803.3579470511
39,10215.88379,0.020902,0.0,100.0,10115.862888,420.0,390163.065489295,0.0,252864.2176844028,643027.2831736978,390494.828069131,0.0,254308.52987792,644803.3579470511
40,10215.08303,0.011148,0.0,100.0,10115.071882,320.0,390163.065489295,0.0,252864.2176844028,643027.2831736978,390494.828069131,0.0,254308.52987792,644803.3579470511
41,10214.28226,0.005618000000000001,0.0,100.0,10114.276642,220.0,390163.065489295,0.0,252864.2176844028,643027.2831736978,390494.828069131,0.0,254308.52987792,644803.3579470511
42,10213.48149,0.001184,0.0,100.0,10113.480306,120.0,390163.065489295,0.0,252864.2176844028,643027.2831736978,390494.828069131,0.0,254308.52987792,644803.3579470511
43,10212.68072,0.0,0.0,40.0,10172.68072,80.0,390163.065489295,0.0,252864.2176844028,643027.2831736978,390494.828069131,0.0,254308.52987792,644803.3579470511
44,10211.82861,0.0,0.0,0.0,10211.82861,80.0,390163.065489295,0.0,252864.2176844028,643027.2831736978,390494.828069131,0.0,254308.52987792,644803.3579470511
45,10210.82765,0.0,0.0,0.0,10210.82765,80.0,390163.065489295,0.0,252864.2176844028,643027.2831736978,390494.828069131,0.0,254308.52987792,644803.3579470511
46,10209.82669,0.0,0.0,0.0,10209.82669,80.0,390163.065489295,0.0,252864.2176844028,643027.2831736978,390494.828069131,0.0,254308.52987792,644803.3579470511
47,10208.82573,0.0,0.0,0.0,10208.82573,80.0,390163.065489295,0.0,252864.2176844028,643027.2831736978,390494.828069131,0.0,254308.52987792,644803.3579470511
48,10207.82477,0.0,0.0,0.0,10207.82477,80.0,390163.065489295,0.0,252864.2176844028,643027.2831736978,390494.828069131,0.0,254308.52987792,644803.3579470511
49,10206.88634,0.0,0.0,0.0,10206.88634,80.0,390163.065489295,0.0,252864.2176844028,643027.2831736978,390494.828069131,0.0,254308.52987792,644803.3579470511
50,10206.48596,0.0,0.0,0.0,10206.48596,80.0,390163.065489295,0.0,252864.2176844028,643027.2831736978,390494.828069131,0.0,254308.52987792,644803.3579470511
51,10206.08557,0.0,0.0,0.0,10206.08557,80.0,390163.065489295,0.0,252864.2176844028,643027.2831736978,390494.828069131,0.0,254308.52987792,644803.3579470511
52,10205.68519,0.0,0.0,0.0,10205.68519,80.0,390163.065489295,0.0,252864.2176844028,643027.2831736978,390494.828069131,0.0,254308.52987792,644803.3579470511
53,10205.2848,0.000292,0.0,0.0,10205.284507999999,80.0,390163.065489295,0.0,252864.2176844028,643027.2831736978,390494.828069131,0.0,254308.52987792,644803.3579470511
54,10204.88442,0.001848,0.0,0.0,10204.882572,80.0,390163.065489295,0.0,252864.2176844028,643027.2831736978,390494.828069131,0.0,254308.52987792,644803.3579470511
55,10203.91243,0.011095,0.0,0.0,10203.901335,80.0,390163.065489295,0.0,252864.2176844028,643027.2831736978,390494.828069131,0.0,254308.52987792,644803.3579470511
56,10202.91147,0.020975,0.0,0.0,10202.890495,80.0,390163.065489295,0.0,252864.2176844028,643027.2831736978,390494.828069131,0.0,254308.52987792,644803.3579470511
57,10201.91051,0.028022,0.0,0.0,10201.882488,80.0,390163.065489295,0.0,252864.2176844028,643027.2831736978,390494.828069131,0.0,254308.52987792,644803.3579470511
58,10200.90955,0.033395,0.0,0.0,10200.876155,80.0,390163.065489295,0.0,252864.2176844028,643027.2831736978,390494.828069131,0.0,254308.52987792,644803.3579470511
59,10199.90859,0.035994,0.0,0.0,10199.872596,80.0,390163.065489295,0.0,252864.2176844028,643027.2831736978,390494.828069131,0.0,254308.52987792,644803.3579470511
60,10198.74759,0.033243,0.0,0.0,10198.714347000001,80.0,390163.065489295,0.0,252864.2176844028,643027.2831736978,390494.828069131,0.0,254308.52987792,644803.3579470511
61,10197.54644,0.033053,0.0,0.0,10197.513387,80.0,390163.065489295,0.0,252864.2176844028,643027.2831736978,390494.828069131,0.0,254308.52987792,644803.3579470511
62,10196.34529,0.027038,0.0,0.0,10196.318252,80.0,390163.065489295,0.0,252864.2176844028,643027.2831736978,390494.828069131,0.0,254308.52987792,644803.3579470511
63,10195.14413,0.02119,0.0,0.0,10195.122940000001,80.0,390163.065489295,0.0,252864.2176844028,643027.2831736978,390494.828069131,0.0,254308.52987792,644803.3579470511
64,10193.94298,0.010082,0.0,0.0,10193.932898,80.0,390163.065489295,0.0,252864.2176844028,643027.2831736978,390494.828069131,0.0,254308.52987792,644803.3579470511
65,10192.74183,0.004939,0.0,0.0,10192.736891,80.0,390163.065489295,0.0,252864.2176844028,643027.2831736978,390494.828069131,0.0,254308.52987792,644803.3579470511
66,10191.54068,0.000537,0.0,0.0,10191.540143,80.0,390163.065489295,0.0,252864.2176844028,643027.2831736978,390494.828069131,0.0,254308.52987792,644803.3579470511
67,10190.33953,0.0,0.0,0.0,10190.33953,80.0,390163.065489295,0.0,252864.2176844028,643027.2831736978,390494.828069131,0.0,254308.52987792,644803.3579470511
68,10189.13837,0.0,0.0,0.0,10189.13837,80.0,390163.065489295,0.0,252864.2176844028,643027.2831736978,390494.828069131,0.0,254308.52987792,644803.3579470511
69,10187.93722,0.0,0.0,0.0,10187.93722,80.0,390163.065489295,0.0,252864.2176844028,643027.2831736978,390494.828069131,0.0,254308.52987792,644803.3579470511
70,10186.8351,0.0,0.0,0.0,10186.8351,80.0,390163.065489295,0.0,252864.2176844028,643027.2831736978,390494.828069131,0.0,254308.52987792,644803.3579470511
71,10185.83414,0.0,0.0,0.0,10185.83414,80.0,390163.065489295,0.0,252864.2176844028,643027.2831736978,390494.828069131,0.0,254308.52987792,644803.3579470511
72,10184.83318,0.0,0.0,0.0,10184.83318,80.0,390163.065489295,0.0,252864.2176844028,643027.2831736978,390494.828069131,0.0,254308.52987792,644803.3579470511
73,10183.83222,0.0,0.0,0.0,10183.83222,80.0,390163.065489295,0.0,252864.2176844028,643027.2831736978,390494.828069131,0.0,254308.52987792,644803.3579470511
74,10182.83126,0.0,0.0,0.0,10182.83126,80.0,390163.065489295,0.0,252864.2176844028,643027.2831736978,390494.828069131,0.0,254308.52987792,644803.3579470511
75,10181.69323,0.0,0.0,0.0,10181.69323,80.0,390163.065489295,0.0,252864.2176844028,643027.2831736978,390494.828069131,0.0,254308.52987792,644803.3579470511
76,10180.29189,0.0,0.0,0.0,10180.29189,80.0,390163.065489295,0.0,252864.2176844028,643027.2831736978,390494.828069131,0.0,254308.52987792,644803.3579470511
77,10178.89054,0.000433,0.0,0.0,10178.890107000001,80.0,390163.065489295,0.0,252864.2176844028,643027.2831736978,390494.828069131,0.0,254308.52987792,644803.3579470511
78,10177.4892,0.002144,0.0,0.0,10177.487056,80.0,390163.065489295,0.0,252864.2176844028,643027.2831736978,390494.828069131,0.0,254308.52987792,644803.3579470511
79,10176.08785,0.010935,0.0,0.0,10176.076915,80.0,390163.065489295,0.0,252864.2176844028,643027.2831736978,390494.828069131,0.0,254308.52987792,644803.3579470511
80,10174.80062,0.020632,0.0,0.0,10174.779988,80.0,390163.065489295,0.0,252864.2176844028,643027.2831736978,390494.828069131,0.0,254308.52987792,644803.3579470511
81,10173.99985,0.027864,0.0,0.0,10173.971986,80.0,390163.065489295,0.0,252864.2176844028,643027.2831736978,390494.828069131,0.0,254308.52987792,644803.3579470511
82,10173.19908,0.033561,0.0,0.0,10173.165519,80.0,390163.065489295,0.0,252864.2176844028,643027.2831736978,390494.828069131,0.0,254308.52987792,644803.3579470511
83,10172.39831,0.036294,0.0,0.0,10172.362016000001,80.0,390163.065489295,0.0,252864.2176844028,643027.2831736978,390494.828069131,0.0,254308.52987792,644803.3579470511
84,10171.59755,0.035840000000000004,0.0,0.0,10171.56171,80.0,390163.065489295,0.0,252864.2176844028,643027.2831736978,390494.828069131,0.0,254308.52987792,644803.3579470511
85,10170.78924,0.033685,0.0,0.0,10170.755555,80.0,390163.065489295,0.0,252864.2176844028,643027.2831736978,390494.828069131,0.0,254308.52987792,644803.3579470511
86,10169.78828,0.030132000000000003,0.0,0.0,10169.758148,80.0,390163.065489295,0.0,252864.2176844028,643027.2831736978,390494.828069131,0.0,254308.52987792,644803.3579470511
87,10168.78732,0.022633,0.0,0.0,10168.764686999999,80.0,390163.065489295,0.0,252864.2176844028,643027.2831736978,390494.828069131,0.0,254308.52987792,644803.3579470511
88,10167.78636,0.010837,0.0,0.0,10167.775523,80.0,390163.065489295,0.0,252864.2176844028,643027.2831736978,390494.828069131,0.0,254308.52987792,644803.3579470511
89,10166.7854,0.003174,0.0,0.0,10166.782226000001,80.0,390163.065489295,0.0,252864.2176844028,643027.2831736978,390494.828069131,0.0,254308.52987792,644803.3579470511
90,10165.78444,0.000471,0.0,0.0,10165.783969,80.0,390163.065489295,0.0,252864.2176844028,643027.2831736978,390494.828069131,0.0,254308.52987792,644803.3579470511
91,10164.96071,0.0,0.0,0.0,10164.96071,80.0,390163.065489295,0.0,252864.2176844028,643027.2831736978,390494.828069131,0.0,254308.52987792,644803.3579470511
92,10164.15994,0.0,0.0,0.0,10164.15994,80.0,390163.065489295,0.0,252864.2176844028,643027.2831736978,390494.828069131,0.0,254308.52987792,644803.3579470511
93,10163.35917,0.0,0.0,0.0,10163.35917,80.0,390163.065489295,0.0,252864.2176844028,643027.2831736978,390494.828069131,0.0,254308.52987792,644803.3579470511
94,10162.5584,0.0,100.0,0.0,10262.5584,168.0,390163.065489295,0.0,252864.2176844028,643027.2831736978,390494.828069131,0.0,254308.52987792,644803.3579470511
95,10161.75764,0.0,27.2727272727273,0.0,10189.030367272728,192.0,390163.065489295,0.0,252864.2176844028,643027.2831736978,390494.828069131,0.0,254308.52987792,644803.3579470511
96,10160.95687,0.0,0.0,0.0,10160.95687,192.0,390163.065489295,0.0,252864.2176844028,643027.2831736978,390494.828069131,0.0,254308.52987792,644803.3579470511
97,10160.1561,0.0,0.0,0.0,10160.1561,192.0,390163.065489295,0.0,252864.2176844028,643027.2831736978,390494.828069131,0.0,254308.52987792,644803.3579470511
98,10159.35533,0.0,0.0,0.0,10159.35533,192.0,390163.065489295,0.0,252864.2176844028,643027.2831736978,390494.828069131,0.0,254308.52987792,644803.3579470511
99,10158.55456,0.0,0.0,0.0,10158.55456,192.0,390163.065489295,0.0,252864.2176844028,643027.2831736978,390494.828069131,0.0,254308.52987792,644803.3579470511
100,10157.7538,0.0,0.0,0.0,10157.7538,192.0,390163.065489295,0.0,252864.2176844028,643027.2831736978,390494.828069131,0.0,254308.52987792,644803.3579470511
101,10157.18549,0.000601,0.0,0.0,10157.184889,192.0,390163.065489295,0.0,252864.2176844028,643027.2831736978,390494.828069131,0.0,254308.52987792,644803.3579470511
102,10156.7851,0.002431,0.0,0.0,10156.782668999998,192.0,390163.065489295,0.0,252864.2176844028,643027.2831736978,390494.828069131,0.0,254308.52987792,644803.3579470511
103,10156.38472,0.009548000000000001,100.0,0.0,10256.375172,280.0,390163.065489295,0.0,252864.2176844028,643027.2831736978,390494.828069131,0.0,254308.52987792,644803.3579470511
104,10155.98433,0.021543,100.0,0.0,10255.962786999999,368.0,390163.065489295,0.0,252864.2176844028,643027.2831736978,390494.828069131,0.0,254308.52987792,644803.3579470511
105,10155.58395,0.028174,100.0,0.0,10255.555776000001,456.0,390163.065489295,0.0,252864.2176844028,643027.2831736978,390494.828069131,0.0,254308.52987792,644803.3579470511
106,10155.44075,0.033194,100.0,0.0,10255.407556,544.0,390163.065489295,0.0,252864.2176844028,643027.2831736978,390494.828069131,0.0,254308.52987792,644803.3579470511
107,10155.64095,0.031412,100.0,0.0,10255.609538,632.0,390163.065489295,0.0,252864.2176844028,643027.2831736978,390494.828069131,0.0,254308.52987792,644803.3579470511
108,10155.84114,0.03356,100.0,0.0,10255.80758,720.0,390163.065489295,0.0,252864.2176844028,643027.2831736978,390494.828069131,0.0,254308.52987792,644803.3579470511
109,10156.04133,0.031678000000000005,0.0,100.0,10056.009652,620.0,390163.065489295,0.0,252864.2176844028,643027.2831736978,390494.828069131,0.0,254308.52987792,644803.3579470511
110,10156.24152,0.024662,0.0,100.0,10056.216858,520.0,390163.065489295,0.0,252864.2176844028,643027.2831736978,390494.828069131,0.0,254308.52987792,644803.3579470511
111,10156.38648,0.022216000000000003,0.0,100.0,10056.364264,420.0,390163.065489295,0.0,252864.2176844028,643027.2831736978,390494.828069131,0.0,254308.52987792,644803.3579470511
112,10156.38648,0.012909,0.0,100.0,10056.373571,320.0,390163.065489295,0.0,252864.2176844028,643027.2831736978,390494.828069131,0.0,254308.52987792,644803.3579470511
113,10156.38648,0.005027,0.0,100.0,10056.381453,220.0,390163.065489295,0.0,252864.2176844028,643027.2831736978,390494.828069131,0.0,254308.52987792,644803.3579470511
114,10156.38648,0.001234,0.0,100.0,10056.385246,120.0,390163.065489295,0.0,252864.2176844028,643027.2831736978,390494.828069131,0.0,254308.52987792,644803.3579470511
115,10156.38648,0.0,0.0,40.0,10116.38648,80.0,390163.065489295,0.0,252864.2176844028,643027.2831736978,390494.828069131,0.0,254308.52987792,644803.3579470511
116,10156.41121,0.0,0.0,0.0,10156.41121,80.0,390163.065489295,0.0,252864.2176844028,643027.2831736978,390494.828069131,0.0,254308.52987792,644803.3579470511
117,10156.61141,0.0,0.0,0.0,10156.61141,80.0,390163.065489295,0.0,252864.2176844028,643027.2831736978,390494.828069131,0.0,254308.52987792,644803.3579470511
118,10156.8116,0.0,100.0,0.0,10256.8116,168.0,390163.065489295,0.0,252864.2176844028,643027.2831736978,390494.828069131,0.0,254308.52987792,644803.3579470511
119,10157.01179,0.0,27.2727272727273,0.0,10184.284517272728,192.0,390163.065489295,0.0,252864.2176844028,643027.2831736978,390494.828069131,0.0,254308.52987792,644803.3579470511
120,10157.21198,0.0,0.0,0.0,10157.21198,192.0,390163.065489295,0.0,252864.2176844028,643027.2831736978,390494.828069131,0.0,254308.52987792,644803.3579470511
121,10157.41217,0.0,0.0,0.0,10157.41217,192.0,390163.065489295,0.0,252864.2176844028,643027.2831736978,390494.828069131,0.0,254308.52987792,644803.3579470511
122,10157.61237,0.0,0.0,0.0,10157.61237,192.0,390163.065489295,0.0,252864.2176844028,643027.2831736978,390494.828069131,0.0,254308.52987792,644803.3579470511
123,10157.81256,0.0,0.0,0.0,10157.81256,192.0,390163.065489295,0.0,252864.2176844028,643027.2831736978,390494.828069131,0.0,254308.52987792,644803.3579470511
124,10158.01275,0.0,0.0,0.0,10158.01275,192.0,390163.065489295,0.0,252864.2176844028,643027.2831736978,390494.828069131,0.0,254308.52987792,644803.3579470511
125,10158.21294,0.000395,0.0,0.0,10158.212545,192.0,390163.065489295,0.0,252864.2176844028,643027.2831736978,390494.828069131,0.0,254308.52987792,644803.3579470511
126,10158.41313,0.002059,0.0,0.0,10158.411071,192.0,390163.065489295,0.0,252864.2176844028,643027.2831736978,390494.828069131,0.0,254308.52987792,644803.3579470511
127,10158.61333,0.010888,100.0,0.0,10258.602442,280.0,390163.065489295,0.0,252864.2176844028,643027.2831736978,390494.828069131,0.0,254308.52987792,644803.3579470511
128,10158.81352,0.019289,100.0,0.0,10258.794231,368.0,390163.065489295,0.0,252864.2176844028,643027.2831736978,390494.828069131,0.0,254308.52987792,644803.3579470511
129,10159.01371,0.027924,100.0,0.0,10258.985786,456.0,390163.065489295,0.0,252864.2176844028,643027.2831736978,390494.828069131,0.0,254308.52987792,644803.3579470511
130,10159.2139,0.030441,100.0,0.0,10259.183459,544.0,390163.065489295,0.0,252864.2176844028,643027.2831736978,390494.828069131,0.0,254308.52987792,644803.3579470511
131,10159.41409,0.031221000000000002,100.0,0.0,10259.382869000001,632.0,390163.065489295,0.0,252864.2176844028,643027.2831736978,390494.828069131,0.0,254308.52987792,644803.3579470511
132,10159.34744,0.031658,100.0,0.0,10259.315782,720.0,390163.065489295,0.0,252864.2176844028,643027.2831736978,390494.828069131,0.0,254308.52987792,644803.3579470511
133,10159.14725,0.029007,0.0,100.0,10059.118243,620.0,390163.065489295,0.0,252864.2176844028,643027.2831736978,390494.828069131,0.0,254308.52987792,644803.3579470511
134,10158.94706,0.022188,0.0,100.0,10058.924872,520.0,390163.065489295,0.0,252864.2176844028,643027.2831736978,390494.828069131,0.0,254308.52987792,644803.3579470511
135,10158.74687,0.01754,0.0,100.0,10058.72933,420.0,390163.065489295,0.0,252864.2176844028,643027.2831736978,390494.828069131,0.0,254308.52987792,644803.3579470511
136,10158.54667,0.013143,0.0,100.0,10058.533527,320.0,390163.065489295,0.0,252864.2176844028,643027.2831736978,390494.828069131,0.0,254308.52987792,644803.3579470511
137,10158.24356,0.006102000000000001,0.0,100.0,10058.237458000001,220.0,390163.065489295,0.0,252864.2176844028,643027.2831736978,390494.828069131,0.0,254308.52987792,644803.3579470511
138,10157.84318,0.001463,0.0,100.0,10057.841717,120.0,390163.065489295,0.0,252864.2176844028,643027.2831736978,390494.828069131,0.0,254308.52987792,644803.3579470511
139,10157.44279,0.0,0.0,40.0,10117.44279,80.0,390163.065489295,0.0,252864.2176844028,643027.2831736978,390494.828069131,0.0,254308.52987792,644803.3579470511
140,10157.04241,0.0,0.0,0.0,10157.04241,80.0,390163.065489295,0.0,252864.2176844028,643027.2831736978,390494.828069131,0.0,254308.52987792,644803.3579470511
141,10156.64202,0.0,0.0,0.0,10156.64202,80.0,390163.065489295,0.0,252864.2176844028,643027.2831736978,390494.828069131,0.0,254308.52987792,644803.3579470511
142,10156.31406,0.0,27.2727272727273,0.0,10183.586787272729,104.0,390163.065489295,0.0,252864.2176844028,643027.2831736978,390494.828069131,0.0,254308.52987792,644803.3579470511
143,10156.11387,0.0,0.0,0.0,10156.11387,104.0,390163.065489295,0.0,252864.2176844028,643027.2831736978,390494.828069131,0.0,254308.52987792,644803.3579470511
144,10155.91368,0.0,0.0,0.0,10155.91368,104.0,390163.065489295,0.0,252864.2176844028,643027.2831736978,390494.828069131,0.0,254308.52987792,644803.3579470511
145,10155.71349,0.0,0.0,0.0,10155.71349,104.0,390163.065489295,0.0,252864.2176844028,643027.2831736978,390494.828069131,0.0,254308.52987792,644803.3579470511
146,10155.51329,0.0,0.0,0.0,10155.51329,104.0,390163.065489295,0.0,252864.2176844028,643027.2831736978,390494.828069131,0.0,254308.52987792,644803.3579470511
147,10155.3131,0.0,0.0,0.0,10155.3131,104.0,390163.065489295,0.0,252864.2176844028,643027.2831736978,390494.828069131,0.0,254308.52987792,644803.3579470511
148,10155.11291,0.0,0.0,0.0,10155.11291,104.0,390163.065489295,0.0,252864.2176844028,643027.2831736978,390494.828069131,0.0,254308.52987792,644803.3579470511
149,10154.91272,0.000429,0.0,0.0,10154.912291,104.0,390163.065489295,0.0,252864.2176844028,643027.2831736978,390494.828069131,0.0,254308.52987792,644803.3579470511
150,10154.71252,0.002097,100.0,0.0,10254.710422999999,192.0,390163.065489295,0.0,252864.2176844028,643027.2831736978,390494.828069131,0.0,254308.52987792,644803.3579470511
151,10154.51233,0.011132999999999999,100.0,0.0,10254.501197,280.0,390163.065489295,0.0,252864.2176844028,643027.2831736978,390494.828069131,0.0,254308.52987792,644803.3579470511
152,10154.31214,0.01752,100.0,0.0,10254.29462,368.0,390163.065489295,0.0,252864.2176844028,643027.2831736978,390494.828069131,0.0,254308.52987792,644803.3579470511
153,10154.11195,0.026889,100.0,0.0,10254.085061,456.0,390163.065489295,0.0,252864.2176844028,643027.2831736978,390494.828069131,0.0,254308.52987792,644803.3579470511
154,10153.91176,0.031807,100.0,0.0,10253.879953000001,544.0,390163.065489295,0.0,252864.2176844028,643027.2831736978,390494.828069131,0.0,254308.52987792,644803.3579470511
155,10153.71156,0.034606000000000005,100.0,0.0,10253.676954,632.0,390163.065489295,0.0,252864.2176844028,643027.2831736978,390494.828069131,0.0,254308.52987792,644803.3579470511
156,10153.51137,0.037305,100.0,0.0,10253.474065,720.0,390163.065489295,0.0,252864.2176844028,643027.2831736978,390494.828069131,0.0,254308.52987792,644803.3579470511
157,10153.31118,0.033436,0.0,100.0,10053.277744,620.0,390163.065489295,0.0,252864.2176844028,643027.2831736978,390494.828069131,0.0,254308.52987792,644803.3579470511
158,10153.2921,0.023316,0.0,100.0,10053.268784,520.0,390163.065489295,0.0,252864.2176844028,643027.2831736978,390494.828069131,0.0,254308.52987792,644803.3579470511
159,10153.2921,0.02151,0.0,100.0,10053.27059,420.0,390163.065489295,0.0,252864.2176844028,643027.2831736978,390494.828069131,0.0,254308.52987792,644803.3579470511
160,10153.2921,0.012291,0.0,100.0,10053.279809000001,320.0,390163.065489295,0.0,252864.2176844028,643027.2831736978,390494.828069131,0.0,254308.52987792,644803.3579470511
161,10153.2921,0.004883,0.0,100.0,10053.287217000001,220.0,390163.065489295,0.0,252864.2176844028,643027.2831736978,390494.828069131,0.0,254308.52987792,644803.3579470511
162,10153.2921,0.001014,0.0,100.0,10053.291086000001,120.0,390163.065489295,0.0,252864.2176844028,643027.2831736978,390494.828069131,0.0,254308.52987792,644803.3579470511
163,10153.14149,0.0,0.0,40.0,10113.14149,80.0,390163.065489295,0.0,252864.2176844028,643027.2831736978,390494.828069131,0.0,254308.52987792,644803.3579470511
164,10152.9413,0.0,0.0,0.0,10152.9413,80.0,390163.065489295,0.0,252864.2176844028,643027.2831736978,390494.828069131,0.0,254308.52987792,644803.3579470511
165,10152.7411,0.0,0.0,0.0,10152.7411,80.0,390163.065489295,0.0,252864.2176844028,643027.2831736978,390494.828069131,0.0,254308.52987792,644803.3579470511
166,10152.54091,0.0,100.0,0.0,10252.54091,168.0,390163.065489295,0.0,252864.2176844028,643027.2831736978,390494.828069131,0.0,254308.52987792,644803.3579470511
167,10152.34072,0.0,27.2727272727273,0.0,10179.613447272728,192.0,390163.065489295,0.0,252864.2176844028,643027.2831736978,390494.828069131,0.0,254308.52987792,644803.3579470511
168,10152.86122,0.0,0.0,0.0,10152.86122,192.0,390163.065489295,0.0,252864.2176844028,643027.2831736978,390494.828069131,0.0,254308.52987792,644803.3579470511
169,10153.86218,0.0,0.0,0.0,10153.86218,192.0,390163.065489295,0.0,252864.2176844028,643027.2831736978,390494.828069131,0.0,254308.52987792,644803.3579470511
170,10154.86314,0.0,0.0,0.0,10154.86314,192.0,390163.065489295,0.0,252864.2176844028,643027.2831736978,390494.828069131,0.0,254308.52987792,644803.3579470511
171,10155.8641,0.0,0.0,0.0,10155.8641,192.0,390163.065489295,0.0,252864.2176844028,643027.2831736978,390494.828069131,0.0,254308.52987792,644803.3579470511
172,10156.86506,0.0,0.0,0.0,10156.86506,192.0,390163.065489295,0.0,252864.2176844028,643027.2831736978,390494.828069131,0.0,254308.52987792,644803.3579470511
173,10158.13487,0.0007,0.0,0.0,10158.13417,192.0,390163.065489295,0.0,252864.2176844028,643027.2831736978,390494.828069131,0.0,254308.52987792,644803.3579470511
174,10159.7364,0.003709,0.0,0.0,10159.732691,192.0,390163.065489295,0.0,252864.2176844028,643027.2831736978,390494.828069131,0.0,254308.52987792,644803.3579470511
175,10161.33794,0.011528,100.0,0.0,10261.326411999999,280.0,390163.065489295,0.0,252864.2176844028,643027.2831736978,390494.828069131,0.0,254308.52987792,644803.3579470511
176,10162.93948,0.019527000000000003,100.0,0.0,10262.919952999999,368.0,390163.065489295,0.0,252864.2176844028,643027.2831736978,390494.828069131,0.0,254308.52987792,644803.3579470511
177,10164.54101,0.027809,100.0,0.0,10264.513201000002,456.0,390163.065489295,0.0,252864.2176844028,643027.2831736978,390494.828069131,0.0,254308.52987792,644803.3579470511
178,10166.08343,0.033277,100.0,0.0,10266.050153,544.0,390163.065489295,0.0,252864.2176844028,643027.2831736978,390494.828069131,0.0,254308.52987792,644803.3579470511
179,10167.48478,0.034657,100.0,0.0,10267.450123,632.0,390163.065489295,0.0,252864.2176844028,643027.2831736978,390494.828069131,0.0,254308.52987792,644803.3579470511
180,10168.88612,0.03458,100.0,0.0,10268.85154,720.0,390163.065489295,0.0,252864.2176844028,643027.2831736978,390494.828069131,0.0,254308.52987792,644803.3579470511
181,10170.28747,0.03215,0.0,100.0,10070.25532,620.0,390163.065489295,0.0,252864.2176844028,643027.2831736978,390494.828069131,0.0,254308.52987792,644803.3579470511
182,10171.68881,0.024707,0.0,100.0,10071.664103,520.0,390163.065489295,0.0,252864.2176844028,643027.2831736978,390494.828069131,0.0,254308.52987792,644803.3579470511
183,10173.09015,0.021693,0.0,100.0,10073.068457,420.0,390163.065489295,0.0,252864.2176844028,643027.2831736978,390494.828069131,0.0,254308.52987792,644803.3579470511
184,10174.4915,0.012776000000000001,0.0,100.0,10074.478724,320.0,390163.065489295,0.0,252864.2176844028,643027.2831736978,390494.828069131,0.0,254308.52987792,644803.3579470511
185,10175.89284,0.006158,0.0,100.0,10075.886682,220.0,390163.065489295,0.0,252864.2176844028,643027.2831736978,390494.828069131,0.0,254308.52987792,644803.3579470511
186,10177.29419,0.0007059999999999999,0.0,100.0,10077.293484,120.0,390163.065489295,0.0,252864.2176844028,643027.2831736978,390494.828069131,0.0,254308.52987792,644803.3579470511
187,10178.69553,0.0,0.0,40.0,10138.69553,80.0,390163.065489295,0.0,252864.2176844028,643027.2831736978,390494.828069131,0.0,254308.52987792,644803.3579470511
188,10180.09688,0.0,0.0,0.0,10180.09688,80.0,390163.065489295,0.0,252864.2176844028,643027.2831736978,390494.828069131,0.0,254308.52987792,644803.3579470511
189,10181.69653,0.0,0.0,0.0,10181.69653,80.0,390163.065489295,0.0,252864.2176844028,643027.2831736978,390494.828069131,0.0,254308.52987792,644803.3579470511
190,10183.29806,0.0,100.0,0.0,10283.29806,168.0,390163.065489295,0.0,252864.2176844028,643027.2831736978,390494.828069131,0.0,254308.52987792,644803.3579470511
191,10184.8996,0.0,27.2727272727273,0.0,10212.172327272729,192.0,390163.065489295,0.0,252864.2176844028,643027.2831736978,390494.828069131,0.0,254308.52987792,644803.3579470511
192,10186.50114,0.0,0.0,0.0,10186.50114,192.0,390163.065489295,0.0,252864.2176844028,643027.2831736978,390494.828069131,0.0,254308.52987792,644803.3579470511
193,10188.10267,0.0,0.0,0.0,10188.10267,192.0,390163.065489295,0.0,252864.2176844028,643027.2831736978,390494.828069131,0.0,254308.52987792,644803.3579470511
194,10190.03983,0.0,0.0,0.0,10190.03983,192.0,390163.065489295,0.0,252864.2176844028,643027.2831736978,390494.828069131,0.0,254308.52987792,644803.3579470511
195,10192.04175,0.0,0.0,0.0,10192.04175,192.0,390163.065489295,0.0,252864.2176844028,643027.2831736978,390494.828069131,0.0,254308.52987792,644803.3579470511
196,10194.04367,0.0,0.0,0.0,10194.04367,192.0,390163.065489295,0.0,252864.2176844028,643027.2831736978,390494.828069131,0.0,254308.52987792,644803.3579470511
197,10196.04559,0.00041,0.0,0.0,10196.04518,192.0,390163.065489295,0.0,252864.2176844028,643027.2831736978,390494.828069131,0.0,254308.52987792,644803.3579470511
198,10198.04751,0.0031110000000000005,0.0,0.0,10198.044399,192.0,390163.065489295,0.0,252864.2176844028,643027.2831736978,390494.828069131,0.0,254308.52987792,644803.3579470511
199,10200.18674,0.010731000000000001,100.0,0.0,10300.176008999999,280.0,390163.065489295,0.0,252864.2176844028,643027.2831736978,390494.828069131,0.0,254308.52987792,644803.3579470511
200,10202.38885,0.017585,100.0,0.0,10302.371265,368.0,390163.065489295,0.0,252864.2176844028,643027.2831736978,390494.828069131,0.0,254308.52987792,644803.3579470511
201,10204.59096,0.028187,100.0,0.0,10304.562773,456.0,390163.065489295,0.0,252864.2176844028,643027.2831736978,390494.828069131,0.0,254308.52987792,644803.3579470511
202,10206.79307,0.031857,100.0,0.0,10306.761213,544.0,390163.065489295,0.0,252864.2176844028,643027.2831736978,390494.828069131,0.0,254308.52987792,644803.3579470511
203,10208.99519,0.035132,100.0,0.0,10308.960057999999,632.0,390163.065489295,0.0,252864.2176844028,643027.2831736978,390494.828069131,0.0,254308.52987792,644803.3579470511
204,10211.09049,0.035359,100.0,0.0,10311.055131000001,720.0,390163.065489295,0.0,252864.2176844028,643027.2831736978,390494.828069131,0.0,254308.52987792,644803.3579470511
205,10213.09241,0.031675999999999996,0.0,100.0,10113.060733999999,620.0,390163.065489295,0.0,252864.2176844028,643027.2831736978,390494.828069131,0.0,254308.52987792,644803.3579470511
206,10215.09433,0.026789,0.0,100.0,10115.067541,520.0,390163.065489295,0.0,252864.2176844028,643027.2831736978,390494.828069131,0.0,254308.52987792,644803.3579470511
207,10217.09625,0.023395,0.0,100.0,10117.072855,420.0,390163.065489295,0.0,252864.2176844028,643027.2831736978,390494.828069131,0.0,254308.52987792,644803.3579470511
208,10219.09817,0.014048,0.0,100.0,10119.084122,320.0,390163.065489295,0.0,252864.2176844028,643027.2831736978,390494.828069131,0.0,254308.52987792,644803.3579470511
209,10221.10009,0.005335,0.0,100.0,10121.094755,220.0,390163.065489295,0.0,252864.2176844028,643027.2831736978,390494.828069131,0.0,254308.52987792,644803.3579470511
210,10223.10201,0.001152,0.0,100.0,10123.100858,120.0,390163.065489295,0.0,252864.2176844028,643027.2831736978,390494.828069131,0.0,254308.52987792,644803.3579470511
211,10225.10393,0.0,0.0,40.0,10185.10393,80.0,390163.065489295,0.0,252864.2176844028,643027.2831736978,390494.828069131,0.0,254308.52987792,644803.3579470511
212,10227.10585,0.0,0.0,0.0,10227.10585,80.0,390163.065489295,0.0,252864.2176844028,643027.2831736978,390494.828069131,0.0,254308.52987792,644803.3579470511
213,10229.10777,0.0,0.0,0.0,10229.10777,80.0,390163.065489295,0.0,252864.2176844028,643027.2831736978,390494.828069131,0.0,254308.52987792,644803.3579470511
214,10231.1097,0.0,0.0,0.0,10231.1097,80.0,390163.065489295,0.0,252864.2176844028,643027.2831736978,390494.828069131,0.0,254308.52987792,644803.3579470511
215,10233.11162,0.0,0.0,0.0,10233.11162,80.0,390163.065489295,0.0,252864.2176844028,643027.2831736978,390494.828069131,0.0,254308.52987792,644803.3579470511
216,10235.11354,0.0,0.0,0.0,10235.11354,80.0,390163.065489295,0.0,252864.2176844028,643027.2831736978,390494.828069131,0.0,254308.52987792,644803.3579470511
217,10237.11546,0.0,0.0,0.0,10237.11546,80.0,390163.065489295,0.0,252864.2176844028,643027.2831736978,390494.828069131,0.0,254308.52987792,644803.3579470511
218,10239.11738,0.0,0.0,0.0,10239.11738,80.0,390163.065489295,0.0,252864.2176844028,643027.2831736978,390494.828069131,0.0,254308.52987792,644803.3579470511
219,10241.14992,0.0,0.0,0.0,10241.14992,80.0,390163.065489295,0.0,252864.2176844028,643027.2831736978,390494.828069131,0.0,254308.52987792,644803.3579470511
220,10243.55222,0.0,0.0,0.0,10243.55222,80.0,390163.065489295,0.0,252864.2176844028,643027.2831736978,390494.828069131,0.0,254308.52987792,644803.3579470511
221,10245.95452,0.00045700000000000005,0.0,0.0,10245.954063,80.0,390163.065489295,0.0,252864.2176844028,643027.2831736978,390494.828069131,0.0,254308.52987792,644803.3579470511
222,10248.35683,0.003088,0.0,0.0,10248.353742000001,80.0,390163.065489295,0.0,252864.2176844028,643027.2831736978,390494.828069131,0.0,254308.52987792,644803.3579470511
223,10250.75913,0.009987000000000001,0.0,0.0,10250.749143000001,80.0,390163.065489295,0.0,252864.2176844028,643027.2831736978,390494.828069131,0.0,254308.52987792,644803.3579470511
224,10253.16144,0.010676,0.0,0.0,10253.150764,80.0,390163.065489295,0.0,252864.2176844028,643027.2831736978,390494.828069131,0.0,254308.52987792,644803.3579470511
225,10255.74874,0.019856000000000002,0.0,0.0,10255.728884,80.0,390163.065489295,0.0,252864.2176844028,643027.2831736978,390494.828069131,0.0,254308.52987792,644803.3579470511
226,10258.35124,0.033229999999999996,0.0,0.0,10258.31801,80.0,390163.065489295,0.0,252864.2176844028,643027.2831736978,390494.828069131,0.0,254308.52987792,644803.3579470511
227,10260.95374,0.037427999999999996,0.0,0.0,10260.916312000001,80.0,390163.065489295,0.0,252864.2176844028,643027.2831736978,390494.828069131,0.0,254308.52987792,644803.3579470511
228,10263.55623,0.034333,0.0,0.0,10263.521897,80.0,390163.065489295,0.0,252864.2176844028,643027.2831736978,390494.828069131,0.0,254308.52987792,644803.3579470511
229,10266.15873,0.033981000000000004,0.0,0.0,10266.124748999999,80.0,390163.065489295,0.0,252864.2176844028,643027.2831736978,390494.828069131,0.0,254308.52987792,644803.3579470511
230,10268.76123,0.020559,0.0,0.0,10268.740671,80.0,390163.065489295,0.0,252864.2176844028,643027.2831736978,390494.828069131,0.0,254308.52987792,644803.3579470511
231,10271.36372,0.02146,0.0,0.0,10271.34226,80.0,390163.065489295,0.0,252864.2176844028,643027.2831736978,390494.828069131,0.0,254308.52987792,644803.3579470511
232,10273.96622,0.010571,0.0,0.0,10273.955649,80.0,390163.065489295,0.0,252864.2176844028,643027.2831736978,390494.828069131,0.0,254308.52987792,644803.3579470511
233,10276.56872,0.0028239999999999997,0.0,0.0,10276.565896,80.0,390163.065489295,0.0,252864.2176844028,643027.2831736978,390494.828069131,0.0,254308.52987792,644803.3579470511
234,10279.17121,0.0006640000000000001,0.0,0.0,10279.170546000001,80.0,390163.065489295,0.0,252864.2176844028,643027.2831736978,390494.828069131,0.0,254308.52987792,644803.3579470511
235,10282.14571,0.0,0.0,0.0,10282.14571,80.0,390163.065489295,0.0,252864.2176844028,643027.2831736978,390494.828069131,0.0,254308.52987792,644803.3579470511
236,10285.34879,0.0,0.0,0.0,10285.34879,80.0,390163.065489295,0.0,252864.2176844028,643027.2831736978,390494.828069131,0.0,254308.52987792,644803.3579470511
237,10288.55186,0.0,0.0,0.0,10288.55186,80.0,390163.065489295,0.0,252864.2176844028,643027.2831736978,390494.828069131,0.0,254308.52987792,644803.3579470511
238,10291.75493,0.0,0.0,0.0,10291.75493,80.0,390163.065489295,0.0,252864.2176844028,643027.2831736978,390494.828069131,0.0,254308.52987792,644803.3579470511
239,10294.958,0.0,0.0,0.0,10294.958,80.0,390163.065489295,0.0,252864.2176844028,643027.2831736978,390494.828069131,0.0,254308.52987792,644803.3579470511
240,10299.00259,0.0,0.0,0.0,10299.00259,80.0,390163.065489295,0.0,252864.2176844028,643027.2831736978,390494.828069131,0.0,254308.52987792,644803.3579470511
241,10304.00739,0.0,0.0,0.0,10304.00739,80.0,390163.065489295,0.0,252864.2176844028,643027.2831736978,390494.828069131,0.0,254308.52987792,644803.3579470511
242,10309.01219,0.0,0.0,0.0,10309.01219,80.0,390163.065489295,0.0,252864.2176844028,643027.2831736978,390494.828069131,0.0,254308.52987792,644803.3579470511
243,10314.01699,0.0,0.0,0.0,10314.01699,80.0,390163.065489295,0.0,252864.2176844028,643027.2831736978,390494.828069131,0.0,254308.52987792,644803.3579470511
244,10319.02179,0.0,0.0,0.0,10319.02179,80.0,390163.065489295,0.0,252864.2176844028,643027.2831736978,390494.828069131,0.0,254308.52987792,644803.3579470511
245,10323.71159,0.0005909999999999999,0.0,0.0,10323.710999,80.0,390163.065489295,0.0,252864.2176844028,643027.2831736978,390494.828069131,0.0,254308.52987792,644803.3579470511
246,10327.71543,0.0034100000000000003,0.0,0.0,10327.71202,80.0,390163.065489295,0.0,252864.2176844028,643027.2831736978,390494.828069131,0.0,254308.52987792,644803.3579470511
247,10331.71927,0.011169,0.0,0.0,10331.708101,80.0,390163.065489295,0.0,252864.2176844028,643027.2831736978,390494.828069131,0.0,254308.52987792,644803.3579470511
248,10335.72311,0.022154,0.0,0.0,10335.700956,80.0,390163.065489295,0.0,252864.2176844028,643027.2831736978,390494.828069131,0.0,254308.52987792,644803.3579470511
249,10339.72695,0.028788,0.0,0.0,10339.698162,80.0,390163.065489295,0.0,252864.2176844028,643027.2831736978,390494.828069131,0.0,254308.52987792,644803.3579470511
250,10343.7958,0.032791,0.0,0.0,10343.763009,80.0,390163.065489295,0.0,252864.2176844028,643027.2831736978,390494.828069131,0.0,254308.52987792,644803.3579470511
251,10348.20002,0.035958,0.0,0.0,10348.164062,80.0,390163.065489295,0.0,252864.2176844028,643027.2831736978,390494.828069131,0.0,254308.52987792,644803.3579470511
252,10352.60425,0.034989,0.0,0.0,10352.569261,80.0,390163.065489295,0.0,252864.2176844028,643027.2831736978,390494.828069131,0.0,254308.52987792,644803.3579470511
253,10357.00847,0.032813,0.0,0.0,10356.975657,80.0,390163.065489295,0.0,252864.2176844028,643027.2831736978,390494.828069131,0.0,254308.52987792,644803.3579470511
254,10361.4127,0.030678999999999998,0.0,0.0,10361.382021000001,80.0,390163.065489295,0.0,252864.2176844028,643027.2831736978,390494.828069131,0.0,254308.52987792,644803.3579470511
255,10365.81692,0.022165,0.0,0.0,10365.794754999999,80.0,390163.065489295,0.0,252864.2176844028,643027.2831736978,390494.828069131,0.0,254308.52987792,644803.3579470511
256,10370.22114,0.013198000000000001,0.0,0.0,10370.207942,80.0,390163.065489295,0.0,252864.2176844028,643027.2831736978,390494.828069131,0.0,254308.52987792,644803.3579470511
257,10374.62537,0.005202,0.0,0.0,10374.620168,80.0,390163.065489295,0.0,252864.2176844028,643027.2831736978,390494.828069131,0.0,254308.52987792,644803.3579470511
258,10379.02959,0.001105,0.0,0.0,10379.028485,80.0,390163.065489295,0.0,252864.2176844028,643027.2831736978,390494.828069131,0.0,254308.52987792,644803.3579470511
259,10383.43382,0.0,0.0,0.0,10383.43382,80.0,390163.065489295,0.0,252864.2176844028,643027.2831736978,390494.828069131,0.0,254308.52987792,644803.3579470511
260,10387.83804,0.0,0.0,0.0,10387.83804,80.0,390163.065489295,0.0,252864.2176844028,643027.2831736978,390494.828069131,0.0,254308.52987792,644803.3579470511
261,10392.24227,0.0,0.0,0.0,10392.24227,80.0,390163.065489295,0.0,252864.2176844028,643027.2831736978,390494.828069131,0.0,254308.52987792,644803.3579470511
262,10396.64649,0.0,100.0,0.0,10496.64649,168.0,390163.065489295,0.0,252864.2176844028,643027.2831736978,390494.828069131,0.0,254308.52987792,644803.3579470511
263,10401.05072,0.0,27.2727272727273,0.0,10428.323447272727,192.0,390163.065489295,0.0,252864.2176844028,643027.2831736978,390494.828069131,0.0,254308.52987792,644803.3579470511
264,10405.45494,0.0,0.0,0.0,10405.45494,192.0,390163.065489295,0.0,252864.2176844028,643027.2831736978,390494.828069131,0.0,254308.52987792,644803.3579470511
265,10409.85917,0.0,0.0,0.0,10409.85917,192.0,390163.065489295,0.0,252864.2176844028,643027.2831736978,390494.828069131,0.0,254308.52987792,644803.3579470511
266,10413.69862,0.0,0.0,0.0,10413.69862,192.0,390163.065489295,0.0,252864.2176844028,643027.2831736978,390494.828069131,0.0,254308.52987792,644803.3579470511
267,10417.30207,0.0,0.0,0.0,10417.30207,192.0,390163.065489295,0.0,252864.2176844028,643027.2831736978,390494.828069131,0.0,254308.52987792,644803.3579470511
268,10420.90553,0.0,0.0,0.0,10420.90553,192.0,390163.065489295,0.0,252864.2176844028,643027.2831736978,390494.828069131,0.0,254308.52987792,644803.3579470511
269,10424.50899,0.000576,0.0,0.0,10424.508414,192.0,390163.065489295,0.0,252864.2176844028,643027.2831736978,390494.828069131,0.0,254308.52987792,644803.3579470511
270,10428.11244,0.002639,0.0,0.0,10428.109801,192.0,390163.065489295,0.0,252864.2176844028,643027.2831736978,390494.828069131,0.0,254308.52987792,644803.3579470511
271,10431.7159,0.011052,100.0,0.0,10531.704848,280.0,390163.065489295,0.0,252864.2176844028,643027.2831736978,390494.828069131,0.0,254308.52987792,644803.3579470511
272,10435.31936,0.020964,100.0,0.0,10535.298396,368.0,390163.065489295,0.0,252864.2176844028,643027.2831736978,390494.828069131,0.0,254308.52987792,644803.3579470511
273,10438.92282,0.028635999999999998,100.0,0.0,10538.894184,456.0,390163.065489295,0.0,252864.2176844028,643027.2831736978,390494.828069131,0.0,254308.52987792,644803.3579470511
274,10442.52627,0.032653,100.0,0.0,10542.493617,544.0,390163.065489295,0.0,252864.2176844028,643027.2831736978,390494.828069131,0.0,254308.52987792,644803.3579470511
275,10446.12973,0.035405,100.0,0.0,10546.094325,632.0,390163.065489295,0.0,252864.2176844028,643027.2831736978,390494.828069131,0.0,254308.52987792,644803.3579470511
276,10449.81338,0.031289000000000004,100.0,0.0,10549.782091,720.0,390163.065489295,0.0,252864.2176844028,643027.2831736978,390494.828069131,0.0,254308.52987792,644803.3579470511
277,10453.61703,0.032135,0.0,100.0,10353.584895,620.0,390163.065489295,0.0,252864.2176844028,643027.2831736978,390494.828069131,0.0,254308.52987792,644803.3579470511
278,10457.42068,0.024988,0.0,100.0,10357.395692,520.0,390163.065489295,0.0,252864.2176844028,643027.2831736978,390494.828069131,0.0,254308.52987792,644803.3579470511
279,10461.22433,0.011358,0.0,100.0,10361.212972,420.0,390163.065489295,0.0,252864.2176844028,643027.2831736978,390494.828069131,0.0,254308.52987792,644803.3579470511
280,10465.02798,0.005299000000000001,0.0,100.0,10365.022681,320.0,390163.065489295,0.0,252864.2176844028,643027.2831736978,390494.828069131,0.0,254308.52987792,644803.3579470511
281,10468.83162,0.005195,0.0,100.0,10368.826425000001,220.0,390163.065489295,0.0,252864.2176844028,643027.2831736978,390494.828069131,0.0,254308.52987792,644803.3579470511
282,10472.63527,0.000574,0.0,100.0,10372.634696000001,120.0,390163.065489295,0.0,252864.2176844028,643027.2831736978,390494.828069131,0.0,254308.52987792,644803.3579470511
283,10476.43892,0.0,0.0,40.0,10436.43892,80.0,390163.065489295,0.0,252864.2176844028,643027.2831736978,390494.828069131,0.0,254308.52987792,644803.3579470511
284,10480.24257,0.0,0.0,0.0,10480.24257,80.0,390163.065489295,0.0,252864.2176844028,643027.2831736978,390494.828069131,0.0,254308.52987792,644803.3579470511
285,10484.04622,0.0,0.0,0.0,10484.04622,80.0,390163.065489295,0.0,252864.2176844028,643027.2831736978,390494.828069131,0.0,254308.52987792,644803.3579470511
286,10487.77309,0.0,100.0,0.0,10587.77309,168.0,390163.065489295,0.0,252864.2176844028,643027.2831736978,390494.828069131,0.0,254308.52987792,644803.3579470511
287,10490.77597,0.0,27.2727272727273,0.0,10518.048697272729,192.0,390163.065489295,0.0,252864.2176844028,643027.2831736978,390494.828069131,0.0,254308.52987792,644803.3579470511
288,10493.77885,0.0,0.0,0.0,10493.77885,192.0,390163.065489295,0.0,252864.2176844028,643027.2831736978,390494.828069131,0.0,254308.52987792,644803.3579470511
289,10496.78173,0.0,0.0,0.0,10496.78173,192.0,390163.065489295,0.0,252864.2176844028,643027.2831736978,390494.828069131,0.0,254308.52987792,644803.3579470511
290,10499.78461,0.0,0.0,0.0,10499.78461,192.0,390163.065489295,0.0,252864.2176844028,643027.2831736978,390494.828069131,0.0,254308.52987792,644803.3579470511
291,10502.78749,0.0,0.0,0.0,10502.78749,192.0,390163.065489295,0.0,252864.2176844028,643027.2831736978,390494.828069131,0.0,254308.52987792,644803.3579470511
292,10505.60149,0.0,0.0,0.0,10505.60149,192.0,390163.065489295,0.0,252864.2176844028,643027.2831736978,390494.828069131,0.0,254308.52987792,644803.3579470511
293,10508.40417,0.000386,0.0,0.0,10508.403784,192.0,390163.065489295,0.0,252864.2176844028,643027.2831736978,390494.828069131,0.0,254308.52987792,644803.3579470511
294,10511.20686,0.002594,0.0,0.0,10511.204266,192.0,390163.065489295,0.0,252864.2176844028,643027.2831736978,390494.828069131,0.0,254308.52987792,644803.3579470511
295,10514.00955,0.010749000000000002,100.0,0.0,10613.998801000002,280.0,390163.065489295,0.0,252864.2176844028,643027.2831736978,390494.828069131,0.0,254308.52987792,644803.3579470511
296,10516.81224,0.019675,100.0,0.0,10616.792565,368.0,390163.065489295,0.0,252864.2176844028,643027.2831736978,390494.828069131,0.0,254308.52987792,644803.3579470511
297,10520.24848,0.027353000000000002,100.0,0.0,10620.221127,456.0,390163.065489295,0.0,252864.2176844028,643027.2831736978,390494.828069131,0.0,254308.52987792,644803.3579470511
298,10523.85193,0.034003,100.0,0.0,10623.817927,544.0,390163.065489295,0.0,252864.2176844028,643027.2831736978,390494.828069131,0.0,254308.52987792,644803.3579470511
299,10527.45539,0.033858,100.0,0.0,10627.421531999998,632.0,390163.065489295,0.0,252864.2176844028,643027.2831736978,390494.828069131,0.0,254308.52987792,644803.3579470511
300,10531.05885,0.035363,100.0,0.0,10631.023486999999,720.0,390163.065489295,0.0,252864.2176844028,643027.2831736978,390494.828069131,0.0,254308.52987792,644803.3579470511
301,10534.66231,0.029555,0.0,100.0,10434.632755,620.0,390163.065489295,0.0,252864.2176844028,643027.2831736978,390494.828069131,0.0,254308.52987792,644803.3579470511
302,10538.64942,0.028347999999999998,0.0,100.0,10438.621072,520.0,390163.065489295,0.0,252864.2176844028,643027.2831736978,390494.828069131,0.0,254308.52987792,644803.3579470511
303,10542.85346,0.022015999999999997,0.0,100.0,10442.831444,420.0,390163.065489295,0.0,252864.2176844028,643027.2831736978,390494.828069131,0.0,254308.52987792,644803.3579470511
304,10547.05749,0.014247000000000001,0.0,100.0,10447.043243,320.0,390163.065489295,0.0,252864.2176844028,643027.2831736978,390494.828069131,0.0,254308.52987792,644803.3579470511
305,10551.26152,0.0053040000000000006,0.0,100.0,10451.256216,220.0,390163.065489295,0.0,252864.2176844028,643027.2831736978,390494.828069131,0.0,254308.52987792,644803.3579470511
306,10555.46556,0.001229,0.0,100.0,10455.464331000001,120.0,390163.065489295,0.0,252864.2176844028,643027.2831736978,390494.828069131,0.0,254308.52987792,644803.3579470511
307,10559.47481,0.0,0.0,40.0,10519.47481,80.0,390163.065489295,0.0,252864.2176844028,643027.2831736978,390494.828069131,0.0,254308.52987792,644803.3579470511
308,10563.27846,0.0,0.0,0.0,10563.27846,80.0,390163.065489295,0.0,252864.2176844028,643027.2831736978,390494.828069131,0.0,254308.52987792,644803.3579470511
309,10567.08211,0.0,0.0,0.0,10567.08211,80.0,390163.065489295,0.0,252864.2176844028,643027.2831736978,390494.828069131,0.0,254308.52987792,644803.3579470511
310,10570.88576,0.0,100.0,0.0,10670.88576,168.0,390163.065489295,0.0,252864.2176844028,643027.2831736978,390494.828069131,0.0,254308.52987792,644803.3579470511
311,10574.68941,0.0,27.2727272727273,0.0,10601.962137272729,192.0,390163.065489295,0.0,252864.2176844028,643027.2831736978,390494.828069131,0.0,254308.52987792,644803.3579470511
312,10578.29239,0.0,0.0,0.0,10578.29239,192.0,390163.065489295,0.0,252864.2176844028,643027.2831736978,390494.828069131,0.0,254308.52987792,644803.3579470511
313,10581.49547,0.0,0.0,0.0,10581.49547,192.0,390163.065489295,0.0,252864.2176844028,643027.2831736978,390494.828069131,0.0,254308.52987792,644803.3579470511
314,10584.69854,0.0,0.0,0.0,10584.69854,192.0,390163.065489295,0.0,252864.2176844028,643027.2831736978,390494.828069131,0.0,254308.52987792,644803.3579470511
315,10587.90161,0.0,0.0,0.0,10587.90161,192.0,390163.065489295,0.0,252864.2176844028,643027.2831736978,390494.828069131,0.0,254308.52987792,644803.3579470511
316,10591.10469,0.0,0.0,0.0,10591.10469,192.0,390163.065489295,0.0,252864.2176844028,643027.2831736978,390494.828069131,0.0,254308.52987792,644803.3579470511
317,10594.30776,0.00039700000000000005,0.0,0.0,10594.307363,192.0,390163.065489295,0.0,252864.2176844028,643027.2831736978,390494.828069131,0.0,254308.52987792,644803.3579470511
318,10597.51083,0.002645,0.0,0.0,10597.508184999999,192.0,390163.065489295,0.0,252864.2176844028,643027.2831736978,390494.828069131,0.0,254308.52987792,644803.3579470511
319,10600.7139,0.010775,100.0,0.0,10700.703125,280.0,390163.065489295,0.0,252864.2176844028,643027.2831736978,390494.828069131,0.0,254308.52987792,644803.3579470511
320,10603.91698,0.019954999999999997,100.0,0.0,10703.897025,368.0,390163.065489295,0.0,252864.2176844028,643027.2831736978,390494.828069131,0.0,254308.52987792,644803.3579470511
321,10607.12005,0.025825,100.0,0.0,10707.094224999999,456.0,390163.065489295,0.0,252864.2176844028,643027.2831736978,390494.828069131,0.0,254308.52987792,644803.3579470511
322,10610.30546,0.031625,100.0,0.0,10710.273835,544.0,390163.065489295,0.0,252864.2176844028,643027.2831736978,390494.828069131,0.0,254308.52987792,644803.3579470511
323,10612.90795,0.034426000000000005,100.0,0.0,10712.873524,632.0,390163.065489295,0.0,252864.2176844028,643027.2831736978,390494.828069131,0.0,254308.52987792,644803.3579470511
324,10615.51045,0.032393,100.0,0.0,10715.478057,720.0,390163.065489295,0.0,252864.2176844028,643027.2831736978,390494.828069131,0.0,254308.52987792,644803.3579470511
325,10618.11295,0.029568999999999998,0.0,100.0,10518.083381,620.0,390163.065489295,0.0,252864.2176844028,643027.2831736978,390494.828069131,0.0,254308.52987792,644803.3579470511
326,10620.71544,0.028417,0.0,100.0,10520.687023,520.0,390163.065489295,0.0,252864.2176844028,643027.2831736978,390494.828069131,0.0,254308.52987792,644803.3579470511
327,10623.31794,0.023249,0.0,100.0,10523.294691000001,420.0,390163.065489295,0.0,252864.2176844028,643027.2831736978,390494.828069131,0.0,254308.52987792,644803.3579470511
328,10625.74486,0.00864,0.0,100.0,10525.73622,320.0,390163.065489295,0.0,252864.2176844028,643027.2831736978,390494.828069131,0.0,254308.52987792,644803.3579470511
329,10628.14716,0.005671000000000001,0.0,100.0,10528.141489,220.0,390163.065489295,0.0,252864.2176844028,643027.2831736978,390494.828069131,0.0,254308.52987792,644803.3579470511
330,10630.54947,0.000939,0.0,100.0,10530.548531,120.000000000002,390163.065489295,0.0,252864.2176844028,643027.2831736978,390494.828069131,0.0,254308.52987792,644803.3579470511
331,10632.95177,0.0,0.0,1.34828999999809,10631.603480000002,118.651710000004,390163.065489295,0.0,252864.2176844028,643027.2831736978,390494.828069131,0.0,254308.52987792,644803.3579470511
332,10635.35408,0.0,0.0,38.6517100000037,10596.702369999995,80.0,390163.065489295,0.0,252864.2176844028,643027.2831736978,390494.828069131,0.0,254308.52987792,644803.3579470511
333,10637.6113,0.0,0.0,0.0,10637.6113,80.0,390163.065489295,0.0,252864.2176844028,643027.2831736978,390494.828069131,0.0,254308.52987792,644803.3579470511
334,10639.81341,0.0,0.0,0.0,10639.81341,80.0,390163.065489295,0.0,252864.2176844028,643027.2831736978,390494.828069131,0.0,254308.52987792,644803.3579470511
335,10642.01552,0.0,0.0,0.0,10642.01552,80.0,390163.065489295,0.0,252864.2176844028,643027.2831736978,390494.828069131,0.0,254308.52987792,644803.3579470511
336,10644.21764,0.0,0.0,0.0,10644.21764,80.0,390163.065489295,0.0,252864.2176844028,643027.2831736978,390494.828069131,0.0,254308.52987792,644803.3579470511
337,10646.41975,0.0,0.0,0.0,10646.41975,80.0,390163.065489295,0.0,252864.2176844028,643027.2831736978,390494.828069131,0.0,254308.52987792,644803.3579470511
338,10648.62186,0.0,0.0,0.0,10648.62186,80.0,390163.065489295,0.0,252864.2176844028,643027.2831736978,390494.828069131,0.0,254308.52987792,644803.3579470511
339,10650.82397,0.0,64.6690310653769,0.0,10715.493001065377,136.908747337532,390163.065489295,0.0,252864.2176844028,643027.2831736978,390494.828069131,0.0,254308.52987792,644803.3579470511
340,10653.02609,0.0,82.7848229119281,0.0,10735.810912911928,209.759391500028,390163.065489295,0.0,252864.2176844028,643027.2831736978,390494.828069131,0.0,254308.52987792,644803.3579470511
341,10655.2282,0.000222,80.5829349119285,0.0,10735.810912911928,280.672374222526,390163.065489295,0.0,252864.2176844028,643027.2831736978,390494.828069131,0.0,254308.52987792,644803.3579470511
342,10657.43031,0.002004,78.3826069119277,0.0,10735.810912911928,349.649068305022,390163.065489295,0.0,252864.2176844028,643027.2831736978,390494.828069131,0.0,254308.52987792,644803.3579470511
343,10659.71651,0.011442,76.1058449119282,0.0,10735.810912911928,416.622211827519,390163.065489295,0.0,252864.2176844028,643027.2831736978,390494.828069131,0.0,254308.52987792,644803.3579470511
344,10662.11881,0.020904,73.7130069119285,0.0,10735.810912911928,481.489657910016,390163.065489295,0.0,252864.2176844028,643027.2831736978,390494.828069131,0.0,254308.52987792,644803.3579470511
345,10664.52111,0.026566,71.3163689119283,0.0,10735.810912911928,544.248062552513,390163.065489295,0.0,252864.2176844028,643027.2831736978,390494.828069131,0.0,254308.52987792,644803.3579470511
346,10666.92342,0.031546,68.9190389119285,0.0,10735.810912911928,604.89681679501,390163.065489295,0.0,252864.2176844028,643027.2831736978,390494.828069131,0.0,254308.52987792,644803.3579470511
347,10669.32572,0.035116999999999995,66.5203099119262,0.0,10735.810912911928,663.434689517505,390163.065489295,0.0,252864.2176844028,643027.2831736978,390494.828069131,0.0,254308.52987792,644803.3579470511
348,10671.56729,0.035139000000000004,64.2787619119263,0.0,10735.810912911928,720.0,390163.065489295,0.0,252864.2176844028,643027.2831736978,390494.828069131,0.0,254308.52987792,644803.3579470511
349,10673.36901,0.032505000000000006,0.0,100.0,10573.336505000001,620.000000000041,390163.065489295,0.0,252864.2176844028,643027.2831736978,390494.828069131,0.0,254308.52987792,644803.3579470511
350,10675.17074,0.029825,0.0,100.0,10575.140915,520.000000000041,390163.065489295,0.0,252864.2176844028,643027.2831736978,390494.828069131,0.0,254308.52987792,644803.3579470511
351,10676.97247,0.022529,0.0,100.0,10576.949941,420.000000000041,390163.065489295,0.0,252864.2176844028,643027.2831736978,390494.828069131,0.0,254308.52987792,644803.3579470511
352,10678.7742,0.013686,0.0,62.0956700800012,10616.664843919998,357.90432992004,390163.065489295,0.0,252864.2176844028,643027.2831736978,390494.828069131,0.0,254308.52987792,644803.3579470511
353,10680.55285,0.0046440000000000006,0.0,48.9447259999979,10631.603480000002,308.959603920042,390163.065489295,0.0,252864.2176844028,643027.2831736978,390494.828069131,0.0,254308.52987792,644803.3579470511
354,10682.15438,0.000505,0.0,50.5503949999984,10631.603480000002,258.409208920044,390163.065489295,0.0,252864.2176844028,643027.2831736978,390494.828069131,0.0,254308.52987792,644803.3579470511
355,10683.75592,0.0,0.0,52.152439999998,10631.603480000002,206.256768920046,390163.065489295,0.0,252864.2176844028,643027.2831736978,390494.828069131,0.0,254308.52987792,644803.3579470511
356,10685.35746,0.0,0.0,53.7539799999977,10631.603480000002,152.502788920048,390163.065489295,0.0,252864.2176844028,643027.2831736978,390494.828069131,0.0,254308.52987792,644803.3579470511
357,10686.95899,0.0,48.8519229119283,0.0,10735.810912911928,195.492481082545,390163.065489295,0.0,252864.2176844028,643027.2831736978,390494.828069131,0.0,254308.52987792,644803.3579470511
358,10688.56053,0.0,47.2503829119269,0.0,10735.810912911928,237.072818045041,390163.065489295,0.0,252864.2176844028,643027.2831736978,390494.828069131,0.0,254308.52987792,644803.3579470511
359,10689.96929,0.0,45.8416229119284,0.0,10735.810912911928,277.413446207538,390163.065489295,0.0,252864.2176844028,643027.2831736978,390494.828069131,0.0,254308.52987792,644803.3579470511
360,10691.37064,0.0,44.4402729119283,0.0,10735.810912911928,316.520886370035,390163.065489295,0.0,252864.2176844028,643027.2831736978,390494.828069131,0.0,254308.52987792,644803.3579470511
361,10692.77198,0.0,43.038932911928,0.0,10735.810912911928,354.395147332531,390163.065489295,0.0,252864.2176844028,643027.2831736978,390494.828069131,0.0,254308.52987792,644803.3579470511
362,10694.17332,0.0,41.6375929119276,0.0,10735.810912911928,391.036229095028,390163.065489295,0.0,252864.2176844028,643027.2831736978,390494.828069131,0.0,254308.52987792,644803.3579470511
363,10695.57467,0.0,40.2362429119275,0.0,10735.810912911928,426.444122857524,390163.065489295,0.0,252864.2176844028,643027.2831736978,390494.828069131,0.0,254308.52987792,644803.3579470511
364,10696.97601,0.0,38.8349029119272,0.0,10735.810912911928,460.61883742002,390163.065489295,0.0,252864.2176844028,643027.2831736978,390494.828069131,0.0,254308.52987792,644803.3579470511
365,10698.37736,0.00022500000000000002,37.4337779119269,0.0,10735.810912911928,493.560561982515,390163.065489295,0.0,252864.2176844028,643027.2831736978,390494.828069131,0.0,254308.52987792,644803.3579470511
366,10699.7787,0.002819,36.0350319119261,0.0,10735.810912911928,525.27139006501,390163.065489295,0.0,252864.2176844028,643027.2831736978,390494.828069131,0.0,254308.52987792,644803.3579470511
367,10701.18005,0.011067,34.6419299119261,0.0,10735.810912911928,555.756288387505,390163.065489295,0.0,252864.2176844028,643027.2831736978,390494.828069131,0.0,254308.52987792,644803.3579470511
368,10702.58139,0.020489999999999998,33.2500129119289,0.0,10735.810912911928,585.016299750003,390163.065489295,0.0,252864.2176844028,643027.2831736978,390494.828069131,0.0,254308.52987792,644803.3579470511
369,10703.58741,0.028885,32.2523879119271,0.0,10735.810912911928,613.398401112499,390163.065489295,0.0,252864.2176844028,643027.2831736978,390494.828069131,0.0,254308.52987792,644803.3579470511
370,10704.38818,0.031855,31.4545879119269,0.0,10735.810912911928,641.078438474994,390163.065489295,0.0,252864.2176844028,643027.2831736978,390494.828069131,0.0,254308.52987792,644803.3579470511
371,10705.18895,0.034451,30.6564139119273,0.0,10735.810912911928,668.05608271749,390163.065489295,0.0,252864.2176844028,643027.2831736978,390494.828069131,0.0,254308.52987792,644803.3579470511
372,10705.98972,0.035229,29.8564219119271,0.0,10735.810912911928,694.329733999986,390163.065489295,0.0,252864.2176844028,643027.2831736978,390494.828069131,0.0,254308.52987792,644803.3579470511
373,10706.79049,0.03293,0.0,75.1540799999984,10631.603480000002,619.175653999988,390163.065489295,0.0,252864.2176844028,643027.2831736978,390494.828069131,0.0,254308.52987792,644803.3579470511
374,10707.38871,0.031727,0.0,75.7535029999981,10631.603480000002,543.42215099999,390163.065489295,0.0,252864.2176844028,643027.2831736978,390494.828069131,0.0,254308.52987792,644803.3579470511
375,10707.78909,0.023008,0.0,76.1626019999985,10631.603480000002,467.259548999991,390163.065489295,0.0,252864.2176844028,643027.2831736978,390494.828069131,0.0,254308.52987792,644803.3579470511
376,10708.18948,0.011081,0.0,76.574918999997,10631.603480000002,390.684629999994,390163.065489295,0.0,252864.2176844028,643027.2831736978,390494.828069131,0.0,254308.52987792,644803.3579470511
377,10708.58986,0.004357000000000001,0.0,76.9820229999987,10631.603480000002,313.702606999996,390163.065489295,0.0,252864.2176844028,643027.2831736978,390494.828069131,0.0,254308.52987792,644803.3579470511
378,10708.99024,0.0005729999999999999,0.0,77.3861869999982,10631.603480000002,236.316419999997,390163.065489295,0.0,252864.2176844028,643027.2831736978,390494.828069131,0.0,254308.52987792,644803.3579470511
379,10709.4614,0.0,0.0,77.8579199999986,10631.603480000002,158.458499999999,390163.065489295,0.0,252864.2176844028,643027.2831736978,390494.828069131,0.0,254308.52987792,644803.3579470511
380,10710.06198,0.0,0.0,78.4584999999988,10631.603480000002,80.0,390163.065489295,0.0,252864.2176844028,643027.2831736978,390494.828069131,0.0,254308.52987792,644803.3579470511
381,10710.66255,0.0,0.0,0.0,10710.66255,80.0,390163.065489295,0.0,252864.2176844028,643027.2831736978,390494.828069131,0.0,254308.52987792,644803.3579470511
382,10711.26313,0.0,0.0,0.0,10711.26313,80.0,390163.065489295,0.0,252864.2176844028,643027.2831736978,390494.828069131,0.0,254308.52987792,644803.3579470511
383,10711.86371,0.0,0.0,0.0,10711.86371,80.0,390163.065489295,0.0,252864.2176844028,643027.2831736978,390494.828069131,0.0,254308.52987792,644803.3579470511
384,10712.42401,0.0,0.0,0.0,10712.42401,80.0,390163.065489295,0.0,252864.2176844028,643027.2831736978,390494.828069131,0.0,254308.52987792,644803.3579470511
385,10712.82439,0.0,0.0,0.0,10712.82439,80.0,390163.065489295,0.0,252864.2176844028,643027.2831736978,390494.828069131,0.0,254308.52987792,644803.3579470511
386,10713.22478,0.0,0.0,0.0,10713.22478,80.0,390163.065489295,0.0,252864.2176844028,643027.2831736978,390494.828069131,0.0,254308.52987792,644803.3579470511
387,10713.62516,0.0,0.0,0.0,10713.62516,80.0,390163.065489295,0.0,252864.2176844028,643027.2831736978,390494.828069131,0.0,254308.52987792,644803.3579470511
388,10714.02555,0.0,0.0,0.0,10714.02555,80.0,390163.065489295,0.0,252864.2176844028,643027.2831736978,390494.828069131,0.0,254308.52987792,644803.3579470511
389,10714.42593,0.00015,0.0,0.0,10714.42578,80.0,390163.065489295,0.0,252864.2176844028,643027.2831736978,390494.828069131,0.0,254308.52987792,644803.3579470511
390,10714.82631,0.0020099999999999996,0.0,0.0,10714.8243,80.0,390163.065489295,0.0,252864.2176844028,643027.2831736978,390494.828069131,0.0,254308.52987792,644803.3579470511
391,10715.2267,0.011334,0.0,0.0,10715.215365999999,80.0,390163.065489295,0.0,252864.2176844028,643027.2831736978,390494.828069131,0.0,254308.52987792,644803.3579470511
392,10715.62708,0.020992999999999998,0.0,0.0,10715.606087,80.0,390163.065489295,0.0,252864.2176844028,643027.2831736978,390494.828069131,0.0,254308.52987792,644803.3579470511
393,10716.02747,0.029043,6.40741676442781,0.0,10722.405843764429,85.6385267526965,390163.065489295,0.0,252864.2176844028,643027.2831736978,390494.828069131,0.0,254308.52987792,644803.3579470511
394,10716.42785,0.034006,19.4170689119273,0.0,10735.810912911928,102.725547395193,390163.065489295,0.0,252864.2176844028,643027.2831736978,390494.828069131,0.0,254308.52987792,644803.3579470511
395,10716.82823,0.033246000000000005,19.0159289119292,0.0,10735.810912911928,119.45956483769,390163.065489295,0.0,252864.2176844028,643027.2831736978,390494.828069131,0.0,254308.52987792,644803.3579470511
396,10717.22862,0.035277,18.6175699119285,0.0,10735.810912911928,135.843026360187,390163.065489295,0.0,252864.2176844028,643027.2831736978,390494.828069131,0.0,254308.52987792,644803.3579470511
397,10717.629,0.035538,18.2174509119268,0.0,10735.810912911928,151.874383162683,390163.065489295,0.0,252864.2176844028,643027.2831736978,390494.828069131,0.0,254308.52987792,644803.3579470511
398,10718.02939,0.022965,17.8044879119279,0.0,10735.810912911928,167.54233252518,390163.065489295,0.0,252864.2176844028,643027.2831736978,390494.828069131,0.0,254308.52987792,644803.3579470511
399,10718.42977,0.021460999999999997,17.4026039119271,0.0,10735.810912911928,182.856623967675,390163.065489295,0.0,252864.2176844028,643027.2831736978,390494.828069131,0.0,254308.52987792,644803.3579470511
400,10718.97912,0.013207000000000002,16.8449999119275,0.0,10735.810912911928,197.680223890172,390163.065489295,0.0,252864.2176844028,643027.2831736978,390494.828069131,0.0,254308.52987792,644803.3579470511
401,10719.5797,0.004463,16.2356759119266,0.0,10735.810912911928,211.967618692667,390163.065489295,0.0,252864.2176844028,643027.2831736978,390494.828069131,0.0,254308.52987792,644803.3579470511
402,10720.18027,0.00071,15.631352911927,0.0,10735.810912911928,225.723209255163,390163.065489295,0.0,252864.2176844028,643027.2831736978,390494.828069131,0.0,254308.52987792,644803.3579470511
403,10720.78085,0.0,15.0300629119283,0.0,10735.810912911928,238.94966461766,390163.065489295,0.0,252864.2176844028,643027.2831736978,390494.828069131,0.0,254308.52987792,644803.3579470511
404,10721.38143,0.0,14.4294829119281,0.0,10735.810912911928,251.647609580156,390163.065489295,0.0,252864.2176844028,643027.2831736978,390494.828069131,0.0,254308.52987792,644803.3579470511
405,10721.86353,0.0,13.947382911927,0.0,10735.810912911928,263.921306542652,390163.065489295,0.0,252864.2176844028,643027.2831736978,390494.828069131,0.0,254308.52987792,644803.3579470511
406,10722.26392,0.0,13.5469929119281,0.0,10735.810912911928,275.842660305149,390163.065489295,0.0,252864.2176844028,643027.2831736978,390494.828069131,0.0,254308.52987792,644803.3579470511
407,10722.6643,0.0,13.1466129119271,0.0,10735.810912911928,287.411679667645,390163.065489295,0.0,252864.2176844028,643027.2831736978,390494.828069131,0.0,254308.52987792,644803.3579470511
408,10723.06469,0.0,12.7462229119283,0.0,10735.810912911928,298.628355830142,390163.065489295,0.0,252864.2176844028,643027.2831736978,390494.828069131,0.0,254308.52987792,644803.3579470511
409,10723.46507,0.0,12.3458429119273,0.0,10735.810912911928,309.492697592638,390163.065489295,0.0,252864.2176844028,643027.2831736978,390494.828069131,0.0,254308.52987792,644803.3579470511
410,10723.86546,0.0,11.9454529119266,0.0,10735.810912911928,320.004696155133,390163.065489295,0.0,252864.2176844028,643027.2831736978,390494.828069131,0.0,254308.52987792,644803.3579470511
411,10724.26584,0.0,11.5450729119275,0.0,10735.810912911928,330.164360317629,390163.065489295,0.0,252864.2176844028,643027.2831736978,390494.828069131,0.0,254308.52987792,644803.3579470511
412,10724.66622,0.0,11.1446929119284,0.0,10735.810912911928,339.971690080126,390163.065489295,0.0,252864.2176844028,643027.2831736978,390494.828069131,0.0,254308.52987792,644803.3579470511
413,10725.06661,0.000308,10.7446109119282,0.0,10735.810912911928,349.426947682623,390163.065489295,0.0,252864.2176844028,643027.2831736978,390494.828069131,0.0,254308.52987792,644803.3579470511
414,10725.46699,0.002901,10.3468239119265,0.0,10735.810912911928,358.532152725118,390163.065489295,0.0,252864.2176844028,643027.2831736978,390494.828069131,0.0,254308.52987792,644803.3579470511
415,10725.80991,0.011113,10.012115911928,0.0,10735.810912911928,367.342814727615,390163.065489295,0.0,252864.2176844028,643027.2831736978,390494.828069131,0.0,254308.52987792,644803.3579470511
416,10726.0101,0.019861,9.82067391192868,0.0,10735.810912911928,375.985007770112,390163.065489295,0.0,252864.2176844028,643027.2831736978,390494.828069131,0.0,254308.52987792,644803.3579470511
417,10726.21029,0.026117,9.62673991192605,0.0,10735.810912911928,384.456538892607,390163.065489295,0.0,252864.2176844028,643027.2831736978,390494.828069131,0.0,254308.52987792,644803.3579470511
418,10726.41048,0.031431,9.43186391192648,0.0,10735.810912911928,392.756579135103,390163.065489295,0.0,252864.2176844028,643027.2831736978,390494.828069131,0.0,254308.52987792,644803.3579470511
419,10726.61068,0.036759,9.23699191192827,0.0,10735.810912911928,400.885132017599,390163.065489295,0.0,252864.2176844028,643027.2831736978,390494.828069131,0.0,254308.52987792,644803.3579470511
420,10726.75693,0.036526,9.09050891192783,0.0,10735.810912911928,408.884779860096,390163.065489295,0.0,252864.2176844028,643027.2831736978,390494.828069131,0.0,254308.52987792,644803.3579470511
421,10726.55674,0.034775,9.28894791192761,0.0,10735.810912911928,417.059054022592,390163.065489295,0.0,252864.2176844028,643027.2831736978,390494.828069131,0.0,254308.52987792,644803.3579470511
422,10726.35655,0.029898,9.48426091192778,0.0,10735.810912911928,425.405203625089,390163.065489295,0.0,252864.2176844028,643027.2831736978,390494.828069131,0.0,254308.52987792,644803.3579470511
423,10726.15636,0.021421,9.67597391192612,0.0,10735.810912911928,433.920060667584,390163.065489295,0.0,252864.2176844028,643027.2831736978,390494.828069131,0.0,254308.52987792,644803.3579470511
424,10725.95617,0.014398999999999999,9.86914191192773,0.0,10735.810912911928,442.60490555008,390163.065489295,0.0,252864.2176844028,643027.2831736978,390494.828069131,0.0,254308.52987792,644803.3579470511
425,10725.75597,0.004951,10.0598939119282,0.0,10735.810912911928,451.457612192577,390163.065489295,0.0,252864.2176844028,643027.2831736978,390494.828069131,0.0,254308.52987792,644803.3579470511
426,10725.16246,0.0005809999999999999,10.6490339119282,0.0,10735.810912911928,460.828762035074,390163.065489295,0.0,252864.2176844028,643027.2831736978,390494.828069131,0.0,254308.52987792,644803.3579470511
427,10724.56189,0.0,11.2490229119267,0.0,10735.810912911928,470.727902197569,390163.065489295,0.0,252864.2176844028,643027.2831736978,390494.828069131,0.0,254308.52987792,644803.3579470511
428,10723.96131,0.0,11.8496029119269,0.0,10735.810912911928,481.155552760065,390163.065489295,0.0,252864.2176844028,643027.2831736978,390494.828069131,0.0,254308.52987792,644803.3579470511
429,10723.36074,0.0,12.4501729119274,0.0,10735.810912911928,492.111704922561,390163.065489295,0.0,252864.2176844028,643027.2831736978,390494.828069131,0.0,254308.52987792,644803.3579470511
430,10722.76016,0.0,13.0507529119277,0.0,10735.810912911928,503.596367485057,390163.065489295,0.0,252864.2176844028,643027.2831736978,390494.828069131,0.0,254308.52987792,644803.3579470511
431,10722.15958,0.0,13.651332911928,0.0,10735.810912911928,515.609540447554,390163.065489295,0.0,252864.2176844028,643027.2831736978,390494.828069131,0.0,254308.52987792,644803.3579470511
432,10721.55901,0.0,14.2519029119267,0.0,10735.810912911928,528.15121501005,390163.065489295,0.0,252864.2176844028,643027.2831736978,390494.828069131,0.0,254308.52987792,644803.3579470511
433,10720.95843,0.0,14.8524829119269,0.0,10735.810912911928,541.221399972545,390163.065489295,0.0,252864.2176844028,643027.2831736978,390494.828069131,0.0,254308.52987792,644803.3579470511
434,10720.35785,0.0,15.4530629119272,0.0,10735.810912911928,554.820095335041,390163.065489295,0.0,252864.2176844028,643027.2831736978,390494.828069131,0.0,254308.52987792,644803.3579470511
435,10719.75728,0.0,16.0536329119277,0.0,10735.810912911928,568.947292297538,390163.065489295,0.0,252864.2176844028,643027.2831736978,390494.828069131,0.0,254308.52987792,644803.3579470511
436,10719.1567,0.0,16.654212911928,0.0,10735.810912911928,583.602999660034,390163.065489295,0.0,252864.2176844028,643027.2831736978,390494.828069131,0.0,254308.52987792,644803.3579470511
437,10718.55613,0.000257,17.2550399119264,0.0,10735.810912911928,598.787434782529,390163.065489295,0.0,252864.2176844028,643027.2831736978,390494.828069131,0.0,254308.52987792,644803.3579470511
438,10717.95555,0.002381,17.8577439119272,0.0,10735.810912911928,614.502249425025,390163.065489295,0.0,252864.2176844028,643027.2831736978,390494.828069131,0.0,254308.52987792,644803.3579470511
439,10717.35497,0.011016,18.4669589119276,0.0,10735.810912911928,630.753173267521,390163.065489295,0.0,252864.2176844028,643027.2831736978,390494.828069131,0.0,254308.52987792,644803.3579470511
440,10716.7544,0.019245,19.0757579119272,0.0,10735.810912911928,647.539840230017,390163.065489295,0.0,252864.2176844028,643027.2831736978,390494.828069131,0.0,254308.52987792,644803.3579470511
441,10716.15382,0.020686,19.6777789119278,0.0,10735.810912911928,664.856285672514,390163.065489295,0.0,252864.2176844028,643027.2831736978,390494.828069131,0.0,254308.52987792,644803.3579470511
442,10715.55325,0.030669000000000002,20.2883319119264,0.0,10735.810912911928,682.710017755009,390163.065489295,0.0,252864.2176844028,643027.2831736978,390494.828069131,0.0,254308.52987792,644803.3579470511
443,10714.95267,0.034215,20.8924579119266,0.0,10735.810912911928,701.095380717505,390163.065489295,0.0,252864.2176844028,643027.2831736978,390494.828069131,0.0,254308.52987792,644803.3579470511
444,10714.35209,0.023699,21.4825219119266,0.0,10735.810912911928,720.0,390163.065489295,0.0,252864.2176844028,643027.2831736978,390494.828069131,0.0,254308.52987792,644803.3579470511
445,10713.75152,0.028111,0.0,82.1199289999986,10631.603480000002,637.880071000001,390163.065489295,0.0,252864.2176844028,643027.2831736978,390494.828069131,0.0,254308.52987792,644803.3579470511
446,10713.15094,0.022253000000000002,0.0,81.5252069999988,10631.603480000002,556.354864000003,390163.065489295,0.0,252864.2176844028,643027.2831736978,390494.828069131,0.0,254308.52987792,644803.3579470511
447,10712.55037,0.013446999999999999,0.0,80.9334429999999,10631.603480000002,475.421421000003,390163.065489295,0.0,252864.2176844028,643027.2831736978,390494.828069131,0.0,254308.52987792,644803.3579470511
448,10711.94979,0.011389,0.0,80.3349209999997,10631.603480000002,395.086500000003,390163.065489295,0.0,252864.2176844028,643027.2831736978,390494.828069131,0.0,254308.52987792,644803.3579470511
449,10711.34921,0.0038079999999999998,0.0,79.7419219999992,10631.603480000002,315.344578000004,390163.065489295,0.0,252864.2176844028,643027.2831736978,390494.828069131,0.0,254308.52987792,644803.3579470511
450,10710.74864,0.000652,0.0,79.1445079999976,10631.603480000002,236.200070000006,390163.065489295,0.0,252864.2176844028,643027.2831736978,390494.828069131,0.0,254308.52987792,644803.3579470511
451,10710.1039,0.0,0.0,78.5004199999967,10631.603480000003,157.699649999999,390163.065489295,0.0,252864.2176844028,643027.2831736978,390494.828069131,0.0,254308.52987792,644803.3579470511
452,10709.30313,0.0,0.0,77.6996499999987,10631.603480000002,80.0,390163.065489295,0.0,252864.2176844028,643027.2831736978,390494.828069131,0.0,254308.52987792,644803.3579470511
453,10708.50236,0.0,27.3085529119271,0.0,10735.810912911928,104.031526562496,390163.065489295,0.0,252864.2176844028,643027.2831736978,390494.828069131,0.0,254308.52987792,644803.3579470511
454,10707.7016,0.0,28.1093129119272,0.0,10735.810912911928,128.767721924992,390163.065489295,0.0,252864.2176844028,643027.2831736978,390494.828069131,0.0,254308.52987792,644803.3579470511
455,10706.90083,0.0,28.910082911927,0.0,10735.810912911928,154.208594887488,390163.065489295,0.0,252864.2176844028,643027.2831736978,390494.828069131,0.0,254308.52987792,644803.3579470511
456,10706.10006,0.0,29.7108529119268,0.0,10735.810912911928,180.354145449983,390163.065489295,0.0,252864.2176844028,643027.2831736978,390494.828069131,0.0,254308.52987792,644803.3579470511
457,10705.29929,0.0,30.5116229119267,0.0,10735.810912911928,207.204373612478,390163.065489295,0.0,252864.2176844028,643027.2831736978,390494.828069131,0.0,254308.52987792,644803.3579470511
458,10704.49852,0.0,31.3123929119283,0.0,10735.810912911928,234.759279374975,390163.065489295,0.0,252864.2176844028,643027.2831736978,390494.828069131,0.0,254308.52987792,644803.3579470511
459,10703.69776,0.0,32.1131529119284,0.0,10735.810912911928,263.018853937472,390163.065489295,0.0,252864.2176844028,643027.2831736978,390494.828069131,0.0,254308.52987792,644803.3579470511
460,10702.89699,0.0,32.9139229119282,0.0,10735.810912911928,291.983106099969,390163.065489295,0.0,252864.2176844028,643027.2831736978,390494.828069131,0.0,254308.52987792,644803.3579470511
461,10702.09622,0.000157,33.7148499119285,0.0,10735.810912911928,321.652174022466,390163.065489295,0.0,252864.2176844028,643027.2831736978,390494.828069131,0.0,254308.52987792,644803.3579470511
462,10701.29545,0.002036,34.5174989119278,0.0,10735.810912911928,352.027573064963,390163.065489295,0.0,252864.2176844028,643027.2831736978,390494.828069131,0.0,254308.52987792,644803.3579470511
463,10700.49468,0.011122,35.3273549119276,0.0,10735.810912911928,383.115645387459,390163.065489295,0.0,252864.2176844028,643027.2831736978,390494.828069131,0.0,254308.52987792,644803.3579470511
464,10699.69391,0.021555,36.1385579119269,0.0,10735.810912911928,414.917576349955,390163.065489295,0.0,252864.2176844028,643027.2831736978,390494.828069131,0.0,254308.52987792,644803.3579470511
465,10698.89315,0.028869,36.9466319119283,0.0,10735.810912911928,447.43061243249,390163.065489295,0.0,252864.2176844028,643027.2831736978,390494.828069131,0.0,254308.52987792,644803.3579470511
466,10698.09238,0.034286000000000004,37.7528189119275,0.0,10735.810912911928,480.653093074987,390163.065489295,0.0,252864.2176844028,643027.2831736978,390494.828069131,0.0,254308.52987792,644803.3579470511
467,10696.9859,0.034872,38.859884911928,0.0,10735.810912911928,514.849791797483,390163.065489295,0.0,252864.2176844028,643027.2831736978,390494.828069131,0.0,254308.52987792,644803.3579470511
468,10695.78475,0.035368000000000004,40.0615309119275,0.0,10735.810912911928,550.10393899998,390163.065489295,0.0,252864.2176844028,643027.2831736978,390494.828069131,0.0,254308.52987792,644803.3579470511
469,10694.5836,0.032031,0.0,62.9480889999977,10631.603480000002,487.155849999982,390163.065489295,0.0,252864.2176844028,643027.2831736978,390494.828069131,0.0,254308.52987792,644803.3579470511
470,10693.38245,0.028766,0.0,61.7502039999981,10631.603480000002,425.405645999984,390163.065489295,0.0,252864.2176844028,643027.2831736978,390494.828069131,0.0,254308.52987792,644803.3579470511
471,10692.1813,0.025321000000000003,0.0,60.5524989999994,10631.603480000002,364.853146999987,390163.065489295,0.0,252864.2176844028,643027.2831736978,390494.828069131,0.0,254308.52987792,644803.3579470511
472,10690.98014,0.012994,0.0,59.3636659999975,10631.603480000002,305.48948099999,390163.065489295,0.0,252864.2176844028,643027.2831736978,390494.828069131,0.0,254308.52987792,644803.3579470511
473,10689.77899,0.004934999999999999,0.0,58.1705749999983,10631.603480000002,247.318905999995,390163.065489295,0.0,252864.2176844028,643027.2831736978,390494.828069131,0.0,254308.52987792,644803.3579470511
474,10688.57784,0.000714,0.0,56.9736459999986,10631.603480000002,190.345259999996,390163.065489295,0.0,252864.2176844028,643027.2831736978,390494.828069131,0.0,254308.52987792,644803.3579470511
475,10687.37669,0.0,0.0,55.7732099999976,10631.603480000002,134.572049999999,390163.065489295,0.0,252864.2176844028,643027.2831736978,390494.828069131,0.0,254308.52987792,644803.3579470511
476,10686.17553,0.0,0.0,54.5720499999989,10631.603480000002,80.0,390163.065489295,0.0,252864.2176844028,643027.2831736978,390494.828069131,0.0,254308.52987792,644803.3579470511
477,10684.97438,0.0,50.8365329119426,0.0,10735.810912911942,124.736148962509,390163.065489295,0.0,252864.2176844028,643027.2831736978,390494.828069131,0.0,254308.52987792,644803.3579470511
478,10683.77323,0.0,52.037682911948,0.0,10735.81091291195,170.529309925024,390163.065489295,0.0,252864.2176844028,643027.2831736978,390494.828069131,0.0,254308.52987792,644803.3579470511
479,10682.57208,0.0,47.7915192415077,0.0,10730.363599241507,212.585846857551,390163.065489295,0.0,252864.2176844028,643027.2831736978,390494.828069131,0.0,254308.52987792,644803.3579470511
480,10681.37093,0.0,0.0,0.0,10681.37093,212.585846857551,390163.065489295,0.0,252864.2176844028,643027.2831736978,390494.828069131,0.0,254308.52987792,644803.3579470511
481,10680.16977,0.0,0.0,0.0,10680.16977,212.585846857551,390163.065489295,0.0,252864.2176844028,643027.2831736978,390494.828069131,0.0,254308.52987792,644803.3579470511
482,10678.96862,0.0,0.0,0.0,10678.96862,212.585846857551,390163.065489295,0.0,252864.2176844028,643027.2831736978,390494.828069131,0.0,254308.52987792,644803.3579470511
483,10677.76747,0.0,0.0,0.0,10677.76747,212.585846857551,390163.065489295,0.0,252864.2176844028,643027.2831736978,390494.828069131,0.0,254308.52987792,644803.3579470511
484,10676.56632,0.0,59.2445929119276,0.0,10735.810912911928,264.721088620047,390163.065489295,0.0,252864.2176844028,643027.2831736978,390494.828069131,0.0,254308.52987792,644803.3579470511
485,10675.36516,0.000301,60.4460539119282,0.0,10735.810912911928,317.913616062544,390163.065489295,0.0,252864.2176844028,643027.2831736978,390494.828069131,0.0,254308.52987792,644803.3579470511
486,10674.16401,0.0027069999999999998,61.6496099119267,0.0,10735.810912911928,372.165272785039,390163.065489295,0.0,252864.2176844028,643027.2831736978,390494.828069131,0.0,254308.52987792,644803.3579470511
487,10672.96286,0.010979,62.8590319119285,0.0,10735.810912911928,427.481220867536,390163.065489295,0.0,252864.2176844028,643027.2831736978,390494.828069131,0.0,254308.52987792,644803.3579470511
488,10671.76171,0.020995,64.0701979119276,0.0,10735.810912911928,483.862995030033,390163.065489295,0.0,252864.2176844028,643027.2831736978,390494.828069131,0.0,254308.52987792,644803.3579470511
489,10670.56055,0.02459,65.2749529119283,0.0,10735.810912911928,541.30495359253,390163.065489295,0.0,252864.2176844028,643027.2831736978,390494.828069131,0.0,254308.52987792,644803.3579470511
490,10669.3594,0.031913000000000004,66.4834259119289,0.0,10735.810912911928,599.810368395027,390163.065489295,0.0,252864.2176844028,643027.2831736978,390494.828069131,0.0,254308.52987792,644803.3579470511
491,10668.15825,0.036643,67.6893059119266,0.0,10735.810912911928,659.376957597522,390163.065489295,0.0,252864.2176844028,643027.2831736978,390494.828069131,0.0,254308.52987792,644803.3579470511
492,10666.9571,0.036008000000000005,68.889820911927,0.0,10735.810912911928,720.0,390163.065489295,0.0,252864.2176844028,643027.2831736978,390494.828069131,0.0,254308.52987792,644803.3579470511
493,10665.75595,0.033073,0.0,100.0,10565.722877,620.0,390163.065489295,0.0,252864.2176844028,643027.2831736978,390494.828069131,0.0,254308.52987792,644803.3579470511
494,10664.55479,0.029826000000000002,0.0,100.0,10564.524964,520.0,390163.065489295,0.0,252864.2176844028,643027.2831736978,390494.828069131,0.0,254308.52987792,644803.3579470511
495,10663.35364,0.021120999999999997,0.0,100.0,10563.332519,420.0,390163.065489295,0.0,252864.2176844028,643027.2831736978,390494.828069131,0.0,254308.52987792,644803.3579470511
496,10662.15249,0.014044000000000001,0.0,100.0,10562.138446,320.000000000017,390163.065489295,0.0,252864.2176844028,643027.2831736978,390494.828069131,0.0,254308.52987792,644803.3579470511
497,10660.95134,0.004914,0.0,86.1095510000218,10574.836874999979,233.890448999995,390163.065489295,0.0,252864.2176844028,643027.2831736978,390494.828069131,0.0,254308.52987792,644803.3579470511
498,10659.75018,0.000651,0.0,28.1460489999972,10631.603480000002,205.744399999998,390163.065489295,0.0,252864.2176844028,643027.2831736978,390494.828069131,0.0,254308.52987792,644803.3579470511
499,10658.54903,0.0,0.0,100.0,10558.54903,105.744399999998,390163.065489295,0.0,252864.2176844028,643027.2831736978,390494.828069131,0.0,254308.52987792,644803.3579470511
500,10657.34788,0.0,0.0,25.7443999999978,10631.603480000002,80.0,390163.065489295,0.0,252864.2176844028,643027.2831736978,390494.828069131,0.0,254308.52987792,644803.3579470511
501,10656.14673,0.0,0.0,0.0,10656.14673,80.0,390163.065489295,0.0,252864.2176844028,643027.2831736978,390494.828069131,0.0,254308.52987792,644803.3579470511
502,10654.94558,0.0,80.8653329119279,0.0,10735.810912911928,151.161492962497,390163.065489295,0.0,252864.2176844028,643027.2831736978,390494.828069131,0.0,254308.52987792,644803.3579470511
503,10653.18624,0.0,46.4073943607994,0.0,10699.593634360801,192.0,390163.065489295,0.0,252864.2176844028,643027.2831736978,390494.828069131,0.0,254308.52987792,644803.3579470511
504,10651.18432,0.0,0.0,0.0,10651.18432,192.0,390163.065489295,0.0,252864.2176844028,643027.2831736978,390494.828069131,0.0,254308.52987792,644803.3579470511
505,10649.1824,0.0,0.0,0.0,10649.1824,192.0,390163.065489295,0.0,252864.2176844028,643027.2831736978,390494.828069131,0.0,254308.52987792,644803.3579470511
506,10647.18048,0.0,0.0,0.0,10647.18048,192.0,390163.065489295,0.0,252864.2176844028,643027.2831736978,390494.828069131,0.0,254308.52987792,644803.3579470511
507,10645.17856,0.0,0.0,0.0,10645.17856,192.0,390163.065489295,0.0,252864.2176844028,643027.2831736978,390494.828069131,0.0,254308.52987792,644803.3579470511
508,10642.95855,0.0,0.0,0.0,10642.95855,192.0,390163.065489295,0.0,252864.2176844028,643027.2831736978,390494.828069131,0.0,254308.52987792,644803.3579470511
509,10640.55624,0.000174,0.0,0.0,10640.556066,192.0,390163.065489295,0.0,252864.2176844028,643027.2831736978,390494.828069131,0.0,254308.52987792,644803.3579470511
510,10638.15394,0.0027890000000000002,0.0,0.0,10638.151151,192.0,390163.065489295,0.0,252864.2176844028,643027.2831736978,390494.828069131,0.0,254308.52987792,644803.3579470511
511,10635.75163,0.009103,100.0,0.0,10735.742527,280.0,390163.065489295,0.0,252864.2176844028,643027.2831736978,390494.828069131,0.0,254308.52987792,644803.3579470511
512,10633.34933,0.019731000000000002,100.0,0.0,10733.329598999999,368.0,390163.065489295,0.0,252864.2176844028,643027.2831736978,390494.828069131,0.0,254308.52987792,644803.3579470511
513,10631.02557,0.027271,100.0,0.0,10730.998298999999,456.0,390163.065489295,0.0,252864.2176844028,643027.2831736978,390494.828069131,0.0,254308.52987792,644803.3579470511
514,10628.82346,0.032532,100.0,0.0,10728.790928,544.0,390163.065489295,0.0,252864.2176844028,643027.2831736978,390494.828069131,0.0,254308.52987792,644803.3579470511
515,10626.62135,0.035018,100.0,0.0,10726.586331999999,632.0,390163.065489295,0.0,252864.2176844028,643027.2831736978,390494.828069131,0.0,254308.52987792,644803.3579470511
516,10624.41923,0.035511,100.0,0.0,10724.383719,720.0,390163.065489295,0.0,252864.2176844028,643027.2831736978,390494.828069131,0.0,254308.52987792,644803.3579470511
517,10622.21712,0.033787,0.0,100.0,10522.183332999999,620.0,390163.065489295,0.0,252864.2176844028,643027.2831736978,390494.828069131,0.0,254308.52987792,644803.3579470511
518,10619.96696,0.021225,0.0,100.0,10519.945735,520.0,390163.065489295,0.0,252864.2176844028,643027.2831736978,390494.828069131,0.0,254308.52987792,644803.3579470511
519,10617.56466,0.014133,0.0,100.0,10517.550527,420.0,390163.065489295,0.0,252864.2176844028,643027.2831736978,390494.828069131,0.0,254308.52987792,644803.3579470511
520,10615.16235,0.004813,0.0,100.0,10515.157537000001,320.0,390163.065489295,0.0,252864.2176844028,643027.2831736978,390494.828069131,0.0,254308.52987792,644803.3579470511
521,10612.76005,0.003101,0.0,100.0,10512.756949,220.0,390163.065489295,0.0,252864.2176844028,643027.2831736978,390494.828069131,0.0,254308.52987792,644803.3579470511
522,10610.35774,0.00026900000000000003,0.0,100.0,10510.357471,120.0,390163.065489295,0.0,252864.2176844028,643027.2831736978,390494.828069131,0.0,254308.52987792,644803.3579470511
523,10607.95544,0.0,0.0,40.0,10567.95544,80.0,390163.065489295,0.0,252864.2176844028,643027.2831736978,390494.828069131,0.0,254308.52987792,644803.3579470511
524,10605.55313,0.0,0.0,0.0,10605.55313,80.0,390163.065489295,0.0,252864.2176844028,643027.2831736978,390494.828069131,0.0,254308.52987792,644803.3579470511
525,10603.15083,0.0,0.0,0.0,10603.15083,80.0,390163.065489295,0.0,252864.2176844028,643027.2831736978,390494.828069131,0.0,254308.52987792,644803.3579470511
526,10600.74853,0.0,100.0,0.0,10700.74853,168.0,390163.065489295,0.0,252864.2176844028,643027.2831736978,390494.828069131,0.0,254308.52987792,644803.3579470511
527,10598.34622,0.0,27.2727272727273,0.0,10625.618947272727,192.0,390163.065489295,0.0,252864.2176844028,643027.2831736978,390494.828069131,0.0,254308.52987792,644803.3579470511
528,10595.94392,0.0,0.0,0.0,10595.94392,192.0,390163.065489295,0.0,252864.2176844028,643027.2831736978,390494.828069131,0.0,254308.52987792,644803.3579470511
529,10594.10333,0.0,0.0,0.0,10594.10333,192.0,390163.065489295,0.0,252864.2176844028,643027.2831736978,390494.828069131,0.0,254308.52987792,644803.3579470511
530,10592.3016,0.0,0.0,0.0,10592.3016,192.0,390163.065489295,0.0,252864.2176844028,643027.2831736978,390494.828069131,0.0,254308.52987792,644803.3579470511
531,10590.49987,0.0,0.0,0.0,10590.49987,192.0,390163.065489295,0.0,252864.2176844028,643027.2831736978,390494.828069131,0.0,254308.52987792,644803.3579470511
532,10588.69814,0.0,0.0,0.0,10588.69814,192.0,390163.065489295,0.0,252864.2176844028,643027.2831736978,390494.828069131,0.0,254308.52987792,644803.3579470511
533,10586.89641,0.00045000000000000004,0.0,0.0,10586.89596,192.0,390163.065489295,0.0,252864.2176844028,643027.2831736978,390494.828069131,0.0,254308.52987792,644803.3579470511
534,10585.25142,0.002022,0.0,0.0,10585.249398,192.0,390163.065489295,0.0,252864.2176844028,643027.2831736978,390494.828069131,0.0,254308.52987792,644803.3579470511
535,10583.64989,0.007038,100.0,0.0,10683.642852,280.0,390163.065489295,0.0,252864.2176844028,643027.2831736978,390494.828069131,0.0,254308.52987792,644803.3579470511
536,10582.04835,0.0058070000000000005,100.0,0.0,10682.042543,368.0,390163.065489295,0.0,252864.2176844028,643027.2831736978,390494.828069131,0.0,254308.52987792,644803.3579470511
537,10580.44681,0.020925000000000003,100.0,0.0,10680.425884999999,456.0,390163.065489295,0.0,252864.2176844028,643027.2831736978,390494.828069131,0.0,254308.52987792,644803.3579470511
538,10578.84528,0.015295,100.0,0.0,10678.829985,544.0,390163.065489295,0.0,252864.2176844028,643027.2831736978,390494.828069131,0.0,254308.52987792,644803.3579470511
539,10577.36998,0.030780000000000002,100.0,0.0,10677.3392,632.0,390163.065489295,0.0,252864.2176844028,643027.2831736978,390494.828069131,0.0,254308.52987792,644803.3579470511
540,10575.96864,0.02465,100.0,0.0,10675.94399,720.0,390163.065489295,0.0,252864.2176844028,643027.2831736978,390494.828069131,0.0,254308.52987792,644803.3579470511
541,10574.56729,0.021221,0.0,100.0,10474.546069,620.0,390163.065489295,0.0,252864.2176844028,643027.2831736978,390494.828069131,0.0,254308.52987792,644803.3579470511
542,10573.16595,0.030296,0.0,100.0,10473.135654,520.0,390163.065489295,0.0,252864.2176844028,643027.2831736978,390494.828069131,0.0,254308.52987792,644803.3579470511
543,10571.7646,0.019781,0.0,100.0,10471.744819,420.0,390163.065489295,0.0,252864.2176844028,643027.2831736978,390494.828069131,0.0,254308.52987792,644803.3579470511
544,10570.17178,0.016299,0.0,100.0,10470.155481,320.0,390163.065489295,0.0,252864.2176844028,643027.2831736978,390494.828069131,0.0,254308.52987792,644803.3579470511
545,10568.37005,0.004618000000000001,0.0,100.0,10468.365431999999,220.0,390163.065489295,0.0,252864.2176844028,643027.2831736978,390494.828069131,0.0,254308.52987792,644803.3579470511
546,10566.56832,0.000826,0.0,100.0,10466.567494,120.0,390163.065489295,0.0,252864.2176844028,643027.2831736978,390494.828069131,0.0,254308.52987792,644803.3579470511
547,10564.7666,0.0,0.0,40.0,10524.7666,80.0,390163.065489295,0.0,252864.2176844028,643027.2831736978,390494.828069131,0.0,254308.52987792,644803.3579470511
548,10562.96487,0.0,0.0,0.0,10562.96487,80.0,390163.065489295,0.0,252864.2176844028,643027.2831736978,390494.828069131,0.0,254308.52987792,644803.3579470511
549,10561.22838,0.0,0.0,0.0,10561.22838,80.0,390163.065489295,0.0,252864.2176844028,643027.2831736978,390494.828069131,0.0,254308.52987792,644803.3579470511
550,10559.62684,0.0,0.0,0.0,10559.62684,80.0,390163.065489295,0.0,252864.2176844028,643027.2831736978,390494.828069131,0.0,254308.52987792,644803.3579470511
551,10558.02531,0.0,0.0,0.0,10558.02531,80.0,390163.065489295,0.0,252864.2176844028,643027.2831736978,390494.828069131,0.0,254308.52987792,644803.3579470511
552,10556.42377,0.0,0.0,0.0,10556.42377,80.0,390163.065489295,0.0,252864.2176844028,643027.2831736978,390494.828069131,0.0,254308.52987792,644803.3579470511
553,10554.82223,0.0,0.0,0.0,10554.82223,80.0,390163.065489295,0.0,252864.2176844028,643027.2831736978,390494.828069131,0.0,254308.52987792,644803.3579470511
554,10553.25544,0.0,0.0,0.0,10553.25544,80.0,390163.065489295,0.0,252864.2176844028,643027.2831736978,390494.828069131,0.0,254308.52987792,644803.3579470511
555,10551.85409,0.0,0.0,0.0,10551.85409,80.0,390163.065489295,0.0,252864.2176844028,643027.2831736978,390494.828069131,0.0,254308.52987792,644803.3579470511
556,10550.45275,0.0,0.0,0.0,10550.45275,80.0,390163.065489295,0.0,252864.2176844028,643027.2831736978,390494.828069131,0.0,254308.52987792,644803.3579470511
557,10549.0514,0.000359,0.0,0.0,10549.051041,80.0,390163.065489295,0.0,252864.2176844028,643027.2831736978,390494.828069131,0.0,254308.52987792,644803.3579470511
558,10547.65006,0.0032500000000000003,0.0,0.0,10547.64681,80.0,390163.065489295,0.0,252864.2176844028,643027.2831736978,390494.828069131,0.0,254308.52987792,644803.3579470511
559,10546.24871,0.011787,0.0,0.0,10546.236923,80.0,390163.065489295,0.0,252864.2176844028,643027.2831736978,390494.828069131,0.0,254308.52987792,644803.3579470511
560,10544.84737,0.020491,0.0,0.0,10544.826879,80.0,390163.065489295,0.0,252864.2176844028,643027.2831736978,390494.828069131,0.0,254308.52987792,644803.3579470511
561,10543.44603,0.027803,0.0,0.0,10543.418226999998,80.0,390163.065489295,0.0,252864.2176844028,643027.2831736978,390494.828069131,0.0,254308.52987792,644803.3579470511
562,10542.04468,0.032588,0.0,0.0,10542.012092,80.0,390163.065489295,0.0,252864.2176844028,643027.2831736978,390494.828069131,0.0,254308.52987792,644803.3579470511
563,10540.64334,0.037239,0.0,0.0,10540.606101000001,80.0,390163.065489295,0.0,252864.2176844028,643027.2831736978,390494.828069131,0.0,254308.52987792,644803.3579470511
564,10539.24199,0.030106,0.0,0.0,10539.211884,80.0,390163.065489295,0.0,252864.2176844028,643027.2831736978,390494.828069131,0.0,254308.52987792,644803.3579470511
565,10536.79706,0.033299999999999996,0.0,0.0,10536.763760000002,80.0,390163.065489295,0.0,252864.2176844028,643027.2831736978,390494.828069131,0.0,254308.52987792,644803.3579470511
566,10534.19456,0.03029,0.0,0.0,10534.16427,80.0,390163.065489295,0.0,252864.2176844028,643027.2831736978,390494.828069131,0.0,254308.52987792,644803.3579470511
567,10531.59207,0.019417000000000004,0.0,0.0,10531.572653000001,80.0,390163.065489295,0.0,252864.2176844028,643027.2831736978,390494.828069131,0.0,254308.52987792,644803.3579470511
568,10528.98957,0.011550000000000001,0.0,0.0,10528.97802,80.0,390163.065489295,0.0,252864.2176844028,643027.2831736978,390494.828069131,0.0,254308.52987792,644803.3579470511
569,10526.38707,0.004633,0.0,0.0,10526.382437,80.0,390163.065489295,0.0,252864.2176844028,643027.2831736978,390494.828069131,0.0,254308.52987792,644803.3579470511
570,10523.64114,0.000471,0.0,0.0,10523.640669,80.0,390163.065489295,0.0,252864.2176844028,643027.2831736978,390494.828069131,0.0,254308.52987792,644803.3579470511
571,10520.83846,0.0,0.0,0.0,10520.83846,80.0,390163.065489295,0.0,252864.2176844028,643027.2831736978,390494.828069131,0.0,254308.52987792,644803.3579470511
572,10518.03577,0.0,0.0,0.0,10518.03577,80.0,390163.065489295,0.0,252864.2176844028,643027.2831736978,390494.828069131,0.0,254308.52987792,644803.3579470511
573,10515.23308,0.0,0.0,0.0,10515.23308,80.0,390163.065489295,0.0,252864.2176844028,643027.2831736978,390494.828069131,0.0,254308.52987792,644803.3579470511
574,10512.43039,0.0,0.0,0.0,10512.43039,80.0,390163.065489295,0.0,252864.2176844028,643027.2831736978,390494.828069131,0.0,254308.52987792,644803.3579470511
575,10509.9665,0.0,0.0,0.0,10509.9665,80.0,390163.065489295,0.0,252864.2176844028,643027.2831736978,390494.828069131,0.0,254308.52987792,644803.3579470511
576,10507.76438,0.0,0.0,0.0,10507.76438,80.0,390163.065489295,0.0,252864.2176844028,643027.2831736978,390494.828069131,0.0,254308.52987792,644803.3579470511
577,10505.56227,0.0,0.0,0.0,10505.56227,80.0,390163.065489295,0.0,252864.2176844028,643027.2831736978,390494.828069131,0.0,254308.52987792,644803.3579470511
578,10503.36016,0.0,0.0,0.0,10503.36016,80.0,390163.065489295,0.0,252864.2176844028,643027.2831736978,390494.828069131,0.0,254308.52987792,644803.3579470511
579,10501.15805,0.0,0.0,0.0,10501.15805,80.0,390163.065489295,0.0,252864.2176844028,643027.2831736978,390494.828069131,0.0,254308.52987792,644803.3579470511
580,10498.95593,0.0,0.0,0.0,10498.95593,80.0,390163.065489295,0.0,252864.2176844028,643027.2831736978,390494.828069131,0.0,254308.52987792,644803.3579470511
581,10496.75382,9.400000000000001e-05,0.0,0.0,10496.753725999999,80.0,390163.065489295,0.0,252864.2176844028,643027.2831736978,390494.828069131,0.0,254308.52987792,644803.3579470511
582,10494.55171,0.002718,0.0,0.0,10494.548992,80.0,390163.065489295,0.0,252864.2176844028,643027.2831736978,390494.828069131,0.0,254308.52987792,644803.3579470511
583,10492.3496,0.010448,0.0,0.0,10492.339151999999,80.0,390163.065489295,0.0,252864.2176844028,643027.2831736978,390494.828069131,0.0,254308.52987792,644803.3579470511
584,10490.14748,0.021544,0.0,0.0,10490.125936,80.0,390163.065489295,0.0,252864.2176844028,643027.2831736978,390494.828069131,0.0,254308.52987792,644803.3579470511
585,10487.9973,0.026552,0.0,0.0,10487.970748000002,80.0,390163.065489295,0.0,252864.2176844028,643027.2831736978,390494.828069131,0.0,254308.52987792,644803.3579470511
586,10485.99538,0.031932,0.0,0.0,10485.963448,80.0,390163.065489295,0.0,252864.2176844028,643027.2831736978,390494.828069131,0.0,254308.52987792,644803.3579470511
587,10483.99346,0.03757,0.0,0.0,10483.95589,80.0,390163.065489295,0.0,252864.2176844028,643027.2831736978,390494.828069131,0.0,254308.52987792,644803.3579470511
588,10481.99154,0.031987,0.0,0.0,10481.959553,80.0,390163.065489295,0.0,252864.2176844028,643027.2831736978,390494.828069131,0.0,254308.52987792,644803.3579470511
589,10479.98962,0.035658999999999996,0.0,0.0,10479.953961000001,80.0,390163.065489295,0.0,252864.2176844028,643027.2831736978,390494.828069131,0.0,254308.52987792,644803.3579470511
590,10478.052,0.019263000000000002,0.0,0.0,10478.032737,80.0,390163.065489295,0.0,252864.2176844028,643027.2831736978,390494.828069131,0.0,254308.52987792,644803.3579470511
591,10476.65065,0.021242999999999998,0.0,0.0,10476.629407,80.0,390163.065489295,0.0,252864.2176844028,643027.2831736978,390494.828069131,0.0,254308.52987792,644803.3579470511
592,10475.24931,0.012750000000000001,0.0,0.0,10475.23656,80.0,390163.065489295,0.0,252864.2176844028,643027.2831736978,390494.828069131,0.0,254308.52987792,644803.3579470511
593,10473.84797,0.004886000000000001,0.0,0.0,10473.843084,80.0,390163.065489295,0.0,252864.2176844028,643027.2831736978,390494.828069131,0.0,254308.52987792,644803.3579470511
594,10472.44662,0.00016600000000000002,0.0,0.0,10472.446454,80.0,390163.065489295,0.0,252864.2176844028,643027.2831736978,390494.828069131,0.0,254308.52987792,644803.3579470511
595,10471.04528,0.0,0.0,0.0,10471.04528,80.0,390163.065489295,0.0,252864.2176844028,643027.2831736978,390494.828069131,0.0,254308.52987792,644803.3579470511
596,10469.64393,0.0,0.0,0.0,10469.64393,80.0,390163.065489295,0.0,252864.2176844028,643027.2831736978,390494.828069131,0.0,254308.52987792,644803.3579470511
597,10468.24259,0.0,0.0,0.0,10468.24259,80.0,390163.065489295,0.0,252864.2176844028,643027.2831736978,390494.828069131,0.0,254308.52987792,644803.3579470511
598,10466.84124,0.0,0.0,0.0,10466.84124,80.0,390163.065489295,0.0,252864.2176844028,643027.2831736978,390494.828069131,0.0,254308.52987792,644803.3579470511
599,10465.4399,0.0,100.0,0.0,10565.4399,168.0,390163.065489295,0.0,252864.2176844028,643027.2831736978,390494.828069131,0.0,254308.52987792,644803.3579470511
600,10464.03856,0.0,100.0,0.0,10564.03856,256.0,390163.065489295,0.0,252864.2176844028,643027.2831736978,390494.828069131,0.0,254308.52987792,644803.3579470511
601,10462.63721,0.0,27.2727272727273,0.0,10489.909937272729,280.0,390163.065489295,0.0,252864.2176844028,643027.2831736978,390494.828069131,0.0,254308.52987792,644803.3579470511
602,10461.23587,0.0,0.0,0.0,10461.23587,280.0,390163.065489295,0.0,252864.2176844028,643027.2831736978,390494.828069131,0.0,254308.52987792,644803.3579470511
603,10459.83452,0.0,0.0,0.0,10459.83452,280.0,390163.065489295,0.0,252864.2176844028,643027.2831736978,390494.828069131,0.0,254308.52987792,644803.3579470511
604,10458.43318,0.0,0.0,0.0,10458.43318,280.0,390163.065489295,0.0,252864.2176844028,643027.2831736978,390494.828069131,0.0,254308.52987792,644803.3579470511
605,10457.03183,2.6e-05,0.0,0.0,10457.031804,280.0,390163.065489295,0.0,252864.2176844028,643027.2831736978,390494.828069131,0.0,254308.52987792,644803.3579470511
606,10455.63049,0.00282,0.0,0.0,10455.62767,280.0,390163.065489295,0.0,252864.2176844028,643027.2831736978,390494.828069131,0.0,254308.52987792,644803.3579470511
607,10454.22915,0.009534,0.0,0.0,10454.219615999998,280.0,390163.065489295,0.0,252864.2176844028,643027.2831736978,390494.828069131,0.0,254308.52987792,644803.3579470511
608,10452.8278,0.014984,100.0,0.0,10552.812816,368.0,390163.065489295,0.0,252864.2176844028,643027.2831736978,390494.828069131,0.0,254308.52987792,644803.3579470511
609,10451.42646,0.031025,100.0,0.0,10551.395435,456.0,390163.065489295,0.0,252864.2176844028,643027.2831736978,390494.828069131,0.0,254308.52987792,644803.3579470511
610,10450.02511,0.030598,100.0,0.0,10549.994512000001,544.0,390163.065489295,0.0,252864.2176844028,643027.2831736978,390494.828069131,0.0,254308.52987792,644803.3579470511
611,10448.72339,0.035898000000000006,100.0,0.0,10548.687492,632.0,390163.065489295,0.0,252864.2176844028,643027.2831736978,390494.828069131,0.0,254308.52987792,644803.3579470511
612,10447.52224,0.033543,100.0,0.0,10547.488697,720.0,390163.065489295,0.0,252864.2176844028,643027.2831736978,390494.828069131,0.0,254308.52987792,644803.3579470511
613,10446.32109,0.020559,0.0,100.0,10346.300530999999,620.0,390163.065489295,0.0,252864.2176844028,643027.2831736978,390494.828069131,0.0,254308.52987792,644803.3579470511
614,10445.11994,0.022216000000000003,0.0,100.0,10345.097724000001,520.0,390163.065489295,0.0,252864.2176844028,643027.2831736978,390494.828069131,0.0,254308.52987792,644803.3579470511
615,10443.91878,0.012757,0.0,100.0,10343.906023,420.0,390163.065489295,0.0,252864.2176844028,643027.2831736978,390494.828069131,0.0,254308.52987792,644803.3579470511
616,10442.71763,0.006397000000000001,0.0,100.0,10342.711233,320.0,390163.065489295,0.0,252864.2176844028,643027.2831736978,390494.828069131,0.0,254308.52987792,644803.3579470511
617,10441.51648,0.0028239999999999997,0.0,100.0,10341.513656000001,220.0,390163.065489295,0.0,252864.2176844028,643027.2831736978,390494.828069131,0.0,254308.52987792,644803.3579470511
618,10440.31533,0.000745,0.0,100.0,10340.314585,120.0,390163.065489295,0.0,252864.2176844028,643027.2831736978,390494.828069131,0.0,254308.52987792,644803.3579470511
619,10439.11418,0.0,0.0,40.0,10399.11418,80.0,390163.065489295,0.0,252864.2176844028,643027.2831736978,390494.828069131,0.0,254308.52987792,644803.3579470511
620,10437.91302,0.0,0.0,0.0,10437.91302,80.0,390163.065489295,0.0,252864.2176844028,643027.2831736978,390494.828069131,0.0,254308.52987792,644803.3579470511
621,10436.71187,0.0,0.0,0.0,10436.71187,80.0,390163.065489295,0.0,252864.2176844028,643027.2831736978,390494.828069131,0.0,254308.52987792,644803.3579470511
622,10435.51072,0.0,0.0,0.0,10435.51072,80.0,390163.065489295,0.0,252864.2176844028,643027.2831736978,390494.828069131,0.0,254308.52987792,644803.3579470511
623,10434.30957,0.0,100.0,0.0,10534.30957,168.0,390163.065489295,0.0,252864.2176844028,643027.2831736978,390494.828069131,0.0,254308.52987792,644803.3579470511
624,10433.10841,0.0,100.0,0.0,10533.10841,256.0,390163.065489295,0.0,252864.2176844028,643027.2831736978,390494.828069131,0.0,254308.52987792,644803.3579470511
625,10431.90726,0.0,27.2727272727273,0.0,10459.179987272728,280.0,390163.065489295,0.0,252864.2176844028,643027.2831736978,390494.828069131,0.0,254308.52987792,644803.3579470511
626,10430.68173,0.0,0.0,0.0,10430.68173,280.0,390163.065489295,0.0,252864.2176844028,643027.2831736978,390494.828069131,0.0,254308.52987792,644803.3579470511
627,10428.88,0.0,0.0,0.0,10428.88,280.0,390163.065489295,0.0,252864.2176844028,643027.2831736978,390494.828069131,0.0,254308.52987792,644803.3579470511
628,10427.07828,0.0,0.0,0.0,10427.07828,280.0,390163.065489295,0.0,252864.2176844028,643027.2831736978,390494.828069131,0.0,254308.52987792,644803.3579470511
629,10425.27655,0.00034,0.0,0.0,10425.27621,280.0,390163.065489295,0.0,252864.2176844028,643027.2831736978,390494.828069131,0.0,254308.52987792,644803.3579470511
630,10423.47482,0.002431,0.0,0.0,10423.472388999999,280.0,390163.065489295,0.0,252864.2176844028,643027.2831736978,390494.828069131,0.0,254308.52987792,644803.3579470511
631,10421.67309,0.012099,0.0,0.0,10421.660991,280.0,390163.065489295,0.0,252864.2176844028,643027.2831736978,390494.828069131,0.0,254308.52987792,644803.3579470511
632,10419.87136,0.021286000000000003,100.0,0.0,10519.850074,368.0,390163.065489295,0.0,252864.2176844028,643027.2831736978,390494.828069131,0.0,254308.52987792,644803.3579470511
633,10418.06963,0.031315,100.0,0.0,10518.038315,456.0,390163.065489295,0.0,252864.2176844028,643027.2831736978,390494.828069131,0.0,254308.52987792,644803.3579470511
634,10416.26791,0.033142000000000005,100.0,0.0,10516.234768,544.0,390163.065489295,0.0,252864.2176844028,643027.2831736978,390494.828069131,0.0,254308.52987792,644803.3579470511
635,10414.46618,0.038583,100.0,0.0,10514.427597,632.0,390163.065489295,0.0,252864.2176844028,643027.2831736978,390494.828069131,0.0,254308.52987792,644803.3579470511
636,10412.66445,0.036109,100.0,0.0,10512.628341,720.0,390163.065489295,0.0,252864.2176844028,643027.2831736978,390494.828069131,0.0,254308.52987792,644803.3579470511
637,10411.15736,0.033031,0.0,100.0,10311.124328999998,620.0,390163.065489295,0.0,252864.2176844028,643027.2831736978,390494.828069131,0.0,254308.52987792,644803.3579470511
638,10409.75601,0.017446000000000003,0.0,100.0,10309.738564,520.0,390163.065489295,0.0,252864.2176844028,643027.2831736978,390494.828069131,0.0,254308.52987792,644803.3579470511
639,10408.35467,0.014401,0.0,100.0,10308.340269,420.0,390163.065489295,0.0,252864.2176844028,643027.2831736978,390494.828069131,0.0,254308.52987792,644803.3579470511
640,10406.95332,0.011988,0.0,100.0,10306.941332,320.0,390163.065489295,0.0,252864.2176844028,643027.2831736978,390494.828069131,0.0,254308.52987792,644803.3579470511
641,10405.55198,0.003298,0.0,100.0,10305.548682,220.0,390163.065489295,0.0,252864.2176844028,643027.2831736978,390494.828069131,0.0,254308.52987792,644803.3579470511
642,10404.26745,0.000484,0.0,100.0,10304.266966,120.0,390163.065489295,0.0,252864.2176844028,643027.2831736978,390494.828069131,0.0,254308.52987792,644803.3579470511
643,10403.0663,0.0,0.0,40.0,10363.0663,80.0,390163.065489295,0.0,252864.2176844028,643027.2831736978,390494.828069131,0.0,254308.52987792,644803.3579470511
644,10401.86515,0.0,0.0,0.0,10401.86515,80.0,390163.065489295,0.0,252864.2176844028,643027.2831736978,390494.828069131,0.0,254308.52987792,644803.3579470511
645,10400.664,0.0,0.0,0.0,10400.664,80.0,390163.065489295,0.0,252864.2176844028,643027.2831736978,390494.828069131,0.0,254308.52987792,644803.3579470511
646,10399.46284,0.0,0.0,0.0,10399.46284,80.0,390163.065489295,0.0,252864.2176844028,643027.2831736978,390494.828069131,0.0,254308.52987792,644803.3579470511
647,10398.08906,0.0,100.0,0.0,10498.08906,168.0,390163.065489295,0.0,252864.2176844028,643027.2831736978,390494.828069131,0.0,254308.52987792,644803.3579470511
648,10396.48752,0.0,100.0,0.0,10496.48752,256.0,390163.065489295,0.0,252864.2176844028,643027.2831736978,390494.828069131,0.0,254308.52987792,644803.3579470511
649,10394.88598,0.0,27.2727272727273,0.0,10422.158707272727,280.0,390163.065489295,0.0,252864.2176844028,643027.2831736978,390494.828069131,0.0,254308.52987792,644803.3579470511
650,10393.28445,0.0,0.0,0.0,10393.28445,280.0,390163.065489295,0.0,252864.2176844028,643027.2831736978,390494.828069131,0.0,254308.52987792,644803.3579470511
651,10391.68291,0.0,0.0,0.0,10391.68291,280.0,390163.065489295,0.0,252864.2176844028,643027.2831736978,390494.828069131,0.0,254308.52987792,644803.3579470511
652,10390.08137,0.0,0.0,0.0,10390.08137,280.0,390163.065489295,0.0,252864.2176844028,643027.2831736978,390494.828069131,0.0,254308.52987792,644803.3579470511
653,10388.47984,0.00035,0.0,0.0,10388.47949,280.0,390163.065489295,0.0,252864.2176844028,643027.2831736978,390494.828069131,0.0,254308.52987792,644803.3579470511
654,10386.8783,0.002703,0.0,0.0,10386.875597,280.0,390163.065489295,0.0,252864.2176844028,643027.2831736978,390494.828069131,0.0,254308.52987792,644803.3579470511
655,10385.27676,0.006201,0.0,0.0,10385.270559,280.0,390163.065489295,0.0,252864.2176844028,643027.2831736978,390494.828069131,0.0,254308.52987792,644803.3579470511
656,10383.67523,0.012871,100.0,0.0,10483.662359,368.0,390163.065489295,0.0,252864.2176844028,643027.2831736978,390494.828069131,0.0,254308.52987792,644803.3579470511
657,10382.04837,0.022992000000000002,100.0,0.0,10482.025378,456.0,390163.065489295,0.0,252864.2176844028,643027.2831736978,390494.828069131,0.0,254308.52987792,644803.3579470511
658,10380.24664,0.025877,100.0,0.0,10480.220763,544.0,390163.065489295,0.0,252864.2176844028,643027.2831736978,390494.828069131,0.0,254308.52987792,644803.3579470511
659,10378.44492,0.021384,100.0,0.0,10478.423536,632.0,390163.065489295,0.0,252864.2176844028,643027.2831736978,390494.828069131,0.0,254308.52987792,644803.3579470511
660,10376.64319,0.0234,100.0,0.0,10476.61979,720.0,390163.065489295,0.0,252864.2176844028,643027.2831736978,390494.828069131,0.0,254308.52987792,644803.3579470511
661,10374.84146,0.019029,0.0,100.0,10274.822431,620.0,390163.065489295,0.0,252864.2176844028,643027.2831736978,390494.828069131,0.0,254308.52987792,644803.3579470511
662,10373.03973,0.02091,0.0,100.0,10273.018820000001,520.0,390163.065489295,0.0,252864.2176844028,643027.2831736978,390494.828069131,0.0,254308.52987792,644803.3579470511
663,10371.62802,0.020314000000000002,0.0,100.0,10271.607706,420.0,390163.065489295,0.0,252864.2176844028,643027.2831736978,390494.828069131,0.0,254308.52987792,644803.3579470511
664,10370.22668,0.012253,0.0,100.0,10270.214426999999,320.0,390163.065489295,0.0,252864.2176844028,643027.2831736978,390494.828069131,0.0,254308.52987792,644803.3579470511
665,10368.82534,0.004234,0.0,100.0,10268.821106,220.0,390163.065489295,0.0,252864.2176844028,643027.2831736978,390494.828069131,0.0,254308.52987792,644803.3579470511
666,10367.42399,0.0005610000000000001,0.0,100.0,10267.423428999999,120.0,390163.065489295,0.0,252864.2176844028,643027.2831736978,390494.828069131,0.0,254308.52987792,644803.3579470511
667,10366.02265,0.0,0.0,40.0,10326.02265,80.0,390163.065489295,0.0,252864.2176844028,643027.2831736978,390494.828069131,0.0,254308.52987792,644803.3579470511
668,10364.6213,0.0,0.0,0.0,10364.6213,80.0,390163.065489295,0.0,252864.2176844028,643027.2831736978,390494.828069131,0.0,254308.52987792,644803.3579470511
669,10363.21996,0.0,0.0,0.0,10363.21996,80.0,390163.065489295,0.0,252864.2176844028,643027.2831736978,390494.828069131,0.0,254308.52987792,644803.3579470511
670,10361.81861,0.0,0.0,0.0,10361.81861,80.0,390163.065489295,0.0,252864.2176844028,643027.2831736978,390494.828069131,0.0,254308.52987792,644803.3579470511
671,10360.41727,0.0,100.0,0.0,10460.41727,168.0,390163.065489295,0.0,252864.2176844028,643027.2831736978,390494.828069131,0.0,254308.52987792,644803.3579470511
672,10359.01593,0.0,100.0,0.0,10459.01593,256.0,390163.065489295,0.0,252864.2176844028,643027.2831736978,390494.828069131,0.0,254308.52987792,644803.3579470511
673,10353.72826,0.0,27.2727272727273,0.0,10381.000987272728,280.0,390163.065489295,0.0,252864.2176844028,643027.2831736978,390494.828069131,0.0,254308.52987792,644803.3579470511
674,10346.52135,0.0,0.0,0.0,10346.52135,280.0,390163.065489295,0.0,252864.2176844028,643027.2831736978,390494.828069131,0.0,254308.52987792,644803.3579470511
675,10339.31444,0.0,0.0,0.0,10339.31444,280.0,390163.065489295,0.0,252864.2176844028,643027.2831736978,390494.828069131,0.0,254308.52987792,644803.3579470511
676,10332.10752,0.0,0.0,0.0,10332.10752,280.0,390163.065489295,0.0,252864.2176844028,643027.2831736978,390494.828069131,0.0,254308.52987792,644803.3579470511
677,10324.90061,0.00019,0.0,0.0,10324.90042,280.0,390163.065489295,0.0,252864.2176844028,643027.2831736978,390494.828069131,0.0,254308.52987792,644803.3579470511
678,10316.34805,0.00264,0.0,0.0,10316.34541,280.0,390163.065489295,0.0,252864.2176844028,643027.2831736978,390494.828069131,0.0,254308.52987792,644803.3579470511
679,10306.53864,0.009782,0.0,0.0,10306.528858000001,280.0,390163.065489295,0.0,252864.2176844028,643027.2831736978,390494.828069131,0.0,254308.52987792,644803.3579470511
680,10296.72923,0.01341,100.0,0.0,10396.715820000001,368.0,390163.065489295,0.0,252864.2176844028,643027.2831736978,390494.828069131,0.0,254308.52987792,644803.3579470511
681,10286.91982,0.014661,100.0,0.0,10386.905159,456.0,390163.065489295,0.0,252864.2176844028,643027.2831736978,390494.828069131,0.0,254308.52987792,644803.3579470511
682,10277.11041,0.025758,100.0,0.0,10377.084652,544.0,390163.065489295,0.0,252864.2176844028,643027.2831736978,390494.828069131,0.0,254308.52987792,644803.3579470511
683,10267.44702,0.030747,100.0,0.0,10367.416272999999,632.0,390163.065489295,0.0,252864.2176844028,643027.2831736978,390494.828069131,0.0,254308.52987792,644803.3579470511
684,10258.038,0.022237,100.0,0.0,10358.015763000001,720.0,390163.065489295,0.0,252864.2176844028,643027.2831736978,390494.828069131,0.0,254308.52987792,644803.3579470511
685,10248.62897,0.026416000000000002,0.0,100.0,10148.602554,620.0,390163.065489295,0.0,252864.2176844028,643027.2831736978,390494.828069131,0.0,254308.52987792,644803.3579470511
686,10239.21995,0.01614,0.0,100.0,10139.20381,520.0,390163.065489295,0.0,252864.2176844028,643027.2831736978,390494.828069131,0.0,254308.52987792,644803.3579470511
687,10229.81092,0.019875,0.0,100.0,10129.791045,420.0,390163.065489295,0.0,252864.2176844028,643027.2831736978,390494.828069131,0.0,254308.52987792,644803.3579470511
688,10220.52943,0.0105,0.0,100.0,10120.51893,320.0,390163.065489295,0.0,252864.2176844028,643027.2831736978,390494.828069131,0.0,254308.52987792,644803.3579470511
689,10211.72098,0.0025550000000000004,0.0,100.0,10111.718425000001,220.0,390163.065489295,0.0,252864.2176844028,643027.2831736978,390494.828069131,0.0,254308.52987792,644803.3579470511
690,10202.91253,0.000213,0.0,100.0,10102.912317,120.0,390163.065489295,0.0,252864.2176844028,643027.2831736978,390494.828069131,0.0,254308.52987792,644803.3579470511
691,10194.10408,0.0,0.0,40.0,10154.10408,80.0,390163.065489295,0.0,252864.2176844028,643027.2831736978,390494.828069131,0.0,254308.52987792,644803.3579470511
692,10185.29563,0.0,0.0,0.0,10185.29563,80.0,390163.065489295,0.0,252864.2176844028,643027.2831736978,390494.828069131,0.0,254308.52987792,644803.3579470511
693,10176.52321,0.0,0.0,0.0,10176.52321,80.0,390163.065489295,0.0,252864.2176844028,643027.2831736978,390494.828069131,0.0,254308.52987792,644803.3579470511
694,10168.31534,0.0,0.0,0.0,10168.31534,80.0,390163.065489295,0.0,252864.2176844028,643027.2831736978,390494.828069131,0.0,254308.52987792,644803.3579470511
695,10160.10747,0.0,100.0,0.0,10260.10747,168.0,390163.065489295,0.0,252864.2176844028,643027.2831736978,390494.828069131,0.0,254308.52987792,644803.3579470511
696,10151.89959,0.0,100.0,0.0,10251.89959,256.0,390163.065489295,0.0,252864.2176844028,643027.2831736978,390494.828069131,0.0,254308.52987792,644803.3579470511
697,10143.69172,0.0,27.2727272727273,0.0,10170.964447272729,280.0,390163.065489295,0.0,252864.2176844028,643027.2831736978,390494.828069131,0.0,254308.52987792,644803.3579470511
698,10135.48384,0.0,0.0,0.0,10135.48384,280.0,390163.065489295,0.0,252864.2176844028,643027.2831736978,390494.828069131,0.0,254308.52987792,644803.3579470511
699,10133.27219,0.0,0.0,0.0,10133.27219,280.0,390163.065489295,0.0,252864.2176844028,643027.2831736978,390494.828069131,0.0,254308.52987792,644803.3579470511
700,10131.67066,0.0,0.0,0.0,10131.67066,280.0,390163.065489295,0.0,252864.2176844028,643027.2831736978,390494.828069131,0.0,254308.52987792,644803.3579470511
701,10130.06912,0.000154,0.0,0.0,10130.068966,280.0,390163.065489295,0.0,252864.2176844028,643027.2831736978,390494.828069131,0.0,254308.52987792,644803.3579470511
702,10128.46758,0.002609,0.0,0.0,10128.464971000001,280.0,390163.065489295,0.0,252864.2176844028,643027.2831736978,390494.828069131,0.0,254308.52987792,644803.3579470511
703,10126.86605,0.010761,0.0,0.0,10126.855289000001,280.0,390163.065489295,0.0,252864.2176844028,643027.2831736978,390494.828069131,0.0,254308.52987792,644803.3579470511
704,10125.26451,0.019963,100.0,0.0,10225.244547,368.0,390163.065489295,0.0,252864.2176844028,643027.2831736978,390494.828069131,0.0,254308.52987792,644803.3579470511
705,10123.66297,0.022940000000000002,100.0,0.0,10223.640029999999,456.0,390163.065489295,0.0,252864.2176844028,643027.2831736978,390494.828069131,0.0,254308.52987792,644803.3579470511
706,10122.06144,0.033354999999999996,100.0,0.0,10222.028085,544.0,390163.065489295,0.0,252864.2176844028,643027.2831736978,390494.828069131,0.0,254308.52987792,644803.3579470511
707,10120.4599,0.037177999999999996,100.0,0.0,10220.422722,632.0,390163.065489295,0.0,252864.2176844028,643027.2831736978,390494.828069131,0.0,254308.52987792,644803.3579470511
708,10118.85837,0.037221,100.0,0.0,10218.821149,720.0,390163.065489295,0.0,252864.2176844028,643027.2831736978,390494.828069131,0.0,254308.52987792,644803.3579470511
709,10117.13612,0.034336,0.0,100.0,10017.101783999999,620.0,390163.065489295,0.0,252864.2176844028,643027.2831736978,390494.828069131,0.0,254308.52987792,644803.3579470511
710,10115.3344,0.030791000000000002,0.0,100.0,10015.303609,520.0,390163.065489295,0.0,252864.2176844028,643027.2831736978,390494.828069131,0.0,254308.52987792,644803.3579470511
711,10113.53267,0.023352,0.0,100.0,10013.509318,420.0,390163.065489295,0.0,252864.2176844028,643027.2831736978,390494.828069131,0.0,254308.52987792,644803.3579470511
712,10111.73094,0.014221000000000001,0.0,100.0,10011.716719,320.0,390163.065489295,0.0,252864.2176844028,643027.2831736978,390494.828069131,0.0,254308.52987792,644803.3579470511
713,10109.92921,0.003657,0.0,100.0,10009.925553000001,220.0,390163.065489295,0.0,252864.2176844028,643027.2831736978,390494.828069131,0.0,254308.52987792,644803.3579470511
714,10107.94707,0.00027800000000000004,0.0,100.0,10007.946792,120.0,390163.065489295,0.0,252864.2176844028,643027.2831736978,390494.828069131,0.0,254308.52987792,644803.3579470511
715,10105.74496,0.0,0.0,40.0,10065.74496,80.0,390163.065489295,0.0,252864.2176844028,643027.2831736978,390494.828069131,0.0,254308.52987792,644803.3579470511
716,10103.54285,0.0,0.0,0.0,10103.54285,80.0,390163.065489295,0.0,252864.2176844028,643027.2831736978,390494.828069131,0.0,254308.52987792,644803.3579470511
717,10101.34074,0.0,0.0,0.0,10101.34074,80.0,390163.065489295,0.0,252864.2176844028,643027.2831736978,390494.828069131,0.0,254308.52987792,644803.3579470511
718,10099.13862,0.0,0.0,0.0,10099.13862,80.0,390163.065489295,0.0,252864.2176844028,643027.2831736978,390494.828069131,0.0,254308.52987792,644803.3579470511
719,10097.11563,0.0,0.0,0.0,10097.11563,80.0,390163.065489295,0.0,252864.2176844028,643027.2831736978,390494.828069131,0.0,254308.52987792,644803.3579470511
720,10095.51409,0.0,0.0,0.0,10095.51409,80.0,390163.065489295,0.0,252864.2176844028,643027.2831736978,390494.828069131,0.0,254308.52987792,644803.3579470511
721,10093.91255,0.0,0.0,0.0,10093.91255,80.0,390163.065489295,0.0,252864.2176844028,643027.2831736978,390494.828069131,0.0,254308.52987792,644803.3579470511
722,10092.31102,0.0,0.0,0.0,10092.31102,80.0,390163.065489295,0.0,252864.2176844028,643027.2831736978,390494.828069131,0.0,254308.52987792,644803.3579470511
723,10090.70948,0.0,0.0,0.0,10090.70948,80.0,390163.065489295,0.0,252864.2176844028,643027.2831736978,390494.828069131,0.0,254308.52987792,644803.3579470511
724,10089.04953,0.0,0.0,0.0,10089.04953,80.0,390163.065489295,0.0,252864.2176844028,643027.2831736978,390494.828069131,0.0,254308.52987792,644803.3579470511
725,10087.04761,0.00011300000000000001,0.0,0.0,10087.047497,80.0,390163.065489295,0.0,252864.2176844028,643027.2831736978,390494.828069131,0.0,254308.52987792,644803.3579470511
726,10085.04569,0.002306,0.0,0.0,10085.043384,80.0,390163.065489295,0.0,252864.2176844028,643027.2831736978,390494.828069131,0.0,254308.52987792,644803.3579470511
727,10083.04377,0.011737000000000001,0.0,0.0,10083.032033,80.0,390163.065489295,0.0,252864.2176844028,643027.2831736978,390494.828069131,0.0,254308.52987792,644803.3579470511
728,10081.04185,0.022254000000000003,0.0,0.0,10081.019596,80.0,390163.065489295,0.0,252864.2176844028,643027.2831736978,390494.828069131,0.0,254308.52987792,644803.3579470511
729,10079.03993,0.029603,0.0,0.0,10079.010327,80.0,390163.065489295,0.0,252864.2176844028,643027.2831736978,390494.828069131,0.0,254308.52987792,644803.3579470511
730,10076.83912,0.033763,0.0,0.0,10076.805357000001,80.0,390163.065489295,0.0,252864.2176844028,643027.2831736978,390494.828069131,0.0,254308.52987792,644803.3579470511
731,10074.637,0.03469,0.0,0.0,10074.60231,80.0,390163.065489295,0.0,252864.2176844028,643027.2831736978,390494.828069131,0.0,254308.52987792,644803.3579470511
732,10072.43489,0.035124,0.0,0.0,10072.399766,80.0,390163.065489295,0.0,252864.2176844028,643027.2831736978,390494.828069131,0.0,254308.52987792,644803.3579470511
733,10070.23278,0.029634,0.0,0.0,10070.203146,80.0,390163.065489295,0.0,252864.2176844028,643027.2831736978,390494.828069131,0.0,254308.52987792,644803.3579470511
734,10068.03067,0.024915,0.0,0.0,10068.005755,80.0,390163.065489295,0.0,252864.2176844028,643027.2831736978,390494.828069131,0.0,254308.52987792,644803.3579470511
735,10056.39833,0.0207,0.0,0.0,10056.37763,80.0,390163.065489295,0.0,252864.2176844028,643027.2831736978,390494.828069131,0.0,254308.52987792,644803.3579470511
736,10042.98546,0.010844,0.0,0.0,10042.974616,80.0,390163.065489295,0.0,252864.2176844028,643027.2831736978,390494.828069131,0.0,254308.52987792,644803.3579470511
737,10029.5726,0.004116,0.0,0.0,10029.568484,80.0,390163.065489295,0.0,252864.2176844028,643027.2831736978,390494.828069131,0.0,254308.52987792,644803.3579470511
738,10016.15973,0.000519,0.0,0.0,10016.159211,80.0,390163.065489295,0.0,252864.2176844028,643027.2831736978,390494.828069131,0.0,254308.52987792,644803.3579470511
739,10002.74686,0.0,0.0,0.0,10002.74686,80.0,390163.065489295,0.0,252864.2176844028,643027.2831736978,390494.828069131,0.0,254308.52987792,644803.3579470511
740,9993.884596,0.0,63.6363636363636,0.0,10057.520959636364,136.0,390163.065489295,0.0,252864.2176844028,643027.2831736978,390494.828069131,0.0,254308.52987792,644803.3579470511
741,9987.078066,0.0,100.0,0.0,10087.078066,224.0,390163.065489295,0.0,252864.2176844028,643027.2831736978,390494.828069131,0.0,254308.52987792,644803.3579470511
742,9980.271537,0.0,100.0,0.0,10080.271537,312.0,390163.065489295,0.0,252864.2176844028,643027.2831736978,390494.828069131,0.0,254308.52987792,644803.3579470511
743,9973.465007,0.0,100.0,0.0,10073.465007,400.0,390163.065489295,0.0,252864.2176844028,643027.2831736978,390494.828069131,0.0,254308.52987792,644803.3579470511
