time,Pload,Ppv,Pcharge,Pdischarge,Ptotal,state of charge,energy_charge_with_es,nem_charge_with_es,demand_charge_with_es,total_bill_with_es,energy_charge_without_es,nem_charge_without_es,demand_charge_without_es,total_bill_without_es
0,9678.220602,0.0,100.0,0.0,9778.220602,488.0,333647.3172111517,0.0,187104.49328792797,520751.81049907964,333757.8116430077,0.0,188006.4211237,521764.23276670766
1,9676.819258,0.0,18.1818181818182,0.0,9695.001076181818,504.0,333647.3172111517,0.0,187104.49328792797,520751.81049907964,333757.8116430077,0.0,188006.4211237,521764.23276670766
2,9675.417914,0.0,0.0,0.0,9675.417914,504.0,333647.3172111517,0.0,187104.49328792797,520751.81049907964,333757.8116430077,0.0,188006.4211237,521764.23276670766
3,9674.016569,0.0,0.0,0.0,9674.016569,504.0,333647.3172111517,0.0,187104.49328792797,520751.81049907964,333757.8116430077,0.0,188006.4211237,521764.23276670766
4,9672.619935,0.0,100.0,0.0,9772.619935,592.0,333647.3172111517,0.0,187104.49328792797,520751.81049907964,333757.8116430077,0.0,188006.4211237,521764.23276670766
5,9671.618975,0.0,100.0,0.0,9771.618975,680.0,333647.3172111517,0.0,187104.49328792797,520751.81049907964,333757.8116430077,0.0,188006.4211237,521764.23276670766
6,9670.618015,0.003028,0.0,100.0,9570.614987,580.0,333647.3172111517,0.0,187104.49328792797,520751.81049907964,333757.8116430077,0.0,188006.4211237,521764.23276670766
7,9669.617055,0.013523,0.0,100.0,9569.603532000001,480.0,333647.3172111517,0.0,187104.49328792797,520751.81049907964,333757.8116430077,0.0,188006.4211237,521764.23276670766
8,9668.616095,0.024960000000000003,0.0,100.0,9568.591134999999,380.0,333647.3172111517,0.0,187104.49328792797,520751.81049907964,333757.8116430077,0.0,188006.4211237,521764.23276670766
9,9667.615134,0.032756,0.0,100.0,9567.582378,280.0,333647.3172111517,0.0,187104.49328792797,520751.81049907964,333757.8116430077,0.0,188006.4211237,521764.23276670766
10,9666.958269,0.038152,0.0,100.0,9566.920117000001,180.0,333647.3172111517,0.0,187104.49328792797,520751.81049907964,333757.8116430077,0.0,188006.4211237,521764.23276670766
11,9666.357693,0.037169,0.0,100.0,9566.320524,80.0,333647.3172111517,0.0,187104.49328792797,520751.81049907964,333757.8116430077,0.0,188006.4211237,521764.23276670766
12,9665.757117,0.03375,100.0,0.0,9765.723366999999,168.0,333647.3172111517,0.0,187104.49328792797,520751.81049907964,333757.8116430077,0.0,188006.4211237,521764.23276670766
13,9665.156541,0.034392000000000006,100.0,0.0,9765.122149,256.0,333647.3172111517,0.0,187104.49328792797,520751.81049907964,333757.8116430077,0.0,188006.4211237,521764.23276670766
14,9664.555964,0.031735,100.0,0.0,9764.524228999999,344.0,333647.3172111517,0.0,187104.49328792797,520751.81049907964,333757.8116430077,0.0,188006.4211237,521764.23276670766
15,9663.672293,0.025318,100.0,0.0,9763.646975,432.0,333647.3172111517,0.0,187104.49328792797,520751.81049907964,333757.8116430077,0.0,188006.4211237,521764.23276670766
16,9662.671333,0.015412,100.0,0.0,9762.655921,520.0,333647.3172111517,0.0,187104.49328792797,520751.81049907964,333757.8116430077,0.0,188006.4211237,521764.23276670766
17,9661.670373,0.0045709999999999995,0.0,100.0,9561.665802000001,420.0,333647.3172111517,0.0,187104.49328792797,520751.81049907964,333757.8116430077,0.0,188006.4211237,521764.23276670766
18,9660.669412,0.0,0.0,100.0,9560.669412,320.0,333647.3172111517,0.0,187104.49328792797,520751.81049907964,333757.8116430077,0.0,188006.4211237,521764.23276670766
19,9659.668452,0.0,0.0,100.0,9559.668452,220.0,333647.3172111517,0.0,187104.49328792797,520751.81049907964,333757.8116430077,0.0,188006.4211237,521764.23276670766
20,9660.444255,0.0,0.0,100.0,9560.444255,120.0,333647.3172111517,0.0,187104.49328792797,520751.81049907964,333757.8116430077,0.0,188006.4211237,521764.23276670766
21,9662.646368,0.0,100.0,0.0,9762.646368,208.0,333647.3172111517,0.0,187104.49328792797,520751.81049907964,333757.8116430077,0.0,188006.4211237,521764.23276670766
22,9664.84848,0.0,36.3636363636364,0.0,9701.212116363637,240.0,333647.3172111517,0.0,187104.49328792797,520751.81049907964,333757.8116430077,0.0,188006.4211237,521764.23276670766
23,9667.050593,0.0,0.0,0.0,9667.050593,240.0,333647.3172111517,0.0,187104.49328792797,520751.81049907964,333757.8116430077,0.0,188006.4211237,521764.23276670766
24,9669.252705,0.0,0.0,0.0,9669.252705,240.0,333647.3172111517,0.0,187104.49328792797,520751.81049907964,333757.8116430077,0.0,188006.4211237,521764.23276670766
25,9671.615913,0.0,100.0,0.0,9771.615913,328.0,333647.3172111517,0.0,187104.49328792797,520751.81049907964,333757.8116430077,0.0,188006.4211237,521764.23276670766
26,9674.21841,0.0,100.0,0.0,9774.21841,416.0,333647.3172111517,0.0,187104.49328792797,520751.81049907964,333757.8116430077,0.0,188006.4211237,521764.23276670766
27,9676.820907,0.0,100.0,0.0,9776.820907,504.0,333647.3172111517,0.0,187104.49328792797,520751.81049907964,333757.8116430077,0.0,188006.4211237,521764.23276670766
28,9679.423403,0.0,100.0,0.0,9779.423403,592.0,333647.3172111517,0.0,187104.49328792797,520751.81049907964,333757.8116430077,0.0,188006.4211237,521764.23276670766
29,9682.0259,0.0,100.0,0.0,9782.0259,680.0,333647.3172111517,0.0,187104.49328792797,520751.81049907964,333757.8116430077,0.0,188006.4211237,521764.23276670766
30,9684.077868,0.002916,0.0,100.0,9584.074952,580.0,333647.3172111517,0.0,187104.49328792797,520751.81049907964,333757.8116430077,0.0,188006.4211237,521764.23276670766
31,9684.478252,0.00304,0.0,100.0,9584.475212000001,480.0,333647.3172111517,0.0,187104.49328792797,520751.81049907964,333757.8116430077,0.0,188006.4211237,521764.23276670766
32,9684.878636,0.021466000000000002,0.0,100.0,9584.85717,380.0,333647.3172111517,0.0,187104.49328792797,520751.81049907964,333757.8116430077,0.0,188006.4211237,521764.23276670766
33,9685.279021,0.013621000000000001,0.0,100.0,9585.2654,280.0,333647.3172111517,0.0,187104.49328792797,520751.81049907964,333757.8116430077,0.0,188006.4211237,521764.23276670766
34,9685.679405,0.030586,0.0,100.0,9585.648819,180.0,333647.3172111517,0.0,187104.49328792797,520751.81049907964,333757.8116430077,0.0,188006.4211237,521764.23276670766
35,9686.079789,0.026307,0.0,100.0,9586.053482,80.0,333647.3172111517,0.0,187104.49328792797,520751.81049907964,333757.8116430077,0.0,188006.4211237,521764.23276670766
36,9686.480173,0.026145,100.0,0.0,9786.454028,168.0,333647.3172111517,0.0,187104.49328792797,520751.81049907964,333757.8116430077,0.0,188006.4211237,521764.23276670766
37,9686.880557,0.020612,100.0,0.0,9786.859945,256.0,333647.3172111517,0.0,187104.49328792797,520751.81049907964,333757.8116430077,0.0,188006.4211237,521764.23276670766
38,9687.280941,0.008332,100.0,0.0,9787.272609000001,344.0,333647.3172111517,0.0,187104.49328792797,520751.81049907964,333757.8116430077,0.0,188006.4211237,521764.23276670766
39,9687.681325,0.006718,100.0,0.0,9787.674606999999,432.0,333647.3172111517,0.0,187104.49328792797,520751.81049907964,333757.8116430077,0.0,188006.4211237,521764.23276670766
40,9688.081709,0.003088,100.0,0.0,9788.078621,520.0,333647.3172111517,0.0,187104.49328792797,520751.81049907964,333757.8116430077,0.0,188006.4211237,521764.23276670766
41,9688.482093,0.000694,0.0,100.0,9588.481399,420.0,333647.3172111517,0.0,187104.49328792797,520751.81049907964,333757.8116430077,0.0,188006.4211237,521764.23276670766
42,9688.882477,0.0,0.0,100.0,9588.882477,320.0,333647.3172111517,0.0,187104.49328792797,520751.81049907964,333757.8116430077,0.0,188006.4211237,521764.23276670766
43,9689.282861,0.0,0.0,100.0,9589.282861,220.0,333647.3172111517,0.0,187104.49328792797,520751.81049907964,333757.8116430077,0.0,188006.4211237,521764.23276670766
44,9689.683245,0.0,0.0,100.0,9589.683245,120.0,333647.3172111517,0.0,187104.49328792797,520751.81049907964,333757.8116430077,0.0,188006.4211237,521764.23276670766
45,9690.08363,0.0,100.0,0.0,9790.08363,208.0,333647.3172111517,0.0,187104.49328792797,520751.81049907964,333757.8116430077,0.0,188006.4211237,521764.23276670766
46,9690.166533,0.0,36.3636363636364,0.0,9726.530169363636,240.0,333647.3172111517,0.0,187104.49328792797,520751.81049907964,333757.8116430077,0.0,188006.4211237,521764.23276670766
47,9690.166533,0.0,0.0,0.0,9690.166533,240.0,333647.3172111517,0.0,187104.49328792797,520751.81049907964,333757.8116430077,0.0,188006.4211237,521764.23276670766
48,9690.166533,0.0,0.0,0.0,9690.166533,240.0,333647.3172111517,0.0,187104.49328792797,520751.81049907964,333757.8116430077,0.0,188006.4211237,521764.23276670766
49,9690.166533,0.0,100.0,0.0,9790.166533,328.0,333647.3172111517,0.0,187104.49328792797,520751.81049907964,333757.8116430077,0.0,188006.4211237,521764.23276670766
50,9690.166533,0.0,100.0,0.0,9790.166533,416.0,333647.3172111517,0.0,187104.49328792797,520751.81049907964,333757.8116430077,0.0,188006.4211237,521764.23276670766
51,9690.294773,0.0,100.0,0.0,9790.294773,504.0,333647.3172111517,0.0,187104.49328792797,520751.81049907964,333757.8116430077,0.0,188006.4211237,521764.23276670766
52,9690.494965,0.0,100.0,0.0,9790.494965,592.0,333647.3172111517,0.0,187104.49328792797,520751.81049907964,333757.8116430077,0.0,188006.4211237,521764.23276670766
53,9690.695157,0.0,100.0,0.0,9790.695157,680.0,333647.3172111517,0.0,187104.49328792797,520751.81049907964,333757.8116430077,0.0,188006.4211237,521764.23276670766
54,9690.895349,0.002569,0.0,100.0,9590.89278,580.0,333647.3172111517,0.0,187104.49328792797,520751.81049907964,333757.8116430077,0.0,188006.4211237,521764.23276670766
55,9691.095541,0.012027,0.0,100.0,9591.083514,480.0,333647.3172111517,0.0,187104.49328792797,520751.81049907964,333757.8116430077,0.0,188006.4211237,521764.23276670766
56,9691.295734,0.022749,0.0,100.0,9591.272985,380.0,333647.3172111517,0.0,187104.49328792797,520751.81049907964,333757.8116430077,0.0,188006.4211237,521764.23276670766
57,9691.495926,0.030297,0.0,100.0,9591.465629,280.0,333647.3172111517,0.0,187104.49328792797,520751.81049907964,333757.8116430077,0.0,188006.4211237,521764.23276670766
58,9691.696118,0.034432000000000004,0.0,100.0,9591.661686,180.0,333647.3172111517,0.0,187104.49328792797,520751.81049907964,333757.8116430077,0.0,188006.4211237,521764.23276670766
59,9691.89631,0.036205,0.0,100.0,9591.860105,80.0,333647.3172111517,0.0,187104.49328792797,520751.81049907964,333757.8116430077,0.0,188006.4211237,521764.23276670766
60,9692.096502,0.037425,100.0,0.0,9792.059077,168.0,333647.3172111517,0.0,187104.49328792797,520751.81049907964,333757.8116430077,0.0,188006.4211237,521764.23276670766
61,9692.431176,0.036546,100.0,0.0,9792.39463,256.0,333647.3172111517,0.0,187104.49328792797,520751.81049907964,333757.8116430077,0.0,188006.4211237,521764.23276670766
62,9693.031752,0.028765000000000002,100.0,0.0,9793.002987000002,344.0,333647.3172111517,0.0,187104.49328792797,520751.81049907964,333757.8116430077,0.0,188006.4211237,521764.23276670766
63,9693.632328,0.022704000000000002,100.0,0.0,9793.609623999999,432.0,333647.3172111517,0.0,187104.49328792797,520751.81049907964,333757.8116430077,0.0,188006.4211237,521764.23276670766
64,9694.232904,0.015518,100.0,0.0,9794.217386,520.0,333647.3172111517,0.0,187104.49328792797,520751.81049907964,333757.8116430077,0.0,188006.4211237,521764.23276670766
65,9694.83348,0.004467,0.0,100.0,9594.829012999999,420.0,333647.3172111517,0.0,187104.49328792797,520751.81049907964,333757.8116430077,0.0,188006.4211237,521764.23276670766
66,9696.058656,0.0,0.0,100.0,9596.058656,320.0,333647.3172111517,0.0,187104.49328792797,520751.81049907964,333757.8116430077,0.0,188006.4211237,521764.23276670766
67,9700.062496,0.0,0.0,100.0,9600.062496,220.0,333647.3172111517,0.0,187104.49328792797,520751.81049907964,333757.8116430077,0.0,188006.4211237,521764.23276670766
68,9704.066337,0.0,0.0,100.0,9604.066337,120.0,333647.3172111517,0.0,187104.49328792797,520751.81049907964,333757.8116430077,0.0,188006.4211237,521764.23276670766
69,9708.070178,0.0,100.0,0.0,9808.070178,208.0,333647.3172111517,0.0,187104.49328792797,520751.81049907964,333757.8116430077,0.0,188006.4211237,521764.23276670766
70,9712.074019,0.0,36.3636363636364,0.0,9748.437655363636,240.0,333647.3172111517,0.0,187104.49328792797,520751.81049907964,333757.8116430077,0.0,188006.4211237,521764.23276670766
71,9716.052895,0.0,0.0,0.0,9716.052895,240.0,333647.3172111517,0.0,187104.49328792797,520751.81049907964,333757.8116430077,0.0,188006.4211237,521764.23276670766
72,9719.255968,0.0,0.0,0.0,9719.255968,240.0,333647.3172111517,0.0,187104.49328792797,520751.81049907964,333757.8116430077,0.0,188006.4211237,521764.23276670766
73,9722.45904,0.0,100.0,0.0,9822.45904,328.0,333647.3172111517,0.0,187104.49328792797,520751.81049907964,333757.8116430077,0.0,188006.4211237,521764.23276670766
74,9725.662113,0.0,100.0,0.0,9825.662113,416.0,333647.3172111517,0.0,187104.49328792797,520751.81049907964,333757.8116430077,0.0,188006.4211237,521764.23276670766
75,9728.865186,0.0,100.0,0.0,9828.865186,504.0,333647.3172111517,0.0,187104.49328792797,520751.81049907964,333757.8116430077,0.0,188006.4211237,521764.23276670766
76,9732.068258,0.0,100.0,0.0,9832.068258,592.0,333647.3172111517,0.0,187104.49328792797,520751.81049907964,333757.8116430077,0.0,188006.4211237,521764.23276670766
77,9734.21573,0.0,100.0,0.0,9834.21573,680.0,333647.3172111517,0.0,187104.49328792797,520751.81049907964,333757.8116430077,0.0,188006.4211237,521764.23276670766
78,9736.217651,0.002988,0.0,100.0,9636.214663,580.0,333647.3172111517,0.0,187104.49328792797,520751.81049907964,333757.8116430077,0.0,188006.4211237,521764.23276670766
79,9738.219571,0.012988,0.0,100.0,9638.206583,480.0,333647.3172111517,0.0,187104.49328792797,520751.81049907964,333757.8116430077,0.0,188006.4211237,521764.23276670766
80,9740.221492,0.021376000000000003,0.0,100.0,9640.200116,380.0,333647.3172111517,0.0,187104.49328792797,520751.81049907964,333757.8116430077,0.0,188006.4211237,521764.23276670766
81,9742.223412,0.029515,0.0,100.0,9642.193897,280.0,333647.3172111517,0.0,187104.49328792797,520751.81049907964,333757.8116430077,0.0,188006.4211237,521764.23276670766
82,9742.189262,0.038296,0.0,100.0,9642.150966,180.0,333647.3172111517,0.0,187104.49328792797,520751.81049907964,333757.8116430077,0.0,188006.4211237,521764.23276670766
83,9741.388493,0.036438000000000005,0.0,100.0,9641.352055000001,80.0,333647.3172111517,0.0,187104.49328792797,520751.81049907964,333757.8116430077,0.0,188006.4211237,521764.23276670766
84,9740.587725,0.039619,100.0,0.0,9840.548106,168.0,333647.3172111517,0.0,187104.49328792797,520751.81049907964,333757.8116430077,0.0,188006.4211237,521764.23276670766
85,9739.786957,0.040170000000000004,100.0,0.0,9839.746787,256.0,333647.3172111517,0.0,187104.49328792797,520751.81049907964,333757.8116430077,0.0,188006.4211237,521764.23276670766
86,9738.986189,0.034993,100.0,0.0,9838.951196,344.0,333647.3172111517,0.0,187104.49328792797,520751.81049907964,333757.8116430077,0.0,188006.4211237,521764.23276670766
87,9738.185421,0.026185,100.0,0.0,9838.159236,432.0,333647.3172111517,0.0,187104.49328792797,520751.81049907964,333757.8116430077,0.0,188006.4211237,521764.23276670766
88,9737.384653,0.016002,100.0,0.0,9837.368650999999,520.0,333647.3172111517,0.0,187104.49328792797,520751.81049907964,333757.8116430077,0.0,188006.4211237,521764.23276670766
89,9736.583884,0.0044740000000000005,0.0,100.0,9636.57941,420.0,333647.3172111517,0.0,187104.49328792797,520751.81049907964,333757.8116430077,0.0,188006.4211237,521764.23276670766
90,9735.783116,0.0,0.0,100.0,9635.783116,320.0,333647.3172111517,0.0,187104.49328792797,520751.81049907964,333757.8116430077,0.0,188006.4211237,521764.23276670766
91,9734.982348,0.0,0.0,100.0,9634.982348,220.0,333647.3172111517,0.0,187104.49328792797,520751.81049907964,333757.8116430077,0.0,188006.4211237,521764.23276670766
92,9734.012712,0.0,0.0,100.0,9634.012712,120.0,333647.3172111517,0.0,187104.49328792797,520751.81049907964,333757.8116430077,0.0,188006.4211237,521764.23276670766
93,9732.81156,0.0,100.0,0.0,9832.81156,208.0,333647.3172111517,0.0,187104.49328792797,520751.81049907964,333757.8116430077,0.0,188006.4211237,521764.23276670766
94,9731.610407,0.0,36.3636363636364,0.0,9767.974043363636,240.0,333647.3172111517,0.0,187104.49328792797,520751.81049907964,333757.8116430077,0.0,188006.4211237,521764.23276670766
95,9730.409255,0.0,0.0,0.0,9730.409255,240.0,333647.3172111517,0.0,187104.49328792797,520751.81049907964,333757.8116430077,0.0,188006.4211237,521764.23276670766
96,9729.208103,0.0,0.0,0.0,9729.208103,240.0,333647.3172111517,0.0,187104.49328792797,520751.81049907964,333757.8116430077,0.0,188006.4211237,521764.23276670766
97,9728.006951,0.0,100.0,0.0,9828.006951,328.0,333647.3172111517,0.0,187104.49328792797,520751.81049907964,333757.8116430077,0.0,188006.4211237,521764.23276670766
98,9726.805798,0.0,100.0,0.0,9826.805798,416.0,333647.3172111517,0.0,187104.49328792797,520751.81049907964,333757.8116430077,0.0,188006.4211237,521764.23276670766
99,9725.604646,0.0,100.0,0.0,9825.604646,504.0,333647.3172111517,0.0,187104.49328792797,520751.81049907964,333757.8116430077,0.0,188006.4211237,521764.23276670766
100,9724.403494,0.0,100.0,0.0,9824.403494,592.0,333647.3172111517,0.0,187104.49328792797,520751.81049907964,333757.8116430077,0.0,188006.4211237,521764.23276670766
101,9723.202342,0.0,100.0,0.0,9823.202342,680.0,333647.3172111517,0.0,187104.49328792797,520751.81049907964,333757.8116430077,0.0,188006.4211237,521764.23276670766
102,9722.024624,0.002719,0.0,100.0,9622.021905,580.0,333647.3172111517,0.0,187104.49328792797,520751.81049907964,333757.8116430077,0.0,188006.4211237,521764.23276670766
103,9721.023663,0.010164999999999999,0.0,100.0,9621.013498,480.0,333647.3172111517,0.0,187104.49328792797,520751.81049907964,333757.8116430077,0.0,188006.4211237,521764.23276670766
104,9720.022703,0.021755,0.0,100.0,9620.000948,380.0,333647.3172111517,0.0,187104.49328792797,520751.81049907964,333757.8116430077,0.0,188006.4211237,521764.23276670766
105,9719.021743,0.028119,0.0,100.0,9618.993623999999,280.0,333647.3172111517,0.0,187104.49328792797,520751.81049907964,333757.8116430077,0.0,188006.4211237,521764.23276670766
106,9718.020783,0.03814,0.0,100.0,9617.982643,180.0,333647.3172111517,0.0,187104.49328792797,520751.81049907964,333757.8116430077,0.0,188006.4211237,521764.23276670766
107,9717.019822,0.040254,0.0,100.0,9616.979568,80.0,333647.3172111517,0.0,187104.49328792797,520751.81049907964,333757.8116430077,0.0,188006.4211237,521764.23276670766
108,9716.211989,0.040582,54.5454545454545,0.0,9770.716861545454,128.0,333647.3172111517,0.0,187104.49328792797,520751.81049907964,333757.8116430077,0.0,188006.4211237,521764.23276670766
109,9715.41122,0.040793,100.0,0.0,9815.370427,216.0,333647.3172111517,0.0,187104.49328792797,520751.81049907964,333757.8116430077,0.0,188006.4211237,521764.23276670766
110,9714.610452,0.021731000000000004,100.0,0.0,9814.588721,304.0,333647.3172111517,0.0,187104.49328792797,520751.81049907964,333757.8116430077,0.0,188006.4211237,521764.23276670766
111,9713.809684,0.026905000000000002,100.0,0.0,9813.782779,392.0,333647.3172111517,0.0,187104.49328792797,520751.81049907964,333757.8116430077,0.0,188006.4211237,521764.23276670766
112,9713.008916,0.015625,100.0,0.0,9812.993291,480.0,333647.3172111517,0.0,187104.49328792797,520751.81049907964,333757.8116430077,0.0,188006.4211237,521764.23276670766
113,9712.045521,0.004618000000000001,0.0,100.0,9612.040903,380.0,333647.3172111517,0.0,187104.49328792797,520751.81049907964,333757.8116430077,0.0,188006.4211237,521764.23276670766
114,9711.044561,0.0,0.0,100.0,9611.044561,280.0,333647.3172111517,0.0,187104.49328792797,520751.81049907964,333757.8116430077,0.0,188006.4211237,521764.23276670766
115,9710.043601,0.0,0.0,100.0,9610.043601,180.0,333647.3172111517,0.0,187104.49328792797,520751.81049907964,333757.8116430077,0.0,188006.4211237,521764.23276670766
116,9709.042641,0.0,0.0,100.0,9609.042641,80.0,333647.3172111517,0.0,187104.49328792797,520751.81049907964,333757.8116430077,0.0,188006.4211237,521764.23276670766
117,9708.04168,0.0,0.0,0.0,9708.04168,80.0,333647.3172111517,0.0,187104.49328792797,520751.81049907964,333757.8116430077,0.0,188006.4211237,521764.23276670766
118,9707.04072,0.0,0.0,0.0,9707.04072,80.0,333647.3172111517,0.0,187104.49328792797,520751.81049907964,333757.8116430077,0.0,188006.4211237,521764.23276670766
119,9706.03976,0.0,0.0,0.0,9706.03976,80.0,333647.3172111517,0.0,187104.49328792797,520751.81049907964,333757.8116430077,0.0,188006.4211237,521764.23276670766
120,9705.0388,0.0,0.0,0.0,9705.0388,80.0,333647.3172111517,0.0,187104.49328792797,520751.81049907964,333757.8116430077,0.0,188006.4211237,521764.23276670766
121,9704.037839,0.0,0.0,0.0,9704.037839,80.0,333647.3172111517,0.0,187104.49328792797,520751.81049907964,333757.8116430077,0.0,188006.4211237,521764.23276670766
122,9703.036879,0.0,0.0,0.0,9703.036879,80.0,333647.3172111517,0.0,187104.49328792797,520751.81049907964,333757.8116430077,0.0,188006.4211237,521764.23276670766
123,9702.137546,0.0,0.0,0.0,9702.137546,80.0,333647.3172111517,0.0,187104.49328792797,520751.81049907964,333757.8116430077,0.0,188006.4211237,521764.23276670766
124,9701.336778,0.0,0.0,0.0,9701.336778,80.0,333647.3172111517,0.0,187104.49328792797,520751.81049907964,333757.8116430077,0.0,188006.4211237,521764.23276670766
125,9700.536009,0.0,0.0,0.0,9700.536009,80.0,333647.3172111517,0.0,187104.49328792797,520751.81049907964,333757.8116430077,0.0,188006.4211237,521764.23276670766
126,9699.735241,0.003045,0.0,0.0,9699.732196,80.0,333647.3172111517,0.0,187104.49328792797,520751.81049907964,333757.8116430077,0.0,188006.4211237,521764.23276670766
127,9698.934473,0.013803000000000001,0.0,0.0,9698.92067,80.0,333647.3172111517,0.0,187104.49328792797,520751.81049907964,333757.8116430077,0.0,188006.4211237,521764.23276670766
128,9698.204832,0.024051,0.0,0.0,9698.180781,80.0,333647.3172111517,0.0,187104.49328792797,520751.81049907964,333757.8116430077,0.0,188006.4211237,521764.23276670766
129,9697.604256,0.029757000000000002,0.0,0.0,9697.574499,80.0,333647.3172111517,0.0,187104.49328792797,520751.81049907964,333757.8116430077,0.0,188006.4211237,521764.23276670766
130,9697.00368,0.036631000000000004,0.0,0.0,9696.967048999999,80.0,333647.3172111517,0.0,187104.49328792797,520751.81049907964,333757.8116430077,0.0,188006.4211237,521764.23276670766
131,9696.403104,0.04158100000000001,0.0,0.0,9696.361523000001,80.0,333647.3172111517,0.0,187104.49328792797,520751.81049907964,333757.8116430077,0.0,188006.4211237,521764.23276670766
132,9695.802527,0.040426000000000004,0.0,0.0,9695.762101,80.0,333647.3172111517,0.0,187104.49328792797,520751.81049907964,333757.8116430077,0.0,188006.4211237,521764.23276670766
133,9695.161324,0.038848999999999995,0.0,0.0,9695.122475,80.0,333647.3172111517,0.0,187104.49328792797,520751.81049907964,333757.8116430077,0.0,188006.4211237,521764.23276670766
134,9694.360556,0.032067,100.0,0.0,9794.328489,168.0,333647.3172111517,0.0,187104.49328792797,520751.81049907964,333757.8116430077,0.0,188006.4211237,521764.23276670766
135,9693.559788,0.017757000000000002,81.8181818181818,0.0,9775.360212818183,240.0,333647.3172111517,0.0,187104.49328792797,520751.81049907964,333757.8116430077,0.0,188006.4211237,521764.23276670766
136,9692.75902,0.011531000000000001,0.0,0.0,9692.747489,240.0,333647.3172111517,0.0,187104.49328792797,520751.81049907964,333757.8116430077,0.0,188006.4211237,521764.23276670766
137,9691.958251,0.004369,0.0,0.0,9691.953882,240.0,333647.3172111517,0.0,187104.49328792797,520751.81049907964,333757.8116430077,0.0,188006.4211237,521764.23276670766
138,9691.167611,0.0,0.0,0.0,9691.167611,240.0,333647.3172111517,0.0,187104.49328792797,520751.81049907964,333757.8116430077,0.0,188006.4211237,521764.23276670766
139,9690.567034,0.0,0.0,0.0,9690.567034,240.0,333647.3172111517,0.0,187104.49328792797,520751.81049907964,333757.8116430077,0.0,188006.4211237,521764.23276670766
140,9689.966458,0.0,0.0,0.0,9689.966458,240.0,333647.3172111517,0.0,187104.49328792797,520751.81049907964,333757.8116430077,0.0,188006.4211237,521764.23276670766
141,9689.365882,0.0,0.0,0.0,9689.365882,240.0,333647.3172111517,0.0,187104.49328792797,520751.81049907964,333757.8116430077,0.0,188006.4211237,521764.23276670766
142,9688.765306,0.0,0.0,0.0,9688.765306,240.0,333647.3172111517,0.0,187104.49328792797,520751.81049907964,333757.8116430077,0.0,188006.4211237,521764.23276670766
143,9688.16473,0.0,0.0,0.0,9688.16473,240.0,333647.3172111517,0.0,187104.49328792797,520751.81049907964,333757.8116430077,0.0,188006.4211237,521764.23276670766
144,9687.564154,0.0,0.0,0.0,9687.564154,240.0,333647.3172111517,0.0,187104.49328792797,520751.81049907964,333757.8116430077,0.0,188006.4211237,521764.23276670766
145,9686.963578,0.0,0.0,0.0,9686.963578,240.0,333647.3172111517,0.0,187104.49328792797,520751.81049907964,333757.8116430077,0.0,188006.4211237,521764.23276670766
146,9686.363002,0.0,0.0,0.0,9686.363002,240.0,333647.3172111517,0.0,187104.49328792797,520751.81049907964,333757.8116430077,0.0,188006.4211237,521764.23276670766
147,9685.762425,0.0,0.0,0.0,9685.762425,240.0,333647.3172111517,0.0,187104.49328792797,520751.81049907964,333757.8116430077,0.0,188006.4211237,521764.23276670766
148,9685.161849,0.0,0.0,0.0,9685.161849,240.0,333647.3172111517,0.0,187104.49328792797,520751.81049907964,333757.8116430077,0.0,188006.4211237,521764.23276670766
149,9684.561273,0.0,0.0,0.0,9684.561273,240.0,333647.3172111517,0.0,187104.49328792797,520751.81049907964,333757.8116430077,0.0,188006.4211237,521764.23276670766
150,9683.960697,0.002926,0.0,0.0,9683.957771000001,240.0,333647.3172111517,0.0,187104.49328792797,520751.81049907964,333757.8116430077,0.0,188006.4211237,521764.23276670766
151,9683.360121,0.009914,0.0,0.0,9683.350207,240.0,333647.3172111517,0.0,187104.49328792797,520751.81049907964,333757.8116430077,0.0,188006.4211237,521764.23276670766
152,9682.759545,0.023014,0.0,0.0,9682.736531,240.0,333647.3172111517,0.0,187104.49328792797,520751.81049907964,333757.8116430077,0.0,188006.4211237,521764.23276670766
153,9682.158969,0.032028,0.0,0.0,9682.126941,240.0,333647.3172111517,0.0,187104.49328792797,520751.81049907964,333757.8116430077,0.0,188006.4211237,521764.23276670766
154,9681.558392,0.036513,0.0,0.0,9681.521879000002,240.0,333647.3172111517,0.0,187104.49328792797,520751.81049907964,333757.8116430077,0.0,188006.4211237,521764.23276670766
155,9680.957816,0.00632,0.0,0.0,9680.951496,240.0,333647.3172111517,0.0,187104.49328792797,520751.81049907964,333757.8116430077,0.0,188006.4211237,521764.23276670766
156,9680.35724,0.025601,0.0,0.0,9680.331639,240.0,333647.3172111517,0.0,187104.49328792797,520751.81049907964,333757.8116430077,0.0,188006.4211237,521764.23276670766
157,9679.756664,0.040621000000000004,0.0,0.0,9679.716043,240.0,333647.3172111517,0.0,187104.49328792797,520751.81049907964,333757.8116430077,0.0,188006.4211237,521764.23276670766
158,9679.156088,0.019588,0.0,0.0,9679.1365,240.0,333647.3172111517,0.0,187104.49328792797,520751.81049907964,333757.8116430077,0.0,188006.4211237,521764.23276670766
159,9678.643832,0.027011,0.0,0.0,9678.616821,240.0,333647.3172111517,0.0,187104.49328792797,520751.81049907964,333757.8116430077,0.0,188006.4211237,521764.23276670766
160,9678.243448,0.016026,0.0,0.0,9678.227422,240.0,333647.3172111517,0.0,187104.49328792797,520751.81049907964,333757.8116430077,0.0,188006.4211237,521764.23276670766
161,9677.843064,0.004611,0.0,0.0,9677.838453,240.0,333647.3172111517,0.0,187104.49328792797,520751.81049907964,333757.8116430077,0.0,188006.4211237,521764.23276670766
162,9677.44268,0.0,0.0,0.0,9677.44268,240.0,333647.3172111517,0.0,187104.49328792797,520751.81049907964,333757.8116430077,0.0,188006.4211237,521764.23276670766
163,9677.042295,0.0,0.0,0.0,9677.042295,240.0,333647.3172111517,0.0,187104.49328792797,520751.81049907964,333757.8116430077,0.0,188006.4211237,521764.23276670766
164,9676.757552,0.0,0.0,0.0,9676.757552,240.0,333647.3172111517,0.0,187104.49328792797,520751.81049907964,333757.8116430077,0.0,188006.4211237,521764.23276670766
165,9676.757552,0.0,0.0,0.0,9676.757552,240.0,333647.3172111517,0.0,187104.49328792797,520751.81049907964,333757.8116430077,0.0,188006.4211237,521764.23276670766
166,9676.757552,0.0,0.0,0.0,9676.757552,240.0,333647.3172111517,0.0,187104.49328792797,520751.81049907964,333757.8116430077,0.0,188006.4211237,521764.23276670766
167,9676.757552,0.0,0.0,0.0,9676.757552,240.0,333647.3172111517,0.0,187104.49328792797,520751.81049907964,333757.8116430077,0.0,188006.4211237,521764.23276670766
168,9676.757552,0.0,0.0,0.0,9676.757552,240.0,333647.3172111517,0.0,187104.49328792797,520751.81049907964,333757.8116430077,0.0,188006.4211237,521764.23276670766
169,9676.757552,0.0,100.0,0.0,9776.757552,328.0,333647.3172111517,0.0,187104.49328792797,520751.81049907964,333757.8116430077,0.0,188006.4211237,521764.23276670766
170,9676.757552,0.0,100.0,0.0,9776.757552,416.0,333647.3172111517,0.0,187104.49328792797,520751.81049907964,333757.8116430077,0.0,188006.4211237,521764.23276670766
171,9676.757552,0.0,100.0,0.0,9776.757552,504.0,333647.3172111517,0.0,187104.49328792797,520751.81049907964,333757.8116430077,0.0,188006.4211237,521764.23276670766
172,9676.757552,0.0,100.0,0.0,9776.757552,592.0,333647.3172111517,0.0,187104.49328792797,520751.81049907964,333757.8116430077,0.0,188006.4211237,521764.23276670766
173,9676.757552,0.0,100.0,0.0,9776.757552,680.0,333647.3172111517,0.0,187104.49328792797,520751.81049907964,333757.8116430077,0.0,188006.4211237,521764.23276670766
174,9676.757552,0.003065,0.0,100.0,9576.754486999998,580.0,333647.3172111517,0.0,187104.49328792797,520751.81049907964,333757.8116430077,0.0,188006.4211237,521764.23276670766
175,9676.954564,0.013373,0.0,100.0,9576.941191,480.0,333647.3172111517,0.0,187104.49328792797,520751.81049907964,333757.8116430077,0.0,188006.4211237,521764.23276670766
176,9677.154756,0.023802,0.0,100.0,9577.130954,380.0,333647.3172111517,0.0,187104.49328792797,520751.81049907964,333757.8116430077,0.0,188006.4211237,521764.23276670766
177,9677.354948,0.029316,0.0,100.0,9577.325632,280.0,333647.3172111517,0.0,187104.49328792797,520751.81049907964,333757.8116430077,0.0,188006.4211237,521764.23276670766
178,9677.55514,0.034299,0.0,100.0,9577.520841,180.0,333647.3172111517,0.0,187104.49328792797,520751.81049907964,333757.8116430077,0.0,188006.4211237,521764.23276670766
179,9677.755332,0.035994,0.0,100.0,9577.719338,80.0,333647.3172111517,0.0,187104.49328792797,520751.81049907964,333757.8116430077,0.0,188006.4211237,521764.23276670766
180,9677.622499,0.036874000000000004,100.0,0.0,9777.585625,168.0,333647.3172111517,0.0,187104.49328792797,520751.81049907964,333757.8116430077,0.0,188006.4211237,521764.23276670766
181,9677.422307,0.037563000000000006,100.0,0.0,9777.384744,256.0,333647.3172111517,0.0,187104.49328792797,520751.81049907964,333757.8116430077,0.0,188006.4211237,521764.23276670766
182,9677.222115,0.032755000000000006,100.0,0.0,9777.18936,344.0,333647.3172111517,0.0,187104.49328792797,520751.81049907964,333757.8116430077,0.0,188006.4211237,521764.23276670766
183,9677.021923,0.025374,100.0,0.0,9776.996549,432.0,333647.3172111517,0.0,187104.49328792797,520751.81049907964,333757.8116430077,0.0,188006.4211237,521764.23276670766
184,9676.821731,0.015392,100.0,0.0,9776.806339,520.0,333647.3172111517,0.0,187104.49328792797,520751.81049907964,333757.8116430077,0.0,188006.4211237,521764.23276670766
185,9676.757552,0.004398,0.0,100.0,9576.753154,420.0,333647.3172111517,0.0,187104.49328792797,520751.81049907964,333757.8116430077,0.0,188006.4211237,521764.23276670766
186,9676.757552,0.0,0.0,100.0,9576.757552,320.0,333647.3172111517,0.0,187104.49328792797,520751.81049907964,333757.8116430077,0.0,188006.4211237,521764.23276670766
187,9676.757552,0.0,0.0,100.0,9576.757552,220.0,333647.3172111517,0.0,187104.49328792797,520751.81049907964,333757.8116430077,0.0,188006.4211237,521764.23276670766
188,9676.757552,0.0,0.0,100.0,9576.757552,120.0,333647.3172111517,0.0,187104.49328792797,520751.81049907964,333757.8116430077,0.0,188006.4211237,521764.23276670766
189,9676.757552,0.0,100.0,0.0,9776.757552,208.0,333647.3172111517,0.0,187104.49328792797,520751.81049907964,333757.8116430077,0.0,188006.4211237,521764.23276670766
190,9676.652039,0.0,36.3636363636364,0.0,9713.015675363637,240.0,333647.3172111517,0.0,187104.49328792797,520751.81049907964,333757.8116430077,0.0,188006.4211237,521764.23276670766
191,9676.451847,0.0,0.0,0.0,9676.451847,240.0,333647.3172111517,0.0,187104.49328792797,520751.81049907964,333757.8116430077,0.0,188006.4211237,521764.23276670766
192,9676.251655,0.0,0.0,0.0,9676.251655,240.0,333647.3172111517,0.0,187104.49328792797,520751.81049907964,333757.8116430077,0.0,188006.4211237,521764.23276670766
193,9676.051463,0.0,100.0,0.0,9776.051463,328.0,333647.3172111517,0.0,187104.49328792797,520751.81049907964,333757.8116430077,0.0,188006.4211237,521764.23276670766
194,9675.851271,0.0,100.0,0.0,9775.851271,416.0,333647.3172111517,0.0,187104.49328792797,520751.81049907964,333757.8116430077,0.0,188006.4211237,521764.23276670766
195,9675.726092,0.0,100.0,0.0,9775.726092,504.0,333647.3172111517,0.0,187104.49328792797,520751.81049907964,333757.8116430077,0.0,188006.4211237,521764.23276670766
196,9675.726092,0.0,100.0,0.0,9775.726092,592.0,333647.3172111517,0.0,187104.49328792797,520751.81049907964,333757.8116430077,0.0,188006.4211237,521764.23276670766
197,9675.726092,0.0,100.0,0.0,9775.726092,680.0,333647.3172111517,0.0,187104.49328792797,520751.81049907964,333757.8116430077,0.0,188006.4211237,521764.23276670766
198,9675.726092,0.003278,0.0,100.0,9575.722814,580.0,333647.3172111517,0.0,187104.49328792797,520751.81049907964,333757.8116430077,0.0,188006.4211237,521764.23276670766
199,9675.726092,0.012768000000000002,0.0,100.0,9575.713324,480.0,333647.3172111517,0.0,187104.49328792797,520751.81049907964,333757.8116430077,0.0,188006.4211237,521764.23276670766
200,9675.681578,0.022594000000000003,0.0,100.0,9575.658984,380.0,333647.3172111517,0.0,187104.49328792797,520751.81049907964,333757.8116430077,0.0,188006.4211237,521764.23276670766
201,9675.481386,0.032163,0.0,100.0,9575.449223,280.0,333647.3172111517,0.0,187104.49328792797,520751.81049907964,333757.8116430077,0.0,188006.4211237,521764.23276670766
202,9675.281194,0.037637000000000004,0.0,100.0,9575.243557,180.0,333647.3172111517,0.0,187104.49328792797,520751.81049907964,333757.8116430077,0.0,188006.4211237,521764.23276670766
203,9675.081002,0.040098999999999996,0.0,100.0,9575.040903000001,80.0,333647.3172111517,0.0,187104.49328792797,520751.81049907964,333757.8116430077,0.0,188006.4211237,521764.23276670766
204,9674.88081,0.040123,100.0,0.0,9774.840687,168.0,333647.3172111517,0.0,187104.49328792797,520751.81049907964,333757.8116430077,0.0,188006.4211237,521764.23276670766
205,9674.708645,0.037526000000000004,100.0,0.0,9774.671119,256.0,333647.3172111517,0.0,187104.49328792797,520751.81049907964,333757.8116430077,0.0,188006.4211237,521764.23276670766
206,9674.908837,0.032848999999999996,100.0,0.0,9774.875988000002,344.0,333647.3172111517,0.0,187104.49328792797,520751.81049907964,333757.8116430077,0.0,188006.4211237,521764.23276670766
207,9675.109029,0.025827000000000003,100.0,0.0,9775.083202,432.0,333647.3172111517,0.0,187104.49328792797,520751.81049907964,333757.8116430077,0.0,188006.4211237,521764.23276670766
208,9675.309221,0.014161,100.0,0.0,9775.29506,520.0,333647.3172111517,0.0,187104.49328792797,520751.81049907964,333757.8116430077,0.0,188006.4211237,521764.23276670766
209,9675.509413,0.004313,0.0,100.0,9575.5051,420.0,333647.3172111517,0.0,187104.49328792797,520751.81049907964,333757.8116430077,0.0,188006.4211237,521764.23276670766
210,9675.709605,0.0,0.0,100.0,9575.709605,320.0,333647.3172111517,0.0,187104.49328792797,520751.81049907964,333757.8116430077,0.0,188006.4211237,521764.23276670766
211,9675.909797,0.0,0.0,100.0,9575.909797,220.0,333647.3172111517,0.0,187104.49328792797,520751.81049907964,333757.8116430077,0.0,188006.4211237,521764.23276670766
212,9676.109989,0.0,0.0,100.0,9576.109989,120.0,333647.3172111517,0.0,187104.49328792797,520751.81049907964,333757.8116430077,0.0,188006.4211237,521764.23276670766
213,9676.310181,0.0,100.0,0.0,9776.310181,208.0,333647.3172111517,0.0,187104.49328792797,520751.81049907964,333757.8116430077,0.0,188006.4211237,521764.23276670766
214,9676.510373,0.0,36.3636363636364,0.0,9712.874009363635,240.0,333647.3172111517,0.0,187104.49328792797,520751.81049907964,333757.8116430077,0.0,188006.4211237,521764.23276670766
215,9676.710565,0.0,0.0,0.0,9676.710565,240.0,333647.3172111517,0.0,187104.49328792797,520751.81049907964,333757.8116430077,0.0,188006.4211237,521764.23276670766
216,9676.910758,0.0,0.0,0.0,9676.910758,240.0,333647.3172111517,0.0,187104.49328792797,520751.81049907964,333757.8116430077,0.0,188006.4211237,521764.23276670766
217,9677.11095,0.0,100.0,0.0,9777.11095,328.0,333647.3172111517,0.0,187104.49328792797,520751.81049907964,333757.8116430077,0.0,188006.4211237,521764.23276670766
218,9677.311142,0.0,100.0,0.0,9777.311142,416.0,333647.3172111517,0.0,187104.49328792797,520751.81049907964,333757.8116430077,0.0,188006.4211237,521764.23276670766
219,9677.511334,0.0,100.0,0.0,9777.511334,504.0,333647.3172111517,0.0,187104.49328792797,520751.81049907964,333757.8116430077,0.0,188006.4211237,521764.23276670766
220,9677.711526,0.0,100.0,0.0,9777.711526,592.0,333647.3172111517,0.0,187104.49328792797,520751.81049907964,333757.8116430077,0.0,188006.4211237,521764.23276670766
221,9678.279836,0.0,100.0,0.0,9778.279836,680.0,333647.3172111517,0.0,187104.49328792797,520751.81049907964,333757.8116430077,0.0,188006.4211237,521764.23276670766
222,9679.080604,0.003427,0.0,100.0,9579.077177000001,580.0,333647.3172111517,0.0,187104.49328792797,520751.81049907964,333757.8116430077,0.0,188006.4211237,521764.23276670766
223,9679.881372,0.013414,0.0,100.0,9579.867958,480.0,333647.3172111517,0.0,187104.49328792797,520751.81049907964,333757.8116430077,0.0,188006.4211237,521764.23276670766
224,9680.68214,0.023773,0.0,100.0,9580.658367,380.0,333647.3172111517,0.0,187104.49328792797,520751.81049907964,333757.8116430077,0.0,188006.4211237,521764.23276670766
225,9681.482908,0.031084,0.0,100.0,9581.451824,280.0,333647.3172111517,0.0,187104.49328792797,520751.81049907964,333757.8116430077,0.0,188006.4211237,521764.23276670766
226,9682.560295,0.034932000000000005,0.0,100.0,9582.525362999999,180.0,333647.3172111517,0.0,187104.49328792797,520751.81049907964,333757.8116430077,0.0,188006.4211237,521764.23276670766
227,9683.961639,0.038024,0.0,100.0,9583.923615,80.0,333647.3172111517,0.0,187104.49328792797,520751.81049907964,333757.8116430077,0.0,188006.4211237,521764.23276670766
228,9685.362983,0.034519,100.0,0.0,9785.328464,168.0,333647.3172111517,0.0,187104.49328792797,520751.81049907964,333757.8116430077,0.0,188006.4211237,521764.23276670766
229,9686.764328,0.032320999999999996,100.0,0.0,9786.732006999999,256.0,333647.3172111517,0.0,187104.49328792797,520751.81049907964,333757.8116430077,0.0,188006.4211237,521764.23276670766
230,9688.165672,0.017774,100.0,0.0,9788.147898,344.0,333647.3172111517,0.0,187104.49328792797,520751.81049907964,333757.8116430077,0.0,188006.4211237,521764.23276670766
231,9689.567016,0.010089,100.0,0.0,9789.556927000001,432.0,333647.3172111517,0.0,187104.49328792797,520751.81049907964,333757.8116430077,0.0,188006.4211237,521764.23276670766
232,9690.968361,0.005275,100.0,0.0,9790.963086,520.0,333647.3172111517,0.0,187104.49328792797,520751.81049907964,333757.8116430077,0.0,188006.4211237,521764.23276670766
233,9692.369705,0.002383,0.0,100.0,9592.367322,420.0,333647.3172111517,0.0,187104.49328792797,520751.81049907964,333757.8116430077,0.0,188006.4211237,521764.23276670766
234,9693.771049,0.0,0.0,100.0,9593.771049,320.0,333647.3172111517,0.0,187104.49328792797,520751.81049907964,333757.8116430077,0.0,188006.4211237,521764.23276670766
235,9695.172394,0.0,0.0,100.0,9595.172394,220.0,333647.3172111517,0.0,187104.49328792797,520751.81049907964,333757.8116430077,0.0,188006.4211237,521764.23276670766
236,9696.573738,0.0,0.0,100.0,9596.573738,120.0,333647.3172111517,0.0,187104.49328792797,520751.81049907964,333757.8116430077,0.0,188006.4211237,521764.23276670766
237,9697.975082,0.0,100.0,0.0,9797.975082,208.0,333647.3172111517,0.0,187104.49328792797,520751.81049907964,333757.8116430077,0.0,188006.4211237,521764.23276670766
238,9699.376427,0.0,36.3636363636364,0.0,9735.740063363635,240.0,333647.3172111517,0.0,187104.49328792797,520751.81049907964,333757.8116430077,0.0,188006.4211237,521764.23276670766
239,9700.777771,0.0,0.0,0.0,9700.777771,240.0,333647.3172111517,0.0,187104.49328792797,520751.81049907964,333757.8116430077,0.0,188006.4211237,521764.23276670766
240,9702.179115,0.0,0.0,0.0,9702.179115,240.0,333647.3172111517,0.0,187104.49328792797,520751.81049907964,333757.8116430077,0.0,188006.4211237,521764.23276670766
241,9703.580459,0.0,100.0,0.0,9803.580459,328.0,333647.3172111517,0.0,187104.49328792797,520751.81049907964,333757.8116430077,0.0,188006.4211237,521764.23276670766
242,9704.981804,0.0,100.0,0.0,9804.981804,416.0,333647.3172111517,0.0,187104.49328792797,520751.81049907964,333757.8116430077,0.0,188006.4211237,521764.23276670766
243,9706.383148,0.0,100.0,0.0,9806.383148,504.0,333647.3172111517,0.0,187104.49328792797,520751.81049907964,333757.8116430077,0.0,188006.4211237,521764.23276670766
244,9707.784492,0.0,100.0,0.0,9807.784492,592.0,333647.3172111517,0.0,187104.49328792797,520751.81049907964,333757.8116430077,0.0,188006.4211237,521764.23276670766
245,9709.185837,0.0,100.0,0.0,9809.185837,680.0,333647.3172111517,0.0,187104.49328792797,520751.81049907964,333757.8116430077,0.0,188006.4211237,521764.23276670766
246,9710.587181,0.003492,0.0,100.0,9610.583689000001,580.0,333647.3172111517,0.0,187104.49328792797,520751.81049907964,333757.8116430077,0.0,188006.4211237,521764.23276670766
247,9713.522114,0.013118000000000001,0.0,100.0,9613.508995999999,480.0,333647.3172111517,0.0,187104.49328792797,520751.81049907964,333757.8116430077,0.0,188006.4211237,521764.23276670766
248,9716.725187,0.021598,0.0,100.0,9616.703589,380.0,333647.3172111517,0.0,187104.49328792797,520751.81049907964,333757.8116430077,0.0,188006.4211237,521764.23276670766
249,9719.92826,0.028911000000000003,0.0,100.0,9619.899349000001,280.0,333647.3172111517,0.0,187104.49328792797,520751.81049907964,333757.8116430077,0.0,188006.4211237,521764.23276670766
250,9723.131332,0.035629,0.0,100.0,9623.095703,180.0,333647.3172111517,0.0,187104.49328792797,520751.81049907964,333757.8116430077,0.0,188006.4211237,521764.23276670766
251,9726.334405,0.037005,0.0,100.0,9626.2974,80.0,333647.3172111517,0.0,187104.49328792797,520751.81049907964,333757.8116430077,0.0,188006.4211237,521764.23276670766
252,9729.957174,0.038964,100.0,0.0,9829.91821,168.0,333647.3172111517,0.0,187104.49328792797,520751.81049907964,333757.8116430077,0.0,188006.4211237,521764.23276670766
253,9733.760823,0.036213999999999996,100.0,0.0,9833.724609,256.0,333647.3172111517,0.0,187104.49328792797,520751.81049907964,333757.8116430077,0.0,188006.4211237,521764.23276670766
254,9737.564472,0.031749,100.0,0.0,9837.532723,344.0,333647.3172111517,0.0,187104.49328792797,520751.81049907964,333757.8116430077,0.0,188006.4211237,521764.23276670766
255,9741.368121,0.024686,100.0,0.0,9841.343434999999,432.0,333647.3172111517,0.0,187104.49328792797,520751.81049907964,333757.8116430077,0.0,188006.4211237,521764.23276670766
256,9745.17177,0.01447,100.0,0.0,9845.1573,520.0,333647.3172111517,0.0,187104.49328792797,520751.81049907964,333757.8116430077,0.0,188006.4211237,521764.23276670766
257,9748.647221,0.0043890000000000005,0.0,100.0,9648.642832,420.0,333647.3172111517,0.0,187104.49328792797,520751.81049907964,333757.8116430077,0.0,188006.4211237,521764.23276670766
258,9751.850294,0.0,0.0,100.0,9651.850294,320.0,333647.3172111517,0.0,187104.49328792797,520751.81049907964,333757.8116430077,0.0,188006.4211237,521764.23276670766
259,9755.053367,0.0,0.0,100.0,9655.053367,220.0,333647.3172111517,0.0,187104.49328792797,520751.81049907964,333757.8116430077,0.0,188006.4211237,521764.23276670766
260,9758.25644,0.0,0.0,100.0,9658.25644,120.0,333647.3172111517,0.0,187104.49328792797,520751.81049907964,333757.8116430077,0.0,188006.4211237,521764.23276670766
261,9761.459512,0.0,100.0,0.0,9861.459512,208.0,333647.3172111517,0.0,187104.49328792797,520751.81049907964,333757.8116430077,0.0,188006.4211237,521764.23276670766
262,9764.662585,0.0,36.3636363636364,0.0,9801.026221363636,240.0,333647.3172111517,0.0,187104.49328792797,520751.81049907964,333757.8116430077,0.0,188006.4211237,521764.23276670766
263,9767.865658,0.0,0.0,0.0,9767.865658,240.0,333647.3172111517,0.0,187104.49328792797,520751.81049907964,333757.8116430077,0.0,188006.4211237,521764.23276670766
264,9771.06873,0.0,0.0,0.0,9771.06873,240.0,333647.3172111517,0.0,187104.49328792797,520751.81049907964,333757.8116430077,0.0,188006.4211237,521764.23276670766
265,9774.271803,0.0,100.0,0.0,9874.271803,328.0,333647.3172111517,0.0,187104.49328792797,520751.81049907964,333757.8116430077,0.0,188006.4211237,521764.23276670766
266,9777.474876,0.0,100.0,0.0,9877.474876,416.0,333647.3172111517,0.0,187104.49328792797,520751.81049907964,333757.8116430077,0.0,188006.4211237,521764.23276670766
267,9780.677949,0.0,100.0,0.0,9880.677949,504.0,333647.3172111517,0.0,187104.49328792797,520751.81049907964,333757.8116430077,0.0,188006.4211237,521764.23276670766
268,9783.881021,0.0,100.0,0.0,9883.881021,592.0,333647.3172111517,0.0,187104.49328792797,520751.81049907964,333757.8116430077,0.0,188006.4211237,521764.23276670766
269,9787.084094,0.0,100.0,0.0,9887.084094,680.0,333647.3172111517,0.0,187104.49328792797,520751.81049907964,333757.8116430077,0.0,188006.4211237,521764.23276670766
270,9790.287167,0.0045460000000000006,0.0,100.0,9690.282621,580.0,333647.3172111517,0.0,187104.49328792797,520751.81049907964,333757.8116430077,0.0,188006.4211237,521764.23276670766
271,9793.490239,0.0119,0.0,100.0,9693.478339000001,480.0,333647.3172111517,0.0,187104.49328792797,520751.81049907964,333757.8116430077,0.0,188006.4211237,521764.23276670766
272,9796.711212,0.022975000000000002,0.0,100.0,9696.688237,380.0,333647.3172111517,0.0,187104.49328792797,520751.81049907964,333757.8116430077,0.0,188006.4211237,521764.23276670766
273,9800.114476,0.029993,0.0,100.0,9700.084483,280.0,333647.3172111517,0.0,187104.49328792797,520751.81049907964,333757.8116430077,0.0,188006.4211237,521764.23276670766
274,9803.517741,0.036048000000000004,0.0,100.0,9703.481693,180.0,333647.3172111517,0.0,187104.49328792797,520751.81049907964,333757.8116430077,0.0,188006.4211237,521764.23276670766
275,9806.921006,0.037421,0.0,100.0,9706.883585,80.0,333647.3172111517,0.0,187104.49328792797,520751.81049907964,333757.8116430077,0.0,188006.4211237,521764.23276670766
276,9810.324271,0.038520000000000006,54.5454545454545,0.0,9864.831205545453,128.0,333647.3172111517,0.0,187104.49328792797,520751.81049907964,333757.8116430077,0.0,188006.4211237,521764.23276670766
277,9813.727535,0.039529,100.0,0.0,9913.688006,216.0,333647.3172111517,0.0,187104.49328792797,520751.81049907964,333757.8116430077,0.0,188006.4211237,521764.23276670766
278,9816.943208,0.027349000000000002,100.0,0.0,9916.915859,304.0,333647.3172111517,0.0,187104.49328792797,520751.81049907964,333757.8116430077,0.0,188006.4211237,521764.23276670766
279,9820.146281,0.014708,100.0,0.0,9920.131572999999,392.0,333647.3172111517,0.0,187104.49328792797,520751.81049907964,333757.8116430077,0.0,188006.4211237,521764.23276670766
280,9823.349354,0.002454,100.0,0.0,9923.3469,480.0,333647.3172111517,0.0,187104.49328792797,520751.81049907964,333757.8116430077,0.0,188006.4211237,521764.23276670766
281,9826.552427,0.004983,0.0,100.0,9726.547444,380.0,333647.3172111517,0.0,187104.49328792797,520751.81049907964,333757.8116430077,0.0,188006.4211237,521764.23276670766
282,9829.755499,0.0,0.0,100.0,9729.755499,280.0,333647.3172111517,0.0,187104.49328792797,520751.81049907964,333757.8116430077,0.0,188006.4211237,521764.23276670766
283,9833.272756,0.0,0.0,100.0,9733.272756,180.0,333647.3172111517,0.0,187104.49328792797,520751.81049907964,333757.8116430077,0.0,188006.4211237,521764.23276670766
284,9836.876213,0.0,0.0,100.0,9736.876213,80.0,333647.3172111517,0.0,187104.49328792797,520751.81049907964,333757.8116430077,0.0,188006.4211237,521764.23276670766
285,9840.479669,0.0,0.0,0.0,9840.479669,80.0,333647.3172111517,0.0,187104.49328792797,520751.81049907964,333757.8116430077,0.0,188006.4211237,521764.23276670766
286,9844.083126,0.0,0.0,0.0,9844.083126,80.0,333647.3172111517,0.0,187104.49328792797,520751.81049907964,333757.8116430077,0.0,188006.4211237,521764.23276670766
287,9847.686583,0.0,0.0,0.0,9847.686583,80.0,333647.3172111517,0.0,187104.49328792797,520751.81049907964,333757.8116430077,0.0,188006.4211237,521764.23276670766
288,9851.669816,0.0,0.0,0.0,9851.669816,80.0,333647.3172111517,0.0,187104.49328792797,520751.81049907964,333757.8116430077,0.0,188006.4211237,521764.23276670766
289,9855.873849,0.0,0.0,0.0,9855.873849,80.0,333647.3172111517,0.0,187104.49328792797,520751.81049907964,333757.8116430077,0.0,188006.4211237,521764.23276670766
290,9860.077882,0.0,0.0,0.0,9860.077882,80.0,333647.3172111517,0.0,187104.49328792797,520751.81049907964,333757.8116430077,0.0,188006.4211237,521764.23276670766
291,9864.281915,0.0,0.0,0.0,9864.281915,80.0,333647.3172111517,0.0,187104.49328792797,520751.81049907964,333757.8116430077,0.0,188006.4211237,521764.23276670766
292,9868.485948,0.0,0.0,0.0,9868.485948,80.0,333647.3172111517,0.0,187104.49328792797,520751.81049907964,333757.8116430077,0.0,188006.4211237,521764.23276670766
293,9872.113427,0.0,0.0,0.0,9872.113427,80.0,333647.3172111517,0.0,187104.49328792797,520751.81049907964,333757.8116430077,0.0,188006.4211237,521764.23276670766
294,9875.116308,0.004335,0.0,0.0,9875.111973000001,80.0,333647.3172111517,0.0,187104.49328792797,520751.81049907964,333757.8116430077,0.0,188006.4211237,521764.23276670766
295,9878.119189,0.013001,0.0,0.0,9878.106188,80.0,333647.3172111517,0.0,187104.49328792797,520751.81049907964,333757.8116430077,0.0,188006.4211237,521764.23276670766
296,9881.122069,0.020908000000000003,0.0,0.0,9881.101160999999,80.0,333647.3172111517,0.0,187104.49328792797,520751.81049907964,333757.8116430077,0.0,188006.4211237,521764.23276670766
297,9884.12495,0.029013,0.0,0.0,9884.095937,80.0,333647.3172111517,0.0,187104.49328792797,520751.81049907964,333757.8116430077,0.0,188006.4211237,521764.23276670766
298,9886.799869,0.033664,0.0,0.0,9886.766205,80.0,333647.3172111517,0.0,187104.49328792797,520751.81049907964,333757.8116430077,0.0,188006.4211237,521764.23276670766
299,9888.80179,0.0368,0.0,0.0,9888.76499,80.0,333647.3172111517,0.0,187104.49328792797,520751.81049907964,333757.8116430077,0.0,188006.4211237,521764.23276670766
300,9890.80371,0.038277,0.0,0.0,9890.765433,80.0,333647.3172111517,0.0,187104.49328792797,520751.81049907964,333757.8116430077,0.0,188006.4211237,521764.23276670766
301,9892.80563,0.037476999999999996,0.0,0.0,9892.768153,80.0,333647.3172111517,0.0,187104.49328792797,520751.81049907964,333757.8116430077,0.0,188006.4211237,521764.23276670766
302,9894.807551,0.033044,100.0,0.0,9994.774507,168.0,333647.3172111517,0.0,187104.49328792797,520751.81049907964,333757.8116430077,0.0,188006.4211237,521764.23276670766
303,9896.949841,0.025522,81.8181818181818,0.0,9978.742500818182,240.0,333647.3172111517,0.0,187104.49328792797,520751.81049907964,333757.8116430077,0.0,188006.4211237,521764.23276670766
304,9899.75253,0.015521000000000002,0.0,0.0,9899.737009,240.0,333647.3172111517,0.0,187104.49328792797,520751.81049907964,333757.8116430077,0.0,188006.4211237,521764.23276670766
305,9902.555218,0.003994,0.0,0.0,9902.551223999999,240.0,333647.3172111517,0.0,187104.49328792797,520751.81049907964,333757.8116430077,0.0,188006.4211237,521764.23276670766
306,9905.357907,0.0,0.0,0.0,9905.357907,240.0,333647.3172111517,0.0,187104.49328792797,520751.81049907964,333757.8116430077,0.0,188006.4211237,521764.23276670766
307,9908.160596,0.0,0.0,0.0,9908.160596,240.0,333647.3172111517,0.0,187104.49328792797,520751.81049907964,333757.8116430077,0.0,188006.4211237,521764.23276670766
308,9911.000025,0.0,0.0,0.0,9911.000025,240.0,333647.3172111517,0.0,187104.49328792797,520751.81049907964,333757.8116430077,0.0,188006.4211237,521764.23276670766
309,9915.40425,0.0,0.0,0.0,9915.40425,240.0,333647.3172111517,0.0,187104.49328792797,520751.81049907964,333757.8116430077,0.0,188006.4211237,521764.23276670766
310,9919.808475,0.0,0.0,0.0,9919.808475,240.0,333647.3172111517,0.0,187104.49328792797,520751.81049907964,333757.8116430077,0.0,188006.4211237,521764.23276670766
311,9924.2127,0.0,0.0,0.0,9924.2127,240.0,333647.3172111517,0.0,187104.49328792797,520751.81049907964,333757.8116430077,0.0,188006.4211237,521764.23276670766
312,9928.616925,0.0,0.0,0.0,9928.616925,240.0,333647.3172111517,0.0,187104.49328792797,520751.81049907964,333757.8116430077,0.0,188006.4211237,521764.23276670766
313,9933.02115,0.0,0.0,0.0,9933.02115,240.0,333647.3172111517,0.0,187104.49328792797,520751.81049907964,333757.8116430077,0.0,188006.4211237,521764.23276670766
314,9937.076806,0.0,0.0,0.0,9937.076806,240.0,333647.3172111517,0.0,187104.49328792797,520751.81049907964,333757.8116430077,0.0,188006.4211237,521764.23276670766
315,9941.080647,0.0,0.0,0.0,9941.080647,240.0,333647.3172111517,0.0,187104.49328792797,520751.81049907964,333757.8116430077,0.0,188006.4211237,521764.23276670766
316,9945.084487,0.0,0.0,0.0,9945.084487,240.0,333647.3172111517,0.0,187104.49328792797,520751.81049907964,333757.8116430077,0.0,188006.4211237,521764.23276670766
317,9949.088328,0.0,0.0,0.0,9949.088328,240.0,333647.3172111517,0.0,187104.49328792797,520751.81049907964,333757.8116430077,0.0,188006.4211237,521764.23276670766
318,9953.092169,0.0034630000000000004,0.0,0.0,9953.088706,240.0,333647.3172111517,0.0,187104.49328792797,520751.81049907964,333757.8116430077,0.0,188006.4211237,521764.23276670766
319,9957.09601,0.009106999999999999,0.0,0.0,9957.086903,240.0,333647.3172111517,0.0,187104.49328792797,520751.81049907964,333757.8116430077,0.0,188006.4211237,521764.23276670766
320,9961.099851,0.016071000000000002,0.0,0.0,9961.08378,240.0,333647.3172111517,0.0,187104.49328792797,520751.81049907964,333757.8116430077,0.0,188006.4211237,521764.23276670766
321,9965.103692,0.02842,0.0,0.0,9965.075272,240.0,333647.3172111517,0.0,187104.49328792797,520751.81049907964,333757.8116430077,0.0,188006.4211237,521764.23276670766
322,9969.107533,0.028684,0.0,0.0,9969.078849,240.0,333647.3172111517,0.0,187104.49328792797,520751.81049907964,333757.8116430077,0.0,188006.4211237,521764.23276670766
323,9973.111374,0.035032,0.0,0.0,9973.076342,240.0,333647.3172111517,0.0,187104.49328792797,520751.81049907964,333757.8116430077,0.0,188006.4211237,521764.23276670766
324,9977.001929,0.026069,0.0,0.0,9976.97586,240.0,333647.3172111517,0.0,187104.49328792797,520751.81049907964,333757.8116430077,0.0,188006.4211237,521764.23276670766
325,9980.805578,0.026547,0.0,0.0,9980.779031,240.0,333647.3172111517,0.0,187104.49328792797,520751.81049907964,333757.8116430077,0.0,188006.4211237,521764.23276670766
326,9984.609227,0.02018,0.0,0.0,9984.589047000001,240.0,333647.3172111517,0.0,187104.49328792797,520751.81049907964,333757.8116430077,0.0,188006.4211237,521764.23276670766
327,9988.412876,0.011624,0.0,0.0,9988.401252,240.0,333647.3172111517,0.0,187104.49328792797,520751.81049907964,333757.8116430077,0.0,188006.4211237,521764.23276670766
328,9992.216525,0.011555,0.0,0.0,9992.20497,240.0,333647.3172111517,0.0,187104.49328792797,520751.81049907964,333757.8116430077,0.0,188006.4211237,521764.23276670766
329,9996.185744,0.001729,0.0,0.0,9996.184015,240.0,333647.3172111517,0.0,187104.49328792797,520751.81049907964,333757.8116430077,0.0,188006.4211237,521764.23276670766
330,10000.38978,0.0,0.0,0.0,10000.38978,240.0,333647.3172111517,0.0,187104.49328792797,520751.81049907964,333757.8116430077,0.0,188006.4211237,521764.23276670766
331,10004.59381,0.0,0.0,0.0,10004.59381,240.0,333647.3172111517,0.0,187104.49328792797,520751.81049907964,333757.8116430077,0.0,188006.4211237,521764.23276670766
332,10008.79784,0.0,0.0,0.0,10008.79784,240.0,333647.3172111517,0.0,187104.49328792797,520751.81049907964,333757.8116430077,0.0,188006.4211237,521764.23276670766
333,10013.00188,0.0,0.0,0.0,10013.00188,240.0,333647.3172111517,0.0,187104.49328792797,520751.81049907964,333757.8116430077,0.0,188006.4211237,521764.23276670766
334,10017.10134,0.0,0.0,0.0,10017.10134,240.0,333647.3172111517,0.0,187104.49328792797,520751.81049907964,333757.8116430077,0.0,188006.4211237,521764.23276670766
335,10020.90499,0.0,0.0,0.0,10020.90499,240.0,333647.3172111517,0.0,187104.49328792797,520751.81049907964,333757.8116430077,0.0,188006.4211237,521764.23276670766
336,10024.70864,0.0,0.0,0.0,10024.70864,240.0,333647.3172111517,0.0,187104.49328792797,520751.81049907964,333757.8116430077,0.0,188006.4211237,521764.23276670766
337,10028.51228,0.0,100.0,0.0,10128.51228,328.0,333647.3172111517,0.0,187104.49328792797,520751.81049907964,333757.8116430077,0.0,188006.4211237,521764.23276670766
338,10032.31593,0.0,100.0,0.0,10132.31593,416.0,333647.3172111517,0.0,187104.49328792797,520751.81049907964,333757.8116430077,0.0,188006.4211237,521764.23276670766
339,10036.0978,0.0,100.0,0.0,10136.0978,504.0,333647.3172111517,0.0,187104.49328792797,520751.81049907964,333757.8116430077,0.0,188006.4211237,521764.23276670766
340,10039.70125,0.0,100.0,0.0,10139.70125,592.0,333647.3172111517,0.0,187104.49328792797,520751.81049907964,333757.8116430077,0.0,188006.4211237,521764.23276670766
341,10043.30471,0.0,100.0,0.0,10143.30471,680.0,333647.3172111517,0.0,187104.49328792797,520751.81049907964,333757.8116430077,0.0,188006.4211237,521764.23276670766
342,10046.90817,0.003556,0.0,100.0,9946.904614000001,580.0,333647.3172111517,0.0,187104.49328792797,520751.81049907964,333757.8116430077,0.0,188006.4211237,521764.23276670766
343,10050.51162,0.013407,0.0,100.0,9950.498212999999,480.0,333647.3172111517,0.0,187104.49328792797,520751.81049907964,333757.8116430077,0.0,188006.4211237,521764.23276670766
344,10054.11508,0.007524,0.0,100.0,9954.107555999999,380.0,333647.3172111517,0.0,187104.49328792797,520751.81049907964,333757.8116430077,0.0,188006.4211237,521764.23276670766
345,10057.91002,0.026164000000000003,0.0,100.0,9957.883855999999,280.0,333647.3172111517,0.0,187104.49328792797,520751.81049907964,333757.8116430077,0.0,188006.4211237,521764.23276670766
346,10061.71366,0.008536,0.0,100.0,9961.705124,180.0,333647.3172111517,0.0,187104.49328792797,520751.81049907964,333757.8116430077,0.0,188006.4211237,521764.23276670766
347,10065.51731,0.0069240000000000005,0.0,100.0,9965.510386,80.0,333647.3172111517,0.0,187104.49328792797,520751.81049907964,333757.8116430077,0.0,188006.4211237,521764.23276670766
348,10069.32096,0.028251000000000002,100.0,0.0,10169.292709,168.0,333647.3172111517,0.0,187104.49328792797,520751.81049907964,333757.8116430077,0.0,188006.4211237,521764.23276670766
349,10073.12461,0.009755000000000002,100.0,0.0,10173.114855000002,256.0,333647.3172111517,0.0,187104.49328792797,520751.81049907964,333757.8116430077,0.0,188006.4211237,521764.23276670766
350,10077.08924,0.01278,100.0,0.0,10177.07646,344.0,333647.3172111517,0.0,187104.49328792797,520751.81049907964,333757.8116430077,0.0,188006.4211237,521764.23276670766
351,10081.09308,0.026492,100.0,0.0,10181.066588,432.0,333647.3172111517,0.0,187104.49328792797,520751.81049907964,333757.8116430077,0.0,188006.4211237,521764.23276670766
352,10085.09692,0.016257,100.0,0.0,10185.080663,520.0,333647.3172111517,0.0,187104.49328792797,520751.81049907964,333757.8116430077,0.0,188006.4211237,521764.23276670766
353,10089.10076,0.004526,0.0,100.0,9989.096233999999,420.0,333647.3172111517,0.0,187104.49328792797,520751.81049907964,333757.8116430077,0.0,188006.4211237,521764.23276670766
354,10093.1046,0.0,0.0,100.0,9993.1046,320.0,333647.3172111517,0.0,187104.49328792797,520751.81049907964,333757.8116430077,0.0,188006.4211237,521764.23276670766
355,10095.80366,0.0,0.0,100.0,9995.80366,220.0,333647.3172111517,0.0,187104.49328792797,520751.81049907964,333757.8116430077,0.0,188006.4211237,521764.23276670766
356,10097.80558,0.0,0.0,100.0,9997.80558,120.0,333647.3172111517,0.0,187104.49328792797,520751.81049907964,333757.8116430077,0.0,188006.4211237,521764.23276670766
357,10099.8075,0.0,100.0,0.0,10199.8075,208.0,333647.3172111517,0.0,187104.49328792797,520751.81049907964,333757.8116430077,0.0,188006.4211237,521764.23276670766
358,10101.80942,0.0,36.3636363636364,0.0,10138.173056363636,240.0,333647.3172111517,0.0,187104.49328792797,520751.81049907964,333757.8116430077,0.0,188006.4211237,521764.23276670766
359,10103.81134,0.0,0.0,0.0,10103.81134,240.0,333647.3172111517,0.0,187104.49328792797,520751.81049907964,333757.8116430077,0.0,188006.4211237,521764.23276670766
360,10106.01322,0.0,0.0,0.0,10106.01322,240.0,333647.3172111517,0.0,187104.49328792797,520751.81049907964,333757.8116430077,0.0,188006.4211237,521764.23276670766
361,10108.41552,0.0,100.0,0.0,10208.41552,328.0,333647.3172111517,0.0,187104.49328792797,520751.81049907964,333757.8116430077,0.0,188006.4211237,521764.23276670766
362,10110.81783,0.0,100.0,0.0,10210.81783,416.0,333647.3172111517,0.0,187104.49328792797,520751.81049907964,333757.8116430077,0.0,188006.4211237,521764.23276670766
363,10113.22013,0.0,100.0,0.0,10213.22013,504.0,333647.3172111517,0.0,187104.49328792797,520751.81049907964,333757.8116430077,0.0,188006.4211237,521764.23276670766
364,10115.62244,0.0,100.0,0.0,10215.62244,592.0,333647.3172111517,0.0,187104.49328792797,520751.81049907964,333757.8116430077,0.0,188006.4211237,521764.23276670766
365,10117.81631,0.0,100.0,0.0,10217.81631,680.0,333647.3172111517,0.0,187104.49328792797,520751.81049907964,333757.8116430077,0.0,188006.4211237,521764.23276670766
366,10119.61804,0.0036920000000000004,0.0,100.0,10019.614348,580.0,333647.3172111517,0.0,187104.49328792797,520751.81049907964,333757.8116430077,0.0,188006.4211237,521764.23276670766
367,10121.41976,0.014328,0.0,100.0,10021.405432000001,480.0,333647.3172111517,0.0,187104.49328792797,520751.81049907964,333757.8116430077,0.0,188006.4211237,521764.23276670766
368,10123.22149,0.022334,0.0,100.0,10023.199156,380.0,333647.3172111517,0.0,187104.49328792797,520751.81049907964,333757.8116430077,0.0,188006.4211237,521764.23276670766
369,10125.02322,0.032813,0.0,100.0,10024.990407,280.0,333647.3172111517,0.0,187104.49328792797,520751.81049907964,333757.8116430077,0.0,188006.4211237,521764.23276670766
370,10126.78597,0.039221,0.0,100.0,10026.746749,180.0,333647.3172111517,0.0,187104.49328792797,520751.81049907964,333757.8116430077,0.0,188006.4211237,521764.23276670766
371,10128.38751,0.039306,0.0,100.0,10028.348204,80.0,333647.3172111517,0.0,187104.49328792797,520751.81049907964,333757.8116430077,0.0,188006.4211237,521764.23276670766
372,10129.98904,0.040628000000000004,100.0,0.0,10229.948412,168.0,333647.3172111517,0.0,187104.49328792797,520751.81049907964,333757.8116430077,0.0,188006.4211237,521764.23276670766
373,10131.59058,0.038714,100.0,0.0,10231.551866,256.0,333647.3172111517,0.0,187104.49328792797,520751.81049907964,333757.8116430077,0.0,188006.4211237,521764.23276670766
374,10133.19212,0.032424,100.0,0.0,10233.159695999999,344.0,333647.3172111517,0.0,187104.49328792797,520751.81049907964,333757.8116430077,0.0,188006.4211237,521764.23276670766
375,10134.80213,0.025061,100.0,0.0,10234.777069,432.0,333647.3172111517,0.0,187104.49328792797,520751.81049907964,333757.8116430077,0.0,188006.4211237,521764.23276670766
376,10136.60386,0.015004,100.0,0.0,10236.588855999998,520.0,333647.3172111517,0.0,187104.49328792797,520751.81049907964,333757.8116430077,0.0,188006.4211237,521764.23276670766
377,10138.40559,0.0045119999999999995,0.0,100.0,10038.401078,420.0,333647.3172111517,0.0,187104.49328792797,520751.81049907964,333757.8116430077,0.0,188006.4211237,521764.23276670766
378,10140.20732,0.0,0.0,100.0,10040.20732,320.0,333647.3172111517,0.0,187104.49328792797,520751.81049907964,333757.8116430077,0.0,188006.4211237,521764.23276670766
379,10142.00904,0.0,0.0,100.0,10042.00904,220.0,333647.3172111517,0.0,187104.49328792797,520751.81049907964,333757.8116430077,0.0,188006.4211237,521764.23276670766
380,10143.81077,0.0,0.0,100.0,10043.81077,120.0,333647.3172111517,0.0,187104.49328792797,520751.81049907964,333757.8116430077,0.0,188006.4211237,521764.23276670766
381,10145.6125,0.0,100.0,0.0,10245.6125,208.0,333647.3172111517,0.0,187104.49328792797,520751.81049907964,333757.8116430077,0.0,188006.4211237,521764.23276670766
382,10147.41423,0.0,36.3636363636364,0.0,10183.777866363636,240.0,333647.3172111517,0.0,187104.49328792797,520751.81049907964,333757.8116430077,0.0,188006.4211237,521764.23276670766
383,10149.21596,0.0,0.0,0.0,10149.21596,240.0,333647.3172111517,0.0,187104.49328792797,520751.81049907964,333757.8116430077,0.0,188006.4211237,521764.23276670766
384,10151.01769,0.0,0.0,0.0,10151.01769,240.0,333647.3172111517,0.0,187104.49328792797,520751.81049907964,333757.8116430077,0.0,188006.4211237,521764.23276670766
385,10152.81941,0.0,100.0,0.0,10252.81941,328.0,333647.3172111517,0.0,187104.49328792797,520751.81049907964,333757.8116430077,0.0,188006.4211237,521764.23276670766
386,10154.47347,0.0,100.0,0.0,10254.47347,416.0,333647.3172111517,0.0,187104.49328792797,520751.81049907964,333757.8116430077,0.0,188006.4211237,521764.23276670766
387,10156.07501,0.0,100.0,0.0,10256.07501,504.0,333647.3172111517,0.0,187104.49328792797,520751.81049907964,333757.8116430077,0.0,188006.4211237,521764.23276670766
388,10157.67654,0.0,100.0,0.0,10257.67654,592.0,333647.3172111517,0.0,187104.49328792797,520751.81049907964,333757.8116430077,0.0,188006.4211237,521764.23276670766
389,10159.27808,0.0,100.0,0.0,10259.27808,680.0,333647.3172111517,0.0,187104.49328792797,520751.81049907964,333757.8116430077,0.0,188006.4211237,521764.23276670766
390,10160.87962,0.00315,0.0,100.0,10060.87647,580.0,333647.3172111517,0.0,187104.49328792797,520751.81049907964,333757.8116430077,0.0,188006.4211237,521764.23276670766
391,10162.24681,0.014750000000000001,0.0,100.0,10062.23206,480.0,333647.3172111517,0.0,187104.49328792797,520751.81049907964,333757.8116430077,0.0,188006.4211237,521764.23276670766
392,10163.44796,0.023933,0.0,100.0,10063.424027,380.0,333647.3172111517,0.0,187104.49328792797,520751.81049907964,333757.8116430077,0.0,188006.4211237,521764.23276670766
393,10164.64912,0.032184,0.0,100.0,10064.616936,280.0,333647.3172111517,0.0,187104.49328792797,520751.81049907964,333757.8116430077,0.0,188006.4211237,521764.23276670766
394,10165.85027,0.03870900000000001,0.0,100.0,10065.811561,180.0,333647.3172111517,0.0,187104.49328792797,520751.81049907964,333757.8116430077,0.0,188006.4211237,521764.23276670766
395,10167.05142,0.041614,0.0,100.0,10067.009806,80.0,333647.3172111517,0.0,187104.49328792797,520751.81049907964,333757.8116430077,0.0,188006.4211237,521764.23276670766
396,10168.25257,0.041107,100.0,0.0,10268.211463000001,168.0,333647.3172111517,0.0,187104.49328792797,520751.81049907964,333757.8116430077,0.0,188006.4211237,521764.23276670766
397,10169.45373,0.039557,100.0,0.0,10269.414173,256.0,333647.3172111517,0.0,187104.49328792797,520751.81049907964,333757.8116430077,0.0,188006.4211237,521764.23276670766
398,10170.65488,0.015104,100.0,0.0,10270.639776,344.0,333647.3172111517,0.0,187104.49328792797,520751.81049907964,333757.8116430077,0.0,188006.4211237,521764.23276670766
399,10171.85603,0.026082,100.0,0.0,10271.829948,432.0,333647.3172111517,0.0,187104.49328792797,520751.81049907964,333757.8116430077,0.0,188006.4211237,521764.23276670766
400,10173.05718,0.015295999999999999,100.0,0.0,10273.041884,520.0,333647.3172111517,0.0,187104.49328792797,520751.81049907964,333757.8116430077,0.0,188006.4211237,521764.23276670766
401,10174.31451,0.004348,0.0,100.0,10074.310162,420.0,333647.3172111517,0.0,187104.49328792797,520751.81049907964,333757.8116430077,0.0,188006.4211237,521764.23276670766
402,10175.71585,0.0,0.0,100.0,10075.71585,320.0,333647.3172111517,0.0,187104.49328792797,520751.81049907964,333757.8116430077,0.0,188006.4211237,521764.23276670766
403,10177.11719,0.0,0.0,100.0,10077.11719,220.0,333647.3172111517,0.0,187104.49328792797,520751.81049907964,333757.8116430077,0.0,188006.4211237,521764.23276670766
404,10178.51854,0.0,0.0,100.0,10078.51854,120.0,333647.3172111517,0.0,187104.49328792797,520751.81049907964,333757.8116430077,0.0,188006.4211237,521764.23276670766
405,10179.91988,0.0,36.3636363636364,0.0,10216.283516363635,152.0,333647.3172111517,0.0,187104.49328792797,520751.81049907964,333757.8116430077,0.0,188006.4211237,521764.23276670766
406,10181.26988,0.0,0.0,0.0,10181.26988,152.0,333647.3172111517,0.0,187104.49328792797,520751.81049907964,333757.8116430077,0.0,188006.4211237,521764.23276670766
407,10182.27084,0.0,0.0,0.0,10182.27084,152.0,333647.3172111517,0.0,187104.49328792797,520751.81049907964,333757.8116430077,0.0,188006.4211237,521764.23276670766
408,10183.2718,0.0,100.0,0.0,10283.2718,240.0,333647.3172111517,0.0,187104.49328792797,520751.81049907964,333757.8116430077,0.0,188006.4211237,521764.23276670766
409,10184.27276,0.0,100.0,0.0,10284.27276,328.0,333647.3172111517,0.0,187104.49328792797,520751.81049907964,333757.8116430077,0.0,188006.4211237,521764.23276670766
410,10185.27372,0.0,100.0,0.0,10285.27372,416.0,333647.3172111517,0.0,187104.49328792797,520751.81049907964,333757.8116430077,0.0,188006.4211237,521764.23276670766
411,10186.27468,0.0,100.0,0.0,10286.27468,504.0,333647.3172111517,0.0,187104.49328792797,520751.81049907964,333757.8116430077,0.0,188006.4211237,521764.23276670766
412,10187.66637,0.0,100.0,0.0,10287.66637,592.0,333647.3172111517,0.0,187104.49328792797,520751.81049907964,333757.8116430077,0.0,188006.4211237,521764.23276670766
413,10189.06772,0.0,100.0,0.0,10289.06772,680.0,333647.3172111517,0.0,187104.49328792797,520751.81049907964,333757.8116430077,0.0,188006.4211237,521764.23276670766
414,10190.46906,0.004982,0.0,100.0,10090.464077999999,580.0,333647.3172111517,0.0,187104.49328792797,520751.81049907964,333757.8116430077,0.0,188006.4211237,521764.23276670766
415,10191.87041,0.009467000000000001,0.0,100.0,10091.860943,480.0,333647.3172111517,0.0,187104.49328792797,520751.81049907964,333757.8116430077,0.0,188006.4211237,521764.23276670766
416,10193.27175,0.024464,0.0,100.0,10093.247286,380.0,333647.3172111517,0.0,187104.49328792797,520751.81049907964,333757.8116430077,0.0,188006.4211237,521764.23276670766
417,10194.67309,0.029817,0.0,100.0,10094.643273,280.0,333647.3172111517,0.0,187104.49328792797,520751.81049907964,333757.8116430077,0.0,188006.4211237,521764.23276670766
418,10196.07444,0.032144,0.0,100.0,10096.042296,180.0,333647.3172111517,0.0,187104.49328792797,520751.81049907964,333757.8116430077,0.0,188006.4211237,521764.23276670766
419,10197.47578,0.041667,0.0,100.0,10097.434113000001,80.0,333647.3172111517,0.0,187104.49328792797,520751.81049907964,333757.8116430077,0.0,188006.4211237,521764.23276670766
420,10198.87713,0.041667,83.1729198363723,0.0,10282.008382836373,153.192169456008,333647.3172111517,0.0,187104.49328792797,520751.81049907964,333757.8116430077,0.0,188006.4211237,521764.23276670766
421,10200.27847,0.039106,94.707416927271,0.0,10294.94678092727,236.534696352006,333647.3172111517,0.0,187104.49328792797,520751.81049907964,333757.8116430077,0.0,188006.4211237,521764.23276670766
422,10201.54545,0.03458700000000001,93.4359179272706,0.0,10294.94678092727,318.758304128004,333647.3172111517,0.0,187104.49328792797,520751.81049907964,333757.8116430077,0.0,188006.4211237,521764.23276670766
423,10202.7466,0.020001,92.2201819272705,0.0,10294.94678092727,399.912064224002,333647.3172111517,0.0,187104.49328792797,520751.81049907964,333757.8116430077,0.0,188006.4211237,521764.23276670766
424,10203.94776,0.009997,91.0090179272702,0.0,10294.94678092727,480.0,333647.3172111517,0.0,187104.49328792797,520751.81049907964,333757.8116430077,0.0,188006.4211237,521764.23276670766
425,10205.14891,0.001147,0.0,100.0,10105.147762999999,380.0,333647.3172111517,0.0,187104.49328792797,520751.81049907964,333757.8116430077,0.0,188006.4211237,521764.23276670766
426,10206.35006,0.0,0.0,100.0,10106.35006,280.0,333647.3172111517,0.0,187104.49328792797,520751.81049907964,333757.8116430077,0.0,188006.4211237,521764.23276670766
427,10207.23962,0.0,0.0,100.0,10107.23962,180.0,333647.3172111517,0.0,187104.49328792797,520751.81049907964,333757.8116430077,0.0,188006.4211237,521764.23276670766
428,10207.8402,0.0,0.0,100.0,10107.8402,80.0,333647.3172111517,0.0,187104.49328792797,520751.81049907964,333757.8116430077,0.0,188006.4211237,521764.23276670766
429,10208.44077,0.0,86.5060109272708,0.0,10294.94678092727,156.125289615998,333647.3172111517,0.0,187104.49328792797,520751.81049907964,333757.8116430077,0.0,188006.4211237,521764.23276670766
430,10209.04135,0.0,85.9054309272706,0.0,10294.94678092727,231.722068831996,333647.3172111517,0.0,187104.49328792797,520751.81049907964,333757.8116430077,0.0,188006.4211237,521764.23276670766
431,10209.64192,0.0,85.3048609272701,0.0,10294.94678092727,306.790346447994,333647.3172111517,0.0,187104.49328792797,520751.81049907964,333757.8116430077,0.0,188006.4211237,521764.23276670766
432,10210.31587,0.0,84.6309109272697,0.0,10294.94678092727,381.265548063991,333647.3172111517,0.0,187104.49328792797,520751.81049907964,333757.8116430077,0.0,188006.4211237,521764.23276670766
433,10211.11663,0.0,57.6126098545659,0.0,10268.729239854567,431.964644736009,333647.3172111517,0.0,187104.49328792797,520751.81049907964,333757.8116430077,0.0,188006.4211237,521764.23276670766
434,10211.9174,0.0,83.0293809272698,0.0,10294.94678092727,505.030499952007,333647.3172111517,0.0,187104.49328792797,520751.81049907964,333757.8116430077,0.0,188006.4211237,521764.23276670766
435,10212.71817,0.0,82.22861092727,0.0,10294.94678092727,577.391677568004,333647.3172111517,0.0,187104.49328792797,520751.81049907964,333757.8116430077,0.0,188006.4211237,521764.23276670766
436,10213.51894,0.0,81.4278409272702,0.0,10294.94678092727,649.048177584002,333647.3172111517,0.0,187104.49328792797,520751.81049907964,333757.8116430077,0.0,188006.4211237,521764.23276670766
437,10214.31971,0.0,80.6270709272703,0.0,10294.94678092727,720.0,333647.3172111517,0.0,187104.49328792797,520751.81049907964,333757.8116430077,0.0,188006.4211237,521764.23276670766
438,10215.12047,0.004372,0.0,92.7648079999999,10122.35129,627.235192,333647.3172111517,0.0,187104.49328792797,520751.81049907964,333757.8116430077,0.0,188006.4211237,521764.23276670766
439,10215.92124,0.014343999999999999,0.0,93.5556059999999,10122.35129,533.679586,333647.3172111517,0.0,187104.49328792797,520751.81049907964,333757.8116430077,0.0,188006.4211237,521764.23276670766
440,10216.72201,0.024483,0.0,94.3462369999997,10122.35129,439.333349,333647.3172111517,0.0,187104.49328792797,520751.81049907964,333757.8116430077,0.0,188006.4211237,521764.23276670766
441,10217.52278,0.010888,0.0,95.1606019999981,10122.35129,344.172747000002,333647.3172111517,0.0,187104.49328792797,520751.81049907964,333757.8116430077,0.0,188006.4211237,521764.23276670766
442,10218.31118,0.016557,0.0,95.9433329999993,10122.35129,248.229414000003,333647.3172111517,0.0,187104.49328792797,520751.81049907964,333757.8116430077,0.0,188006.4211237,521764.23276670766
443,10218.91176,0.041667,0.0,96.5188030000008,10122.35129,151.710611000002,333647.3172111517,0.0,187104.49328792797,520751.81049907964,333757.8116430077,0.0,188006.4211237,521764.23276670766
444,10219.51233,0.041344,75.4757949272698,0.0,10294.94678092727,218.129310536,333647.3172111517,0.0,187104.49328792797,520751.81049907964,333757.8116430077,0.0,188006.4211237,521764.23276670766
445,10220.11291,0.036904000000000006,74.8707749272708,0.0,10294.94678092727,284.015592471998,333647.3172111517,0.0,187104.49328792797,520751.81049907964,333757.8116430077,0.0,188006.4211237,521764.23276670766
446,10220.71349,0.035299,74.2685899272692,0.0,10294.94678092727,349.371951608,333647.3172111517,0.0,187104.49328792797,520751.81049907964,333757.8116430077,0.0,188006.4211237,521764.23276670766
447,10221.31406,0.026208,73.6589289272688,0.0,10294.94678092727,414.191809063999,333647.3172111517,0.0,187104.49328792797,520751.81049907964,333757.8116430077,0.0,188006.4211237,521764.23276670766
448,10221.55053,0.015874,73.4121249272703,0.0,10294.94678092727,478.794478999996,333647.3172111517,0.0,187104.49328792797,520751.81049907964,333757.8116430077,0.0,188006.4211237,521764.23276670766
449,10221.75072,0.004357000000000001,0.0,99.3950729999997,10122.35129,379.399405999997,333647.3172111517,0.0,187104.49328792797,520751.81049907964,333757.8116430077,0.0,188006.4211237,521764.23276670766
450,10221.95091,2.4e-05,0.0,99.5995959999982,10122.35129,279.799809999999,333647.3172111517,0.0,187104.49328792797,520751.81049907964,333757.8116430077,0.0,188006.4211237,521764.23276670766
451,10222.1511,0.0,0.0,99.7998099999986,10122.35129,180.0,333647.3172111517,0.0,187104.49328792797,520751.81049907964,333757.8116430077,0.0,188006.4211237,521764.23276670766
452,10222.35129,0.0,0.0,100.0,10122.35129,80.0,333647.3172111517,0.0,187104.49328792797,520751.81049907964,333757.8116430077,0.0,188006.4211237,521764.23276670766
453,10222.55149,0.0,0.0,0.0,10222.55149,80.0,333647.3172111517,0.0,187104.49328792797,520751.81049907964,333757.8116430077,0.0,188006.4211237,521764.23276670766
454,10222.75168,0.0,0.0,0.0,10222.75168,80.0,333647.3172111517,0.0,187104.49328792797,520751.81049907964,333757.8116430077,0.0,188006.4211237,521764.23276670766
455,10222.95187,0.0,0.0,0.0,10222.95187,80.0,333647.3172111517,0.0,187104.49328792797,520751.81049907964,333757.8116430077,0.0,188006.4211237,521764.23276670766
456,10223.15206,0.0,0.0,0.0,10223.15206,80.0,333647.3172111517,0.0,187104.49328792797,520751.81049907964,333757.8116430077,0.0,188006.4211237,521764.23276670766
457,10223.35225,0.0,0.0,0.0,10223.35225,80.0,333647.3172111517,0.0,187104.49328792797,520751.81049907964,333757.8116430077,0.0,188006.4211237,521764.23276670766
458,10223.55245,0.0,0.0,0.0,10223.55245,80.0,333647.3172111517,0.0,187104.49328792797,520751.81049907964,333757.8116430077,0.0,188006.4211237,521764.23276670766
459,10223.75264,0.0,0.0,0.0,10223.75264,80.0,333647.3172111517,0.0,187104.49328792797,520751.81049907964,333757.8116430077,0.0,188006.4211237,521764.23276670766
460,10223.95283,0.0,0.0,0.0,10223.95283,80.0,333647.3172111517,0.0,187104.49328792797,520751.81049907964,333757.8116430077,0.0,188006.4211237,521764.23276670766
461,10224.15302,0.0,0.0,0.0,10224.15302,80.0,333647.3172111517,0.0,187104.49328792797,520751.81049907964,333757.8116430077,0.0,188006.4211237,521764.23276670766
462,10224.35321,0.00435,0.0,0.0,10224.34886,80.0,333647.3172111517,0.0,187104.49328792797,520751.81049907964,333757.8116430077,0.0,188006.4211237,521764.23276670766
463,10224.55341,0.013476000000000002,0.0,0.0,10224.539934,80.0,333647.3172111517,0.0,187104.49328792797,520751.81049907964,333757.8116430077,0.0,188006.4211237,521764.23276670766
464,10224.7536,0.024558,0.0,0.0,10224.729042,80.0,333647.3172111517,0.0,187104.49328792797,520751.81049907964,333757.8116430077,0.0,188006.4211237,521764.23276670766
465,10224.95379,0.0299,0.0,0.0,10224.92389,80.0,333647.3172111517,0.0,187104.49328792797,520751.81049907964,333757.8116430077,0.0,188006.4211237,521764.23276670766
466,10225.15398,0.031702,69.8245029272721,0.0,10294.946780927272,141.445562575999,333647.3172111517,0.0,187104.49328792797,520751.81049907964,333757.8116430077,0.0,188006.4211237,521764.23276670766
467,10225.35417,0.038307,8.11698240000954,0.0,10233.43284540001,148.588507088008,333647.3172111517,0.0,187104.49328792797,520751.81049907964,333757.8116430077,0.0,188006.4211237,521764.23276670766
468,10225.49431,0.038836,0.0,0.0,10225.455474,148.588507088008,333647.3172111517,0.0,187104.49328792797,520751.81049907964,333757.8116430077,0.0,188006.4211237,521764.23276670766
469,10225.49431,0.036095,0.0,0.0,10225.458215,148.588507088008,333647.3172111517,0.0,187104.49328792797,520751.81049907964,333757.8116430077,0.0,188006.4211237,521764.23276670766
470,10225.49431,0.032808000000000004,0.0,0.0,10225.461502,148.588507088008,333647.3172111517,0.0,187104.49328792797,520751.81049907964,333757.8116430077,0.0,188006.4211237,521764.23276670766
471,10225.49431,0.024822,0.0,0.0,10225.469488,148.588507088008,333647.3172111517,0.0,187104.49328792797,520751.81049907964,333757.8116430077,0.0,188006.4211237,521764.23276670766
472,10225.49431,0.014693,0.0,0.0,10225.479617,148.588507088008,333647.3172111517,0.0,187104.49328792797,520751.81049907964,333757.8116430077,0.0,188006.4211237,521764.23276670766
473,10225.49431,0.004563,0.0,0.0,10225.489747,148.588507088008,333647.3172111517,0.0,187104.49328792797,520751.81049907964,333757.8116430077,0.0,188006.4211237,521764.23276670766
474,10225.49431,3e-06,0.0,0.0,10225.494307,148.588507088008,333647.3172111517,0.0,187104.49328792797,520751.81049907964,333757.8116430077,0.0,188006.4211237,521764.23276670766
475,10225.49431,0.0,0.0,0.0,10225.49431,148.588507088008,333647.3172111517,0.0,187104.49328792797,520751.81049907964,333757.8116430077,0.0,188006.4211237,521764.23276670766
476,10225.49431,0.0,0.0,0.0,10225.49431,148.588507088008,333647.3172111517,0.0,187104.49328792797,520751.81049907964,333757.8116430077,0.0,188006.4211237,521764.23276670766
477,10225.49431,0.0,0.0,0.0,10225.49431,148.588507088008,333647.3172111517,0.0,187104.49328792797,520751.81049907964,333757.8116430077,0.0,188006.4211237,521764.23276670766
478,10225.49431,0.0,0.0,0.0,10225.49431,148.588507088008,333647.3172111517,0.0,187104.49328792797,520751.81049907964,333757.8116430077,0.0,188006.4211237,521764.23276670766
479,10224.89656,0.0,0.0,0.0,10224.89656,148.588507088008,333647.3172111517,0.0,187104.49328792797,520751.81049907964,333757.8116430077,0.0,188006.4211237,521764.23276670766
480,10224.29598,0.0,0.0,0.0,10224.29598,148.588507088008,333647.3172111517,0.0,187104.49328792797,520751.81049907964,333757.8116430077,0.0,188006.4211237,521764.23276670766
481,10223.69541,0.0,0.0,0.0,10223.69541,148.588507088008,333647.3172111517,0.0,187104.49328792797,520751.81049907964,333757.8116430077,0.0,188006.4211237,521764.23276670766
482,10223.09483,0.0,0.0,0.0,10223.09483,148.588507088008,333647.3172111517,0.0,187104.49328792797,520751.81049907964,333757.8116430077,0.0,188006.4211237,521764.23276670766
483,10222.49425,0.0,0.0,0.0,10222.49425,148.588507088008,333647.3172111517,0.0,187104.49328792797,520751.81049907964,333757.8116430077,0.0,188006.4211237,521764.23276670766
484,10221.89368,0.0,0.0,0.0,10221.89368,148.588507088008,333647.3172111517,0.0,187104.49328792797,520751.81049907964,333757.8116430077,0.0,188006.4211237,521764.23276670766
485,10221.2931,0.0,0.0,0.0,10221.2931,148.588507088008,333647.3172111517,0.0,187104.49328792797,520751.81049907964,333757.8116430077,0.0,188006.4211237,521764.23276670766
486,10220.69253,0.0036940000000000002,0.0,0.0,10220.688836,148.588507088008,333647.3172111517,0.0,187104.49328792797,520751.81049907964,333757.8116430077,0.0,188006.4211237,521764.23276670766
487,10220.09195,0.011185,0.0,0.0,10220.080765,148.588507088008,333647.3172111517,0.0,187104.49328792797,520751.81049907964,333757.8116430077,0.0,188006.4211237,521764.23276670766
488,10219.49137,0.023603000000000002,0.0,0.0,10219.467767,148.588507088008,333647.3172111517,0.0,187104.49328792797,520751.81049907964,333757.8116430077,0.0,188006.4211237,521764.23276670766
489,10218.8908,0.031521,0.0,0.0,10218.859278999998,148.588507088008,333647.3172111517,0.0,187104.49328792797,520751.81049907964,333757.8116430077,0.0,188006.4211237,521764.23276670766
490,10218.29022,0.035794,0.0,0.0,10218.254426000001,148.588507088008,333647.3172111517,0.0,187104.49328792797,520751.81049907964,333757.8116430077,0.0,188006.4211237,521764.23276670766
491,10217.68964,0.031132000000000003,0.0,0.0,10217.658508,148.588507088008,333647.3172111517,0.0,187104.49328792797,520751.81049907964,333757.8116430077,0.0,188006.4211237,521764.23276670766
492,10217.08907,0.024515000000000002,0.0,0.0,10217.064555,148.588507088008,333647.3172111517,0.0,187104.49328792797,520751.81049907964,333757.8116430077,0.0,188006.4211237,521764.23276670766
493,10216.48849,0.014594,0.0,0.0,10216.473896,148.588507088008,333647.3172111517,0.0,187104.49328792797,520751.81049907964,333757.8116430077,0.0,188006.4211237,521764.23276670766
494,10215.88792,0.014311,0.0,0.0,10215.873608999998,148.588507088008,333647.3172111517,0.0,187104.49328792797,520751.81049907964,333757.8116430077,0.0,188006.4211237,521764.23276670766
495,10215.28734,0.017225,0.0,0.0,10215.270115000001,148.588507088008,333647.3172111517,0.0,187104.49328792797,520751.81049907964,333757.8116430077,0.0,188006.4211237,521764.23276670766
496,10214.68676,0.0074340000000000005,0.0,0.0,10214.679326000001,148.588507088008,333647.3172111517,0.0,187104.49328792797,520751.81049907964,333757.8116430077,0.0,188006.4211237,521764.23276670766
497,10214.08619,0.001974,0.0,0.0,10214.084216,148.588507088008,333647.3172111517,0.0,187104.49328792797,520751.81049907964,333757.8116430077,0.0,188006.4211237,521764.23276670766
498,10213.48561,0.000114,0.0,0.0,10213.485496,148.588507088008,333647.3172111517,0.0,187104.49328792797,520751.81049907964,333757.8116430077,0.0,188006.4211237,521764.23276670766
499,10212.88504,0.0,0.0,0.0,10212.88504,148.588507088008,333647.3172111517,0.0,187104.49328792797,520751.81049907964,333757.8116430077,0.0,188006.4211237,521764.23276670766
500,10212.28446,0.0,0.0,0.0,10212.28446,148.588507088008,333647.3172111517,0.0,187104.49328792797,520751.81049907964,333757.8116430077,0.0,188006.4211237,521764.23276670766
501,10211.68388,0.0,0.0,0.0,10211.68388,148.588507088008,333647.3172111517,0.0,187104.49328792797,520751.81049907964,333757.8116430077,0.0,188006.4211237,521764.23276670766
502,10211.08331,0.0,0.0,0.0,10211.08331,148.588507088008,333647.3172111517,0.0,187104.49328792797,520751.81049907964,333757.8116430077,0.0,188006.4211237,521764.23276670766
503,10210.48273,0.0,84.4640509272806,0.0,10294.946780927281,222.916871904015,333647.3172111517,0.0,187104.49328792797,520751.81049907964,333757.8116430077,0.0,188006.4211237,521764.23276670766
504,10209.88216,0.0,85.0646209272709,0.0,10294.94678092727,297.773738320013,333647.3172111517,0.0,187104.49328792797,520751.81049907964,333757.8116430077,0.0,188006.4211237,521764.23276670766
505,10209.28158,0.0,85.6652009272693,0.0,10294.94678092727,373.15911513601,333647.3172111517,0.0,187104.49328792797,520751.81049907964,333757.8116430077,0.0,188006.4211237,521764.23276670766
506,10208.681,0.0,86.2657809272696,0.0,10294.94678092727,449.073002352007,333647.3172111517,0.0,187104.49328792797,520751.81049907964,333757.8116430077,0.0,188006.4211237,521764.23276670766
507,10208.08043,0.0,86.8663509272701,0.0,10294.94678092727,525.515391168005,333647.3172111517,0.0,187104.49328792797,520751.81049907964,333757.8116430077,0.0,188006.4211237,521764.23276670766
508,10207.47985,0.0,87.4669309272704,0.0,10294.94678092727,602.486290384003,333647.3172111517,0.0,187104.49328792797,520751.81049907964,333757.8116430077,0.0,188006.4211237,521764.23276670766
509,10206.86302,0.0,88.0837609272694,0.0,10294.94678092727,680.0,333647.3172111517,0.0,187104.49328792797,520751.81049907964,333757.8116430077,0.0,188006.4211237,521764.23276670766
510,10206.06226,0.003492,0.0,100.0,10106.058768,580.0,333647.3172111517,0.0,187104.49328792797,520751.81049907964,333757.8116430077,0.0,188006.4211237,521764.23276670766
511,10205.26149,0.013746000000000001,0.0,100.0,10105.247744,480.0,333647.3172111517,0.0,187104.49328792797,520751.81049907964,333757.8116430077,0.0,188006.4211237,521764.23276670766
512,10204.46072,0.023370000000000002,0.0,100.0,10104.437349999998,380.0,333647.3172111517,0.0,187104.49328792797,520751.81049907964,333757.8116430077,0.0,188006.4211237,521764.23276670766
513,10203.65995,0.033525,0.0,100.0,10103.626424999999,280.0,333647.3172111517,0.0,187104.49328792797,520751.81049907964,333757.8116430077,0.0,188006.4211237,521764.23276670766
514,10202.85918,0.039308,0.0,100.0,10102.819872,180.0,333647.3172111517,0.0,187104.49328792797,520751.81049907964,333757.8116430077,0.0,188006.4211237,521764.23276670766
515,10201.31464,0.041667,0.0,100.0,10101.272973000001,80.0,333647.3172111517,0.0,187104.49328792797,520751.81049907964,333757.8116430077,0.0,188006.4211237,521764.23276670766
516,10199.71311,0.040805999999999995,95.2744769272709,0.0,10294.94678092727,163.841539695998,333647.3172111517,0.0,187104.49328792797,520751.81049907964,333757.8116430077,0.0,188006.4211237,521764.23276670766
517,10198.11157,0.037666,96.8728769272711,0.0,10294.94678092727,249.089671391997,333647.3172111517,0.0,187104.49328792797,520751.81049907964,333757.8116430077,0.0,188006.4211237,521764.23276670766
518,10196.51003,0.032667,98.4694179272701,0.0,10294.94678092727,335.742759167995,333647.3172111517,0.0,187104.49328792797,520751.81049907964,333757.8116430077,0.0,188006.4211237,521764.23276670766
519,10194.9085,0.025443,100.0,0.0,10294.883057,423.742759167995,333647.3172111517,0.0,187104.49328792797,520751.81049907964,333757.8116430077,0.0,188006.4211237,521764.23276670766
520,10193.30696,0.015538,100.0,0.0,10293.291422,511.742759167995,333647.3172111517,0.0,187104.49328792797,520751.81049907964,333757.8116430077,0.0,188006.4211237,521764.23276670766
521,10191.70542,0.004667,0.0,100.0,10091.700753000001,411.742759167995,333647.3172111517,0.0,187104.49328792797,520751.81049907964,333757.8116430077,0.0,188006.4211237,521764.23276670766
522,10190.10389,9.6e-05,0.0,100.0,10090.103794,311.742759167995,333647.3172111517,0.0,187104.49328792797,520751.81049907964,333757.8116430077,0.0,188006.4211237,521764.23276670766
523,10188.50235,0.0,0.0,100.0,10088.50235,211.742759167995,333647.3172111517,0.0,187104.49328792797,520751.81049907964,333757.8116430077,0.0,188006.4211237,521764.23276670766
524,10186.90082,0.0,0.0,100.0,10086.90082,111.742759167995,333647.3172111517,0.0,187104.49328792797,520751.81049907964,333757.8116430077,0.0,188006.4211237,521764.23276670766
525,10185.29928,0.0,100.0,0.0,10285.29928,199.742759167995,333647.3172111517,0.0,187104.49328792797,520751.81049907964,333757.8116430077,0.0,188006.4211237,521764.23276670766
526,10183.69774,0.0,45.7468645818236,0.0,10229.444604581824,239.999999999999,333647.3172111517,0.0,187104.49328792797,520751.81049907964,333757.8116430077,0.0,188006.4211237,521764.23276670766
527,10182.09621,0.0,0.0,0.0,10182.09621,239.999999999999,333647.3172111517,0.0,187104.49328792797,520751.81049907964,333757.8116430077,0.0,188006.4211237,521764.23276670766
528,10180.49467,0.0,0.0,0.0,10180.49467,239.999999999999,333647.3172111517,0.0,187104.49328792797,520751.81049907964,333757.8116430077,0.0,188006.4211237,521764.23276670766
529,10178.89313,0.0,100.0,0.0,10278.89313,328.0,333647.3172111517,0.0,187104.49328792797,520751.81049907964,333757.8116430077,0.0,188006.4211237,521764.23276670766
530,10177.10271,0.0,100.0,0.0,10277.10271,416.0,333647.3172111517,0.0,187104.49328792797,520751.81049907964,333757.8116430077,0.0,188006.4211237,521764.23276670766
531,10175.10079,0.0,100.0,0.0,10275.10079,504.0,333647.3172111517,0.0,187104.49328792797,520751.81049907964,333757.8116430077,0.0,188006.4211237,521764.23276670766
532,10173.09887,0.0,100.0,0.0,10273.09887,592.0,333647.3172111517,0.0,187104.49328792797,520751.81049907964,333757.8116430077,0.0,188006.4211237,521764.23276670766
533,10171.09695,0.0,100.0,0.0,10271.09695,680.0,333647.3172111517,0.0,187104.49328792797,520751.81049907964,333757.8116430077,0.0,188006.4211237,521764.23276670766
534,10169.09503,0.003732,0.0,100.0,10069.091298000001,580.0,333647.3172111517,0.0,187104.49328792797,520751.81049907964,333757.8116430077,0.0,188006.4211237,521764.23276670766
535,10167.22099,0.014222,0.0,100.0,10067.206768,480.0,333647.3172111517,0.0,187104.49328792797,520751.81049907964,333757.8116430077,0.0,188006.4211237,521764.23276670766
536,10165.61946,0.024635999999999998,0.0,100.0,10065.594824,380.0,333647.3172111517,0.0,187104.49328792797,520751.81049907964,333757.8116430077,0.0,188006.4211237,521764.23276670766
537,10164.01792,0.035545,0.0,100.0,10063.982375,280.0,333647.3172111517,0.0,187104.49328792797,520751.81049907964,333757.8116430077,0.0,188006.4211237,521764.23276670766
538,10162.41639,0.018638000000000002,0.0,100.0,10062.397752,180.0,333647.3172111517,0.0,187104.49328792797,520751.81049907964,333757.8116430077,0.0,188006.4211237,521764.23276670766
539,10160.81485,0.026817,0.0,100.0,10060.788033,80.0,333647.3172111517,0.0,187104.49328792797,520751.81049907964,333757.8116430077,0.0,188006.4211237,521764.23276670766
540,10159.24676,0.019389,100.0,0.0,10259.227371,168.0,333647.3172111517,0.0,187104.49328792797,520751.81049907964,333757.8116430077,0.0,188006.4211237,521764.23276670766
541,10157.84541,0.011106999999999999,100.0,0.0,10257.834303,256.0,333647.3172111517,0.0,187104.49328792797,520751.81049907964,333757.8116430077,0.0,188006.4211237,521764.23276670766
542,10156.44407,0.014613,100.0,0.0,10256.429457,344.0,333647.3172111517,0.0,187104.49328792797,520751.81049907964,333757.8116430077,0.0,188006.4211237,521764.23276670766
543,10155.04272,0.010789,100.0,0.0,10255.031931,432.0,333647.3172111517,0.0,187104.49328792797,520751.81049907964,333757.8116430077,0.0,188006.4211237,521764.23276670766
544,10153.64138,0.007534,100.0,0.0,10253.633845999999,520.0,333647.3172111517,0.0,187104.49328792797,520751.81049907964,333757.8116430077,0.0,188006.4211237,521764.23276670766
545,10152.24298,0.001227,0.0,100.0,10052.241753,420.0,333647.3172111517,0.0,187104.49328792797,520751.81049907964,333757.8116430077,0.0,188006.4211237,521764.23276670766
546,10151.04183,8.5e-05,0.0,100.0,10051.041745,320.0,333647.3172111517,0.0,187104.49328792797,520751.81049907964,333757.8116430077,0.0,188006.4211237,521764.23276670766
547,10149.84067,0.0,0.0,100.0,10049.84067,220.0,333647.3172111517,0.0,187104.49328792797,520751.81049907964,333757.8116430077,0.0,188006.4211237,521764.23276670766
548,10148.63952,0.0,0.0,100.0,10048.63952,120.0,333647.3172111517,0.0,187104.49328792797,520751.81049907964,333757.8116430077,0.0,188006.4211237,521764.23276670766
549,10147.43837,0.0,100.0,0.0,10247.43837,208.0,333647.3172111517,0.0,187104.49328792797,520751.81049907964,333757.8116430077,0.0,188006.4211237,521764.23276670766
550,10146.23722,0.0,36.3636363636364,0.0,10182.600856363637,240.0,333647.3172111517,0.0,187104.49328792797,520751.81049907964,333757.8116430077,0.0,188006.4211237,521764.23276670766
551,10144.69079,0.0,0.0,0.0,10144.69079,240.0,333647.3172111517,0.0,187104.49328792797,520751.81049907964,333757.8116430077,0.0,188006.4211237,521764.23276670766
552,10143.08926,0.0,0.0,0.0,10143.08926,240.0,333647.3172111517,0.0,187104.49328792797,520751.81049907964,333757.8116430077,0.0,188006.4211237,521764.23276670766
553,10141.48772,0.0,100.0,0.0,10241.48772,328.0,333647.3172111517,0.0,187104.49328792797,520751.81049907964,333757.8116430077,0.0,188006.4211237,521764.23276670766
554,10139.88618,0.0,100.0,0.0,10239.88618,416.0,333647.3172111517,0.0,187104.49328792797,520751.81049907964,333757.8116430077,0.0,188006.4211237,521764.23276670766
555,10138.28465,0.0,100.0,0.0,10238.28465,504.0,333647.3172111517,0.0,187104.49328792797,520751.81049907964,333757.8116430077,0.0,188006.4211237,521764.23276670766
556,10136.82525,0.0,100.0,0.0,10236.82525,592.0,333647.3172111517,0.0,187104.49328792797,520751.81049907964,333757.8116430077,0.0,188006.4211237,521764.23276670766
557,10135.4239,0.0,100.0,0.0,10235.4239,680.0,333647.3172111517,0.0,187104.49328792797,520751.81049907964,333757.8116430077,0.0,188006.4211237,521764.23276670766
558,10134.02256,0.003852,0.0,100.0,10034.018708,580.0,333647.3172111517,0.0,187104.49328792797,520751.81049907964,333757.8116430077,0.0,188006.4211237,521764.23276670766
559,10132.62122,0.014523999999999999,0.0,100.0,10032.606696,480.0,333647.3172111517,0.0,187104.49328792797,520751.81049907964,333757.8116430077,0.0,188006.4211237,521764.23276670766
560,10131.21987,0.024228000000000003,0.0,100.0,10031.195642,380.0,333647.3172111517,0.0,187104.49328792797,520751.81049907964,333757.8116430077,0.0,188006.4211237,521764.23276670766
561,10129.81853,0.032943,0.0,100.0,10029.785587,280.0,333647.3172111517,0.0,187104.49328792797,520751.81049907964,333757.8116430077,0.0,188006.4211237,521764.23276670766
562,10128.41718,0.04008,0.0,100.0,10028.3771,180.0,333647.3172111517,0.0,187104.49328792797,520751.81049907964,333757.8116430077,0.0,188006.4211237,521764.23276670766
563,10127.01584,0.041667,0.0,100.0,10026.974173,80.0,333647.3172111517,0.0,187104.49328792797,520751.81049907964,333757.8116430077,0.0,188006.4211237,521764.23276670766
564,10125.61449,0.040748,100.0,0.0,10225.573742,168.0,333647.3172111517,0.0,187104.49328792797,520751.81049907964,333757.8116430077,0.0,188006.4211237,521764.23276670766
565,10124.21315,0.037801,100.0,0.0,10224.175349,256.0,333647.3172111517,0.0,187104.49328792797,520751.81049907964,333757.8116430077,0.0,188006.4211237,521764.23276670766
566,10122.89294,0.032023,100.0,0.0,10222.860917,344.0,333647.3172111517,0.0,187104.49328792797,520751.81049907964,333757.8116430077,0.0,188006.4211237,521764.23276670766
567,10121.69179,0.025745999999999998,100.0,0.0,10221.666044000001,432.0,333647.3172111517,0.0,187104.49328792797,520751.81049907964,333757.8116430077,0.0,188006.4211237,521764.23276670766
568,10120.49064,0.015311,100.0,0.0,10220.475329,520.0,333647.3172111517,0.0,187104.49328792797,520751.81049907964,333757.8116430077,0.0,188006.4211237,521764.23276670766
569,10119.28948,0.004314,0.0,100.0,10019.285166,420.0,333647.3172111517,0.0,187104.49328792797,520751.81049907964,333757.8116430077,0.0,188006.4211237,521764.23276670766
570,10118.08833,0.000115,0.0,100.0,10018.088215,320.0,333647.3172111517,0.0,187104.49328792797,520751.81049907964,333757.8116430077,0.0,188006.4211237,521764.23276670766
571,10116.634,0.0,0.0,100.0,10016.634,220.0,333647.3172111517,0.0,187104.49328792797,520751.81049907964,333757.8116430077,0.0,188006.4211237,521764.23276670766
572,10114.43188,0.0,0.0,100.0,10014.43188,120.0,333647.3172111517,0.0,187104.49328792797,520751.81049907964,333757.8116430077,0.0,188006.4211237,521764.23276670766
573,10112.22977,0.0,100.0,0.0,10212.22977,208.0,333647.3172111517,0.0,187104.49328792797,520751.81049907964,333757.8116430077,0.0,188006.4211237,521764.23276670766
574,10110.02766,0.0,36.3636363636364,0.0,10146.391296363636,240.0,333647.3172111517,0.0,187104.49328792797,520751.81049907964,333757.8116430077,0.0,188006.4211237,521764.23276670766
575,10107.82555,0.0,0.0,0.0,10107.82555,240.0,333647.3172111517,0.0,187104.49328792797,520751.81049907964,333757.8116430077,0.0,188006.4211237,521764.23276670766
576,10105.64357,0.0,0.0,0.0,10105.64357,240.0,333647.3172111517,0.0,187104.49328792797,520751.81049907964,333757.8116430077,0.0,188006.4211237,521764.23276670766
577,10103.64165,0.0,100.0,0.0,10203.64165,328.0,333647.3172111517,0.0,187104.49328792797,520751.81049907964,333757.8116430077,0.0,188006.4211237,521764.23276670766
578,10101.63973,0.0,100.0,0.0,10201.63973,416.0,333647.3172111517,0.0,187104.49328792797,520751.81049907964,333757.8116430077,0.0,188006.4211237,521764.23276670766
579,10099.63781,0.0,100.0,0.0,10199.63781,504.0,333647.3172111517,0.0,187104.49328792797,520751.81049907964,333757.8116430077,0.0,188006.4211237,521764.23276670766
580,10097.63589,0.0,100.0,0.0,10197.63589,592.0,333647.3172111517,0.0,187104.49328792797,520751.81049907964,333757.8116430077,0.0,188006.4211237,521764.23276670766
581,10095.63397,0.0,100.0,0.0,10195.63397,680.0,333647.3172111517,0.0,187104.49328792797,520751.81049907964,333757.8116430077,0.0,188006.4211237,521764.23276670766
582,10093.63205,0.003453,0.0,100.0,9993.628597,580.0,333647.3172111517,0.0,187104.49328792797,520751.81049907964,333757.8116430077,0.0,188006.4211237,521764.23276670766
583,10091.63013,0.014253,0.0,100.0,9991.615877,480.0,333647.3172111517,0.0,187104.49328792797,520751.81049907964,333757.8116430077,0.0,188006.4211237,521764.23276670766
584,10089.62821,0.024647,0.0,100.0,9989.603563,380.0,333647.3172111517,0.0,187104.49328792797,520751.81049907964,333757.8116430077,0.0,188006.4211237,521764.23276670766
585,10087.62629,0.031454,0.0,100.0,9987.594836,280.0,333647.3172111517,0.0,187104.49328792797,520751.81049907964,333757.8116430077,0.0,188006.4211237,521764.23276670766
586,10085.62437,0.033923,0.0,100.0,9985.590446999999,180.0,333647.3172111517,0.0,187104.49328792797,520751.81049907964,333757.8116430077,0.0,188006.4211237,521764.23276670766
587,10083.30379,0.0347,0.0,100.0,9983.26909,80.0,333647.3172111517,0.0,187104.49328792797,520751.81049907964,333757.8116430077,0.0,188006.4211237,521764.23276670766
588,10080.90148,0.038987,100.0,0.0,10180.862493,168.0,333647.3172111517,0.0,187104.49328792797,520751.81049907964,333757.8116430077,0.0,188006.4211237,521764.23276670766
589,10078.49918,0.035014,100.0,0.0,10178.464166000002,256.0,333647.3172111517,0.0,187104.49328792797,520751.81049907964,333757.8116430077,0.0,188006.4211237,521764.23276670766
590,10076.09687,0.031683,100.0,0.0,10176.065187,344.0,333647.3172111517,0.0,187104.49328792797,520751.81049907964,333757.8116430077,0.0,188006.4211237,521764.23276670766
591,10073.69457,0.024244,100.0,0.0,10173.670326,432.0,333647.3172111517,0.0,187104.49328792797,520751.81049907964,333757.8116430077,0.0,188006.4211237,521764.23276670766
592,10071.29226,0.014216,100.0,0.0,10171.278044,520.0,333647.3172111517,0.0,187104.49328792797,520751.81049907964,333757.8116430077,0.0,188006.4211237,521764.23276670766
593,10068.88996,0.004462,0.0,100.0,9968.885498,420.0,333647.3172111517,0.0,187104.49328792797,520751.81049907964,333757.8116430077,0.0,188006.4211237,521764.23276670766
594,10066.48766,0.000174,0.0,100.0,9966.487486,320.0,333647.3172111517,0.0,187104.49328792797,520751.81049907964,333757.8116430077,0.0,188006.4211237,521764.23276670766
595,10064.08535,0.0,0.0,100.0,9964.08535,220.0,333647.3172111517,0.0,187104.49328792797,520751.81049907964,333757.8116430077,0.0,188006.4211237,521764.23276670766
596,10061.68305,0.0,0.0,100.0,9961.68305,120.0,333647.3172111517,0.0,187104.49328792797,520751.81049907964,333757.8116430077,0.0,188006.4211237,521764.23276670766
597,10059.57573,0.0,100.0,0.0,10159.57573,208.0,333647.3172111517,0.0,187104.49328792797,520751.81049907964,333757.8116430077,0.0,188006.4211237,521764.23276670766
598,10057.774,0.0,36.3636363636364,0.0,10094.137636363635,240.0,333647.3172111517,0.0,187104.49328792797,520751.81049907964,333757.8116430077,0.0,188006.4211237,521764.23276670766
599,10055.97227,0.0,0.0,0.0,10055.97227,240.0,333647.3172111517,0.0,187104.49328792797,520751.81049907964,333757.8116430077,0.0,188006.4211237,521764.23276670766
600,10054.17055,0.0,0.0,0.0,10054.17055,240.0,333647.3172111517,0.0,187104.49328792797,520751.81049907964,333757.8116430077,0.0,188006.4211237,521764.23276670766
601,10052.36882,0.0,100.0,0.0,10152.36882,328.0,333647.3172111517,0.0,187104.49328792797,520751.81049907964,333757.8116430077,0.0,188006.4211237,521764.23276670766
602,10050.43143,0.0,100.0,0.0,10150.43143,416.0,333647.3172111517,0.0,187104.49328792797,520751.81049907964,333757.8116430077,0.0,188006.4211237,521764.23276670766
603,10048.22932,0.0,100.0,0.0,10148.22932,504.0,333647.3172111517,0.0,187104.49328792797,520751.81049907964,333757.8116430077,0.0,188006.4211237,521764.23276670766
604,10046.0272,0.0,100.0,0.0,10146.0272,592.0,333647.3172111517,0.0,187104.49328792797,520751.81049907964,333757.8116430077,0.0,188006.4211237,521764.23276670766
605,10043.82509,0.0,100.0,0.0,10143.82509,680.0,333647.3172111517,0.0,187104.49328792797,520751.81049907964,333757.8116430077,0.0,188006.4211237,521764.23276670766
606,10041.62298,0.004073,0.0,100.0,9941.618907,580.0,333647.3172111517,0.0,187104.49328792797,520751.81049907964,333757.8116430077,0.0,188006.4211237,521764.23276670766
607,10039.57019,0.014088,0.0,100.0,9939.556102,480.0,333647.3172111517,0.0,187104.49328792797,520751.81049907964,333757.8116430077,0.0,188006.4211237,521764.23276670766
608,10038.16884,0.024095,0.0,100.0,9938.144745,380.0,333647.3172111517,0.0,187104.49328792797,520751.81049907964,333757.8116430077,0.0,188006.4211237,521764.23276670766
609,10036.7675,0.031814,0.0,100.0,9936.735686,280.0,333647.3172111517,0.0,187104.49328792797,520751.81049907964,333757.8116430077,0.0,188006.4211237,521764.23276670766
610,10035.36615,0.03733,0.0,100.0,9935.32882,180.0,333647.3172111517,0.0,187104.49328792797,520751.81049907964,333757.8116430077,0.0,188006.4211237,521764.23276670766
611,10033.96481,0.039781,0.0,100.0,9933.925029,80.0,333647.3172111517,0.0,187104.49328792797,520751.81049907964,333757.8116430077,0.0,188006.4211237,521764.23276670766
612,10032.55663,0.040372,54.5454545454545,0.0,10087.061712545454,128.0,333647.3172111517,0.0,187104.49328792797,520751.81049907964,333757.8116430077,0.0,188006.4211237,521764.23276670766
613,10030.9551,0.038469,100.0,0.0,10130.916631,216.0,333647.3172111517,0.0,187104.49328792797,520751.81049907964,333757.8116430077,0.0,188006.4211237,521764.23276670766
614,10029.35356,0.033778,100.0,0.0,10129.319781999999,304.0,333647.3172111517,0.0,187104.49328792797,520751.81049907964,333757.8116430077,0.0,188006.4211237,521764.23276670766
615,10027.75203,0.025003,100.0,0.0,10127.727026999999,392.0,333647.3172111517,0.0,187104.49328792797,520751.81049907964,333757.8116430077,0.0,188006.4211237,521764.23276670766
616,10026.15049,0.014964,100.0,0.0,10126.135526,480.0,333647.3172111517,0.0,187104.49328792797,520751.81049907964,333757.8116430077,0.0,188006.4211237,521764.23276670766
617,10024.54895,0.00442,0.0,100.0,9924.544530000001,380.0,333647.3172111517,0.0,187104.49328792797,520751.81049907964,333757.8116430077,0.0,188006.4211237,521764.23276670766
618,10023.12394,0.000205,0.0,100.0,9923.123735,280.0,333647.3172111517,0.0,187104.49328792797,520751.81049907964,333757.8116430077,0.0,188006.4211237,521764.23276670766
619,10021.72259,0.0,0.0,100.0,9921.72259,180.0,333647.3172111517,0.0,187104.49328792797,520751.81049907964,333757.8116430077,0.0,188006.4211237,521764.23276670766
620,10020.32125,0.0,0.0,100.0,9920.32125,80.0,333647.3172111517,0.0,187104.49328792797,520751.81049907964,333757.8116430077,0.0,188006.4211237,521764.23276670766
621,10018.91991,0.0,0.0,0.0,10018.91991,80.0,333647.3172111517,0.0,187104.49328792797,520751.81049907964,333757.8116430077,0.0,188006.4211237,521764.23276670766
622,10017.51856,0.0,0.0,0.0,10017.51856,80.0,333647.3172111517,0.0,187104.49328792797,520751.81049907964,333757.8116430077,0.0,188006.4211237,521764.23276670766
623,10016.11722,0.0,0.0,0.0,10016.11722,80.0,333647.3172111517,0.0,187104.49328792797,520751.81049907964,333757.8116430077,0.0,188006.4211237,521764.23276670766
624,10014.71587,0.0,0.0,0.0,10014.71587,80.0,333647.3172111517,0.0,187104.49328792797,520751.81049907964,333757.8116430077,0.0,188006.4211237,521764.23276670766
625,10013.31453,0.0,0.0,0.0,10013.31453,80.0,333647.3172111517,0.0,187104.49328792797,520751.81049907964,333757.8116430077,0.0,188006.4211237,521764.23276670766
626,10011.91318,0.0,0.0,0.0,10011.91318,80.0,333647.3172111517,0.0,187104.49328792797,520751.81049907964,333757.8116430077,0.0,188006.4211237,521764.23276670766
627,10010.51184,0.0,0.0,0.0,10010.51184,80.0,333647.3172111517,0.0,187104.49328792797,520751.81049907964,333757.8116430077,0.0,188006.4211237,521764.23276670766
628,10009.22602,0.0,0.0,0.0,10009.22602,80.0,333647.3172111517,0.0,187104.49328792797,520751.81049907964,333757.8116430077,0.0,188006.4211237,521764.23276670766
629,10008.02487,0.0,0.0,0.0,10008.02487,80.0,333647.3172111517,0.0,187104.49328792797,520751.81049907964,333757.8116430077,0.0,188006.4211237,521764.23276670766
630,10006.82371,0.003364,0.0,0.0,10006.820346,80.0,333647.3172111517,0.0,187104.49328792797,520751.81049907964,333757.8116430077,0.0,188006.4211237,521764.23276670766
631,10005.62256,0.013259,0.0,0.0,10005.609301,80.0,333647.3172111517,0.0,187104.49328792797,520751.81049907964,333757.8116430077,0.0,188006.4211237,521764.23276670766
632,10004.42141,0.024489999999999998,0.0,0.0,10004.396920000001,80.0,333647.3172111517,0.0,187104.49328792797,520751.81049907964,333757.8116430077,0.0,188006.4211237,521764.23276670766
633,10003.05021,0.029382000000000002,0.0,0.0,10003.020827999999,80.0,333647.3172111517,0.0,187104.49328792797,520751.81049907964,333757.8116430077,0.0,188006.4211237,521764.23276670766
634,10001.44868,0.033488,0.0,0.0,10001.415192,80.0,333647.3172111517,0.0,187104.49328792797,520751.81049907964,333757.8116430077,0.0,188006.4211237,521764.23276670766
635,9999.847139,0.038376,0.0,0.0,9999.808762999999,80.0,333647.3172111517,0.0,187104.49328792797,520751.81049907964,333757.8116430077,0.0,188006.4211237,521764.23276670766
636,9998.245603,0.037409,0.0,0.0,9998.208193999999,80.0,333647.3172111517,0.0,187104.49328792797,520751.81049907964,333757.8116430077,0.0,188006.4211237,521764.23276670766
637,9996.644066,0.037261,100.0,0.0,10096.606805000001,168.0,333647.3172111517,0.0,187104.49328792797,520751.81049907964,333757.8116430077,0.0,188006.4211237,521764.23276670766
638,9994.988007,0.01841,100.0,0.0,10094.969597,256.0,333647.3172111517,0.0,187104.49328792797,520751.81049907964,333757.8116430077,0.0,188006.4211237,521764.23276670766
639,9993.186279,0.01702,81.8181818181818,0.0,10074.987440818182,328.0,333647.3172111517,0.0,187104.49328792797,520751.81049907964,333757.8116430077,0.0,188006.4211237,521764.23276670766
640,9991.38455,0.01306,0.0,0.0,9991.371490000001,328.0,333647.3172111517,0.0,187104.49328792797,520751.81049907964,333757.8116430077,0.0,188006.4211237,521764.23276670766
641,9989.582822,0.0035710000000000004,0.0,0.0,9989.579251000001,328.0,333647.3172111517,0.0,187104.49328792797,520751.81049907964,333757.8116430077,0.0,188006.4211237,521764.23276670766
642,9987.781093,0.000283,0.0,0.0,9987.78081,328.0,333647.3172111517,0.0,187104.49328792797,520751.81049907964,333757.8116430077,0.0,188006.4211237,521764.23276670766
643,9985.955342,0.0,0.0,0.0,9985.955342,328.0,333647.3172111517,0.0,187104.49328792797,520751.81049907964,333757.8116430077,0.0,188006.4211237,521764.23276670766
644,9983.953422,0.0,0.0,0.0,9983.953422,328.0,333647.3172111517,0.0,187104.49328792797,520751.81049907964,333757.8116430077,0.0,188006.4211237,521764.23276670766
645,9981.951501,0.0,0.0,0.0,9981.951501,328.0,333647.3172111517,0.0,187104.49328792797,520751.81049907964,333757.8116430077,0.0,188006.4211237,521764.23276670766
646,9979.949581,0.0,0.0,0.0,9979.949581,328.0,333647.3172111517,0.0,187104.49328792797,520751.81049907964,333757.8116430077,0.0,188006.4211237,521764.23276670766
647,9977.94766,0.0,0.0,0.0,9977.94766,328.0,333647.3172111517,0.0,187104.49328792797,520751.81049907964,333757.8116430077,0.0,188006.4211237,521764.23276670766
648,9975.94574,0.0,0.0,0.0,9975.94574,328.0,333647.3172111517,0.0,187104.49328792797,520751.81049907964,333757.8116430077,0.0,188006.4211237,521764.23276670766
649,9974.137535,0.0,0.0,0.0,9974.137535,328.0,333647.3172111517,0.0,187104.49328792797,520751.81049907964,333757.8116430077,0.0,188006.4211237,521764.23276670766
650,9972.335806,0.0,0.0,0.0,9972.335806,328.0,333647.3172111517,0.0,187104.49328792797,520751.81049907964,333757.8116430077,0.0,188006.4211237,521764.23276670766
651,9970.534078,0.0,0.0,0.0,9970.534078,328.0,333647.3172111517,0.0,187104.49328792797,520751.81049907964,333757.8116430077,0.0,188006.4211237,521764.23276670766
652,9968.732349,0.0,0.0,0.0,9968.732349,328.0,333647.3172111517,0.0,187104.49328792797,520751.81049907964,333757.8116430077,0.0,188006.4211237,521764.23276670766
653,9966.930621,0.0,0.0,0.0,9966.930621,328.0,333647.3172111517,0.0,187104.49328792797,520751.81049907964,333757.8116430077,0.0,188006.4211237,521764.23276670766
654,9964.965677,0.004379,0.0,0.0,9964.961298,328.0,333647.3172111517,0.0,187104.49328792797,520751.81049907964,333757.8116430077,0.0,188006.4211237,521764.23276670766
655,9962.963757,0.014156,0.0,0.0,9962.949601,328.0,333647.3172111517,0.0,187104.49328792797,520751.81049907964,333757.8116430077,0.0,188006.4211237,521764.23276670766
656,9960.961836,0.02321,0.0,0.0,9960.938626000001,328.0,333647.3172111517,0.0,187104.49328792797,520751.81049907964,333757.8116430077,0.0,188006.4211237,521764.23276670766
657,9958.959916,0.031278,0.0,0.0,9958.928638,328.0,333647.3172111517,0.0,187104.49328792797,520751.81049907964,333757.8116430077,0.0,188006.4211237,521764.23276670766
658,9956.957995,0.037271,0.0,0.0,9956.920724000001,328.0,333647.3172111517,0.0,187104.49328792797,520751.81049907964,333757.8116430077,0.0,188006.4211237,521764.23276670766
659,9955.08879,0.039894,0.0,0.0,9955.048896,328.0,333647.3172111517,0.0,187104.49328792797,520751.81049907964,333757.8116430077,0.0,188006.4211237,521764.23276670766
660,9953.287062,0.039822,0.0,0.0,9953.247239999999,328.0,333647.3172111517,0.0,187104.49328792797,520751.81049907964,333757.8116430077,0.0,188006.4211237,521764.23276670766
661,9951.485334,0.036838,0.0,0.0,9951.448496,328.0,333647.3172111517,0.0,187104.49328792797,520751.81049907964,333757.8116430077,0.0,188006.4211237,521764.23276670766
662,9949.683605,0.029433,0.0,0.0,9949.654172,328.0,333647.3172111517,0.0,187104.49328792797,520751.81049907964,333757.8116430077,0.0,188006.4211237,521764.23276670766
663,9947.881877,0.016744,0.0,0.0,9947.865133,328.0,333647.3172111517,0.0,187104.49328792797,520751.81049907964,333757.8116430077,0.0,188006.4211237,521764.23276670766
664,9946.28458,0.008064,0.0,0.0,9946.276516,328.0,333647.3172111517,0.0,187104.49328792797,520751.81049907964,333757.8116430077,0.0,188006.4211237,521764.23276670766
665,9944.883236,0.001964,0.0,0.0,9944.881272,328.0,333647.3172111517,0.0,187104.49328792797,520751.81049907964,333757.8116430077,0.0,188006.4211237,521764.23276670766
666,9943.481891,0.00033600000000000004,0.0,0.0,9943.481555,328.0,333647.3172111517,0.0,187104.49328792797,520751.81049907964,333757.8116430077,0.0,188006.4211237,521764.23276670766
667,9942.080547,0.0,0.0,0.0,9942.080547,328.0,333647.3172111517,0.0,187104.49328792797,520751.81049907964,333757.8116430077,0.0,188006.4211237,521764.23276670766
668,9940.679203,0.0,0.0,0.0,9940.679203,328.0,333647.3172111517,0.0,187104.49328792797,520751.81049907964,333757.8116430077,0.0,188006.4211237,521764.23276670766
669,9939.42129,0.0,0.0,0.0,9939.42129,328.0,333647.3172111517,0.0,187104.49328792797,520751.81049907964,333757.8116430077,0.0,188006.4211237,521764.23276670766
670,9938.42033,0.0,0.0,0.0,9938.42033,328.0,333647.3172111517,0.0,187104.49328792797,520751.81049907964,333757.8116430077,0.0,188006.4211237,521764.23276670766
671,9937.41937,0.0,0.0,0.0,9937.41937,328.0,333647.3172111517,0.0,187104.49328792797,520751.81049907964,333757.8116430077,0.0,188006.4211237,521764.23276670766
672,9936.418409,0.0,0.0,0.0,9936.418409,328.0,333647.3172111517,0.0,187104.49328792797,520751.81049907964,333757.8116430077,0.0,188006.4211237,521764.23276670766
673,9935.417449,0.0,0.0,0.0,9935.417449,328.0,333647.3172111517,0.0,187104.49328792797,520751.81049907964,333757.8116430077,0.0,188006.4211237,521764.23276670766
674,9934.457705,0.0,100.0,0.0,10034.457705,416.0,333647.3172111517,0.0,187104.49328792797,520751.81049907964,333757.8116430077,0.0,188006.4211237,521764.23276670766
675,9933.656937,0.0,100.0,0.0,10033.656937,504.0,333647.3172111517,0.0,187104.49328792797,520751.81049907964,333757.8116430077,0.0,188006.4211237,521764.23276670766
676,9932.856169,0.0,100.0,0.0,10032.856169,592.0,333647.3172111517,0.0,187104.49328792797,520751.81049907964,333757.8116430077,0.0,188006.4211237,521764.23276670766
677,9932.0554,0.0,100.0,0.0,10032.0554,680.0,333647.3172111517,0.0,187104.49328792797,520751.81049907964,333757.8116430077,0.0,188006.4211237,521764.23276670766
678,9931.254632,0.003695,0.0,100.0,9831.250937,580.0,333647.3172111517,0.0,187104.49328792797,520751.81049907964,333757.8116430077,0.0,188006.4211237,521764.23276670766
679,9930.432432,0.014489000000000002,0.0,100.0,9830.417943,480.0,333647.3172111517,0.0,187104.49328792797,520751.81049907964,333757.8116430077,0.0,188006.4211237,521764.23276670766
680,9929.231279,0.024099000000000002,0.0,100.0,9829.20718,380.0,333647.3172111517,0.0,187104.49328792797,520751.81049907964,333757.8116430077,0.0,188006.4211237,521764.23276670766
681,9928.030127,0.031458,0.0,100.0,9827.998669,280.0,333647.3172111517,0.0,187104.49328792797,520751.81049907964,333757.8116430077,0.0,188006.4211237,521764.23276670766
682,9926.828975,0.03725,0.0,100.0,9826.791725000001,180.0,333647.3172111517,0.0,187104.49328792797,520751.81049907964,333757.8116430077,0.0,188006.4211237,521764.23276670766
683,9925.627823,0.040125,0.0,100.0,9825.587698000001,80.0,333647.3172111517,0.0,187104.49328792797,520751.81049907964,333757.8116430077,0.0,188006.4211237,521764.23276670766
684,9924.42667,0.038456000000000004,54.5454545454545,0.0,9978.933668545455,128.0,333647.3172111517,0.0,187104.49328792797,520751.81049907964,333757.8116430077,0.0,188006.4211237,521764.23276670766
685,9923.405926,0.025525,100.0,0.0,10023.380401,216.0,333647.3172111517,0.0,187104.49328792797,520751.81049907964,333757.8116430077,0.0,188006.4211237,521764.23276670766
686,9922.404966,0.010433999999999999,100.0,0.0,10022.394532,304.0,333647.3172111517,0.0,187104.49328792797,520751.81049907964,333757.8116430077,0.0,188006.4211237,521764.23276670766
687,9921.404006,0.015996,100.0,0.0,10021.38801,392.0,333647.3172111517,0.0,187104.49328792797,520751.81049907964,333757.8116430077,0.0,188006.4211237,521764.23276670766
688,9920.403046,0.014577999999999999,100.0,0.0,10020.388468,480.0,333647.3172111517,0.0,187104.49328792797,520751.81049907964,333757.8116430077,0.0,188006.4211237,521764.23276670766
689,9919.402086,0.004098,0.0,100.0,9819.397988,380.0,333647.3172111517,0.0,187104.49328792797,520751.81049907964,333757.8116430077,0.0,188006.4211237,521764.23276670766
690,9918.401125,0.00024,0.0,100.0,9818.400885000001,280.0,333647.3172111517,0.0,187104.49328792797,520751.81049907964,333757.8116430077,0.0,188006.4211237,521764.23276670766
691,9917.400165,0.0,0.0,100.0,9817.400165,180.0,333647.3172111517,0.0,187104.49328792797,520751.81049907964,333757.8116430077,0.0,188006.4211237,521764.23276670766
692,9916.399205,0.0,0.0,100.0,9816.399205,80.0,333647.3172111517,0.0,187104.49328792797,520751.81049907964,333757.8116430077,0.0,188006.4211237,521764.23276670766
693,9915.398245,0.0,100.0,0.0,10015.398245,168.0,333647.3172111517,0.0,187104.49328792797,520751.81049907964,333757.8116430077,0.0,188006.4211237,521764.23276670766
694,9914.397284,0.0,100.0,0.0,10014.397284,256.0,333647.3172111517,0.0,187104.49328792797,520751.81049907964,333757.8116430077,0.0,188006.4211237,521764.23276670766
695,9913.276916,0.0,100.0,0.0,10013.276916,344.0,333647.3172111517,0.0,187104.49328792797,520751.81049907964,333757.8116430077,0.0,188006.4211237,521764.23276670766
696,9912.075763,0.0,0.0,0.0,9912.075763,344.0,333647.3172111517,0.0,187104.49328792797,520751.81049907964,333757.8116430077,0.0,188006.4211237,521764.23276670766
697,9910.874611,0.0,0.0,0.0,9910.874611,344.0,333647.3172111517,0.0,187104.49328792797,520751.81049907964,333757.8116430077,0.0,188006.4211237,521764.23276670766
698,9909.673459,0.0,100.0,0.0,10009.673459,432.0,333647.3172111517,0.0,187104.49328792797,520751.81049907964,333757.8116430077,0.0,188006.4211237,521764.23276670766
699,9908.472307,0.0,100.0,0.0,10008.472307,520.0,333647.3172111517,0.0,187104.49328792797,520751.81049907964,333757.8116430077,0.0,188006.4211237,521764.23276670766
700,9907.271154,0.0,100.0,0.0,10007.271154,608.0,333647.3172111517,0.0,187104.49328792797,520751.81049907964,333757.8116430077,0.0,188006.4211237,521764.23276670766
701,9906.070002,0.0,100.0,0.0,10006.070002,696.0,333647.3172111517,0.0,187104.49328792797,520751.81049907964,333757.8116430077,0.0,188006.4211237,521764.23276670766
702,9904.86885,0.004039,0.0,100.0,9804.864811000001,596.0,333647.3172111517,0.0,187104.49328792797,520751.81049907964,333757.8116430077,0.0,188006.4211237,521764.23276670766
703,9903.667697,0.014612,0.0,100.0,9803.653085,496.0,333647.3172111517,0.0,187104.49328792797,520751.81049907964,333757.8116430077,0.0,188006.4211237,521764.23276670766
704,9902.466545,0.025053000000000002,0.0,100.0,9802.441492,396.0,333647.3172111517,0.0,187104.49328792797,520751.81049907964,333757.8116430077,0.0,188006.4211237,521764.23276670766
705,9901.090166,0.03284,0.0,100.0,9801.057326,296.0,333647.3172111517,0.0,187104.49328792797,520751.81049907964,333757.8116430077,0.0,188006.4211237,521764.23276670766
706,9899.288438,0.038665,0.0,100.0,9799.249773,196.0,333647.3172111517,0.0,187104.49328792797,520751.81049907964,333757.8116430077,0.0,188006.4211237,521764.23276670766
707,9897.486709,0.040607,0.0,100.0,9797.446102,96.0,333647.3172111517,0.0,187104.49328792797,520751.81049907964,333757.8116430077,0.0,188006.4211237,521764.23276670766
708,9895.684981,0.041496000000000005,100.0,0.0,9995.643485,184.0,333647.3172111517,0.0,187104.49328792797,520751.81049907964,333757.8116430077,0.0,188006.4211237,521764.23276670766
709,9893.883252,0.039067,100.0,0.0,9993.844185,272.0,333647.3172111517,0.0,187104.49328792797,520751.81049907964,333757.8116430077,0.0,188006.4211237,521764.23276670766
710,9892.053615,0.033118,100.0,0.0,9992.020497000001,360.0,333647.3172111517,0.0,187104.49328792797,520751.81049907964,333757.8116430077,0.0,188006.4211237,521764.23276670766
711,9890.051694,0.022865,100.0,0.0,9990.028828999999,448.0,333647.3172111517,0.0,187104.49328792797,520751.81049907964,333757.8116430077,0.0,188006.4211237,521764.23276670766
712,9888.049774,0.011869,100.0,0.0,9988.037905,536.0,333647.3172111517,0.0,187104.49328792797,520751.81049907964,333757.8116430077,0.0,188006.4211237,521764.23276670766
713,9886.047854,0.004267000000000001,0.0,100.0,9786.043587,436.0,333647.3172111517,0.0,187104.49328792797,520751.81049907964,333757.8116430077,0.0,188006.4211237,521764.23276670766
714,9884.045933,0.00023899999999999998,0.0,100.0,9784.045693999999,336.0,333647.3172111517,0.0,187104.49328792797,520751.81049907964,333757.8116430077,0.0,188006.4211237,521764.23276670766
715,9882.044013,0.0,0.0,100.0,9782.044013,236.0,333647.3172111517,0.0,187104.49328792797,520751.81049907964,333757.8116430077,0.0,188006.4211237,521764.23276670766
716,9880.437295,0.0,0.0,100.0,9780.437295,136.0,333647.3172111517,0.0,187104.49328792797,520751.81049907964,333757.8116430077,0.0,188006.4211237,521764.23276670766
717,9878.835759,0.0,100.0,0.0,9978.835759,224.0,333647.3172111517,0.0,187104.49328792797,520751.81049907964,333757.8116430077,0.0,188006.4211237,521764.23276670766
718,9877.234222,0.0,100.0,0.0,9977.234222,312.0,333647.3172111517,0.0,187104.49328792797,520751.81049907964,333757.8116430077,0.0,188006.4211237,521764.23276670766
719,9875.632686,0.0,100.0,0.0,9975.632686,400.0,333647.3172111517,0.0,187104.49328792797,520751.81049907964,333757.8116430077,0.0,188006.4211237,521764.23276670766
