time,Pload,Ppv,Pcharge,Pdischarge,Ptotal,state of charge,energy_charge_with_es,nem_charge_with_es,demand_charge_with_es,total_bill_with_es,energy_charge_without_es,nem_charge_without_es,demand_charge_without_es,total_bill_without_es
0,9854.476391,0.0,0.0,0.0,9854.476391,300.0,387126.9336592688,0.0,251507.33911687037,638634.2727761392,387380.18249174627,0.0,252462.27472822997,639842.4572199762
1,9860.482152,0.0,0.0,0.0,9860.482152,300.0,387126.9336592688,0.0,251507.33911687037,638634.2727761392,387380.18249174627,0.0,252462.27472822997,639842.4572199762
2,9866.487913,0.0,0.0,0.0,9866.487913,300.0,387126.9336592688,0.0,251507.33911687037,638634.2727761392,387380.18249174627,0.0,252462.27472822997,639842.4572199762
3,9872.493675,0.0,0.0,0.0,9872.493675,300.0,387126.9336592688,0.0,251507.33911687037,638634.2727761392,387380.18249174627,0.0,252462.27472822997,639842.4572199762
4,9878.499436,0.0,0.0,0.0,9878.499436,300.0,387126.9336592688,0.0,251507.33911687037,638634.2727761392,387380.18249174627,0.0,252462.27472822997,639842.4572199762
5,9884.753906,0.0004,0.0,0.0,9884.753506,300.0,387126.9336592688,0.0,251507.33911687037,638634.2727761392,387380.18249174627,0.0,252462.27472822997,639842.4572199762
6,9891.360244,0.002096,0.0,0.0,9891.358148,300.0,387126.9336592688,0.0,251507.33911687037,638634.2727761392,387380.18249174627,0.0,252462.27472822997,639842.4572199762
7,9897.966581,0.006886000000000001,0.0,0.0,9897.959695000001,300.0,387126.9336592688,0.0,251507.33911687037,638634.2727761392,387380.18249174627,0.0,252462.27472822997,639842.4572199762
8,9904.572919,0.014949,0.0,0.0,9904.55797,300.0,387126.9336592688,0.0,251507.33911687037,638634.2727761392,387380.18249174627,0.0,252462.27472822997,639842.4572199762
9,9911.179256,0.023654,0.0,0.0,9911.155601999999,300.0,387126.9336592688,0.0,251507.33911687037,638634.2727761392,387380.18249174627,0.0,252462.27472822997,639842.4572199762
10,9918.571642,0.020276,72.7272727272727,0.0,9991.278638727274,364.0,387126.9336592688,0.0,251507.33911687037,638634.2727761392,387380.18249174627,0.0,252462.27472822997,639842.4572199762
11,9928.18086,0.031944,100.0,0.0,10028.148916,452.0,387126.9336592688,0.0,251507.33911687037,638634.2727761392,387380.18249174627,0.0,252462.27472822997,639842.4572199762
12,9937.790078,0.01858,100.0,0.0,10037.771498,540.0,387126.9336592688,0.0,251507.33911687037,638634.2727761392,387380.18249174627,0.0,252462.27472822997,639842.4572199762
13,9947.399296,0.025307,0.0,100.0,9847.373989,440.0,387126.9336592688,0.0,251507.33911687037,638634.2727761392,387380.18249174627,0.0,252462.27472822997,639842.4572199762
14,9957.008514,0.009793,0.0,100.0,9856.998721,340.0,387126.9336592688,0.0,251507.33911687037,638634.2727761392,387380.18249174627,0.0,252462.27472822997,639842.4572199762
15,9965.960632,0.012687,0.0,100.0,9865.947945,240.0,387126.9336592688,0.0,251507.33911687037,638634.2727761392,387380.18249174627,0.0,252462.27472822997,639842.4572199762
16,9969.564088,0.007932,0.0,100.0,9869.556155999999,140.0,387126.9336592688,0.0,251507.33911687037,638634.2727761392,387380.18249174627,0.0,252462.27472822997,639842.4572199762
17,9973.167545,0.004021,0.0,80.0,9893.163524,60.0,387126.9336592688,0.0,251507.33911687037,638634.2727761392,387380.18249174627,0.0,252462.27472822997,639842.4572199762
18,9976.771002,0.0022240000000000003,0.0,0.0,9976.768778,60.0,387126.9336592688,0.0,251507.33911687037,638634.2727761392,387380.18249174627,0.0,252462.27472822997,639842.4572199762
19,9980.374459,0.0,0.0,0.0,9980.374459,60.0,387126.9336592688,0.0,251507.33911687037,638634.2727761392,387380.18249174627,0.0,252462.27472822997,639842.4572199762
20,9983.977916,0.0,0.0,0.0,9983.977916,60.0,387126.9336592688,0.0,251507.33911687037,638634.2727761392,387380.18249174627,0.0,252462.27472822997,639842.4572199762
21,9984.707439,0.0,0.0,0.0,9984.707439,60.0,387126.9336592688,0.0,251507.33911687037,638634.2727761392,387380.18249174627,0.0,252462.27472822997,639842.4572199762
22,9985.308015,0.0,0.0,0.0,9985.308015,60.0,387126.9336592688,0.0,251507.33911687037,638634.2727761392,387380.18249174627,0.0,252462.27472822997,639842.4572199762
23,9985.908591,0.0,0.0,0.0,9985.908591,60.0,387126.9336592688,0.0,251507.33911687037,638634.2727761392,387380.18249174627,0.0,252462.27472822997,639842.4572199762
24,9986.509167,0.0,0.0,0.0,9986.509167,60.0,387126.9336592688,0.0,251507.33911687037,638634.2727761392,387380.18249174627,0.0,252462.27472822997,639842.4572199762
25,9987.109743,0.0,0.0,0.0,9987.109743,60.0,387126.9336592688,0.0,251507.33911687037,638634.2727761392,387380.18249174627,0.0,252462.27472822997,639842.4572199762
26,9987.388128,0.0,0.0,0.0,9987.388128,60.0,387126.9336592688,0.0,251507.33911687037,638634.2727761392,387380.18249174627,0.0,252462.27472822997,639842.4572199762
27,9987.58832,0.0,0.0,0.0,9987.58832,60.0,387126.9336592688,0.0,251507.33911687037,638634.2727761392,387380.18249174627,0.0,252462.27472822997,639842.4572199762
28,9987.788512,0.0,0.0,0.0,9987.788512,60.0,387126.9336592688,0.0,251507.33911687037,638634.2727761392,387380.18249174627,0.0,252462.27472822997,639842.4572199762
29,9987.988704,0.001034,0.0,0.0,9987.987669999999,60.0,387126.9336592688,0.0,251507.33911687037,638634.2727761392,387380.18249174627,0.0,252462.27472822997,639842.4572199762
30,9988.188896,0.003478,0.0,0.0,9988.185418,60.0,387126.9336592688,0.0,251507.33911687037,638634.2727761392,387380.18249174627,0.0,252462.27472822997,639842.4572199762
31,9988.258493,0.011122,45.4545454545455,0.0,10033.701916454545,100.0,387126.9336592688,0.0,251507.33911687037,638634.2727761392,387380.18249174627,0.0,252462.27472822997,639842.4572199762
32,9988.258493,0.020481000000000003,100.0,0.0,10088.238012,188.0,387126.9336592688,0.0,251507.33911687037,638634.2727761392,387380.18249174627,0.0,252462.27472822997,639842.4572199762
33,9988.258493,0.027699,100.0,0.0,10088.230794,276.0,387126.9336592688,0.0,251507.33911687037,638634.2727761392,387380.18249174627,0.0,252462.27472822997,639842.4572199762
34,9988.258493,0.032418,100.0,0.0,10088.226074999999,364.0,387126.9336592688,0.0,251507.33911687037,638634.2727761392,387380.18249174627,0.0,252462.27472822997,639842.4572199762
35,9988.258493,0.032037,100.0,0.0,10088.226455999999,452.0,387126.9336592688,0.0,251507.33911687037,638634.2727761392,387380.18249174627,0.0,252462.27472822997,639842.4572199762
36,9988.358589,0.03469,100.0,0.0,10088.323898999999,540.0,387126.9336592688,0.0,251507.33911687037,638634.2727761392,387380.18249174627,0.0,252462.27472822997,639842.4572199762
37,9988.558781,0.028804,0.0,100.0,9888.529977,440.0,387126.9336592688,0.0,251507.33911687037,638634.2727761392,387380.18249174627,0.0,252462.27472822997,639842.4572199762
38,9988.758973,0.027181999999999998,0.0,100.0,9888.731791,340.0,387126.9336592688,0.0,251507.33911687037,638634.2727761392,387380.18249174627,0.0,252462.27472822997,639842.4572199762
39,9988.959165,0.021984000000000004,0.0,100.0,9888.937181,240.0,387126.9336592688,0.0,251507.33911687037,638634.2727761392,387380.18249174627,0.0,252462.27472822997,639842.4572199762
40,9989.159357,0.013314000000000001,0.0,100.0,9889.146043,140.0,387126.9336592688,0.0,251507.33911687037,638634.2727761392,387380.18249174627,0.0,252462.27472822997,639842.4572199762
41,9989.359549,0.005107,0.0,80.0,9909.354442,60.0,387126.9336592688,0.0,251507.33911687037,638634.2727761392,387380.18249174627,0.0,252462.27472822997,639842.4572199762
42,9989.559741,0.0012900000000000001,0.0,0.0,9989.558450999999,60.0,387126.9336592688,0.0,251507.33911687037,638634.2727761392,387380.18249174627,0.0,252462.27472822997,639842.4572199762
43,9989.759933,8.9e-05,0.0,0.0,9989.759844,60.0,387126.9336592688,0.0,251507.33911687037,638634.2727761392,387380.18249174627,0.0,252462.27472822997,639842.4572199762
44,9989.960125,0.0,0.0,0.0,9989.960125,60.0,387126.9336592688,0.0,251507.33911687037,638634.2727761392,387380.18249174627,0.0,252462.27472822997,639842.4572199762
45,9990.160317,0.0,0.0,0.0,9990.160317,60.0,387126.9336592688,0.0,251507.33911687037,638634.2727761392,387380.18249174627,0.0,252462.27472822997,639842.4572199762
46,9990.399605,0.0,0.0,0.0,9990.399605,60.0,387126.9336592688,0.0,251507.33911687037,638634.2727761392,387380.18249174627,0.0,252462.27472822997,639842.4572199762
47,9990.799989,0.0,0.0,0.0,9990.799989,60.0,387126.9336592688,0.0,251507.33911687037,638634.2727761392,387380.18249174627,0.0,252462.27472822997,639842.4572199762
48,9991.200374,0.0,0.0,0.0,9991.200374,60.0,387126.9336592688,0.0,251507.33911687037,638634.2727761392,387380.18249174627,0.0,252462.27472822997,639842.4572199762
49,9991.600758,0.0,0.0,0.0,9991.600758,60.0,387126.9336592688,0.0,251507.33911687037,638634.2727761392,387380.18249174627,0.0,252462.27472822997,639842.4572199762
50,9992.001142,0.0,0.0,0.0,9992.001142,60.0,387126.9336592688,0.0,251507.33911687037,638634.2727761392,387380.18249174627,0.0,252462.27472822997,639842.4572199762
51,9992.582052,0.0,0.0,0.0,9992.582052,60.0,387126.9336592688,0.0,251507.33911687037,638634.2727761392,387380.18249174627,0.0,252462.27472822997,639842.4572199762
52,9997.186469,0.0,0.0,0.0,9997.186469,60.0,387126.9336592688,0.0,251507.33911687037,638634.2727761392,387380.18249174627,0.0,252462.27472822997,639842.4572199762
53,10001.79089,0.000609,0.0,0.0,10001.790281,60.0,387126.9336592688,0.0,251507.33911687037,638634.2727761392,387380.18249174627,0.0,252462.27472822997,639842.4572199762
54,10006.3953,0.0024089999999999997,0.0,0.0,10006.392891,60.0,387126.9336592688,0.0,251507.33911687037,638634.2727761392,387380.18249174627,0.0,252462.27472822997,639842.4572199762
55,10010.99972,0.01128,45.4545454545455,0.0,10056.442985454545,100.0,387126.9336592688,0.0,251507.33911687037,638634.2727761392,387380.18249174627,0.0,252462.27472822997,639842.4572199762
56,10015.60414,0.02066,100.0,0.0,10115.58348,188.0,387126.9336592688,0.0,251507.33911687037,638634.2727761392,387380.18249174627,0.0,252462.27472822997,639842.4572199762
57,10023.06117,0.027455,100.0,0.0,10123.033715000001,276.0,387126.9336592688,0.0,251507.33911687037,638634.2727761392,387380.18249174627,0.0,252462.27472822997,639842.4572199762
58,10030.86866,0.032102,100.0,0.0,10130.836558,364.0,387126.9336592688,0.0,251507.33911687037,638634.2727761392,387380.18249174627,0.0,252462.27472822997,639842.4572199762
59,10038.67615,0.034928,100.0,0.0,10138.641222,452.0,387126.9336592688,0.0,251507.33911687037,638634.2727761392,387380.18249174627,0.0,252462.27472822997,639842.4572199762
60,10046.48364,0.034727,100.0,0.0,10146.448913,540.0,387126.9336592688,0.0,251507.33911687037,638634.2727761392,387380.18249174627,0.0,252462.27472822997,639842.4572199762
61,10054.29113,0.032856,0.0,100.0,9954.258274,440.0,387126.9336592688,0.0,251507.33911687037,638634.2727761392,387380.18249174627,0.0,252462.27472822997,639842.4572199762
62,10061.35968,0.029634,0.0,100.0,9961.330046,340.0,387126.9336592688,0.0,251507.33911687037,638634.2727761392,387380.18249174627,0.0,252462.27472822997,639842.4572199762
63,10068.16621,0.022777000000000002,0.0,100.0,9968.143433,240.0,387126.9336592688,0.0,251507.33911687037,638634.2727761392,387380.18249174627,0.0,252462.27472822997,639842.4572199762
64,10074.97274,0.014113,0.0,100.0,9974.958627,140.0,387126.9336592688,0.0,251507.33911687037,638634.2727761392,387380.18249174627,0.0,252462.27472822997,639842.4572199762
65,10081.77927,0.004682,0.0,80.0,10001.774588,60.0,387126.9336592688,0.0,251507.33911687037,638634.2727761392,387380.18249174627,0.0,252462.27472822997,639842.4572199762
66,10088.5858,0.000843,0.0,0.0,10088.584957000001,60.0,387126.9336592688,0.0,251507.33911687037,638634.2727761392,387380.18249174627,0.0,252462.27472822997,639842.4572199762
67,10095.04046,4.7000000000000004e-05,0.0,0.0,10095.040413,60.0,387126.9336592688,0.0,251507.33911687037,638634.2727761392,387380.18249174627,0.0,252462.27472822997,639842.4572199762
68,10101.24641,0.0,0.0,0.0,10101.24641,60.0,387126.9336592688,0.0,251507.33911687037,638634.2727761392,387380.18249174627,0.0,252462.27472822997,639842.4572199762
69,10107.45236,0.0,0.0,0.0,10107.45236,60.0,387126.9336592688,0.0,251507.33911687037,638634.2727761392,387380.18249174627,0.0,252462.27472822997,639842.4572199762
70,10113.65832,0.0,0.0,0.0,10113.65832,60.0,387126.9336592688,0.0,251507.33911687037,638634.2727761392,387380.18249174627,0.0,252462.27472822997,639842.4572199762
71,10119.86427,0.0,0.0,0.0,10119.86427,60.0,387126.9336592688,0.0,251507.33911687037,638634.2727761392,387380.18249174627,0.0,252462.27472822997,639842.4572199762
72,10123.11939,0.0,0.0,0.0,10123.11939,60.0,387126.9336592688,0.0,251507.33911687037,638634.2727761392,387380.18249174627,0.0,252462.27472822997,639842.4572199762
73,10122.51882,0.0,0.0,0.0,10122.51882,60.0,387126.9336592688,0.0,251507.33911687037,638634.2727761392,387380.18249174627,0.0,252462.27472822997,639842.4572199762
74,10121.91824,0.0,0.0,0.0,10121.91824,60.0,387126.9336592688,0.0,251507.33911687037,638634.2727761392,387380.18249174627,0.0,252462.27472822997,639842.4572199762
75,10121.31767,0.0,0.0,0.0,10121.31767,60.0,387126.9336592688,0.0,251507.33911687037,638634.2727761392,387380.18249174627,0.0,252462.27472822997,639842.4572199762
76,10120.71709,0.0,0.0,0.0,10120.71709,60.0,387126.9336592688,0.0,251507.33911687037,638634.2727761392,387380.18249174627,0.0,252462.27472822997,639842.4572199762
77,10119.83507,0.000608,0.0,0.0,10119.834461999999,60.0,387126.9336592688,0.0,251507.33911687037,638634.2727761392,387380.18249174627,0.0,252462.27472822997,639842.4572199762
78,10118.23353,0.002474,0.0,0.0,10118.231055999999,60.0,387126.9336592688,0.0,251507.33911687037,638634.2727761392,387380.18249174627,0.0,252462.27472822997,639842.4572199762
79,10116.63199,0.011217000000000001,0.0,0.0,10116.620773,60.0,387126.9336592688,0.0,251507.33911687037,638634.2727761392,387380.18249174627,0.0,252462.27472822997,639842.4572199762
80,10115.03046,0.020441,0.0,0.0,10115.010019,60.0,387126.9336592688,0.0,251507.33911687037,638634.2727761392,387380.18249174627,0.0,252462.27472822997,639842.4572199762
81,10113.42892,0.027786,0.0,0.0,10113.401134,60.0,387126.9336592688,0.0,251507.33911687037,638634.2727761392,387380.18249174627,0.0,252462.27472822997,639842.4572199762
82,10111.85317,0.0317,0.0,0.0,10111.82147,60.0,387126.9336592688,0.0,251507.33911687037,638634.2727761392,387380.18249174627,0.0,252462.27472822997,639842.4572199762
83,10110.45183,0.034685,0.0,0.0,10110.417145,60.0,387126.9336592688,0.0,251507.33911687037,638634.2727761392,387380.18249174627,0.0,252462.27472822997,639842.4572199762
84,10109.05049,0.035959000000000005,0.0,0.0,10109.014530999999,60.0,387126.9336592688,0.0,251507.33911687037,638634.2727761392,387380.18249174627,0.0,252462.27472822997,639842.4572199762
85,10107.64914,0.033516,0.0,0.0,10107.615624,60.0,387126.9336592688,0.0,251507.33911687037,638634.2727761392,387380.18249174627,0.0,252462.27472822997,639842.4572199762
86,10106.2478,0.029864,0.0,0.0,10106.217936,60.0,387126.9336592688,0.0,251507.33911687037,638634.2727761392,387380.18249174627,0.0,252462.27472822997,639842.4572199762
87,10104.84645,0.022779,0.0,0.0,10104.823670999998,60.0,387126.9336592688,0.0,251507.33911687037,638634.2727761392,387380.18249174627,0.0,252462.27472822997,639842.4572199762
88,10103.64059,0.014181,0.0,0.0,10103.626409,60.0,387126.9336592688,0.0,251507.33911687037,638634.2727761392,387380.18249174627,0.0,252462.27472822997,639842.4572199762
89,10102.43944,0.004759,0.0,0.0,10102.434681,60.0,387126.9336592688,0.0,251507.33911687037,638634.2727761392,387380.18249174627,0.0,252462.27472822997,639842.4572199762
90,10101.23829,0.000912,0.0,0.0,10101.237378,60.0,387126.9336592688,0.0,251507.33911687037,638634.2727761392,387380.18249174627,0.0,252462.27472822997,639842.4572199762
91,10100.03713,4.8e-05,0.0,0.0,10100.037082,60.0,387126.9336592688,0.0,251507.33911687037,638634.2727761392,387380.18249174627,0.0,252462.27472822997,639842.4572199762
92,10098.83598,0.0,0.0,0.0,10098.83598,60.0,387126.9336592688,0.0,251507.33911687037,638634.2727761392,387380.18249174627,0.0,252462.27472822997,639842.4572199762
93,10097.63483,0.0,0.0,0.0,10097.63483,60.0,387126.9336592688,0.0,251507.33911687037,638634.2727761392,387380.18249174627,0.0,252462.27472822997,639842.4572199762
94,10096.43368,0.0,0.0,0.0,10096.43368,60.0,387126.9336592688,0.0,251507.33911687037,638634.2727761392,387380.18249174627,0.0,252462.27472822997,639842.4572199762
95,10095.23252,0.0,0.0,0.0,10095.23252,60.0,387126.9336592688,0.0,251507.33911687037,638634.2727761392,387380.18249174627,0.0,252462.27472822997,639842.4572199762
96,10094.03137,0.0,0.0,0.0,10094.03137,60.0,387126.9336592688,0.0,251507.33911687037,638634.2727761392,387380.18249174627,0.0,252462.27472822997,639842.4572199762
97,10092.83022,0.0,0.0,0.0,10092.83022,60.0,387126.9336592688,0.0,251507.33911687037,638634.2727761392,387380.18249174627,0.0,252462.27472822997,639842.4572199762
98,10091.62907,0.0,0.0,0.0,10091.62907,60.0,387126.9336592688,0.0,251507.33911687037,638634.2727761392,387380.18249174627,0.0,252462.27472822997,639842.4572199762
99,10090.42792,0.0,0.0,0.0,10090.42792,60.0,387126.9336592688,0.0,251507.33911687037,638634.2727761392,387380.18249174627,0.0,252462.27472822997,639842.4572199762
100,10089.22676,0.0,0.0,0.0,10089.22676,60.0,387126.9336592688,0.0,251507.33911687037,638634.2727761392,387380.18249174627,0.0,252462.27472822997,639842.4572199762
101,10088.02561,0.0005629999999999999,0.0,0.0,10088.025047000001,60.0,387126.9336592688,0.0,251507.33911687037,638634.2727761392,387380.18249174627,0.0,252462.27472822997,639842.4572199762
102,10086.82446,0.00234,0.0,0.0,10086.82212,60.0,387126.9336592688,0.0,251507.33911687037,638634.2727761392,387380.18249174627,0.0,252462.27472822997,639842.4572199762
103,10085.93525,0.01103,45.4545454545455,0.0,10131.378765454547,100.0,387126.9336592688,0.0,251507.33911687037,638634.2727761392,387380.18249174627,0.0,252462.27472822997,639842.4572199762
104,10085.33468,0.020204999999999997,100.0,0.0,10185.314475,188.0,387126.9336592688,0.0,251507.33911687037,638634.2727761392,387380.18249174627,0.0,252462.27472822997,639842.4572199762
105,10084.7341,0.027524,100.0,0.0,10184.706576,276.0,387126.9336592688,0.0,251507.33911687037,638634.2727761392,387380.18249174627,0.0,252462.27472822997,639842.4572199762
106,10084.13352,0.032072,100.0,0.0,10184.101448,364.0,387126.9336592688,0.0,251507.33911687037,638634.2727761392,387380.18249174627,0.0,252462.27472822997,639842.4572199762
107,10083.53295,0.033186,100.0,0.0,10183.499764,452.0,387126.9336592688,0.0,251507.33911687037,638634.2727761392,387380.18249174627,0.0,252462.27472822997,639842.4572199762
108,10082.85889,0.033562,100.0,0.0,10182.825327999999,540.0,387126.9336592688,0.0,251507.33911687037,638634.2727761392,387380.18249174627,0.0,252462.27472822997,639842.4572199762
109,10082.05812,0.032205,0.0,100.0,9982.025915,440.0,387126.9336592688,0.0,251507.33911687037,638634.2727761392,387380.18249174627,0.0,252462.27472822997,639842.4572199762
110,10081.25735,0.027844,0.0,100.0,9981.229506,340.0,387126.9336592688,0.0,251507.33911687037,638634.2727761392,387380.18249174627,0.0,252462.27472822997,639842.4572199762
111,10080.45659,0.021654,0.0,100.0,9980.434936,240.0,387126.9336592688,0.0,251507.33911687037,638634.2727761392,387380.18249174627,0.0,252462.27472822997,639842.4572199762
112,10079.65582,0.01279,0.0,100.0,9979.64303,140.0,387126.9336592688,0.0,251507.33911687037,638634.2727761392,387380.18249174627,0.0,252462.27472822997,639842.4572199762
113,10078.94101,0.005907,0.0,80.0,9998.935103,60.0,387126.9336592688,0.0,251507.33911687037,638634.2727761392,387380.18249174627,0.0,252462.27472822997,639842.4572199762
114,10078.54063,0.001408,0.0,0.0,10078.539222,60.0,387126.9336592688,0.0,251507.33911687037,638634.2727761392,387380.18249174627,0.0,252462.27472822997,639842.4572199762
115,10078.14025,0.0,0.0,0.0,10078.14025,60.0,387126.9336592688,0.0,251507.33911687037,638634.2727761392,387380.18249174627,0.0,252462.27472822997,639842.4572199762
116,10077.73986,0.0,0.0,0.0,10077.73986,60.0,387126.9336592688,0.0,251507.33911687037,638634.2727761392,387380.18249174627,0.0,252462.27472822997,639842.4572199762
117,10077.33948,0.0,0.0,0.0,10077.33948,60.0,387126.9336592688,0.0,251507.33911687037,638634.2727761392,387380.18249174627,0.0,252462.27472822997,639842.4572199762
118,10076.91413,0.0,0.0,0.0,10076.91413,60.0,387126.9336592688,0.0,251507.33911687037,638634.2727761392,387380.18249174627,0.0,252462.27472822997,639842.4572199762
119,10076.11336,0.0,0.0,0.0,10076.11336,60.0,387126.9336592688,0.0,251507.33911687037,638634.2727761392,387380.18249174627,0.0,252462.27472822997,639842.4572199762
120,10075.31259,0.0,0.0,0.0,10075.31259,60.0,387126.9336592688,0.0,251507.33911687037,638634.2727761392,387380.18249174627,0.0,252462.27472822997,639842.4572199762
121,10074.51182,0.0,0.0,0.0,10074.51182,60.0,387126.9336592688,0.0,251507.33911687037,638634.2727761392,387380.18249174627,0.0,252462.27472822997,639842.4572199762
122,10073.71106,0.0,0.0,0.0,10073.71106,60.0,387126.9336592688,0.0,251507.33911687037,638634.2727761392,387380.18249174627,0.0,252462.27472822997,639842.4572199762
123,10072.91029,0.0,0.0,0.0,10072.91029,60.0,387126.9336592688,0.0,251507.33911687037,638634.2727761392,387380.18249174627,0.0,252462.27472822997,639842.4572199762
124,10072.47387,0.0,0.0,0.0,10072.47387,60.0,387126.9336592688,0.0,251507.33911687037,638634.2727761392,387380.18249174627,0.0,252462.27472822997,639842.4572199762
125,10072.07348,0.000504,0.0,0.0,10072.072976,60.0,387126.9336592688,0.0,251507.33911687037,638634.2727761392,387380.18249174627,0.0,252462.27472822997,639842.4572199762
126,10071.6731,0.003089,0.0,0.0,10071.670011,60.0,387126.9336592688,0.0,251507.33911687037,638634.2727761392,387380.18249174627,0.0,252462.27472822997,639842.4572199762
127,10071.27272,0.01107,0.0,0.0,10071.26165,60.0,387126.9336592688,0.0,251507.33911687037,638634.2727761392,387380.18249174627,0.0,252462.27472822997,639842.4572199762
128,10070.87233,0.019995000000000002,0.0,0.0,10070.852335,60.0,387126.9336592688,0.0,251507.33911687037,638634.2727761392,387380.18249174627,0.0,252462.27472822997,639842.4572199762
129,10070.7753,0.021931000000000003,0.0,0.0,10070.753369,60.0,387126.9336592688,0.0,251507.33911687037,638634.2727761392,387380.18249174627,0.0,252462.27472822997,639842.4572199762
130,10070.7753,0.030221,0.0,0.0,10070.745078999998,60.0,387126.9336592688,0.0,251507.33911687037,638634.2727761392,387380.18249174627,0.0,252462.27472822997,639842.4572199762
131,10070.7753,0.033299999999999996,0.0,0.0,10070.742,60.0,387126.9336592688,0.0,251507.33911687037,638634.2727761392,387380.18249174627,0.0,252462.27472822997,639842.4572199762
132,10070.7753,0.032546,0.0,0.0,10070.742753999999,60.0,387126.9336592688,0.0,251507.33911687037,638634.2727761392,387380.18249174627,0.0,252462.27472822997,639842.4572199762
133,10070.7753,0.031402,0.0,0.0,10070.743897999999,60.0,387126.9336592688,0.0,251507.33911687037,638634.2727761392,387380.18249174627,0.0,252462.27472822997,639842.4572199762
134,10070.7753,0.027749,0.0,0.0,10070.747550999999,60.0,387126.9336592688,0.0,251507.33911687037,638634.2727761392,387380.18249174627,0.0,252462.27472822997,639842.4572199762
135,10070.7753,0.020405000000000003,0.0,0.0,10070.754895,60.0,387126.9336592688,0.0,251507.33911687037,638634.2727761392,387380.18249174627,0.0,252462.27472822997,639842.4572199762
136,10070.7753,0.010266,0.0,0.0,10070.765034,60.0,387126.9336592688,0.0,251507.33911687037,638634.2727761392,387380.18249174627,0.0,252462.27472822997,639842.4572199762
137,10070.7753,0.002768,0.0,0.0,10070.772531999999,60.0,387126.9336592688,0.0,251507.33911687037,638634.2727761392,387380.18249174627,0.0,252462.27472822997,639842.4572199762
138,10070.7753,0.002026,0.0,0.0,10070.773274,60.0,387126.9336592688,0.0,251507.33911687037,638634.2727761392,387380.18249174627,0.0,252462.27472822997,639842.4572199762
139,10070.7753,0.0,0.0,0.0,10070.7753,60.0,387126.9336592688,0.0,251507.33911687037,638634.2727761392,387380.18249174627,0.0,252462.27472822997,639842.4572199762
140,10070.7753,0.0,0.0,0.0,10070.7753,60.0,387126.9336592688,0.0,251507.33911687037,638634.2727761392,387380.18249174627,0.0,252462.27472822997,639842.4572199762
141,10070.7753,0.0,0.0,0.0,10070.7753,60.0,387126.9336592688,0.0,251507.33911687037,638634.2727761392,387380.18249174627,0.0,252462.27472822997,639842.4572199762
142,10070.7753,0.0,0.0,0.0,10070.7753,60.0,387126.9336592688,0.0,251507.33911687037,638634.2727761392,387380.18249174627,0.0,252462.27472822997,639842.4572199762
143,10070.7753,0.0,0.0,0.0,10070.7753,60.0,387126.9336592688,0.0,251507.33911687037,638634.2727761392,387380.18249174627,0.0,252462.27472822997,639842.4572199762
144,10070.89565,0.0,0.0,0.0,10070.89565,60.0,387126.9336592688,0.0,251507.33911687037,638634.2727761392,387380.18249174627,0.0,252462.27472822997,639842.4572199762
145,10071.29603,0.0,0.0,0.0,10071.29603,60.0,387126.9336592688,0.0,251507.33911687037,638634.2727761392,387380.18249174627,0.0,252462.27472822997,639842.4572199762
146,10071.69642,0.0,0.0,0.0,10071.69642,60.0,387126.9336592688,0.0,251507.33911687037,638634.2727761392,387380.18249174627,0.0,252462.27472822997,639842.4572199762
147,10072.0968,0.0,0.0,0.0,10072.0968,60.0,387126.9336592688,0.0,251507.33911687037,638634.2727761392,387380.18249174627,0.0,252462.27472822997,639842.4572199762
148,10072.49719,0.0,0.0,0.0,10072.49719,60.0,387126.9336592688,0.0,251507.33911687037,638634.2727761392,387380.18249174627,0.0,252462.27472822997,639842.4572199762
149,10072.83822,0.000629,0.0,0.0,10072.837591,60.0,387126.9336592688,0.0,251507.33911687037,638634.2727761392,387380.18249174627,0.0,252462.27472822997,639842.4572199762
150,10072.83822,0.00226,0.0,0.0,10072.83596,60.0,387126.9336592688,0.0,251507.33911687037,638634.2727761392,387380.18249174627,0.0,252462.27472822997,639842.4572199762
151,10072.83822,0.010535000000000001,0.0,0.0,10072.827685,60.0,387126.9336592688,0.0,251507.33911687037,638634.2727761392,387380.18249174627,0.0,252462.27472822997,639842.4572199762
152,10072.83822,0.019365,0.0,0.0,10072.818855,60.0,387126.9336592688,0.0,251507.33911687037,638634.2727761392,387380.18249174627,0.0,252462.27472822997,639842.4572199762
153,10072.83822,0.02729,0.0,0.0,10072.81093,60.0,387126.9336592688,0.0,251507.33911687037,638634.2727761392,387380.18249174627,0.0,252462.27472822997,639842.4572199762
154,10072.83822,0.0334,0.0,0.0,10072.80482,60.0,387126.9336592688,0.0,251507.33911687037,638634.2727761392,387380.18249174627,0.0,252462.27472822997,639842.4572199762
155,10073.03759,0.032207,0.0,0.0,10073.005383,60.0,387126.9336592688,0.0,251507.33911687037,638634.2727761392,387380.18249174627,0.0,252462.27472822997,639842.4572199762
156,10073.23778,0.030143,0.0,0.0,10073.207637,60.0,387126.9336592688,0.0,251507.33911687037,638634.2727761392,387380.18249174627,0.0,252462.27472822997,639842.4572199762
157,10073.43797,0.029483000000000002,0.0,0.0,10073.408487,60.0,387126.9336592688,0.0,251507.33911687037,638634.2727761392,387380.18249174627,0.0,252462.27472822997,639842.4572199762
158,10073.63816,0.011029,0.0,0.0,10073.627131000001,60.0,387126.9336592688,0.0,251507.33911687037,638634.2727761392,387380.18249174627,0.0,252462.27472822997,639842.4572199762
159,10073.83835,0.002316,0.0,0.0,10073.836034,60.0,387126.9336592688,0.0,251507.33911687037,638634.2727761392,387380.18249174627,0.0,252462.27472822997,639842.4572199762
160,10073.86968,0.001569,0.0,0.0,10073.868111,60.0,387126.9336592688,0.0,251507.33911687037,638634.2727761392,387380.18249174627,0.0,252462.27472822997,639842.4572199762
161,10073.86968,0.0,0.0,0.0,10073.86968,60.0,387126.9336592688,0.0,251507.33911687037,638634.2727761392,387380.18249174627,0.0,252462.27472822997,639842.4572199762
162,10073.86968,1.3e-05,0.0,0.0,10073.869666999999,60.0,387126.9336592688,0.0,251507.33911687037,638634.2727761392,387380.18249174627,0.0,252462.27472822997,639842.4572199762
163,10073.86968,0.0,0.0,0.0,10073.86968,60.0,387126.9336592688,0.0,251507.33911687037,638634.2727761392,387380.18249174627,0.0,252462.27472822997,639842.4572199762
164,10073.86968,0.0,0.0,0.0,10073.86968,60.0,387126.9336592688,0.0,251507.33911687037,638634.2727761392,387380.18249174627,0.0,252462.27472822997,639842.4572199762
165,10073.73131,0.0,0.0,0.0,10073.73131,60.0,387126.9336592688,0.0,251507.33911687037,638634.2727761392,387380.18249174627,0.0,252462.27472822997,639842.4572199762
166,10073.53112,0.0,0.0,0.0,10073.53112,60.0,387126.9336592688,0.0,251507.33911687037,638634.2727761392,387380.18249174627,0.0,252462.27472822997,639842.4572199762
167,10073.33093,0.0,0.0,0.0,10073.33093,60.0,387126.9336592688,0.0,251507.33911687037,638634.2727761392,387380.18249174627,0.0,252462.27472822997,639842.4572199762
168,10073.13073,0.0,0.0,0.0,10073.13073,60.0,387126.9336592688,0.0,251507.33911687037,638634.2727761392,387380.18249174627,0.0,252462.27472822997,639842.4572199762
169,10072.93054,0.0,0.0,0.0,10072.93054,60.0,387126.9336592688,0.0,251507.33911687037,638634.2727761392,387380.18249174627,0.0,252462.27472822997,639842.4572199762
170,10072.73035,0.0,0.0,0.0,10072.73035,60.0,387126.9336592688,0.0,251507.33911687037,638634.2727761392,387380.18249174627,0.0,252462.27472822997,639842.4572199762
171,10072.53016,0.0,0.0,0.0,10072.53016,60.0,387126.9336592688,0.0,251507.33911687037,638634.2727761392,387380.18249174627,0.0,252462.27472822997,639842.4572199762
172,10072.32997,0.0,0.0,0.0,10072.32997,60.0,387126.9336592688,0.0,251507.33911687037,638634.2727761392,387380.18249174627,0.0,252462.27472822997,639842.4572199762
173,10072.12977,0.0009090000000000001,0.0,0.0,10072.128861,60.0,387126.9336592688,0.0,251507.33911687037,638634.2727761392,387380.18249174627,0.0,252462.27472822997,639842.4572199762
174,10071.92958,0.002754,0.0,0.0,10071.926826,60.0,387126.9336592688,0.0,251507.33911687037,638634.2727761392,387380.18249174627,0.0,252462.27472822997,639842.4572199762
175,10071.80676,0.010827,45.4545454545455,0.0,10117.250478454545,100.0,387126.9336592688,0.0,251507.33911687037,638634.2727761392,387380.18249174627,0.0,252462.27472822997,639842.4572199762
176,10071.80676,0.019071,100.0,0.0,10171.787688999999,188.0,387126.9336592688,0.0,251507.33911687037,638634.2727761392,387380.18249174627,0.0,252462.27472822997,639842.4572199762
177,10071.80676,0.027030000000000002,100.0,0.0,10171.77973,276.0,387126.9336592688,0.0,251507.33911687037,638634.2727761392,387380.18249174627,0.0,252462.27472822997,639842.4572199762
178,10071.80676,0.031781,100.0,0.0,10171.774979,364.0,387126.9336592688,0.0,251507.33911687037,638634.2727761392,387380.18249174627,0.0,252462.27472822997,639842.4572199762
179,10071.80676,0.033946,100.0,0.0,10171.772814,452.0,387126.9336592688,0.0,251507.33911687037,638634.2727761392,387380.18249174627,0.0,252462.27472822997,639842.4572199762
180,10071.80676,0.032987,100.0,0.0,10171.773772999999,540.0,387126.9336592688,0.0,251507.33911687037,638634.2727761392,387380.18249174627,0.0,252462.27472822997,639842.4572199762
181,10071.80676,0.030102,0.0,100.0,9971.776657999999,440.0,387126.9336592688,0.0,251507.33911687037,638634.2727761392,387380.18249174627,0.0,252462.27472822997,639842.4572199762
182,10071.80676,0.026912,0.0,100.0,9971.779848,340.0,387126.9336592688,0.0,251507.33911687037,638634.2727761392,387380.18249174627,0.0,252462.27472822997,639842.4572199762
183,10071.80676,0.012662000000000001,0.0,100.0,9971.794098,240.0,387126.9336592688,0.0,251507.33911687037,638634.2727761392,387380.18249174627,0.0,252462.27472822997,639842.4572199762
184,10071.80676,0.0015760000000000001,0.0,100.0,9971.805183999999,140.0,387126.9336592688,0.0,251507.33911687037,638634.2727761392,387380.18249174627,0.0,252462.27472822997,639842.4572199762
185,10071.87223,0.000666,0.0,80.0,9991.871564000001,60.0,387126.9336592688,0.0,251507.33911687037,638634.2727761392,387380.18249174627,0.0,252462.27472822997,639842.4572199762
186,10072.673,0.0,0.0,0.0,10072.673,60.0,387126.9336592688,0.0,251507.33911687037,638634.2727761392,387380.18249174627,0.0,252462.27472822997,639842.4572199762
187,10073.47377,0.0,0.0,0.0,10073.47377,60.0,387126.9336592688,0.0,251507.33911687037,638634.2727761392,387380.18249174627,0.0,252462.27472822997,639842.4572199762
188,10074.27454,0.0,0.0,0.0,10074.27454,60.0,387126.9336592688,0.0,251507.33911687037,638634.2727761392,387380.18249174627,0.0,252462.27472822997,639842.4572199762
189,10075.07531,0.0,0.0,0.0,10075.07531,60.0,387126.9336592688,0.0,251507.33911687037,638634.2727761392,387380.18249174627,0.0,252462.27472822997,639842.4572199762
190,10075.87607,0.0,0.0,0.0,10075.87607,60.0,387126.9336592688,0.0,251507.33911687037,638634.2727761392,387380.18249174627,0.0,252462.27472822997,639842.4572199762
191,10077.04896,0.0,0.0,0.0,10077.04896,60.0,387126.9336592688,0.0,251507.33911687037,638634.2727761392,387380.18249174627,0.0,252462.27472822997,639842.4572199762
192,10078.25012,0.0,0.0,0.0,10078.25012,60.0,387126.9336592688,0.0,251507.33911687037,638634.2727761392,387380.18249174627,0.0,252462.27472822997,639842.4572199762
193,10079.45127,0.0,0.0,0.0,10079.45127,60.0,387126.9336592688,0.0,251507.33911687037,638634.2727761392,387380.18249174627,0.0,252462.27472822997,639842.4572199762
194,10080.65242,0.0,0.0,0.0,10080.65242,60.0,387126.9336592688,0.0,251507.33911687037,638634.2727761392,387380.18249174627,0.0,252462.27472822997,639842.4572199762
195,10081.85357,0.0,0.0,0.0,10081.85357,60.0,387126.9336592688,0.0,251507.33911687037,638634.2727761392,387380.18249174627,0.0,252462.27472822997,639842.4572199762
196,10083.21029,0.0,0.0,0.0,10083.21029,60.0,387126.9336592688,0.0,251507.33911687037,638634.2727761392,387380.18249174627,0.0,252462.27472822997,639842.4572199762
197,10084.61163,0.0008060000000000001,0.0,0.0,10084.610824,60.0,387126.9336592688,0.0,251507.33911687037,638634.2727761392,387380.18249174627,0.0,252462.27472822997,639842.4572199762
198,10086.01297,0.002196,0.0,0.0,10086.010774,60.0,387126.9336592688,0.0,251507.33911687037,638634.2727761392,387380.18249174627,0.0,252462.27472822997,639842.4572199762
199,10087.41432,0.01085,45.4545454545455,0.0,10132.858015454545,100.0,387126.9336592688,0.0,251507.33911687037,638634.2727761392,387380.18249174627,0.0,252462.27472822997,639842.4572199762
200,10088.81566,0.019733,100.0,0.0,10188.795927000001,188.0,387126.9336592688,0.0,251507.33911687037,638634.2727761392,387380.18249174627,0.0,252462.27472822997,639842.4572199762
201,10090.09195,0.026563,100.0,0.0,10190.065387,276.0,387126.9336592688,0.0,251507.33911687037,638634.2727761392,387380.18249174627,0.0,252462.27472822997,639842.4572199762
202,10091.2931,0.033507,100.0,0.0,10191.259593,364.0,387126.9336592688,0.0,251507.33911687037,638634.2727761392,387380.18249174627,0.0,252462.27472822997,639842.4572199762
203,10092.49425,0.030535,100.0,0.0,10192.463715,452.0,387126.9336592688,0.0,251507.33911687037,638634.2727761392,387380.18249174627,0.0,252462.27472822997,639842.4572199762
204,10093.6954,0.032582,100.0,0.0,10193.662818,540.0,387126.9336592688,0.0,251507.33911687037,638634.2727761392,387380.18249174627,0.0,252462.27472822997,639842.4572199762
205,10094.89656,0.018205,0.0,100.0,9994.878354999999,440.0,387126.9336592688,0.0,251507.33911687037,638634.2727761392,387380.18249174627,0.0,252462.27472822997,639842.4572199762
206,10096.09771,0.020461,0.0,100.0,9996.077249,340.0,387126.9336592688,0.0,251507.33911687037,638634.2727761392,387380.18249174627,0.0,252462.27472822997,639842.4572199762
207,10097.29886,0.006957,0.0,100.0,9997.291903000001,240.0,387126.9336592688,0.0,251507.33911687037,638634.2727761392,387380.18249174627,0.0,252462.27472822997,639842.4572199762
208,10098.50001,0.006189,0.0,100.0,9998.493821,140.0,387126.9336592688,0.0,251507.33911687037,638634.2727761392,387380.18249174627,0.0,252462.27472822997,639842.4572199762
209,10099.70116,0.003771,0.0,80.0,10019.697389,60.0,387126.9336592688,0.0,251507.33911687037,638634.2727761392,387380.18249174627,0.0,252462.27472822997,639842.4572199762
210,10100.90232,0.000944,0.0,0.0,10100.901376,60.0,387126.9336592688,0.0,251507.33911687037,638634.2727761392,387380.18249174627,0.0,252462.27472822997,639842.4572199762
211,10102.29565,0.0,0.0,0.0,10102.29565,60.0,387126.9336592688,0.0,251507.33911687037,638634.2727761392,387380.18249174627,0.0,252462.27472822997,639842.4572199762
212,10104.09738,0.0,0.0,0.0,10104.09738,60.0,387126.9336592688,0.0,251507.33911687037,638634.2727761392,387380.18249174627,0.0,252462.27472822997,639842.4572199762
213,10105.89911,0.0,0.0,0.0,10105.89911,60.0,387126.9336592688,0.0,251507.33911687037,638634.2727761392,387380.18249174627,0.0,252462.27472822997,639842.4572199762
214,10107.70084,0.0,0.0,0.0,10107.70084,60.0,387126.9336592688,0.0,251507.33911687037,638634.2727761392,387380.18249174627,0.0,252462.27472822997,639842.4572199762
215,10109.50257,0.0,0.0,0.0,10109.50257,60.0,387126.9336592688,0.0,251507.33911687037,638634.2727761392,387380.18249174627,0.0,252462.27472822997,639842.4572199762
216,10111.40498,0.0,0.0,0.0,10111.40498,60.0,387126.9336592688,0.0,251507.33911687037,638634.2727761392,387380.18249174627,0.0,252462.27472822997,639842.4572199762
217,10113.80728,0.0,0.0,0.0,10113.80728,60.0,387126.9336592688,0.0,251507.33911687037,638634.2727761392,387380.18249174627,0.0,252462.27472822997,639842.4572199762
218,10116.20959,0.0,0.0,0.0,10116.20959,60.0,387126.9336592688,0.0,251507.33911687037,638634.2727761392,387380.18249174627,0.0,252462.27472822997,639842.4572199762
219,10118.61189,0.0,0.0,0.0,10118.61189,60.0,387126.9336592688,0.0,251507.33911687037,638634.2727761392,387380.18249174627,0.0,252462.27472822997,639842.4572199762
220,10121.0142,0.0,0.0,0.0,10121.0142,60.0,387126.9336592688,0.0,251507.33911687037,638634.2727761392,387380.18249174627,0.0,252462.27472822997,639842.4572199762
221,10123.40732,0.000126,0.0,0.0,10123.407194,60.0,387126.9336592688,0.0,251507.33911687037,638634.2727761392,387380.18249174627,0.0,252462.27472822997,639842.4572199762
222,10125.20905,0.0038889999999999997,0.0,0.0,10125.205161,60.0,387126.9336592688,0.0,251507.33911687037,638634.2727761392,387380.18249174627,0.0,252462.27472822997,639842.4572199762
223,10127.01077,0.0076289999999999995,45.4545454545455,0.0,10172.457686454547,100.0,387126.9336592688,0.0,251507.33911687037,638634.2727761392,387380.18249174627,0.0,252462.27472822997,639842.4572199762
224,10128.8125,0.011368000000000001,100.0,0.0,10228.801132,188.0,387126.9336592688,0.0,251507.33911687037,638634.2727761392,387380.18249174627,0.0,252462.27472822997,639842.4572199762
225,10130.61423,0.016092,100.0,0.0,10230.598138,276.0,387126.9336592688,0.0,251507.33911687037,638634.2727761392,387380.18249174627,0.0,252462.27472822997,639842.4572199762
226,10132.41596,0.018986,100.0,0.0,10232.396974000001,364.0,387126.9336592688,0.0,251507.33911687037,638634.2727761392,387380.18249174627,0.0,252462.27472822997,639842.4572199762
227,10134.39044,0.033692,100.0,0.0,10234.356747999998,452.0,387126.9336592688,0.0,251507.33911687037,638634.2727761392,387380.18249174627,0.0,252462.27472822997,639842.4572199762
228,10136.39236,0.034519,100.0,0.0,10236.357841,540.0,387126.9336592688,0.0,251507.33911687037,638634.2727761392,387380.18249174627,0.0,252462.27472822997,639842.4572199762
229,10138.39428,0.032301,0.0,100.0,10038.361979000001,440.0,387126.9336592688,0.0,251507.33911687037,638634.2727761392,387380.18249174627,0.0,252462.27472822997,639842.4572199762
230,10140.3962,0.022096,0.0,100.0,10040.374103999999,340.0,387126.9336592688,0.0,251507.33911687037,638634.2727761392,387380.18249174627,0.0,252462.27472822997,639842.4572199762
231,10142.39812,0.022154,0.0,100.0,10042.375966,240.0,387126.9336592688,0.0,251507.33911687037,638634.2727761392,387380.18249174627,0.0,252462.27472822997,639842.4572199762
232,10144.5423,0.013575,0.0,100.0,10044.528724999998,140.0,387126.9336592688,0.0,251507.33911687037,638634.2727761392,387380.18249174627,0.0,252462.27472822997,639842.4572199762
233,10146.74441,0.00523,0.0,80.0,10066.739179999999,60.0,387126.9336592688,0.0,251507.33911687037,638634.2727761392,387380.18249174627,0.0,252462.27472822997,639842.4572199762
234,10148.94652,0.0016690000000000001,0.0,0.0,10148.944851,60.0,387126.9336592688,0.0,251507.33911687037,638634.2727761392,387380.18249174627,0.0,252462.27472822997,639842.4572199762
235,10151.14864,0.00016600000000000002,0.0,0.0,10151.148474,60.0,387126.9336592688,0.0,251507.33911687037,638634.2727761392,387380.18249174627,0.0,252462.27472822997,639842.4572199762
236,10153.35075,0.0,0.0,0.0,10153.35075,60.0,387126.9336592688,0.0,251507.33911687037,638634.2727761392,387380.18249174627,0.0,252462.27472822997,639842.4572199762
237,10155.55286,0.0,0.0,0.0,10155.55286,60.0,387126.9336592688,0.0,251507.33911687037,638634.2727761392,387380.18249174627,0.0,252462.27472822997,639842.4572199762
238,10157.75497,0.0,0.0,0.0,10157.75497,60.0,387126.9336592688,0.0,251507.33911687037,638634.2727761392,387380.18249174627,0.0,252462.27472822997,639842.4572199762
239,10159.95709,0.0,0.0,0.0,10159.95709,60.0,387126.9336592688,0.0,251507.33911687037,638634.2727761392,387380.18249174627,0.0,252462.27472822997,639842.4572199762
240,10162.1592,0.0,0.0,0.0,10162.1592,60.0,387126.9336592688,0.0,251507.33911687037,638634.2727761392,387380.18249174627,0.0,252462.27472822997,639842.4572199762
241,10164.36131,0.0,0.0,0.0,10164.36131,60.0,387126.9336592688,0.0,251507.33911687037,638634.2727761392,387380.18249174627,0.0,252462.27472822997,639842.4572199762
242,10166.64468,0.0,0.0,0.0,10166.64468,60.0,387126.9336592688,0.0,251507.33911687037,638634.2727761392,387380.18249174627,0.0,252462.27472822997,639842.4572199762
243,10169.04698,0.0,0.0,0.0,10169.04698,60.0,387126.9336592688,0.0,251507.33911687037,638634.2727761392,387380.18249174627,0.0,252462.27472822997,639842.4572199762
244,10171.44929,0.0,0.0,0.0,10171.44929,60.0,387126.9336592688,0.0,251507.33911687037,638634.2727761392,387380.18249174627,0.0,252462.27472822997,639842.4572199762
245,10173.85159,0.000506,0.0,0.0,10173.851084,60.0,387126.9336592688,0.0,251507.33911687037,638634.2727761392,387380.18249174627,0.0,252462.27472822997,639842.4572199762
246,10176.2539,0.0022370000000000003,0.0,0.0,10176.251663,60.0,387126.9336592688,0.0,251507.33911687037,638634.2727761392,387380.18249174627,0.0,252462.27472822997,639842.4572199762
247,10178.70695,0.010796,45.4545454545455,0.0,10224.150699454545,100.0,387126.9336592688,0.0,251507.33911687037,638634.2727761392,387380.18249174627,0.0,252462.27472822997,639842.4572199762
248,10181.30945,0.020328,100.0,0.0,10281.289122,188.0,387126.9336592688,0.0,251507.33911687037,638634.2727761392,387380.18249174627,0.0,252462.27472822997,639842.4572199762
249,10183.91195,0.027762000000000002,100.0,0.0,10283.884188,276.0,387126.9336592688,0.0,251507.33911687037,638634.2727761392,387380.18249174627,0.0,252462.27472822997,639842.4572199762
250,10186.51444,0.030046,100.0,0.0,10286.484394000001,364.0,387126.9336592688,0.0,251507.33911687037,638634.2727761392,387380.18249174627,0.0,252462.27472822997,639842.4572199762
251,10189.11694,0.035845,100.0,0.0,10289.081095,452.0,387126.9336592688,0.0,251507.33911687037,638634.2727761392,387380.18249174627,0.0,252462.27472822997,639842.4572199762
252,10191.75995,0.034195,100.0,0.0,10291.725755,540.0,387126.9336592688,0.0,251507.33911687037,638634.2727761392,387380.18249174627,0.0,252462.27472822997,639842.4572199762
253,10194.76283,0.03194,0.0,100.0,10094.730889999999,440.0,387126.9336592688,0.0,251507.33911687037,638634.2727761392,387380.18249174627,0.0,252462.27472822997,639842.4572199762
254,10197.76571,0.028276,0.0,100.0,10097.737434,340.0,387126.9336592688,0.0,251507.33911687037,638634.2727761392,387380.18249174627,0.0,252462.27472822997,639842.4572199762
255,10200.76859,0.021703,0.0,100.0,10100.746887,240.0,387126.9336592688,0.0,251507.33911687037,638634.2727761392,387380.18249174627,0.0,252462.27472822997,639842.4572199762
256,10203.77147,0.014798,0.0,100.0,10103.756672,140.0,387126.9336592688,0.0,251507.33911687037,638634.2727761392,387380.18249174627,0.0,252462.27472822997,639842.4572199762
257,10206.77435,0.0040750000000000005,0.0,80.0,10126.770274999999,60.0,387126.9336592688,0.0,251507.33911687037,638634.2727761392,387380.18249174627,0.0,252462.27472822997,639842.4572199762
258,10210.34707,0.001767,0.0,0.0,10210.345303,60.0,387126.9336592688,0.0,251507.33911687037,638634.2727761392,387380.18249174627,0.0,252462.27472822997,639842.4572199762
259,10213.95053,0.0,0.0,0.0,10213.95053,60.0,387126.9336592688,0.0,251507.33911687037,638634.2727761392,387380.18249174627,0.0,252462.27472822997,639842.4572199762
260,10217.55399,0.0,0.0,0.0,10217.55399,60.0,387126.9336592688,0.0,251507.33911687037,638634.2727761392,387380.18249174627,0.0,252462.27472822997,639842.4572199762
261,10221.15744,0.0,0.0,0.0,10221.15744,60.0,387126.9336592688,0.0,251507.33911687037,638634.2727761392,387380.18249174627,0.0,252462.27472822997,639842.4572199762
262,10224.7609,0.0,0.0,0.0,10224.7609,60.0,387126.9336592688,0.0,251507.33911687037,638634.2727761392,387380.18249174627,0.0,252462.27472822997,639842.4572199762
263,10229.00214,0.0,0.0,0.0,10229.00214,60.0,387126.9336592688,0.0,251507.33911687037,638634.2727761392,387380.18249174627,0.0,252462.27472822997,639842.4572199762
264,10233.40637,0.0,0.0,0.0,10233.40637,60.0,387126.9336592688,0.0,251507.33911687037,638634.2727761392,387380.18249174627,0.0,252462.27472822997,639842.4572199762
265,10237.81059,0.0,0.0,0.0,10237.81059,60.0,387126.9336592688,0.0,251507.33911687037,638634.2727761392,387380.18249174627,0.0,252462.27472822997,639842.4572199762
266,10242.21482,0.0,0.0,0.0,10242.21482,60.0,387126.9336592688,0.0,251507.33911687037,638634.2727761392,387380.18249174627,0.0,252462.27472822997,639842.4572199762
267,10246.61904,0.0,0.0,0.0,10246.61904,60.0,387126.9336592688,0.0,251507.33911687037,638634.2727761392,387380.18249174627,0.0,252462.27472822997,639842.4572199762
268,10250.63643,0.0,0.0,0.0,10250.63643,60.0,387126.9336592688,0.0,251507.33911687037,638634.2727761392,387380.18249174627,0.0,252462.27472822997,639842.4572199762
269,10254.44008,0.00047,0.0,0.0,10254.43961,60.0,387126.9336592688,0.0,251507.33911687037,638634.2727761392,387380.18249174627,0.0,252462.27472822997,639842.4572199762
270,10258.24372,0.002856,0.0,0.0,10258.240864000001,60.0,387126.9336592688,0.0,251507.33911687037,638634.2727761392,387380.18249174627,0.0,252462.27472822997,639842.4572199762
271,10262.04737,0.011472,45.4545454545455,0.0,10307.490443454546,100.0,387126.9336592688,0.0,251507.33911687037,638634.2727761392,387380.18249174627,0.0,252462.27472822997,639842.4572199762
272,10265.85102,0.020707,100.0,0.0,10365.830313,188.0,387126.9336592688,0.0,251507.33911687037,638634.2727761392,387380.18249174627,0.0,252462.27472822997,639842.4572199762
273,10270.04846,0.027146999999999998,100.0,0.0,10370.021313,276.0,387126.9336592688,0.0,251507.33911687037,638634.2727761392,387380.18249174627,0.0,252462.27472822997,639842.4572199762
274,10274.65288,0.026755,100.0,0.0,10374.626124999999,364.0,387126.9336592688,0.0,251507.33911687037,638634.2727761392,387380.18249174627,0.0,252462.27472822997,639842.4572199762
275,10279.2573,0.036135,100.0,0.0,10379.221164999999,452.0,387126.9336592688,0.0,251507.33911687037,638634.2727761392,387380.18249174627,0.0,252462.27472822997,639842.4572199762
276,10283.86171,0.032937,100.0,0.0,10383.828773,540.0,387126.9336592688,0.0,251507.33911687037,638634.2727761392,387380.18249174627,0.0,252462.27472822997,639842.4572199762
277,10288.46613,0.030435,0.0,100.0,10188.435695,440.0,387126.9336592688,0.0,251507.33911687037,638634.2727761392,387380.18249174627,0.0,252462.27472822997,639842.4572199762
278,10293.07055,0.027739,0.0,100.0,10193.042811000001,340.0,387126.9336592688,0.0,251507.33911687037,638634.2727761392,387380.18249174627,0.0,252462.27472822997,639842.4572199762
279,10297.67496,0.02261,0.0,100.0,10197.65235,240.0,387126.9336592688,0.0,251507.33911687037,638634.2727761392,387380.18249174627,0.0,252462.27472822997,639842.4572199762
280,10302.27938,0.014082,0.0,100.0,10202.265298,140.0,387126.9336592688,0.0,251507.33911687037,638634.2727761392,387380.18249174627,0.0,252462.27472822997,639842.4572199762
281,10306.8838,0.005272000000000001,0.0,80.0,10226.878528,60.0,387126.9336592688,0.0,251507.33911687037,638634.2727761392,387380.18249174627,0.0,252462.27472822997,639842.4572199762
282,10311.48821,0.0020009999999999997,0.0,0.0,10311.486208999999,60.0,387126.9336592688,0.0,251507.33911687037,638634.2727761392,387380.18249174627,0.0,252462.27472822997,639842.4572199762
283,10315.90539,0.0,0.0,0.0,10315.90539,60.0,387126.9336592688,0.0,251507.33911687037,638634.2727761392,387380.18249174627,0.0,252462.27472822997,639842.4572199762
284,10319.50885,0.0,0.0,0.0,10319.50885,60.0,387126.9336592688,0.0,251507.33911687037,638634.2727761392,387380.18249174627,0.0,252462.27472822997,639842.4572199762
285,10323.11231,0.0,0.0,0.0,10323.11231,60.0,387126.9336592688,0.0,251507.33911687037,638634.2727761392,387380.18249174627,0.0,252462.27472822997,639842.4572199762
286,10326.71576,0.0,0.0,0.0,10326.71576,60.0,387126.9336592688,0.0,251507.33911687037,638634.2727761392,387380.18249174627,0.0,252462.27472822997,639842.4572199762
287,10330.31922,0.0,0.0,0.0,10330.31922,60.0,387126.9336592688,0.0,251507.33911687037,638634.2727761392,387380.18249174627,0.0,252462.27472822997,639842.4572199762
288,10333.92268,0.0,0.0,0.0,10333.92268,60.0,387126.9336592688,0.0,251507.33911687037,638634.2727761392,387380.18249174627,0.0,252462.27472822997,639842.4572199762
289,10337.52613,0.0,0.0,0.0,10337.52613,60.0,387126.9336592688,0.0,251507.33911687037,638634.2727761392,387380.18249174627,0.0,252462.27472822997,639842.4572199762
290,10341.12959,0.0,0.0,0.0,10341.12959,60.0,387126.9336592688,0.0,251507.33911687037,638634.2727761392,387380.18249174627,0.0,252462.27472822997,639842.4572199762
291,10344.73305,0.0,0.0,0.0,10344.73305,60.0,387126.9336592688,0.0,251507.33911687037,638634.2727761392,387380.18249174627,0.0,252462.27472822997,639842.4572199762
292,10348.3365,0.0,0.0,0.0,10348.3365,60.0,387126.9336592688,0.0,251507.33911687037,638634.2727761392,387380.18249174627,0.0,252462.27472822997,639842.4572199762
293,10351.93996,0.0005909999999999999,0.0,0.0,10351.939369,60.0,387126.9336592688,0.0,251507.33911687037,638634.2727761392,387380.18249174627,0.0,252462.27472822997,639842.4572199762
294,10355.72006,0.0027480000000000004,0.0,0.0,10355.717311999999,60.0,387126.9336592688,0.0,251507.33911687037,638634.2727761392,387380.18249174627,0.0,252462.27472822997,639842.4572199762
295,10359.52371,0.011015,0.0,0.0,10359.512695,60.0,387126.9336592688,0.0,251507.33911687037,638634.2727761392,387380.18249174627,0.0,252462.27472822997,639842.4572199762
296,10363.32736,0.019963,0.0,0.0,10363.307396999999,60.0,387126.9336592688,0.0,251507.33911687037,638634.2727761392,387380.18249174627,0.0,252462.27472822997,639842.4572199762
297,10367.131,0.02749,0.0,0.0,10367.103509999999,60.0,387126.9336592688,0.0,251507.33911687037,638634.2727761392,387380.18249174627,0.0,252462.27472822997,639842.4572199762
298,10370.93465,0.030437000000000002,0.0,0.0,10370.904213,60.0,387126.9336592688,0.0,251507.33911687037,638634.2727761392,387380.18249174627,0.0,252462.27472822997,639842.4572199762
299,10374.7383,0.032867,0.0,0.0,10374.705433000001,60.0,387126.9336592688,0.0,251507.33911687037,638634.2727761392,387380.18249174627,0.0,252462.27472822997,639842.4572199762
300,10378.54195,0.032909999999999995,0.0,0.0,10378.50904,60.0,387126.9336592688,0.0,251507.33911687037,638634.2727761392,387380.18249174627,0.0,252462.27472822997,639842.4572199762
301,10382.3456,0.027063,0.0,0.0,10382.318537000001,60.0,387126.9336592688,0.0,251507.33911687037,638634.2727761392,387380.18249174627,0.0,252462.27472822997,639842.4572199762
302,10386.14925,0.027592,0.0,0.0,10386.121658,60.0,387126.9336592688,0.0,251507.33911687037,638634.2727761392,387380.18249174627,0.0,252462.27472822997,639842.4572199762
303,10389.9529,0.020713000000000002,0.0,0.0,10389.932187,60.0,387126.9336592688,0.0,251507.33911687037,638634.2727761392,387380.18249174627,0.0,252462.27472822997,639842.4572199762
304,10393.64091,0.014322,0.0,0.0,10393.626588,60.0,387126.9336592688,0.0,251507.33911687037,638634.2727761392,387380.18249174627,0.0,252462.27472822997,639842.4572199762
305,10397.24436,0.005586000000000001,0.0,0.0,10397.238774000001,60.0,387126.9336592688,0.0,251507.33911687037,638634.2727761392,387380.18249174627,0.0,252462.27472822997,639842.4572199762
306,10400.84782,0.0014010000000000001,0.0,0.0,10400.846419000001,60.0,387126.9336592688,0.0,251507.33911687037,638634.2727761392,387380.18249174627,0.0,252462.27472822997,639842.4572199762
307,10404.45128,0.0,0.0,0.0,10404.45128,60.0,387126.9336592688,0.0,251507.33911687037,638634.2727761392,387380.18249174627,0.0,252462.27472822997,639842.4572199762
308,10408.05473,0.0,0.0,0.0,10408.05473,60.0,387126.9336592688,0.0,251507.33911687037,638634.2727761392,387380.18249174627,0.0,252462.27472822997,639842.4572199762
309,10411.23249,0.0,0.0,0.0,10411.23249,60.0,387126.9336592688,0.0,251507.33911687037,638634.2727761392,387380.18249174627,0.0,252462.27472822997,639842.4572199762
310,10413.83498,0.0,0.0,0.0,10413.83498,60.0,387126.9336592688,0.0,251507.33911687037,638634.2727761392,387380.18249174627,0.0,252462.27472822997,639842.4572199762
311,10416.43748,0.0,0.0,0.0,10416.43748,60.0,387126.9336592688,0.0,251507.33911687037,638634.2727761392,387380.18249174627,0.0,252462.27472822997,639842.4572199762
312,10419.03998,0.0,0.0,0.0,10419.03998,60.0,387126.9336592688,0.0,251507.33911687037,638634.2727761392,387380.18249174627,0.0,252462.27472822997,639842.4572199762
313,10421.64247,0.0,0.0,0.0,10421.64247,60.0,387126.9336592688,0.0,251507.33911687037,638634.2727761392,387380.18249174627,0.0,252462.27472822997,639842.4572199762
314,10424.29961,0.0,0.0,0.0,10424.29961,60.0,387126.9336592688,0.0,251507.33911687037,638634.2727761392,387380.18249174627,0.0,252462.27472822997,639842.4572199762
315,10427.1023,0.0,0.0,0.0,10427.1023,60.0,387126.9336592688,0.0,251507.33911687037,638634.2727761392,387380.18249174627,0.0,252462.27472822997,639842.4572199762
316,10429.90499,0.0,0.0,0.0,10429.90499,60.0,387126.9336592688,0.0,251507.33911687037,638634.2727761392,387380.18249174627,0.0,252462.27472822997,639842.4572199762
317,10432.70768,0.00039600000000000003,0.0,0.0,10432.707284,60.0,387126.9336592688,0.0,251507.33911687037,638634.2727761392,387380.18249174627,0.0,252462.27472822997,639842.4572199762
318,10435.51037,0.002337,0.0,0.0,10435.508033,60.0,387126.9336592688,0.0,251507.33911687037,638634.2727761392,387380.18249174627,0.0,252462.27472822997,639842.4572199762
319,10438.50618,0.010891,0.0,0.0,10438.495289,60.0,387126.9336592688,0.0,251507.33911687037,638634.2727761392,387380.18249174627,0.0,252462.27472822997,639842.4572199762
320,10442.91041,0.020236,0.0,0.0,10442.890174,60.0,387126.9336592688,0.0,251507.33911687037,638634.2727761392,387380.18249174627,0.0,252462.27472822997,639842.4572199762
321,10447.31463,0.02733,0.0,0.0,10447.2873,60.0,387126.9336592688,0.0,251507.33911687037,638634.2727761392,387380.18249174627,0.0,252462.27472822997,639842.4572199762
322,10451.71886,0.030401,0.0,0.0,10451.688459,60.0,387126.9336592688,0.0,251507.33911687037,638634.2727761392,387380.18249174627,0.0,252462.27472822997,639842.4572199762
323,10456.12308,0.034235999999999996,0.0,0.0,10456.088844,60.0,387126.9336592688,0.0,251507.33911687037,638634.2727761392,387380.18249174627,0.0,252462.27472822997,639842.4572199762
324,10460.52731,0.033208,0.0,0.0,10460.494101999999,60.0,387126.9336592688,0.0,251507.33911687037,638634.2727761392,387380.18249174627,0.0,252462.27472822997,639842.4572199762
325,10464.54386,0.032942,0.0,0.0,10464.510918,60.0,387126.9336592688,0.0,251507.33911687037,638634.2727761392,387380.18249174627,0.0,252462.27472822997,639842.4572199762
326,10468.54771,0.028234000000000002,0.0,0.0,10468.519476000001,60.0,387126.9336592688,0.0,251507.33911687037,638634.2727761392,387380.18249174627,0.0,252462.27472822997,639842.4572199762
327,10472.55155,0.020893000000000002,0.0,0.0,10472.530657,60.0,387126.9336592688,0.0,251507.33911687037,638634.2727761392,387380.18249174627,0.0,252462.27472822997,639842.4572199762
328,10476.55539,0.013615,0.0,0.0,10476.541775,60.0,387126.9336592688,0.0,251507.33911687037,638634.2727761392,387380.18249174627,0.0,252462.27472822997,639842.4572199762
329,10480.55923,0.0058579999999999995,0.0,0.0,10480.553372,60.0,387126.9336592688,0.0,251507.33911687037,638634.2727761392,387380.18249174627,0.0,252462.27472822997,639842.4572199762
330,10484.07307,0.000592,0.0,0.0,10484.072478,60.0,387126.9336592688,0.0,251507.33911687037,638634.2727761392,387380.18249174627,0.0,252462.27472822997,639842.4572199762
331,10487.47633,0.0,0.0,0.0,10487.47633,60.0,387126.9336592688,0.0,251507.33911687037,638634.2727761392,387380.18249174627,0.0,252462.27472822997,639842.4572199762
332,10490.8796,0.0,0.0,0.0,10490.8796,60.0,387126.9336592688,0.0,251507.33911687037,638634.2727761392,387380.18249174627,0.0,252462.27472822997,639842.4572199762
333,10494.28286,0.0,0.0,0.0,10494.28286,60.0,387126.9336592688,0.0,251507.33911687037,638634.2727761392,387380.18249174627,0.0,252462.27472822997,639842.4572199762
334,10497.68613,0.0,0.0,0.0,10497.68613,60.0,387126.9336592688,0.0,251507.33911687037,638634.2727761392,387380.18249174627,0.0,252462.27472822997,639842.4572199762
335,10500.95656,0.0,0.0,0.0,10500.95656,60.0,387126.9336592688,0.0,251507.33911687037,638634.2727761392,387380.18249174627,0.0,252462.27472822997,639842.4572199762
336,10504.15963,0.0,0.0,0.0,10504.15963,60.0,387126.9336592688,0.0,251507.33911687037,638634.2727761392,387380.18249174627,0.0,252462.27472822997,639842.4572199762
337,10507.3627,0.0,0.0,0.0,10507.3627,60.0,387126.9336592688,0.0,251507.33911687037,638634.2727761392,387380.18249174627,0.0,252462.27472822997,639842.4572199762
338,10510.56578,0.0,0.0,0.0,10510.56578,60.0,387126.9336592688,0.0,251507.33911687037,638634.2727761392,387380.18249174627,0.0,252462.27472822997,639842.4572199762
339,10513.76885,0.0,0.0,0.0,10513.76885,60.0,387126.9336592688,0.0,251507.33911687037,638634.2727761392,387380.18249174627,0.0,252462.27472822997,639842.4572199762
340,10516.86959,0.0,0.0,0.0,10516.86959,60.0,387126.9336592688,0.0,251507.33911687037,638634.2727761392,387380.18249174627,0.0,252462.27472822997,639842.4572199762
341,10519.87247,0.000398,0.0,0.0,10519.872072,60.0,387126.9336592688,0.0,251507.33911687037,638634.2727761392,387380.18249174627,0.0,252462.27472822997,639842.4572199762
342,10522.87535,0.003852,0.0,0.0,10522.871498,60.0,387126.9336592688,0.0,251507.33911687037,638634.2727761392,387380.18249174627,0.0,252462.27472822997,639842.4572199762
343,10525.87823,0.010348000000000001,45.4545454545455,0.0,10571.322427454546,100.0,387126.9336592688,0.0,251507.33911687037,638634.2727761392,387380.18249174627,0.0,252462.27472822997,639842.4572199762
344,10528.88111,0.019197,100.0,0.0,10628.861913,188.0,387126.9336592688,0.0,251507.33911687037,638634.2727761392,387380.18249174627,0.0,252462.27472822997,639842.4572199762
345,10531.74033,0.026698,100.0,0.0,10631.713632,276.0,387126.9336592688,0.0,251507.33911687037,638634.2727761392,387380.18249174627,0.0,252462.27472822997,639842.4572199762
346,10534.34282,0.030506000000000002,100.0,0.0,10634.312314,364.0,387126.9336592688,0.0,251507.33911687037,638634.2727761392,387380.18249174627,0.0,252462.27472822997,639842.4572199762
347,10536.94532,0.032525,100.0,0.0,10636.912795,452.0,387126.9336592688,0.0,251507.33911687037,638634.2727761392,387380.18249174627,0.0,252462.27472822997,639842.4572199762
348,10539.54782,0.035432000000000005,100.0,0.0,10639.512388,540.0,387126.9336592688,0.0,251507.33911687037,638634.2727761392,387380.18249174627,0.0,252462.27472822997,639842.4572199762
349,10542.15031,0.021998999999999998,0.0,100.0,10442.128311,440.0,387126.9336592688,0.0,251507.33911687037,638634.2727761392,387380.18249174627,0.0,252462.27472822997,639842.4572199762
350,10544.67014,0.015986,0.0,100.0,10444.654154,340.0,387126.9336592688,0.0,251507.33911687037,638634.2727761392,387380.18249174627,0.0,252462.27472822997,639842.4572199762
351,10546.87225,0.017094,0.0,100.0,10446.855156,240.0,387126.9336592688,0.0,251507.33911687037,638634.2727761392,387380.18249174627,0.0,252462.27472822997,639842.4572199762
352,10549.07437,0.007098,0.0,100.0,10449.067272,140.0,387126.9336592688,0.0,251507.33911687037,638634.2727761392,387380.18249174627,0.0,252462.27472822997,639842.4572199762
353,10551.27648,0.000126,0.0,80.0,10471.276354,60.0,387126.9336592688,0.0,251507.33911687037,638634.2727761392,387380.18249174627,0.0,252462.27472822997,639842.4572199762
354,10553.47859,0.0,0.0,0.0,10553.47859,60.0,387126.9336592688,0.0,251507.33911687037,638634.2727761392,387380.18249174627,0.0,252462.27472822997,639842.4572199762
355,10555.6807,0.0,0.0,0.0,10555.6807,60.0,387126.9336592688,0.0,251507.33911687037,638634.2727761392,387380.18249174627,0.0,252462.27472822997,639842.4572199762
356,10557.88282,0.0,0.0,0.0,10557.88282,60.0,387126.9336592688,0.0,251507.33911687037,638634.2727761392,387380.18249174627,0.0,252462.27472822997,639842.4572199762
357,10560.08493,0.0,0.0,0.0,10560.08493,60.0,387126.9336592688,0.0,251507.33911687037,638634.2727761392,387380.18249174627,0.0,252462.27472822997,639842.4572199762
358,10562.28704,0.0,0.0,0.0,10562.28704,60.0,387126.9336592688,0.0,251507.33911687037,638634.2727761392,387380.18249174627,0.0,252462.27472822997,639842.4572199762
359,10564.48915,0.0,0.0,0.0,10564.48915,60.0,387126.9336592688,0.0,251507.33911687037,638634.2727761392,387380.18249174627,0.0,252462.27472822997,639842.4572199762
360,10566.69127,0.0,0.0,0.0,10566.69127,60.0,387126.9336592688,0.0,251507.33911687037,638634.2727761392,387380.18249174627,0.0,252462.27472822997,639842.4572199762
361,10569.25443,0.0,0.0,0.0,10569.25443,60.0,387126.9336592688,0.0,251507.33911687037,638634.2727761392,387380.18249174627,0.0,252462.27472822997,639842.4572199762
362,10571.85693,0.0,0.0,0.0,10571.85693,60.0,387126.9336592688,0.0,251507.33911687037,638634.2727761392,387380.18249174627,0.0,252462.27472822997,639842.4572199762
363,10574.45942,0.0,0.0,0.0,10574.45942,60.0,387126.9336592688,0.0,251507.33911687037,638634.2727761392,387380.18249174627,0.0,252462.27472822997,639842.4572199762
364,10577.06192,0.0,0.0,0.0,10577.06192,60.0,387126.9336592688,0.0,251507.33911687037,638634.2727761392,387380.18249174627,0.0,252462.27472822997,639842.4572199762
365,10579.66442,0.000998,0.0,0.0,10579.663422,60.0,387126.9336592688,0.0,251507.33911687037,638634.2727761392,387380.18249174627,0.0,252462.27472822997,639842.4572199762
366,10581.66681,0.002089,42.8515193636335,0.0,10624.516240363635,97.7093370399975,387126.9336592688,0.0,251507.33911687037,638634.2727761392,387380.18249174627,0.0,252462.27472822997,639842.4572199762
367,10583.46854,0.011044,88.1838171818199,0.0,10671.641313181819,175.311096159999,387126.9336592688,0.0,251507.33911687037,638634.2727761392,387380.18249174627,0.0,252462.27472822997,639842.4572199762
368,10585.27027,0.020132,86.3911751818177,0.0,10671.641313181819,251.335330319999,387126.9336592688,0.0,251507.33911687037,638634.2727761392,387380.18249174627,0.0,252462.27472822997,639842.4572199762
369,10587.07199,0.027517,84.5968401818191,0.0,10671.641313181819,325.780549679999,387126.9336592688,0.0,251507.33911687037,638634.2727761392,387380.18249174627,0.0,252462.27472822997,639842.4572199762
370,10588.87372,0.030734,82.7983271818193,0.0,10671.641313181819,398.6430776,387126.9336592688,0.0,251507.33911687037,638634.2727761392,387380.18249174627,0.0,252462.27472822997,639842.4572199762
371,10590.55592,0.034269,81.1196621818181,0.0,10671.641313181819,470.02838032,387126.9336592688,0.0,251507.33911687037,638634.2727761392,387380.18249174627,0.0,252462.27472822997,639842.4572199762
372,10592.15746,0.029351,79.5132041818179,0.0,10671.641313181819,540.0,387126.9336592688,0.0,251507.33911687037,638634.2727761392,387380.18249174627,0.0,252462.27472822997,639842.4572199762
373,10593.759,0.034079,0.0,100.0,10493.724921,440.0,387126.9336592688,0.0,251507.33911687037,638634.2727761392,387380.18249174627,0.0,252462.27472822997,639842.4572199762
374,10595.36053,0.030985,0.0,100.0,10495.329545,340.0,387126.9336592688,0.0,251507.33911687037,638634.2727761392,387380.18249174627,0.0,252462.27472822997,639842.4572199762
375,10596.96207,0.017155999999999998,0.0,100.0,10496.944914,240.0,387126.9336592688,0.0,251507.33911687037,638634.2727761392,387380.18249174627,0.0,252462.27472822997,639842.4572199762
376,10598.56361,0.0076890000000000005,0.0,75.9255995000003,10522.630321499999,164.0744005,387126.9336592688,0.0,251507.33911687037,638634.2727761392,387380.18249174627,0.0,252462.27472822997,639842.4572199762
377,10600.16514,0.004123,0.0,23.6136183749986,10576.547398625,140.460782125001,387126.9336592688,0.0,251507.33911687037,638634.2727761392,387380.18249174627,0.0,252462.27472822997,639842.4572199762
378,10601.76668,0.0016619999999999998,0.0,25.2176193750001,10576.547398625,115.243162750001,387126.9336592688,0.0,251507.33911687037,638634.2727761392,387380.18249174627,0.0,252462.27472822997,639842.4572199762
379,10603.36821,0.0,0.0,26.8208113750006,10576.547398625,88.4223513750003,387126.9336592688,0.0,251507.33911687037,638634.2727761392,387380.18249174627,0.0,252462.27472822997,639842.4572199762
380,10604.96975,0.0,0.0,28.4223513750003,10576.547398625,60.0,387126.9336592688,0.0,251507.33911687037,638634.2727761392,387380.18249174627,0.0,252462.27472822997,639842.4572199762
381,10606.51276,0.0,0.0,0.0,10606.51276,60.0,387126.9336592688,0.0,251507.33911687037,638634.2727761392,387380.18249174627,0.0,252462.27472822997,639842.4572199762
382,10607.91411,0.0,0.0,0.0,10607.91411,60.0,387126.9336592688,0.0,251507.33911687037,638634.2727761392,387380.18249174627,0.0,252462.27472822997,639842.4572199762
383,10609.31545,0.0,0.0,0.0,10609.31545,60.0,387126.9336592688,0.0,251507.33911687037,638634.2727761392,387380.18249174627,0.0,252462.27472822997,639842.4572199762
384,10610.71679,0.0,0.0,0.0,10610.71679,60.0,387126.9336592688,0.0,251507.33911687037,638634.2727761392,387380.18249174627,0.0,252462.27472822997,639842.4572199762
385,10612.11814,0.0,0.0,0.0,10612.11814,60.0,387126.9336592688,0.0,251507.33911687037,638634.2727761392,387380.18249174627,0.0,252462.27472822997,639842.4572199762
386,10613.49146,0.0,17.9269646363532,0.0,10631.418424636353,75.7757288799908,387126.9336592688,0.0,251507.33911687037,638634.2727761392,387380.18249174627,0.0,252462.27472822997,639842.4572199762
387,10614.69261,0.0,56.9487031818189,0.0,10671.641313181819,125.890587679991,387126.9336592688,0.0,251507.33911687037,638634.2727761392,387380.18249174627,0.0,252462.27472822997,639842.4572199762
388,10615.89376,0.0,55.7475531818181,0.0,10671.641313181819,174.948434479991,387126.9336592688,0.0,251507.33911687037,638634.2727761392,387380.18249174627,0.0,252462.27472822997,639842.4572199762
389,10617.09491,0.000372,54.5467751818196,0.0,10671.641313181819,222.949596639993,387126.9336592688,0.0,251507.33911687037,638634.2727761392,387380.18249174627,0.0,252462.27472822997,639842.4572199762
390,10618.29606,0.003128,53.3483811818187,0.0,10671.641313181819,269.896172079993,387126.9336592688,0.0,251507.33911687037,638634.2727761392,387380.18249174627,0.0,252462.27472822997,639842.4572199762
391,10619.49722,0.006706,52.1507991818198,0.0,10671.641313181819,315.788875359995,387126.9336592688,0.0,251507.33911687037,638634.2727761392,387380.18249174627,0.0,252462.27472822997,639842.4572199762
392,10619.90749,0.013925000000000002,51.7477481818187,0.0,10671.641313181819,361.326893759995,387126.9336592688,0.0,251507.33911687037,638634.2727761392,387380.18249174627,0.0,252462.27472822997,639842.4572199762
393,10620.30788,0.024084,51.3575171818193,0.0,10671.641313181819,406.521508879996,387126.9336592688,0.0,251507.33911687037,638634.2727761392,387380.18249174627,0.0,252462.27472822997,639842.4572199762
394,10620.70826,0.028367,50.9614201818204,0.0,10671.641313181819,451.367558639998,387126.9336592688,0.0,251507.33911687037,638634.2727761392,387380.18249174627,0.0,252462.27472822997,639842.4572199762
395,10621.10865,0.031161,50.5638241818197,0.0,10671.641313181819,495.863723919999,387126.9336592688,0.0,251507.33911687037,638634.2727761392,387380.18249174627,0.0,252462.27472822997,639842.4572199762
396,10621.50903,0.022576000000000002,50.1548591818191,0.0,10671.641313181819,540.0,387126.9336592688,0.0,251507.33911687037,638634.2727761392,387380.18249174627,0.0,252462.27472822997,639842.4572199762
397,10622.07663,0.020671,0.0,100.0,10522.055959,440.0,387126.9336592688,0.0,251507.33911687037,638634.2727761392,387380.18249174627,0.0,252462.27472822997,639842.4572199762
398,10622.67721,0.019246,0.0,91.6500477499976,10531.007916250002,348.349952250002,387126.9336592688,0.0,251507.33911687037,638634.2727761392,387380.18249174627,0.0,252462.27472822997,639842.4572199762
399,10623.27778,0.020359000000000002,0.0,46.7100223750003,10576.547398625,301.639929875002,387126.9336592688,0.0,251507.33911687037,638634.2727761392,387380.18249174627,0.0,252462.27472822997,639842.4572199762
400,10623.87836,0.004668,0.0,47.3262933750011,10576.547398625,254.313636500001,387126.9336592688,0.0,251507.33911687037,638634.2727761392,387380.18249174627,0.0,252462.27472822997,639842.4572199762
401,10624.47894,0.00464,0.0,47.9269013750018,10576.547398625,206.386735124999,387126.9336592688,0.0,251507.33911687037,638634.2727761392,387380.18249174627,0.0,252462.27472822997,639842.4572199762
402,10624.94279,0.000599,0.0,48.3947923749984,10576.547398625,157.991942750001,387126.9336592688,0.0,251507.33911687037,638634.2727761392,387380.18249174627,0.0,252462.27472822997,639842.4572199762
403,10625.34318,0.0,0.0,48.7957813749999,10576.547398625,109.196161375001,387126.9336592688,0.0,251507.33911687037,638634.2727761392,387380.18249174627,0.0,252462.27472822997,639842.4572199762
404,10625.74356,0.0,0.0,49.1961613750009,10576.547398625,60.0,387126.9336592688,0.0,251507.33911687037,638634.2727761392,387380.18249174627,0.0,252462.27472822997,639842.4572199762
405,10626.14395,0.0,0.0,0.0,10626.14395,60.0,387126.9336592688,0.0,251507.33911687037,638634.2727761392,387380.18249174627,0.0,252462.27472822997,639842.4572199762
406,10626.54433,0.0,0.0,0.0,10626.54433,60.0,387126.9336592688,0.0,251507.33911687037,638634.2727761392,387380.18249174627,0.0,252462.27472822997,639842.4572199762
407,10626.94471,0.0,0.683774090900807,0.0,10627.628484090901,60.6017211999927,387126.9336592688,0.0,251507.33911687037,638634.2727761392,387380.18249174627,0.0,252462.27472822997,639842.4572199762
408,10627.3451,0.0,44.2962131818185,0.0,10671.641313181819,99.582388799993,387126.9336592688,0.0,251507.33911687037,638634.2727761392,387380.18249174627,0.0,252462.27472822997,639842.4572199762
409,10627.74548,0.0,43.8958331818194,0.0,10671.641313181819,138.210721999994,387126.9336592688,0.0,251507.33911687037,638634.2727761392,387380.18249174627,0.0,252462.27472822997,639842.4572199762
410,10628.14587,0.0,43.4954431818187,0.0,10671.641313181819,176.486711999995,387126.9336592688,0.0,251507.33911687037,638634.2727761392,387380.18249174627,0.0,252462.27472822997,639842.4572199762
411,10628.54625,0.0,43.0950631818196,0.0,10671.641313181819,214.410367599996,387126.9336592688,0.0,251507.33911687037,638634.2727761392,387380.18249174627,0.0,252462.27472822997,639842.4572199762
412,10628.94663,0.0,42.6946831818186,0.0,10671.641313181819,251.981688799996,387126.9336592688,0.0,251507.33911687037,638634.2727761392,387380.18249174627,0.0,252462.27472822997,639842.4572199762
413,10629.34702,0.0006590000000000001,42.2949521818191,0.0,10671.641313181819,289.201246719997,387126.9336592688,0.0,251507.33911687037,638634.2727761392,387380.18249174627,0.0,252462.27472822997,639842.4572199762
414,10629.7474,0.00333,41.8972431818183,0.0,10671.641313181819,326.070820719997,387126.9336592688,0.0,251507.33911687037,638634.2727761392,387380.18249174627,0.0,252462.27472822997,639842.4572199762
415,10630.14779,0.011927,41.5054501818177,0.0,10671.641313181819,362.595616879997,387126.9336592688,0.0,251507.33911687037,638634.2727761392,387380.18249174627,0.0,252462.27472822997,639842.4572199762
416,10630.54817,0.010297,41.1034401818197,0.0,10671.641313181819,398.766644239998,387126.9336592688,0.0,251507.33911687037,638634.2727761392,387380.18249174627,0.0,252462.27472822997,639842.4572199762
417,10630.94856,0.020839,40.713592181819,0.0,10671.641313181819,434.594605359999,387126.9336592688,0.0,251507.33911687037,638634.2727761392,387380.18249174627,0.0,252462.27472822997,639842.4572199762
418,10631.34894,0.032366,40.3247391818186,0.0,10671.641313181819,470.080375839999,387126.9336592688,0.0,251507.33911687037,638634.2727761392,387380.18249174627,0.0,252462.27472822997,639842.4572199762
419,10631.74932,0.033941000000000006,39.9259341818179,0.0,10671.641313181819,505.215197919999,387126.9336592688,0.0,251507.33911687037,638634.2727761392,387380.18249174627,0.0,252462.27472822997,639842.4572199762
420,10632.14971,0.036581,39.5281841818196,0.0,10671.641313181819,540.0,387126.9336592688,0.0,251507.33911687037,638634.2727761392,387380.18249174627,0.0,252462.27472822997,639842.4572199762
421,10632.55009,0.03121,0.0,55.9714813750015,10576.547398625,484.028518624998,387126.9336592688,0.0,251507.33911687037,638634.2727761392,387380.18249174627,0.0,252462.27472822997,639842.4572199762
422,10632.9652,0.029443,0.0,56.3883583750012,10576.547398625,427.640160249997,387126.9336592688,0.0,251507.33911687037,638634.2727761392,387380.18249174627,0.0,252462.27472822997,639842.4572199762
423,10633.56577,0.024007999999999998,0.0,56.994363374999,10576.547398625,370.645796874998,387126.9336592688,0.0,251507.33911687037,638634.2727761392,387380.18249174627,0.0,252462.27472822997,639842.4572199762
424,10634.16635,0.015292,0.0,57.6036593749996,10576.547398625,313.042137499999,387126.9336592688,0.0,251507.33911687037,638634.2727761392,387380.18249174627,0.0,252462.27472822997,639842.4572199762
425,10634.76692,0.005492,0.0,58.2140293749999,10576.547398625,254.828108124999,387126.9336592688,0.0,251507.33911687037,638634.2727761392,387380.18249174627,0.0,252462.27472822997,639842.4572199762
426,10635.3675,0.00087,0.0,58.8192313750005,10576.547398625,196.008876749995,387126.9336592688,0.0,251507.33911687037,638634.2727761392,387380.18249174627,0.0,252462.27472822997,639842.4572199762
427,10635.96808,0.0,0.0,59.4206813750006,10576.547398625,136.588195374994,387126.9336592688,0.0,251507.33911687037,638634.2727761392,387380.18249174627,0.0,252462.27472822997,639842.4572199762
428,10636.38424,0.0,0.0,59.8368413749995,10576.547398625,76.7513539999945,387126.9336592688,0.0,251507.33911687037,638634.2727761392,387380.18249174627,0.0,252462.27472822997,639842.4572199762
429,10636.78462,0.0,34.8566931818186,0.0,10671.641313181819,107.425243999995,387126.9336592688,0.0,251507.33911687037,638634.2727761392,387380.18249174627,0.0,252462.27472822997,639842.4572199762
430,10637.18501,0.0,34.4563031818197,0.0,10671.641313181819,137.746790799993,387126.9336592688,0.0,251507.33911687037,638634.2727761392,387380.18249174627,0.0,252462.27472822997,639842.4572199762
431,10637.58539,0.0,34.0559231818188,0.0,10671.641313181819,167.716003199993,387126.9336592688,0.0,251507.33911687037,638634.2727761392,387380.18249174627,0.0,252462.27472822997,639842.4572199762
432,10637.98578,0.0,33.6555331818181,0.0,10671.641313181819,197.332872399993,387126.9336592688,0.0,251507.33911687037,638634.2727761392,387380.18249174627,0.0,252462.27472822997,639842.4572199762
433,10638.23225,0.0,33.4090631818199,0.0,10671.641313181819,226.732847999995,387126.9336592688,0.0,251507.33911687037,638634.2727761392,387380.18249174627,0.0,252462.27472822997,639842.4572199762
434,10638.43244,0.0,33.2088731818185,0.0,10671.641313181819,255.956656399995,387126.9336592688,0.0,251507.33911687037,638634.2727761392,387380.18249174627,0.0,252462.27472822997,639842.4572199762
435,10638.63263,0.0,33.008683181819,0.0,10671.641313181819,285.004297599987,387126.9336592688,0.0,251507.33911687037,638634.2727761392,387380.18249174627,0.0,252462.27472822997,639842.4572199762
436,10638.83282,0.0,32.8084931818194,0.0,10671.641313181819,313.875771599989,387126.9336592688,0.0,251507.33911687037,638634.2727761392,387380.18249174627,0.0,252462.27472822997,639842.4572199762
437,10639.03302,0.00028399999999999996,32.608577181818,0.0,10671.641313181819,342.571319519988,387126.9336592688,0.0,251507.33911687037,638634.2727761392,387380.18249174627,0.0,252462.27472822997,639842.4572199762
438,10639.23321,0.002083,32.4101861818181,0.0,10671.641313181819,371.092283359988,387126.9336592688,0.0,251507.33911687037,638634.2727761392,387380.18249174627,0.0,252462.27472822997,639842.4572199762
439,10639.4334,0.010757,32.2186701818191,0.0,10671.641313181819,399.444713119997,387126.9336592688,0.0,251507.33911687037,638634.2727761392,387380.18249174627,0.0,252462.27472822997,639842.4572199762
440,10639.63359,0.019903,32.0276261818199,0.0,10671.641313181819,427.629024159999,387126.9336592688,0.0,251507.33911687037,638634.2727761392,387380.18249174627,0.0,252462.27472822997,639842.4572199762
441,10639.83378,0.027156,31.8346891818182,0.0,10671.641313181819,455.643550639998,387126.9336592688,0.0,251507.33911687037,638634.2727761392,387380.18249174627,0.0,252462.27472822997,639842.4572199762
442,10640.03398,0.028969,31.6363021818197,0.0,10671.641313181819,483.483496559999,387126.9336592688,0.0,251507.33911687037,638634.2727761392,387380.18249174627,0.0,252462.27472822997,639842.4572199762
443,10639.86252,0.030297,31.8090901818177,0.0,10671.641313181819,511.475495919999,387126.9336592688,0.0,251507.33911687037,638634.2727761392,387380.18249174627,0.0,252462.27472822997,639842.4572199762
444,10639.26194,0.034836,32.4142091818194,0.0,10671.641313181819,540.0,387126.9336592688,0.0,251507.33911687037,638634.2727761392,387380.18249174627,0.0,252462.27472822997,639842.4572199762
445,10638.66137,0.032413,0.0,62.0815583749991,10576.547398625,477.918441625001,387126.9336592688,0.0,251507.33911687037,638634.2727761392,387380.18249174627,0.0,252462.27472822997,639842.4572199762
446,10638.06079,0.029011,0.0,61.4843803749991,10576.547398625,416.434061250002,387126.9336592688,0.0,251507.33911687037,638634.2727761392,387380.18249174627,0.0,252462.27472822997,639842.4572199762
447,10637.46021,0.017495999999999998,0.0,60.895315374999,10576.547398625,355.538745875005,387126.9336592688,0.0,251507.33911687037,638634.2727761392,387380.18249174627,0.0,252462.27472822997,639842.4572199762
448,10636.85964,0.010429,0.0,60.3018123750007,10576.547398625,295.236933500004,387126.9336592688,0.0,251507.33911687037,638634.2727761392,387380.18249174627,0.0,252462.27472822997,639842.4572199762
449,10636.25906,0.004259000000000001,0.0,59.707402375001,10576.547398625,235.529531125003,387126.9336592688,0.0,251507.33911687037,638634.2727761392,387380.18249174627,0.0,252462.27472822997,639842.4572199762
450,10635.65849,0.002003,0.0,59.1090883750003,10576.547398625,176.420442750003,387126.9336592688,0.0,251507.33911687037,638634.2727761392,387380.18249174627,0.0,252462.27472822997,639842.4572199762
451,10635.05791,0.0,0.0,58.5105113749996,10576.547398625,117.909931374999,387126.9336592688,0.0,251507.33911687037,638634.2727761392,387380.18249174627,0.0,252462.27472822997,639842.4572199762
452,10634.45733,0.0,0.0,57.9099313749994,10576.547398625,60.0,387126.9336592688,0.0,251507.33911687037,638634.2727761392,387380.18249174627,0.0,252462.27472822997,639842.4572199762
453,10633.88867,0.0,0.0,0.0,10633.88867,60.0,387126.9336592688,0.0,251507.33911687037,638634.2727761392,387380.18249174627,0.0,252462.27472822997,639842.4572199762
454,10633.48829,0.0,0.0,0.0,10633.48829,60.0,387126.9336592688,0.0,251507.33911687037,638634.2727761392,387380.18249174627,0.0,252462.27472822997,639842.4572199762
455,10633.0879,0.0,0.0,0.0,10633.0879,60.0,387126.9336592688,0.0,251507.33911687037,638634.2727761392,387380.18249174627,0.0,252462.27472822997,639842.4572199762
456,10632.68752,0.0,0.0,0.0,10632.68752,60.0,387126.9336592688,0.0,251507.33911687037,638634.2727761392,387380.18249174627,0.0,252462.27472822997,639842.4572199762
457,10632.28713,0.0,0.0,0.0,10632.28713,60.0,387126.9336592688,0.0,251507.33911687037,638634.2727761392,387380.18249174627,0.0,252462.27472822997,639842.4572199762
458,10631.88816,0.0,0.0,0.0,10631.88816,60.0,387126.9336592688,0.0,251507.33911687037,638634.2727761392,387380.18249174627,0.0,252462.27472822997,639842.4572199762
459,10631.68797,0.0,0.0,0.0,10631.68797,60.0,387126.9336592688,0.0,251507.33911687037,638634.2727761392,387380.18249174627,0.0,252462.27472822997,639842.4572199762
460,10631.48778,0.0,0.0,0.0,10631.48778,60.0,387126.9336592688,0.0,251507.33911687037,638634.2727761392,387380.18249174627,0.0,252462.27472822997,639842.4572199762
461,10631.28759,0.000208,0.0,0.0,10631.287382,60.0,387126.9336592688,0.0,251507.33911687037,638634.2727761392,387380.18249174627,0.0,252462.27472822997,639842.4572199762
462,10631.08739,0.0020550000000000004,0.0,0.0,10631.085335,60.0,387126.9336592688,0.0,251507.33911687037,638634.2727761392,387380.18249174627,0.0,252462.27472822997,639842.4572199762
463,10630.8872,0.010846999999999999,0.0,0.0,10630.876353,60.0,387126.9336592688,0.0,251507.33911687037,638634.2727761392,387380.18249174627,0.0,252462.27472822997,639842.4572199762
464,10630.5159,0.019999,0.0,0.0,10630.495901,60.0,387126.9336592688,0.0,251507.33911687037,638634.2727761392,387380.18249174627,0.0,252462.27472822997,639842.4572199762
465,10630.11552,0.027103000000000002,0.0,0.0,10630.088416999999,60.0,387126.9336592688,0.0,251507.33911687037,638634.2727761392,387380.18249174627,0.0,252462.27472822997,639842.4572199762
466,10629.71514,0.030778,0.0,0.0,10629.684362,60.0,387126.9336592688,0.0,251507.33911687037,638634.2727761392,387380.18249174627,0.0,252462.27472822997,639842.4572199762
467,10629.31475,0.034359,0.0,0.0,10629.280391,60.0,387126.9336592688,0.0,251507.33911687037,638634.2727761392,387380.18249174627,0.0,252462.27472822997,639842.4572199762
468,10628.91437,0.034121000000000005,0.0,0.0,10628.880249,60.0,387126.9336592688,0.0,251507.33911687037,638634.2727761392,387380.18249174627,0.0,252462.27472822997,639842.4572199762
469,10628.65459,0.031907,0.0,0.0,10628.622683,60.0,387126.9336592688,0.0,251507.33911687037,638634.2727761392,387380.18249174627,0.0,252462.27472822997,639842.4572199762
470,10628.4544,0.029249,0.0,0.0,10628.425151000001,60.0,387126.9336592688,0.0,251507.33911687037,638634.2727761392,387380.18249174627,0.0,252462.27472822997,639842.4572199762
471,10628.25421,0.02264,0.0,0.0,10628.23157,60.0,387126.9336592688,0.0,251507.33911687037,638634.2727761392,387380.18249174627,0.0,252462.27472822997,639842.4572199762
472,10628.05401,0.014074999999999999,0.0,0.0,10628.039935,60.0,387126.9336592688,0.0,251507.33911687037,638634.2727761392,387380.18249174627,0.0,252462.27472822997,639842.4572199762
473,10627.85382,0.004535,0.0,0.0,10627.849285,60.0,387126.9336592688,0.0,251507.33911687037,638634.2727761392,387380.18249174627,0.0,252462.27472822997,639842.4572199762
474,10627.43342,0.000592,0.0,0.0,10627.432827999999,60.0,387126.9336592688,0.0,251507.33911687037,638634.2727761392,387380.18249174627,0.0,252462.27472822997,639842.4572199762
475,10626.83284,0.0,0.0,0.0,10626.83284,60.0,387126.9336592688,0.0,251507.33911687037,638634.2727761392,387380.18249174627,0.0,252462.27472822997,639842.4572199762
476,10626.23227,0.0,0.0,0.0,10626.23227,60.0,387126.9336592688,0.0,251507.33911687037,638634.2727761392,387380.18249174627,0.0,252462.27472822997,639842.4572199762
477,10625.63169,0.0,0.0,0.0,10625.63169,60.0,387126.9336592688,0.0,251507.33911687037,638634.2727761392,387380.18249174627,0.0,252462.27472822997,639842.4572199762
478,10625.03111,0.0,0.0,0.0,10625.03111,60.0,387126.9336592688,0.0,251507.33911687037,638634.2727761392,387380.18249174627,0.0,252462.27472822997,639842.4572199762
479,10624.51014,0.0,0.0,0.0,10624.51014,60.0,387126.9336592688,0.0,251507.33911687037,638634.2727761392,387380.18249174627,0.0,252462.27472822997,639842.4572199762
480,10624.10976,0.0,0.0,0.0,10624.10976,60.0,387126.9336592688,0.0,251507.33911687037,638634.2727761392,387380.18249174627,0.0,252462.27472822997,639842.4572199762
481,10623.70938,0.0,0.0,0.0,10623.70938,60.0,387126.9336592688,0.0,251507.33911687037,638634.2727761392,387380.18249174627,0.0,252462.27472822997,639842.4572199762
482,10623.30899,0.0,0.0,0.0,10623.30899,60.0,387126.9336592688,0.0,251507.33911687037,638634.2727761392,387380.18249174627,0.0,252462.27472822997,639842.4572199762
483,10622.90861,0.0,0.0,0.0,10622.90861,60.0,387126.9336592688,0.0,251507.33911687037,638634.2727761392,387380.18249174627,0.0,252462.27472822997,639842.4572199762
484,10622.41001,0.0,0.0,0.0,10622.41001,60.0,387126.9336592688,0.0,251507.33911687037,638634.2727761392,387380.18249174627,0.0,252462.27472822997,639842.4572199762
485,10621.60924,0.000204,0.0,0.0,10621.609036,60.0,387126.9336592688,0.0,251507.33911687037,638634.2727761392,387380.18249174627,0.0,252462.27472822997,639842.4572199762
486,10620.80847,0.0019290000000000002,0.0,0.0,10620.806541,60.0,387126.9336592688,0.0,251507.33911687037,638634.2727761392,387380.18249174627,0.0,252462.27472822997,639842.4572199762
487,10620.00771,0.010283,0.0,0.0,10619.997427,60.0,387126.9336592688,0.0,251507.33911687037,638634.2727761392,387380.18249174627,0.0,252462.27472822997,639842.4572199762
488,10619.20694,0.019393,0.0,0.0,10619.187547,60.0,387126.9336592688,0.0,251507.33911687037,638634.2727761392,387380.18249174627,0.0,252462.27472822997,639842.4572199762
489,10618.38756,0.026826000000000003,0.0,0.0,10618.360734,60.0,387126.9336592688,0.0,251507.33911687037,638634.2727761392,387380.18249174627,0.0,252462.27472822997,639842.4572199762
490,10617.3866,0.031458,0.0,0.0,10617.355142,60.0,387126.9336592688,0.0,251507.33911687037,638634.2727761392,387380.18249174627,0.0,252462.27472822997,639842.4572199762
491,10616.38564,0.033443,0.0,0.0,10616.352197,60.0,387126.9336592688,0.0,251507.33911687037,638634.2727761392,387380.18249174627,0.0,252462.27472822997,639842.4572199762
492,10615.38468,0.033997,0.0,0.0,10615.350682999999,60.0,387126.9336592688,0.0,251507.33911687037,638634.2727761392,387380.18249174627,0.0,252462.27472822997,639842.4572199762
493,10614.38372,0.033453000000000004,0.0,0.0,10614.350267,60.0,387126.9336592688,0.0,251507.33911687037,638634.2727761392,387380.18249174627,0.0,252462.27472822997,639842.4572199762
494,10613.38276,0.028613,0.0,0.0,10613.354147,60.0,387126.9336592688,0.0,251507.33911687037,638634.2727761392,387380.18249174627,0.0,252462.27472822997,639842.4572199762
495,10612.3818,0.022573,0.0,0.0,10612.359226999999,60.0,387126.9336592688,0.0,251507.33911687037,638634.2727761392,387380.18249174627,0.0,252462.27472822997,639842.4572199762
496,10611.38084,0.014105000000000001,0.0,0.0,10611.366735,60.0,387126.9336592688,0.0,251507.33911687037,638634.2727761392,387380.18249174627,0.0,252462.27472822997,639842.4572199762
497,10610.37988,0.0048590000000000005,0.0,0.0,10610.375021,60.0,387126.9336592688,0.0,251507.33911687037,638634.2727761392,387380.18249174627,0.0,252462.27472822997,639842.4572199762
498,10609.37892,0.00051,0.0,0.0,10609.37841,60.0,387126.9336592688,0.0,251507.33911687037,638634.2727761392,387380.18249174627,0.0,252462.27472822997,639842.4572199762
499,10608.37796,0.0,0.0,0.0,10608.37796,60.0,387126.9336592688,0.0,251507.33911687037,638634.2727761392,387380.18249174627,0.0,252462.27472822997,639842.4572199762
500,10607.0614,0.0,0.0,0.0,10607.0614,60.0,387126.9336592688,0.0,251507.33911687037,638634.2727761392,387380.18249174627,0.0,252462.27472822997,639842.4572199762
501,10605.66006,0.0,0.0,0.0,10605.66006,60.0,387126.9336592688,0.0,251507.33911687037,638634.2727761392,387380.18249174627,0.0,252462.27472822997,639842.4572199762
502,10604.25872,0.0,0.0,0.0,10604.25872,60.0,387126.9336592688,0.0,251507.33911687037,638634.2727761392,387380.18249174627,0.0,252462.27472822997,639842.4572199762
503,10602.85737,0.0,0.0,0.0,10602.85737,60.0,387126.9336592688,0.0,251507.33911687037,638634.2727761392,387380.18249174627,0.0,252462.27472822997,639842.4572199762
504,10601.45603,0.0,0.0,0.0,10601.45603,60.0,387126.9336592688,0.0,251507.33911687037,638634.2727761392,387380.18249174627,0.0,252462.27472822997,639842.4572199762
505,10599.80009,0.0,0.0,0.0,10599.80009,60.0,387126.9336592688,0.0,251507.33911687037,638634.2727761392,387380.18249174627,0.0,252462.27472822997,639842.4572199762
506,10597.99836,0.0,0.0,0.0,10597.99836,60.0,387126.9336592688,0.0,251507.33911687037,638634.2727761392,387380.18249174627,0.0,252462.27472822997,639842.4572199762
507,10596.19663,0.0,0.0,0.0,10596.19663,60.0,387126.9336592688,0.0,251507.33911687037,638634.2727761392,387380.18249174627,0.0,252462.27472822997,639842.4572199762
508,10594.3949,0.0,0.0,0.0,10594.3949,60.0,387126.9336592688,0.0,251507.33911687037,638634.2727761392,387380.18249174627,0.0,252462.27472822997,639842.4572199762
509,10592.59317,0.000417,0.0,0.0,10592.592753,60.0,387126.9336592688,0.0,251507.33911687037,638634.2727761392,387380.18249174627,0.0,252462.27472822997,639842.4572199762
510,10590.98504,0.00252,31.6014143636344,0.0,10622.583934363634,87.8092446399982,387126.9336592688,0.0,251507.33911687037,638634.2727761392,387380.18249174627,0.0,252462.27472822997,639842.4572199762
511,10589.5837,0.010691,82.0683041818193,0.0,10671.641313181819,160.029352319999,387126.9336592688,0.0,251507.33911687037,638634.2727761392,387380.18249174627,0.0,252462.27472822997,639842.4572199762
512,10588.18235,0.019491,83.478454181819,0.0,10671.641313181819,233.490392,387126.9336592688,0.0,251507.33911687037,638634.2727761392,387380.18249174627,0.0,252462.27472822997,639842.4572199762
513,10586.78101,0.026027,84.8863301818183,0.0,10671.641313181819,308.19036256,387126.9336592688,0.0,251507.33911687037,638634.2727761392,387380.18249174627,0.0,252462.27472822997,639842.4572199762
514,10585.37966,0.030948,86.2926011818181,0.0,10671.641313181819,384.1278516,387126.9336592688,0.0,251507.33911687037,638634.2727761392,387380.18249174627,0.0,252462.27472822997,639842.4572199762
515,10583.91202,0.033542,87.7628351818184,0.0,10671.641313181819,461.35914656,387126.9336592688,0.0,251507.33911687037,638634.2727761392,387380.18249174627,0.0,252462.27472822997,639842.4572199762
516,10582.31048,0.033773000000000004,89.3646061818181,0.0,10671.641313181819,540.0,387126.9336592688,0.0,251507.33911687037,638634.2727761392,387380.18249174627,0.0,252462.27472822997,639842.4572199762
517,10580.70895,0.033652,0.0,100.0,10480.675298,440.0,387126.9336592688,0.0,251507.33911687037,638634.2727761392,387380.18249174627,0.0,252462.27472822997,639842.4572199762
518,10579.10741,0.029411000000000003,0.0,100.0,10479.077999000001,340.0,387126.9336592688,0.0,251507.33911687037,638634.2727761392,387380.18249174627,0.0,252462.27472822997,639842.4572199762
519,10577.50588,0.023029,0.0,100.0,10477.482851,240.0,387126.9336592688,0.0,251507.33911687037,638634.2727761392,387380.18249174627,0.0,252462.27472822997,639842.4572199762
520,10575.94014,0.006091,0.0,100.0,10475.934049000001,140.0,387126.9336592688,0.0,251507.33911687037,638634.2727761392,387380.18249174627,0.0,252462.27472822997,639842.4572199762
521,10574.53879,0.0052569999999999995,0.0,80.0,10494.533533,60.0,387126.9336592688,0.0,251507.33911687037,638634.2727761392,387380.18249174627,0.0,252462.27472822997,639842.4572199762
522,10573.13745,0.000576,0.0,0.0,10573.136874,60.0,387126.9336592688,0.0,251507.33911687037,638634.2727761392,387380.18249174627,0.0,252462.27472822997,639842.4572199762
523,10571.73611,0.0,0.0,0.0,10571.73611,60.0,387126.9336592688,0.0,251507.33911687037,638634.2727761392,387380.18249174627,0.0,252462.27472822997,639842.4572199762
524,10570.33476,0.0,0.0,0.0,10570.33476,60.0,387126.9336592688,0.0,251507.33911687037,638634.2727761392,387380.18249174627,0.0,252462.27472822997,639842.4572199762
525,10568.91222,0.0,0.0,0.0,10568.91222,60.0,387126.9336592688,0.0,251507.33911687037,638634.2727761392,387380.18249174627,0.0,252462.27472822997,639842.4572199762
526,10566.71011,0.0,0.0,0.0,10566.71011,60.0,387126.9336592688,0.0,251507.33911687037,638634.2727761392,387380.18249174627,0.0,252462.27472822997,639842.4572199762
527,10564.508,0.0,0.0,0.0,10564.508,60.0,387126.9336592688,0.0,251507.33911687037,638634.2727761392,387380.18249174627,0.0,252462.27472822997,639842.4572199762
528,10562.30588,0.0,0.0,0.0,10562.30588,60.0,387126.9336592688,0.0,251507.33911687037,638634.2727761392,387380.18249174627,0.0,252462.27472822997,639842.4572199762
529,10560.10377,0.0,0.0,0.0,10560.10377,60.0,387126.9336592688,0.0,251507.33911687037,638634.2727761392,387380.18249174627,0.0,252462.27472822997,639842.4572199762
530,10557.90166,0.0,0.0,0.0,10557.90166,60.0,387126.9336592688,0.0,251507.33911687037,638634.2727761392,387380.18249174627,0.0,252462.27472822997,639842.4572199762
531,10555.69955,0.0,0.0,0.0,10555.69955,60.0,387126.9336592688,0.0,251507.33911687037,638634.2727761392,387380.18249174627,0.0,252462.27472822997,639842.4572199762
532,10553.49743,0.0,0.0,0.0,10553.49743,60.0,387126.9336592688,0.0,251507.33911687037,638634.2727761392,387380.18249174627,0.0,252462.27472822997,639842.4572199762
533,10551.29532,0.000285,0.0,0.0,10551.295035,60.0,387126.9336592688,0.0,251507.33911687037,638634.2727761392,387380.18249174627,0.0,252462.27472822997,639842.4572199762
534,10549.09321,0.002258,0.0,0.0,10549.090952,60.0,387126.9336592688,0.0,251507.33911687037,638634.2727761392,387380.18249174627,0.0,252462.27472822997,639842.4572199762
535,10546.8911,0.011092000000000001,45.4545454545455,0.0,10592.334553454546,100.0,387126.9336592688,0.0,251507.33911687037,638634.2727761392,387380.18249174627,0.0,252462.27472822997,639842.4572199762
536,10544.83347,0.019821000000000002,100.0,0.0,10644.813649,188.0,387126.9336592688,0.0,251507.33911687037,638634.2727761392,387380.18249174627,0.0,252462.27472822997,639842.4572199762
537,10542.83155,0.026771,100.0,0.0,10642.804779,276.0,387126.9336592688,0.0,251507.33911687037,638634.2727761392,387380.18249174627,0.0,252462.27472822997,639842.4572199762
538,10540.82963,0.031097000000000003,100.0,0.0,10640.798533000001,364.0,387126.9336592688,0.0,251507.33911687037,638634.2727761392,387380.18249174627,0.0,252462.27472822997,639842.4572199762
539,10538.82771,0.033970999999999994,100.0,0.0,10638.793738999999,452.0,387126.9336592688,0.0,251507.33911687037,638634.2727761392,387380.18249174627,0.0,252462.27472822997,639842.4572199762
540,10536.82579,0.034724,100.0,0.0,10636.791066000002,540.0,387126.9336592688,0.0,251507.33911687037,638634.2727761392,387380.18249174627,0.0,252462.27472822997,639842.4572199762
541,10534.82387,0.033874,0.0,100.0,10434.789996,440.0,387126.9336592688,0.0,251507.33911687037,638634.2727761392,387380.18249174627,0.0,252462.27472822997,639842.4572199762
542,10532.82195,0.029679,0.0,100.0,10432.792271,340.0,387126.9336592688,0.0,251507.33911687037,638634.2727761392,387380.18249174627,0.0,252462.27472822997,639842.4572199762
543,10530.82003,0.018557,0.0,100.0,10430.801473000001,240.0,387126.9336592688,0.0,251507.33911687037,638634.2727761392,387380.18249174627,0.0,252462.27472822997,639842.4572199762
544,10528.81811,0.003425,0.0,100.0,10428.814685,140.0,387126.9336592688,0.0,251507.33911687037,638634.2727761392,387380.18249174627,0.0,252462.27472822997,639842.4572199762
545,10526.81619,0.002115,0.0,80.0,10446.814075,60.0,387126.9336592688,0.0,251507.33911687037,638634.2727761392,387380.18249174627,0.0,252462.27472822997,639842.4572199762
546,10524.89776,0.000851,0.0,0.0,10524.896909,60.0,387126.9336592688,0.0,251507.33911687037,638634.2727761392,387380.18249174627,0.0,252462.27472822997,639842.4572199762
547,10523.09603,0.0,0.0,0.0,10523.09603,60.0,387126.9336592688,0.0,251507.33911687037,638634.2727761392,387380.18249174627,0.0,252462.27472822997,639842.4572199762
548,10521.2943,0.0,0.0,0.0,10521.2943,60.0,387126.9336592688,0.0,251507.33911687037,638634.2727761392,387380.18249174627,0.0,252462.27472822997,639842.4572199762
549,10519.49258,0.0,0.0,0.0,10519.49258,60.0,387126.9336592688,0.0,251507.33911687037,638634.2727761392,387380.18249174627,0.0,252462.27472822997,639842.4572199762
550,10517.69085,0.0,0.0,0.0,10517.69085,60.0,387126.9336592688,0.0,251507.33911687037,638634.2727761392,387380.18249174627,0.0,252462.27472822997,639842.4572199762
551,10515.9951,0.0,0.0,0.0,10515.9951,60.0,387126.9336592688,0.0,251507.33911687037,638634.2727761392,387380.18249174627,0.0,252462.27472822997,639842.4572199762
552,10514.59376,0.0,0.0,0.0,10514.59376,60.0,387126.9336592688,0.0,251507.33911687037,638634.2727761392,387380.18249174627,0.0,252462.27472822997,639842.4572199762
553,10513.19242,0.0,0.0,0.0,10513.19242,60.0,387126.9336592688,0.0,251507.33911687037,638634.2727761392,387380.18249174627,0.0,252462.27472822997,639842.4572199762
554,10511.79107,0.0,0.0,0.0,10511.79107,60.0,387126.9336592688,0.0,251507.33911687037,638634.2727761392,387380.18249174627,0.0,252462.27472822997,639842.4572199762
555,10510.38973,0.0,0.0,0.0,10510.38973,60.0,387126.9336592688,0.0,251507.33911687037,638634.2727761392,387380.18249174627,0.0,252462.27472822997,639842.4572199762
556,10508.96589,0.0,0.0,0.0,10508.96589,60.0,387126.9336592688,0.0,251507.33911687037,638634.2727761392,387380.18249174627,0.0,252462.27472822997,639842.4572199762
557,10507.36435,0.000504,0.0,0.0,10507.363846,60.0,387126.9336592688,0.0,251507.33911687037,638634.2727761392,387380.18249174627,0.0,252462.27472822997,639842.4572199762
558,10505.76282,0.002835,0.0,0.0,10505.759985,60.0,387126.9336592688,0.0,251507.33911687037,638634.2727761392,387380.18249174627,0.0,252462.27472822997,639842.4572199762
559,10504.16128,0.005927,45.4545454545455,0.0,10549.609898454546,100.0,387126.9336592688,0.0,251507.33911687037,638634.2727761392,387380.18249174627,0.0,252462.27472822997,639842.4572199762
560,10502.55974,0.017620999999999998,100.0,0.0,10602.542119,188.0,387126.9336592688,0.0,251507.33911687037,638634.2727761392,387380.18249174627,0.0,252462.27472822997,639842.4572199762
561,10500.95821,0.027094,100.0,0.0,10600.931116000002,276.0,387126.9336592688,0.0,251507.33911687037,638634.2727761392,387380.18249174627,0.0,252462.27472822997,639842.4572199762
562,10498.78012,0.030225000000000002,100.0,0.0,10598.749894999999,364.0,387126.9336592688,0.0,251507.33911687037,638634.2727761392,387380.18249174627,0.0,252462.27472822997,639842.4572199762
563,10496.57801,0.034775,100.0,0.0,10596.543235,452.0,387126.9336592688,0.0,251507.33911687037,638634.2727761392,387380.18249174627,0.0,252462.27472822997,639842.4572199762
564,10494.37589,0.034874,100.0,0.0,10594.341015999998,540.0,387126.9336592688,0.0,251507.33911687037,638634.2727761392,387380.18249174627,0.0,252462.27472822997,639842.4572199762
565,10492.17378,0.032903,0.0,100.0,10392.140877,440.0,387126.9336592688,0.0,251507.33911687037,638634.2727761392,387380.18249174627,0.0,252462.27472822997,639842.4572199762
566,10489.97167,0.028406,0.0,100.0,10389.943264000001,340.0,387126.9336592688,0.0,251507.33911687037,638634.2727761392,387380.18249174627,0.0,252462.27472822997,639842.4572199762
567,10487.60787,0.022764,0.0,100.0,10387.585106,240.0,387126.9336592688,0.0,251507.33911687037,638634.2727761392,387380.18249174627,0.0,252462.27472822997,639842.4572199762
568,10485.20557,0.010898,0.0,100.0,10385.194672,140.0,387126.9336592688,0.0,251507.33911687037,638634.2727761392,387380.18249174627,0.0,252462.27472822997,639842.4572199762
569,10482.80326,0.002715,0.0,80.0,10402.800545,60.0,387126.9336592688,0.0,251507.33911687037,638634.2727761392,387380.18249174627,0.0,252462.27472822997,639842.4572199762
570,10480.40096,0.0005809999999999999,0.0,0.0,10480.400379,60.0,387126.9336592688,0.0,251507.33911687037,638634.2727761392,387380.18249174627,0.0,252462.27472822997,639842.4572199762
571,10477.99865,0.0,0.0,0.0,10477.99865,60.0,387126.9336592688,0.0,251507.33911687037,638634.2727761392,387380.18249174627,0.0,252462.27472822997,639842.4572199762
572,10476.12109,0.0,0.0,0.0,10476.12109,60.0,387126.9336592688,0.0,251507.33911687037,638634.2727761392,387380.18249174627,0.0,252462.27472822997,639842.4572199762
573,10474.51955,0.0,0.0,0.0,10474.51955,60.0,387126.9336592688,0.0,251507.33911687037,638634.2727761392,387380.18249174627,0.0,252462.27472822997,639842.4572199762
574,10472.91802,0.0,0.0,0.0,10472.91802,60.0,387126.9336592688,0.0,251507.33911687037,638634.2727761392,387380.18249174627,0.0,252462.27472822997,639842.4572199762
575,10471.31648,0.0,0.0,0.0,10471.31648,60.0,387126.9336592688,0.0,251507.33911687037,638634.2727761392,387380.18249174627,0.0,252462.27472822997,639842.4572199762
576,10469.71494,0.0,0.0,0.0,10469.71494,60.0,387126.9336592688,0.0,251507.33911687037,638634.2727761392,387380.18249174627,0.0,252462.27472822997,639842.4572199762
577,10468.11341,0.0,0.0,0.0,10468.11341,60.0,387126.9336592688,0.0,251507.33911687037,638634.2727761392,387380.18249174627,0.0,252462.27472822997,639842.4572199762
578,10466.51187,0.0,0.0,0.0,10466.51187,60.0,387126.9336592688,0.0,251507.33911687037,638634.2727761392,387380.18249174627,0.0,252462.27472822997,639842.4572199762
579,10464.91033,0.0,0.0,0.0,10464.91033,60.0,387126.9336592688,0.0,251507.33911687037,638634.2727761392,387380.18249174627,0.0,252462.27472822997,639842.4572199762
580,10463.3088,0.0,0.0,0.0,10463.3088,60.0,387126.9336592688,0.0,251507.33911687037,638634.2727761392,387380.18249174627,0.0,252462.27472822997,639842.4572199762
581,10461.70726,5.1e-05,0.0,0.0,10461.707208999998,60.0,387126.9336592688,0.0,251507.33911687037,638634.2727761392,387380.18249174627,0.0,252462.27472822997,639842.4572199762
582,10459.89517,0.0022570000000000003,0.0,0.0,10459.892913,60.0,387126.9336592688,0.0,251507.33911687037,638634.2727761392,387380.18249174627,0.0,252462.27472822997,639842.4572199762
583,10457.69306,0.009776,45.4545454545455,0.0,10503.137829454545,100.0,387126.9336592688,0.0,251507.33911687037,638634.2727761392,387380.18249174627,0.0,252462.27472822997,639842.4572199762
584,10455.49094,0.019404,100.0,0.0,10555.471536,188.0,387126.9336592688,0.0,251507.33911687037,638634.2727761392,387380.18249174627,0.0,252462.27472822997,639842.4572199762
585,10453.28883,0.025308,100.0,0.0,10553.263522,276.0,387126.9336592688,0.0,251507.33911687037,638634.2727761392,387380.18249174627,0.0,252462.27472822997,639842.4572199762
586,10451.08672,0.031521,100.0,0.0,10551.055198999999,364.0,387126.9336592688,0.0,251507.33911687037,638634.2727761392,387380.18249174627,0.0,252462.27472822997,639842.4572199762
587,10448.88461,0.031923,100.0,0.0,10548.852686999999,452.0,387126.9336592688,0.0,251507.33911687037,638634.2727761392,387380.18249174627,0.0,252462.27472822997,639842.4572199762
588,10446.68249,0.032973,100.0,0.0,10546.649517,540.0,387126.9336592688,0.0,251507.33911687037,638634.2727761392,387380.18249174627,0.0,252462.27472822997,639842.4572199762
589,10444.48038,0.030342,0.0,100.0,10344.450038,440.0,387126.9336592688,0.0,251507.33911687037,638634.2727761392,387380.18249174627,0.0,252462.27472822997,639842.4572199762
590,10442.27827,0.020446000000000002,0.0,100.0,10342.257824,340.0,387126.9336592688,0.0,251507.33911687037,638634.2727761392,387380.18249174627,0.0,252462.27472822997,639842.4572199762
591,10440.07616,0.016015,0.0,100.0,10340.060145000001,240.0,387126.9336592688,0.0,251507.33911687037,638634.2727761392,387380.18249174627,0.0,252462.27472822997,639842.4572199762
592,10437.88323,0.003992,0.0,100.0,10337.879238,140.0,387126.9336592688,0.0,251507.33911687037,638634.2727761392,387380.18249174627,0.0,252462.27472822997,639842.4572199762
593,10435.88131,0.002791,0.0,80.0,10355.878519,60.0,387126.9336592688,0.0,251507.33911687037,638634.2727761392,387380.18249174627,0.0,252462.27472822997,639842.4572199762
594,10433.87939,0.001192,0.0,0.0,10433.878198,60.0,387126.9336592688,0.0,251507.33911687037,638634.2727761392,387380.18249174627,0.0,252462.27472822997,639842.4572199762
595,10431.87747,0.0,0.0,0.0,10431.87747,60.0,387126.9336592688,0.0,251507.33911687037,638634.2727761392,387380.18249174627,0.0,252462.27472822997,639842.4572199762
596,10429.87555,0.0,0.0,0.0,10429.87555,60.0,387126.9336592688,0.0,251507.33911687037,638634.2727761392,387380.18249174627,0.0,252462.27472822997,639842.4572199762
597,10427.87363,0.0,0.0,0.0,10427.87363,60.0,387126.9336592688,0.0,251507.33911687037,638634.2727761392,387380.18249174627,0.0,252462.27472822997,639842.4572199762
598,10425.69283,0.0,0.0,0.0,10425.69283,60.0,387126.9336592688,0.0,251507.33911687037,638634.2727761392,387380.18249174627,0.0,252462.27472822997,639842.4572199762
599,10423.49072,0.0,0.0,0.0,10423.49072,60.0,387126.9336592688,0.0,251507.33911687037,638634.2727761392,387380.18249174627,0.0,252462.27472822997,639842.4572199762
600,10421.2886,0.0,0.0,0.0,10421.2886,60.0,387126.9336592688,0.0,251507.33911687037,638634.2727761392,387380.18249174627,0.0,252462.27472822997,639842.4572199762
601,10419.08649,0.0,0.0,0.0,10419.08649,60.0,387126.9336592688,0.0,251507.33911687037,638634.2727761392,387380.18249174627,0.0,252462.27472822997,639842.4572199762
602,10416.88438,0.0,0.0,0.0,10416.88438,60.0,387126.9336592688,0.0,251507.33911687037,638634.2727761392,387380.18249174627,0.0,252462.27472822997,639842.4572199762
603,10414.53389,0.0,0.0,0.0,10414.53389,60.0,387126.9336592688,0.0,251507.33911687037,638634.2727761392,387380.18249174627,0.0,252462.27472822997,639842.4572199762
604,10412.13158,0.0,0.0,0.0,10412.13158,60.0,387126.9336592688,0.0,251507.33911687037,638634.2727761392,387380.18249174627,0.0,252462.27472822997,639842.4572199762
605,10409.72928,0.0007890000000000001,0.0,0.0,10409.728491,60.0,387126.9336592688,0.0,251507.33911687037,638634.2727761392,387380.18249174627,0.0,252462.27472822997,639842.4572199762
606,10407.32698,0.001953,0.0,0.0,10407.325026999999,60.0,387126.9336592688,0.0,251507.33911687037,638634.2727761392,387380.18249174627,0.0,252462.27472822997,639842.4572199762
607,10404.92467,0.010388,45.4545454545455,0.0,10450.368827454546,100.0,387126.9336592688,0.0,251507.33911687037,638634.2727761392,387380.18249174627,0.0,252462.27472822997,639842.4572199762
608,10403.11176,0.020144,100.0,0.0,10503.091616,188.0,387126.9336592688,0.0,251507.33911687037,638634.2727761392,387380.18249174627,0.0,252462.27472822997,639842.4572199762
609,10401.71041,0.025131,100.0,0.0,10501.685279,276.0,387126.9336592688,0.0,251507.33911687037,638634.2727761392,387380.18249174627,0.0,252462.27472822997,639842.4572199762
610,10400.30907,0.029911000000000004,100.0,0.0,10500.279159,364.0,387126.9336592688,0.0,251507.33911687037,638634.2727761392,387380.18249174627,0.0,252462.27472822997,639842.4572199762
611,10398.90772,0.023223,100.0,0.0,10498.884497,452.0,387126.9336592688,0.0,251507.33911687037,638634.2727761392,387380.18249174627,0.0,252462.27472822997,639842.4572199762
612,10397.50638,0.031114000000000003,100.0,0.0,10497.475266000001,540.0,387126.9336592688,0.0,251507.33911687037,638634.2727761392,387380.18249174627,0.0,252462.27472822997,639842.4572199762
613,10396.10503,0.031214,0.0,100.0,10296.073816,440.0,387126.9336592688,0.0,251507.33911687037,638634.2727761392,387380.18249174627,0.0,252462.27472822997,639842.4572199762
614,10394.70369,0.027158,0.0,100.0,10294.676532,340.0,387126.9336592688,0.0,251507.33911687037,638634.2727761392,387380.18249174627,0.0,252462.27472822997,639842.4572199762
615,10393.30235,0.010509000000000001,0.0,100.0,10293.291841,240.0,387126.9336592688,0.0,251507.33911687037,638634.2727761392,387380.18249174627,0.0,252462.27472822997,639842.4572199762
616,10391.901,0.0022530000000000002,0.0,100.0,10291.898747,140.0,387126.9336592688,0.0,251507.33911687037,638634.2727761392,387380.18249174627,0.0,252462.27472822997,639842.4572199762
617,10390.49966,0.003655,0.0,80.0,10310.496004999999,60.0,387126.9336592688,0.0,251507.33911687037,638634.2727761392,387380.18249174627,0.0,252462.27472822997,639842.4572199762
618,10389.15519,0.001065,0.0,0.0,10389.154125,60.0,387126.9336592688,0.0,251507.33911687037,638634.2727761392,387380.18249174627,0.0,252462.27472822997,639842.4572199762
619,10387.95404,0.0,0.0,0.0,10387.95404,60.0,387126.9336592688,0.0,251507.33911687037,638634.2727761392,387380.18249174627,0.0,252462.27472822997,639842.4572199762
620,10386.75289,0.0,0.0,0.0,10386.75289,60.0,387126.9336592688,0.0,251507.33911687037,638634.2727761392,387380.18249174627,0.0,252462.27472822997,639842.4572199762
621,10385.55173,0.0,0.0,0.0,10385.55173,60.0,387126.9336592688,0.0,251507.33911687037,638634.2727761392,387380.18249174627,0.0,252462.27472822997,639842.4572199762
622,10384.35058,0.0,0.0,0.0,10384.35058,60.0,387126.9336592688,0.0,251507.33911687037,638634.2727761392,387380.18249174627,0.0,252462.27472822997,639842.4572199762
623,10383.04392,0.0,0.0,0.0,10383.04392,60.0,387126.9336592688,0.0,251507.33911687037,638634.2727761392,387380.18249174627,0.0,252462.27472822997,639842.4572199762
624,10381.042,0.0,0.0,0.0,10381.042,60.0,387126.9336592688,0.0,251507.33911687037,638634.2727761392,387380.18249174627,0.0,252462.27472822997,639842.4572199762
625,10379.04008,0.0,0.0,0.0,10379.04008,60.0,387126.9336592688,0.0,251507.33911687037,638634.2727761392,387380.18249174627,0.0,252462.27472822997,639842.4572199762
626,10377.03816,0.0,0.0,0.0,10377.03816,60.0,387126.9336592688,0.0,251507.33911687037,638634.2727761392,387380.18249174627,0.0,252462.27472822997,639842.4572199762
627,10375.03623,0.0,0.0,0.0,10375.03623,60.0,387126.9336592688,0.0,251507.33911687037,638634.2727761392,387380.18249174627,0.0,252462.27472822997,639842.4572199762
628,10373.03431,0.0,0.0,0.0,10373.03431,60.0,387126.9336592688,0.0,251507.33911687037,638634.2727761392,387380.18249174627,0.0,252462.27472822997,639842.4572199762
629,10371.42453,0.00020899999999999998,0.0,0.0,10371.424321,60.0,387126.9336592688,0.0,251507.33911687037,638634.2727761392,387380.18249174627,0.0,252462.27472822997,639842.4572199762
630,10369.823,0.0033079999999999997,0.0,0.0,10369.819692000001,60.0,387126.9336592688,0.0,251507.33911687037,638634.2727761392,387380.18249174627,0.0,252462.27472822997,639842.4572199762
631,10368.22146,0.009710000000000002,0.0,0.0,10368.21175,60.0,387126.9336592688,0.0,251507.33911687037,638634.2727761392,387380.18249174627,0.0,252462.27472822997,639842.4572199762
632,10366.61993,0.019985,0.0,0.0,10366.599945,60.0,387126.9336592688,0.0,251507.33911687037,638634.2727761392,387380.18249174627,0.0,252462.27472822997,639842.4572199762
633,10365.01839,0.022904,0.0,0.0,10364.995486,60.0,387126.9336592688,0.0,251507.33911687037,638634.2727761392,387380.18249174627,0.0,252462.27472822997,639842.4572199762
634,10363.91356,0.027359,0.0,0.0,10363.886201000001,60.0,387126.9336592688,0.0,251507.33911687037,638634.2727761392,387380.18249174627,0.0,252462.27472822997,639842.4572199762
635,10362.9126,0.024162,0.0,0.0,10362.888438,60.0,387126.9336592688,0.0,251507.33911687037,638634.2727761392,387380.18249174627,0.0,252462.27472822997,639842.4572199762
636,10361.91164,0.029112,0.0,0.0,10361.882528,60.0,387126.9336592688,0.0,251507.33911687037,638634.2727761392,387380.18249174627,0.0,252462.27472822997,639842.4572199762
637,10360.91068,0.032582,0.0,0.0,10360.878098000001,60.0,387126.9336592688,0.0,251507.33911687037,638634.2727761392,387380.18249174627,0.0,252462.27472822997,639842.4572199762
638,10359.90972,0.022809000000000003,0.0,0.0,10359.886911,60.0,387126.9336592688,0.0,251507.33911687037,638634.2727761392,387380.18249174627,0.0,252462.27472822997,639842.4572199762
639,10358.77369,0.010884000000000001,0.0,0.0,10358.762806,60.0,387126.9336592688,0.0,251507.33911687037,638634.2727761392,387380.18249174627,0.0,252462.27472822997,639842.4572199762
640,10357.57254,0.012402,0.0,0.0,10357.560137999999,60.0,387126.9336592688,0.0,251507.33911687037,638634.2727761392,387380.18249174627,0.0,252462.27472822997,639842.4572199762
641,10356.37139,0.005496000000000001,0.0,0.0,10356.365894,60.0,387126.9336592688,0.0,251507.33911687037,638634.2727761392,387380.18249174627,0.0,252462.27472822997,639842.4572199762
642,10355.17024,0.001065,0.0,0.0,10355.169174999999,60.0,387126.9336592688,0.0,251507.33911687037,638634.2727761392,387380.18249174627,0.0,252462.27472822997,639842.4572199762
643,10353.96908,0.0,0.0,0.0,10353.96908,60.0,387126.9336592688,0.0,251507.33911687037,638634.2727761392,387380.18249174627,0.0,252462.27472822997,639842.4572199762
644,10352.66336,0.0,0.0,0.0,10352.66336,60.0,387126.9336592688,0.0,251507.33911687037,638634.2727761392,387380.18249174627,0.0,252462.27472822997,639842.4572199762
645,10351.26202,0.0,0.0,0.0,10351.26202,60.0,387126.9336592688,0.0,251507.33911687037,638634.2727761392,387380.18249174627,0.0,252462.27472822997,639842.4572199762
646,10349.86067,0.0,0.0,0.0,10349.86067,60.0,387126.9336592688,0.0,251507.33911687037,638634.2727761392,387380.18249174627,0.0,252462.27472822997,639842.4572199762
647,10348.45933,0.0,0.0,0.0,10348.45933,60.0,387126.9336592688,0.0,251507.33911687037,638634.2727761392,387380.18249174627,0.0,252462.27472822997,639842.4572199762
648,10347.05798,0.0,0.0,0.0,10347.05798,60.0,387126.9336592688,0.0,251507.33911687037,638634.2727761392,387380.18249174627,0.0,252462.27472822997,639842.4572199762
649,10345.73071,0.0,0.0,0.0,10345.73071,60.0,387126.9336592688,0.0,251507.33911687037,638634.2727761392,387380.18249174627,0.0,252462.27472822997,639842.4572199762
650,10344.52956,0.0,0.0,0.0,10344.52956,60.0,387126.9336592688,0.0,251507.33911687037,638634.2727761392,387380.18249174627,0.0,252462.27472822997,639842.4572199762
651,10343.32841,0.0,0.0,0.0,10343.32841,60.0,387126.9336592688,0.0,251507.33911687037,638634.2727761392,387380.18249174627,0.0,252462.27472822997,639842.4572199762
652,10342.12725,0.0,0.0,0.0,10342.12725,60.0,387126.9336592688,0.0,251507.33911687037,638634.2727761392,387380.18249174627,0.0,252462.27472822997,639842.4572199762
653,10340.9261,0.0,0.0,0.0,10340.9261,60.0,387126.9336592688,0.0,251507.33911687037,638634.2727761392,387380.18249174627,0.0,252462.27472822997,639842.4572199762
654,10339.63781,0.000359,0.0,0.0,10339.637451,60.0,387126.9336592688,0.0,251507.33911687037,638634.2727761392,387380.18249174627,0.0,252462.27472822997,639842.4572199762
655,10338.03627,0.009627,0.0,0.0,10338.026643000001,60.0,387126.9336592688,0.0,251507.33911687037,638634.2727761392,387380.18249174627,0.0,252462.27472822997,639842.4572199762
656,10336.43473,0.019698,0.0,0.0,10336.415032,60.0,387126.9336592688,0.0,251507.33911687037,638634.2727761392,387380.18249174627,0.0,252462.27472822997,639842.4572199762
657,10334.8332,0.026711,0.0,0.0,10334.806488999999,60.0,387126.9336592688,0.0,251507.33911687037,638634.2727761392,387380.18249174627,0.0,252462.27472822997,639842.4572199762
658,10333.23166,0.031465,0.0,0.0,10333.200195,60.0,387126.9336592688,0.0,251507.33911687037,638634.2727761392,387380.18249174627,0.0,252462.27472822997,639842.4572199762
659,10331.6432,0.034019,0.0,0.0,10331.609181,60.0,387126.9336592688,0.0,251507.33911687037,638634.2727761392,387380.18249174627,0.0,252462.27472822997,639842.4572199762
660,10330.24185,0.032123,0.0,0.0,10330.209727,60.0,387126.9336592688,0.0,251507.33911687037,638634.2727761392,387380.18249174627,0.0,252462.27472822997,639842.4572199762
661,10328.84051,0.034595999999999995,0.0,0.0,10328.805914,60.0,387126.9336592688,0.0,251507.33911687037,638634.2727761392,387380.18249174627,0.0,252462.27472822997,639842.4572199762
662,10327.43916,0.029735,0.0,0.0,10327.409425,60.0,387126.9336592688,0.0,251507.33911687037,638634.2727761392,387380.18249174627,0.0,252462.27472822997,639842.4572199762
663,10326.03782,0.023025,0.0,0.0,10326.014795,60.0,387126.9336592688,0.0,251507.33911687037,638634.2727761392,387380.18249174627,0.0,252462.27472822997,639842.4572199762
664,10324.63647,0.014275000000000001,0.0,0.0,10324.622195,60.0,387126.9336592688,0.0,251507.33911687037,638634.2727761392,387380.18249174627,0.0,252462.27472822997,639842.4572199762
665,10323.23513,0.0052580000000000005,0.0,0.0,10323.229872,60.0,387126.9336592688,0.0,251507.33911687037,638634.2727761392,387380.18249174627,0.0,252462.27472822997,639842.4572199762
666,10321.83379,0.001198,0.0,0.0,10321.832592,60.0,387126.9336592688,0.0,251507.33911687037,638634.2727761392,387380.18249174627,0.0,252462.27472822997,639842.4572199762
667,10320.43244,0.0,0.0,0.0,10320.43244,60.0,387126.9336592688,0.0,251507.33911687037,638634.2727761392,387380.18249174627,0.0,252462.27472822997,639842.4572199762
668,10319.0311,0.0,0.0,0.0,10319.0311,60.0,387126.9336592688,0.0,251507.33911687037,638634.2727761392,387380.18249174627,0.0,252462.27472822997,639842.4572199762
669,10317.62975,0.0,0.0,0.0,10317.62975,60.0,387126.9336592688,0.0,251507.33911687037,638634.2727761392,387380.18249174627,0.0,252462.27472822997,639842.4572199762
670,10316.38067,0.0,0.0,0.0,10316.38067,60.0,387126.9336592688,0.0,251507.33911687037,638634.2727761392,387380.18249174627,0.0,252462.27472822997,639842.4572199762
671,10315.17952,0.0,0.0,0.0,10315.17952,60.0,387126.9336592688,0.0,251507.33911687037,638634.2727761392,387380.18249174627,0.0,252462.27472822997,639842.4572199762
672,10313.97837,0.0,0.0,0.0,10313.97837,60.0,387126.9336592688,0.0,251507.33911687037,638634.2727761392,387380.18249174627,0.0,252462.27472822997,639842.4572199762
673,10312.77722,0.0,0.0,0.0,10312.77722,60.0,387126.9336592688,0.0,251507.33911687037,638634.2727761392,387380.18249174627,0.0,252462.27472822997,639842.4572199762
674,10311.57606,0.0,0.0,0.0,10311.57606,60.0,387126.9336592688,0.0,251507.33911687037,638634.2727761392,387380.18249174627,0.0,252462.27472822997,639842.4572199762
675,10310.00962,0.0,0.0,0.0,10310.00962,60.0,387126.9336592688,0.0,251507.33911687037,638634.2727761392,387380.18249174627,0.0,252462.27472822997,639842.4572199762
676,10308.20789,0.0,0.0,0.0,10308.20789,60.0,387126.9336592688,0.0,251507.33911687037,638634.2727761392,387380.18249174627,0.0,252462.27472822997,639842.4572199762
677,10306.40616,0.00014000000000000001,0.0,0.0,10306.40602,60.0,387126.9336592688,0.0,251507.33911687037,638634.2727761392,387380.18249174627,0.0,252462.27472822997,639842.4572199762
678,10304.60443,0.002065,0.0,0.0,10304.602364999999,60.0,387126.9336592688,0.0,251507.33911687037,638634.2727761392,387380.18249174627,0.0,252462.27472822997,639842.4572199762
679,10302.80271,0.010539,45.4545454545455,0.0,10348.246716454545,100.0,387126.9336592688,0.0,251507.33911687037,638634.2727761392,387380.18249174627,0.0,252462.27472822997,639842.4572199762
680,10301.09224,0.019861,100.0,0.0,10401.072379,188.0,387126.9336592688,0.0,251507.33911687037,638634.2727761392,387380.18249174627,0.0,252462.27472822997,639842.4572199762
681,10299.4907,0.026887,100.0,0.0,10399.463813,276.0,387126.9336592688,0.0,251507.33911687037,638634.2727761392,387380.18249174627,0.0,252462.27472822997,639842.4572199762
682,10297.88917,0.031764,100.0,0.0,10397.857406000001,364.0,387126.9336592688,0.0,251507.33911687037,638634.2727761392,387380.18249174627,0.0,252462.27472822997,639842.4572199762
683,10296.28763,0.034527,100.0,0.0,10396.253103000001,452.0,387126.9336592688,0.0,251507.33911687037,638634.2727761392,387380.18249174627,0.0,252462.27472822997,639842.4572199762
684,10294.6861,0.0344,100.0,0.0,10394.6517,540.0,387126.9336592688,0.0,251507.33911687037,638634.2727761392,387380.18249174627,0.0,252462.27472822997,639842.4572199762
685,10293.0238,0.032792,0.0,100.0,10192.991008,440.0,387126.9336592688,0.0,251507.33911687037,638634.2727761392,387380.18249174627,0.0,252462.27472822997,639842.4572199762
686,10291.22207,0.026353,0.0,100.0,10191.195717,340.0,387126.9336592688,0.0,251507.33911687037,638634.2727761392,387380.18249174627,0.0,252462.27472822997,639842.4572199762
687,10289.42034,0.007222000000000001,0.0,100.0,10189.413118,240.0,387126.9336592688,0.0,251507.33911687037,638634.2727761392,387380.18249174627,0.0,252462.27472822997,639842.4572199762
688,10287.61861,0.009267,0.0,100.0,10187.609343,140.0,387126.9336592688,0.0,251507.33911687037,638634.2727761392,387380.18249174627,0.0,252462.27472822997,639842.4572199762
689,10285.81688,0.005077,0.0,80.0,10205.811803,60.0,387126.9336592688,0.0,251507.33911687037,638634.2727761392,387380.18249174627,0.0,252462.27472822997,639842.4572199762
690,10284.01515,0.000762,0.0,0.0,10284.014388,60.0,387126.9336592688,0.0,251507.33911687037,638634.2727761392,387380.18249174627,0.0,252462.27472822997,639842.4572199762
691,10282.21342,0.0,0.0,0.0,10282.21342,60.0,387126.9336592688,0.0,251507.33911687037,638634.2727761392,387380.18249174627,0.0,252462.27472822997,639842.4572199762
692,10280.4117,0.0,0.0,0.0,10280.4117,60.0,387126.9336592688,0.0,251507.33911687037,638634.2727761392,387380.18249174627,0.0,252462.27472822997,639842.4572199762
693,10278.60997,0.0,0.0,0.0,10278.60997,60.0,387126.9336592688,0.0,251507.33911687037,638634.2727761392,387380.18249174627,0.0,252462.27472822997,639842.4572199762
694,10276.80824,0.0,0.0,0.0,10276.80824,60.0,387126.9336592688,0.0,251507.33911687037,638634.2727761392,387380.18249174627,0.0,252462.27472822997,639842.4572199762
695,10275.00651,0.0,0.0,0.0,10275.00651,60.0,387126.9336592688,0.0,251507.33911687037,638634.2727761392,387380.18249174627,0.0,252462.27472822997,639842.4572199762
696,10274.00461,0.0,0.0,0.0,10274.00461,60.0,387126.9336592688,0.0,251507.33911687037,638634.2727761392,387380.18249174627,0.0,252462.27472822997,639842.4572199762
697,10273.00365,0.0,0.0,0.0,10273.00365,60.0,387126.9336592688,0.0,251507.33911687037,638634.2727761392,387380.18249174627,0.0,252462.27472822997,639842.4572199762
698,10272.00269,0.0,0.0,0.0,10272.00269,60.0,387126.9336592688,0.0,251507.33911687037,638634.2727761392,387380.18249174627,0.0,252462.27472822997,639842.4572199762
699,10271.00173,0.0,0.0,0.0,10271.00173,60.0,387126.9336592688,0.0,251507.33911687037,638634.2727761392,387380.18249174627,0.0,252462.27472822997,639842.4572199762
700,10270.00077,0.0,0.0,0.0,10270.00077,60.0,387126.9336592688,0.0,251507.33911687037,638634.2727761392,387380.18249174627,0.0,252462.27472822997,639842.4572199762
701,10268.99981,0.00014199999999999998,0.0,0.0,10268.999667999999,60.0,387126.9336592688,0.0,251507.33911687037,638634.2727761392,387380.18249174627,0.0,252462.27472822997,639842.4572199762
702,10267.99885,0.002057,0.0,0.0,10267.996793,60.0,387126.9336592688,0.0,251507.33911687037,638634.2727761392,387380.18249174627,0.0,252462.27472822997,639842.4572199762
703,10266.99789,0.010581,45.4545454545455,0.0,10312.441854454546,100.0,387126.9336592688,0.0,251507.33911687037,638634.2727761392,387380.18249174627,0.0,252462.27472822997,639842.4572199762
704,10265.99693,0.019672000000000002,100.0,0.0,10365.977257999999,188.0,387126.9336592688,0.0,251507.33911687037,638634.2727761392,387380.18249174627,0.0,252462.27472822997,639842.4572199762
705,10264.99597,0.027056999999999998,100.0,0.0,10364.968913,276.0,387126.9336592688,0.0,251507.33911687037,638634.2727761392,387380.18249174627,0.0,252462.27472822997,639842.4572199762
706,10263.57814,0.032284999999999994,100.0,0.0,10363.545855,364.0,387126.9336592688,0.0,251507.33911687037,638634.2727761392,387380.18249174627,0.0,252462.27472822997,639842.4572199762
707,10261.9766,0.035206,100.0,0.0,10361.941394,452.0,387126.9336592688,0.0,251507.33911687037,638634.2727761392,387380.18249174627,0.0,252462.27472822997,639842.4572199762
708,10260.37506,0.033781,100.0,0.0,10360.341279,540.0,387126.9336592688,0.0,251507.33911687037,638634.2727761392,387380.18249174627,0.0,252462.27472822997,639842.4572199762
709,10258.77353,0.032955,0.0,100.0,10158.740575,440.0,387126.9336592688,0.0,251507.33911687037,638634.2727761392,387380.18249174627,0.0,252462.27472822997,639842.4572199762
710,10257.17199,0.028408000000000003,0.0,100.0,10157.143582,340.0,387126.9336592688,0.0,251507.33911687037,638634.2727761392,387380.18249174627,0.0,252462.27472822997,639842.4572199762
711,10256.11274,0.023119,0.0,100.0,10156.089621000001,240.0,387126.9336592688,0.0,251507.33911687037,638634.2727761392,387380.18249174627,0.0,252462.27472822997,639842.4572199762
712,10255.51216,0.013819000000000001,0.0,100.0,10155.498341,140.0,387126.9336592688,0.0,251507.33911687037,638634.2727761392,387380.18249174627,0.0,252462.27472822997,639842.4572199762
713,10254.91159,0.004264,0.0,80.0,10174.907326,60.0,387126.9336592688,0.0,251507.33911687037,638634.2727761392,387380.18249174627,0.0,252462.27472822997,639842.4572199762
714,10254.31101,0.000615,0.0,0.0,10254.310394999999,60.0,387126.9336592688,0.0,251507.33911687037,638634.2727761392,387380.18249174627,0.0,252462.27472822997,639842.4572199762
715,10253.71043,0.0,0.0,0.0,10253.71043,60.0,387126.9336592688,0.0,251507.33911687037,638634.2727761392,387380.18249174627,0.0,252462.27472822997,639842.4572199762
716,10252.95394,0.0,0.0,0.0,10252.95394,60.0,387126.9336592688,0.0,251507.33911687037,638634.2727761392,387380.18249174627,0.0,252462.27472822997,639842.4572199762
717,10251.95298,0.0,0.0,0.0,10251.95298,60.0,387126.9336592688,0.0,251507.33911687037,638634.2727761392,387380.18249174627,0.0,252462.27472822997,639842.4572199762
718,10250.95202,0.0,0.0,0.0,10250.95202,60.0,387126.9336592688,0.0,251507.33911687037,638634.2727761392,387380.18249174627,0.0,252462.27472822997,639842.4572199762
719,10249.95106,0.0,0.0,0.0,10249.95106,60.0,387126.9336592688,0.0,251507.33911687037,638634.2727761392,387380.18249174627,0.0,252462.27472822997,639842.4572199762
720,10248.9501,0.0,0.0,0.0,10248.9501,60.0,387126.9336592688,0.0,251507.33911687037,638634.2727761392,387380.18249174627,0.0,252462.27472822997,639842.4572199762
721,10247.94914,0.0,0.0,0.0,10247.94914,60.0,387126.9336592688,0.0,251507.33911687037,638634.2727761392,387380.18249174627,0.0,252462.27472822997,639842.4572199762
722,10246.94818,0.0,0.0,0.0,10246.94818,60.0,387126.9336592688,0.0,251507.33911687037,638634.2727761392,387380.18249174627,0.0,252462.27472822997,639842.4572199762
723,10245.94722,0.0,0.0,0.0,10245.94722,60.0,387126.9336592688,0.0,251507.33911687037,638634.2727761392,387380.18249174627,0.0,252462.27472822997,639842.4572199762
724,10244.94626,0.0,0.0,0.0,10244.94626,60.0,387126.9336592688,0.0,251507.33911687037,638634.2727761392,387380.18249174627,0.0,252462.27472822997,639842.4572199762
725,10243.9453,0.000152,0.0,0.0,10243.945147999999,60.0,387126.9336592688,0.0,251507.33911687037,638634.2727761392,387380.18249174627,0.0,252462.27472822997,639842.4572199762
726,10242.9613,0.002296,0.0,0.0,10242.959004,60.0,387126.9336592688,0.0,251507.33911687037,638634.2727761392,387380.18249174627,0.0,252462.27472822997,639842.4572199762
727,10242.16053,0.011773,45.4545454545455,0.0,10287.603302454545,100.0,387126.9336592688,0.0,251507.33911687037,638634.2727761392,387380.18249174627,0.0,252462.27472822997,639842.4572199762
728,10241.35976,0.014192,100.0,0.0,10341.345567999999,188.0,387126.9336592688,0.0,251507.33911687037,638634.2727761392,387380.18249174627,0.0,252462.27472822997,639842.4572199762
729,10240.559,0.018827000000000003,100.0,0.0,10340.540173,276.0,387126.9336592688,0.0,251507.33911687037,638634.2727761392,387380.18249174627,0.0,252462.27472822997,639842.4572199762
730,10239.75823,0.027249,100.0,0.0,10339.730980999999,364.0,387126.9336592688,0.0,251507.33911687037,638634.2727761392,387380.18249174627,0.0,252462.27472822997,639842.4572199762
731,10238.95746,0.015807,100.0,0.0,10338.941653,452.0,387126.9336592688,0.0,251507.33911687037,638634.2727761392,387380.18249174627,0.0,252462.27472822997,639842.4572199762
732,10237.78339,0.020131,100.0,0.0,10337.763259000001,540.0,387126.9336592688,0.0,251507.33911687037,638634.2727761392,387380.18249174627,0.0,252462.27472822997,639842.4572199762
733,10236.58224,0.025595,0.0,100.0,10136.556645,440.0,387126.9336592688,0.0,251507.33911687037,638634.2727761392,387380.18249174627,0.0,252462.27472822997,639842.4572199762
734,10235.38109,0.029113,0.0,100.0,10135.351977,340.0,387126.9336592688,0.0,251507.33911687037,638634.2727761392,387380.18249174627,0.0,252462.27472822997,639842.4572199762
735,10234.17993,0.024411000000000002,0.0,100.0,10134.155519,240.0,387126.9336592688,0.0,251507.33911687037,638634.2727761392,387380.18249174627,0.0,252462.27472822997,639842.4572199762
736,10232.97878,0.017816,0.0,100.0,10132.960964,140.0,387126.9336592688,0.0,251507.33911687037,638634.2727761392,387380.18249174627,0.0,252462.27472822997,639842.4572199762
737,10232.71453,0.002401,0.0,80.0,10152.712129,60.0,387126.9336592688,0.0,251507.33911687037,638634.2727761392,387380.18249174627,0.0,252462.27472822997,639842.4572199762
738,10232.71453,0.0,0.0,0.0,10232.71453,60.0,387126.9336592688,0.0,251507.33911687037,638634.2727761392,387380.18249174627,0.0,252462.27472822997,639842.4572199762
739,10232.71453,0.0,0.0,0.0,10232.71453,60.0,387126.9336592688,0.0,251507.33911687037,638634.2727761392,387380.18249174627,0.0,252462.27472822997,639842.4572199762
740,10232.71453,0.0,0.0,0.0,10232.71453,60.0,387126.9336592688,0.0,251507.33911687037,638634.2727761392,387380.18249174627,0.0,252462.27472822997,639842.4572199762
741,10232.71453,0.0,100.0,0.0,10332.71453,148.0,387126.9336592688,0.0,251507.33911687037,638634.2727761392,387380.18249174627,0.0,252462.27472822997,639842.4572199762
742,10233.09148,0.0,100.0,0.0,10333.09148,236.0,387126.9336592688,0.0,251507.33911687037,638634.2727761392,387380.18249174627,0.0,252462.27472822997,639842.4572199762
743,10233.69205,0.0,72.7272727272727,0.0,10306.419322727272,300.0,387126.9336592688,0.0,251507.33911687037,638634.2727761392,387380.18249174627,0.0,252462.27472822997,639842.4572199762
