time,Pload,Ppv,Pcharge,Pdischarge,Ptotal,state of charge,energy_charge_with_es,nem_charge_with_es,demand_charge_with_es,total_bill_with_es,energy_charge_without_es,nem_charge_without_es,demand_charge_without_es,total_bill_without_es
0,9712.371952,0.0,0.0,0.0,9712.371952,2000.0,356237.88627127686,0.0,236608.77019457956,592846.6564658564,357773.1099148511,0.0,242670.78990917,600443.8998240212
1,9711.571184,0.0,0.0,0.0,9711.571184,2000.0,356237.88627127686,0.0,236608.77019457956,592846.6564658564,357773.1099148511,0.0,242670.78990917,600443.8998240212
2,9710.770416,0.0,0.0,0.0,9710.770416,2000.0,356237.88627127686,0.0,236608.77019457956,592846.6564658564,357773.1099148511,0.0,242670.78990917,600443.8998240212
3,9709.969647,0.0,0.0,0.0,9709.969647,2000.0,356237.88627127686,0.0,236608.77019457956,592846.6564658564,357773.1099148511,0.0,242670.78990917,600443.8998240212
4,9710.806215,0.0,0.0,0.0,9710.806215,2000.0,356237.88627127686,0.0,236608.77019457956,592846.6564658564,357773.1099148511,0.0,242670.78990917,600443.8998240212
5,9712.207559,0.000988,0.0,0.0,9712.206571,2000.0,356237.88627127686,0.0,236608.77019457956,592846.6564658564,357773.1099148511,0.0,242670.78990917,600443.8998240212
6,9713.608903,0.004655,0.0,0.0,9713.604248,2000.0,356237.88627127686,0.0,236608.77019457956,592846.6564658564,357773.1099148511,0.0,242670.78990917,600443.8998240212
7,9715.010248,0.009658,0.0,0.0,9715.00059,2000.0,356237.88627127686,0.0,236608.77019457956,592846.6564658564,357773.1099148511,0.0,242670.78990917,600443.8998240212
8,9716.411592,0.019274000000000003,0.0,0.0,9716.392318,2000.0,356237.88627127686,0.0,236608.77019457956,592846.6564658564,357773.1099148511,0.0,242670.78990917,600443.8998240212
9,9717.339541,0.012917999999999999,0.0,0.0,9717.326622999999,2000.0,356237.88627127686,0.0,236608.77019457956,592846.6564658564,357773.1099148511,0.0,242670.78990917,600443.8998240212
10,9717.940117,0.028014,0.0,0.0,9717.912103,2000.0,356237.88627127686,0.0,236608.77019457956,592846.6564658564,357773.1099148511,0.0,242670.78990917,600443.8998240212
11,9718.540693,0.033493,0.0,0.0,9718.5072,2000.0,356237.88627127686,0.0,236608.77019457956,592846.6564658564,357773.1099148511,0.0,242670.78990917,600443.8998240212
12,9719.141269,0.034891,0.0,0.0,9719.106378,2000.0,356237.88627127686,0.0,236608.77019457956,592846.6564658564,357773.1099148511,0.0,242670.78990917,600443.8998240212
13,9719.741845,0.037104,0.0,0.0,9719.704741,2000.0,356237.88627127686,0.0,236608.77019457956,592846.6564658564,357773.1099148511,0.0,242670.78990917,600443.8998240212
14,9720.51812,0.019699,0.0,0.0,9720.498421,2000.0,356237.88627127686,0.0,236608.77019457956,592846.6564658564,357773.1099148511,0.0,242670.78990917,600443.8998240212
15,9721.51908,0.003812,0.0,0.0,9721.515268,2000.0,356237.88627127686,0.0,236608.77019457956,592846.6564658564,357773.1099148511,0.0,242670.78990917,600443.8998240212
16,9722.52004,0.000833,0.0,0.0,9722.519207,2000.0,356237.88627127686,0.0,236608.77019457956,592846.6564658564,357773.1099148511,0.0,242670.78990917,600443.8998240212
17,9723.521,0.000298,0.0,0.0,9723.520702,2000.0,356237.88627127686,0.0,236608.77019457956,592846.6564658564,357773.1099148511,0.0,242670.78990917,600443.8998240212
18,9724.52196,6e-05,0.0,0.0,9724.5219,2000.0,356237.88627127686,0.0,236608.77019457956,592846.6564658564,357773.1099148511,0.0,242670.78990917,600443.8998240212
19,9725.350873,0.0,0.0,0.0,9725.350873,2000.0,356237.88627127686,0.0,236608.77019457956,592846.6564658564,357773.1099148511,0.0,242670.78990917,600443.8998240212
20,9725.751257,0.0,0.0,0.0,9725.751257,2000.0,356237.88627127686,0.0,236608.77019457956,592846.6564658564,357773.1099148511,0.0,242670.78990917,600443.8998240212
21,9726.151641,0.0,0.0,0.0,9726.151641,2000.0,356237.88627127686,0.0,236608.77019457956,592846.6564658564,357773.1099148511,0.0,242670.78990917,600443.8998240212
22,9726.552026,0.0,0.0,0.0,9726.552026,2000.0,356237.88627127686,0.0,236608.77019457956,592846.6564658564,357773.1099148511,0.0,242670.78990917,600443.8998240212
23,9726.95241,0.0,0.0,0.0,9726.95241,2000.0,356237.88627127686,0.0,236608.77019457956,592846.6564658564,357773.1099148511,0.0,242670.78990917,600443.8998240212
24,9727.325944,0.0,0.0,0.0,9727.325944,2000.0,356237.88627127686,0.0,236608.77019457956,592846.6564658564,357773.1099148511,0.0,242670.78990917,600443.8998240212
25,9727.526136,0.0,0.0,0.0,9727.526136,2000.0,356237.88627127686,0.0,236608.77019457956,592846.6564658564,357773.1099148511,0.0,242670.78990917,600443.8998240212
26,9727.726328,0.0,0.0,0.0,9727.726328,2000.0,356237.88627127686,0.0,236608.77019457956,592846.6564658564,357773.1099148511,0.0,242670.78990917,600443.8998240212
27,9727.926521,0.0,0.0,0.0,9727.926521,2000.0,356237.88627127686,0.0,236608.77019457956,592846.6564658564,357773.1099148511,0.0,242670.78990917,600443.8998240212
28,9728.126713,0.0,0.0,0.0,9728.126713,2000.0,356237.88627127686,0.0,236608.77019457956,592846.6564658564,357773.1099148511,0.0,242670.78990917,600443.8998240212
29,9728.326905,0.000374,0.0,0.0,9728.326531,2000.0,356237.88627127686,0.0,236608.77019457956,592846.6564658564,357773.1099148511,0.0,242670.78990917,600443.8998240212
30,9728.330555,0.004609,0.0,0.0,9728.325946,2000.0,356237.88627127686,0.0,236608.77019457956,592846.6564658564,357773.1099148511,0.0,242670.78990917,600443.8998240212
31,9728.330555,0.010061,0.0,0.0,9728.320494,2000.0,356237.88627127686,0.0,236608.77019457956,592846.6564658564,357773.1099148511,0.0,242670.78990917,600443.8998240212
32,9728.330555,0.020307,0.0,0.0,9728.310248,2000.0,356237.88627127686,0.0,236608.77019457956,592846.6564658564,357773.1099148511,0.0,242670.78990917,600443.8998240212
33,9728.330555,0.024981000000000003,0.0,0.0,9728.305574,2000.0,356237.88627127686,0.0,236608.77019457956,592846.6564658564,357773.1099148511,0.0,242670.78990917,600443.8998240212
34,9728.330555,0.031986,0.0,0.0,9728.298569,2000.0,356237.88627127686,0.0,236608.77019457956,592846.6564658564,357773.1099148511,0.0,242670.78990917,600443.8998240212
35,9728.496597,0.027403,0.0,0.0,9728.469194,2000.0,356237.88627127686,0.0,236608.77019457956,592846.6564658564,357773.1099148511,0.0,242670.78990917,600443.8998240212
36,9728.696789,0.021929,0.0,0.0,9728.67486,2000.0,356237.88627127686,0.0,236608.77019457956,592846.6564658564,357773.1099148511,0.0,242670.78990917,600443.8998240212
37,9728.896981,0.021931000000000003,0.0,0.0,9728.87505,2000.0,356237.88627127686,0.0,236608.77019457956,592846.6564658564,357773.1099148511,0.0,242670.78990917,600443.8998240212
38,9729.097173,0.025808,0.0,0.0,9729.071365,2000.0,356237.88627127686,0.0,236608.77019457956,592846.6564658564,357773.1099148511,0.0,242670.78990917,600443.8998240212
39,9729.297365,0.019952,0.0,0.0,9729.277413,2000.0,356237.88627127686,0.0,236608.77019457956,592846.6564658564,357773.1099148511,0.0,242670.78990917,600443.8998240212
40,9729.633099,0.00781,0.0,0.0,9729.625289000001,2000.0,356237.88627127686,0.0,236608.77019457956,592846.6564658564,357773.1099148511,0.0,242670.78990917,600443.8998240212
41,9730.033483,0.0046630000000000005,0.0,0.0,9730.02882,2000.0,356237.88627127686,0.0,236608.77019457956,592846.6564658564,357773.1099148511,0.0,242670.78990917,600443.8998240212
42,9730.433867,0.001131,0.0,0.0,9730.432735999999,2000.0,356237.88627127686,0.0,236608.77019457956,592846.6564658564,357773.1099148511,0.0,242670.78990917,600443.8998240212
43,9730.834251,0.0,0.0,0.0,9730.834251,2000.0,356237.88627127686,0.0,236608.77019457956,592846.6564658564,357773.1099148511,0.0,242670.78990917,600443.8998240212
44,9731.234635,0.0,0.0,0.0,9731.234635,2000.0,356237.88627127686,0.0,236608.77019457956,592846.6564658564,357773.1099148511,0.0,242670.78990917,600443.8998240212
45,9731.740061,0.0,0.0,0.0,9731.740061,2000.0,356237.88627127686,0.0,236608.77019457956,592846.6564658564,357773.1099148511,0.0,242670.78990917,600443.8998240212
46,9732.340637,0.0,0.0,0.0,9732.340637,2000.0,356237.88627127686,0.0,236608.77019457956,592846.6564658564,357773.1099148511,0.0,242670.78990917,600443.8998240212
47,9732.941213,0.0,0.0,0.0,9732.941213,2000.0,356237.88627127686,0.0,236608.77019457956,592846.6564658564,357773.1099148511,0.0,242670.78990917,600443.8998240212
48,9733.54179,0.0,0.0,0.0,9733.54179,2000.0,356237.88627127686,0.0,236608.77019457956,592846.6564658564,357773.1099148511,0.0,242670.78990917,600443.8998240212
49,9734.142366,0.0,0.0,0.0,9734.142366,2000.0,356237.88627127686,0.0,236608.77019457956,592846.6564658564,357773.1099148511,0.0,242670.78990917,600443.8998240212
50,9734.742942,0.0,0.0,0.0,9734.742942,2000.0,356237.88627127686,0.0,236608.77019457956,592846.6564658564,357773.1099148511,0.0,242670.78990917,600443.8998240212
51,9735.343518,0.0,0.0,0.0,9735.343518,2000.0,356237.88627127686,0.0,236608.77019457956,592846.6564658564,357773.1099148511,0.0,242670.78990917,600443.8998240212
52,9735.944094,0.0,0.0,0.0,9735.944094,2000.0,356237.88627127686,0.0,236608.77019457956,592846.6564658564,357773.1099148511,0.0,242670.78990917,600443.8998240212
53,9736.54467,0.0007740000000000001,0.0,0.0,9736.543896,2000.0,356237.88627127686,0.0,236608.77019457956,592846.6564658564,357773.1099148511,0.0,242670.78990917,600443.8998240212
54,9737.145246,0.003275,0.0,0.0,9737.141971000001,2000.0,356237.88627127686,0.0,236608.77019457956,592846.6564658564,357773.1099148511,0.0,242670.78990917,600443.8998240212
55,9737.437527,0.012061,0.0,0.0,9737.425466,2000.0,356237.88627127686,0.0,236608.77019457956,592846.6564658564,357773.1099148511,0.0,242670.78990917,600443.8998240212
56,9736.636759,0.020564,711.092918278403,0.0,10447.709113278404,2625.76176808499,356237.88627127686,0.0,236608.77019457956,592846.6564658564,357773.1099148511,0.0,242670.78990917,600443.8998240212
57,9735.83599,0.028671,711.90179427841,0.0,10447.70911327841,3252.23534705,356237.88627127686,0.0,236608.77019457956,592846.6564658564,357773.1099148511,0.0,242670.78990917,600443.8998240212
58,9735.035222,0.03185,0.0,0.0,9735.003372000001,3252.23534705,356237.88627127686,0.0,236608.77019457956,592846.6564658564,357773.1099148511,0.0,242670.78990917,600443.8998240212
59,9734.234454,0.035147,395.187105625009,0.0,10129.386412625008,3600.0,356237.88627127686,0.0,236608.77019457956,592846.6564658564,357773.1099148511,0.0,242670.78990917,600443.8998240212
60,9733.433686,0.032527,0.0,0.0,9733.401159000001,3600.0,356237.88627127686,0.0,236608.77019457956,592846.6564658564,357773.1099148511,0.0,242670.78990917,600443.8998240212
61,9732.632918,0.029009,0.0,1000.0,8732.603909,2600.0,356237.88627127686,0.0,236608.77019457956,592846.6564658564,357773.1099148511,0.0,242670.78990917,600443.8998240212
62,9731.83215,0.010561000000000001,0.0,1000.0,8731.821589000001,1600.0,356237.88627127686,0.0,236608.77019457956,592846.6564658564,357773.1099148511,0.0,242670.78990917,600443.8998240212
63,9731.031381,0.023014,0.0,1000.0,8731.008367,599.999999999999,356237.88627127686,0.0,236608.77019457956,592846.6564658564,357773.1099148511,0.0,242670.78990917,600443.8998240212
64,9730.230613,0.014204000000000001,0.0,199.999999999999,9530.216409000002,400.0,356237.88627127686,0.0,236608.77019457956,592846.6564658564,357773.1099148511,0.0,242670.78990917,600443.8998240212
65,9729.429845,0.004195,0.0,0.0,9729.425650000001,400.0,356237.88627127686,0.0,236608.77019457956,592846.6564658564,357773.1099148511,0.0,242670.78990917,600443.8998240212
66,9728.995546,0.001077,0.0,0.0,9728.994469,400.0,356237.88627127686,0.0,236608.77019457956,592846.6564658564,357773.1099148511,0.0,242670.78990917,600443.8998240212
67,9728.595162,0.0,0.0,0.0,9728.595162,400.0,356237.88627127686,0.0,236608.77019457956,592846.6564658564,357773.1099148511,0.0,242670.78990917,600443.8998240212
68,9728.194778,0.0,0.0,0.0,9728.194778,400.0,356237.88627127686,0.0,236608.77019457956,592846.6564658564,357773.1099148511,0.0,242670.78990917,600443.8998240212
69,9727.794394,0.0,0.0,0.0,9727.794394,400.0,356237.88627127686,0.0,236608.77019457956,592846.6564658564,357773.1099148511,0.0,242670.78990917,600443.8998240212
70,9727.39401,0.0,0.0,0.0,9727.39401,400.0,356237.88627127686,0.0,236608.77019457956,592846.6564658564,357773.1099148511,0.0,242670.78990917,600443.8998240212
71,9726.688156,0.0,0.0,0.0,9726.688156,400.0,356237.88627127686,0.0,236608.77019457956,592846.6564658564,357773.1099148511,0.0,242670.78990917,600443.8998240212
72,9725.887388,0.0,0.0,0.0,9725.887388,400.0,356237.88627127686,0.0,236608.77019457956,592846.6564658564,357773.1099148511,0.0,242670.78990917,600443.8998240212
73,9725.08662,0.0,0.0,0.0,9725.08662,400.0,356237.88627127686,0.0,236608.77019457956,592846.6564658564,357773.1099148511,0.0,242670.78990917,600443.8998240212
74,9724.285852,0.0,0.0,0.0,9724.285852,400.0,356237.88627127686,0.0,236608.77019457956,592846.6564658564,357773.1099148511,0.0,242670.78990917,600443.8998240212
75,9723.485083,0.0,0.0,0.0,9723.485083,400.0,356237.88627127686,0.0,236608.77019457956,592846.6564658564,357773.1099148511,0.0,242670.78990917,600443.8998240212
76,9722.439845,0.0,0.0,0.0,9722.439845,400.0,356237.88627127686,0.0,236608.77019457956,592846.6564658564,357773.1099148511,0.0,242670.78990917,600443.8998240212
77,9721.238693,0.0013720000000000002,0.0,0.0,9721.237320999999,400.0,356237.88627127686,0.0,236608.77019457956,592846.6564658564,357773.1099148511,0.0,242670.78990917,600443.8998240212
78,9720.037541,0.0048460000000000005,0.0,0.0,9720.032695,400.0,356237.88627127686,0.0,236608.77019457956,592846.6564658564,357773.1099148511,0.0,242670.78990917,600443.8998240212
79,9718.836389,0.010776,0.0,0.0,9718.825613,400.0,356237.88627127686,0.0,236608.77019457956,592846.6564658564,357773.1099148511,0.0,242670.78990917,600443.8998240212
80,9717.635236,0.018468000000000002,703.965495249998,0.0,10421.582263249999,1019.48963582,356237.88627127686,0.0,236608.77019457956,592846.6564658564,357773.1099148511,0.0,242670.78990917,600443.8998240212
81,9716.434084,0.023346000000000002,731.298375278409,0.0,10447.70911327841,1663.032206065,356237.88627127686,0.0,236608.77019457956,592846.6564658564,357773.1099148511,0.0,242670.78990917,600443.8998240212
82,9715.232932,0.019339,732.495520278409,0.0,10447.70911327841,2307.62826391,356237.88627127686,0.0,236608.77019457956,592846.6564658564,357773.1099148511,0.0,242670.78990917,600443.8998240212
83,9714.03178,0.022466,733.699799278411,0.0,10447.70911327841,2953.284087275,356237.88627127686,0.0,236608.77019457956,592846.6564658564,357773.1099148511,0.0,242670.78990917,600443.8998240212
84,9712.830627,0.02596,734.904446278411,0.0,10447.70911327841,3600.0,356237.88627127686,0.0,236608.77019457956,592846.6564658564,357773.1099148511,0.0,242670.78990917,600443.8998240212
85,9711.629475,0.020794,0.0,1000.0,8711.608681,2600.0,356237.88627127686,0.0,236608.77019457956,592846.6564658564,357773.1099148511,0.0,242670.78990917,600443.8998240212
86,9710.489558,0.019677,0.0,1000.0,8710.469880999999,1600.0,356237.88627127686,0.0,236608.77019457956,592846.6564658564,357773.1099148511,0.0,242670.78990917,600443.8998240212
87,9709.488598,0.005847000000000001,0.0,1000.0,8709.482751,600.0,356237.88627127686,0.0,236608.77019457956,592846.6564658564,357773.1099148511,0.0,242670.78990917,600443.8998240212
88,9708.487638,0.001183,0.0,200.0,9508.486455,400.0,356237.88627127686,0.0,236608.77019457956,592846.6564658564,357773.1099148511,0.0,242670.78990917,600443.8998240212
89,9707.486677,0.00025100000000000003,0.0,0.0,9707.486426000001,400.0,356237.88627127686,0.0,236608.77019457956,592846.6564658564,357773.1099148511,0.0,242670.78990917,600443.8998240212
90,9706.485717,1.7000000000000003e-05,0.0,0.0,9706.4857,400.0,356237.88627127686,0.0,236608.77019457956,592846.6564658564,357773.1099148511,0.0,242670.78990917,600443.8998240212
91,9705.454021,0.0,0.0,0.0,9705.454021,400.0,356237.88627127686,0.0,236608.77019457956,592846.6564658564,357773.1099148511,0.0,242670.78990917,600443.8998240212
92,9704.252869,0.0,0.0,0.0,9704.252869,400.0,356237.88627127686,0.0,236608.77019457956,592846.6564658564,357773.1099148511,0.0,242670.78990917,600443.8998240212
93,9703.051717,0.0,0.0,0.0,9703.051717,400.0,356237.88627127686,0.0,236608.77019457956,592846.6564658564,357773.1099148511,0.0,242670.78990917,600443.8998240212
94,9701.850565,0.0,0.0,0.0,9701.850565,400.0,356237.88627127686,0.0,236608.77019457956,592846.6564658564,357773.1099148511,0.0,242670.78990917,600443.8998240212
95,9700.649412,0.0,0.0,0.0,9700.649412,400.0,356237.88627127686,0.0,236608.77019457956,592846.6564658564,357773.1099148511,0.0,242670.78990917,600443.8998240212
96,9699.448967,0.0,0.0,0.0,9699.448967,400.0,356237.88627127686,0.0,236608.77019457956,592846.6564658564,357773.1099148511,0.0,242670.78990917,600443.8998240212
97,9698.848391,0.0,0.0,0.0,9698.848391,400.0,356237.88627127686,0.0,236608.77019457956,592846.6564658564,357773.1099148511,0.0,242670.78990917,600443.8998240212
98,9698.247814,0.0,0.0,0.0,9698.247814,400.0,356237.88627127686,0.0,236608.77019457956,592846.6564658564,357773.1099148511,0.0,242670.78990917,600443.8998240212
99,9697.647238,0.0,0.0,0.0,9697.647238,400.0,356237.88627127686,0.0,236608.77019457956,592846.6564658564,357773.1099148511,0.0,242670.78990917,600443.8998240212
100,9697.046662,0.0,0.0,0.0,9697.046662,400.0,356237.88627127686,0.0,236608.77019457956,592846.6564658564,357773.1099148511,0.0,242670.78990917,600443.8998240212
101,9696.446086,0.000872,0.0,0.0,9696.445214,400.0,356237.88627127686,0.0,236608.77019457956,592846.6564658564,357773.1099148511,0.0,242670.78990917,600443.8998240212
102,9695.675582,0.0034070000000000003,0.0,0.0,9695.672175,400.0,356237.88627127686,0.0,236608.77019457956,592846.6564658564,357773.1099148511,0.0,242670.78990917,600443.8998240212
103,9694.874814,0.007426,0.0,0.0,9694.867388,400.0,356237.88627127686,0.0,236608.77019457956,592846.6564658564,357773.1099148511,0.0,242670.78990917,600443.8998240212
104,9694.074046,0.006609,614.247789249998,0.0,10308.315226249997,940.538054539999,356237.88627127686,0.0,236608.77019457956,592846.6564658564,357773.1099148511,0.0,242670.78990917,600443.8998240212
105,9693.273278,0.008447,754.444282278409,0.0,10447.70911327841,1604.449022945,356237.88627127686,0.0,236608.77019457956,592846.6564658564,357773.1099148511,0.0,242670.78990917,600443.8998240212
106,9692.472509,0.011210000000000001,755.247814278411,0.0,10447.70911327841,2269.06709951,356237.88627127686,0.0,236608.77019457956,592846.6564658564,357773.1099148511,0.0,242670.78990917,600443.8998240212
107,9691.811169,0.013286,755.911230278409,0.0,10447.70911327841,2934.268982155,356237.88627127686,0.0,236608.77019457956,592846.6564658564,357773.1099148511,0.0,242670.78990917,600443.8998240212
108,9691.210593,0.014,756.512520278409,0.0,10447.70911327841,3600.0,356237.88627127686,0.0,236608.77019457956,592846.6564658564,357773.1099148511,0.0,242670.78990917,600443.8998240212
109,9690.610017,0.019365,0.0,1000.0,8690.590652,2600.0,356237.88627127686,0.0,236608.77019457956,592846.6564658564,357773.1099148511,0.0,242670.78990917,600443.8998240212
110,9690.009441,0.011869999999999999,0.0,1000.0,8689.997571,1600.0,356237.88627127686,0.0,236608.77019457956,592846.6564658564,357773.1099148511,0.0,242670.78990917,600443.8998240212
111,9689.408865,0.010478,0.0,1000.0,8689.398387,600.0,356237.88627127686,0.0,236608.77019457956,592846.6564658564,357773.1099148511,0.0,242670.78990917,600443.8998240212
112,9688.808288,0.011452,0.0,200.0,9488.796836,400.0,356237.88627127686,0.0,236608.77019457956,592846.6564658564,357773.1099148511,0.0,242670.78990917,600443.8998240212
113,9688.207712,0.00475,0.0,0.0,9688.202962,400.0,356237.88627127686,0.0,236608.77019457956,592846.6564658564,357773.1099148511,0.0,242670.78990917,600443.8998240212
114,9687.607136,0.001975,0.0,0.0,9687.605161000001,400.0,356237.88627127686,0.0,236608.77019457956,592846.6564658564,357773.1099148511,0.0,242670.78990917,600443.8998240212
115,9687.00656,0.0,0.0,0.0,9687.00656,400.0,356237.88627127686,0.0,236608.77019457956,592846.6564658564,357773.1099148511,0.0,242670.78990917,600443.8998240212
116,9686.405984,0.0,0.0,0.0,9686.405984,400.0,356237.88627127686,0.0,236608.77019457956,592846.6564658564,357773.1099148511,0.0,242670.78990917,600443.8998240212
117,9685.962264,0.0,0.0,0.0,9685.962264,400.0,356237.88627127686,0.0,236608.77019457956,592846.6564658564,357773.1099148511,0.0,242670.78990917,600443.8998240212
118,9685.762072,0.0,0.0,0.0,9685.762072,400.0,356237.88627127686,0.0,236608.77019457956,592846.6564658564,357773.1099148511,0.0,242670.78990917,600443.8998240212
119,9685.56188,0.0,0.0,0.0,9685.56188,400.0,356237.88627127686,0.0,236608.77019457956,592846.6564658564,357773.1099148511,0.0,242670.78990917,600443.8998240212
120,9685.361688,0.0,0.0,0.0,9685.361688,400.0,356237.88627127686,0.0,236608.77019457956,592846.6564658564,357773.1099148511,0.0,242670.78990917,600443.8998240212
121,9685.161496,0.0,0.0,0.0,9685.161496,400.0,356237.88627127686,0.0,236608.77019457956,592846.6564658564,357773.1099148511,0.0,242670.78990917,600443.8998240212
122,9684.961304,0.0,0.0,0.0,9684.961304,400.0,356237.88627127686,0.0,236608.77019457956,592846.6564658564,357773.1099148511,0.0,242670.78990917,600443.8998240212
123,9684.761112,0.0,0.0,0.0,9684.761112,400.0,356237.88627127686,0.0,236608.77019457956,592846.6564658564,357773.1099148511,0.0,242670.78990917,600443.8998240212
124,9684.56092,0.0,0.0,0.0,9684.56092,400.0,356237.88627127686,0.0,236608.77019457956,592846.6564658564,357773.1099148511,0.0,242670.78990917,600443.8998240212
125,9684.360728,0.001002,0.0,0.0,9684.359725999999,400.0,356237.88627127686,0.0,236608.77019457956,592846.6564658564,357773.1099148511,0.0,242670.78990917,600443.8998240212
126,9684.160536,0.003205,0.0,0.0,9684.157330999999,400.0,356237.88627127686,0.0,236608.77019457956,592846.6564658564,357773.1099148511,0.0,242670.78990917,600443.8998240212
127,9683.942915,0.012265000000000002,0.0,0.0,9683.93065,400.0,356237.88627127686,0.0,236608.77019457956,592846.6564658564,357773.1099148511,0.0,242670.78990917,600443.8998240212
128,9683.542531,0.02149,575.561210249998,0.0,10259.082251249998,906.493865019998,356237.88627127686,0.0,236608.77019457956,592846.6564658564,357773.1099148511,0.0,242670.78990917,600443.8998240212
129,9683.142147,0.028799,764.595765278409,0.0,10447.70911327841,1579.338138465,356237.88627127686,0.0,236608.77019457956,592846.6564658564,357773.1099148511,0.0,242670.78990917,600443.8998240212
130,9682.741763,0.033359,765.000709278409,0.0,10447.70911327841,2252.53876263,356237.88627127686,0.0,236608.77019457956,592846.6564658564,357773.1099148511,0.0,242670.78990917,600443.8998240212
131,9682.341379,0.034879,765.402613278411,0.0,10447.70911327841,2926.093062315,356237.88627127686,0.0,236608.77019457956,592846.6564658564,357773.1099148511,0.0,242670.78990917,600443.8998240212
132,9681.940995,0.03522,765.803338278409,0.0,10447.70911327841,3600.0,356237.88627127686,0.0,236608.77019457956,592846.6564658564,357773.1099148511,0.0,242670.78990917,600443.8998240212
133,9681.914852,0.032344000000000005,0.0,1000.0,8681.882508,2600.0,356237.88627127686,0.0,236608.77019457956,592846.6564658564,357773.1099148511,0.0,242670.78990917,600443.8998240212
134,9681.914852,0.027715,0.0,1000.0,8681.887137,1600.0,356237.88627127686,0.0,236608.77019457956,592846.6564658564,357773.1099148511,0.0,242670.78990917,600443.8998240212
135,9681.914852,0.015617,0.0,1000.0,8681.899235,600.0,356237.88627127686,0.0,236608.77019457956,592846.6564658564,357773.1099148511,0.0,242670.78990917,600443.8998240212
136,9681.914852,0.012266,0.0,200.0,9481.902586,400.0,356237.88627127686,0.0,236608.77019457956,592846.6564658564,357773.1099148511,0.0,242670.78990917,600443.8998240212
137,9681.914852,0.0039380000000000005,0.0,0.0,9681.910914,400.0,356237.88627127686,0.0,236608.77019457956,592846.6564658564,357773.1099148511,0.0,242670.78990917,600443.8998240212
138,9681.758231,0.001391,0.0,0.0,9681.75684,400.0,356237.88627127686,0.0,236608.77019457956,592846.6564658564,357773.1099148511,0.0,242670.78990917,600443.8998240212
139,9681.558039,0.0,0.0,0.0,9681.558039,400.0,356237.88627127686,0.0,236608.77019457956,592846.6564658564,357773.1099148511,0.0,242670.78990917,600443.8998240212
140,9681.357847,0.0,0.0,0.0,9681.357847,400.0,356237.88627127686,0.0,236608.77019457956,592846.6564658564,357773.1099148511,0.0,242670.78990917,600443.8998240212
141,9681.157655,0.0,0.0,0.0,9681.157655,400.0,356237.88627127686,0.0,236608.77019457956,592846.6564658564,357773.1099148511,0.0,242670.78990917,600443.8998240212
142,9680.957463,0.0,0.0,0.0,9680.957463,400.0,356237.88627127686,0.0,236608.77019457956,592846.6564658564,357773.1099148511,0.0,242670.78990917,600443.8998240212
143,9680.883392,0.0,0.0,0.0,9680.883392,400.0,356237.88627127686,0.0,236608.77019457956,592846.6564658564,357773.1099148511,0.0,242670.78990917,600443.8998240212
144,9680.883392,0.0,0.0,0.0,9680.883392,400.0,356237.88627127686,0.0,236608.77019457956,592846.6564658564,357773.1099148511,0.0,242670.78990917,600443.8998240212
145,9680.883392,0.0,0.0,0.0,9680.883392,400.0,356237.88627127686,0.0,236608.77019457956,592846.6564658564,357773.1099148511,0.0,242670.78990917,600443.8998240212
146,9680.883392,0.0,0.0,0.0,9680.883392,400.0,356237.88627127686,0.0,236608.77019457956,592846.6564658564,357773.1099148511,0.0,242670.78990917,600443.8998240212
147,9680.883392,0.0,0.0,0.0,9680.883392,400.0,356237.88627127686,0.0,236608.77019457956,592846.6564658564,357773.1099148511,0.0,242670.78990917,600443.8998240212
148,9680.787771,0.0,0.0,0.0,9680.787771,400.0,356237.88627127686,0.0,236608.77019457956,592846.6564658564,357773.1099148511,0.0,242670.78990917,600443.8998240212
149,9680.587579,0.000959,0.0,0.0,9680.586619999998,400.0,356237.88627127686,0.0,236608.77019457956,592846.6564658564,357773.1099148511,0.0,242670.78990917,600443.8998240212
150,9680.387387,0.002977,0.0,0.0,9680.38441,400.0,356237.88627127686,0.0,236608.77019457956,592846.6564658564,357773.1099148511,0.0,242670.78990917,600443.8998240212
151,9680.187195,0.012096,0.0,0.0,9680.175099,400.0,356237.88627127686,0.0,236608.77019457956,592846.6564658564,357773.1099148511,0.0,242670.78990917,600443.8998240212
152,9679.987003,0.021374,563.351327249992,0.0,10243.316956249992,895.749167979993,356237.88627127686,0.0,236608.77019457956,592846.6564658564,357773.1099148511,0.0,242670.78990917,600443.8998240212
153,9679.786811,0.028334,767.95063627841,0.0,10447.70911327841,1571.54572790499,356237.88627127686,0.0,236608.77019457956,592846.6564658564,357773.1099148511,0.0,242670.78990917,600443.8998240212
154,9679.586619,0.032468000000000004,768.15496227841,0.0,10447.70911327841,2247.52209471,356237.88627127686,0.0,236608.77019457956,592846.6564658564,357773.1099148511,0.0,242670.78990917,600443.8998240212
155,9679.386427,0.033375,768.356061278411,0.0,10447.70911327841,2923.675428635,356237.88627127686,0.0,236608.77019457956,592846.6564658564,357773.1099148511,0.0,242670.78990917,600443.8998240212
156,9679.186235,0.027771,768.55064927841,0.0,10447.70911327841,3600.0,356237.88627127686,0.0,236608.77019457956,592846.6564658564,357773.1099148511,0.0,242670.78990917,600443.8998240212
157,9678.986042,0.024491,0.0,1000.0,8678.961551,2600.0,356237.88627127686,0.0,236608.77019457956,592846.6564658564,357773.1099148511,0.0,242670.78990917,600443.8998240212
158,9678.78585,0.018727,0.0,1000.0,8678.767123,1600.0,356237.88627127686,0.0,236608.77019457956,592846.6564658564,357773.1099148511,0.0,242670.78990917,600443.8998240212
159,9678.585658,0.010085,0.0,1000.0,8678.575573,600.0,356237.88627127686,0.0,236608.77019457956,592846.6564658564,357773.1099148511,0.0,242670.78990917,600443.8998240212
160,9678.385466,0.003335,0.0,200.0,9478.382131,400.0,356237.88627127686,0.0,236608.77019457956,592846.6564658564,357773.1099148511,0.0,242670.78990917,600443.8998240212
161,9678.185274,0.0045910000000000005,0.0,0.0,9678.180682999999,400.0,356237.88627127686,0.0,236608.77019457956,592846.6564658564,357773.1099148511,0.0,242670.78990917,600443.8998240212
162,9677.985082,0.000759,0.0,0.0,9677.984322999999,400.0,356237.88627127686,0.0,236608.77019457956,592846.6564658564,357773.1099148511,0.0,242670.78990917,600443.8998240212
163,9677.789012,0.0,0.0,0.0,9677.789012,400.0,356237.88627127686,0.0,236608.77019457956,592846.6564658564,357773.1099148511,0.0,242670.78990917,600443.8998240212
164,9677.789012,0.0,0.0,0.0,9677.789012,400.0,356237.88627127686,0.0,236608.77019457956,592846.6564658564,357773.1099148511,0.0,242670.78990917,600443.8998240212
165,9677.789012,0.0,0.0,0.0,9677.789012,400.0,356237.88627127686,0.0,236608.77019457956,592846.6564658564,357773.1099148511,0.0,242670.78990917,600443.8998240212
166,9677.789012,0.0,0.0,0.0,9677.789012,400.0,356237.88627127686,0.0,236608.77019457956,592846.6564658564,357773.1099148511,0.0,242670.78990917,600443.8998240212
167,9677.789012,0.0,0.0,0.0,9677.789012,400.0,356237.88627127686,0.0,236608.77019457956,592846.6564658564,357773.1099148511,0.0,242670.78990917,600443.8998240212
168,9677.789012,0.0,0.0,0.0,9677.789012,400.0,356237.88627127686,0.0,236608.77019457956,592846.6564658564,357773.1099148511,0.0,242670.78990917,600443.8998240212
169,9677.615198,0.0,0.0,0.0,9677.615198,400.0,356237.88627127686,0.0,236608.77019457956,592846.6564658564,357773.1099148511,0.0,242670.78990917,600443.8998240212
170,9677.415006,0.0,0.0,0.0,9677.415006,400.0,356237.88627127686,0.0,236608.77019457956,592846.6564658564,357773.1099148511,0.0,242670.78990917,600443.8998240212
171,9677.214814,0.0,0.0,0.0,9677.214814,400.0,356237.88627127686,0.0,236608.77019457956,592846.6564658564,357773.1099148511,0.0,242670.78990917,600443.8998240212
172,9677.014622,0.0,0.0,0.0,9677.014622,400.0,356237.88627127686,0.0,236608.77019457956,592846.6564658564,357773.1099148511,0.0,242670.78990917,600443.8998240212
173,9676.81443,0.000444,0.0,0.0,9676.813986000001,400.0,356237.88627127686,0.0,236608.77019457956,592846.6564658564,357773.1099148511,0.0,242670.78990917,600443.8998240212
174,9676.757552,0.001462,0.0,0.0,9676.756089999999,400.0,356237.88627127686,0.0,236608.77019457956,592846.6564658564,357773.1099148511,0.0,242670.78990917,600443.8998240212
175,9676.757552,0.002444,0.0,0.0,9676.755108,400.0,356237.88627127686,0.0,236608.77019457956,592846.6564658564,357773.1099148511,0.0,242670.78990917,600443.8998240212
176,9676.757552,0.0024860000000000004,0.0,0.0,9676.755066,400.0,356237.88627127686,0.0,236608.77019457956,592846.6564658564,357773.1099148511,0.0,242670.78990917,600443.8998240212
177,9676.757552,0.026725000000000002,0.0,0.0,9676.730827,400.0,356237.88627127686,0.0,236608.77019457956,592846.6564658564,357773.1099148511,0.0,242670.78990917,600443.8998240212
178,9676.757552,0.024124,0.0,0.0,9676.733428,400.0,356237.88627127686,0.0,236608.77019457956,592846.6564658564,357773.1099148511,0.0,242670.78990917,600443.8998240212
179,9676.870366,0.004318,0.0,0.0,9676.866048,400.0,356237.88627127686,0.0,236608.77019457956,592846.6564658564,357773.1099148511,0.0,242670.78990917,600443.8998240212
180,9677.070558,0.00774,0.0,0.0,9677.062818,400.0,356237.88627127686,0.0,236608.77019457956,592846.6564658564,357773.1099148511,0.0,242670.78990917,600443.8998240212
181,9677.27075,0.005124,0.0,0.0,9677.265626,400.0,356237.88627127686,0.0,236608.77019457956,592846.6564658564,357773.1099148511,0.0,242670.78990917,600443.8998240212
182,9677.470942,0.002716,0.0,0.0,9677.468225999999,400.0,356237.88627127686,0.0,236608.77019457956,592846.6564658564,357773.1099148511,0.0,242670.78990917,600443.8998240212
183,9677.671134,0.002095,0.0,0.0,9677.669039,400.0,356237.88627127686,0.0,236608.77019457956,592846.6564658564,357773.1099148511,0.0,242670.78990917,600443.8998240212
184,9678.035955,0.001855,0.0,0.0,9678.034099999999,400.0,356237.88627127686,0.0,236608.77019457956,592846.6564658564,357773.1099148511,0.0,242670.78990917,600443.8998240212
185,9678.636531,0.00022,0.0,0.0,9678.636311,400.0,356237.88627127686,0.0,236608.77019457956,592846.6564658564,357773.1099148511,0.0,242670.78990917,600443.8998240212
186,9679.237107,6.2e-05,0.0,0.0,9679.237045000002,400.0,356237.88627127686,0.0,236608.77019457956,592846.6564658564,357773.1099148511,0.0,242670.78990917,600443.8998240212
187,9679.837683,0.0,0.0,0.0,9679.837683,400.0,356237.88627127686,0.0,236608.77019457956,592846.6564658564,357773.1099148511,0.0,242670.78990917,600443.8998240212
188,9680.438259,0.0,0.0,0.0,9680.438259,400.0,356237.88627127686,0.0,236608.77019457956,592846.6564658564,357773.1099148511,0.0,242670.78990917,600443.8998240212
189,9681.038835,0.0,0.0,0.0,9681.038835,400.0,356237.88627127686,0.0,236608.77019457956,592846.6564658564,357773.1099148511,0.0,242670.78990917,600443.8998240212
190,9681.639411,0.0,0.0,0.0,9681.639411,400.0,356237.88627127686,0.0,236608.77019457956,592846.6564658564,357773.1099148511,0.0,242670.78990917,600443.8998240212
191,9682.239988,0.0,0.0,0.0,9682.239988,400.0,356237.88627127686,0.0,236608.77019457956,592846.6564658564,357773.1099148511,0.0,242670.78990917,600443.8998240212
192,9682.840564,0.0,0.0,0.0,9682.840564,400.0,356237.88627127686,0.0,236608.77019457956,592846.6564658564,357773.1099148511,0.0,242670.78990917,600443.8998240212
193,9683.44114,0.0,0.0,0.0,9683.44114,400.0,356237.88627127686,0.0,236608.77019457956,592846.6564658564,357773.1099148511,0.0,242670.78990917,600443.8998240212
194,9684.041716,0.0,0.0,0.0,9684.041716,400.0,356237.88627127686,0.0,236608.77019457956,592846.6564658564,357773.1099148511,0.0,242670.78990917,600443.8998240212
195,9684.642292,0.0,0.0,0.0,9684.642292,400.0,356237.88627127686,0.0,236608.77019457956,592846.6564658564,357773.1099148511,0.0,242670.78990917,600443.8998240212
196,9685.242868,0.0,0.0,0.0,9685.242868,400.0,356237.88627127686,0.0,236608.77019457956,592846.6564658564,357773.1099148511,0.0,242670.78990917,600443.8998240212
197,9685.843444,0.000444,0.0,0.0,9685.843,400.0,356237.88627127686,0.0,236608.77019457956,592846.6564658564,357773.1099148511,0.0,242670.78990917,600443.8998240212
198,9686.44402,0.002827,0.0,0.0,9686.441193,400.0,356237.88627127686,0.0,236608.77019457956,592846.6564658564,357773.1099148511,0.0,242670.78990917,600443.8998240212
199,9687.044597,0.013208000000000001,0.0,0.0,9687.031389,400.0,356237.88627127686,0.0,236608.77019457956,592846.6564658564,357773.1099148511,0.0,242670.78990917,600443.8998240212
200,9687.645173,0.018103,0.0,0.0,9687.62707,400.0,356237.88627127686,0.0,236608.77019457956,592846.6564658564,357773.1099148511,0.0,242670.78990917,600443.8998240212
201,9688.245749,0.025037,0.0,0.0,9688.220712,400.0,356237.88627127686,0.0,236608.77019457956,592846.6564658564,357773.1099148511,0.0,242670.78990917,600443.8998240212
202,9688.846325,0.039471,0.0,0.0,9688.806854,400.0,356237.88627127686,0.0,236608.77019457956,592846.6564658564,357773.1099148511,0.0,242670.78990917,600443.8998240212
203,9689.446901,0.029712,0.0,0.0,9689.417189,400.0,356237.88627127686,0.0,236608.77019457956,592846.6564658564,357773.1099148511,0.0,242670.78990917,600443.8998240212
204,9690.047477,0.039092,0.0,0.0,9690.008385,400.0,356237.88627127686,0.0,236608.77019457956,592846.6564658564,357773.1099148511,0.0,242670.78990917,600443.8998240212
205,9690.80856,0.037007,0.0,0.0,9690.771552999999,400.0,356237.88627127686,0.0,236608.77019457956,592846.6564658564,357773.1099148511,0.0,242670.78990917,600443.8998240212
206,9691.609328,0.03193,0.0,0.0,9691.577398000001,400.0,356237.88627127686,0.0,236608.77019457956,592846.6564658564,357773.1099148511,0.0,242670.78990917,600443.8998240212
207,9692.410097,0.024289,0.0,0.0,9692.385807999999,400.0,356237.88627127686,0.0,236608.77019457956,592846.6564658564,357773.1099148511,0.0,242670.78990917,600443.8998240212
208,9693.210865,0.014546,0.0,0.0,9693.196318999999,400.0,356237.88627127686,0.0,236608.77019457956,592846.6564658564,357773.1099148511,0.0,242670.78990917,600443.8998240212
209,9694.011633,0.004412,0.0,0.0,9694.007221,400.0,356237.88627127686,0.0,236608.77019457956,592846.6564658564,357773.1099148511,0.0,242670.78990917,600443.8998240212
210,9694.812401,0.0008110000000000001,0.0,0.0,9694.81159,400.0,356237.88627127686,0.0,236608.77019457956,592846.6564658564,357773.1099148511,0.0,242670.78990917,600443.8998240212
211,9695.613169,0.0,0.0,0.0,9695.613169,400.0,356237.88627127686,0.0,236608.77019457956,592846.6564658564,357773.1099148511,0.0,242670.78990917,600443.8998240212
212,9696.413938,0.0,0.0,0.0,9696.413938,400.0,356237.88627127686,0.0,236608.77019457956,592846.6564658564,357773.1099148511,0.0,242670.78990917,600443.8998240212
213,9697.214706,0.0,0.0,0.0,9697.214706,400.0,356237.88627127686,0.0,236608.77019457956,592846.6564658564,357773.1099148511,0.0,242670.78990917,600443.8998240212
214,9698.015474,0.0,0.0,0.0,9698.015474,400.0,356237.88627127686,0.0,236608.77019457956,592846.6564658564,357773.1099148511,0.0,242670.78990917,600443.8998240212
215,9698.915749,0.0,0.0,0.0,9698.915749,400.0,356237.88627127686,0.0,236608.77019457956,592846.6564658564,357773.1099148511,0.0,242670.78990917,600443.8998240212
216,9699.91671,0.0,0.0,0.0,9699.91671,400.0,356237.88627127686,0.0,236608.77019457956,592846.6564658564,357773.1099148511,0.0,242670.78990917,600443.8998240212
217,9700.91767,0.0,0.0,0.0,9700.91767,400.0,356237.88627127686,0.0,236608.77019457956,592846.6564658564,357773.1099148511,0.0,242670.78990917,600443.8998240212
218,9701.91863,0.0,0.0,0.0,9701.91863,400.0,356237.88627127686,0.0,236608.77019457956,592846.6564658564,357773.1099148511,0.0,242670.78990917,600443.8998240212
219,9702.91959,0.0,0.0,0.0,9702.91959,400.0,356237.88627127686,0.0,236608.77019457956,592846.6564658564,357773.1099148511,0.0,242670.78990917,600443.8998240212
220,9703.92055,0.0,0.0,0.0,9703.92055,400.0,356237.88627127686,0.0,236608.77019457956,592846.6564658564,357773.1099148511,0.0,242670.78990917,600443.8998240212
221,9704.921511,0.000508,0.0,0.0,9704.921003000001,400.0,356237.88627127686,0.0,236608.77019457956,592846.6564658564,357773.1099148511,0.0,242670.78990917,600443.8998240212
222,9705.922471,0.002763,0.0,0.0,9705.919708,400.0,356237.88627127686,0.0,236608.77019457956,592846.6564658564,357773.1099148511,0.0,242670.78990917,600443.8998240212
223,9706.923431,0.012706,0.0,0.0,9706.910725,400.0,356237.88627127686,0.0,236608.77019457956,592846.6564658564,357773.1099148511,0.0,242670.78990917,600443.8998240212
224,9707.924391,0.022661999999999998,687.09243825,0.0,10394.99416725,1004.64134566,356237.88627127686,0.0,236608.77019457956,592846.6564658564,357773.1099148511,0.0,242670.78990917,600443.8998240212
225,9708.925352,0.030439,738.81420027841,0.0,10447.70911327841,1654.797841905,356237.88627127686,0.0,236608.77019457956,592846.6564658564,357773.1099148511,0.0,242670.78990917,600443.8998240212
226,9709.926312,0.03561,737.818411278411,0.0,10447.70911327841,2304.07804383,356237.88627127686,0.0,236608.77019457956,592846.6564658564,357773.1099148511,0.0,242670.78990917,600443.8998240212
227,9710.927272,0.037676,736.819517278409,0.0,10447.70911327841,2952.479219035,356237.88627127686,0.0,236608.77019457956,592846.6564658564,357773.1099148511,0.0,242670.78990917,600443.8998240212
228,9711.928232,0.038188,735.81906927841,0.0,10447.70911327841,3600.0,356237.88627127686,0.0,236608.77019457956,592846.6564658564,357773.1099148511,0.0,242670.78990917,600443.8998240212
229,9712.929192,0.035335,0.0,1000.0,8712.893857,2600.0,356237.88627127686,0.0,236608.77019457956,592846.6564658564,357773.1099148511,0.0,242670.78990917,600443.8998240212
230,9714.018237,0.030873,0.0,1000.0,8713.987364,1600.0,356237.88627127686,0.0,236608.77019457956,592846.6564658564,357773.1099148511,0.0,242670.78990917,600443.8998240212
231,9717.22131,0.023802,0.0,1000.0,8717.197508000001,600.0,356237.88627127686,0.0,236608.77019457956,592846.6564658564,357773.1099148511,0.0,242670.78990917,600443.8998240212
232,9720.424383,0.014329000000000001,0.0,200.0,9520.410054,400.0,356237.88627127686,0.0,236608.77019457956,592846.6564658564,357773.1099148511,0.0,242670.78990917,600443.8998240212
233,9723.627455,0.004406,0.0,0.0,9723.623049,400.0,356237.88627127686,0.0,236608.77019457956,592846.6564658564,357773.1099148511,0.0,242670.78990917,600443.8998240212
234,9726.830528,0.000844,0.0,0.0,9726.829684,400.0,356237.88627127686,0.0,236608.77019457956,592846.6564658564,357773.1099148511,0.0,242670.78990917,600443.8998240212
235,9730.033601,0.0,0.0,0.0,9730.033601,400.0,356237.88627127686,0.0,236608.77019457956,592846.6564658564,357773.1099148511,0.0,242670.78990917,600443.8998240212
236,9733.947473,0.0,0.0,0.0,9733.947473,400.0,356237.88627127686,0.0,236608.77019457956,592846.6564658564,357773.1099148511,0.0,242670.78990917,600443.8998240212
237,9737.951314,0.0,0.0,0.0,9737.951314,400.0,356237.88627127686,0.0,236608.77019457956,592846.6564658564,357773.1099148511,0.0,242670.78990917,600443.8998240212
238,9741.955155,0.0,0.0,0.0,9741.955155,400.0,356237.88627127686,0.0,236608.77019457956,592846.6564658564,357773.1099148511,0.0,242670.78990917,600443.8998240212
239,9745.958996,0.0,0.0,0.0,9745.958996,400.0,356237.88627127686,0.0,236608.77019457956,592846.6564658564,357773.1099148511,0.0,242670.78990917,600443.8998240212
240,9749.962836,0.0,0.0,0.0,9749.962836,400.0,356237.88627127686,0.0,236608.77019457956,592846.6564658564,357773.1099148511,0.0,242670.78990917,600443.8998240212
241,9753.672277,0.0,0.0,0.0,9753.672277,400.0,356237.88627127686,0.0,236608.77019457956,592846.6564658564,357773.1099148511,0.0,242670.78990917,600443.8998240212
242,9757.275734,0.0,0.0,0.0,9757.275734,400.0,356237.88627127686,0.0,236608.77019457956,592846.6564658564,357773.1099148511,0.0,242670.78990917,600443.8998240212
243,9760.879191,0.0,0.0,0.0,9760.879191,400.0,356237.88627127686,0.0,236608.77019457956,592846.6564658564,357773.1099148511,0.0,242670.78990917,600443.8998240212
244,9764.482648,0.0,0.0,0.0,9764.482648,400.0,356237.88627127686,0.0,236608.77019457956,592846.6564658564,357773.1099148511,0.0,242670.78990917,600443.8998240212
245,9768.086104,0.000615,0.0,0.0,9768.085489,400.0,356237.88627127686,0.0,236608.77019457956,592846.6564658564,357773.1099148511,0.0,242670.78990917,600443.8998240212
246,9771.689561,0.003077,0.0,0.0,9771.686484,400.0,356237.88627127686,0.0,236608.77019457956,592846.6564658564,357773.1099148511,0.0,242670.78990917,600443.8998240212
247,9775.293018,0.012468,328.176714971594,0.0,10103.457264971594,688.795509175003,356237.88627127686,0.0,236608.77019457956,592846.6564658564,357773.1099148511,0.0,242670.78990917,600443.8998240212
248,9778.896475,0.022151,668.83478927841,0.0,10447.70911327841,1277.37012374,356237.88627127686,0.0,236608.77019457956,592846.6564658564,357773.1099148511,0.0,242670.78990917,600443.8998240212
249,9782.499932,0.029265000000000003,665.238446278408,0.0,10447.70911327841,1862.779956465,356237.88627127686,0.0,236608.77019457956,592846.6564658564,357773.1099148511,0.0,242670.78990917,600443.8998240212
250,9786.103388,0.033354999999999996,661.63908027841,0.0,10447.70911327841,2445.02234711,356237.88627127686,0.0,236608.77019457956,592846.6564658564,357773.1099148511,0.0,242670.78990917,600443.8998240212
251,9789.706845,0.036577,658.03884527841,0.0,10447.70911327841,3024.096530955,356237.88627127686,0.0,236608.77019457956,592846.6564658564,357773.1099148511,0.0,242670.78990917,600443.8998240212
252,9793.310302,0.036948999999999996,654.435760278409,0.0,10447.70911327841,3600.0,356237.88627127686,0.0,236608.77019457956,592846.6564658564,357773.1099148511,0.0,242670.78990917,600443.8998240212
253,9796.913759,0.033517000000000005,0.0,1000.0,8796.880242,2600.0,356237.88627127686,0.0,236608.77019457956,592846.6564658564,357773.1099148511,0.0,242670.78990917,600443.8998240212
254,9800.517216,0.029141,0.0,1000.0,8800.488075,1600.0,356237.88627127686,0.0,236608.77019457956,592846.6564658564,357773.1099148511,0.0,242670.78990917,600443.8998240212
255,9804.120672,0.02278,0.0,1000.0,8804.097892,600.0,356237.88627127686,0.0,236608.77019457956,592846.6564658564,357773.1099148511,0.0,242670.78990917,600443.8998240212
256,9807.77983,0.013771,0.0,200.0,9607.766059,400.0,356237.88627127686,0.0,236608.77019457956,592846.6564658564,357773.1099148511,0.0,242670.78990917,600443.8998240212
257,9811.583479,0.004269,0.0,0.0,9811.579210000002,400.0,356237.88627127686,0.0,236608.77019457956,592846.6564658564,357773.1099148511,0.0,242670.78990917,600443.8998240212
258,9815.387127,0.0007880000000000001,0.0,0.0,9815.386339,400.0,356237.88627127686,0.0,236608.77019457956,592846.6564658564,357773.1099148511,0.0,242670.78990917,600443.8998240212
259,9819.190776,0.0,0.0,0.0,9819.190776,400.0,356237.88627127686,0.0,236608.77019457956,592846.6564658564,357773.1099148511,0.0,242670.78990917,600443.8998240212
260,9822.994425,0.0,0.0,0.0,9822.994425,400.0,356237.88627127686,0.0,236608.77019457956,592846.6564658564,357773.1099148511,0.0,242670.78990917,600443.8998240212
261,9826.747673,0.0,0.0,0.0,9826.747673,400.0,356237.88627127686,0.0,236608.77019457956,592846.6564658564,357773.1099148511,0.0,242670.78990917,600443.8998240212
262,9830.150937,0.0,0.0,0.0,9830.150937,400.0,356237.88627127686,0.0,236608.77019457956,592846.6564658564,357773.1099148511,0.0,242670.78990917,600443.8998240212
263,9833.554202,0.0,0.0,0.0,9833.554202,400.0,356237.88627127686,0.0,236608.77019457956,592846.6564658564,357773.1099148511,0.0,242670.78990917,600443.8998240212
264,9836.957467,0.0,0.0,0.0,9836.957467,400.0,356237.88627127686,0.0,236608.77019457956,592846.6564658564,357773.1099148511,0.0,242670.78990917,600443.8998240212
265,9840.360732,0.0,0.0,0.0,9840.360732,400.0,356237.88627127686,0.0,236608.77019457956,592846.6564658564,357773.1099148511,0.0,242670.78990917,600443.8998240212
266,9843.763996,0.0,0.0,0.0,9843.763996,400.0,356237.88627127686,0.0,236608.77019457956,592846.6564658564,357773.1099148511,0.0,242670.78990917,600443.8998240212
267,9846.972368,0.0,0.0,0.0,9846.972368,400.0,356237.88627127686,0.0,236608.77019457956,592846.6564658564,357773.1099148511,0.0,242670.78990917,600443.8998240212
268,9850.175441,0.0,0.0,0.0,9850.175441,400.0,356237.88627127686,0.0,236608.77019457956,592846.6564658564,357773.1099148511,0.0,242670.78990917,600443.8998240212
269,9853.378514,0.000804,0.0,0.0,9853.37771,400.0,356237.88627127686,0.0,236608.77019457956,592846.6564658564,357773.1099148511,0.0,242670.78990917,600443.8998240212
270,9856.581587,0.00309,156.700419693178,0.0,10013.278916693178,537.896369329997,356237.88627127686,0.0,236608.77019457956,592846.6564658564,357773.1099148511,0.0,242670.78990917,600443.8998240212
271,9859.784659,0.011807,587.93626127841,0.0,10447.70911327841,1055.280279255,356237.88627127686,0.0,236608.77019457956,592846.6564658564,357773.1099148511,0.0,242670.78990917,600443.8998240212
272,9862.987732,0.020954,584.74233527841,0.0,10447.70911327841,1569.8535343,356237.88627127686,0.0,236608.77019457956,592846.6564658564,357773.1099148511,0.0,242670.78990917,600443.8998240212
273,9866.190805,0.027736,581.54604427841,0.0,10447.70911327841,2081.614053265,356237.88627127686,0.0,236608.77019457956,592846.6564658564,357773.1099148511,0.0,242670.78990917,600443.8998240212
274,9869.393877,0.032689,578.347925278409,0.0,10447.70911327841,2590.56022751,356237.88627127686,0.0,236608.77019457956,592846.6564658564,357773.1099148511,0.0,242670.78990917,600443.8998240212
275,9872.59695,0.034735999999999996,575.14689927841,0.0,10447.70911327841,3096.689498875,356237.88627127686,0.0,236608.77019457956,592846.6564658564,357773.1099148511,0.0,242670.78990917,600443.8998240212
276,9875.800023,0.034661000000000004,571.94375127841,0.0,10447.70911327841,3600.0,356237.88627127686,0.0,236608.77019457956,592846.6564658564,357773.1099148511,0.0,242670.78990917,600443.8998240212
277,9878.869202,0.032723999999999996,0.0,1000.0,8878.836478,2600.0,356237.88627127686,0.0,236608.77019457956,592846.6564658564,357773.1099148511,0.0,242670.78990917,600443.8998240212
278,9881.872083,0.028604,0.0,1000.0,8881.843479000001,1600.0,356237.88627127686,0.0,236608.77019457956,592846.6564658564,357773.1099148511,0.0,242670.78990917,600443.8998240212
279,9884.874964,0.022477,0.0,862.350216249996,9022.502270750005,737.649783750001,356237.88627127686,0.0,236608.77019457956,592846.6564658564,357773.1099148511,0.0,242670.78990917,600443.8998240212
280,9887.877844,0.013503000000000001,0.0,61.8786927500005,9825.98564825,675.771091000001,356237.88627127686,0.0,236608.77019457956,592846.6564658564,357773.1099148511,0.0,242670.78990917,600443.8998240212
281,9890.880725,0.004187000000000001,0.0,64.8908897500005,9825.98564825,610.88020125,356237.88627127686,0.0,236608.77019457956,592846.6564658564,357773.1099148511,0.0,242670.78990917,600443.8998240212
282,9893.676819,0.0008010000000000001,0.0,67.6903697500002,9825.98564825,543.1898315,356237.88627127686,0.0,236608.77019457956,592846.6564658564,357773.1099148511,0.0,242670.78990917,600443.8998240212
283,9896.279316,0.0,0.0,70.2936677500002,9825.98564825,472.89616375,356237.88627127686,0.0,236608.77019457956,592846.6564658564,357773.1099148511,0.0,242670.78990917,600443.8998240212
284,9898.881812,0.0,0.0,72.8961637499997,9825.98564825,400.0,356237.88627127686,0.0,236608.77019457956,592846.6564658564,357773.1099148511,0.0,242670.78990917,600443.8998240212
285,9901.484309,0.0,0.0,0.0,9901.484309,400.0,356237.88627127686,0.0,236608.77019457956,592846.6564658564,357773.1099148511,0.0,242670.78990917,600443.8998240212
286,9904.086805,0.0,0.0,0.0,9904.086805,400.0,356237.88627127686,0.0,236608.77019457956,592846.6564658564,357773.1099148511,0.0,242670.78990917,600443.8998240212
287,9906.835089,0.0,0.0,0.0,9906.835089,400.0,356237.88627127686,0.0,236608.77019457956,592846.6564658564,357773.1099148511,0.0,242670.78990917,600443.8998240212
288,9909.83797,0.0,0.0,0.0,9909.83797,400.0,356237.88627127686,0.0,236608.77019457956,592846.6564658564,357773.1099148511,0.0,242670.78990917,600443.8998240212
289,9912.84085,0.0,0.0,0.0,9912.84085,400.0,356237.88627127686,0.0,236608.77019457956,592846.6564658564,357773.1099148511,0.0,242670.78990917,600443.8998240212
290,9915.843731,0.0,0.0,0.0,9915.843731,400.0,356237.88627127686,0.0,236608.77019457956,592846.6564658564,357773.1099148511,0.0,242670.78990917,600443.8998240212
291,9918.846612,0.0,0.0,0.0,9918.846612,400.0,356237.88627127686,0.0,236608.77019457956,592846.6564658564,357773.1099148511,0.0,242670.78990917,600443.8998240212
292,9922.315822,0.0,0.0,0.0,9922.315822,400.0,356237.88627127686,0.0,236608.77019457956,592846.6564658564,357773.1099148511,0.0,242670.78990917,600443.8998240212
293,9927.520815,0.000957,139.371374414784,0.0,10066.891232414784,522.64680948501,356237.88627127686,0.0,236608.77019457956,592846.6564658564,357773.1099148511,0.0,242670.78990917,600443.8998240212
294,9932.725808,0.003053,514.986358278396,0.0,10447.709113278395,975.834804769998,356237.88627127686,0.0,236608.77019457956,592846.6564658564,357773.1099148511,0.0,242670.78990917,600443.8998240212
295,9937.930801,0.011795,509.79010727841,0.0,10447.70911327841,1424.450099175,356237.88627127686,0.0,236608.77019457956,592846.6564658564,357773.1099148511,0.0,242670.78990917,600443.8998240212
296,9943.135795,0.020998000000000003,504.59431627841,0.0,10447.70911327841,1868.4930975,356237.88627127686,0.0,236608.77019457956,592846.6564658564,357773.1099148511,0.0,242670.78990917,600443.8998240212
297,9948.328894,0.028202,499.408421278409,0.0,10447.70911327841,2307.972508225,356237.88627127686,0.0,236608.77019457956,592846.6564658564,357773.1099148511,0.0,242670.78990917,600443.8998240212
298,9953.333695,0.032249,494.40766727841,0.0,10447.70911327841,2743.05125543,356237.88627127686,0.0,236608.77019457956,592846.6564658564,357773.1099148511,0.0,242670.78990917,600443.8998240212
299,9958.338496,0.034495,489.405112278409,0.0,10447.70911327841,3173.727754235,356237.88627127686,0.0,236608.77019457956,592846.6564658564,357773.1099148511,0.0,242670.78990917,600443.8998240212
300,9963.343297,0.034463,484.40027927841,0.0,10447.70911327841,3600.0,356237.88627127686,0.0,236608.77019457956,592846.6564658564,357773.1099148511,0.0,242670.78990917,600443.8998240212
301,9968.348098,0.033455,0.0,1000.0,8968.314643,2600.0,356237.88627127686,0.0,236608.77019457956,592846.6564658564,357773.1099148511,0.0,242670.78990917,600443.8998240212
302,9973.352899,0.029347,0.0,1000.0,8973.323552,1600.0,356237.88627127686,0.0,236608.77019457956,592846.6564658564,357773.1099148511,0.0,242670.78990917,600443.8998240212
303,9977.449771,0.022609,0.0,383.093814249994,9594.333347750005,1216.90618575,356237.88627127686,0.0,236608.77019457956,592846.6564658564,357773.1099148511,0.0,242670.78990917,600443.8998240212
304,9981.453612,0.013722,0.0,155.45424175,9825.98564825,1061.451944,356237.88627127686,0.0,236608.77019457956,592846.6564658564,357773.1099148511,0.0,242670.78990917,600443.8998240212
305,9985.457453,0.004266,0.0,159.467538750001,9825.98564825,901.984405250001,356237.88627127686,0.0,236608.77019457956,592846.6564658564,357773.1099148511,0.0,242670.78990917,600443.8998240212
306,9989.461293,0.0007940000000000001,0.0,163.474850750001,9825.98564825,738.5095545,356237.88627127686,0.0,236608.77019457956,592846.6564658564,357773.1099148511,0.0,242670.78990917,600443.8998240212
307,9993.465134,0.0,0.0,167.47948575,9825.98564825,571.03006875,356237.88627127686,0.0,236608.77019457956,592846.6564658564,357773.1099148511,0.0,242670.78990917,600443.8998240212
308,9997.015717,0.0,0.0,171.03006875,9825.98564825,400.0,356237.88627127686,0.0,236608.77019457956,592846.6564658564,357773.1099148511,0.0,242670.78990917,600443.8998240212
309,10000.41898,0.0,0.0,0.0,10000.41898,400.0,356237.88627127686,0.0,236608.77019457956,592846.6564658564,357773.1099148511,0.0,242670.78990917,600443.8998240212
310,10003.82225,0.0,0.0,0.0,10003.82225,400.0,356237.88627127686,0.0,236608.77019457956,592846.6564658564,357773.1099148511,0.0,242670.78990917,600443.8998240212
311,10007.22551,0.0,0.0,0.0,10007.22551,400.0,356237.88627127686,0.0,236608.77019457956,592846.6564658564,357773.1099148511,0.0,242670.78990917,600443.8998240212
312,10010.62878,0.0,0.0,0.0,10010.62878,400.0,356237.88627127686,0.0,236608.77019457956,592846.6564658564,357773.1099148511,0.0,242670.78990917,600443.8998240212
313,10014.3938,0.0,0.0,0.0,10014.3938,400.0,356237.88627127686,0.0,236608.77019457956,592846.6564658564,357773.1099148511,0.0,242670.78990917,600443.8998240212
314,10018.39764,0.0,0.0,0.0,10018.39764,400.0,356237.88627127686,0.0,236608.77019457956,592846.6564658564,357773.1099148511,0.0,242670.78990917,600443.8998240212
315,10022.40148,0.0,0.0,0.0,10022.40148,400.0,356237.88627127686,0.0,236608.77019457956,592846.6564658564,357773.1099148511,0.0,242670.78990917,600443.8998240212
316,10026.40532,0.0,395.401868136382,0.0,10421.807188136381,747.953643960016,356237.88627127686,0.0,236608.77019457956,592846.6564658564,357773.1099148511,0.0,242670.78990917,600443.8998240212
317,10030.40916,0.0010040000000000001,417.300957278405,0.0,10447.709113278404,1115.17848636501,356237.88627127686,0.0,236608.77019457956,592846.6564658564,357773.1099148511,0.0,242670.78990917,600443.8998240212
318,10034.14274,0.003203,413.569576278411,0.0,10447.70911327841,1479.11971349001,356237.88627127686,0.0,236608.77019457956,592846.6564658564,357773.1099148511,0.0,242670.78990917,600443.8998240212
319,10037.54601,0.013119,410.176222278409,0.0,10447.70911327841,1840.07478909501,356237.88627127686,0.0,236608.77019457956,592846.6564658564,357773.1099148511,0.0,242670.78990917,600443.8998240212
320,10040.94927,0.021036000000000003,406.780879278411,0.0,10447.70911327841,2198.04196286002,356237.88627127686,0.0,236608.77019457956,592846.6564658564,357773.1099148511,0.0,242670.78990917,600443.8998240212
321,10044.35254,0.026664000000000004,403.383237278411,0.0,10447.70911327841,2553.01921166502,356237.88627127686,0.0,236608.77019457956,592846.6564658564,357773.1099148511,0.0,242670.78990917,600443.8998240212
322,10047.7558,0.031752,399.98506527841,0.0,10447.70911327841,2905.00606911002,356237.88627127686,0.0,236608.77019457956,592846.6564658564,357773.1099148511,0.0,242670.78990917,600443.8998240212
323,10051.15907,0.035177,396.58522027841,0.0,10447.70911327841,3254.00106295502,356237.88627127686,0.0,236608.77019457956,592846.6564658564,357773.1099148511,0.0,242670.78990917,600443.8998240212
324,10054.56233,0.033826999999999996,393.180610278408,0.0,10447.70911327841,3600.0,356237.88627127686,0.0,236608.77019457956,592846.6564658564,357773.1099148511,0.0,242670.78990917,600443.8998240212
325,10057.9656,0.033178,0.0,1000.0,9057.932422,2600.00000000001,356237.88627127686,0.0,236608.77019457956,592846.6564658564,357773.1099148511,0.0,242670.78990917,600443.8998240212
326,10061.36886,0.021916,0.0,720.552617500013,9340.794326499989,1879.4473825,356237.88627127686,0.0,236608.77019457956,592846.6564658564,357773.1099148511,0.0,242670.78990917,600443.8998240212
327,10064.77213,0.016437999999999998,0.0,238.770043749999,9825.98564825,1640.67733875,356237.88627127686,0.0,236608.77019457956,592846.6564658564,357773.1099148511,0.0,242670.78990917,600443.8998240212
328,10068.11722,0.004509000000000001,0.0,242.12706275,9825.98564825,1398.550276,356237.88627127686,0.0,236608.77019457956,592846.6564658564,357773.1099148511,0.0,242670.78990917,600443.8998240212
329,10071.1201,0.002935,0.0,245.13151675,9825.98564825,1153.41875925,356237.88627127686,0.0,236608.77019457956,592846.6564658564,357773.1099148511,0.0,242670.78990917,600443.8998240212
330,10074.12298,0.0018759999999999998,0.0,248.13545575,9825.98564825,905.2833035,356237.88627127686,0.0,236608.77019457956,592846.6564658564,357773.1099148511,0.0,242670.78990917,600443.8998240212
331,10077.12586,0.0,0.0,251.14021175,9825.98564825,654.14309175,356237.88627127686,0.0,236608.77019457956,592846.6564658564,357773.1099148511,0.0,242670.78990917,600443.8998240212
332,10080.12874,0.0,0.0,254.14309175,9825.98564825,400.0,356237.88627127686,0.0,236608.77019457956,592846.6564658564,357773.1099148511,0.0,242670.78990917,600443.8998240212
333,10083.13162,0.0,0.0,0.0,10083.13162,400.0,356237.88627127686,0.0,236608.77019457956,592846.6564658564,357773.1099148511,0.0,242670.78990917,600443.8998240212
334,10086.73084,0.0,0.0,0.0,10086.73084,400.0,356237.88627127686,0.0,236608.77019457956,592846.6564658564,357773.1099148511,0.0,242670.78990917,600443.8998240212
335,10090.3343,0.0,0.0,0.0,10090.3343,400.0,356237.88627127686,0.0,236608.77019457956,592846.6564658564,357773.1099148511,0.0,242670.78990917,600443.8998240212
336,10093.93775,0.0,0.0,0.0,10093.93775,400.0,356237.88627127686,0.0,236608.77019457956,592846.6564658564,357773.1099148511,0.0,242670.78990917,600443.8998240212
337,10097.54121,0.0,0.0,0.0,10097.54121,400.0,356237.88627127686,0.0,236608.77019457956,592846.6564658564,357773.1099148511,0.0,242670.78990917,600443.8998240212
338,10101.14467,0.0,0.0,0.0,10101.14467,400.0,356237.88627127686,0.0,236608.77019457956,592846.6564658564,357773.1099148511,0.0,242670.78990917,600443.8998240212
339,10103.90673,0.0,0.0,0.0,10103.90673,400.0,356237.88627127686,0.0,236608.77019457956,592846.6564658564,357773.1099148511,0.0,242670.78990917,600443.8998240212
340,10106.50922,0.0,0.0,0.0,10106.50922,400.0,356237.88627127686,0.0,236608.77019457956,592846.6564658564,357773.1099148511,0.0,242670.78990917,600443.8998240212
341,10109.11172,0.001069,0.0,0.0,10109.110651,400.0,356237.88627127686,0.0,236608.77019457956,592846.6564658564,357773.1099148511,0.0,242670.78990917,600443.8998240212
342,10111.71422,0.002846,0.0,0.0,10111.711374,400.0,356237.88627127686,0.0,236608.77019457956,592846.6564658564,357773.1099148511,0.0,242670.78990917,600443.8998240212
343,10114.31671,0.012043,0.0,0.0,10114.304666999999,400.0,356237.88627127686,0.0,236608.77019457956,592846.6564658564,357773.1099148511,0.0,242670.78990917,600443.8998240212
344,10116.64365,0.020606000000000003,0.0,0.0,10116.623044,400.0,356237.88627127686,0.0,236608.77019457956,592846.6564658564,357773.1099148511,0.0,242670.78990917,600443.8998240212
345,10118.84577,0.027292000000000004,0.0,0.0,10118.818478,400.0,356237.88627127686,0.0,236608.77019457956,592846.6564658564,357773.1099148511,0.0,242670.78990917,600443.8998240212
346,10121.04788,0.030631000000000002,0.0,0.0,10121.017249,400.0,356237.88627127686,0.0,236608.77019457956,592846.6564658564,357773.1099148511,0.0,242670.78990917,600443.8998240212
347,10123.24999,0.033274000000000005,0.0,0.0,10123.216716,400.0,356237.88627127686,0.0,236608.77019457956,592846.6564658564,357773.1099148511,0.0,242670.78990917,600443.8998240212
348,10125.4521,0.021091000000000002,0.0,0.0,10125.431009,400.0,356237.88627127686,0.0,236608.77019457956,592846.6564658564,357773.1099148511,0.0,242670.78990917,600443.8998240212
349,10127.86877,0.029863,0.0,0.0,10127.838907,400.0,356237.88627127686,0.0,236608.77019457956,592846.6564658564,357773.1099148511,0.0,242670.78990917,600443.8998240212
350,10130.47127,0.01158,0.0,0.0,10130.45969,400.0,356237.88627127686,0.0,236608.77019457956,592846.6564658564,357773.1099148511,0.0,242670.78990917,600443.8998240212
351,10133.07377,0.010648,0.0,0.0,10133.063122000001,400.0,356237.88627127686,0.0,236608.77019457956,592846.6564658564,357773.1099148511,0.0,242670.78990917,600443.8998240212
352,10135.67626,0.009397,0.0,0.0,10135.666863,400.0,356237.88627127686,0.0,236608.77019457956,592846.6564658564,357773.1099148511,0.0,242670.78990917,600443.8998240212
353,10138.27876,0.004275,0.0,0.0,10138.274485,400.0,356237.88627127686,0.0,236608.77019457956,592846.6564658564,357773.1099148511,0.0,242670.78990917,600443.8998240212
354,10140.88126,0.000942,0.0,0.0,10140.880318,400.0,356237.88627127686,0.0,236608.77019457956,592846.6564658564,357773.1099148511,0.0,242670.78990917,600443.8998240212
355,10143.48375,0.0,0.0,0.0,10143.48375,400.0,356237.88627127686,0.0,236608.77019457956,592846.6564658564,357773.1099148511,0.0,242670.78990917,600443.8998240212
356,10146.08625,0.0,0.0,0.0,10146.08625,400.0,356237.88627127686,0.0,236608.77019457956,592846.6564658564,357773.1099148511,0.0,242670.78990917,600443.8998240212
357,10148.68875,0.0,0.0,0.0,10148.68875,400.0,356237.88627127686,0.0,236608.77019457956,592846.6564658564,357773.1099148511,0.0,242670.78990917,600443.8998240212
358,10151.29124,0.0,0.0,0.0,10151.29124,400.0,356237.88627127686,0.0,236608.77019457956,592846.6564658564,357773.1099148511,0.0,242670.78990917,600443.8998240212
359,10153.7549,0.0,0.0,0.0,10153.7549,400.0,356237.88627127686,0.0,236608.77019457956,592846.6564658564,357773.1099148511,0.0,242670.78990917,600443.8998240212
360,10155.75682,0.0,0.0,0.0,10155.75682,400.0,356237.88627127686,0.0,236608.77019457956,592846.6564658564,357773.1099148511,0.0,242670.78990917,600443.8998240212
361,10157.75874,0.0,0.0,0.0,10157.75874,400.0,356237.88627127686,0.0,236608.77019457956,592846.6564658564,357773.1099148511,0.0,242670.78990917,600443.8998240212
362,10159.76066,0.0,0.0,0.0,10159.76066,400.0,356237.88627127686,0.0,236608.77019457956,592846.6564658564,357773.1099148511,0.0,242670.78990917,600443.8998240212
363,10161.76258,0.0,0.0,0.0,10161.76258,400.0,356237.88627127686,0.0,236608.77019457956,592846.6564658564,357773.1099148511,0.0,242670.78990917,600443.8998240212
364,10163.73294,0.0,0.0,0.0,10163.73294,400.0,356237.88627127686,0.0,236608.77019457956,592846.6564658564,357773.1099148511,0.0,242670.78990917,600443.8998240212
365,10165.33448,0.001555,0.0,0.0,10165.332924999999,400.0,356237.88627127686,0.0,236608.77019457956,592846.6564658564,357773.1099148511,0.0,242670.78990917,600443.8998240212
366,10166.93602,0.004024,0.0,0.0,10166.931996,400.0,356237.88627127686,0.0,236608.77019457956,592846.6564658564,357773.1099148511,0.0,242670.78990917,600443.8998240212
367,10168.53755,0.012405,0.0,0.0,10168.525145,400.0,356237.88627127686,0.0,236608.77019457956,592846.6564658564,357773.1099148511,0.0,242670.78990917,600443.8998240212
368,10170.13909,0.018154,0.0,0.0,10170.120936000001,400.0,356237.88627127686,0.0,236608.77019457956,592846.6564658564,357773.1099148511,0.0,242670.78990917,600443.8998240212
369,10171.74062,0.02729,0.0,0.0,10171.71333,400.0,356237.88627127686,0.0,236608.77019457956,592846.6564658564,357773.1099148511,0.0,242670.78990917,600443.8998240212
370,10173.15669,0.032076,0.0,0.0,10173.124614,400.0,356237.88627127686,0.0,236608.77019457956,592846.6564658564,357773.1099148511,0.0,242670.78990917,600443.8998240212
371,10174.55803,0.033663,0.0,0.0,10174.524367,400.0,356237.88627127686,0.0,236608.77019457956,592846.6564658564,357773.1099148511,0.0,242670.78990917,600443.8998240212
372,10175.95938,0.025765,0.0,0.0,10175.933615,400.0,356237.88627127686,0.0,236608.77019457956,592846.6564658564,357773.1099148511,0.0,242670.78990917,600443.8998240212
373,10177.36072,0.022952000000000004,0.0,0.0,10177.337768000001,400.0,356237.88627127686,0.0,236608.77019457956,592846.6564658564,357773.1099148511,0.0,242670.78990917,600443.8998240212
374,10178.76207,0.020716000000000002,0.0,0.0,10178.741354,400.0,356237.88627127686,0.0,236608.77019457956,592846.6564658564,357773.1099148511,0.0,242670.78990917,600443.8998240212
375,10179.85347,0.018701000000000002,0.0,0.0,10179.834769,400.0,356237.88627127686,0.0,236608.77019457956,592846.6564658564,357773.1099148511,0.0,242670.78990917,600443.8998240212
376,10180.85443,0.01349,0.0,0.0,10180.84094,400.0,356237.88627127686,0.0,236608.77019457956,592846.6564658564,357773.1099148511,0.0,242670.78990917,600443.8998240212
377,10181.85539,0.004606,0.0,0.0,10181.850784,400.0,356237.88627127686,0.0,236608.77019457956,592846.6564658564,357773.1099148511,0.0,242670.78990917,600443.8998240212
378,10182.85635,0.000875,0.0,0.0,10182.855475,400.0,356237.88627127686,0.0,236608.77019457956,592846.6564658564,357773.1099148511,0.0,242670.78990917,600443.8998240212
379,10183.85731,0.0,0.0,0.0,10183.85731,400.0,356237.88627127686,0.0,236608.77019457956,592846.6564658564,357773.1099148511,0.0,242670.78990917,600443.8998240212
380,10184.7338,0.0,0.0,0.0,10184.7338,400.0,356237.88627127686,0.0,236608.77019457956,592846.6564658564,357773.1099148511,0.0,242670.78990917,600443.8998240212
381,10185.53456,0.0,0.0,0.0,10185.53456,400.0,356237.88627127686,0.0,236608.77019457956,592846.6564658564,357773.1099148511,0.0,242670.78990917,600443.8998240212
382,10186.33533,0.0,56.655915465901,0.0,10242.9912454659,449.857205609993,356237.88627127686,0.0,236608.77019457956,592846.6564658564,357773.1099148511,0.0,242670.78990917,600443.8998240212
383,10187.1361,0.0,260.573013278404,0.0,10447.709113278404,679.161457294988,356237.88627127686,0.0,236608.77019457956,592846.6564658564,357773.1099148511,0.0,242670.78990917,600443.8998240212
384,10187.93687,0.0,259.77224327841,0.0,10447.70911327841,907.761031379989,356237.88627127686,0.0,236608.77019457956,592846.6564658564,357773.1099148511,0.0,242670.78990917,600443.8998240212
385,10188.73764,0.0,258.97147327841,0.0,10447.70911327841,1135.65592786499,356237.88627127686,0.0,236608.77019457956,592846.6564658564,357773.1099148511,0.0,242670.78990917,600443.8998240212
386,10189.5384,0.0,258.17071327841,0.0,10447.70911327841,1362.84615554999,356237.88627127686,0.0,236608.77019457956,592846.6564658564,357773.1099148511,0.0,242670.78990917,600443.8998240212
387,10190.33917,0.0,257.369943278411,0.0,10447.70911327841,1589.33170563499,356237.88627127686,0.0,236608.77019457956,592846.6564658564,357773.1099148511,0.0,242670.78990917,600443.8998240212
388,10191.13994,0.0,256.569173278411,0.0,10447.70911327841,1815.11257811999,356237.88627127686,0.0,236608.77019457956,592846.6564658564,357773.1099148511,0.0,242670.78990917,600443.8998240212
389,10191.94071,0.000843,255.769246278409,0.0,10447.70911327841,2040.18951484499,356237.88627127686,0.0,236608.77019457956,592846.6564658564,357773.1099148511,0.0,242670.78990917,600443.8998240212
390,10192.678,0.002222,255.033335278409,0.0,10447.70911327841,2264.61884988999,356237.88627127686,0.0,236608.77019457956,592846.6564658564,357773.1099148511,0.0,242670.78990917,600443.8998240212
391,10193.27858,0.011912,254.44244527841,0.0,10447.70911327841,2488.52820173499,356237.88627127686,0.0,236608.77019457956,592846.6564658564,357773.1099148511,0.0,242670.78990917,600443.8998240212
392,10193.87916,0.021779,253.85173227841,0.0,10447.70911327841,2711.91772614,356237.88627127686,0.0,236608.77019457956,592846.6564658564,357773.1099148511,0.0,242670.78990917,600443.8998240212
393,10194.47973,0.029166,253.258549278411,0.0,10447.70911327841,2934.785249505,356237.88627127686,0.0,236608.77019457956,592846.6564658564,357773.1099148511,0.0,242670.78990917,600443.8998240212
394,10195.08031,0.033839,252.66264227841,0.0,10447.70911327841,3157.12837471,356237.88627127686,0.0,236608.77019457956,592846.6564658564,357773.1099148511,0.0,242670.78990917,600443.8998240212
395,10195.71386,0.036866,252.03211927841,0.0,10447.70911327841,3378.916639675,356237.88627127686,0.0,236608.77019457956,592846.6564658564,357773.1099148511,0.0,242670.78990917,600443.8998240212
396,10196.51463,0.036607999999999995,251.231091278411,0.0,10447.70911327841,3600.0,356237.88627127686,0.0,236608.77019457956,592846.6564658564,357773.1099148511,0.0,242670.78990917,600443.8998240212
397,10197.31539,0.03447,0.0,580.347772750023,9616.933147249976,3019.65222725,356237.88627127686,0.0,236608.77019457956,592846.6564658564,357773.1099148511,0.0,242670.78990917,600443.8998240212
398,10198.11616,0.027596,0.0,372.10291575,9825.98564825,2647.5493115,356237.88627127686,0.0,236608.77019457956,592846.6564658564,357773.1099148511,0.0,242670.78990917,600443.8998240212
399,10198.91693,0.018636,0.0,372.912645749999,9825.98564825,2274.63666575,356237.88627127686,0.0,236608.77019457956,592846.6564658564,357773.1099148511,0.0,242670.78990917,600443.8998240212
400,10199.71523,0.011264,0.0,373.718317749999,9825.98564825,1900.918348,356237.88627127686,0.0,236608.77019457956,592846.6564658564,357773.1099148511,0.0,242670.78990917,600443.8998240212
401,10200.3158,0.004814000000000001,0.0,374.32533775,9825.98564825,1526.59301025,356237.88627127686,0.0,236608.77019457956,592846.6564658564,357773.1099148511,0.0,242670.78990917,600443.8998240212
402,10200.91638,0.0009050000000000001,0.0,374.92982675,9825.98564825,1151.6631835,356237.88627127686,0.0,236608.77019457956,592846.6564658564,357773.1099148511,0.0,242670.78990917,600443.8998240212
403,10201.51695,0.0,0.0,375.531301749999,9825.98564825,776.13188175,356237.88627127686,0.0,236608.77019457956,592846.6564658564,357773.1099148511,0.0,242670.78990917,600443.8998240212
404,10202.11753,0.0,0.0,376.13188175,9825.98564825,400.0,356237.88627127686,0.0,236608.77019457956,592846.6564658564,357773.1099148511,0.0,242670.78990917,600443.8998240212
405,10202.71811,0.0,46.3767911874844,0.0,10249.094901187484,440.811576244986,356237.88627127686,0.0,236608.77019457956,592846.6564658564,357773.1099148511,0.0,242670.78990917,600443.8998240212
406,10203.31868,0.0,244.39043327841,0.0,10447.70911327841,655.875157529987,356237.88627127686,0.0,236608.77019457956,592846.6564658564,357773.1099148511,0.0,242670.78990917,600443.8998240212
407,10203.91926,0.0,243.789853278409,0.0,10447.70911327841,870.410228414987,356237.88627127686,0.0,236608.77019457956,592846.6564658564,357773.1099148511,0.0,242670.78990917,600443.8998240212
408,10204.51983,0.0,243.189283278411,0.0,10447.70911327841,1084.41679769999,356237.88627127686,0.0,236608.77019457956,592846.6564658564,357773.1099148511,0.0,242670.78990917,600443.8998240212
409,10205.12041,0.0,242.58870327841,0.0,10447.70911327841,1297.89485658499,356237.88627127686,0.0,236608.77019457956,592846.6564658564,357773.1099148511,0.0,242670.78990917,600443.8998240212
410,10205.72099,0.0,241.98812327841,0.0,10447.70911327841,1510.84440506999,356237.88627127686,0.0,236608.77019457956,592846.6564658564,357773.1099148511,0.0,242670.78990917,600443.8998240212
411,10206.46323,0.0,241.24588327841,0.0,10447.70911327841,1723.14078235499,356237.88627127686,0.0,236608.77019457956,592846.6564658564,357773.1099148511,0.0,242670.78990917,600443.8998240212
412,10207.264,0.0,240.445113278411,0.0,10447.70911327841,1934.73248203999,356237.88627127686,0.0,236608.77019457956,592846.6564658564,357773.1099148511,0.0,242670.78990917,600443.8998240212
413,10208.06476,0.000924,239.645277278411,0.0,10447.70911327841,2145.62032604499,356237.88627127686,0.0,236608.77019457956,592846.6564658564,357773.1099148511,0.0,242670.78990917,600443.8998240212
414,10208.86553,0.002517,238.846100278412,0.0,10447.70911327841,2355.80489429,356237.88627127686,0.0,236608.77019457956,592846.6564658564,357773.1099148511,0.0,242670.78990917,600443.8998240212
415,10209.6663,0.011567000000000001,238.054380278409,0.0,10447.70911327841,2565.292748935,356237.88627127686,0.0,236608.77019457956,592846.6564658564,357773.1099148511,0.0,242670.78990917,600443.8998240212
416,10210.57823,0.02171,237.152593278412,0.0,10447.70911327841,2773.98703102,356237.88627127686,0.0,236608.77019457956,592846.6564658564,357773.1099148511,0.0,242670.78990917,600443.8998240212
417,10211.57919,0.028994,236.15891727841,0.0,10447.70911327841,2981.806878225,356237.88627127686,0.0,236608.77019457956,592846.6564658564,357773.1099148511,0.0,242670.78990917,600443.8998240212
418,10212.58016,0.034546999999999994,235.16350027841,0.0,10447.70911327841,3188.75075847,356237.88627127686,0.0,236608.77019457956,592846.6564658564,357773.1099148511,0.0,242670.78990917,600443.8998240212
419,10213.58112,0.036768,234.164761278409,0.0,10447.70911327841,3394.815748395,356237.88627127686,0.0,236608.77019457956,592846.6564658564,357773.1099148511,0.0,242670.78990917,600443.8998240212
420,10214.58208,0.036889000000000005,233.163922278411,0.0,10447.70911327841,3600.0,356237.88627127686,0.0,236608.77019457956,592846.6564658564,357773.1099148511,0.0,242670.78990917,600443.8998240212
421,10215.58304,0.034733,0.0,389.562658749999,9825.98564825,3210.43734125,356237.88627127686,0.0,236608.77019457956,592846.6564658564,357773.1099148511,0.0,242670.78990917,600443.8998240212
422,10216.584,0.030328,0.0,390.56802375,9825.98564825,2819.8693175,356237.88627127686,0.0,236608.77019457956,592846.6564658564,357773.1099148511,0.0,242670.78990917,600443.8998240212
423,10217.58496,0.023283,0.0,391.57602875,9825.98564825,2428.29328875,356237.88627127686,0.0,236608.77019457956,592846.6564658564,357773.1099148511,0.0,242670.78990917,600443.8998240212
424,10218.58592,0.014157000000000001,0.0,392.58611475,9825.98564825,2035.707174,356237.88627127686,0.0,236608.77019457956,592846.6564658564,357773.1099148511,0.0,242670.78990917,600443.8998240212
425,10219.58688,0.004535,0.0,393.596696750001,9825.98564825,1642.11047725,356237.88627127686,0.0,236608.77019457956,592846.6564658564,357773.1099148511,0.0,242670.78990917,600443.8998240212
426,10220.48751,0.0009519999999999999,0.0,394.500909750001,9825.98564825,1247.6095675,356237.88627127686,0.0,236608.77019457956,592846.6564658564,357773.1099148511,0.0,242670.78990917,600443.8998240212
427,10221.08808,0.0,0.0,395.10243175,9825.98564825,852.50713575,356237.88627127686,0.0,236608.77019457956,592846.6564658564,357773.1099148511,0.0,242670.78990917,600443.8998240212
428,10221.68866,0.0,0.0,395.70301175,9825.98564825,456.804124,356237.88627127686,0.0,236608.77019457956,592846.6564658564,357773.1099148511,0.0,242670.78990917,600443.8998240212
429,10222.28923,0.0,225.41988327841,0.0,10447.70911327841,655.173621285001,356237.88627127686,0.0,236608.77019457956,592846.6564658564,357773.1099148511,0.0,242670.78990917,600443.8998240212
430,10222.88981,0.0,224.819303278409,0.0,10447.70911327841,853.014608170001,356237.88627127686,0.0,236608.77019457956,592846.6564658564,357773.1099148511,0.0,242670.78990917,600443.8998240212
431,10223.45105,0.0,224.25806327841,0.0,10447.70911327841,1050.361703855,356237.88627127686,0.0,236608.77019457956,592846.6564658564,357773.1099148511,0.0,242670.78990917,600443.8998240212
432,10223.65125,0.0,224.057863278409,0.0,10447.70911327841,1247.53262354,356237.88627127686,0.0,236608.77019457956,592846.6564658564,357773.1099148511,0.0,242670.78990917,600443.8998240212
433,10223.85144,0.0,223.857673278409,0.0,10447.70911327841,1444.527376025,356237.88627127686,0.0,236608.77019457956,592846.6564658564,357773.1099148511,0.0,242670.78990917,600443.8998240212
434,10224.05163,0.0,223.65748327841,0.0,10447.70911327841,1641.34596131,356237.88627127686,0.0,236608.77019457956,592846.6564658564,357773.1099148511,0.0,242670.78990917,600443.8998240212
435,10224.25182,0.0,223.45729327841,0.0,10447.70911327841,1837.988379395,356237.88627127686,0.0,236608.77019457956,592846.6564658564,357773.1099148511,0.0,242670.78990917,600443.8998240212
436,10224.45201,0.0,223.257103278409,0.0,10447.70911327841,2034.45463028,356237.88627127686,0.0,236608.77019457956,592846.6564658564,357773.1099148511,0.0,242670.78990917,600443.8998240212
437,10224.65221,0.001065,223.05796827841,0.0,10447.70911327841,2230.74564236499,356237.88627127686,0.0,236608.77019457956,592846.6564658564,357773.1099148511,0.0,242670.78990917,600443.8998240212
438,10224.8524,0.0027370000000000003,222.859450278411,0.0,10447.70911327841,2426.86195861,356237.88627127686,0.0,236608.77019457956,592846.6564658564,357773.1099148511,0.0,242670.78990917,600443.8998240212
439,10225.05259,0.012631999999999999,222.66915527841,0.0,10447.70911327841,2622.810815255,356237.88627127686,0.0,236608.77019457956,592846.6564658564,357773.1099148511,0.0,242670.78990917,600443.8998240212
440,10225.25278,0.022671,222.47900427841,0.0,10447.70911327841,2818.59233902,356237.88627127686,0.0,236608.77019457956,592846.6564658564,357773.1099148511,0.0,242670.78990917,600443.8998240212
441,10225.45297,0.029718,222.285861278409,0.0,10447.70911327841,3014.203896945,356237.88627127686,0.0,236608.77019457956,592846.6564658564,357773.1099148511,0.0,242670.78990917,600443.8998240212
442,10225.65317,0.035619,222.09156227841,0.0,10447.70911327841,3209.64447175,356237.88627127686,0.0,236608.77019457956,592846.6564658564,357773.1099148511,0.0,242670.78990917,600443.8998240212
443,10225.85336,0.03739,221.89314327841,0.0,10447.70911327841,3404.910437835,356237.88627127686,0.0,236608.77019457956,592846.6564658564,357773.1099148511,0.0,242670.78990917,600443.8998240212
444,10226.05355,0.037121,221.692684278409,0.0,10447.70911327841,3600.0,356237.88627127686,0.0,236608.77019457956,592846.6564658564,357773.1099148511,0.0,242670.78990917,600443.8998240212
445,10226.25374,0.033635,0.0,400.23445675,9825.98564825,3199.76554325,356237.88627127686,0.0,236608.77019457956,592846.6564658564,357773.1099148511,0.0,242670.78990917,600443.8998240212
446,10226.45393,0.029806000000000003,0.0,400.438475749999,9825.98564825,2799.3270675,356237.88627127686,0.0,236608.77019457956,592846.6564658564,357773.1099148511,0.0,242670.78990917,600443.8998240212
447,10226.39741,0.023283,0.0,400.388478749999,9825.98564825,2398.93858875,356237.88627127686,0.0,236608.77019457956,592846.6564658564,357773.1099148511,0.0,242670.78990917,600443.8998240212
448,10226.19722,0.014184,0.0,400.19738775,9825.98564825,1998.741201,356237.88627127686,0.0,236608.77019457956,592846.6564658564,357773.1099148511,0.0,242670.78990917,600443.8998240212
449,10225.99703,0.004454,0.0,400.006927750001,9825.98564825,1598.73427325001,356237.88627127686,0.0,236608.77019457956,592846.6564658564,357773.1099148511,0.0,242670.78990917,600443.8998240212
450,10225.79683,0.000842,0.0,399.81033975,9825.98564825,1198.92393350001,356237.88627127686,0.0,236608.77019457956,592846.6564658564,357773.1099148511,0.0,242670.78990917,600443.8998240212
451,10225.59664,0.0,0.0,399.61099175,9825.98564825,799.312941750002,356237.88627127686,0.0,236608.77019457956,592846.6564658564,357773.1099148511,0.0,242670.78990917,600443.8998240212
452,10225.29859,0.0,0.0,399.31294175,9825.98564825,400.0,356237.88627127686,0.0,236608.77019457956,592846.6564658564,357773.1099148511,0.0,242670.78990917,600443.8998240212
453,10224.89821,0.0,222.810903278396,0.0,10447.709113278395,596.073594884988,356237.88627127686,0.0,236608.77019457956,592846.6564658564,357773.1099148511,0.0,242670.78990917,600443.8998240212
454,10224.49782,0.0,223.211293278409,0.0,10447.70911327841,792.499532969989,356237.88627127686,0.0,236608.77019457956,592846.6564658564,357773.1099148511,0.0,242670.78990917,600443.8998240212
455,10224.09744,0.0,223.61167327841,0.0,10447.70911327841,989.27780545499,356237.88627127686,0.0,236608.77019457956,592846.6564658564,357773.1099148511,0.0,242670.78990917,600443.8998240212
456,10223.69705,0.0,224.012063278409,0.0,10447.70911327841,1186.40842113999,356237.88627127686,0.0,236608.77019457956,592846.6564658564,357773.1099148511,0.0,242670.78990917,600443.8998240212
457,10223.36403,0.0,224.345083278409,0.0,10447.70911327841,1383.83209442499,356237.88627127686,0.0,236608.77019457956,592846.6564658564,357773.1099148511,0.0,242670.78990917,600443.8998240212
458,10223.16384,0.0,224.545273278411,0.0,10447.70911327841,1581.43193490999,356237.88627127686,0.0,236608.77019457956,592846.6564658564,357773.1099148511,0.0,242670.78990917,600443.8998240212
459,10222.96365,0.0,224.74546327841,0.0,10447.70911327841,1779.20794259499,356237.88627127686,0.0,236608.77019457956,592846.6564658564,357773.1099148511,0.0,242670.78990917,600443.8998240212
460,10222.76345,0.0,224.945663278409,0.0,10447.70911327841,1977.16012627999,356237.88627127686,0.0,236608.77019457956,592846.6564658564,357773.1099148511,0.0,242670.78990917,600443.8998240212
461,10222.56326,0.000978,225.146831278409,0.0,10447.70911327841,2175.28933780499,356237.88627127686,0.0,236608.77019457956,592846.6564658564,357773.1099148511,0.0,242670.78990917,600443.8998240212
462,10222.32621,0.002528,225.385431278411,0.0,10447.70911327841,2373.62851732999,356237.88627127686,0.0,236608.77019457956,592846.6564658564,357773.1099148511,0.0,242670.78990917,600443.8998240212
463,10221.92583,0.012259,225.795542278409,0.0,10447.70911327841,2572.32859453499,356237.88627127686,0.0,236608.77019457956,592846.6564658564,357773.1099148511,0.0,242670.78990917,600443.8998240212
464,10221.52544,0.02162,226.20529327841,0.0,10447.70911327841,2771.38925262,356237.88627127686,0.0,236608.77019457956,592846.6564658564,357773.1099148511,0.0,242670.78990917,600443.8998240212
465,10221.12506,0.028244000000000002,226.612297278409,0.0,10447.70911327841,2970.80807422499,356237.88627127686,0.0,236608.77019457956,592846.6564658564,357773.1099148511,0.0,242670.78990917,600443.8998240212
466,10220.72467,0.032188,227.016631278409,0.0,10447.70911327841,3170.58270975,356237.88627127686,0.0,236608.77019457956,592846.6564658564,357773.1099148511,0.0,242670.78990917,600443.8998240212
467,10220.32429,0.034631999999999996,227.41945527841,0.0,10447.70911327841,3370.711830395,356237.88627127686,0.0,236608.77019457956,592846.6564658564,357773.1099148511,0.0,242670.78990917,600443.8998240212
468,10219.92391,0.035385,227.82058827841,0.0,10447.70911327841,3571.19394808,356237.88627127686,0.0,236608.77019457956,592846.6564658564,357773.1099148511,0.0,242670.78990917,600443.8998240212
469,10219.52352,0.032693,0.0,429.612528829994,9789.878298170008,3141.58141925,356237.88627127686,0.0,236608.77019457956,592846.6564658564,357773.1099148511,0.0,242670.78990917,600443.8998240212
470,10219.12314,0.026605,0.0,393.110886750001,9825.98564825,2748.4705325,356237.88627127686,0.0,236608.77019457956,592846.6564658564,357773.1099148511,0.0,242670.78990917,600443.8998240212
471,10218.72275,0.022384,0.0,392.714717750001,9825.98564825,2355.75581475,356237.88627127686,0.0,236608.77019457956,592846.6564658564,357773.1099148511,0.0,242670.78990917,600443.8998240212
472,10218.32237,0.013474999999999999,0.0,392.32324675,9825.98564825,1963.432568,356237.88627127686,0.0,236608.77019457956,592846.6564658564,357773.1099148511,0.0,242670.78990917,600443.8998240212
473,10217.74593,0.004358,0.0,391.755923749999,9825.98564825,1571.67664425,356237.88627127686,0.0,236608.77019457956,592846.6564658564,357773.1099148511,0.0,242670.78990917,600443.8998240212
474,10217.14536,0.0007610000000000001,0.0,391.158950750001,9825.98564825,1180.5176935,356237.88627127686,0.0,236608.77019457956,592846.6564658564,357773.1099148511,0.0,242670.78990917,600443.8998240212
475,10216.54478,0.0,0.0,390.55913175,9825.98564825,789.95856175,356237.88627127686,0.0,236608.77019457956,592846.6564658564,357773.1099148511,0.0,242670.78990917,600443.8998240212
476,10215.94421,0.0,0.0,389.95856175,9825.98564825,400.0,356237.88627127686,0.0,236608.77019457956,592846.6564658564,357773.1099148511,0.0,242670.78990917,600443.8998240212
477,10215.34363,0.0,42.4028361875302,0.0,10257.74646618753,437.314495845027,356237.88627127686,0.0,236608.77019457956,592846.6564658564,357773.1099148511,0.0,242670.78990917,600443.8998240212
478,10214.45195,0.0,233.257163278372,0.0,10447.709113278372,642.580799529994,356237.88627127686,0.0,236608.77019457956,592846.6564658564,357773.1099148511,0.0,242670.78990917,600443.8998240212
479,10213.45099,0.0,234.25812327841,0.0,10447.70911327841,848.727948014995,356237.88627127686,0.0,236608.77019457956,592846.6564658564,357773.1099148511,0.0,242670.78990917,600443.8998240212
480,10212.45003,0.0,235.25908327841,0.0,10447.70911327841,1055.7559413,356237.88627127686,0.0,236608.77019457956,592846.6564658564,357773.1099148511,0.0,242670.78990917,600443.8998240212
481,10211.44907,0.0,236.260043278409,0.0,10447.70911327841,1263.664779385,356237.88627127686,0.0,236608.77019457956,592846.6564658564,357773.1099148511,0.0,242670.78990917,600443.8998240212
482,10210.44811,0.0,237.26100327841,0.0,10447.70911327841,1472.45446227,356237.88627127686,0.0,236608.77019457956,592846.6564658564,357773.1099148511,0.0,242670.78990917,600443.8998240212
483,10209.5622,0.0,238.14691327841,0.0,10447.70911327841,1682.023745955,356237.88627127686,0.0,236608.77019457956,592846.6564658564,357773.1099148511,0.0,242670.78990917,600443.8998240212
484,10208.76143,0.0,238.947683278409,0.0,10447.70911327841,1892.29770724,356237.88627127686,0.0,236608.77019457956,592846.6564658564,357773.1099148511,0.0,242670.78990917,600443.8998240212
485,10207.96066,0.0009699999999999999,239.749423278408,0.0,10447.70911327841,2103.277199725,356237.88627127686,0.0,236608.77019457956,592846.6564658564,357773.1099148511,0.0,242670.78990917,600443.8998240212
486,10207.1599,0.0024649999999999997,240.551678278409,0.0,10447.70911327841,2314.96267661,356237.88627127686,0.0,236608.77019457956,592846.6564658564,357773.1099148511,0.0,242670.78990917,600443.8998240212
487,10206.35913,0.011781000000000002,241.361764278408,0.0,10447.70911327841,2527.361029175,356237.88627127686,0.0,236608.77019457956,592846.6564658564,357773.1099148511,0.0,242670.78990917,600443.8998240212
488,10205.55836,0.020755,242.171508278409,0.0,10447.70911327841,2740.47195646,356237.88627127686,0.0,236608.77019457956,592846.6564658564,357773.1099148511,0.0,242670.78990917,600443.8998240212
489,10204.75759,0.027196,242.97871927841,0.0,10447.70911327841,2954.293229425,356237.88627127686,0.0,236608.77019457956,592846.6564658564,357773.1099148511,0.0,242670.78990917,600443.8998240212
490,10203.95682,0.031079000000000002,243.783372278411,0.0,10447.70911327841,3168.82259703,356237.88627127686,0.0,236608.77019457956,592846.6564658564,357773.1099148511,0.0,242670.78990917,600443.8998240212
491,10203.15606,0.032808000000000004,244.58586127841,0.0,10447.70911327841,3384.058154955,356237.88627127686,0.0,236608.77019457956,592846.6564658564,357773.1099148511,0.0,242670.78990917,600443.8998240212
492,10202.35529,0.034637,245.388460278411,0.0,10447.70911327841,3600.0,356237.88627127686,0.0,236608.77019457956,592846.6564658564,357773.1099148511,0.0,242670.78990917,600443.8998240212
493,10201.50047,0.030687000000000002,0.0,600.834493750002,9600.635289249998,2999.16550625,356237.88627127686,0.0,236608.77019457956,592846.6564658564,357773.1099148511,0.0,242670.78990917,600443.8998240212
494,10200.49951,0.02739,0.0,374.48647175,9825.98564825,2624.6790345,356237.88627127686,0.0,236608.77019457956,592846.6564658564,357773.1099148511,0.0,242670.78990917,600443.8998240212
495,10199.49855,0.021457999999999998,0.0,373.491443750001,9825.98564825,2251.18759075,356237.88627127686,0.0,236608.77019457956,592846.6564658564,357773.1099148511,0.0,242670.78990917,600443.8998240212
496,10198.49759,0.013590999999999999,0.0,372.49835075,9825.98564825,1878.68924,356237.88627127686,0.0,236608.77019457956,592846.6564658564,357773.1099148511,0.0,242670.78990917,600443.8998240212
497,10197.49663,0.005143,0.0,371.505838749999,9825.98564825,1507.18340125,356237.88627127686,0.0,236608.77019457956,592846.6564658564,357773.1099148511,0.0,242670.78990917,600443.8998240212
498,10196.44856,0.001304,0.0,370.461607750001,9825.98564825,1136.7217935,356237.88627127686,0.0,236608.77019457956,592846.6564658564,357773.1099148511,0.0,242670.78990917,600443.8998240212
499,10195.04722,0.0,0.0,369.06157175,9825.98564825,767.66022175,356237.88627127686,0.0,236608.77019457956,592846.6564658564,357773.1099148511,0.0,242670.78990917,600443.8998240212
500,10193.64587,0.0,0.0,367.66022175,9825.98564825,400.0,356237.88627127686,0.0,236608.77019457956,592846.6564658564,357773.1099148511,0.0,242670.78990917,600443.8998240212
501,10192.24453,0.0,0.0,0.0,10192.24453,400.0,356237.88627127686,0.0,236608.77019457956,592846.6564658564,357773.1099148511,0.0,242670.78990917,600443.8998240212
502,10190.84319,0.0,0.0,0.0,10190.84319,400.0,356237.88627127686,0.0,236608.77019457956,592846.6564658564,357773.1099148511,0.0,242670.78990917,600443.8998240212
503,10189.44184,0.0,0.0,0.0,10189.44184,400.0,356237.88627127686,0.0,236608.77019457956,592846.6564658564,357773.1099148511,0.0,242670.78990917,600443.8998240212
504,10188.23374,0.0,0.0,0.0,10188.23374,400.0,356237.88627127686,0.0,236608.77019457956,592846.6564658564,357773.1099148511,0.0,242670.78990917,600443.8998240212
505,10187.03259,0.0,0.0,0.0,10187.03259,400.0,356237.88627127686,0.0,236608.77019457956,592846.6564658564,357773.1099148511,0.0,242670.78990917,600443.8998240212
506,10185.83144,0.0,0.0,0.0,10185.83144,400.0,356237.88627127686,0.0,236608.77019457956,592846.6564658564,357773.1099148511,0.0,242670.78990917,600443.8998240212
507,10184.63028,0.0,0.0,0.0,10184.63028,400.0,356237.88627127686,0.0,236608.77019457956,592846.6564658564,357773.1099148511,0.0,242670.78990917,600443.8998240212
508,10183.42913,0.0,0.0,0.0,10183.42913,400.0,356237.88627127686,0.0,236608.77019457956,592846.6564658564,357773.1099148511,0.0,242670.78990917,600443.8998240212
509,10182.06524,0.001461,0.0,0.0,10182.063779,400.0,356237.88627127686,0.0,236608.77019457956,592846.6564658564,357773.1099148511,0.0,242670.78990917,600443.8998240212
510,10180.66389,0.00376,0.0,0.0,10180.66013,400.0,356237.88627127686,0.0,236608.77019457956,592846.6564658564,357773.1099148511,0.0,242670.78990917,600443.8998240212
511,10179.26255,0.011256,0.0,0.0,10179.251294,400.0,356237.88627127686,0.0,236608.77019457956,592846.6564658564,357773.1099148511,0.0,242670.78990917,600443.8998240212
512,10177.8612,0.019991,0.0,0.0,10177.841209,400.0,356237.88627127686,0.0,236608.77019457956,592846.6564658564,357773.1099148511,0.0,242670.78990917,600443.8998240212
513,10176.45986,0.026186,0.0,0.0,10176.433674000002,400.0,356237.88627127686,0.0,236608.77019457956,592846.6564658564,357773.1099148511,0.0,242670.78990917,600443.8998240212
514,10175.19076,0.027587,0.0,0.0,10175.163172999999,400.0,356237.88627127686,0.0,236608.77019457956,592846.6564658564,357773.1099148511,0.0,242670.78990917,600443.8998240212
515,10173.98961,0.028204,0.0,0.0,10173.961406,400.0,356237.88627127686,0.0,236608.77019457956,592846.6564658564,357773.1099148511,0.0,242670.78990917,600443.8998240212
516,10172.78845,0.031679,0.0,0.0,10172.756771,400.0,356237.88627127686,0.0,236608.77019457956,592846.6564658564,357773.1099148511,0.0,242670.78990917,600443.8998240212
517,10171.5873,0.031065000000000002,0.0,0.0,10171.556235,400.0,356237.88627127686,0.0,236608.77019457956,592846.6564658564,357773.1099148511,0.0,242670.78990917,600443.8998240212
518,10170.38615,0.028117000000000003,0.0,0.0,10170.358033,400.0,356237.88627127686,0.0,236608.77019457956,592846.6564658564,357773.1099148511,0.0,242670.78990917,600443.8998240212
519,10168.77802,0.015358,0.0,0.0,10168.762662,400.0,356237.88627127686,0.0,236608.77019457956,592846.6564658564,357773.1099148511,0.0,242670.78990917,600443.8998240212
520,10166.7761,0.011002000000000001,0.0,0.0,10166.765098,400.0,356237.88627127686,0.0,236608.77019457956,592846.6564658564,357773.1099148511,0.0,242670.78990917,600443.8998240212
521,10164.77418,0.005707,0.0,0.0,10164.768473,400.0,356237.88627127686,0.0,236608.77019457956,592846.6564658564,357773.1099148511,0.0,242670.78990917,600443.8998240212
522,10162.77226,0.001958,0.0,0.0,10162.770301999999,400.0,356237.88627127686,0.0,236608.77019457956,592846.6564658564,357773.1099148511,0.0,242670.78990917,600443.8998240212
523,10160.77034,0.0,0.0,0.0,10160.77034,400.0,356237.88627127686,0.0,236608.77019457956,592846.6564658564,357773.1099148511,0.0,242670.78990917,600443.8998240212
524,10158.76842,0.0,0.0,0.0,10158.76842,400.0,356237.88627127686,0.0,236608.77019457956,592846.6564658564,357773.1099148511,0.0,242670.78990917,600443.8998240212
525,10156.7665,0.0,0.0,0.0,10156.7665,400.0,356237.88627127686,0.0,236608.77019457956,592846.6564658564,357773.1099148511,0.0,242670.78990917,600443.8998240212
526,10154.76457,0.0,0.0,0.0,10154.76457,400.0,356237.88627127686,0.0,236608.77019457956,592846.6564658564,357773.1099148511,0.0,242670.78990917,600443.8998240212
527,10152.76265,0.0,0.0,0.0,10152.76265,400.0,356237.88627127686,0.0,236608.77019457956,592846.6564658564,357773.1099148511,0.0,242670.78990917,600443.8998240212
528,10150.76073,0.0,0.0,0.0,10150.76073,400.0,356237.88627127686,0.0,236608.77019457956,592846.6564658564,357773.1099148511,0.0,242670.78990917,600443.8998240212
529,10148.71807,0.0,0.0,0.0,10148.71807,400.0,356237.88627127686,0.0,236608.77019457956,592846.6564658564,357773.1099148511,0.0,242670.78990917,600443.8998240212
530,10146.51596,0.0,0.0,0.0,10146.51596,400.0,356237.88627127686,0.0,236608.77019457956,592846.6564658564,357773.1099148511,0.0,242670.78990917,600443.8998240212
531,10144.31384,0.0,0.0,0.0,10144.31384,400.0,356237.88627127686,0.0,236608.77019457956,592846.6564658564,357773.1099148511,0.0,242670.78990917,600443.8998240212
532,10142.11173,0.0,0.0,0.0,10142.11173,400.0,356237.88627127686,0.0,236608.77019457956,592846.6564658564,357773.1099148511,0.0,242670.78990917,600443.8998240212
533,10139.90962,0.001003,0.0,0.0,10139.908617000001,400.0,356237.88627127686,0.0,236608.77019457956,592846.6564658564,357773.1099148511,0.0,242670.78990917,600443.8998240212
534,10137.69726,0.002921,0.0,0.0,10137.694339000001,400.0,356237.88627127686,0.0,236608.77019457956,592846.6564658564,357773.1099148511,0.0,242670.78990917,600443.8998240212
535,10135.29496,0.00975,0.0,0.0,10135.28521,400.0,356237.88627127686,0.0,236608.77019457956,592846.6564658564,357773.1099148511,0.0,242670.78990917,600443.8998240212
536,10132.89265,0.017329999999999998,0.0,0.0,10132.87532,400.0,356237.88627127686,0.0,236608.77019457956,592846.6564658564,357773.1099148511,0.0,242670.78990917,600443.8998240212
537,10130.49035,0.027534,0.0,0.0,10130.462816,400.0,356237.88627127686,0.0,236608.77019457956,592846.6564658564,357773.1099148511,0.0,242670.78990917,600443.8998240212
538,10128.08804,0.025222,0.0,0.0,10128.062818,400.0,356237.88627127686,0.0,236608.77019457956,592846.6564658564,357773.1099148511,0.0,242670.78990917,600443.8998240212
539,10125.68574,0.027211,0.0,0.0,10125.658529,400.0,356237.88627127686,0.0,236608.77019457956,592846.6564658564,357773.1099148511,0.0,242670.78990917,600443.8998240212
540,10123.28343,0.029154,0.0,0.0,10123.254276,400.0,356237.88627127686,0.0,236608.77019457956,592846.6564658564,357773.1099148511,0.0,242670.78990917,600443.8998240212
541,10120.88113,0.028141,0.0,0.0,10120.852988999999,400.0,356237.88627127686,0.0,236608.77019457956,592846.6564658564,357773.1099148511,0.0,242670.78990917,600443.8998240212
542,10118.47882,0.023579000000000003,0.0,0.0,10118.455241,400.0,356237.88627127686,0.0,236608.77019457956,592846.6564658564,357773.1099148511,0.0,242670.78990917,600443.8998240212
543,10116.07652,0.022285,0.0,0.0,10116.054235000001,400.0,356237.88627127686,0.0,236608.77019457956,592846.6564658564,357773.1099148511,0.0,242670.78990917,600443.8998240212
544,10113.67422,0.013594,0.0,0.0,10113.660626,400.0,356237.88627127686,0.0,236608.77019457956,592846.6564658564,357773.1099148511,0.0,242670.78990917,600443.8998240212
545,10112.0191,0.004776,0.0,0.0,10112.014324,400.0,356237.88627127686,0.0,236608.77019457956,592846.6564658564,357773.1099148511,0.0,242670.78990917,600443.8998240212
546,10110.61775,0.000613,0.0,0.0,10110.617137,400.0,356237.88627127686,0.0,236608.77019457956,592846.6564658564,357773.1099148511,0.0,242670.78990917,600443.8998240212
547,10109.21641,0.0,0.0,0.0,10109.21641,400.0,356237.88627127686,0.0,236608.77019457956,592846.6564658564,357773.1099148511,0.0,242670.78990917,600443.8998240212
548,10107.81507,0.0,0.0,0.0,10107.81507,400.0,356237.88627127686,0.0,236608.77019457956,592846.6564658564,357773.1099148511,0.0,242670.78990917,600443.8998240212
549,10106.41372,0.0,0.0,0.0,10106.41372,400.0,356237.88627127686,0.0,236608.77019457956,592846.6564658564,357773.1099148511,0.0,242670.78990917,600443.8998240212
550,10105.25025,0.0,0.0,0.0,10105.25025,400.0,356237.88627127686,0.0,236608.77019457956,592846.6564658564,357773.1099148511,0.0,242670.78990917,600443.8998240212
551,10104.24929,0.0,0.0,0.0,10104.24929,400.0,356237.88627127686,0.0,236608.77019457956,592846.6564658564,357773.1099148511,0.0,242670.78990917,600443.8998240212
552,10103.24833,0.0,0.0,0.0,10103.24833,400.0,356237.88627127686,0.0,236608.77019457956,592846.6564658564,357773.1099148511,0.0,242670.78990917,600443.8998240212
553,10102.24737,0.0,0.0,0.0,10102.24737,400.0,356237.88627127686,0.0,236608.77019457956,592846.6564658564,357773.1099148511,0.0,242670.78990917,600443.8998240212
554,10101.24641,0.0,94.4380325795318,0.0,10195.684442579532,483.105468669988,356237.88627127686,0.0,236608.77019457956,592846.6564658564,357773.1099148511,0.0,242670.78990917,600443.8998240212
555,10100.06858,0.0,347.640533278411,0.0,10447.70911327841,789.029137954989,356237.88627127686,0.0,236608.77019457956,592846.6564658564,357773.1099148511,0.0,242670.78990917,600443.8998240212
556,10098.66723,0.0,349.04188327842,0.0,10447.709113278419,1096.18599524,356237.88627127686,0.0,236608.77019457956,592846.6564658564,357773.1099148511,0.0,242670.78990917,600443.8998240212
557,10097.26589,0.00109,350.444313278409,0.0,10447.70911327841,1404.576990925,356237.88627127686,0.0,236608.77019457956,592846.6564658564,357773.1099148511,0.0,242670.78990917,600443.8998240212
558,10095.86454,0.003835,351.848408278403,0.0,10447.709113278404,1714.20359020999,356237.88627127686,0.0,236608.77019457956,592846.6564658564,357773.1099148511,0.0,242670.78990917,600443.8998240212
559,10094.4632,0.012447,353.258360278409,0.0,10447.70911327841,2025.07094725499,356237.88627127686,0.0,236608.77019457956,592846.6564658564,357773.1099148511,0.0,242670.78990917,600443.8998240212
560,10093.00392,0.02057,354.725763278411,0.0,10447.70911327841,2337.22961894,356237.88627127686,0.0,236608.77019457956,592846.6564658564,357773.1099148511,0.0,242670.78990917,600443.8998240212
561,10091.40238,0.028334,356.335067278411,0.0,10447.70911327841,2650.804478145,356237.88627127686,0.0,236608.77019457956,592846.6564658564,357773.1099148511,0.0,242670.78990917,600443.8998240212
562,10089.80084,0.033665,357.941938278411,0.0,10447.70911327841,2965.79338383,356237.88627127686,0.0,236608.77019457956,592846.6564658564,357773.1099148511,0.0,242670.78990917,600443.8998240212
563,10088.19931,0.033843000000000005,359.543646278409,0.0,10447.70911327841,3282.191792555,356237.88627127686,0.0,236608.77019457956,592846.6564658564,357773.1099148511,0.0,242670.78990917,600443.8998240212
564,10086.59777,0.034347,361.14569027841,0.0,10447.70911327841,3600.0,356237.88627127686,0.0,236608.77019457956,592846.6564658564,357773.1099148511,0.0,242670.78990917,600443.8998240212
565,10084.99623,0.032327,0.0,1000.0,9084.963903,2599.99999999999,356237.88627127686,0.0,236608.77019457956,592846.6564658564,357773.1099148511,0.0,242670.78990917,600443.8998240212
566,10083.3947,0.027829,0.0,688.619548499993,9394.747322500007,1911.3804515,356237.88627127686,0.0,236608.77019457956,592846.6564658564,357773.1099148511,0.0,242670.78990917,600443.8998240212
567,10081.79316,0.022343000000000002,0.0,255.785168749999,9825.98564825,1655.59528275,356237.88627127686,0.0,236608.77019457956,592846.6564658564,357773.1099148511,0.0,242670.78990917,600443.8998240212
568,10080.19163,0.008954,0.0,254.197027749999,9825.98564825,1401.398255,356237.88627127686,0.0,236608.77019457956,592846.6564658564,357773.1099148511,0.0,242670.78990917,600443.8998240212
569,10078.59009,0.002578,0.0,252.60186375,9825.98564825,1148.79639125,356237.88627127686,0.0,236608.77019457956,592846.6564658564,357773.1099148511,0.0,242670.78990917,600443.8998240212
570,10076.98855,0.002164,0.0,251.000737750001,9825.98564825,897.795653500001,356237.88627127686,0.0,236608.77019457956,592846.6564658564,357773.1099148511,0.0,242670.78990917,600443.8998240212
571,10075.58415,0.0,0.0,249.598501750001,9825.98564825,648.197151750001,356237.88627127686,0.0,236608.77019457956,592846.6564658564,357773.1099148511,0.0,242670.78990917,600443.8998240212
572,10074.1828,0.0,0.0,248.197151750001,9825.98564825,400.0,356237.88627127686,0.0,236608.77019457956,592846.6564658564,357773.1099148511,0.0,242670.78990917,600443.8998240212
573,10072.78146,0.0,0.0,0.0,10072.78146,400.0,356237.88627127686,0.0,236608.77019457956,592846.6564658564,357773.1099148511,0.0,242670.78990917,600443.8998240212
574,10071.38011,0.0,0.0,0.0,10071.38011,400.0,356237.88627127686,0.0,236608.77019457956,592846.6564658564,357773.1099148511,0.0,242670.78990917,600443.8998240212
575,10069.97877,0.0,0.0,0.0,10069.97877,400.0,356237.88627127686,0.0,236608.77019457956,592846.6564658564,357773.1099148511,0.0,242670.78990917,600443.8998240212
576,10068.41079,0.0,0.0,0.0,10068.41079,400.0,356237.88627127686,0.0,236608.77019457956,592846.6564658564,357773.1099148511,0.0,242670.78990917,600443.8998240212
577,10066.80926,0.0,0.0,0.0,10066.80926,400.0,356237.88627127686,0.0,236608.77019457956,592846.6564658564,357773.1099148511,0.0,242670.78990917,600443.8998240212
578,10065.20772,0.0,0.0,0.0,10065.20772,400.0,356237.88627127686,0.0,236608.77019457956,592846.6564658564,357773.1099148511,0.0,242670.78990917,600443.8998240212
579,10063.60619,0.0,80.4291858579414,0.0,10144.035375857942,470.777683554988,356237.88627127686,0.0,236608.77019457956,592846.6564658564,357773.1099148511,0.0,242670.78990917,600443.8998240212
580,10062.00465,0.0,385.704463278409,0.0,10447.70911327841,810.197611239988,356237.88627127686,0.0,236608.77019457956,592846.6564658564,357773.1099148511,0.0,242670.78990917,600443.8998240212
581,10059.85859,0.001456,387.85197927841,0.0,10447.70911327841,1151.50735300499,356237.88627127686,0.0,236608.77019457956,592846.6564658564,357773.1099148511,0.0,242670.78990917,600443.8998240212
582,10057.45629,0.003241,390.256064278402,0.0,10447.709113278403,1494.93268956998,356237.88627127686,0.0,236608.77019457956,592846.6564658564,357773.1099148511,0.0,242670.78990917,600443.8998240212
583,10055.05398,0.011210000000000001,392.66634327841,0.0,10447.70911327841,1840.47907165498,356237.88627127686,0.0,236608.77019457956,592846.6564658564,357773.1099148511,0.0,242670.78990917,600443.8998240212
584,10052.65168,0.019843,395.077276278425,0.0,10447.709113278426,2188.14707478,356237.88627127686,0.0,236608.77019457956,592846.6564658564,357773.1099148511,0.0,242670.78990917,600443.8998240212
585,10050.24937,0.026203,397.48594627841,0.0,10447.70911327841,2537.934707505,356237.88627127686,0.0,236608.77019457956,592846.6564658564,357773.1099148511,0.0,242670.78990917,600443.8998240212
586,10047.84707,0.031884,399.89392727841,0.0,10447.70911327841,2889.84136351,356237.88627127686,0.0,236608.77019457956,592846.6564658564,357773.1099148511,0.0,242670.78990917,600443.8998240212
587,10045.44476,0.034139,402.298492278409,0.0,10447.70911327841,3243.864036715,356237.88627127686,0.0,236608.77019457956,592846.6564658564,357773.1099148511,0.0,242670.78990917,600443.8998240212
588,10043.04246,0.033305,404.69995827841,0.0,10447.70911327841,3600.0,356237.88627127686,0.0,236608.77019457956,592846.6564658564,357773.1099148511,0.0,242670.78990917,600443.8998240212
589,10040.64015,0.031612,0.0,1000.0,9040.608537999999,2599.99999999999,356237.88627127686,0.0,236608.77019457956,592846.6564658564,357773.1099148511,0.0,242670.78990917,600443.8998240212
590,10038.23785,0.027511,0.0,973.567225499987,9064.643113500013,1626.4327745,356237.88627127686,0.0,236608.77019457956,592846.6564658564,357773.1099148511,0.0,242670.78990917,600443.8998240212
591,10035.91068,0.021704,0.0,209.90332775,9825.98564825,1416.52944675,356237.88627127686,0.0,236608.77019457956,592846.6564658564,357773.1099148511,0.0,242670.78990917,600443.8998240212
592,10033.70856,0.013737000000000001,0.0,207.70917475,9825.98564825,1208.820272,356237.88627127686,0.0,236608.77019457956,592846.6564658564,357773.1099148511,0.0,242670.78990917,600443.8998240212
593,10031.50645,0.00475,0.0,205.516051750001,9825.98564825,1003.30422025,356237.88627127686,0.0,236608.77019457956,592846.6564658564,357773.1099148511,0.0,242670.78990917,600443.8998240212
594,10029.30434,0.000885,0.0,203.317806750001,9825.98564825,799.986413500001,356237.88627127686,0.0,236608.77019457956,592846.6564658564,357773.1099148511,0.0,242670.78990917,600443.8998240212
595,10027.10223,0.0,0.0,201.11658175,9825.98564825,598.86983175,356237.88627127686,0.0,236608.77019457956,592846.6564658564,357773.1099148511,0.0,242670.78990917,600443.8998240212
596,10024.85548,0.0,0.0,198.86983175,9825.98564825,400.0,356237.88627127686,0.0,236608.77019457956,592846.6564658564,357773.1099148511,0.0,242670.78990917,600443.8998240212
597,10022.45318,0.0,0.0,0.0,10022.45318,400.0,356237.88627127686,0.0,236608.77019457956,592846.6564658564,357773.1099148511,0.0,242670.78990917,600443.8998240212
598,10020.05087,0.0,0.0,0.0,10020.05087,400.0,356237.88627127686,0.0,236608.77019457956,592846.6564658564,357773.1099148511,0.0,242670.78990917,600443.8998240212
599,10017.64857,0.0,0.0,0.0,10017.64857,400.0,356237.88627127686,0.0,236608.77019457956,592846.6564658564,357773.1099148511,0.0,242670.78990917,600443.8998240212
600,10015.24626,0.0,0.0,0.0,10015.24626,400.0,356237.88627127686,0.0,236608.77019457956,592846.6564658564,357773.1099148511,0.0,242670.78990917,600443.8998240212
601,10012.87222,0.0,0.0,0.0,10012.87222,400.0,356237.88627127686,0.0,236608.77019457956,592846.6564658564,357773.1099148511,0.0,242670.78990917,600443.8998240212
602,10010.8703,0.0,0.0,0.0,10010.8703,400.0,356237.88627127686,0.0,236608.77019457956,592846.6564658564,357773.1099148511,0.0,242670.78990917,600443.8998240212
603,10008.86838,0.0,0.0,0.0,10008.86838,400.0,356237.88627127686,0.0,236608.77019457956,592846.6564658564,357773.1099148511,0.0,242670.78990917,600443.8998240212
604,10006.86646,0.0,45.9113551363192,0.0,10052.777815136318,440.401992519961,356237.88627127686,0.0,236608.77019457956,592846.6564658564,357773.1099148511,0.0,242670.78990917,600443.8998240212
605,10004.86454,0.0015249999999999999,442.846098278417,0.0,10447.709113278417,830.106559004968,356237.88627127686,0.0,236608.77019457956,592846.6564658564,357773.1099148511,0.0,242670.78990917,600443.8998240212
606,10002.86262,0.002928,444.84942127841,0.0,10447.70911327841,1221.57404972997,356237.88627127686,0.0,236608.77019457956,592846.6564658564,357773.1099148511,0.0,242670.78990917,600443.8998240212
607,10001.22835,0.011389,446.49215227841,0.0,10447.70911327841,1614.48714373497,356237.88627127686,0.0,236608.77019457956,592846.6564658564,357773.1099148511,0.0,242670.78990917,600443.8998240212
608,9999.62681,0.019771999999999998,448.10207527841,0.0,10447.70911327841,2008.81696997997,356237.88627127686,0.0,236608.77019457956,592846.6564658564,357773.1099148511,0.0,242670.78990917,600443.8998240212
609,9998.025274,0.026588,449.710427278441,0.0,10447.70911327844,2404.562145985,356237.88627127686,0.0,236608.77019457956,592846.6564658564,357773.1099148511,0.0,242670.78990917,600443.8998240212
610,9996.423737,0.030821,451.316197278411,0.0,10447.70911327841,2801.72039959,356237.88627127686,0.0,236608.77019457956,592846.6564658564,357773.1099148511,0.0,242670.78990917,600443.8998240212
611,9994.822201,0.033584,452.92049627841,0.0,10447.70911327841,3200.290436315,356237.88627127686,0.0,236608.77019457956,592846.6564658564,357773.1099148511,0.0,242670.78990917,600443.8998240212
612,9993.527312,0.033612,454.215413278409,0.0,10447.70911327841,3600.0,356237.88627127686,0.0,236608.77019457956,592846.6564658564,357773.1099148511,0.0,242670.78990917,600443.8998240212
613,9992.326159,0.031913000000000004,0.0,1000.0,8992.294246,2599.99999999999,356237.88627127686,0.0,236608.77019457956,592846.6564658564,357773.1099148511,0.0,242670.78990917,600443.8998240212
614,9991.125007,0.028536000000000002,0.0,1000.0,8991.096471,1599.99999999999,356237.88627127686,0.0,236608.77019457956,592846.6564658564,357773.1099148511,0.0,242670.78990917,600443.8998240212
615,9989.923855,0.019586,0.0,398.346985249994,9591.557283750004,1201.65301475,356237.88627127686,0.0,236608.77019457956,592846.6564658564,357773.1099148511,0.0,242670.78990917,600443.8998240212
616,9988.722703,0.01495,0.0,162.722104749999,9825.98564825,1038.93091,356237.88627127686,0.0,236608.77019457956,592846.6564658564,357773.1099148511,0.0,242670.78990917,600443.8998240212
617,9987.52155,0.004813,0.0,161.53108875,9825.98564825,877.399821250001,356237.88627127686,0.0,236608.77019457956,592846.6564658564,357773.1099148511,0.0,242670.78990917,600443.8998240212
618,9986.320398,0.000971,0.0,160.33377875,9825.98564825,717.066042500001,356237.88627127686,0.0,236608.77019457956,592846.6564658564,357773.1099148511,0.0,242670.78990917,600443.8998240212
619,9985.119246,0.0,0.0,159.13359775,9825.98564825,557.93244475,356237.88627127686,0.0,236608.77019457956,592846.6564658564,357773.1099148511,0.0,242670.78990917,600443.8998240212
620,9983.918093,0.0,0.0,157.93244475,9825.98564825,400.0,356237.88627127686,0.0,236608.77019457956,592846.6564658564,357773.1099148511,0.0,242670.78990917,600443.8998240212
621,9982.716941,0.0,0.0,0.0,9982.716941,400.0,356237.88627127686,0.0,236608.77019457956,592846.6564658564,357773.1099148511,0.0,242670.78990917,600443.8998240212
622,9981.608113,0.0,0.0,0.0,9981.608113,400.0,356237.88627127686,0.0,236608.77019457956,592846.6564658564,357773.1099148511,0.0,242670.78990917,600443.8998240212
623,9980.607153,0.0,0.0,0.0,9980.607153,400.0,356237.88627127686,0.0,236608.77019457956,592846.6564658564,357773.1099148511,0.0,242670.78990917,600443.8998240212
624,9979.606192,0.0,0.0,0.0,9979.606192,400.0,356237.88627127686,0.0,236608.77019457956,592846.6564658564,357773.1099148511,0.0,242670.78990917,600443.8998240212
625,9978.605232,0.0,0.0,0.0,9978.605232,400.0,356237.88627127686,0.0,236608.77019457956,592846.6564658564,357773.1099148511,0.0,242670.78990917,600443.8998240212
626,9977.604272,0.0,0.0,0.0,9977.604272,400.0,356237.88627127686,0.0,236608.77019457956,592846.6564658564,357773.1099148511,0.0,242670.78990917,600443.8998240212
627,9976.541488,0.0,0.0,0.0,9976.541488,400.0,356237.88627127686,0.0,236608.77019457956,592846.6564658564,357773.1099148511,0.0,242670.78990917,600443.8998240212
628,9975.340335,0.0,0.0,0.0,9975.340335,400.0,356237.88627127686,0.0,236608.77019457956,592846.6564658564,357773.1099148511,0.0,242670.78990917,600443.8998240212
629,9974.139183,0.001377,289.741517414772,0.0,10263.87932341477,654.972535325,356237.88627127686,0.0,236608.77019457956,592846.6564658564,357773.1099148511,0.0,242670.78990917,600443.8998240212
630,9972.938031,0.002774,474.773856278414,0.0,10447.709113278413,1072.77352885,356237.88627127686,0.0,236608.77019457956,592846.6564658564,357773.1099148511,0.0,242670.78990917,600443.8998240212
631,9971.736879,0.011118000000000001,475.98335227841,0.0,10447.70911327841,1491.638878855,356237.88627127686,0.0,236608.77019457956,592846.6564658564,357773.1099148511,0.0,242670.78990917,600443.8998240212
632,9970.567051,0.020279000000000002,477.162341278404,0.0,10447.709113278404,1911.54173918,356237.88627127686,0.0,236608.77019457956,592846.6564658564,357773.1099148511,0.0,242670.78990917,600443.8998240212
633,9969.56609,0.027102,478.17012527841,0.0,10447.70911327841,2332.331449425,356237.88627127686,0.0,236608.77019457956,592846.6564658564,357773.1099148511,0.0,242670.78990917,600443.8998240212
634,9968.56513,0.031053,479.17503627841,0.0,10447.70911327841,2754.00548135,356237.88627127686,0.0,236608.77019457956,592846.6564658564,357773.1099148511,0.0,242670.78990917,600443.8998240212
635,9967.56417,0.033399000000000005,480.17834227841,0.0,10447.70911327841,3176.562422555,356237.88627127686,0.0,236608.77019457956,592846.6564658564,357773.1099148511,0.0,242670.78990917,600443.8998240212
636,9966.56321,0.033162,481.179065278409,0.0,10447.70911327841,3600.0,356237.88627127686,0.0,236608.77019457956,592846.6564658564,357773.1099148511,0.0,242670.78990917,600443.8998240212
637,9965.561425,0.031601,0.0,1000.0,8965.529824,2600.0,356237.88627127686,0.0,236608.77019457956,592846.6564658564,357773.1099148511,0.0,242670.78990917,600443.8998240212
638,9964.360273,0.027347000000000003,0.0,1000.0,8964.332926000001,1600.0,356237.88627127686,0.0,236608.77019457956,592846.6564658564,357773.1099148511,0.0,242670.78990917,600443.8998240212
639,9963.159121,0.021267,0.0,532.708589250007,9430.429264749993,1067.29141075,356237.88627127686,0.0,236608.77019457956,592846.6564658564,357773.1099148511,0.0,242670.78990917,600443.8998240212
640,9961.957968,0.013257,0.0,135.95906275,9825.98564825,931.332347999998,356237.88627127686,0.0,236608.77019457956,592846.6564658564,357773.1099148511,0.0,242670.78990917,600443.8998240212
641,9960.756816,0.0033490000000000004,0.0,134.767818749999,9825.98564825,796.564529249999,356237.88627127686,0.0,236608.77019457956,592846.6564658564,357773.1099148511,0.0,242670.78990917,600443.8998240212
642,9959.555664,0.0008359999999999999,0.0,133.56917975,9825.98564825,662.995349499999,356237.88627127686,0.0,236608.77019457956,592846.6564658564,357773.1099148511,0.0,242670.78990917,600443.8998240212
643,9958.183995,0.0,0.0,132.198346749999,9825.98564825,530.79700275,356237.88627127686,0.0,236608.77019457956,592846.6564658564,357773.1099148511,0.0,242670.78990917,600443.8998240212
644,9956.782651,0.0,0.0,130.79700275,9825.98564825,400.0,356237.88627127686,0.0,236608.77019457956,592846.6564658564,357773.1099148511,0.0,242670.78990917,600443.8998240212
645,9955.381306,0.0,0.0,0.0,9955.381306,400.0,356237.88627127686,0.0,236608.77019457956,592846.6564658564,357773.1099148511,0.0,242670.78990917,600443.8998240212
646,9953.979962,0.0,0.0,0.0,9953.979962,400.0,356237.88627127686,0.0,236608.77019457956,592846.6564658564,357773.1099148511,0.0,242670.78990917,600443.8998240212
647,9952.578618,0.0,0.0,0.0,9952.578618,400.0,356237.88627127686,0.0,236608.77019457956,592846.6564658564,357773.1099148511,0.0,242670.78990917,600443.8998240212
648,9951.037257,0.0,0.0,0.0,9951.037257,400.0,356237.88627127686,0.0,236608.77019457956,592846.6564658564,357773.1099148511,0.0,242670.78990917,600443.8998240212
649,9949.43572,0.0,0.0,0.0,9949.43572,400.0,356237.88627127686,0.0,236608.77019457956,592846.6564658564,357773.1099148511,0.0,242670.78990917,600443.8998240212
650,9947.834184,0.0,0.0,0.0,9947.834184,400.0,356237.88627127686,0.0,236608.77019457956,592846.6564658564,357773.1099148511,0.0,242670.78990917,600443.8998240212
651,9946.232648,0.0,0.0,0.0,9946.232648,400.0,356237.88627127686,0.0,236608.77019457956,592846.6564658564,357773.1099148511,0.0,242670.78990917,600443.8998240212
652,9944.631111,0.0,0.0,0.0,9944.631111,400.0,356237.88627127686,0.0,236608.77019457956,592846.6564658564,357773.1099148511,0.0,242670.78990917,600443.8998240212
653,9942.920058,0.0014399999999999999,52.2333714147594,0.0,9995.151989414759,445.965366844988,356237.88627127686,0.0,236608.77019457956,592846.6564658564,357773.1099148511,0.0,242670.78990917,600443.8998240212
654,9941.11833,0.002927,506.59371027841,0.0,10447.70911327841,891.767831889989,356237.88627127686,0.0,236608.77019457956,592846.6564658564,357773.1099148511,0.0,242670.78990917,600443.8998240212
655,9939.316601,0.011309,508.403821278411,0.0,10447.709113278412,1339.16319461499,356237.88627127686,0.0,236608.77019457956,592846.6564658564,357773.1099148511,0.0,242670.78990917,600443.8998240212
656,9937.514873,0.020005,510.21424527841,0.0,10447.70911327841,1788.15173045999,356237.88627127686,0.0,236608.77019457956,592846.6564658564,357773.1099148511,0.0,242670.78990917,600443.8998240212
657,9935.713145,0.026716,512.022684278418,0.0,10447.709113278417,2238.731692625,356237.88627127686,0.0,236608.77019457956,592846.6564658564,357773.1099148511,0.0,242670.78990917,600443.8998240212
658,9933.911416,0.030719000000000003,513.828416278409,0.0,10447.70911327841,2690.90069895,356237.88627127686,0.0,236608.77019457956,592846.6564658564,357773.1099148511,0.0,242670.78990917,600443.8998240212
659,9932.109688,0.033299999999999996,515.632725278409,0.0,10447.70911327841,3144.657497195,356237.88627127686,0.0,236608.77019457956,592846.6564658564,357773.1099148511,0.0,242670.78990917,600443.8998240212
660,9930.307959,0.033508,517.434662278411,0.0,10447.70911327841,3600.0,356237.88627127686,0.0,236608.77019457956,592846.6564658564,357773.1099148511,0.0,242670.78990917,600443.8998240212
661,9928.506231,0.031659,0.0,1000.0,8928.474572,2600.0,356237.88627127686,0.0,236608.77019457956,592846.6564658564,357773.1099148511,0.0,242670.78990917,600443.8998240212
662,9926.704503,0.02789,0.0,1000.0,8926.676613000001,1600.0,356237.88627127686,0.0,236608.77019457956,592846.6564658564,357773.1099148511,0.0,242670.78990917,600443.8998240212
663,9924.951291,0.021587,0.0,729.194535249999,9195.735168750001,870.805464749999,356237.88627127686,0.0,236608.77019457956,592846.6564658564,357773.1099148511,0.0,242670.78990917,600443.8998240212
664,9923.349755,0.013601000000000002,0.0,97.3505057499988,9825.98564825,773.454959000001,356237.88627127686,0.0,236608.77019457956,592846.6564658564,357773.1099148511,0.0,242670.78990917,600443.8998240212
665,9921.748219,0.003063,0.0,95.7595077499991,9825.98564825,677.695451250001,356237.88627127686,0.0,236608.77019457956,592846.6564658564,357773.1099148511,0.0,242670.78990917,600443.8998240212
666,9920.146682,0.001059,0.0,94.1599747500004,9825.98564825,583.535476500001,356237.88627127686,0.0,236608.77019457956,592846.6564658564,357773.1099148511,0.0,242670.78990917,600443.8998240212
667,9918.545146,0.0,0.0,92.5594977500004,9825.98564825,490.975978750001,356237.88627127686,0.0,236608.77019457956,592846.6564658564,357773.1099148511,0.0,242670.78990917,600443.8998240212
668,9916.961627,0.0,0.0,90.9759787500006,9825.98564825,400.0,356237.88627127686,0.0,236608.77019457956,592846.6564658564,357773.1099148511,0.0,242670.78990917,600443.8998240212
669,9915.560282,0.0,0.0,0.0,9915.560282,400.0,356237.88627127686,0.0,236608.77019457956,592846.6564658564,357773.1099148511,0.0,242670.78990917,600443.8998240212
670,9914.158938,0.0,0.0,0.0,9914.158938,400.0,356237.88627127686,0.0,236608.77019457956,592846.6564658564,357773.1099148511,0.0,242670.78990917,600443.8998240212
671,9912.757594,0.0,0.0,0.0,9912.757594,400.0,356237.88627127686,0.0,236608.77019457956,592846.6564658564,357773.1099148511,0.0,242670.78990917,600443.8998240212
672,9911.35625,0.0,0.0,0.0,9911.35625,400.0,356237.88627127686,0.0,236608.77019457956,592846.6564658564,357773.1099148511,0.0,242670.78990917,600443.8998240212
673,9909.954905,0.0,0.0,0.0,9909.954905,400.0,356237.88627127686,0.0,236608.77019457956,592846.6564658564,357773.1099148511,0.0,242670.78990917,600443.8998240212
674,9908.553561,0.0,0.0,0.0,9908.553561,400.0,356237.88627127686,0.0,236608.77019457956,592846.6564658564,357773.1099148511,0.0,242670.78990917,600443.8998240212
675,9907.152217,0.0,0.0,0.0,9907.152217,400.0,356237.88627127686,0.0,236608.77019457956,592846.6564658564,357773.1099148511,0.0,242670.78990917,600443.8998240212
676,9905.750872,0.0,0.0,0.0,9905.750872,400.0,356237.88627127686,0.0,236608.77019457956,592846.6564658564,357773.1099148511,0.0,242670.78990917,600443.8998240212
677,9904.349528,0.001242,0.0,0.0,9904.348286,400.0,356237.88627127686,0.0,236608.77019457956,592846.6564658564,357773.1099148511,0.0,242670.78990917,600443.8998240212
678,9902.948184,0.002819,0.0,0.0,9902.945365000001,400.0,356237.88627127686,0.0,236608.77019457956,592846.6564658564,357773.1099148511,0.0,242670.78990917,600443.8998240212
679,9901.861259,0.010808,0.0,0.0,9901.850450999998,400.0,356237.88627127686,0.0,236608.77019457956,592846.6564658564,357773.1099148511,0.0,242670.78990917,600443.8998240212
680,9900.860298,0.019281,0.0,0.0,9900.841016999999,400.0,356237.88627127686,0.0,236608.77019457956,592846.6564658564,357773.1099148511,0.0,242670.78990917,600443.8998240212
681,9899.859338,0.026565000000000002,0.0,0.0,9899.832773,400.0,356237.88627127686,0.0,236608.77019457956,592846.6564658564,357773.1099148511,0.0,242670.78990917,600443.8998240212
682,9898.858378,0.029539000000000003,0.0,0.0,9898.828839000002,400.0,356237.88627127686,0.0,236608.77019457956,592846.6564658564,357773.1099148511,0.0,242670.78990917,600443.8998240212
683,9897.857418,0.032852,0.0,0.0,9897.824566,400.0,356237.88627127686,0.0,236608.77019457956,592846.6564658564,357773.1099148511,0.0,242670.78990917,600443.8998240212
684,9896.729748,0.033623,0.0,0.0,9896.696125,400.0,356237.88627127686,0.0,236608.77019457956,592846.6564658564,357773.1099148511,0.0,242670.78990917,600443.8998240212
685,9895.528595,0.030531,0.0,0.0,9895.498064,400.0,356237.88627127686,0.0,236608.77019457956,592846.6564658564,357773.1099148511,0.0,242670.78990917,600443.8998240212
686,9894.327443,0.028118,0.0,0.0,9894.299325,400.0,356237.88627127686,0.0,236608.77019457956,592846.6564658564,357773.1099148511,0.0,242670.78990917,600443.8998240212
687,9893.126291,0.014179,0.0,0.0,9893.112112,400.0,356237.88627127686,0.0,236608.77019457956,592846.6564658564,357773.1099148511,0.0,242670.78990917,600443.8998240212
688,9891.925139,0.006352000000000001,0.0,0.0,9891.918787,400.0,356237.88627127686,0.0,236608.77019457956,592846.6564658564,357773.1099148511,0.0,242670.78990917,600443.8998240212
689,9890.627776,0.003579,0.0,0.0,9890.624197,400.0,356237.88627127686,0.0,236608.77019457956,592846.6564658564,357773.1099148511,0.0,242670.78990917,600443.8998240212
690,9889.226432,0.0019039999999999999,0.0,0.0,9889.224527999999,400.0,356237.88627127686,0.0,236608.77019457956,592846.6564658564,357773.1099148511,0.0,242670.78990917,600443.8998240212
691,9887.825088,0.0,0.0,0.0,9887.825088,400.0,356237.88627127686,0.0,236608.77019457956,592846.6564658564,357773.1099148511,0.0,242670.78990917,600443.8998240212
692,9886.423744,0.0,0.0,0.0,9886.423744,400.0,356237.88627127686,0.0,236608.77019457956,592846.6564658564,357773.1099148511,0.0,242670.78990917,600443.8998240212
693,9885.022399,0.0,0.0,0.0,9885.022399,400.0,356237.88627127686,0.0,236608.77019457956,592846.6564658564,357773.1099148511,0.0,242670.78990917,600443.8998240212
694,9883.686765,0.0,0.0,0.0,9883.686765,400.0,356237.88627127686,0.0,236608.77019457956,592846.6564658564,357773.1099148511,0.0,242670.78990917,600443.8998240212
695,9882.485613,0.0,0.0,0.0,9882.485613,400.0,356237.88627127686,0.0,236608.77019457956,592846.6564658564,357773.1099148511,0.0,242670.78990917,600443.8998240212
696,9881.28446,0.0,0.0,0.0,9881.28446,400.0,356237.88627127686,0.0,236608.77019457956,592846.6564658564,357773.1099148511,0.0,242670.78990917,600443.8998240212
697,9880.083308,0.0,0.0,0.0,9880.083308,400.0,356237.88627127686,0.0,236608.77019457956,592846.6564658564,357773.1099148511,0.0,242670.78990917,600443.8998240212
698,9878.882156,0.0,0.0,0.0,9878.882156,400.0,356237.88627127686,0.0,236608.77019457956,592846.6564658564,357773.1099148511,0.0,242670.78990917,600443.8998240212
699,9877.645793,0.0,0.0,0.0,9877.645793,400.0,356237.88627127686,0.0,236608.77019457956,592846.6564658564,357773.1099148511,0.0,242670.78990917,600443.8998240212
700,9876.244449,0.0,0.0,0.0,9876.244449,400.0,356237.88627127686,0.0,236608.77019457956,592846.6564658564,357773.1099148511,0.0,242670.78990917,600443.8998240212
701,9874.843105,0.0012250000000000002,0.0,0.0,9874.84188,400.0,356237.88627127686,0.0,236608.77019457956,592846.6564658564,357773.1099148511,0.0,242670.78990917,600443.8998240212
702,9873.441761,0.003559,0.0,0.0,9873.438202,400.0,356237.88627127686,0.0,236608.77019457956,592846.6564658564,357773.1099148511,0.0,242670.78990917,600443.8998240212
703,9872.040416,0.010646000000000001,0.0,0.0,9872.02977,400.0,356237.88627127686,0.0,236608.77019457956,592846.6564658564,357773.1099148511,0.0,242670.78990917,600443.8998240212
704,9870.634361,0.019442,0.0,0.0,9870.614919,400.0,356237.88627127686,0.0,236608.77019457956,592846.6564658564,357773.1099148511,0.0,242670.78990917,600443.8998240212
705,9869.032825,0.025687,0.0,0.0,9869.007138,400.0,356237.88627127686,0.0,236608.77019457956,592846.6564658564,357773.1099148511,0.0,242670.78990917,600443.8998240212
706,9867.431289,0.030657,0.0,0.0,9867.400632,400.0,356237.88627127686,0.0,236608.77019457956,592846.6564658564,357773.1099148511,0.0,242670.78990917,600443.8998240212
707,9865.829752,0.03325,0.0,0.0,9865.796502,400.0,356237.88627127686,0.0,236608.77019457956,592846.6564658564,357773.1099148511,0.0,242670.78990917,600443.8998240212
708,9864.228216,0.033905000000000005,0.0,0.0,9864.194311,400.0,356237.88627127686,0.0,236608.77019457956,592846.6564658564,357773.1099148511,0.0,242670.78990917,600443.8998240212
709,9862.62668,0.013551,0.0,0.0,9862.613129,400.0,356237.88627127686,0.0,236608.77019457956,592846.6564658564,357773.1099148511,0.0,242670.78990917,600443.8998240212
710,9861.025143,0.007964,0.0,0.0,9861.017179,400.0,356237.88627127686,0.0,236608.77019457956,592846.6564658564,357773.1099148511,0.0,242670.78990917,600443.8998240212
711,9859.423607,0.011456,0.0,0.0,9859.412151,400.0,356237.88627127686,0.0,236608.77019457956,592846.6564658564,357773.1099148511,0.0,242670.78990917,600443.8998240212
712,9857.822071,0.008763,0.0,0.0,9857.813308,400.0,356237.88627127686,0.0,236608.77019457956,592846.6564658564,357773.1099148511,0.0,242670.78990917,600443.8998240212
713,9856.220534,0.005242,0.0,0.0,9856.215292,400.0,356237.88627127686,0.0,236608.77019457956,592846.6564658564,357773.1099148511,0.0,242670.78990917,600443.8998240212
714,9854.618998,0.0011330000000000001,0.0,0.0,9854.617865,400.0,356237.88627127686,0.0,236608.77019457956,592846.6564658564,357773.1099148511,0.0,242670.78990917,600443.8998240212
715,9853.736975,0.0,0.0,0.0,9853.736975,400.0,356237.88627127686,0.0,236608.77019457956,592846.6564658564,357773.1099148511,0.0,242670.78990917,600443.8998240212
716,9853.136399,0.0,30.8602193465886,0.0,9883.99661834659,427.156993024998,356237.88627127686,0.0,236608.77019457956,592846.6564658564,357773.1099148511,0.0,242670.78990917,600443.8998240212
717,9852.535823,0.0,595.17329027841,0.0,10447.70911327841,950.909488469999,356237.88627127686,0.0,236608.77019457956,592846.6564658564,357773.1099148511,0.0,242670.78990917,600443.8998240212
718,9851.935247,0.0,595.77386627841,0.0,10447.70911327841,1475.190490795,356237.88627127686,0.0,236608.77019457956,592846.6564658564,357773.1099148511,0.0,242670.78990917,600443.8998240212
719,9851.334671,0.0,596.374442278409,0.0,10447.70911327841,2000.0,356237.88627127686,0.0,236608.77019457956,592846.6564658564,357773.1099148511,0.0,242670.78990917,600443.8998240212
