time,Pload,Ppv,Pcharge,Pdischarge,Ptotal,state of charge,energy_charge_with_es,nem_charge_with_es,demand_charge_with_es,total_bill_with_es,energy_charge_without_es,nem_charge_without_es,demand_charge_without_es,total_bill_without_es
0,9871.839518,0.0,0.0,0.0,9871.839518,2000.0,342778.7556115699,0.0,186277.28878981422,529056.0444013842,343132.6867056742,0.0,190187.3561694,533320.0428750742
1,9870.037789,0.0,0.0,0.0,9870.037789,2000.0,342778.7556115699,0.0,186277.28878981422,529056.0444013842,343132.6867056742,0.0,190187.3561694,533320.0428750742
2,9868.277512,0.0,0.0,0.0,9868.277512,2000.0,342778.7556115699,0.0,186277.28878981422,529056.0444013842,343132.6867056742,0.0,190187.3561694,533320.0428750742
3,9866.675976,0.0,0.0,0.0,9866.675976,2000.0,342778.7556115699,0.0,186277.28878981422,529056.0444013842,343132.6867056742,0.0,190187.3561694,533320.0428750742
4,9865.07444,0.0,0.0,0.0,9865.07444,2000.0,342778.7556115699,0.0,186277.28878981422,529056.0444013842,343132.6867056742,0.0,190187.3561694,533320.0428750742
5,9863.472903,0.0,0.0,0.0,9863.472903,2000.0,342778.7556115699,0.0,186277.28878981422,529056.0444013842,343132.6867056742,0.0,190187.3561694,533320.0428750742
6,9861.871367,0.001905,0.0,0.0,9861.869462,2000.0,342778.7556115699,0.0,186277.28878981422,529056.0444013842,343132.6867056742,0.0,190187.3561694,533320.0428750742
7,9860.280782,0.012696,0.0,0.0,9860.268086,2000.0,342778.7556115699,0.0,186277.28878981422,529056.0444013842,343132.6867056742,0.0,190187.3561694,533320.0428750742
8,9858.879438,0.023673,0.0,0.0,9858.855765,2000.0,342778.7556115699,0.0,186277.28878981422,529056.0444013842,343132.6867056742,0.0,190187.3561694,533320.0428750742
9,9857.478094,0.029825,0.0,0.0,9857.448269,2000.0,342778.7556115699,0.0,186277.28878981422,529056.0444013842,343132.6867056742,0.0,190187.3561694,533320.0428750742
10,9856.076749,0.034332,396.384534926137,0.0,10252.426951926138,2348.818390735,342778.7556115699,0.0,186277.28878981422,529056.0444013842,343132.6867056742,0.0,190187.3561694,533320.0428750742
11,9854.675405,0.036597000000000005,710.19905212784,0.0,10564.83786012784,2973.7935566075,342778.7556115699,0.0,186277.28878981422,529056.0444013842,343132.6867056742,0.0,190187.3561694,533320.0428750742
12,9853.274061,0.034432000000000004,711.59823112784,0.0,10564.83786012784,3600.0,342778.7556115699,0.0,186277.28878981422,529056.0444013842,343132.6867056742,0.0,190187.3561694,533320.0428750742
13,9851.692072,0.031338000000000005,0.0,1000.0,8851.660734,2600.0,342778.7556115699,0.0,186277.28878981422,529056.0444013842,343132.6867056742,0.0,190187.3561694,533320.0428750742
14,9850.090536,0.025588000000000003,0.0,1000.0,8850.064948,1600.0,342778.7556115699,0.0,186277.28878981422,529056.0444013842,343132.6867056742,0.0,190187.3561694,533320.0428750742
15,9848.489,0.018112,0.0,1000.0,8848.470888,600.0,342778.7556115699,0.0,186277.28878981422,529056.0444013842,343132.6867056742,0.0,190187.3561694,533320.0428750742
16,9846.887463,0.0065309999999999995,0.0,200.0,9646.880931999998,400.0,342778.7556115699,0.0,186277.28878981422,529056.0444013842,343132.6867056742,0.0,190187.3561694,533320.0428750742
17,9845.285927,0.001192,0.0,0.0,9845.284735000001,400.0,342778.7556115699,0.0,186277.28878981422,529056.0444013842,343132.6867056742,0.0,190187.3561694,533320.0428750742
18,9843.684391,0.0,0.0,0.0,9843.684391,400.0,342778.7556115699,0.0,186277.28878981422,529056.0444013842,343132.6867056742,0.0,190187.3561694,533320.0428750742
19,9842.082854,0.0,0.0,0.0,9842.082854,400.0,342778.7556115699,0.0,186277.28878981422,529056.0444013842,343132.6867056742,0.0,190187.3561694,533320.0428750742
20,9840.481318,0.0,0.0,0.0,9840.481318,400.0,342778.7556115699,0.0,186277.28878981422,529056.0444013842,343132.6867056742,0.0,190187.3561694,533320.0428750742
21,9838.879782,0.0,659.738972852276,0.0,10498.618754852276,980.570296110003,342778.7556115699,0.0,186277.28878981422,529056.0444013842,343132.6867056742,0.0,190187.3561694,533320.0428750742
22,9837.278245,0.0,0.0,0.0,9837.278245,980.570296110003,342778.7556115699,0.0,186277.28878981422,529056.0444013842,343132.6867056742,0.0,190187.3561694,533320.0428750742
23,9835.796353,0.0,0.0,0.0,9835.796353,980.570296110003,342778.7556115699,0.0,186277.28878981422,529056.0444013842,343132.6867056742,0.0,190187.3561694,533320.0428750742
24,9834.395009,0.0,0.0,0.0,9834.395009,980.570296110003,342778.7556115699,0.0,186277.28878981422,529056.0444013842,343132.6867056742,0.0,190187.3561694,533320.0428750742
25,9832.993664,0.0,0.0,0.0,9832.993664,980.570296110003,342778.7556115699,0.0,186277.28878981422,529056.0444013842,343132.6867056742,0.0,190187.3561694,533320.0428750742
26,9831.59232,0.0,0.0,0.0,9831.59232,980.570296110003,342778.7556115699,0.0,186277.28878981422,529056.0444013842,343132.6867056742,0.0,190187.3561694,533320.0428750742
27,9830.190976,0.0,0.0,0.0,9830.190976,980.570296110003,342778.7556115699,0.0,186277.28878981422,529056.0444013842,343132.6867056742,0.0,190187.3561694,533320.0428750742
28,9828.878776,0.0,0.0,0.0,9828.878776,980.570296110003,342778.7556115699,0.0,186277.28878981422,529056.0444013842,343132.6867056742,0.0,190187.3561694,533320.0428750742
29,9827.677624,0.0,0.0,0.0,9827.677624,980.570296110003,342778.7556115699,0.0,186277.28878981422,529056.0444013842,343132.6867056742,0.0,190187.3561694,533320.0428750742
30,9826.476471,0.002404,0.0,0.0,9826.474067,980.570296110003,342778.7556115699,0.0,186277.28878981422,529056.0444013842,343132.6867056742,0.0,190187.3561694,533320.0428750742
31,9825.275319,0.012403,0.0,0.0,9825.262916,980.570296110003,342778.7556115699,0.0,186277.28878981422,529056.0444013842,343132.6867056742,0.0,190187.3561694,533320.0428750742
32,9824.074167,0.019907,0.0,0.0,9824.05426,980.570296110003,342778.7556115699,0.0,186277.28878981422,529056.0444013842,343132.6867056742,0.0,190187.3561694,533320.0428750742
33,9822.81437,0.025544,742.04903412784,0.0,10564.83786012784,1633.5734461425,342778.7556115699,0.0,186277.28878981422,529056.0444013842,343132.6867056742,0.0,190187.3561694,533320.0428750742
34,9821.413026,0.032333,743.457167127839,0.0,10564.83786012784,2287.815753215,342778.7556115699,0.0,186277.28878981422,529056.0444013842,343132.6867056742,0.0,190187.3561694,533320.0428750742
35,9820.011681,0.034851999999999994,744.861031127841,0.0,10564.83786012784,2943.2934606075,342778.7556115699,0.0,186277.28878981422,529056.0444013842,343132.6867056742,0.0,190187.3561694,533320.0428750742
36,9818.610337,0.029908,746.25743112784,0.0,10564.83786012784,3600.0,342778.7556115699,0.0,186277.28878981422,529056.0444013842,343132.6867056742,0.0,190187.3561694,533320.0428750742
37,9817.208993,0.02305,0.0,1000.0,8817.185943,2600.0,342778.7556115699,0.0,186277.28878981422,529056.0444013842,343132.6867056742,0.0,190187.3561694,533320.0428750742
38,9815.863938,0.02675,0.0,1000.0,8815.837188,1600.0,342778.7556115699,0.0,186277.28878981422,529056.0444013842,343132.6867056742,0.0,190187.3561694,533320.0428750742
39,9814.862978,0.016184,0.0,1000.0,8814.846794,600.0,342778.7556115699,0.0,186277.28878981422,529056.0444013842,343132.6867056742,0.0,190187.3561694,533320.0428750742
40,9813.862017,0.004417,0.0,200.0,9613.8576,400.0,342778.7556115699,0.0,186277.28878981422,529056.0444013842,343132.6867056742,0.0,190187.3561694,533320.0428750742
41,9812.861057,0.000277,0.0,0.0,9812.86078,400.0,342778.7556115699,0.0,186277.28878981422,529056.0444013842,343132.6867056742,0.0,190187.3561694,533320.0428750742
42,9811.860097,0.0,0.0,0.0,9811.860097,400.0,342778.7556115699,0.0,186277.28878981422,529056.0444013842,343132.6867056742,0.0,190187.3561694,533320.0428750742
43,9810.859137,0.0,0.0,0.0,9810.859137,400.0,342778.7556115699,0.0,186277.28878981422,529056.0444013842,343132.6867056742,0.0,190187.3561694,533320.0428750742
44,9810.25385,0.0,0.0,0.0,9810.25385,400.0,342778.7556115699,0.0,186277.28878981422,529056.0444013842,343132.6867056742,0.0,190187.3561694,533320.0428750742
45,9809.653274,0.0,755.18458612784,0.0,10564.83786012784,1064.5624357925,342778.7556115699,0.0,186277.28878981422,529056.0444013842,343132.6867056742,0.0,190187.3561694,533320.0428750742
46,9809.052698,0.0,590.734526852277,0.0,10399.787224852276,1584.4088194225,342778.7556115699,0.0,186277.28878981422,529056.0444013842,343132.6867056742,0.0,190187.3561694,533320.0428750742
47,9808.452122,0.0,0.0,0.0,9808.452122,1584.4088194225,342778.7556115699,0.0,186277.28878981422,529056.0444013842,343132.6867056742,0.0,190187.3561694,533320.0428750742
48,9807.851546,0.0,0.0,0.0,9807.851546,1584.4088194225,342778.7556115699,0.0,186277.28878981422,529056.0444013842,343132.6867056742,0.0,190187.3561694,533320.0428750742
49,9807.250969,0.0,0.0,0.0,9807.250969,1584.4088194225,342778.7556115699,0.0,186277.28878981422,529056.0444013842,343132.6867056742,0.0,190187.3561694,533320.0428750742
50,9806.650393,0.0,0.0,0.0,9806.650393,1584.4088194225,342778.7556115699,0.0,186277.28878981422,529056.0444013842,343132.6867056742,0.0,190187.3561694,533320.0428750742
51,9806.049817,0.0,0.0,0.0,9806.049817,1584.4088194225,342778.7556115699,0.0,186277.28878981422,529056.0444013842,343132.6867056742,0.0,190187.3561694,533320.0428750742
52,9805.449241,0.0,0.0,0.0,9805.449241,1584.4088194225,342778.7556115699,0.0,186277.28878981422,529056.0444013842,343132.6867056742,0.0,190187.3561694,533320.0428750742
53,9804.848665,0.0,0.0,0.0,9804.848665,1584.4088194225,342778.7556115699,0.0,186277.28878981422,529056.0444013842,343132.6867056742,0.0,190187.3561694,533320.0428750742
54,9804.248089,0.0007980000000000001,0.0,0.0,9804.247291000001,1584.4088194225,342778.7556115699,0.0,186277.28878981422,529056.0444013842,343132.6867056742,0.0,190187.3561694,533320.0428750742
55,9803.647513,0.006502,0.0,0.0,9803.641011,1584.4088194225,342778.7556115699,0.0,186277.28878981422,529056.0444013842,343132.6867056742,0.0,190187.3561694,533320.0428750742
56,9803.046937,0.022594000000000003,0.0,0.0,9803.024343,1584.4088194225,342778.7556115699,0.0,186277.28878981422,529056.0444013842,343132.6867056742,0.0,190187.3561694,533320.0428750742
57,9802.44636,0.030674,0.0,0.0,9802.415686,1584.4088194225,342778.7556115699,0.0,186277.28878981422,529056.0444013842,343132.6867056742,0.0,190187.3561694,533320.0428750742
58,9801.845784,0.025073,763.017149127842,0.0,10564.83786012784,2255.863910655,342778.7556115699,0.0,186277.28878981422,529056.0444013842,343132.6867056742,0.0,190187.3561694,533320.0428750742
59,9801.351545,0.023306,763.50962112784,0.0,10564.83786012784,2927.7523772475,342778.7556115699,0.0,186277.28878981422,529056.0444013842,343132.6867056742,0.0,190187.3561694,533320.0428750742
60,9800.951161,0.031054,763.917753127838,0.0,10564.83786012784,3600.0,342778.7556115699,0.0,186277.28878981422,529056.0444013842,343132.6867056742,0.0,190187.3561694,533320.0428750742
61,9800.550777,0.034057000000000004,0.0,1000.0,8800.51672,2600.0,342778.7556115699,0.0,186277.28878981422,529056.0444013842,343132.6867056742,0.0,190187.3561694,533320.0428750742
62,9800.150393,0.028120000000000003,0.0,1000.0,8800.122272999999,1600.0,342778.7556115699,0.0,186277.28878981422,529056.0444013842,343132.6867056742,0.0,190187.3561694,533320.0428750742
63,9799.750009,0.020468,0.0,1000.0,8799.729540999999,600.0,342778.7556115699,0.0,186277.28878981422,529056.0444013842,343132.6867056742,0.0,190187.3561694,533320.0428750742
64,9799.273788,0.009746000000000001,0.0,200.0,9599.264042,400.0,342778.7556115699,0.0,186277.28878981422,529056.0444013842,343132.6867056742,0.0,190187.3561694,533320.0428750742
65,9798.673211,0.001087,0.0,0.0,9798.672123999999,400.0,342778.7556115699,0.0,186277.28878981422,529056.0444013842,343132.6867056742,0.0,190187.3561694,533320.0428750742
66,9798.072635,0.0,0.0,0.0,9798.072635,400.0,342778.7556115699,0.0,186277.28878981422,529056.0444013842,343132.6867056742,0.0,190187.3561694,533320.0428750742
67,9797.472059,0.0,0.0,0.0,9797.472059,400.0,342778.7556115699,0.0,186277.28878981422,529056.0444013842,343132.6867056742,0.0,190187.3561694,533320.0428750742
68,9796.871483,0.0,0.0,0.0,9796.871483,400.0,342778.7556115699,0.0,186277.28878981422,529056.0444013842,343132.6867056742,0.0,190187.3561694,533320.0428750742
69,9796.316245,0.0,768.52161512784,0.0,10564.83786012784,1076.2990213125,342778.7556115699,0.0,186277.28878981422,529056.0444013842,343132.6867056742,0.0,190187.3561694,533320.0428750742
70,9795.91586,0.0,545.347437852275,0.0,10341.263297852274,1556.2047666225,342778.7556115699,0.0,186277.28878981422,529056.0444013842,343132.6867056742,0.0,190187.3561694,533320.0428750742
71,9795.515476,0.0,0.0,0.0,9795.515476,1556.2047666225,342778.7556115699,0.0,186277.28878981422,529056.0444013842,343132.6867056742,0.0,190187.3561694,533320.0428750742
72,9795.115092,0.0,0.0,0.0,9795.115092,1556.2047666225,342778.7556115699,0.0,186277.28878981422,529056.0444013842,343132.6867056742,0.0,190187.3561694,533320.0428750742
73,9794.714708,0.0,0.0,0.0,9794.714708,1556.2047666225,342778.7556115699,0.0,186277.28878981422,529056.0444013842,343132.6867056742,0.0,190187.3561694,533320.0428750742
74,9794.314324,0.0,0.0,0.0,9794.314324,1556.2047666225,342778.7556115699,0.0,186277.28878981422,529056.0444013842,343132.6867056742,0.0,190187.3561694,533320.0428750742
75,9793.91394,0.0,0.0,0.0,9793.91394,1556.2047666225,342778.7556115699,0.0,186277.28878981422,529056.0444013842,343132.6867056742,0.0,190187.3561694,533320.0428750742
76,9793.513556,0.0,0.0,0.0,9793.513556,1556.2047666225,342778.7556115699,0.0,186277.28878981422,529056.0444013842,343132.6867056742,0.0,190187.3561694,533320.0428750742
77,9793.113172,0.0,0.0,0.0,9793.113172,1556.2047666225,342778.7556115699,0.0,186277.28878981422,529056.0444013842,343132.6867056742,0.0,190187.3561694,533320.0428750742
78,9792.712788,0.002556,0.0,0.0,9792.710232000001,1556.2047666225,342778.7556115699,0.0,186277.28878981422,529056.0444013842,343132.6867056742,0.0,190187.3561694,533320.0428750742
79,9792.312404,0.013256,0.0,0.0,9792.299148,1556.2047666225,342778.7556115699,0.0,186277.28878981422,529056.0444013842,343132.6867056742,0.0,190187.3561694,533320.0428750742
80,9791.91202,0.024094,0.0,0.0,9791.887926,1556.2047666225,342778.7556115699,0.0,186277.28878981422,529056.0444013842,343132.6867056742,0.0,190187.3561694,533320.0428750742
81,9791.511635,0.031702,0.0,0.0,9791.479933,1556.2047666225,342778.7556115699,0.0,186277.28878981422,529056.0444013842,343132.6867056742,0.0,190187.3561694,533320.0428750742
82,9791.111251,0.036689,773.76329812784,0.0,10564.83786012784,2237.116468975,342778.7556115699,0.0,186277.28878981422,529056.0444013842,343132.6867056742,0.0,190187.3561694,533320.0428750742
83,9790.710867,0.038692000000000004,774.16568512784,0.0,10564.83786012784,2918.3822718875,342778.7556115699,0.0,186277.28878981422,529056.0444013842,343132.6867056742,0.0,190187.3561694,533320.0428750742
84,9790.310483,0.038223,774.56560012784,0.0,10564.83786012784,3600.0,342778.7556115699,0.0,186277.28878981422,529056.0444013842,343132.6867056742,0.0,190187.3561694,533320.0428750742
85,9790.064129,0.0351,0.0,1000.0,8790.029029000001,2600.0,342778.7556115699,0.0,186277.28878981422,529056.0444013842,343132.6867056742,0.0,190187.3561694,533320.0428750742
86,9789.863937,0.027438,0.0,1000.0,8789.836499000001,1600.0,342778.7556115699,0.0,186277.28878981422,529056.0444013842,343132.6867056742,0.0,190187.3561694,533320.0428750742
87,9789.663745,0.020925000000000003,0.0,1000.0,8789.64282,600.0,342778.7556115699,0.0,186277.28878981422,529056.0444013842,343132.6867056742,0.0,190187.3561694,533320.0428750742
88,9789.463553,0.010171,0.0,200.0,9589.453382,400.0,342778.7556115699,0.0,186277.28878981422,529056.0444013842,343132.6867056742,0.0,190187.3561694,533320.0428750742
89,9789.263361,0.0014190000000000001,0.0,0.0,9789.261942,400.0,342778.7556115699,0.0,186277.28878981422,529056.0444013842,343132.6867056742,0.0,190187.3561694,533320.0428750742
90,9788.939639,0.0,0.0,0.0,9788.939639,400.0,342778.7556115699,0.0,186277.28878981422,529056.0444013842,343132.6867056742,0.0,190187.3561694,533320.0428750742
91,9788.539255,0.0,0.0,0.0,9788.539255,400.0,342778.7556115699,0.0,186277.28878981422,529056.0444013842,343132.6867056742,0.0,190187.3561694,533320.0428750742
92,9788.138871,0.0,0.0,0.0,9788.138871,400.0,342778.7556115699,0.0,186277.28878981422,529056.0444013842,343132.6867056742,0.0,190187.3561694,533320.0428750742
93,9787.738486,0.0,0.0,0.0,9787.738486,400.0,342778.7556115699,0.0,186277.28878981422,529056.0444013842,343132.6867056742,0.0,190187.3561694,533320.0428750742
94,9787.338102,0.0,0.0,0.0,9787.338102,400.0,342778.7556115699,0.0,186277.28878981422,529056.0444013842,343132.6867056742,0.0,190187.3561694,533320.0428750742
95,9786.937718,0.0,0.0,0.0,9786.937718,400.0,342778.7556115699,0.0,186277.28878981422,529056.0444013842,343132.6867056742,0.0,190187.3561694,533320.0428750742
96,9786.537334,0.0,0.0,0.0,9786.537334,400.0,342778.7556115699,0.0,186277.28878981422,529056.0444013842,343132.6867056742,0.0,190187.3561694,533320.0428750742
97,9786.13695,0.0,0.0,0.0,9786.13695,400.0,342778.7556115699,0.0,186277.28878981422,529056.0444013842,343132.6867056742,0.0,190187.3561694,533320.0428750742
98,9785.736566,0.0,0.0,0.0,9785.736566,400.0,342778.7556115699,0.0,186277.28878981422,529056.0444013842,343132.6867056742,0.0,190187.3561694,533320.0428750742
99,9785.336182,0.0,0.0,0.0,9785.336182,400.0,342778.7556115699,0.0,186277.28878981422,529056.0444013842,343132.6867056742,0.0,190187.3561694,533320.0428750742
100,9784.998328,0.0,0.0,0.0,9784.998328,400.0,342778.7556115699,0.0,186277.28878981422,529056.0444013842,343132.6867056742,0.0,190187.3561694,533320.0428750742
101,9784.798136,0.0,0.0,0.0,9784.798136,400.0,342778.7556115699,0.0,186277.28878981422,529056.0444013842,343132.6867056742,0.0,190187.3561694,533320.0428750742
102,9784.597944,0.002416,0.0,0.0,9784.595528,400.0,342778.7556115699,0.0,186277.28878981422,529056.0444013842,343132.6867056742,0.0,190187.3561694,533320.0428750742
103,9784.397752,0.013003,0.0,0.0,9784.384749,400.0,342778.7556115699,0.0,186277.28878981422,529056.0444013842,343132.6867056742,0.0,190187.3561694,533320.0428750742
104,9784.19756,0.023814000000000002,0.0,0.0,9784.173746,400.0,342778.7556115699,0.0,186277.28878981422,529056.0444013842,343132.6867056742,0.0,190187.3561694,533320.0428750742
105,9783.997368,0.031163,0.0,0.0,9783.966205,400.0,342778.7556115699,0.0,186277.28878981422,529056.0444013842,343132.6867056742,0.0,190187.3561694,533320.0428750742
106,9783.797176,0.035262999999999996,0.0,0.0,9783.761913,400.0,342778.7556115699,0.0,186277.28878981422,529056.0444013842,343132.6867056742,0.0,190187.3561694,533320.0428750742
107,9783.596984,0.037097000000000005,0.0,0.0,9783.559887,400.0,342778.7556115699,0.0,186277.28878981422,529056.0444013842,343132.6867056742,0.0,190187.3561694,533320.0428750742
108,9783.396792,0.037083,0.0,0.0,9783.359709,400.0,342778.7556115699,0.0,186277.28878981422,529056.0444013842,343132.6867056742,0.0,190187.3561694,533320.0428750742
109,9783.1966,0.034436,0.0,0.0,9783.162164,400.0,342778.7556115699,0.0,186277.28878981422,529056.0444013842,343132.6867056742,0.0,190187.3561694,533320.0428750742
110,9782.997939,0.02702,0.0,0.0,9782.970919000001,400.0,342778.7556115699,0.0,186277.28878981422,529056.0444013842,343132.6867056742,0.0,190187.3561694,533320.0428750742
111,9782.997939,0.020749,0.0,0.0,9782.977190000001,400.0,342778.7556115699,0.0,186277.28878981422,529056.0444013842,343132.6867056742,0.0,190187.3561694,533320.0428750742
112,9782.997939,0.010143000000000001,0.0,0.0,9782.987796000001,400.0,342778.7556115699,0.0,186277.28878981422,529056.0444013842,343132.6867056742,0.0,190187.3561694,533320.0428750742
113,9782.997939,0.0012170000000000002,0.0,0.0,9782.996722,400.0,342778.7556115699,0.0,186277.28878981422,529056.0444013842,343132.6867056742,0.0,190187.3561694,533320.0428750742
114,9782.997939,0.0,0.0,0.0,9782.997939,400.0,342778.7556115699,0.0,186277.28878981422,529056.0444013842,343132.6867056742,0.0,190187.3561694,533320.0428750742
115,9782.997939,0.0,0.0,0.0,9782.997939,400.0,342778.7556115699,0.0,186277.28878981422,529056.0444013842,343132.6867056742,0.0,190187.3561694,533320.0428750742
116,9782.826716,0.0,0.0,0.0,9782.826716,400.0,342778.7556115699,0.0,186277.28878981422,529056.0444013842,343132.6867056742,0.0,190187.3561694,533320.0428750742
117,9782.626524,0.0,0.0,0.0,9782.626524,400.0,342778.7556115699,0.0,186277.28878981422,529056.0444013842,343132.6867056742,0.0,190187.3561694,533320.0428750742
118,9782.426332,0.0,0.0,0.0,9782.426332,400.0,342778.7556115699,0.0,186277.28878981422,529056.0444013842,343132.6867056742,0.0,190187.3561694,533320.0428750742
119,9782.22614,0.0,0.0,0.0,9782.22614,400.0,342778.7556115699,0.0,186277.28878981422,529056.0444013842,343132.6867056742,0.0,190187.3561694,533320.0428750742
120,9782.025948,0.0,0.0,0.0,9782.025948,400.0,342778.7556115699,0.0,186277.28878981422,529056.0444013842,343132.6867056742,0.0,190187.3561694,533320.0428750742
121,9781.825756,0.0,0.0,0.0,9781.825756,400.0,342778.7556115699,0.0,186277.28878981422,529056.0444013842,343132.6867056742,0.0,190187.3561694,533320.0428750742
122,9781.625563,0.0,0.0,0.0,9781.625563,400.0,342778.7556115699,0.0,186277.28878981422,529056.0444013842,343132.6867056742,0.0,190187.3561694,533320.0428750742
123,9781.425371,0.0,0.0,0.0,9781.425371,400.0,342778.7556115699,0.0,186277.28878981422,529056.0444013842,343132.6867056742,0.0,190187.3561694,533320.0428750742
124,9781.225179,0.0,0.0,0.0,9781.225179,400.0,342778.7556115699,0.0,186277.28878981422,529056.0444013842,343132.6867056742,0.0,190187.3561694,533320.0428750742
125,9781.024987,0.0,783.812873127839,0.0,10564.83786012784,1089.7553283525,342778.7556115699,0.0,186277.28878981422,529056.0444013842,343132.6867056742,0.0,190187.3561694,533320.0428750742
126,9780.935019,0.002385,526.840191852276,0.0,10307.772825852277,1553.3746971825,342778.7556115699,0.0,186277.28878981422,529056.0444013842,343132.6867056742,0.0,190187.3561694,533320.0428750742
127,9780.935019,0.012888,0.0,0.0,9780.922131000001,1553.3746971825,342778.7556115699,0.0,186277.28878981422,529056.0444013842,343132.6867056742,0.0,190187.3561694,533320.0428750742
128,9780.935019,0.022297,0.0,0.0,9780.912722000001,1553.3746971825,342778.7556115699,0.0,186277.28878981422,529056.0444013842,343132.6867056742,0.0,190187.3561694,533320.0428750742
129,9780.935019,0.030563,0.0,0.0,9780.904456,1553.3746971825,342778.7556115699,0.0,186277.28878981422,529056.0444013842,343132.6867056742,0.0,190187.3561694,533320.0428750742
130,9780.935019,0.036357999999999994,0.0,0.0,9780.898661000001,1553.3746971825,342778.7556115699,0.0,186277.28878981422,529056.0444013842,343132.6867056742,0.0,190187.3561694,533320.0428750742
131,9780.935019,0.038499000000000005,0.0,0.0,9780.89652,1553.3746971825,342778.7556115699,0.0,186277.28878981422,529056.0444013842,343132.6867056742,0.0,190187.3561694,533320.0428750742
132,9780.935019,0.03807,0.0,0.0,9780.896949,1553.3746971825,342778.7556115699,0.0,186277.28878981422,529056.0444013842,343132.6867056742,0.0,190187.3561694,533320.0428750742
133,9780.935019,0.034923,0.0,0.0,9780.900096000001,1553.3746971825,342778.7556115699,0.0,186277.28878981422,529056.0444013842,343132.6867056742,0.0,190187.3561694,533320.0428750742
134,9780.935019,0.028802,0.0,0.0,9780.906217,1553.3746971825,342778.7556115699,0.0,186277.28878981422,529056.0444013842,343132.6867056742,0.0,190187.3561694,533320.0428750742
135,9780.935019,0.020842,0.0,0.0,9780.914177,1553.3746971825,342778.7556115699,0.0,186277.28878981422,529056.0444013842,343132.6867056742,0.0,190187.3561694,533320.0428750742
136,9780.984242,0.010037,0.0,0.0,9780.974205,1553.3746971825,342778.7556115699,0.0,186277.28878981422,529056.0444013842,343132.6867056742,0.0,190187.3561694,533320.0428750742
137,9781.184434,0.0011279999999999999,0.0,0.0,9781.183306,1553.3746971825,342778.7556115699,0.0,186277.28878981422,529056.0444013842,343132.6867056742,0.0,190187.3561694,533320.0428750742
138,9781.384626,0.0,0.0,0.0,9781.384626,1553.3746971825,342778.7556115699,0.0,186277.28878981422,529056.0444013842,343132.6867056742,0.0,190187.3561694,533320.0428750742
139,9781.584819,0.0,0.0,0.0,9781.584819,1553.3746971825,342778.7556115699,0.0,186277.28878981422,529056.0444013842,343132.6867056742,0.0,190187.3561694,533320.0428750742
140,9781.785011,0.0,0.0,0.0,9781.785011,1553.3746971825,342778.7556115699,0.0,186277.28878981422,529056.0444013842,343132.6867056742,0.0,190187.3561694,533320.0428750742
141,9781.985203,0.0,0.0,0.0,9781.985203,1553.3746971825,342778.7556115699,0.0,186277.28878981422,529056.0444013842,343132.6867056742,0.0,190187.3561694,533320.0428750742
142,9782.185395,0.0,0.0,0.0,9782.185395,1553.3746971825,342778.7556115699,0.0,186277.28878981422,529056.0444013842,343132.6867056742,0.0,190187.3561694,533320.0428750742
143,9782.385587,0.0,0.0,0.0,9782.385587,1553.3746971825,342778.7556115699,0.0,186277.28878981422,529056.0444013842,343132.6867056742,0.0,190187.3561694,533320.0428750742
144,9782.585779,0.0,0.0,0.0,9782.585779,1553.3746971825,342778.7556115699,0.0,186277.28878981422,529056.0444013842,343132.6867056742,0.0,190187.3561694,533320.0428750742
145,9782.785971,0.0,0.0,0.0,9782.785971,1553.3746971825,342778.7556115699,0.0,186277.28878981422,529056.0444013842,343132.6867056742,0.0,190187.3561694,533320.0428750742
146,9782.986163,0.0,0.0,0.0,9782.986163,1553.3746971825,342778.7556115699,0.0,186277.28878981422,529056.0444013842,343132.6867056742,0.0,190187.3561694,533320.0428750742
147,9783.374771,0.0,0.0,0.0,9783.374771,1553.3746971825,342778.7556115699,0.0,186277.28878981422,529056.0444013842,343132.6867056742,0.0,190187.3561694,533320.0428750742
148,9783.775155,0.0,0.0,0.0,9783.775155,1553.3746971825,342778.7556115699,0.0,186277.28878981422,529056.0444013842,343132.6867056742,0.0,190187.3561694,533320.0428750742
149,9784.175539,0.0,0.0,0.0,9784.175539,1553.3746971825,342778.7556115699,0.0,186277.28878981422,529056.0444013842,343132.6867056742,0.0,190187.3561694,533320.0428750742
150,9784.575923,0.0011,0.0,0.0,9784.574823,1553.3746971825,342778.7556115699,0.0,186277.28878981422,529056.0444013842,343132.6867056742,0.0,190187.3561694,533320.0428750742
151,9784.976307,0.003562,0.0,0.0,9784.972745000001,1553.3746971825,342778.7556115699,0.0,186277.28878981422,529056.0444013842,343132.6867056742,0.0,190187.3561694,533320.0428750742
152,9786.008356,0.009678,0.0,0.0,9785.998678,1553.3746971825,342778.7556115699,0.0,186277.28878981422,529056.0444013842,343132.6867056742,0.0,190187.3561694,533320.0428750742
153,9787.209508,0.012585,0.0,0.0,9787.196923,1553.3746971825,342778.7556115699,0.0,186277.28878981422,529056.0444013842,343132.6867056742,0.0,190187.3561694,533320.0428750742
154,9788.410661,0.011711000000000001,776.438910127839,0.0,10564.83786012784,2236.640938095,342778.7556115699,0.0,186277.28878981422,529056.0444013842,343132.6867056742,0.0,190187.3561694,533320.0428750742
155,9789.611813,0.012614,775.23866112784,0.0,10564.83786012784,2918.8509598875,342778.7556115699,0.0,186277.28878981422,529056.0444013842,343132.6867056742,0.0,190187.3561694,533320.0428750742
156,9790.812965,0.008105000000000001,774.033000127842,0.0,10564.83786012784,3600.0,342778.7556115699,0.0,186277.28878981422,529056.0444013842,343132.6867056742,0.0,190187.3561694,533320.0428750742
157,9792.141534,0.015114,0.0,1000.0,8792.12642,2600.0,342778.7556115699,0.0,186277.28878981422,529056.0444013842,343132.6867056742,0.0,190187.3561694,533320.0428750742
158,9793.542878,0.016272,0.0,1000.0,8793.526606,1600.0,342778.7556115699,0.0,186277.28878981422,529056.0444013842,343132.6867056742,0.0,190187.3561694,533320.0428750742
159,9794.944222,0.005433,0.0,1000.0,8794.938789,600.0,342778.7556115699,0.0,186277.28878981422,529056.0444013842,343132.6867056742,0.0,190187.3561694,533320.0428750742
160,9796.345567,0.0018740000000000002,0.0,200.0,9596.343693,400.0,342778.7556115699,0.0,186277.28878981422,529056.0444013842,343132.6867056742,0.0,190187.3561694,533320.0428750742
161,9797.746911,5.800000000000001e-05,0.0,0.0,9797.746853,400.0,342778.7556115699,0.0,186277.28878981422,529056.0444013842,343132.6867056742,0.0,190187.3561694,533320.0428750742
162,9799.245172,0.0,0.0,0.0,9799.245172,400.0,342778.7556115699,0.0,186277.28878981422,529056.0444013842,343132.6867056742,0.0,190187.3561694,533320.0428750742
163,9800.846708,0.0,0.0,0.0,9800.846708,400.0,342778.7556115699,0.0,186277.28878981422,529056.0444013842,343132.6867056742,0.0,190187.3561694,533320.0428750742
164,9802.448245,0.0,0.0,0.0,9802.448245,400.0,342778.7556115699,0.0,186277.28878981422,529056.0444013842,343132.6867056742,0.0,190187.3561694,533320.0428750742
165,9804.049781,0.0,697.132728852277,0.0,10501.182509852277,1013.47680139,342778.7556115699,0.0,186277.28878981422,529056.0444013842,343132.6867056742,0.0,190187.3561694,533320.0428750742
166,9805.651317,0.0,0.0,0.0,9805.651317,1013.47680139,342778.7556115699,0.0,186277.28878981422,529056.0444013842,343132.6867056742,0.0,190187.3561694,533320.0428750742
167,9807.12002,0.0,0.0,0.0,9807.12002,1013.47680139,342778.7556115699,0.0,186277.28878981422,529056.0444013842,343132.6867056742,0.0,190187.3561694,533320.0428750742
168,9808.321173,0.0,0.0,0.0,9808.321173,1013.47680139,342778.7556115699,0.0,186277.28878981422,529056.0444013842,343132.6867056742,0.0,190187.3561694,533320.0428750742
169,9809.522325,0.0,0.0,0.0,9809.522325,1013.47680139,342778.7556115699,0.0,186277.28878981422,529056.0444013842,343132.6867056742,0.0,190187.3561694,533320.0428750742
170,9810.723477,0.0,0.0,0.0,9810.723477,1013.47680139,342778.7556115699,0.0,186277.28878981422,529056.0444013842,343132.6867056742,0.0,190187.3561694,533320.0428750742
171,9811.924629,0.0,0.0,0.0,9811.924629,1013.47680139,342778.7556115699,0.0,186277.28878981422,529056.0444013842,343132.6867056742,0.0,190187.3561694,533320.0428750742
172,9813.305366,0.0,0.0,0.0,9813.305366,1013.47680139,342778.7556115699,0.0,186277.28878981422,529056.0444013842,343132.6867056742,0.0,190187.3561694,533320.0428750742
173,9815.507478,0.0,0.0,0.0,9815.507478,1013.47680139,342778.7556115699,0.0,186277.28878981422,529056.0444013842,343132.6867056742,0.0,190187.3561694,533320.0428750742
174,9817.709591,0.002202,0.0,0.0,9817.707389000001,1013.47680139,342778.7556115699,0.0,186277.28878981422,529056.0444013842,343132.6867056742,0.0,190187.3561694,533320.0428750742
175,9819.911703,0.012998,0.0,0.0,9819.898705,1013.47680139,342778.7556115699,0.0,186277.28878981422,529056.0444013842,343132.6867056742,0.0,190187.3561694,533320.0428750742
176,9822.113816,0.020572,0.0,0.0,9822.093244,1013.47680139,342778.7556115699,0.0,186277.28878981422,529056.0444013842,343132.6867056742,0.0,190187.3561694,533320.0428750742
177,9824.359264,0.030093,740.508689127839,0.0,10564.83786012784,1665.1244478225,342778.7556115699,0.0,186277.28878981422,529056.0444013842,343132.6867056742,0.0,190187.3561694,533320.0428750742
178,9828.162913,0.034975,736.70992212784,0.0,10564.83786012784,2313.429179295,342778.7556115699,0.0,186277.28878981422,529056.0444013842,343132.6867056742,0.0,190187.3561694,533320.0428750742
179,9831.966562,0.036653,732.90795112784,0.0,10564.83786012784,2958.3881762875,342778.7556115699,0.0,186277.28878981422,529056.0444013842,343132.6867056742,0.0,190187.3561694,533320.0428750742
180,9835.77021,0.036695,729.10434512784,0.0,10564.83786012784,3600.0,342778.7556115699,0.0,186277.28878981422,529056.0444013842,343132.6867056742,0.0,190187.3561694,533320.0428750742
181,9839.573859,0.035171,0.0,1000.0,8839.538688,2600.0,342778.7556115699,0.0,186277.28878981422,529056.0444013842,343132.6867056742,0.0,190187.3561694,533320.0428750742
182,9843.377508,0.029607,0.0,1000.0,8843.347901,1600.0,342778.7556115699,0.0,186277.28878981422,529056.0444013842,343132.6867056742,0.0,190187.3561694,533320.0428750742
183,9847.181157,0.021526,0.0,1000.0,8847.159631,600.0,342778.7556115699,0.0,186277.28878981422,529056.0444013842,343132.6867056742,0.0,190187.3561694,533320.0428750742
184,9850.984806,0.010057,0.0,200.0,9650.974749,400.0,342778.7556115699,0.0,186277.28878981422,529056.0444013842,343132.6867056742,0.0,190187.3561694,533320.0428750742
185,9854.788455,0.000988,0.0,0.0,9854.787467,400.0,342778.7556115699,0.0,186277.28878981422,529056.0444013842,343132.6867056742,0.0,190187.3561694,533320.0428750742
186,9858.592103,0.0,0.0,0.0,9858.592103,400.0,342778.7556115699,0.0,186277.28878981422,529056.0444013842,343132.6867056742,0.0,190187.3561694,533320.0428750742
187,9862.395752,0.0,0.0,0.0,9862.395752,400.0,342778.7556115699,0.0,186277.28878981422,529056.0444013842,343132.6867056742,0.0,190187.3561694,533320.0428750742
188,9866.054792,0.0,0.0,0.0,9866.054792,400.0,342778.7556115699,0.0,186277.28878981422,529056.0444013842,343132.6867056742,0.0,190187.3561694,533320.0428750742
189,9869.658249,0.0,695.17961112784,0.0,10564.83786012784,1011.7580577925,342778.7556115699,0.0,186277.28878981422,529056.0444013842,343132.6867056742,0.0,190187.3561694,533320.0428750742
190,9873.261705,0.0,336.618755724438,0.0,10209.880460724438,1307.98256283,342778.7556115699,0.0,186277.28878981422,529056.0444013842,343132.6867056742,0.0,190187.3561694,533320.0428750742
191,9876.865162,0.0,0.0,0.0,9876.865162,1307.98256283,342778.7556115699,0.0,186277.28878981422,529056.0444013842,343132.6867056742,0.0,190187.3561694,533320.0428750742
192,9880.468619,0.0,0.0,0.0,9880.468619,1307.98256283,342778.7556115699,0.0,186277.28878981422,529056.0444013842,343132.6867056742,0.0,190187.3561694,533320.0428750742
193,9883.27331,0.0,0.0,0.0,9883.27331,1307.98256283,342778.7556115699,0.0,186277.28878981422,529056.0444013842,343132.6867056742,0.0,190187.3561694,533320.0428750742
194,9885.475422,0.0,0.0,0.0,9885.475422,1307.98256283,342778.7556115699,0.0,186277.28878981422,529056.0444013842,343132.6867056742,0.0,190187.3561694,533320.0428750742
195,9887.677535,0.0,0.0,0.0,9887.677535,1307.98256283,342778.7556115699,0.0,186277.28878981422,529056.0444013842,343132.6867056742,0.0,190187.3561694,533320.0428750742
196,9889.879647,0.0,0.0,0.0,9889.879647,1307.98256283,342778.7556115699,0.0,186277.28878981422,529056.0444013842,343132.6867056742,0.0,190187.3561694,533320.0428750742
197,9892.08176,0.0,0.0,0.0,9892.08176,1307.98256283,342778.7556115699,0.0,186277.28878981422,529056.0444013842,343132.6867056742,0.0,190187.3561694,533320.0428750742
198,9895.119968,0.002254,0.0,0.0,9895.117714,1307.98256283,342778.7556115699,0.0,186277.28878981422,529056.0444013842,343132.6867056742,0.0,190187.3561694,533320.0428750742
199,9899.324001,0.012955,0.0,0.0,9899.311046,1307.98256283,342778.7556115699,0.0,186277.28878981422,529056.0444013842,343132.6867056742,0.0,190187.3561694,533320.0428750742
200,9903.528034,0.02413,0.0,0.0,9903.503904000001,1307.98256283,342778.7556115699,0.0,186277.28878981422,529056.0444013842,343132.6867056742,0.0,190187.3561694,533320.0428750742
201,9907.732067,0.031783,657.13757612784,0.0,10564.83786012784,1886.2636298225,342778.7556115699,0.0,186277.28878981422,529056.0444013842,343132.6867056742,0.0,190187.3561694,533320.0428750742
202,9911.9361,0.035939,652.937699127839,0.0,10564.83786012784,2460.848805055,342778.7556115699,0.0,186277.28878981422,529056.0444013842,343132.6867056742,0.0,190187.3561694,533320.0428750742
203,9915.927694,0.035893,648.94605912784,0.0,10564.83786012784,3031.9213370875,342778.7556115699,0.0,186277.28878981422,529056.0444013842,343132.6867056742,0.0,190187.3561694,533320.0428750742
204,9919.330959,0.037034,645.54393512784,0.0,10564.83786012784,3600.0,342778.7556115699,0.0,186277.28878981422,529056.0444013842,343132.6867056742,0.0,190187.3561694,533320.0428750742
205,9922.734223,0.034445,0.0,1000.0,8922.699778,2600.0,342778.7556115699,0.0,186277.28878981422,529056.0444013842,343132.6867056742,0.0,190187.3561694,533320.0428750742
206,9926.137488,0.029067,0.0,1000.0,8926.108421,1600.0,342778.7556115699,0.0,186277.28878981422,529056.0444013842,343132.6867056742,0.0,190187.3561694,533320.0428750742
207,9929.540753,0.020321000000000002,0.0,1000.0,8929.520432,600.0,342778.7556115699,0.0,186277.28878981422,529056.0444013842,343132.6867056742,0.0,190187.3561694,533320.0428750742
208,9932.966627,0.0094,0.0,192.78273725,9740.17448975,407.21726275,342778.7556115699,0.0,186277.28878981422,529056.0444013842,343132.6867056742,0.0,190187.3561694,533320.0428750742
209,9936.570084,0.000758,0.0,0.0,9936.569326,407.21726275,342778.7556115699,0.0,186277.28878981422,529056.0444013842,343132.6867056742,0.0,190187.3561694,533320.0428750742
210,9940.173541,0.0,0.0,0.0,9940.173541,407.21726275,342778.7556115699,0.0,186277.28878981422,529056.0444013842,343132.6867056742,0.0,190187.3561694,533320.0428750742
211,9943.776998,0.0,0.0,1.80690287499965,9941.970095125,405.410359875001,342778.7556115699,0.0,186277.28878981422,529056.0444013842,343132.6867056742,0.0,190187.3561694,533320.0428750742
212,9947.380455,0.0,0.0,5.41035987500072,9941.970095125,400.0,342778.7556115699,0.0,186277.28878981422,529056.0444013842,343132.6867056742,0.0,190187.3561694,533320.0428750742
213,9950.983911,0.0,613.853949127841,0.0,10564.83786012784,940.1914752325,342778.7556115699,0.0,186277.28878981422,529056.0444013842,343132.6867056742,0.0,190187.3561694,533320.0428750742
214,9954.77967,0.0,181.676171596595,0.0,10136.455841596595,1100.0665062375,342778.7556115699,0.0,186277.28878981422,529056.0444013842,343132.6867056742,0.0,190187.3561694,533320.0428750742
215,9958.583319,0.0,0.0,0.0,9958.583319,1100.0665062375,342778.7556115699,0.0,186277.28878981422,529056.0444013842,343132.6867056742,0.0,190187.3561694,533320.0428750742
216,9962.386968,0.0,0.0,0.0,9962.386968,1100.0665062375,342778.7556115699,0.0,186277.28878981422,529056.0444013842,343132.6867056742,0.0,190187.3561694,533320.0428750742
217,9966.190617,0.0,0.0,0.0,9966.190617,1100.0665062375,342778.7556115699,0.0,186277.28878981422,529056.0444013842,343132.6867056742,0.0,190187.3561694,533320.0428750742
218,9969.994266,0.0,0.0,0.0,9969.994266,1100.0665062375,342778.7556115699,0.0,186277.28878981422,529056.0444013842,343132.6867056742,0.0,190187.3561694,533320.0428750742
219,9973.797915,0.0,0.0,0.0,9973.797915,1100.0665062375,342778.7556115699,0.0,186277.28878981422,529056.0444013842,343132.6867056742,0.0,190187.3561694,533320.0428750742
220,9977.601563,0.0,0.0,0.0,9977.601563,1100.0665062375,342778.7556115699,0.0,186277.28878981422,529056.0444013842,343132.6867056742,0.0,190187.3561694,533320.0428750742
221,9981.405212,0.0,0.0,0.0,9981.405212,1100.0665062375,342778.7556115699,0.0,186277.28878981422,529056.0444013842,343132.6867056742,0.0,190187.3561694,533320.0428750742
222,9985.208861,0.0024990000000000004,0.0,0.0,9985.206361999999,1100.0665062375,342778.7556115699,0.0,186277.28878981422,529056.0444013842,343132.6867056742,0.0,190187.3561694,533320.0428750742
223,9989.01251,0.012902,0.0,0.0,9988.999608,1100.0665062375,342778.7556115699,0.0,186277.28878981422,529056.0444013842,343132.6867056742,0.0,190187.3561694,533320.0428750742
224,9991.897042,0.023236,572.96405412784,0.0,10564.83786012784,1604.27487387,342778.7556115699,0.0,186277.28878981422,529056.0444013842,343132.6867056742,0.0,190187.3561694,533320.0428750742
225,9994.299346,0.025721,570.56423512784,0.0,10564.83786012784,2106.3714007825,342778.7556115699,0.0,186277.28878981422,529056.0444013842,343132.6867056742,0.0,190187.3561694,533320.0428750742
226,9996.701651,0.035686999999999997,568.17189612784,0.0,10564.83786012784,2606.362669375,342778.7556115699,0.0,186277.28878981422,529056.0444013842,343132.6867056742,0.0,190187.3561694,533320.0428750742
227,9999.103955,0.033280000000000004,565.767185127839,0.0,10564.83786012784,3104.2377922875,342778.7556115699,0.0,186277.28878981422,529056.0444013842,343132.6867056742,0.0,190187.3561694,533320.0428750742
228,10001.50626,0.034545,563.36614512784,0.0,10564.83786012784,3600.0,342778.7556115699,0.0,186277.28878981422,529056.0444013842,343132.6867056742,0.0,190187.3561694,533320.0428750742
229,10003.70696,0.025006,0.0,1000.0,9003.681954,2600.0,342778.7556115699,0.0,186277.28878981422,529056.0444013842,343132.6867056742,0.0,190187.3561694,533320.0428750742
230,10005.70888,0.01986,0.0,1000.0,9005.68902,1600.0,342778.7556115699,0.0,186277.28878981422,529056.0444013842,343132.6867056742,0.0,190187.3561694,533320.0428750742
231,10007.7108,0.021289000000000002,0.0,65.7194158750008,9941.970095125,1534.280584125,342778.7556115699,0.0,186277.28878981422,529056.0444013842,343132.6867056742,0.0,190187.3561694,533320.0428750742
232,10009.71272,0.009937,0.0,67.7326878749991,9941.970095125,1466.54789625,342778.7556115699,0.0,186277.28878981422,529056.0444013842,343132.6867056742,0.0,190187.3561694,533320.0428750742
233,10011.71464,0.001009,0.0,69.7435358750008,9941.970095125,1396.804360375,342778.7556115699,0.0,186277.28878981422,529056.0444013842,343132.6867056742,0.0,190187.3561694,533320.0428750742
234,10014.34929,0.0,0.0,72.3791948750004,9941.970095125,1324.4251655,342778.7556115699,0.0,186277.28878981422,529056.0444013842,343132.6867056742,0.0,190187.3561694,533320.0428750742
235,10018.15294,0.0,0.0,844.438680624999,9173.714259375001,479.986484875,342778.7556115699,0.0,186277.28878981422,529056.0444013842,343132.6867056742,0.0,190187.3561694,533320.0428750742
236,10021.95658,0.0,0.0,79.9864848750003,9941.970095125,400.0,342778.7556115699,0.0,186277.28878981422,529056.0444013842,343132.6867056742,0.0,190187.3561694,533320.0428750742
237,10025.76023,0.0,539.07763012784,0.0,10564.83786012784,874.388314512499,342778.7556115699,0.0,186277.28878981422,529056.0444013842,343132.6867056742,0.0,190187.3561694,533320.0428750742
238,10029.56388,0.0,535.27398012784,0.0,10564.83786012784,1345.429417025,342778.7556115699,0.0,186277.28878981422,529056.0444013842,343132.6867056742,0.0,190187.3561694,533320.0428750742
239,10033.56654,0.0,158.442008468756,0.0,10192.008548468755,1484.8583844775,342778.7556115699,0.0,186277.28878981422,529056.0444013842,343132.6867056742,0.0,190187.3561694,533320.0428750742
240,10038.37115,0.0,0.0,0.0,10038.37115,1484.8583844775,342778.7556115699,0.0,186277.28878981422,529056.0444013842,343132.6867056742,0.0,190187.3561694,533320.0428750742
241,10043.17576,0.0,0.0,0.0,10043.17576,1484.8583844775,342778.7556115699,0.0,186277.28878981422,529056.0444013842,343132.6867056742,0.0,190187.3561694,533320.0428750742
242,10047.98037,0.0,0.0,0.0,10047.98037,1484.8583844775,342778.7556115699,0.0,186277.28878981422,529056.0444013842,343132.6867056742,0.0,190187.3561694,533320.0428750742
243,10052.78498,0.0,0.0,0.0,10052.78498,1484.8583844775,342778.7556115699,0.0,186277.28878981422,529056.0444013842,343132.6867056742,0.0,190187.3561694,533320.0428750742
244,10057.56168,0.0,0.0,0.0,10057.56168,1484.8583844775,342778.7556115699,0.0,186277.28878981422,529056.0444013842,343132.6867056742,0.0,190187.3561694,533320.0428750742
245,10061.76571,0.0,0.0,0.0,10061.76571,1484.8583844775,342778.7556115699,0.0,186277.28878981422,529056.0444013842,343132.6867056742,0.0,190187.3561694,533320.0428750742
246,10065.96975,0.0014860000000000001,0.0,0.0,10065.968264000001,1484.8583844775,342778.7556115699,0.0,186277.28878981422,529056.0444013842,343132.6867056742,0.0,190187.3561694,533320.0428750742
247,10070.17378,0.009984,0.0,0.0,10070.163795999999,1484.8583844775,342778.7556115699,0.0,186277.28878981422,529056.0444013842,343132.6867056742,0.0,190187.3561694,533320.0428750742
248,10074.37781,0.01831,490.47836012784,0.0,10564.83786012784,1916.47934139,342778.7556115699,0.0,186277.28878981422,529056.0444013842,343132.6867056742,0.0,190187.3561694,533320.0428750742
249,10078.58185,0.022424,486.27843412784,0.0,10564.83786012784,2344.4043634225,342778.7556115699,0.0,186277.28878981422,529056.0444013842,343132.6867056742,0.0,190187.3561694,533320.0428750742
250,10083.85985,0.022852,481.000862127839,0.0,10564.83786012784,2767.685122095,342778.7556115699,0.0,186277.28878981422,529056.0444013842,343132.6867056742,0.0,190187.3561694,533320.0428750742
251,10089.26504,0.033504,475.606324127841,0.0,10564.83786012784,3186.2186873275,342778.7556115699,0.0,186277.28878981422,529056.0444013842,343132.6867056742,0.0,190187.3561694,533320.0428750742
252,10094.67022,0.038397,470.20603712784,0.0,10564.83786012784,3600.0,342778.7556115699,0.0,186277.28878981422,529056.0444013842,343132.6867056742,0.0,190187.3561694,533320.0428750742
253,10100.07541,0.030931,0.0,1000.0,9100.044479,2600.0,342778.7556115699,0.0,186277.28878981422,529056.0444013842,343132.6867056742,0.0,190187.3561694,533320.0428750742
254,10105.48059,0.024671,0.0,163.485823875,9941.970095125,2436.514176125,342778.7556115699,0.0,186277.28878981422,529056.0444013842,343132.6867056742,0.0,190187.3561694,533320.0428750742
255,10108.80684,0.018878,0.0,166.817866874999,9941.970095125,2269.69630925,342778.7556115699,0.0,186277.28878981422,529056.0444013842,343132.6867056742,0.0,190187.3561694,533320.0428750742
256,10111.40934,0.0071330000000000005,0.0,342.217613625,9769.184593375001,1927.478695625,342778.7556115699,0.0,186277.28878981422,529056.0444013842,343132.6867056742,0.0,190187.3561694,533320.0428750742
257,10114.01183,0.00046899999999999996,0.0,172.041265874999,9941.970095125,1755.43742975,342778.7556115699,0.0,186277.28878981422,529056.0444013842,343132.6867056742,0.0,190187.3561694,533320.0428750742
258,10116.61433,0.0,0.0,174.644234875001,9941.970095125,1580.793194875,342778.7556115699,0.0,186277.28878981422,529056.0444013842,343132.6867056742,0.0,190187.3561694,533320.0428750742
259,10119.21683,0.0,0.0,1000.0,9119.21683,580.793194875001,342778.7556115699,0.0,186277.28878981422,529056.0444013842,343132.6867056742,0.0,190187.3561694,533320.0428750742
260,10122.76329,0.0,0.0,180.793194875001,9941.970095125,400.0,342778.7556115699,0.0,186277.28878981422,529056.0444013842,343132.6867056742,0.0,190187.3561694,533320.0428750742
261,10126.96732,0.0,0.0,0.0,10126.96732,400.0,342778.7556115699,0.0,186277.28878981422,529056.0444013842,343132.6867056742,0.0,190187.3561694,533320.0428750742
262,10131.17135,0.0,0.0,0.0,10131.17135,400.0,342778.7556115699,0.0,186277.28878981422,529056.0444013842,343132.6867056742,0.0,190187.3561694,533320.0428750742
263,10135.37539,0.0,0.0,0.0,10135.37539,400.0,342778.7556115699,0.0,186277.28878981422,529056.0444013842,343132.6867056742,0.0,190187.3561694,533320.0428750742
264,10139.57942,0.0,0.0,0.0,10139.57942,400.0,342778.7556115699,0.0,186277.28878981422,529056.0444013842,343132.6867056742,0.0,190187.3561694,533320.0428750742
265,10143.52097,0.0,0.0,0.0,10143.52097,400.0,342778.7556115699,0.0,186277.28878981422,529056.0444013842,343132.6867056742,0.0,190187.3561694,533320.0428750742
266,10147.12442,0.0,0.0,0.0,10147.12442,400.0,342778.7556115699,0.0,186277.28878981422,529056.0444013842,343132.6867056742,0.0,190187.3561694,533320.0428750742
267,10150.72788,0.0,0.0,0.0,10150.72788,400.0,342778.7556115699,0.0,186277.28878981422,529056.0444013842,343132.6867056742,0.0,190187.3561694,533320.0428750742
268,10154.33134,0.0,0.0,0.0,10154.33134,400.0,342778.7556115699,0.0,186277.28878981422,529056.0444013842,343132.6867056742,0.0,190187.3561694,533320.0428750742
269,10157.93479,0.0,0.0,0.0,10157.93479,400.0,342778.7556115699,0.0,186277.28878981422,529056.0444013842,343132.6867056742,0.0,190187.3561694,533320.0428750742
270,10161.59525,0.00023300000000000003,0.0,0.0,10161.595017,400.0,342778.7556115699,0.0,186277.28878981422,529056.0444013842,343132.6867056742,0.0,190187.3561694,533320.0428750742
271,10165.39889,0.002565,0.0,0.0,10165.396325,400.0,342778.7556115699,0.0,186277.28878981422,529056.0444013842,343132.6867056742,0.0,190187.3561694,533320.0428750742
272,10169.20254,0.015731000000000002,0.0,0.0,10169.186809,400.0,342778.7556115699,0.0,186277.28878981422,529056.0444013842,343132.6867056742,0.0,190187.3561694,533320.0428750742
273,10173.00619,0.006908,0.0,0.0,10172.999282,400.0,342778.7556115699,0.0,186277.28878981422,529056.0444013842,343132.6867056742,0.0,190187.3561694,533320.0428750742
274,10176.80984,0.008375,0.0,0.0,10176.801465,400.0,342778.7556115699,0.0,186277.28878981422,529056.0444013842,343132.6867056742,0.0,190187.3561694,533320.0428750742
275,10180.61349,0.029629000000000003,0.0,0.0,10180.583861,400.0,342778.7556115699,0.0,186277.28878981422,529056.0444013842,343132.6867056742,0.0,190187.3561694,533320.0428750742
276,10184.41714,0.019607,0.0,0.0,10184.397533,400.0,342778.7556115699,0.0,186277.28878981422,529056.0444013842,343132.6867056742,0.0,190187.3561694,533320.0428750742
277,10188.22079,0.022522,0.0,0.0,10188.198268,400.0,342778.7556115699,0.0,186277.28878981422,529056.0444013842,343132.6867056742,0.0,190187.3561694,533320.0428750742
278,10192.02444,0.03157,0.0,0.0,10191.99287,400.0,342778.7556115699,0.0,186277.28878981422,529056.0444013842,343132.6867056742,0.0,190187.3561694,533320.0428750742
279,10195.82808,0.021369,0.0,0.0,10195.806711,400.0,342778.7556115699,0.0,186277.28878981422,529056.0444013842,343132.6867056742,0.0,190187.3561694,533320.0428750742
280,10199.63173,0.010553000000000002,0.0,0.0,10199.621176999999,400.0,342778.7556115699,0.0,186277.28878981422,529056.0444013842,343132.6867056742,0.0,190187.3561694,533320.0428750742
281,10202.84682,0.000988,0.0,0.0,10202.845832,400.0,342778.7556115699,0.0,186277.28878981422,529056.0444013842,343132.6867056742,0.0,190187.3561694,533320.0428750742
282,10206.04989,0.0,0.0,0.0,10206.04989,400.0,342778.7556115699,0.0,186277.28878981422,529056.0444013842,343132.6867056742,0.0,190187.3561694,533320.0428750742
283,10209.25296,0.0,0.0,0.0,10209.25296,400.0,342778.7556115699,0.0,186277.28878981422,529056.0444013842,343132.6867056742,0.0,190187.3561694,533320.0428750742
284,10212.45604,0.0,0.0,0.0,10212.45604,400.0,342778.7556115699,0.0,186277.28878981422,529056.0444013842,343132.6867056742,0.0,190187.3561694,533320.0428750742
285,10215.65911,0.0,0.0,0.0,10215.65911,400.0,342778.7556115699,0.0,186277.28878981422,529056.0444013842,343132.6867056742,0.0,190187.3561694,533320.0428750742
286,10218.03374,0.0,0.0,0.0,10218.03374,400.0,342778.7556115699,0.0,186277.28878981422,529056.0444013842,343132.6867056742,0.0,190187.3561694,533320.0428750742
287,10220.23585,0.0,0.0,0.0,10220.23585,400.0,342778.7556115699,0.0,186277.28878981422,529056.0444013842,343132.6867056742,0.0,190187.3561694,533320.0428750742
288,10222.43796,0.0,0.0,0.0,10222.43796,400.0,342778.7556115699,0.0,186277.28878981422,529056.0444013842,343132.6867056742,0.0,190187.3561694,533320.0428750742
289,10224.64008,0.0,0.0,0.0,10224.64008,400.0,342778.7556115699,0.0,186277.28878981422,529056.0444013842,343132.6867056742,0.0,190187.3561694,533320.0428750742
290,10226.84219,0.0,0.0,0.0,10226.84219,400.0,342778.7556115699,0.0,186277.28878981422,529056.0444013842,343132.6867056742,0.0,190187.3561694,533320.0428750742
291,10228.90911,0.0,0.0,0.0,10228.90911,400.0,342778.7556115699,0.0,186277.28878981422,529056.0444013842,343132.6867056742,0.0,190187.3561694,533320.0428750742
292,10230.91103,0.0,0.0,0.0,10230.91103,400.0,342778.7556115699,0.0,186277.28878981422,529056.0444013842,343132.6867056742,0.0,190187.3561694,533320.0428750742
293,10232.91295,0.0,0.0,0.0,10232.91295,400.0,342778.7556115699,0.0,186277.28878981422,529056.0444013842,343132.6867056742,0.0,190187.3561694,533320.0428750742
294,10234.91487,0.002746,0.0,0.0,10234.912124,400.0,342778.7556115699,0.0,186277.28878981422,529056.0444013842,343132.6867056742,0.0,190187.3561694,533320.0428750742
295,10236.9168,0.014567,0.0,0.0,10236.902233,400.0,342778.7556115699,0.0,186277.28878981422,529056.0444013842,343132.6867056742,0.0,190187.3561694,533320.0428750742
296,10238.70934,0.026785,0.0,0.0,10238.682555,400.0,342778.7556115699,0.0,186277.28878981422,529056.0444013842,343132.6867056742,0.0,190187.3561694,533320.0428750742
297,10240.31087,0.035194,0.0,0.0,10240.275676,400.0,342778.7556115699,0.0,186277.28878981422,529056.0444013842,343132.6867056742,0.0,190187.3561694,533320.0428750742
298,10241.91241,0.040787,0.0,0.0,10241.871623,400.0,342778.7556115699,0.0,186277.28878981422,529056.0444013842,343132.6867056742,0.0,190187.3561694,533320.0428750742
299,10243.51395,0.041667,0.0,0.0,10243.472283000001,400.0,342778.7556115699,0.0,186277.28878981422,529056.0444013842,343132.6867056742,0.0,190187.3561694,533320.0428750742
300,10245.11548,0.041015,0.0,0.0,10245.074465,400.0,342778.7556115699,0.0,186277.28878981422,529056.0444013842,343132.6867056742,0.0,190187.3561694,533320.0428750742
301,10246.79121,0.038020000000000005,0.0,0.0,10246.75319,400.0,342778.7556115699,0.0,186277.28878981422,529056.0444013842,343132.6867056742,0.0,190187.3561694,533320.0428750742
302,10248.59294,0.032194,0.0,0.0,10248.560746000001,400.0,342778.7556115699,0.0,186277.28878981422,529056.0444013842,343132.6867056742,0.0,190187.3561694,533320.0428750742
303,10250.39467,0.02213,0.0,0.0,10250.37254,400.0,342778.7556115699,0.0,186277.28878981422,529056.0444013842,343132.6867056742,0.0,190187.3561694,533320.0428750742
304,10252.19639,0.010702,0.0,0.0,10252.185688,400.0,342778.7556115699,0.0,186277.28878981422,529056.0444013842,343132.6867056742,0.0,190187.3561694,533320.0428750742
305,10253.99812,0.000973,0.0,0.0,10253.997147,400.0,342778.7556115699,0.0,186277.28878981422,529056.0444013842,343132.6867056742,0.0,190187.3561694,533320.0428750742
306,10255.79985,0.0,0.0,0.0,10255.79985,400.0,342778.7556115699,0.0,186277.28878981422,529056.0444013842,343132.6867056742,0.0,190187.3561694,533320.0428750742
307,10257.60158,0.0,0.0,0.0,10257.60158,400.0,342778.7556115699,0.0,186277.28878981422,529056.0444013842,343132.6867056742,0.0,190187.3561694,533320.0428750742
308,10259.40331,0.0,0.0,0.0,10259.40331,400.0,342778.7556115699,0.0,186277.28878981422,529056.0444013842,343132.6867056742,0.0,190187.3561694,533320.0428750742
309,10261.20504,0.0,0.0,0.0,10261.20504,400.0,342778.7556115699,0.0,186277.28878981422,529056.0444013842,343132.6867056742,0.0,190187.3561694,533320.0428750742
310,10263.00676,0.0,0.0,0.0,10263.00676,400.0,342778.7556115699,0.0,186277.28878981422,529056.0444013842,343132.6867056742,0.0,190187.3561694,533320.0428750742
311,10264.7953,0.0,0.0,0.0,10264.7953,400.0,342778.7556115699,0.0,186277.28878981422,529056.0444013842,343132.6867056742,0.0,190187.3561694,533320.0428750742
312,10266.39684,0.0,0.0,0.0,10266.39684,400.0,342778.7556115699,0.0,186277.28878981422,529056.0444013842,343132.6867056742,0.0,190187.3561694,533320.0428750742
313,10267.99838,0.0,0.0,0.0,10267.99838,400.0,342778.7556115699,0.0,186277.28878981422,529056.0444013842,343132.6867056742,0.0,190187.3561694,533320.0428750742
314,10269.59991,0.0,0.0,0.0,10269.59991,400.0,342778.7556115699,0.0,186277.28878981422,529056.0444013842,343132.6867056742,0.0,190187.3561694,533320.0428750742
315,10271.20145,0.0,0.0,0.0,10271.20145,400.0,342778.7556115699,0.0,186277.28878981422,529056.0444013842,343132.6867056742,0.0,190187.3561694,533320.0428750742
316,10272.80299,0.0,0.0,0.0,10272.80299,400.0,342778.7556115699,0.0,186277.28878981422,529056.0444013842,343132.6867056742,0.0,190187.3561694,533320.0428750742
317,10274.40452,0.0,0.0,0.0,10274.40452,400.0,342778.7556115699,0.0,186277.28878981422,529056.0444013842,343132.6867056742,0.0,190187.3561694,533320.0428750742
318,10276.00606,0.0024449999999999997,0.0,0.0,10276.003615,400.0,342778.7556115699,0.0,186277.28878981422,529056.0444013842,343132.6867056742,0.0,190187.3561694,533320.0428750742
319,10277.60759,0.013755000000000002,0.0,0.0,10277.593835,400.0,342778.7556115699,0.0,186277.28878981422,529056.0444013842,343132.6867056742,0.0,190187.3561694,533320.0428750742
320,10279.20913,0.025460999999999998,0.0,0.0,10279.183669,400.0,342778.7556115699,0.0,186277.28878981422,529056.0444013842,343132.6867056742,0.0,190187.3561694,533320.0428750742
321,10280.81067,0.032731,0.0,0.0,10280.777939000001,400.0,342778.7556115699,0.0,186277.28878981422,529056.0444013842,343132.6867056742,0.0,190187.3561694,533320.0428750742
322,10282.10744,0.035044,0.0,0.0,10282.072396,400.0,342778.7556115699,0.0,186277.28878981422,529056.0444013842,343132.6867056742,0.0,190187.3561694,533320.0428750742
323,10283.30859,0.03677300000000001,0.0,0.0,10283.271817,400.0,342778.7556115699,0.0,186277.28878981422,529056.0444013842,343132.6867056742,0.0,190187.3561694,533320.0428750742
324,10284.50975,0.036082,0.0,0.0,10284.473667999999,400.0,342778.7556115699,0.0,186277.28878981422,529056.0444013842,343132.6867056742,0.0,190187.3561694,533320.0428750742
325,10285.7109,0.035022,0.0,0.0,10285.675878,400.0,342778.7556115699,0.0,186277.28878981422,529056.0444013842,343132.6867056742,0.0,190187.3561694,533320.0428750742
326,10286.91205,0.029695,0.0,0.0,10286.882355000002,400.0,342778.7556115699,0.0,186277.28878981422,529056.0444013842,343132.6867056742,0.0,190187.3561694,533320.0428750742
327,10288.1132,0.019875,6.0672905738736,0.0,10294.160615573874,405.339215705009,342778.7556115699,0.0,186277.28878981422,529056.0444013842,343132.6867056742,0.0,190187.3561694,533320.0428750742
328,10289.31435,0.009749,0.0,0.0,10289.304601,405.339215705009,342778.7556115699,0.0,186277.28878981422,529056.0444013842,343132.6867056742,0.0,190187.3561694,533320.0428750742
329,10290.51551,0.0007890000000000001,0.0,0.0,10290.514721,405.339215705009,342778.7556115699,0.0,186277.28878981422,529056.0444013842,343132.6867056742,0.0,190187.3561694,533320.0428750742
330,10291.71666,0.0,0.0,0.0,10291.71666,405.339215705009,342778.7556115699,0.0,186277.28878981422,529056.0444013842,343132.6867056742,0.0,190187.3561694,533320.0428750742
331,10292.91781,0.0,0.0,0.0,10292.91781,405.339215705009,342778.7556115699,0.0,186277.28878981422,529056.0444013842,343132.6867056742,0.0,190187.3561694,533320.0428750742
332,10294.11896,0.0,0.0,0.0,10294.11896,405.339215705009,342778.7556115699,0.0,186277.28878981422,529056.0444013842,343132.6867056742,0.0,190187.3561694,533320.0428750742
333,10295.32012,0.0,0.0,0.0,10295.32012,405.339215705009,342778.7556115699,0.0,186277.28878981422,529056.0444013842,343132.6867056742,0.0,190187.3561694,533320.0428750742
334,10296.52127,0.0,0.0,0.0,10296.52127,405.339215705009,342778.7556115699,0.0,186277.28878981422,529056.0444013842,343132.6867056742,0.0,190187.3561694,533320.0428750742
335,10297.72242,0.0,267.11544012784,0.0,10564.83786012784,640.400803017508,342778.7556115699,0.0,186277.28878981422,529056.0444013842,343132.6867056742,0.0,190187.3561694,533320.0428750742
336,10298.92357,0.0,265.914290127839,0.0,10564.83786012784,874.405378330006,342778.7556115699,0.0,186277.28878981422,529056.0444013842,343132.6867056742,0.0,190187.3561694,533320.0428750742
337,10300.12472,0.0,264.71314012784,0.0,10564.83786012784,1107.35294164251,342778.7556115699,0.0,186277.28878981422,529056.0444013842,343132.6867056742,0.0,190187.3561694,533320.0428750742
338,10301.32588,0.0,263.51198012784,0.0,10564.83786012784,1339.243484155,342778.7556115699,0.0,186277.28878981422,529056.0444013842,343132.6867056742,0.0,190187.3561694,533320.0428750742
339,10302.52703,0.0,262.310830127841,0.0,10564.83786012784,1570.0770146675,342778.7556115699,0.0,186277.28878981422,529056.0444013842,343132.6867056742,0.0,190187.3561694,533320.0428750742
340,10303.72818,0.0,261.10968012784,0.0,10564.83786012784,1799.85353318,342778.7556115699,0.0,186277.28878981422,529056.0444013842,343132.6867056742,0.0,190187.3561694,533320.0428750742
341,10304.92933,0.0,259.908530127839,0.0,10564.83786012784,2028.5730396925,342778.7556115699,0.0,186277.28878981422,529056.0444013842,343132.6867056742,0.0,190187.3561694,533320.0428750742
342,10306.13049,0.002678,258.710048127841,0.0,10564.83786012784,2256.237882045,342778.7556115699,0.0,186277.28878981422,529056.0444013842,343132.6867056742,0.0,190187.3561694,533320.0428750742
343,10307.33164,0.013911,257.52013112784,0.0,10564.83786012784,2482.8555974375,342778.7556115699,0.0,186277.28878981422,529056.0444013842,343132.6867056742,0.0,190187.3561694,533320.0428750742
344,10308.53279,0.02518,256.330250127841,0.0,10564.83786012784,2708.42621755,342778.7556115699,0.0,186277.28878981422,529056.0444013842,343132.6867056742,0.0,190187.3561694,533320.0428750742
345,10309.73394,0.033282,255.13720212784,0.0,10564.83786012784,2932.9469554225,342778.7556115699,0.0,186277.28878981422,529056.0444013842,343132.6867056742,0.0,190187.3561694,533320.0428750742
346,10310.9351,0.035125,253.93788512784,0.0,10564.83786012784,3156.412294335,342778.7556115699,0.0,186277.28878981422,529056.0444013842,343132.6867056742,0.0,190187.3561694,533320.0428750742
347,10312.13625,0.036821,252.73843112784,0.0,10564.83786012784,3378.8221137275,342778.7556115699,0.0,186277.28878981422,529056.0444013842,343132.6867056742,0.0,190187.3561694,533320.0428750742
348,10313.53747,0.038117,251.338507127841,0.0,10564.83786012784,3600.0,342778.7556115699,0.0,186277.28878981422,529056.0444013842,343132.6867056742,0.0,190187.3561694,533320.0428750742
349,10314.93882,0.035001,0.0,372.933723874999,9941.970095125,3227.066276125,342778.7556115699,0.0,186277.28878981422,529056.0444013842,343132.6867056742,0.0,190187.3561694,533320.0428750742
350,10316.34016,0.029279,0.0,374.340785875,9941.970095125,2852.72549025,342778.7556115699,0.0,186277.28878981422,529056.0444013842,343132.6867056742,0.0,190187.3561694,533320.0428750742
351,10317.74151,0.020954999999999998,0.0,375.750459875,9941.970095125,2476.975030375,342778.7556115699,0.0,186277.28878981422,529056.0444013842,343132.6867056742,0.0,190187.3561694,533320.0428750742
352,10319.14285,0.009646000000000002,0.0,558.030238874999,9761.102965125001,1918.9447915,342778.7556115699,0.0,186277.28878981422,529056.0444013842,343132.6867056742,0.0,190187.3561694,533320.0428750742
353,10320.20505,0.0007880000000000001,0.0,378.234166875001,9941.970095125,1540.710624625,342778.7556115699,0.0,186277.28878981422,529056.0444013842,343132.6867056742,0.0,190187.3561694,533320.0428750742
354,10321.20601,0.0,0.0,379.235914875,9941.970095125,1161.47470975,342778.7556115699,0.0,186277.28878981422,529056.0444013842,343132.6867056742,0.0,190187.3561694,533320.0428750742
355,10322.20697,0.0,0.0,380.236874875,9941.970095125,781.237834875001,342778.7556115699,0.0,186277.28878981422,529056.0444013842,343132.6867056742,0.0,190187.3561694,533320.0428750742
356,10323.20793,0.0,0.0,381.237834875001,9941.970095125,400.0,342778.7556115699,0.0,186277.28878981422,529056.0444013842,343132.6867056742,0.0,190187.3561694,533320.0428750742
357,10324.20889,0.0,113.139420446035,0.0,10437.348310446036,499.562689992511,342778.7556115699,0.0,186277.28878981422,529056.0444013842,343132.6867056742,0.0,190187.3561694,533320.0428750742
358,10324.9317,0.0,239.906160127841,0.0,10564.83786012784,710.680110905011,342778.7556115699,0.0,186277.28878981422,529056.0444013842,343132.6867056742,0.0,190187.3561694,533320.0428750742
359,10325.53227,0.0,239.30559012784,0.0,10564.83786012784,921.26903021751,342778.7556115699,0.0,186277.28878981422,529056.0444013842,343132.6867056742,0.0,190187.3561694,533320.0428750742
360,10326.13285,0.0,238.70501012784,0.0,10564.83786012784,1131.32943913001,342778.7556115699,0.0,186277.28878981422,529056.0444013842,343132.6867056742,0.0,190187.3561694,533320.0428750742
361,10326.73343,0.0,238.10443012784,0.0,10564.83786012784,1340.86133764251,342778.7556115699,0.0,186277.28878981422,529056.0444013842,343132.6867056742,0.0,190187.3561694,533320.0428750742
362,10327.334,0.0,237.503860127839,0.0,10564.83786012784,1549.86473455501,342778.7556115699,0.0,186277.28878981422,529056.0444013842,343132.6867056742,0.0,190187.3561694,533320.0428750742
363,10328.04315,0.0,236.794710127841,0.0,10564.83786012784,1758.24407946751,342778.7556115699,0.0,186277.28878981422,529056.0444013842,343132.6867056742,0.0,190187.3561694,533320.0428750742
364,10328.84392,0.0,235.993940127841,0.0,10564.83786012784,1965.91874678001,342778.7556115699,0.0,186277.28878981422,529056.0444013842,343132.6867056742,0.0,190187.3561694,533320.0428750742
365,10329.64469,0.0,235.193170127841,0.0,10564.83786012784,2172.88873649251,342778.7556115699,0.0,186277.28878981422,529056.0444013842,343132.6867056742,0.0,190187.3561694,533320.0428750742
366,10330.44546,0.001676,234.394076127839,0.0,10564.83786012784,2379.15552348501,342778.7556115699,0.0,186277.28878981422,529056.0444013842,343132.6867056742,0.0,190187.3561694,533320.0428750742
367,10331.24623,0.012459,233.604089127839,0.0,10564.83786012784,2584.7271219175,342778.7556115699,0.0,186277.28878981422,529056.0444013842,343132.6867056742,0.0,190187.3561694,533320.0428750742
368,10332.12507,0.023767,232.736557127841,0.0,10564.83786012784,2789.53529219,342778.7556115699,0.0,186277.28878981422,529056.0444013842,343132.6867056742,0.0,190187.3561694,533320.0428750742
369,10333.12603,0.031914000000000005,231.74374412784,0.0,10564.83786012784,2993.4697870225,342778.7556115699,0.0,186277.28878981422,529056.0444013842,343132.6867056742,0.0,190187.3561694,533320.0428750742
370,10334.12699,0.036421999999999996,230.747292127839,0.0,10564.83786012784,3196.527404095,342778.7556115699,0.0,186277.28878981422,529056.0444013842,343132.6867056742,0.0,190187.3561694,533320.0428750742
371,10335.12795,0.038216,229.748126127841,0.0,10564.83786012784,3398.7057550875,342778.7556115699,0.0,186277.28878981422,529056.0444013842,343132.6867056742,0.0,190187.3561694,533320.0428750742
372,10336.12891,0.03451,228.74346012784,0.0,10564.83786012784,3600.0,342778.7556115699,0.0,186277.28878981422,529056.0444013842,343132.6867056742,0.0,190187.3561694,533320.0428750742
373,10336.93957,0.026556000000000003,0.0,394.942918875,9941.970095125,3205.057081125,342778.7556115699,0.0,186277.28878981422,529056.0444013842,343132.6867056742,0.0,190187.3561694,533320.0428750742
374,10337.13976,0.024578,0.0,395.145086875,9941.970095125,2809.91199425,342778.7556115699,0.0,186277.28878981422,529056.0444013842,343132.6867056742,0.0,190187.3561694,533320.0428750742
375,10337.33995,0.019899999999999998,0.0,395.349954875001,9941.970095125,2414.562039375,342778.7556115699,0.0,186277.28878981422,529056.0444013842,343132.6867056742,0.0,190187.3561694,533320.0428750742
376,10337.54015,0.008672000000000001,0.0,395.561382875001,9941.970095125,2019.0006565,342778.7556115699,0.0,186277.28878981422,529056.0444013842,343132.6867056742,0.0,190187.3561694,533320.0428750742
377,10337.74034,0.00039400000000000004,0.0,395.769850875,9941.970095125,1623.230805625,342778.7556115699,0.0,186277.28878981422,529056.0444013842,343132.6867056742,0.0,190187.3561694,533320.0428750742
378,10337.94053,0.0,0.0,395.970434875,9941.970095125,1227.26037075,342778.7556115699,0.0,186277.28878981422,529056.0444013842,343132.6867056742,0.0,190187.3561694,533320.0428750742
379,10338.14072,0.0,0.0,396.170624875,9941.970095125,831.089745874999,342778.7556115699,0.0,186277.28878981422,529056.0444013842,343132.6867056742,0.0,190187.3561694,533320.0428750742
380,10338.34092,0.0,0.0,396.370824875001,9941.970095125,434.718920999998,342778.7556115699,0.0,186277.28878981422,529056.0444013842,343132.6867056742,0.0,190187.3561694,533320.0428750742
381,10338.54111,0.0,226.29675012784,0.0,10564.83786012784,633.860061112497,342778.7556115699,0.0,186277.28878981422,529056.0444013842,343132.6867056742,0.0,190187.3561694,533320.0428750742
382,10338.7413,0.0,226.09656012784,0.0,10564.83786012784,832.825034024997,342778.7556115699,0.0,186277.28878981422,529056.0444013842,343132.6867056742,0.0,190187.3561694,533320.0428750742
383,10338.94149,0.0,225.896370127841,0.0,10564.83786012784,1031.61383973749,342778.7556115699,0.0,186277.28878981422,529056.0444013842,343132.6867056742,0.0,190187.3561694,533320.0428750742
384,10339.14168,0.0,225.696180127839,0.0,10564.83786012784,1230.22647824999,342778.7556115699,0.0,186277.28878981422,529056.0444013842,343132.6867056742,0.0,190187.3561694,533320.0428750742
385,10339.34188,0.0,225.49598012784,0.0,10564.83786012784,1428.66294076249,342778.7556115699,0.0,186277.28878981422,529056.0444013842,343132.6867056742,0.0,190187.3561694,533320.0428750742
386,10339.54207,0.0,225.295790127841,0.0,10564.83786012784,1626.92323607499,342778.7556115699,0.0,186277.28878981422,529056.0444013842,343132.6867056742,0.0,190187.3561694,533320.0428750742
387,10339.74226,0.0,225.095600127839,0.0,10564.83786012784,1825.00736418749,342778.7556115699,0.0,186277.28878981422,529056.0444013842,343132.6867056742,0.0,190187.3561694,533320.0428750742
388,10339.94245,0.0,224.89541012784,0.0,10564.83786012784,2022.91532509999,342778.7556115699,0.0,186277.28878981422,529056.0444013842,343132.6867056742,0.0,190187.3561694,533320.0428750742
389,10340.14264,0.0,224.69522012784,0.0,10564.83786012784,2220.64711881249,342778.7556115699,0.0,186277.28878981422,529056.0444013842,343132.6867056742,0.0,190187.3561694,533320.0428750742
390,10340.34284,0.00223,224.497250127842,0.0,10564.837860127842,2418.204698925,342778.7556115699,0.0,186277.28878981422,529056.0444013842,343132.6867056742,0.0,190187.3561694,533320.0428750742
391,10340.54303,0.013059,224.30788912784,0.0,10564.83786012784,2615.5956413575,342778.7556115699,0.0,186277.28878981422,529056.0444013842,343132.6867056742,0.0,190187.3561694,533320.0428750742
392,10340.74322,0.023048,224.117688127839,0.0,10564.83786012784,2812.81920691,342778.7556115699,0.0,186277.28878981422,529056.0444013842,343132.6867056742,0.0,190187.3561694,533320.0428750742
393,10340.94341,0.032137,223.92658712784,0.0,10564.83786012784,3009.8746035825,342778.7556115699,0.0,186277.28878981422,529056.0444013842,343132.6867056742,0.0,190187.3561694,533320.0428750742
394,10341.1436,0.036975,223.731235127842,0.0,10564.83786012784,3206.758090495,342778.7556115699,0.0,186277.28878981422,529056.0444013842,343132.6867056742,0.0,190187.3561694,533320.0428750742
395,10341.3438,0.039261000000000004,223.533321127839,0.0,10564.83786012784,3403.4674130875,342778.7556115699,0.0,186277.28878981422,529056.0444013842,343132.6867056742,0.0,190187.3561694,533320.0428750742
396,10341.54399,0.038615000000000003,223.332485127839,0.0,10564.83786012784,3600.0,342778.7556115699,0.0,186277.28878981422,529056.0444013842,343132.6867056742,0.0,190187.3561694,533320.0428750742
397,10341.74418,0.034894,0.0,399.739190875,9941.970095125,3200.260809125,342778.7556115699,0.0,186277.28878981422,529056.0444013842,343132.6867056742,0.0,190187.3561694,533320.0428750742
398,10341.94437,0.029098,0.0,399.945176874999,9941.970095125,2800.31563225,342778.7556115699,0.0,186277.28878981422,529056.0444013842,343132.6867056742,0.0,190187.3561694,533320.0428750742
399,10342.0493,0.020356000000000003,0.0,400.058848875,9941.970095125,2400.25678337501,342778.7556115699,0.0,186277.28878981422,529056.0444013842,343132.6867056742,0.0,190187.3561694,533320.0428750742
400,10342.0493,0.009217000000000001,0.0,400.069987875,9941.970095125,2000.18679550001,342778.7556115699,0.0,186277.28878981422,529056.0444013842,343132.6867056742,0.0,190187.3561694,533320.0428750742
401,10342.0493,0.000484,0.0,400.078720875001,9941.970095125,1600.108074625,342778.7556115699,0.0,186277.28878981422,529056.0444013842,343132.6867056742,0.0,190187.3561694,533320.0428750742
402,10342.0493,0.0,0.0,400.079204875001,9941.970095125,1200.02886975,342778.7556115699,0.0,186277.28878981422,529056.0444013842,343132.6867056742,0.0,190187.3561694,533320.0428750742
403,10342.0493,0.0,0.0,400.079204875001,9941.970095125,799.949664875001,342778.7556115699,0.0,186277.28878981422,529056.0444013842,343132.6867056742,0.0,190187.3561694,533320.0428750742
404,10341.91976,0.0,0.0,399.949664875001,9941.970095125,400.0,342778.7556115699,0.0,186277.28878981422,529056.0444013842,343132.6867056742,0.0,190187.3561694,533320.0428750742
405,10341.51938,0.0,223.31848012784,0.0,10564.83786012784,596.520262512499,342778.7556115699,0.0,186277.28878981422,529056.0444013842,343132.6867056742,0.0,190187.3561694,533320.0428750742
406,10341.11899,0.0,223.718870127839,0.0,10564.83786012784,793.392868224998,342778.7556115699,0.0,186277.28878981422,529056.0444013842,343132.6867056742,0.0,190187.3561694,533320.0428750742
407,10340.71861,0.0,224.11925012784,0.0,10564.83786012784,990.617808337497,342778.7556115699,0.0,186277.28878981422,529056.0444013842,343132.6867056742,0.0,190187.3561694,533320.0428750742
408,10340.31822,0.0,224.519640127841,0.0,10564.83786012784,1188.19509165,342778.7556115699,0.0,186277.28878981422,529056.0444013842,343132.6867056742,0.0,190187.3561694,533320.0428750742
409,10339.88357,0.0,224.95429012784,0.0,10564.83786012784,1386.1548669625,342778.7556115699,0.0,186277.28878981422,529056.0444013842,343132.6867056742,0.0,190187.3561694,533320.0428750742
410,10339.283,0.0,225.554860127841,0.0,10564.83786012784,1584.643143875,342778.7556115699,0.0,186277.28878981422,529056.0444013842,343132.6867056742,0.0,190187.3561694,533320.0428750742
411,10338.68242,0.0,226.155440127841,0.0,10564.83786012784,1783.6599311875,342778.7556115699,0.0,186277.28878981422,529056.0444013842,343132.6867056742,0.0,190187.3561694,533320.0428750742
412,10338.08184,0.0,226.756020127839,0.0,10564.83786012784,1983.20522889999,342778.7556115699,0.0,186277.28878981422,529056.0444013842,343132.6867056742,0.0,190187.3561694,533320.0428750742
413,10337.48127,0.0,227.35659012784,0.0,10564.83786012784,2183.27902821249,342778.7556115699,0.0,186277.28878981422,529056.0444013842,343132.6867056742,0.0,190187.3561694,533320.0428750742
414,10336.88069,0.0022480000000000004,227.959418127841,0.0,10564.83786012784,2383.88331616499,342778.7556115699,0.0,186277.28878981422,529056.0444013842,343132.6867056742,0.0,190187.3561694,533320.0428750742
415,10336.28011,0.012501,228.57025112784,0.0,10564.83786012784,2585.02513715749,342778.7556115699,0.0,186277.28878981422,529056.0444013842,343132.6867056742,0.0,190187.3561694,533320.0428750742
416,10335.67954,0.024201,229.182521127841,0.0,10564.83786012784,2786.70575574999,342778.7556115699,0.0,186277.28878981422,529056.0444013842,343132.6867056742,0.0,190187.3561694,533320.0428750742
417,10335.07896,0.032238,229.791138127839,0.0,10564.83786012784,2988.92195730249,342778.7556115699,0.0,186277.28878981422,529056.0444013842,343132.6867056742,0.0,190187.3561694,533320.0428750742
418,10334.47839,0.037351,230.396821127841,0.0,10564.83786012784,3191.67115989499,342778.7556115699,0.0,186277.28878981422,529056.0444013842,343132.6867056742,0.0,190187.3561694,533320.0428750742
419,10333.87781,0.03778,230.997830127841,0.0,10564.83786012784,3394.94925040749,342778.7556115699,0.0,186277.28878981422,529056.0444013842,343132.6867056742,0.0,190187.3561694,533320.0428750742
420,10333.27723,0.035147,231.595777127841,0.0,10564.83786012784,3598.75353427999,342778.7556115699,0.0,186277.28878981422,529056.0444013842,343132.6867056742,0.0,190187.3561694,533320.0428750742
421,10332.67666,0.035379,0.0,390.671185874999,9941.970095125,3208.08234840499,342778.7556115699,0.0,186277.28878981422,529056.0444013842,343132.6867056742,0.0,190187.3561694,533320.0428750742
422,10332.07608,0.027075,0.0,390.078909875001,9941.970095125,2818.00343852999,342778.7556115699,0.0,186277.28878981422,529056.0444013842,343132.6867056742,0.0,190187.3561694,533320.0428750742
423,10331.47551,0.020349,0.0,389.485065875,9941.970095125,2428.51837265499,342778.7556115699,0.0,186277.28878981422,529056.0444013842,343132.6867056742,0.0,190187.3561694,533320.0428750742
424,10330.87493,0.009082000000000002,0.0,478.905352154989,9851.96049584501,1949.6130205,342778.7556115699,0.0,186277.28878981422,529056.0444013842,343132.6867056742,0.0,190187.3561694,533320.0428750742
425,10330.27435,0.000549,0.0,388.303705875,9941.970095125,1561.309314625,342778.7556115699,0.0,186277.28878981422,529056.0444013842,343132.6867056742,0.0,190187.3561694,533320.0428750742
426,10329.67378,0.0,0.0,387.703684874999,9941.970095125,1173.60562975,342778.7556115699,0.0,186277.28878981422,529056.0444013842,343132.6867056742,0.0,190187.3561694,533320.0428750742
427,10329.0732,0.0,0.0,387.103104875001,9941.970095125,786.502524875001,342778.7556115699,0.0,186277.28878981422,529056.0444013842,343132.6867056742,0.0,190187.3561694,533320.0428750742
428,10328.47262,0.0,0.0,386.502524875001,9941.970095125,400.0,342778.7556115699,0.0,186277.28878981422,529056.0444013842,343132.6867056742,0.0,190187.3561694,533320.0428750742
429,10327.87205,0.0,0.0,0.0,10327.87205,400.0,342778.7556115699,0.0,186277.28878981422,529056.0444013842,343132.6867056742,0.0,190187.3561694,533320.0428750742
430,10327.27147,0.0,0.0,0.0,10327.27147,400.0,342778.7556115699,0.0,186277.28878981422,529056.0444013842,343132.6867056742,0.0,190187.3561694,533320.0428750742
431,10326.6709,0.0,0.0,0.0,10326.6709,400.0,342778.7556115699,0.0,186277.28878981422,529056.0444013842,343132.6867056742,0.0,190187.3561694,533320.0428750742
432,10326.07032,0.0,0.0,0.0,10326.07032,400.0,342778.7556115699,0.0,186277.28878981422,529056.0444013842,343132.6867056742,0.0,190187.3561694,533320.0428750742
433,10325.46974,0.0,0.0,0.0,10325.46974,400.0,342778.7556115699,0.0,186277.28878981422,529056.0444013842,343132.6867056742,0.0,190187.3561694,533320.0428750742
434,10324.86917,0.0,0.0,0.0,10324.86917,400.0,342778.7556115699,0.0,186277.28878981422,529056.0444013842,343132.6867056742,0.0,190187.3561694,533320.0428750742
435,10324.26859,0.0,0.0,0.0,10324.26859,400.0,342778.7556115699,0.0,186277.28878981422,529056.0444013842,343132.6867056742,0.0,190187.3561694,533320.0428750742
436,10323.66802,0.0,0.0,0.0,10323.66802,400.0,342778.7556115699,0.0,186277.28878981422,529056.0444013842,343132.6867056742,0.0,190187.3561694,533320.0428750742
437,10323.06744,0.0,0.0,0.0,10323.06744,400.0,342778.7556115699,0.0,186277.28878981422,529056.0444013842,343132.6867056742,0.0,190187.3561694,533320.0428750742
438,10322.46686,0.002363,0.0,0.0,10322.464497,400.0,342778.7556115699,0.0,186277.28878981422,529056.0444013842,343132.6867056742,0.0,190187.3561694,533320.0428750742
439,10321.86629,0.013286,0.0,0.0,10321.853004,400.0,342778.7556115699,0.0,186277.28878981422,529056.0444013842,343132.6867056742,0.0,190187.3561694,533320.0428750742
440,10321.11133,0.02431,0.0,0.0,10321.087019999999,400.0,342778.7556115699,0.0,186277.28878981422,529056.0444013842,343132.6867056742,0.0,190187.3561694,533320.0428750742
441,10319.91018,0.031811,0.0,0.0,10319.878369,400.0,342778.7556115699,0.0,186277.28878981422,529056.0444013842,343132.6867056742,0.0,190187.3561694,533320.0428750742
442,10318.70902,0.035981,0.0,0.0,10318.673039,400.0,342778.7556115699,0.0,186277.28878981422,529056.0444013842,343132.6867056742,0.0,190187.3561694,533320.0428750742
443,10317.50787,0.037926,0.0,0.0,10317.469943999999,400.0,342778.7556115699,0.0,186277.28878981422,529056.0444013842,343132.6867056742,0.0,190187.3561694,533320.0428750742
444,10316.30672,0.038585,0.0,0.0,10316.268135,400.0,342778.7556115699,0.0,186277.28878981422,529056.0444013842,343132.6867056742,0.0,190187.3561694,533320.0428750742
445,10315.04268,0.029053000000000002,0.0,0.0,10315.013627,400.0,342778.7556115699,0.0,186277.28878981422,529056.0444013842,343132.6867056742,0.0,190187.3561694,533320.0428750742
446,10313.24095,0.028685,0.0,0.0,10313.212265,400.0,342778.7556115699,0.0,186277.28878981422,529056.0444013842,343132.6867056742,0.0,190187.3561694,533320.0428750742
447,10311.43923,0.020350000000000004,0.0,0.0,10311.41888,400.0,342778.7556115699,0.0,186277.28878981422,529056.0444013842,343132.6867056742,0.0,190187.3561694,533320.0428750742
448,10309.6375,0.009250999999999999,0.0,0.0,10309.628249000001,400.0,342778.7556115699,0.0,186277.28878981422,529056.0444013842,343132.6867056742,0.0,190187.3561694,533320.0428750742
449,10307.83577,0.000498,0.0,0.0,10307.835272,400.0,342778.7556115699,0.0,186277.28878981422,529056.0444013842,343132.6867056742,0.0,190187.3561694,533320.0428750742
450,10306.03404,0.0,0.0,0.0,10306.03404,400.0,342778.7556115699,0.0,186277.28878981422,529056.0444013842,343132.6867056742,0.0,190187.3561694,533320.0428750742
451,10304.23231,0.0,0.0,0.0,10304.23231,400.0,342778.7556115699,0.0,186277.28878981422,529056.0444013842,343132.6867056742,0.0,190187.3561694,533320.0428750742
452,10302.43058,0.0,0.0,0.0,10302.43058,400.0,342778.7556115699,0.0,186277.28878981422,529056.0444013842,343132.6867056742,0.0,190187.3561694,533320.0428750742
453,10300.62886,0.0,0.0,0.0,10300.62886,400.0,342778.7556115699,0.0,186277.28878981422,529056.0444013842,343132.6867056742,0.0,190187.3561694,533320.0428750742
454,10298.82713,0.0,0.0,0.0,10298.82713,400.0,342778.7556115699,0.0,186277.28878981422,529056.0444013842,343132.6867056742,0.0,190187.3561694,533320.0428750742
455,10297.0254,0.0,0.0,0.0,10297.0254,400.0,342778.7556115699,0.0,186277.28878981422,529056.0444013842,343132.6867056742,0.0,190187.3561694,533320.0428750742
456,10295.38382,0.0,0.0,0.0,10295.38382,400.0,342778.7556115699,0.0,186277.28878981422,529056.0444013842,343132.6867056742,0.0,190187.3561694,533320.0428750742
457,10293.78229,0.0,0.0,0.0,10293.78229,400.0,342778.7556115699,0.0,186277.28878981422,529056.0444013842,343132.6867056742,0.0,190187.3561694,533320.0428750742
458,10292.18075,0.0,0.0,0.0,10292.18075,400.0,342778.7556115699,0.0,186277.28878981422,529056.0444013842,343132.6867056742,0.0,190187.3561694,533320.0428750742
459,10290.57921,0.0,0.0,0.0,10290.57921,400.0,342778.7556115699,0.0,186277.28878981422,529056.0444013842,343132.6867056742,0.0,190187.3561694,533320.0428750742
460,10288.97768,0.0,0.0,0.0,10288.97768,400.0,342778.7556115699,0.0,186277.28878981422,529056.0444013842,343132.6867056742,0.0,190187.3561694,533320.0428750742
461,10287.24649,0.0,0.0,0.0,10287.24649,400.0,342778.7556115699,0.0,186277.28878981422,529056.0444013842,343132.6867056742,0.0,190187.3561694,533320.0428750742
462,10285.44476,0.0015780000000000002,0.0,0.0,10285.443182,400.0,342778.7556115699,0.0,186277.28878981422,529056.0444013842,343132.6867056742,0.0,190187.3561694,533320.0428750742
463,10283.64303,0.007038,0.0,0.0,10283.635992,400.0,342778.7556115699,0.0,186277.28878981422,529056.0444013842,343132.6867056742,0.0,190187.3561694,533320.0428750742
464,10281.8413,0.005628,0.0,0.0,10281.835672,400.0,342778.7556115699,0.0,186277.28878981422,529056.0444013842,343132.6867056742,0.0,190187.3561694,533320.0428750742
465,10280.03957,0.007983,0.0,0.0,10280.031587000001,400.0,342778.7556115699,0.0,186277.28878981422,529056.0444013842,343132.6867056742,0.0,190187.3561694,533320.0428750742
466,10278.43615,0.028207000000000003,0.0,0.0,10278.407943,400.0,342778.7556115699,0.0,186277.28878981422,529056.0444013842,343132.6867056742,0.0,190187.3561694,533320.0428750742
467,10277.03481,0.029592,0.0,0.0,10277.005217999998,400.0,342778.7556115699,0.0,186277.28878981422,529056.0444013842,343132.6867056742,0.0,190187.3561694,533320.0428750742
468,10275.63347,0.030239000000000002,0.0,0.0,10275.603231000001,400.0,342778.7556115699,0.0,186277.28878981422,529056.0444013842,343132.6867056742,0.0,190187.3561694,533320.0428750742
469,10274.23212,0.028939,0.0,0.0,10274.203181,400.0,342778.7556115699,0.0,186277.28878981422,529056.0444013842,343132.6867056742,0.0,190187.3561694,533320.0428750742
470,10272.83078,0.028005,0.0,0.0,10272.802775,400.0,342778.7556115699,0.0,186277.28878981422,529056.0444013842,343132.6867056742,0.0,190187.3561694,533320.0428750742
471,10271.42943,0.015778,0.0,0.0,10271.413652,400.0,342778.7556115699,0.0,186277.28878981422,529056.0444013842,343132.6867056742,0.0,190187.3561694,533320.0428750742
472,10270.02809,0.008153,0.0,0.0,10270.019937,400.0,342778.7556115699,0.0,186277.28878981422,529056.0444013842,343132.6867056742,0.0,190187.3561694,533320.0428750742
473,10268.62674,0.00019,0.0,0.0,10268.626549999999,400.0,342778.7556115699,0.0,186277.28878981422,529056.0444013842,343132.6867056742,0.0,190187.3561694,533320.0428750742
474,10267.2254,0.0,0.0,0.0,10267.2254,400.0,342778.7556115699,0.0,186277.28878981422,529056.0444013842,343132.6867056742,0.0,190187.3561694,533320.0428750742
475,10265.82406,0.0,0.0,0.0,10265.82406,400.0,342778.7556115699,0.0,186277.28878981422,529056.0444013842,343132.6867056742,0.0,190187.3561694,533320.0428750742
476,10264.42271,0.0,300.415150127839,0.0,10564.83786012784,664.365332112499,342778.7556115699,0.0,186277.28878981422,529056.0444013842,343132.6867056742,0.0,190187.3561694,533320.0428750742
477,10263.02137,0.0,301.81649012784,0.0,10564.83786012784,929.963843424998,342778.7556115699,0.0,186277.28878981422,529056.0444013842,343132.6867056742,0.0,190187.3561694,533320.0428750742
478,10261.62002,0.0,178.865108957397,0.0,10440.485128957398,1087.36513930751,342778.7556115699,0.0,186277.28878981422,529056.0444013842,343132.6867056742,0.0,190187.3561694,533320.0428750742
479,10260.21868,0.0,0.0,0.0,10260.21868,1087.36513930751,342778.7556115699,0.0,186277.28878981422,529056.0444013842,343132.6867056742,0.0,190187.3561694,533320.0428750742
480,10258.81733,0.0,0.0,0.0,10258.81733,1087.36513930751,342778.7556115699,0.0,186277.28878981422,529056.0444013842,343132.6867056742,0.0,190187.3561694,533320.0428750742
481,10257.41599,0.0,0.0,0.0,10257.41599,1087.36513930751,342778.7556115699,0.0,186277.28878981422,529056.0444013842,343132.6867056742,0.0,190187.3561694,533320.0428750742
482,10256.01465,0.0,0.0,0.0,10256.01465,1087.36513930751,342778.7556115699,0.0,186277.28878981422,529056.0444013842,343132.6867056742,0.0,190187.3561694,533320.0428750742
483,10254.6133,0.0,0.0,0.0,10254.6133,1087.36513930751,342778.7556115699,0.0,186277.28878981422,529056.0444013842,343132.6867056742,0.0,190187.3561694,533320.0428750742
484,10253.21196,0.0,311.625900127839,0.0,10564.83786012784,1361.59593142001,342778.7556115699,0.0,186277.28878981422,529056.0444013842,343132.6867056742,0.0,190187.3561694,533320.0428750742
485,10251.81061,0.0,313.02725012784,0.0,10564.83786012784,1637.0599115325,342778.7556115699,0.0,186277.28878981422,529056.0444013842,343132.6867056742,0.0,190187.3561694,533320.0428750742
486,10250.40927,0.002323,314.430913127841,0.0,10564.83786012784,1913.759115085,342778.7556115699,0.0,186277.28878981422,529056.0444013842,343132.6867056742,0.0,190187.3561694,533320.0428750742
487,10249.00792,0.013502,315.84344212784,0.0,10564.83786012784,2191.7013441575,342778.7556115699,0.0,186277.28878981422,529056.0444013842,343132.6867056742,0.0,190187.3561694,533320.0428750742
488,10247.60658,0.02481,317.256090127841,0.0,10564.83786012784,2470.88670347,342778.7556115699,0.0,186277.28878981422,529056.0444013842,343132.6867056742,0.0,190187.3561694,533320.0428750742
489,10246.20524,0.031965,318.664585127841,0.0,10564.83786012784,2751.3115383825,342778.7556115699,0.0,186277.28878981422,529056.0444013842,343132.6867056742,0.0,190187.3561694,533320.0428750742
490,10244.80389,0.034654000000000004,320.06862412784,0.0,10564.83786012784,3032.971927615,342778.7556115699,0.0,186277.28878981422,529056.0444013842,343132.6867056742,0.0,190187.3561694,533320.0428750742
491,10243.40255,0.039368,321.474678127839,0.0,10564.83786012784,3315.8696443675,342778.7556115699,0.0,186277.28878981422,529056.0444013842,343132.6867056742,0.0,190187.3561694,533320.0428750742
492,10242.0012,0.038744,322.875404127839,0.0,10564.83786012784,3600.0,342778.7556115699,0.0,186277.28878981422,529056.0444013842,343132.6867056742,0.0,190187.3561694,533320.0428750742
493,10240.59986,0.035802999999999995,0.0,1000.0,9240.564057,2600.0,342778.7556115699,0.0,186277.28878981422,529056.0444013842,343132.6867056742,0.0,190187.3561694,533320.0428750742
494,10239.19851,0.029911000000000004,0.0,447.753569750001,9791.41502925,2152.24643025,342778.7556115699,0.0,186277.28878981422,529056.0444013842,343132.6867056742,0.0,190187.3561694,533320.0428750742
495,10237.79717,0.019521,0.0,295.807553875,9941.970095125,1856.438876375,342778.7556115699,0.0,186277.28878981422,529056.0444013842,343132.6867056742,0.0,190187.3561694,533320.0428750742
496,10236.39583,0.009337999999999999,0.0,294.416396875,9941.970095125,1562.0224795,342778.7556115699,0.0,186277.28878981422,529056.0444013842,343132.6867056742,0.0,190187.3561694,533320.0428750742
497,10234.87813,0.00045000000000000004,0.0,292.907584875,9941.970095125,1269.114894625,342778.7556115699,0.0,186277.28878981422,529056.0444013842,343132.6867056742,0.0,190187.3561694,533320.0428750742
498,10233.2766,0.0,0.0,291.306504875,9941.970095125,977.80838975,342778.7556115699,0.0,186277.28878981422,529056.0444013842,343132.6867056742,0.0,190187.3561694,533320.0428750742
499,10231.67506,0.0,0.0,289.704964875,9941.970095125,688.103424875,342778.7556115699,0.0,186277.28878981422,529056.0444013842,343132.6867056742,0.0,190187.3561694,533320.0428750742
500,10230.07352,0.0,0.0,288.103424875,9941.970095125,400.0,342778.7556115699,0.0,186277.28878981422,529056.0444013842,343132.6867056742,0.0,190187.3561694,533320.0428750742
501,10228.47199,0.0,0.0,0.0,10228.47199,400.0,342778.7556115699,0.0,186277.28878981422,529056.0444013842,343132.6867056742,0.0,190187.3561694,533320.0428750742
502,10226.61291,0.0,338.22495012784,0.0,10564.83786012784,697.637956112499,342778.7556115699,0.0,186277.28878981422,529056.0444013842,343132.6867056742,0.0,190187.3561694,533320.0428750742
503,10224.4108,0.0,340.42706012784,0.0,10564.83786012784,997.213769024999,342778.7556115699,0.0,186277.28878981422,529056.0444013842,343132.6867056742,0.0,190187.3561694,533320.0428750742
504,10222.20869,0.0,342.629170127841,0.0,10564.83786012784,1298.7274387375,342778.7556115699,0.0,186277.28878981422,529056.0444013842,343132.6867056742,0.0,190187.3561694,533320.0428750742
505,10220.00657,0.0,89.0347810852349,0.0,10309.041351085234,1377.07804609251,342778.7556115699,0.0,186277.28878981422,529056.0444013842,343132.6867056742,0.0,190187.3561694,533320.0428750742
506,10217.80446,0.0,0.0,0.0,10217.80446,1377.07804609251,342778.7556115699,0.0,186277.28878981422,529056.0444013842,343132.6867056742,0.0,190187.3561694,533320.0428750742
507,10215.71304,0.0,0.0,0.0,10215.71304,1377.07804609251,342778.7556115699,0.0,186277.28878981422,529056.0444013842,343132.6867056742,0.0,190187.3561694,533320.0428750742
508,10213.91131,0.0,0.0,0.0,10213.91131,1377.07804609251,342778.7556115699,0.0,186277.28878981422,529056.0444013842,343132.6867056742,0.0,190187.3561694,533320.0428750742
509,10212.10959,0.0,0.0,0.0,10212.10959,1377.07804609251,342778.7556115699,0.0,186277.28878981422,529056.0444013842,343132.6867056742,0.0,190187.3561694,533320.0428750742
510,10210.30786,0.0019890000000000003,354.53198912784,0.0,10564.83786012784,1689.066196525,342778.7556115699,0.0,186277.28878981422,529056.0444013842,343132.6867056742,0.0,190187.3561694,533320.0428750742
511,10208.50613,0.012456,356.344186127841,0.0,10564.83786012784,2002.6490803175,342778.7556115699,0.0,186277.28878981422,529056.0444013842,343132.6867056742,0.0,190187.3561694,533320.0428750742
512,10206.62986,0.018471,358.22647112784,0.0,10564.83786012784,2317.88837491,342778.7556115699,0.0,186277.28878981422,529056.0444013842,343132.6867056742,0.0,190187.3561694,533320.0428750742
513,10204.22755,0.025955,360.63626512784,0.0,10564.83786012784,2635.2482882225,342778.7556115699,0.0,186277.28878981422,529056.0444013842,343132.6867056742,0.0,190187.3561694,533320.0428750742
514,10201.82525,0.032357,363.04496712784,0.0,10564.83786012784,2954.727859295,342778.7556115699,0.0,186277.28878981422,529056.0444013842,343132.6867056742,0.0,190187.3561694,533320.0428750742
515,10199.42295,0.021207999999999998,365.43611812784,0.0,10564.83786012784,3276.3116432475,342778.7556115699,0.0,186277.28878981422,529056.0444013842,343132.6867056742,0.0,190187.3561694,533320.0428750742
516,10197.02064,0.010458,367.82767812784,0.0,10564.83786012784,3600.0,342778.7556115699,0.0,186277.28878981422,529056.0444013842,343132.6867056742,0.0,190187.3561694,533320.0428750742
517,10194.61834,0.012446,0.0,252.635798875001,9941.970095125,3347.364201125,342778.7556115699,0.0,186277.28878981422,529056.0444013842,343132.6867056742,0.0,190187.3561694,533320.0428750742
518,10192.21603,0.005982,0.0,250.239952874999,9941.970095125,3097.12424825,342778.7556115699,0.0,186277.28878981422,529056.0444013842,343132.6867056742,0.0,190187.3561694,533320.0428750742
519,10189.81373,0.005017000000000001,0.0,247.838617875001,9941.970095125,2849.285630375,342778.7556115699,0.0,186277.28878981422,529056.0444013842,343132.6867056742,0.0,190187.3561694,533320.0428750742
520,10187.41142,0.0019450000000000001,0.0,1000.0,9187.409475,1849.285630375,342778.7556115699,0.0,186277.28878981422,529056.0444013842,343132.6867056742,0.0,190187.3561694,533320.0428750742
521,10185.00912,0.0,0.0,733.525845749999,9451.483274250002,1115.759784625,342778.7556115699,0.0,186277.28878981422,529056.0444013842,343132.6867056742,0.0,190187.3561694,533320.0428750742
522,10182.60681,0.0,0.0,240.636714875,9941.970095125,875.123069750001,342778.7556115699,0.0,186277.28878981422,529056.0444013842,343132.6867056742,0.0,190187.3561694,533320.0428750742
523,10180.53259,0.0,0.0,238.562494875001,9941.970095125,636.560574875,342778.7556115699,0.0,186277.28878981422,529056.0444013842,343132.6867056742,0.0,190187.3561694,533320.0428750742
524,10178.53067,0.0,0.0,236.560574875,9941.970095125,400.0,342778.7556115699,0.0,186277.28878981422,529056.0444013842,343132.6867056742,0.0,190187.3561694,533320.0428750742
525,10176.52875,0.0,0.0,0.0,10176.52875,400.0,342778.7556115699,0.0,186277.28878981422,529056.0444013842,343132.6867056742,0.0,190187.3561694,533320.0428750742
526,10174.52683,0.0,0.0,0.0,10174.52683,400.0,342778.7556115699,0.0,186277.28878981422,529056.0444013842,343132.6867056742,0.0,190187.3561694,533320.0428750742
527,10172.52491,0.0,0.0,0.0,10172.52491,400.0,342778.7556115699,0.0,186277.28878981422,529056.0444013842,343132.6867056742,0.0,190187.3561694,533320.0428750742
528,10170.52299,0.0,0.0,0.0,10170.52299,400.0,342778.7556115699,0.0,186277.28878981422,529056.0444013842,343132.6867056742,0.0,190187.3561694,533320.0428750742
529,10168.52107,0.0,0.0,0.0,10168.52107,400.0,342778.7556115699,0.0,186277.28878981422,529056.0444013842,343132.6867056742,0.0,190187.3561694,533320.0428750742
530,10166.51915,0.0,398.31871012784,0.0,10564.83786012784,750.520464912499,342778.7556115699,0.0,186277.28878981422,529056.0444013842,343132.6867056742,0.0,190187.3561694,533320.0428750742
531,10164.51722,0.0,400.32064012784,0.0,10564.83786012784,1102.802628225,342778.7556115699,0.0,186277.28878981422,529056.0444013842,343132.6867056742,0.0,190187.3561694,533320.0428750742
532,10162.5153,0.0,402.322560127841,0.0,10564.83786012784,1456.8464811375,342778.7556115699,0.0,186277.28878981422,529056.0444013842,343132.6867056742,0.0,190187.3561694,533320.0428750742
533,10160.41034,0.0,362.968554340914,0.0,10523.378894340914,1776.2588089575,342778.7556115699,0.0,186277.28878981422,529056.0444013842,343132.6867056742,0.0,190187.3561694,533320.0428750742
534,10158.20823,0.00202,0.0,0.0,10158.20621,1776.2588089575,342778.7556115699,0.0,186277.28878981422,529056.0444013842,343132.6867056742,0.0,190187.3561694,533320.0428750742
535,10156.00612,0.012768000000000002,0.0,0.0,10155.993352,1776.2588089575,342778.7556115699,0.0,186277.28878981422,529056.0444013842,343132.6867056742,0.0,190187.3561694,533320.0428750742
536,10153.80401,0.024085000000000002,411.057935127839,0.0,10564.83786012784,2137.98979187,342778.7556115699,0.0,186277.28878981422,529056.0444013842,343132.6867056742,0.0,190187.3561694,533320.0428750742
537,10151.60189,0.03198,413.26795012784,0.0,10564.83786012784,2501.6655879825,342778.7556115699,0.0,186277.28878981422,529056.0444013842,343132.6867056742,0.0,190187.3561694,533320.0428750742
538,10149.83502,0.036747,415.03958712784,0.0,10564.83786012784,2866.900424655,342778.7556115699,0.0,186277.28878981422,529056.0444013842,343132.6867056742,0.0,190187.3561694,533320.0428750742
539,10148.83406,0.018958,416.022758127841,0.0,10564.83786012784,3233.0004518075,342778.7556115699,0.0,186277.28878981422,529056.0444013842,343132.6867056742,0.0,190187.3561694,533320.0428750742
540,10147.8331,0.040181,417.044941127841,0.0,10564.83786012784,3600.0,342778.7556115699,0.0,186277.28878981422,529056.0444013842,343132.6867056742,0.0,190187.3561694,533320.0428750742
541,10146.83214,0.028325,0.0,1000.0,9146.803815000001,2600.0,342778.7556115699,0.0,186277.28878981422,529056.0444013842,343132.6867056742,0.0,190187.3561694,533320.0428750742
542,10145.83118,0.029104,0.0,1000.0,9145.802076,1600.0,342778.7556115699,0.0,186277.28878981422,529056.0444013842,343132.6867056742,0.0,190187.3561694,533320.0428750742
543,10144.7041,0.00475,0.0,210.343219625,9934.356130375001,1389.656780375,342778.7556115699,0.0,186277.28878981422,529056.0444013842,343132.6867056742,0.0,190187.3561694,533320.0428750742
544,10143.10256,0.001734,0.0,201.130730875,9941.970095125,1188.5260495,342778.7556115699,0.0,186277.28878981422,529056.0444013842,343132.6867056742,0.0,190187.3561694,533320.0428750742
545,10141.50103,0.0,0.0,199.530934875,9941.970095125,988.995114625,342778.7556115699,0.0,186277.28878981422,529056.0444013842,343132.6867056742,0.0,190187.3561694,533320.0428750742
546,10139.89949,0.0,0.0,197.929394875,9941.970095125,791.06571975,342778.7556115699,0.0,186277.28878981422,529056.0444013842,343132.6867056742,0.0,190187.3561694,533320.0428750742
547,10138.29795,0.0,0.0,196.327854875,9941.970095125,594.737864875,342778.7556115699,0.0,186277.28878981422,529056.0444013842,343132.6867056742,0.0,190187.3561694,533320.0428750742
548,10136.70796,0.0,0.0,194.737864875,9941.970095125,400.0,342778.7556115699,0.0,186277.28878981422,529056.0444013842,343132.6867056742,0.0,190187.3561694,533320.0428750742
549,10135.30661,0.0,0.0,0.0,10135.30661,400.0,342778.7556115699,0.0,186277.28878981422,529056.0444013842,343132.6867056742,0.0,190187.3561694,533320.0428750742
550,10133.90527,0.0,0.0,0.0,10133.90527,400.0,342778.7556115699,0.0,186277.28878981422,529056.0444013842,343132.6867056742,0.0,190187.3561694,533320.0428750742
551,10132.50393,0.0,0.0,0.0,10132.50393,400.0,342778.7556115699,0.0,186277.28878981422,529056.0444013842,343132.6867056742,0.0,190187.3561694,533320.0428750742
552,10131.10258,0.0,0.0,0.0,10131.10258,400.0,342778.7556115699,0.0,186277.28878981422,529056.0444013842,343132.6867056742,0.0,190187.3561694,533320.0428750742
553,10129.70124,0.0,0.0,0.0,10129.70124,400.0,342778.7556115699,0.0,186277.28878981422,529056.0444013842,343132.6867056742,0.0,190187.3561694,533320.0428750742
554,10128.11866,0.0,0.0,0.0,10128.11866,400.0,342778.7556115699,0.0,186277.28878981422,529056.0444013842,343132.6867056742,0.0,190187.3561694,533320.0428750742
555,10126.51712,0.0,438.32074012784,0.0,10564.83786012784,785.722251312499,342778.7556115699,0.0,186277.28878981422,529056.0444013842,343132.6867056742,0.0,190187.3561694,533320.0428750742
556,10124.91559,0.0,439.92227012784,0.0,10564.83786012784,1172.853849025,342778.7556115699,0.0,186277.28878981422,529056.0444013842,343132.6867056742,0.0,190187.3561694,533320.0428750742
557,10123.31405,0.0,441.523810127839,0.0,10564.83786012784,1561.3948019375,342778.7556115699,0.0,186277.28878981422,529056.0444013842,343132.6867056742,0.0,190187.3561694,533320.0428750742
558,10121.71252,0.0005729999999999999,443.12591312784,0.0,10564.83786012784,1951.34560549,342778.7556115699,0.0,186277.28878981422,529056.0444013842,343132.6867056742,0.0,190187.3561694,533320.0428750742
559,10120.41244,0.003637,78.6529103409162,0.0,10199.061713340916,2020.56016659,342778.7556115699,0.0,186277.28878981422,529056.0444013842,343132.6867056742,0.0,190187.3561694,533320.0428750742
560,10119.21129,0.005335,0.0,0.0,10119.205955,2020.56016659,342778.7556115699,0.0,186277.28878981422,529056.0444013842,343132.6867056742,0.0,190187.3561694,533320.0428750742
561,10118.01014,0.0077220000000000006,446.83544212784,0.0,10564.83786012784,2413.7753556625,342778.7556115699,0.0,186277.28878981422,529056.0444013842,343132.6867056742,0.0,190187.3561694,533320.0428750742
562,10116.80899,0.013711000000000001,448.04258112784,0.0,10564.83786012784,2808.052827055,342778.7556115699,0.0,186277.28878981422,529056.0444013842,343132.6867056742,0.0,190187.3561694,533320.0428750742
563,10115.60784,0.016729,449.24674912784,0.0,10564.83786012784,3203.3899662875,342778.7556115699,0.0,186277.28878981422,529056.0444013842,343132.6867056742,0.0,190187.3561694,533320.0428750742
564,10114.16622,0.02158,450.693220127841,0.0,10564.83786012784,3600.0,342778.7556115699,0.0,186277.28878981422,529056.0444013842,343132.6867056742,0.0,190187.3561694,533320.0428750742
565,10112.56468,0.007535,0.0,1000.0,9112.557144999999,2600.0,342778.7556115699,0.0,186277.28878981422,529056.0444013842,343132.6867056742,0.0,190187.3561694,533320.0428750742
566,10110.96314,0.00605,0.0,168.986994875,9941.970095125,2431.013005125,342778.7556115699,0.0,186277.28878981422,529056.0444013842,343132.6867056742,0.0,190187.3561694,533320.0428750742
567,10109.36161,0.01345,0.0,167.378064875,9941.970095125,2263.63494025,342778.7556115699,0.0,186277.28878981422,529056.0444013842,343132.6867056742,0.0,190187.3561694,533320.0428750742
568,10107.76007,0.001314,0.0,1000.0,9107.758756000001,1263.63494025,342778.7556115699,0.0,186277.28878981422,529056.0444013842,343132.6867056742,0.0,190187.3561694,533320.0428750742
569,10106.0688,0.0,0.0,164.098704874999,9941.970095125,1099.536235375,342778.7556115699,0.0,186277.28878981422,529056.0444013842,343132.6867056742,0.0,190187.3561694,533320.0428750742
570,10104.26707,0.0,0.0,380.347455625,9723.919614375,719.18877975,342778.7556115699,0.0,186277.28878981422,529056.0444013842,343132.6867056742,0.0,190187.3561694,533320.0428750742
571,10102.46535,0.0,0.0,160.495254875001,9941.970095125,558.693524875,342778.7556115699,0.0,186277.28878981422,529056.0444013842,343132.6867056742,0.0,190187.3561694,533320.0428750742
572,10100.66362,0.0,0.0,158.693524875,9941.970095125,400.0,342778.7556115699,0.0,186277.28878981422,529056.0444013842,343132.6867056742,0.0,190187.3561694,533320.0428750742
573,10098.86189,0.0,465.97597012784,0.0,10564.83786012784,810.058853712499,342778.7556115699,0.0,186277.28878981422,529056.0444013842,343132.6867056742,0.0,190187.3561694,533320.0428750742
574,10097.00093,0.0,467.83693012784,0.0,10564.83786012784,1221.755352225,342778.7556115699,0.0,186277.28878981422,529056.0444013842,343132.6867056742,0.0,190187.3561694,533320.0428750742
575,10094.99901,0.0,469.83885012784,0.0,10564.83786012784,1635.2135403375,342778.7556115699,0.0,186277.28878981422,529056.0444013842,343132.6867056742,0.0,190187.3561694,533320.0428750742
576,10092.99709,0.0,471.840770127839,0.0,10564.83786012784,2050.43341805,342778.7556115699,0.0,186277.28878981422,529056.0444013842,343132.6867056742,0.0,190187.3561694,533320.0428750742
577,10090.99517,0.0,281.038156468757,0.0,10372.033326468758,2297.7469957425,342778.7556115699,0.0,186277.28878981422,529056.0444013842,343132.6867056742,0.0,190187.3561694,533320.0428750742
578,10088.99325,0.0,0.0,0.0,10088.99325,2297.7469957425,342778.7556115699,0.0,186277.28878981422,529056.0444013842,343132.6867056742,0.0,190187.3561694,533320.0428750742
579,10086.99132,0.0,0.0,0.0,10086.99132,2297.7469957425,342778.7556115699,0.0,186277.28878981422,529056.0444013842,343132.6867056742,0.0,190187.3561694,533320.0428750742
580,10084.9894,0.0,0.0,0.0,10084.9894,2297.7469957425,342778.7556115699,0.0,186277.28878981422,529056.0444013842,343132.6867056742,0.0,190187.3561694,533320.0428750742
581,10082.98748,0.0,0.0,0.0,10082.98748,2297.7469957425,342778.7556115699,0.0,186277.28878981422,529056.0444013842,343132.6867056742,0.0,190187.3561694,533320.0428750742
582,10080.98556,7.7e-05,0.0,0.0,10080.985482999999,2297.7469957425,342778.7556115699,0.0,186277.28878981422,529056.0444013842,343132.6867056742,0.0,190187.3561694,533320.0428750742
583,10078.98364,0.001498,0.0,0.0,10078.982142,2297.7469957425,342778.7556115699,0.0,186277.28878981422,529056.0444013842,343132.6867056742,0.0,190187.3561694,533320.0428750742
584,10076.98172,0.003743,0.0,0.0,10076.977977,2297.7469957425,342778.7556115699,0.0,186277.28878981422,529056.0444013842,343132.6867056742,0.0,190187.3561694,533320.0428750742
585,10075.17823,0.00579,0.0,0.0,10075.17244,2297.7469957425,342778.7556115699,0.0,186277.28878981422,529056.0444013842,343132.6867056742,0.0,190187.3561694,533320.0428750742
586,10073.3765,0.007266,491.46862612784,0.0,10564.83786012784,2730.239386735,342778.7556115699,0.0,186277.28878981422,529056.0444013842,343132.6867056742,0.0,190187.3561694,533320.0428750742
587,10071.57477,0.028585000000000003,493.291675127841,0.0,10564.83786012784,3164.3360608475,342778.7556115699,0.0,186277.28878981422,529056.0444013842,343132.6867056742,0.0,190187.3561694,533320.0428750742
588,10069.77304,0.007838,495.07265812784,0.0,10564.83786012784,3600.0,342778.7556115699,0.0,186277.28878981422,529056.0444013842,343132.6867056742,0.0,190187.3561694,533320.0428750742
589,10067.97131,0.006819,0.0,1000.0,9067.964491,2600.0,342778.7556115699,0.0,186277.28878981422,529056.0444013842,343132.6867056742,0.0,190187.3561694,533320.0428750742
590,10066.33751,0.014439,0.0,124.352975874999,9941.970095125,2475.647024125,342778.7556115699,0.0,186277.28878981422,529056.0444013842,343132.6867056742,0.0,190187.3561694,533320.0428750742
591,10064.73598,0.007037,0.0,122.758847875,9941.970095125,2352.88817625,342778.7556115699,0.0,186277.28878981422,529056.0444013842,343132.6867056742,0.0,190187.3561694,533320.0428750742
592,10063.13444,0.0010960000000000002,0.0,599.593041624999,9463.540302375,1753.295134625,342778.7556115699,0.0,186277.28878981422,529056.0444013842,343132.6867056742,0.0,190187.3561694,533320.0428750742
593,10061.5329,0.0,0.0,119.562804875,9941.970095125,1633.73232975,342778.7556115699,0.0,186277.28878981422,529056.0444013842,343132.6867056742,0.0,190187.3561694,533320.0428750742
594,10059.93137,0.0,0.0,117.961274875001,9941.970095125,1515.771054875,342778.7556115699,0.0,186277.28878981422,529056.0444013842,343132.6867056742,0.0,190187.3561694,533320.0428750742
595,10058.74211,0.0,0.0,1000.0,9058.74211,515.771054875,342778.7556115699,0.0,186277.28878981422,529056.0444013842,343132.6867056742,0.0,190187.3561694,533320.0428750742
596,10057.74115,0.0,0.0,115.771054875,9941.970095125,400.0,342778.7556115699,0.0,186277.28878981422,529056.0444013842,343132.6867056742,0.0,190187.3561694,533320.0428750742
597,10056.74019,0.0,0.0,0.0,10056.74019,400.0,342778.7556115699,0.0,186277.28878981422,529056.0444013842,343132.6867056742,0.0,190187.3561694,533320.0428750742
598,10055.73923,0.0,0.0,0.0,10055.73923,400.0,342778.7556115699,0.0,186277.28878981422,529056.0444013842,343132.6867056742,0.0,190187.3561694,533320.0428750742
599,10054.73827,0.0,0.0,0.0,10054.73827,400.0,342778.7556115699,0.0,186277.28878981422,529056.0444013842,343132.6867056742,0.0,190187.3561694,533320.0428750742
600,10053.73731,0.0,0.0,0.0,10053.73731,400.0,342778.7556115699,0.0,186277.28878981422,529056.0444013842,343132.6867056742,0.0,190187.3561694,533320.0428750742
601,10052.73635,0.0,0.0,0.0,10052.73635,400.0,342778.7556115699,0.0,186277.28878981422,529056.0444013842,343132.6867056742,0.0,190187.3561694,533320.0428750742
602,10051.73539,0.0,0.0,0.0,10051.73539,400.0,342778.7556115699,0.0,186277.28878981422,529056.0444013842,343132.6867056742,0.0,190187.3561694,533320.0428750742
603,10050.73443,0.0,0.0,0.0,10050.73443,400.0,342778.7556115699,0.0,186277.28878981422,529056.0444013842,343132.6867056742,0.0,190187.3561694,533320.0428750742
604,10049.73347,0.0,0.0,0.0,10049.73347,400.0,342778.7556115699,0.0,186277.28878981422,529056.0444013842,343132.6867056742,0.0,190187.3561694,533320.0428750742
605,10048.65608,0.0,0.0,0.0,10048.65608,400.0,342778.7556115699,0.0,186277.28878981422,529056.0444013842,343132.6867056742,0.0,190187.3561694,533320.0428750742
606,10047.45493,0.0016200000000000001,0.0,0.0,10047.45331,400.0,342778.7556115699,0.0,186277.28878981422,529056.0444013842,343132.6867056742,0.0,190187.3561694,533320.0428750742
607,10046.25377,0.012808,0.0,0.0,10046.240962,400.0,342778.7556115699,0.0,186277.28878981422,529056.0444013842,343132.6867056742,0.0,190187.3561694,533320.0428750742
608,10045.05262,0.024812,0.0,0.0,10045.027808,400.0,342778.7556115699,0.0,186277.28878981422,529056.0444013842,343132.6867056742,0.0,190187.3561694,533320.0428750742
609,10043.85147,0.033532,0.0,0.0,10043.817938,400.0,342778.7556115699,0.0,186277.28878981422,529056.0444013842,343132.6867056742,0.0,190187.3561694,533320.0428750742
610,10042.60439,0.037875,0.0,0.0,10042.566515,400.0,342778.7556115699,0.0,186277.28878981422,529056.0444013842,343132.6867056742,0.0,190187.3561694,533320.0428750742
611,10041.20305,0.037415,0.0,0.0,10041.165635,400.0,342778.7556115699,0.0,186277.28878981422,529056.0444013842,343132.6867056742,0.0,190187.3561694,533320.0428750742
612,10039.8017,0.036496,0.0,0.0,10039.765204,400.0,342778.7556115699,0.0,186277.28878981422,529056.0444013842,343132.6867056742,0.0,190187.3561694,533320.0428750742
613,10038.40036,0.033497,0.0,0.0,10038.366863,400.0,342778.7556115699,0.0,186277.28878981422,529056.0444013842,343132.6867056742,0.0,190187.3561694,533320.0428750742
614,10036.99901,0.02958,0.0,0.0,10036.96943,400.0,342778.7556115699,0.0,186277.28878981422,529056.0444013842,343132.6867056742,0.0,190187.3561694,533320.0428750742
615,10035.6131,0.019018,0.0,0.0,10035.594082,400.0,342778.7556115699,0.0,186277.28878981422,529056.0444013842,343132.6867056742,0.0,190187.3561694,533320.0428750742
616,10034.41194,0.007857000000000001,0.0,0.0,10034.404083,400.0,342778.7556115699,0.0,186277.28878981422,529056.0444013842,343132.6867056742,0.0,190187.3561694,533320.0428750742
617,10033.21079,0.0,0.0,0.0,10033.21079,400.0,342778.7556115699,0.0,186277.28878981422,529056.0444013842,343132.6867056742,0.0,190187.3561694,533320.0428750742
618,10032.00964,0.0,0.0,0.0,10032.00964,400.0,342778.7556115699,0.0,186277.28878981422,529056.0444013842,343132.6867056742,0.0,190187.3561694,533320.0428750742
619,10030.80849,0.0,0.0,0.0,10030.80849,400.0,342778.7556115699,0.0,186277.28878981422,529056.0444013842,343132.6867056742,0.0,190187.3561694,533320.0428750742
620,10029.60733,0.0,0.0,0.0,10029.60733,400.0,342778.7556115699,0.0,186277.28878981422,529056.0444013842,343132.6867056742,0.0,190187.3561694,533320.0428750742
621,10028.40618,0.0,0.0,0.0,10028.40618,400.0,342778.7556115699,0.0,186277.28878981422,529056.0444013842,343132.6867056742,0.0,190187.3561694,533320.0428750742
622,10027.20503,0.0,0.0,0.0,10027.20503,400.0,342778.7556115699,0.0,186277.28878981422,529056.0444013842,343132.6867056742,0.0,190187.3561694,533320.0428750742
623,10026.00388,0.0,0.0,0.0,10026.00388,400.0,342778.7556115699,0.0,186277.28878981422,529056.0444013842,343132.6867056742,0.0,190187.3561694,533320.0428750742
624,10024.80273,0.0,0.0,0.0,10024.80273,400.0,342778.7556115699,0.0,186277.28878981422,529056.0444013842,343132.6867056742,0.0,190187.3561694,533320.0428750742
625,10023.60157,0.0,0.0,0.0,10023.60157,400.0,342778.7556115699,0.0,186277.28878981422,529056.0444013842,343132.6867056742,0.0,190187.3561694,533320.0428750742
626,10022.2458,0.0,0.0,0.0,10022.2458,400.0,342778.7556115699,0.0,186277.28878981422,529056.0444013842,343132.6867056742,0.0,190187.3561694,533320.0428750742
627,10020.84446,0.0,0.0,0.0,10020.84446,400.0,342778.7556115699,0.0,186277.28878981422,529056.0444013842,343132.6867056742,0.0,190187.3561694,533320.0428750742
628,10019.44311,0.0,0.0,0.0,10019.44311,400.0,342778.7556115699,0.0,186277.28878981422,529056.0444013842,343132.6867056742,0.0,190187.3561694,533320.0428750742
629,10018.04177,0.0,0.0,0.0,10018.04177,400.0,342778.7556115699,0.0,186277.28878981422,529056.0444013842,343132.6867056742,0.0,190187.3561694,533320.0428750742
630,10016.64043,0.002143,548.19957312784,0.0,10564.83786012784,882.415624352499,342778.7556115699,0.0,186277.28878981422,529056.0444013842,343132.6867056742,0.0,190187.3561694,533320.0428750742
631,10015.23908,0.013876,549.612656127842,0.0,10564.83786012784,1366.074761745,342778.7556115699,0.0,186277.28878981422,529056.0444013842,343132.6867056742,0.0,190187.3561694,533320.0428750742
632,10013.83774,0.024405000000000003,551.024525127839,0.0,10564.83786012784,1850.9763438575,342778.7556115699,0.0,186277.28878981422,529056.0444013842,343132.6867056742,0.0,190187.3561694,533320.0428750742
633,10012.43639,0.033728,552.43519812784,0.0,10564.83786012784,2337.11931821,342778.7556115699,0.0,186277.28878981422,529056.0444013842,343132.6867056742,0.0,190187.3561694,533320.0428750742
634,10011.03505,0.037756,227.336094596597,0.0,10238.333388596599,2537.175081455,342778.7556115699,0.0,186277.28878981422,529056.0444013842,343132.6867056742,0.0,190187.3561694,533320.0428750742
635,10009.6337,0.037353000000000004,0.0,0.0,10009.596347,2537.175081455,342778.7556115699,0.0,186277.28878981422,529056.0444013842,343132.6867056742,0.0,190187.3561694,533320.0428750742
636,10007.9515,0.040033,0.0,0.0,10007.911467,2537.175081455,342778.7556115699,0.0,186277.28878981422,529056.0444013842,343132.6867056742,0.0,190187.3561694,533320.0428750742
637,10005.94958,0.034792000000000003,0.0,0.0,10005.914788,2537.175081455,342778.7556115699,0.0,186277.28878981422,529056.0444013842,343132.6867056742,0.0,190187.3561694,533320.0428750742
638,10003.94766,0.029575,0.0,0.0,10003.918085,2537.175081455,342778.7556115699,0.0,186277.28878981422,529056.0444013842,343132.6867056742,0.0,190187.3561694,533320.0428750742
639,10001.94574,0.020539,0.0,0.0,10001.925201,2537.175081455,342778.7556115699,0.0,186277.28878981422,529056.0444013842,343132.6867056742,0.0,190187.3561694,533320.0428750742
640,9999.94382,0.008881,0.0,0.0,9999.934939,2537.175081455,342778.7556115699,0.0,186277.28878981422,529056.0444013842,343132.6867056742,0.0,190187.3561694,533320.0428750742
641,9997.941899,0.0,0.0,0.0,9997.941899,2537.175081455,342778.7556115699,0.0,186277.28878981422,529056.0444013842,343132.6867056742,0.0,190187.3561694,533320.0428750742
642,9995.939979,0.0,0.0,0.0,9995.939979,2537.175081455,342778.7556115699,0.0,186277.28878981422,529056.0444013842,343132.6867056742,0.0,190187.3561694,533320.0428750742
643,9993.938059,0.0,0.0,0.0,9993.938059,2537.175081455,342778.7556115699,0.0,186277.28878981422,529056.0444013842,343132.6867056742,0.0,190187.3561694,533320.0428750742
644,9991.936138,0.0,0.0,0.0,9991.936138,2537.175081455,342778.7556115699,0.0,186277.28878981422,529056.0444013842,343132.6867056742,0.0,190187.3561694,533320.0428750742
645,9989.934218,0.0,0.0,0.0,9989.934218,2537.175081455,342778.7556115699,0.0,186277.28878981422,529056.0444013842,343132.6867056742,0.0,190187.3561694,533320.0428750742
646,9987.964917,0.0,0.0,0.0,9987.964917,2537.175081455,342778.7556115699,0.0,186277.28878981422,529056.0444013842,343132.6867056742,0.0,190187.3561694,533320.0428750742
647,9986.163188,0.0,0.0,0.0,9986.163188,2537.175081455,342778.7556115699,0.0,186277.28878981422,529056.0444013842,343132.6867056742,0.0,190187.3561694,533320.0428750742
648,9984.36146,0.0,0.0,0.0,9984.36146,2537.175081455,342778.7556115699,0.0,186277.28878981422,529056.0444013842,343132.6867056742,0.0,190187.3561694,533320.0428750742
649,9982.559732,0.0,0.0,0.0,9982.559732,2537.175081455,342778.7556115699,0.0,186277.28878981422,529056.0444013842,343132.6867056742,0.0,190187.3561694,533320.0428750742
650,9980.758003,0.0,0.0,0.0,9980.758003,2537.175081455,342778.7556115699,0.0,186277.28878981422,529056.0444013842,343132.6867056742,0.0,190187.3561694,533320.0428750742
651,9978.960514,0.0,0.0,0.0,9978.960514,2537.175081455,342778.7556115699,0.0,186277.28878981422,529056.0444013842,343132.6867056742,0.0,190187.3561694,533320.0428750742
652,9977.55917,0.0,0.0,0.0,9977.55917,2537.175081455,342778.7556115699,0.0,186277.28878981422,529056.0444013842,343132.6867056742,0.0,190187.3561694,533320.0428750742
653,9976.157826,0.0,0.0,0.0,9976.157826,2537.175081455,342778.7556115699,0.0,186277.28878981422,529056.0444013842,343132.6867056742,0.0,190187.3561694,533320.0428750742
654,9974.756481,0.000897,0.0,0.0,9974.755584,2537.175081455,342778.7556115699,0.0,186277.28878981422,529056.0444013842,343132.6867056742,0.0,190187.3561694,533320.0428750742
655,9973.355137,0.01166,0.0,0.0,9973.343477,2537.175081455,342778.7556115699,0.0,186277.28878981422,529056.0444013842,343132.6867056742,0.0,190187.3561694,533320.0428750742
656,9971.953793,0.022771,0.0,0.0,9971.931022,2537.175081455,342778.7556115699,0.0,186277.28878981422,529056.0444013842,343132.6867056742,0.0,190187.3561694,533320.0428750742
657,9969.006141,0.031507,0.0,0.0,9968.974634,2537.175081455,342778.7556115699,0.0,186277.28878981422,529056.0444013842,343132.6867056742,0.0,190187.3561694,533320.0428750742
658,9965.803069,0.036836,0.0,0.0,9965.766233,2537.175081455,342778.7556115699,0.0,186277.28878981422,529056.0444013842,343132.6867056742,0.0,190187.3561694,533320.0428750742
659,9962.599996,0.039484000000000005,602.27734812784,0.0,10564.83786012784,3067.1791478075,342778.7556115699,0.0,186277.28878981422,529056.0444013842,343132.6867056742,0.0,190187.3561694,533320.0428750742
660,9959.396923,0.037304000000000004,605.478241127839,0.0,10564.83786012784,3600.0,342778.7556115699,0.0,186277.28878981422,529056.0444013842,343132.6867056742,0.0,190187.3561694,533320.0428750742
661,9956.193851,0.034610999999999996,0.0,1000.0,8956.15924,2600.0,342778.7556115699,0.0,186277.28878981422,529056.0444013842,343132.6867056742,0.0,190187.3561694,533320.0428750742
662,9952.42553,0.028217,0.0,1000.0,8952.397313000001,1600.0,342778.7556115699,0.0,186277.28878981422,529056.0444013842,343132.6867056742,0.0,190187.3561694,533320.0428750742
663,9948.421689,0.019356,0.0,200.0,9748.402333,1400.0,342778.7556115699,0.0,186277.28878981422,529056.0444013842,343132.6867056742,0.0,190187.3561694,533320.0428750742
664,9944.417848,0.007581000000000001,0.0,1000.0,8944.410267,400.0,342778.7556115699,0.0,186277.28878981422,529056.0444013842,343132.6867056742,0.0,190187.3561694,533320.0428750742
665,9940.414007,0.0,0.0,0.0,9940.414007,400.0,342778.7556115699,0.0,186277.28878981422,529056.0444013842,343132.6867056742,0.0,190187.3561694,533320.0428750742
666,9936.410166,0.0,0.0,0.0,9936.410166,400.0,342778.7556115699,0.0,186277.28878981422,529056.0444013842,343132.6867056742,0.0,190187.3561694,533320.0428750742
667,9932.517137,0.0,0.0,0.0,9932.517137,400.0,342778.7556115699,0.0,186277.28878981422,529056.0444013842,343132.6867056742,0.0,190187.3561694,533320.0428750742
668,9928.713489,0.0,0.0,0.0,9928.713489,400.0,342778.7556115699,0.0,186277.28878981422,529056.0444013842,343132.6867056742,0.0,190187.3561694,533320.0428750742
669,9924.90984,0.0,639.92802012784,0.0,10564.83786012784,963.136657712499,342778.7556115699,0.0,186277.28878981422,529056.0444013842,343132.6867056742,0.0,190187.3561694,533320.0428750742
670,9921.106191,0.0,643.731669127839,0.0,10564.83786012784,1529.620526545,342778.7556115699,0.0,186277.28878981422,529056.0444013842,343132.6867056742,0.0,190187.3561694,533320.0428750742
671,9917.302542,0.0,647.535318127841,0.0,10564.83786012784,2099.4516064975,342778.7556115699,0.0,186277.28878981422,529056.0444013842,343132.6867056742,0.0,190187.3561694,533320.0428750742
672,9913.659518,0.0,329.617586724437,0.0,10243.277104724437,2389.515082815,342778.7556115699,0.0,186277.28878981422,529056.0444013842,343132.6867056742,0.0,190187.3561694,533320.0428750742
673,9910.256253,0.0,0.0,0.0,9910.256253,2389.515082815,342778.7556115699,0.0,186277.28878981422,529056.0444013842,343132.6867056742,0.0,190187.3561694,533320.0428750742
674,9906.852988,0.0,0.0,0.0,9906.852988,2389.515082815,342778.7556115699,0.0,186277.28878981422,529056.0444013842,343132.6867056742,0.0,190187.3561694,533320.0428750742
675,9903.449724,0.0,0.0,0.0,9903.449724,2389.515082815,342778.7556115699,0.0,186277.28878981422,529056.0444013842,343132.6867056742,0.0,190187.3561694,533320.0428750742
676,9900.046459,0.0,0.0,0.0,9900.046459,2389.515082815,342778.7556115699,0.0,186277.28878981422,529056.0444013842,343132.6867056742,0.0,190187.3561694,533320.0428750742
677,9896.643194,0.0,0.0,0.0,9896.643194,2389.515082815,342778.7556115699,0.0,186277.28878981422,529056.0444013842,343132.6867056742,0.0,190187.3561694,533320.0428750742
678,9893.239929,0.001639,0.0,0.0,9893.23829,2389.515082815,342778.7556115699,0.0,186277.28878981422,529056.0444013842,343132.6867056742,0.0,190187.3561694,533320.0428750742
679,9889.836665,0.012618,0.0,0.0,9889.824047,2389.515082815,342778.7556115699,0.0,186277.28878981422,529056.0444013842,343132.6867056742,0.0,190187.3561694,533320.0428750742
680,9886.4334,0.022832,0.0,0.0,9886.410568,2389.515082815,342778.7556115699,0.0,186277.28878981422,529056.0444013842,343132.6867056742,0.0,190187.3561694,533320.0428750742
681,9883.030135,0.025768000000000003,0.0,0.0,9883.004367000001,2389.515082815,342778.7556115699,0.0,186277.28878981422,529056.0444013842,343132.6867056742,0.0,190187.3561694,533320.0428750742
682,9879.781372,0.036786,0.0,0.0,9879.744585999999,2389.515082815,342778.7556115699,0.0,186277.28878981422,529056.0444013842,343132.6867056742,0.0,190187.3561694,533320.0428750742
683,9877.979643,0.020353000000000003,686.878570127839,0.0,10564.83786012784,2993.9682245275,342778.7556115699,0.0,186277.28878981422,529056.0444013842,343132.6867056742,0.0,190187.3561694,533320.0428750742
684,9876.177915,0.012527,688.672472127841,0.0,10564.83786012784,3600.0,342778.7556115699,0.0,186277.28878981422,529056.0444013842,343132.6867056742,0.0,190187.3561694,533320.0428750742
685,9874.376186,0.016846,0.0,1000.0,8874.359339999999,2600.0,342778.7556115699,0.0,186277.28878981422,529056.0444013842,343132.6867056742,0.0,190187.3561694,533320.0428750742
686,9872.574458,0.019162,0.0,1000.0,8872.555295999999,1600.0,342778.7556115699,0.0,186277.28878981422,529056.0444013842,343132.6867056742,0.0,190187.3561694,533320.0428750742
687,9870.77273,0.013561,0.0,1000.0,8870.759169,600.0,342778.7556115699,0.0,186277.28878981422,529056.0444013842,343132.6867056742,0.0,190187.3561694,533320.0428750742
688,9869.349011,0.007667,0.0,200.0,9669.341344,400.0,342778.7556115699,0.0,186277.28878981422,529056.0444013842,343132.6867056742,0.0,190187.3561694,533320.0428750742
689,9867.947666,4.1e-05,0.0,0.0,9867.947625,400.0,342778.7556115699,0.0,186277.28878981422,529056.0444013842,343132.6867056742,0.0,190187.3561694,533320.0428750742
690,9866.546322,0.0,0.0,0.0,9866.546322,400.0,342778.7556115699,0.0,186277.28878981422,529056.0444013842,343132.6867056742,0.0,190187.3561694,533320.0428750742
691,9865.144978,0.0,0.0,0.0,9865.144978,400.0,342778.7556115699,0.0,186277.28878981422,529056.0444013842,343132.6867056742,0.0,190187.3561694,533320.0428750742
692,9863.743634,0.0,0.0,0.0,9863.743634,400.0,342778.7556115699,0.0,186277.28878981422,529056.0444013842,343132.6867056742,0.0,190187.3561694,533320.0428750742
693,9861.708269,0.0,703.129591127839,0.0,10564.83786012784,1018.7540401925,342778.7556115699,0.0,186277.28878981422,529056.0444013842,343132.6867056742,0.0,190187.3561694,533320.0428750742
694,9859.506157,0.0,705.33170312784,0.0,10564.83786012784,1639.445938945,342778.7556115699,0.0,186277.28878981422,529056.0444013842,343132.6867056742,0.0,190187.3561694,533320.0428750742
695,9857.304044,0.0,707.533816127826,0.0,10564.837860127827,2262.07569713748,342778.7556115699,0.0,186277.28878981422,529056.0444013842,343132.6867056742,0.0,190187.3561694,533320.0428750742
696,9855.101932,0.0,45.9092467244442,0.0,9901.011178724444,2302.475834255,342778.7556115699,0.0,186277.28878981422,529056.0444013842,343132.6867056742,0.0,190187.3561694,533320.0428750742
697,9852.899819,0.0,0.0,0.0,9852.899819,2302.475834255,342778.7556115699,0.0,186277.28878981422,529056.0444013842,343132.6867056742,0.0,190187.3561694,533320.0428750742
698,9850.185686,0.0,0.0,0.0,9850.185686,2302.475834255,342778.7556115699,0.0,186277.28878981422,529056.0444013842,343132.6867056742,0.0,190187.3561694,533320.0428750742
699,9847.182806,0.0,0.0,0.0,9847.182806,2302.475834255,342778.7556115699,0.0,186277.28878981422,529056.0444013842,343132.6867056742,0.0,190187.3561694,533320.0428750742
700,9844.179925,0.0,0.0,0.0,9844.179925,2302.475834255,342778.7556115699,0.0,186277.28878981422,529056.0444013842,343132.6867056742,0.0,190187.3561694,533320.0428750742
701,9841.177044,0.0,0.0,0.0,9841.177044,2302.475834255,342778.7556115699,0.0,186277.28878981422,529056.0444013842,343132.6867056742,0.0,190187.3561694,533320.0428750742
702,9838.174164,0.00166,0.0,0.0,9838.172504,2302.475834255,342778.7556115699,0.0,186277.28878981422,529056.0444013842,343132.6867056742,0.0,190187.3561694,533320.0428750742
703,9835.756315,0.012915,0.0,0.0,9835.743400000001,2302.475834255,342778.7556115699,0.0,186277.28878981422,529056.0444013842,343132.6867056742,0.0,190187.3561694,533320.0428750742
704,9833.954586,0.023907,0.0,0.0,9833.930679,2302.475834255,342778.7556115699,0.0,186277.28878981422,529056.0444013842,343132.6867056742,0.0,190187.3561694,533320.0428750742
705,9832.152858,0.031603,0.0,0.0,9832.121255,2302.475834255,342778.7556115699,0.0,186277.28878981422,529056.0444013842,343132.6867056742,0.0,190187.3561694,533320.0428750742
706,9830.35113,0.036237000000000005,0.0,0.0,9830.314892999999,2302.475834255,342778.7556115699,0.0,186277.28878981422,529056.0444013842,343132.6867056742,0.0,190187.3561694,533320.0428750742
707,9828.549401,0.039625,736.328084127839,0.0,10564.83786012784,2950.44454828749,342778.7556115699,0.0,186277.28878981422,529056.0444013842,343132.6867056742,0.0,190187.3561694,533320.0428750742
708,9826.747673,0.041008,738.13119512784,0.0,10564.83786012784,3600.0,342778.7556115699,0.0,186277.28878981422,529056.0444013842,343132.6867056742,0.0,190187.3561694,533320.0428750742
709,9824.945944,0.037276000000000004,0.0,1000.0,8824.908668,2600.0,342778.7556115699,0.0,186277.28878981422,529056.0444013842,343132.6867056742,0.0,190187.3561694,533320.0428750742
710,9823.144216,0.030376,0.0,1000.0,8823.11384,1600.0,342778.7556115699,0.0,186277.28878981422,529056.0444013842,343132.6867056742,0.0,190187.3561694,533320.0428750742
711,9821.342488,0.020413,0.0,1000.0,8821.322075,599.999999999999,342778.7556115699,0.0,186277.28878981422,529056.0444013842,343132.6867056742,0.0,190187.3561694,533320.0428750742
712,9819.540759,0.005806,0.0,199.999999999999,9619.534953000002,400.0,342778.7556115699,0.0,186277.28878981422,529056.0444013842,343132.6867056742,0.0,190187.3561694,533320.0428750742
713,9817.593008,0.0,0.0,0.0,9817.593008,400.0,342778.7556115699,0.0,186277.28878981422,529056.0444013842,343132.6867056742,0.0,190187.3561694,533320.0428750742
714,9814.990512,0.0,0.0,0.0,9814.990512,400.0,342778.7556115699,0.0,186277.28878981422,529056.0444013842,343132.6867056742,0.0,190187.3561694,533320.0428750742
715,9812.388015,0.0,0.0,0.0,9812.388015,400.0,342778.7556115699,0.0,186277.28878981422,529056.0444013842,343132.6867056742,0.0,190187.3561694,533320.0428750742
716,9809.785519,0.0,0.0,0.0,9809.785519,400.0,342778.7556115699,0.0,186277.28878981422,529056.0444013842,343132.6867056742,0.0,190187.3561694,533320.0428750742
717,9807.183022,0.0,757.654838127841,0.0,10564.83786012784,1066.7362575525,342778.7556115699,0.0,186277.28878981422,529056.0444013842,343132.6867056742,0.0,190187.3561694,533320.0428750742
718,9804.592537,0.0,760.24532312784,0.0,10564.83786012784,1735.752141905,342778.7556115699,0.0,186277.28878981422,529056.0444013842,343132.6867056742,0.0,190187.3561694,533320.0428750742
719,9802.390424,0.0,514.188313852277,0.0,10316.578737852276,2188.237858095,342778.7556115699,0.0,186277.28878981422,529056.0444013842,343132.6867056742,0.0,190187.3561694,533320.0428750742
720,9800.188312,0.0,0.0,0.0,9800.188312,2188.237858095,342778.7556115699,0.0,186277.28878981422,529056.0444013842,343132.6867056742,0.0,190187.3561694,533320.0428750742
721,9797.986199,0.0,0.0,0.0,9797.986199,2188.237858095,342778.7556115699,0.0,186277.28878981422,529056.0444013842,343132.6867056742,0.0,190187.3561694,533320.0428750742
722,9795.784087,0.0,0.0,0.0,9795.784087,2188.237858095,342778.7556115699,0.0,186277.28878981422,529056.0444013842,343132.6867056742,0.0,190187.3561694,533320.0428750742
723,9793.581974,0.0,0.0,0.0,9793.581974,2188.237858095,342778.7556115699,0.0,186277.28878981422,529056.0444013842,343132.6867056742,0.0,190187.3561694,533320.0428750742
724,9789.974278,0.0,0.0,0.0,9789.974278,2188.237858095,342778.7556115699,0.0,186277.28878981422,529056.0444013842,343132.6867056742,0.0,190187.3561694,533320.0428750742
725,9786.170629,0.0,0.0,0.0,9786.170629,2188.237858095,342778.7556115699,0.0,186277.28878981422,529056.0444013842,343132.6867056742,0.0,190187.3561694,533320.0428750742
726,9782.366981,0.001406,0.0,0.0,9782.365575,2188.237858095,342778.7556115699,0.0,186277.28878981422,529056.0444013842,343132.6867056742,0.0,190187.3561694,533320.0428750742
727,9778.563332,0.012338,0.0,0.0,9778.550994,2188.237858095,342778.7556115699,0.0,186277.28878981422,529056.0444013842,343132.6867056742,0.0,190187.3561694,533320.0428750742
728,9774.759683,0.023216,0.0,0.0,9774.736467,2188.237858095,342778.7556115699,0.0,186277.28878981422,529056.0444013842,343132.6867056742,0.0,190187.3561694,533320.0428750742
729,9771.24643,0.031819,0.0,0.0,9771.214611,2188.237858095,342778.7556115699,0.0,186277.28878981422,529056.0444013842,343132.6867056742,0.0,190187.3561694,533320.0428750742
730,9767.843166,0.036778,0.0,0.0,9767.806388,2188.237858095,342778.7556115699,0.0,186277.28878981422,529056.0444013842,343132.6867056742,0.0,190187.3561694,533320.0428750742
731,9764.439901,0.038562,800.43652112784,0.0,10564.83786012784,2892.6219966875,342778.7556115699,0.0,186277.28878981422,529056.0444013842,343132.6867056742,0.0,190187.3561694,533320.0428750742
732,9761.036636,0.037416,803.838640127839,0.0,10564.83786012784,3600.0,342778.7556115699,0.0,186277.28878981422,529056.0444013842,343132.6867056742,0.0,190187.3561694,533320.0428750742
733,9757.633371,0.035667000000000004,0.0,1000.0,8757.597704,2600.0,342778.7556115699,0.0,186277.28878981422,529056.0444013842,343132.6867056742,0.0,190187.3561694,533320.0428750742
734,9754.230107,0.029125,0.0,1000.0,8754.200982,1600.0,342778.7556115699,0.0,186277.28878981422,529056.0444013842,343132.6867056742,0.0,190187.3561694,533320.0428750742
735,9750.826842,0.019651000000000002,0.0,1000.0,8750.807191,600.0,342778.7556115699,0.0,186277.28878981422,529056.0444013842,343132.6867056742,0.0,190187.3561694,533320.0428750742
736,9747.423577,0.007655,0.0,200.0,9547.415922,400.0,342778.7556115699,0.0,186277.28878981422,529056.0444013842,343132.6867056742,0.0,190187.3561694,533320.0428750742
737,9744.020312,0.0,0.0,0.0,9744.020312,400.0,342778.7556115699,0.0,186277.28878981422,529056.0444013842,343132.6867056742,0.0,190187.3561694,533320.0428750742
738,9740.617048,0.0,0.0,0.0,9740.617048,400.0,342778.7556115699,0.0,186277.28878981422,529056.0444013842,343132.6867056742,0.0,190187.3561694,533320.0428750742
739,9737.550576,0.0,0.0,0.0,9737.550576,400.0,342778.7556115699,0.0,186277.28878981422,529056.0444013842,343132.6867056742,0.0,190187.3561694,533320.0428750742
740,9734.94808,0.0,0.0,0.0,9734.94808,400.0,342778.7556115699,0.0,186277.28878981422,529056.0444013842,343132.6867056742,0.0,190187.3561694,533320.0428750742
741,9732.345583,0.0,832.49227712784,0.0,10564.83786012784,1132.5932038725,342778.7556115699,0.0,186277.28878981422,529056.0444013842,343132.6867056742,0.0,190187.3561694,533320.0428750742
742,9729.743087,0.0,835.094773127839,0.0,10564.83786012784,1867.476604225,342778.7556115699,0.0,186277.28878981422,529056.0444013842,343132.6867056742,0.0,190187.3561694,533320.0428750742
743,9727.14059,0.0,150.594767926139,0.0,9877.73535792614,2000.0,342778.7556115699,0.0,186277.28878981422,529056.0444013842,343132.6867056742,0.0,190187.3561694,533320.0428750742
