time,Pload,Ppv,Pcharge,Pdischarge,Ptotal,state of charge,energy_charge_with_es,nem_charge_with_es,demand_charge_with_es,total_bill_with_es,energy_charge_without_es,nem_charge_without_es,demand_charge_without_es,total_bill_without_es
0,10234.29263,0.0,0.0,0.0,10234.29263,200.0,390326.4060955575,0.0,253533.93472004728,643860.3408156048,390494.828069131,0.0,254308.52987792,644803.3579470511
1,10234.89321,0.0,0.0,0.0,10234.89321,200.0,390326.4060955575,0.0,253533.93472004728,643860.3408156048,390494.828069131,0.0,254308.52987792,644803.3579470511
2,10235.49378,0.0,0.0,0.0,10235.49378,200.0,390326.4060955575,0.0,253533.93472004728,643860.3408156048,390494.828069131,0.0,254308.52987792,644803.3579470511
3,10235.99921,0.0,0.0,0.0,10235.99921,200.0,390326.4060955575,0.0,253533.93472004728,643860.3408156048,390494.828069131,0.0,254308.52987792,644803.3579470511
4,10236.39959,0.0,0.0,0.0,10236.39959,200.0,390326.4060955575,0.0,253533.93472004728,643860.3408156048,390494.828069131,0.0,254308.52987792,644803.3579470511
5,10236.79998,0.0004930000000000001,0.0,0.0,10236.799487,200.0,390326.4060955575,0.0,253533.93472004728,643860.3408156048,390494.828069131,0.0,254308.52987792,644803.3579470511
6,10237.20036,0.0028130000000000004,0.0,0.0,10237.197547000002,200.0,390326.4060955575,0.0,253533.93472004728,643860.3408156048,390494.828069131,0.0,254308.52987792,644803.3579470511
7,10237.60075,0.008452,0.0,0.0,10237.592298,200.0,390326.4060955575,0.0,253533.93472004728,643860.3408156048,390494.828069131,0.0,254308.52987792,644803.3579470511
8,10237.87183,0.018836,0.0,0.0,10237.852994,200.0,390326.4060955575,0.0,253533.93472004728,643860.3408156048,390494.828069131,0.0,254308.52987792,644803.3579470511
9,10237.87183,0.025787,0.0,0.0,10237.846043,200.0,390326.4060955575,0.0,253533.93472004728,643860.3408156048,390494.828069131,0.0,254308.52987792,644803.3579470511
10,10237.87183,0.031117000000000002,0.0,0.0,10237.840713,200.0,390326.4060955575,0.0,253533.93472004728,643860.3408156048,390494.828069131,0.0,254308.52987792,644803.3579470511
11,10237.87183,0.033315,0.0,0.0,10237.838515,200.0,390326.4060955575,0.0,253533.93472004728,643860.3408156048,390494.828069131,0.0,254308.52987792,644803.3579470511
12,10237.87183,0.035055,181.818181818182,0.0,10419.654956818182,360.0,390326.4060955575,0.0,253533.93472004728,643860.3408156048,390494.828069131,0.0,254308.52987792,644803.3579470511
13,10237.76938,0.033131,0.0,320.0,9917.736249,40.0,390326.4060955575,0.0,253533.93472004728,643860.3408156048,390494.828069131,0.0,254308.52987792,644803.3579470511
14,10237.1688,0.026837,0.0,0.0,10237.141963,40.0,390326.4060955575,0.0,253533.93472004728,643860.3408156048,390494.828069131,0.0,254308.52987792,644803.3579470511
15,10236.56823,0.023827,0.0,0.0,10236.544403,40.0,390326.4060955575,0.0,253533.93472004728,643860.3408156048,390494.828069131,0.0,254308.52987792,644803.3579470511
16,10235.96765,0.013949999999999999,0.0,0.0,10235.9537,40.0,390326.4060955575,0.0,253533.93472004728,643860.3408156048,390494.828069131,0.0,254308.52987792,644803.3579470511
17,10235.36707,0.0062510000000000005,0.0,0.0,10235.360819,40.0,390326.4060955575,0.0,253533.93472004728,643860.3408156048,390494.828069131,0.0,254308.52987792,644803.3579470511
18,10234.7592,0.00084,0.0,0.0,10234.75836,40.0,390326.4060955575,0.0,253533.93472004728,643860.3408156048,390494.828069131,0.0,254308.52987792,644803.3579470511
19,10233.75824,0.0,0.0,0.0,10233.75824,40.0,390326.4060955575,0.0,253533.93472004728,643860.3408156048,390494.828069131,0.0,254308.52987792,644803.3579470511
20,10232.75728,0.0,0.0,0.0,10232.75728,40.0,390326.4060955575,0.0,253533.93472004728,643860.3408156048,390494.828069131,0.0,254308.52987792,644803.3579470511
21,10231.75632,0.0,0.0,0.0,10231.75632,40.0,390326.4060955575,0.0,253533.93472004728,643860.3408156048,390494.828069131,0.0,254308.52987792,644803.3579470511
22,10230.75536,0.0,0.0,0.0,10230.75536,40.0,390326.4060955575,0.0,253533.93472004728,643860.3408156048,390494.828069131,0.0,254308.52987792,644803.3579470511
23,10229.7544,0.0,0.0,0.0,10229.7544,40.0,390326.4060955575,0.0,253533.93472004728,643860.3408156048,390494.828069131,0.0,254308.52987792,644803.3579470511
24,10228.75343,0.0,0.0,0.0,10228.75343,40.0,390326.4060955575,0.0,253533.93472004728,643860.3408156048,390494.828069131,0.0,254308.52987792,644803.3579470511
25,10227.75247,0.0,0.0,0.0,10227.75247,40.0,390326.4060955575,0.0,253533.93472004728,643860.3408156048,390494.828069131,0.0,254308.52987792,644803.3579470511
26,10226.75151,0.0,0.0,0.0,10226.75151,40.0,390326.4060955575,0.0,253533.93472004728,643860.3408156048,390494.828069131,0.0,254308.52987792,644803.3579470511
27,10225.75055,0.0,0.0,0.0,10225.75055,40.0,390326.4060955575,0.0,253533.93472004728,643860.3408156048,390494.828069131,0.0,254308.52987792,644803.3579470511
28,10224.74959,0.0,0.0,0.0,10224.74959,40.0,390326.4060955575,0.0,253533.93472004728,643860.3408156048,390494.828069131,0.0,254308.52987792,644803.3579470511
29,10223.89148,0.00028599999999999996,0.0,0.0,10223.891194,40.0,390326.4060955575,0.0,253533.93472004728,643860.3408156048,390494.828069131,0.0,254308.52987792,644803.3579470511
30,10223.09071,0.001879,0.0,0.0,10223.088831000001,40.0,390326.4060955575,0.0,253533.93472004728,643860.3408156048,390494.828069131,0.0,254308.52987792,644803.3579470511
31,10222.28994,0.011164,0.0,0.0,10222.278776000001,40.0,390326.4060955575,0.0,253533.93472004728,643860.3408156048,390494.828069131,0.0,254308.52987792,644803.3579470511
32,10221.48917,0.021277,0.0,0.0,10221.467893000001,40.0,390326.4060955575,0.0,253533.93472004728,643860.3408156048,390494.828069131,0.0,254308.52987792,644803.3579470511
33,10220.6884,0.02847,0.0,0.0,10220.65993,40.0,390326.4060955575,0.0,253533.93472004728,643860.3408156048,390494.828069131,0.0,254308.52987792,644803.3579470511
34,10219.88764,0.032609,0.0,0.0,10219.855031000001,40.0,390326.4060955575,0.0,253533.93472004728,643860.3408156048,390494.828069131,0.0,254308.52987792,644803.3579470511
35,10219.08687,0.036491,0.0,0.0,10219.050378999998,40.0,390326.4060955575,0.0,253533.93472004728,643860.3408156048,390494.828069131,0.0,254308.52987792,644803.3579470511
36,10218.2861,0.037231,363.636363636364,0.0,10581.885232636363,360.0,390326.4060955575,0.0,253533.93472004728,643860.3408156048,390494.828069131,0.0,254308.52987792,644803.3579470511
37,10217.48533,0.035156,0.0,320.0,9897.450174,40.0,390326.4060955575,0.0,253533.93472004728,643860.3408156048,390494.828069131,0.0,254308.52987792,644803.3579470511
38,10216.68456,0.029293,0.0,0.0,10216.655267,40.0,390326.4060955575,0.0,253533.93472004728,643860.3408156048,390494.828069131,0.0,254308.52987792,644803.3579470511
39,10215.88379,0.020902,0.0,0.0,10215.862888,40.0,390326.4060955575,0.0,253533.93472004728,643860.3408156048,390494.828069131,0.0,254308.52987792,644803.3579470511
40,10215.08303,0.011148,0.0,0.0,10215.071882,40.0,390326.4060955575,0.0,253533.93472004728,643860.3408156048,390494.828069131,0.0,254308.52987792,644803.3579470511
41,10214.28226,0.005618000000000001,0.0,0.0,10214.276642,40.0,390326.4060955575,0.0,253533.93472004728,643860.3408156048,390494.828069131,0.0,254308.52987792,644803.3579470511
42,10213.48149,0.001184,0.0,0.0,10213.480306,40.0,390326.4060955575,0.0,253533.93472004728,643860.3408156048,390494.828069131,0.0,254308.52987792,644803.3579470511
43,10212.68072,0.0,0.0,0.0,10212.68072,40.0,390326.4060955575,0.0,253533.93472004728,643860.3408156048,390494.828069131,0.0,254308.52987792,644803.3579470511
44,10211.82861,0.0,0.0,0.0,10211.82861,40.0,390326.4060955575,0.0,253533.93472004728,643860.3408156048,390494.828069131,0.0,254308.52987792,644803.3579470511
45,10210.82765,0.0,0.0,0.0,10210.82765,40.0,390326.4060955575,0.0,253533.93472004728,643860.3408156048,390494.828069131,0.0,254308.52987792,644803.3579470511
46,10209.82669,0.0,0.0,0.0,10209.82669,40.0,390326.4060955575,0.0,253533.93472004728,643860.3408156048,390494.828069131,0.0,254308.52987792,644803.3579470511
47,10208.82573,0.0,0.0,0.0,10208.82573,40.0,390326.4060955575,0.0,253533.93472004728,643860.3408156048,390494.828069131,0.0,254308.52987792,644803.3579470511
48,10207.82477,0.0,0.0,0.0,10207.82477,40.0,390326.4060955575,0.0,253533.93472004728,643860.3408156048,390494.828069131,0.0,254308.52987792,644803.3579470511
49,10206.88634,0.0,0.0,0.0,10206.88634,40.0,390326.4060955575,0.0,253533.93472004728,643860.3408156048,390494.828069131,0.0,254308.52987792,644803.3579470511
50,10206.48596,0.0,0.0,0.0,10206.48596,40.0,390326.4060955575,0.0,253533.93472004728,643860.3408156048,390494.828069131,0.0,254308.52987792,644803.3579470511
51,10206.08557,0.0,0.0,0.0,10206.08557,40.0,390326.4060955575,0.0,253533.93472004728,643860.3408156048,390494.828069131,0.0,254308.52987792,644803.3579470511
52,10205.68519,0.0,0.0,0.0,10205.68519,40.0,390326.4060955575,0.0,253533.93472004728,643860.3408156048,390494.828069131,0.0,254308.52987792,644803.3579470511
53,10205.2848,0.000292,0.0,0.0,10205.284507999999,40.0,390326.4060955575,0.0,253533.93472004728,643860.3408156048,390494.828069131,0.0,254308.52987792,644803.3579470511
54,10204.88442,0.001848,0.0,0.0,10204.882572,40.0,390326.4060955575,0.0,253533.93472004728,643860.3408156048,390494.828069131,0.0,254308.52987792,644803.3579470511
55,10203.91243,0.011095,0.0,0.0,10203.901335,40.0,390326.4060955575,0.0,253533.93472004728,643860.3408156048,390494.828069131,0.0,254308.52987792,644803.3579470511
56,10202.91147,0.020975,0.0,0.0,10202.890495,40.0,390326.4060955575,0.0,253533.93472004728,643860.3408156048,390494.828069131,0.0,254308.52987792,644803.3579470511
57,10201.91051,0.028022,0.0,0.0,10201.882488,40.0,390326.4060955575,0.0,253533.93472004728,643860.3408156048,390494.828069131,0.0,254308.52987792,644803.3579470511
58,10200.90955,0.033395,0.0,0.0,10200.876155,40.0,390326.4060955575,0.0,253533.93472004728,643860.3408156048,390494.828069131,0.0,254308.52987792,644803.3579470511
59,10199.90859,0.035994,0.0,0.0,10199.872596,40.0,390326.4060955575,0.0,253533.93472004728,643860.3408156048,390494.828069131,0.0,254308.52987792,644803.3579470511
60,10198.74759,0.033243,0.0,0.0,10198.714347000001,40.0,390326.4060955575,0.0,253533.93472004728,643860.3408156048,390494.828069131,0.0,254308.52987792,644803.3579470511
61,10197.54644,0.033053,0.0,0.0,10197.513387,40.0,390326.4060955575,0.0,253533.93472004728,643860.3408156048,390494.828069131,0.0,254308.52987792,644803.3579470511
62,10196.34529,0.027038,0.0,0.0,10196.318252,40.0,390326.4060955575,0.0,253533.93472004728,643860.3408156048,390494.828069131,0.0,254308.52987792,644803.3579470511
63,10195.14413,0.02119,0.0,0.0,10195.122940000001,40.0,390326.4060955575,0.0,253533.93472004728,643860.3408156048,390494.828069131,0.0,254308.52987792,644803.3579470511
64,10193.94298,0.010082,0.0,0.0,10193.932898,40.0,390326.4060955575,0.0,253533.93472004728,643860.3408156048,390494.828069131,0.0,254308.52987792,644803.3579470511
65,10192.74183,0.004939,0.0,0.0,10192.736891,40.0,390326.4060955575,0.0,253533.93472004728,643860.3408156048,390494.828069131,0.0,254308.52987792,644803.3579470511
66,10191.54068,0.000537,0.0,0.0,10191.540143,40.0,390326.4060955575,0.0,253533.93472004728,643860.3408156048,390494.828069131,0.0,254308.52987792,644803.3579470511
67,10190.33953,0.0,0.0,0.0,10190.33953,40.0,390326.4060955575,0.0,253533.93472004728,643860.3408156048,390494.828069131,0.0,254308.52987792,644803.3579470511
68,10189.13837,0.0,0.0,0.0,10189.13837,40.0,390326.4060955575,0.0,253533.93472004728,643860.3408156048,390494.828069131,0.0,254308.52987792,644803.3579470511
69,10187.93722,0.0,0.0,0.0,10187.93722,40.0,390326.4060955575,0.0,253533.93472004728,643860.3408156048,390494.828069131,0.0,254308.52987792,644803.3579470511
70,10186.8351,0.0,0.0,0.0,10186.8351,40.0,390326.4060955575,0.0,253533.93472004728,643860.3408156048,390494.828069131,0.0,254308.52987792,644803.3579470511
71,10185.83414,0.0,0.0,0.0,10185.83414,40.0,390326.4060955575,0.0,253533.93472004728,643860.3408156048,390494.828069131,0.0,254308.52987792,644803.3579470511
72,10184.83318,0.0,0.0,0.0,10184.83318,40.0,390326.4060955575,0.0,253533.93472004728,643860.3408156048,390494.828069131,0.0,254308.52987792,644803.3579470511
73,10183.83222,0.0,0.0,0.0,10183.83222,40.0,390326.4060955575,0.0,253533.93472004728,643860.3408156048,390494.828069131,0.0,254308.52987792,644803.3579470511
74,10182.83126,0.0,0.0,0.0,10182.83126,40.0,390326.4060955575,0.0,253533.93472004728,643860.3408156048,390494.828069131,0.0,254308.52987792,644803.3579470511
75,10181.69323,0.0,0.0,0.0,10181.69323,40.0,390326.4060955575,0.0,253533.93472004728,643860.3408156048,390494.828069131,0.0,254308.52987792,644803.3579470511
76,10180.29189,0.0,0.0,0.0,10180.29189,40.0,390326.4060955575,0.0,253533.93472004728,643860.3408156048,390494.828069131,0.0,254308.52987792,644803.3579470511
77,10178.89054,0.000433,0.0,0.0,10178.890107000001,40.0,390326.4060955575,0.0,253533.93472004728,643860.3408156048,390494.828069131,0.0,254308.52987792,644803.3579470511
78,10177.4892,0.002144,0.0,0.0,10177.487056,40.0,390326.4060955575,0.0,253533.93472004728,643860.3408156048,390494.828069131,0.0,254308.52987792,644803.3579470511
79,10176.08785,0.010935,0.0,0.0,10176.076915,40.0,390326.4060955575,0.0,253533.93472004728,643860.3408156048,390494.828069131,0.0,254308.52987792,644803.3579470511
80,10174.80062,0.020632,0.0,0.0,10174.779988,40.0,390326.4060955575,0.0,253533.93472004728,643860.3408156048,390494.828069131,0.0,254308.52987792,644803.3579470511
81,10173.99985,0.027864,0.0,0.0,10173.971986,40.0,390326.4060955575,0.0,253533.93472004728,643860.3408156048,390494.828069131,0.0,254308.52987792,644803.3579470511
82,10173.19908,0.033561,0.0,0.0,10173.165519,40.0,390326.4060955575,0.0,253533.93472004728,643860.3408156048,390494.828069131,0.0,254308.52987792,644803.3579470511
83,10172.39831,0.036294,0.0,0.0,10172.362016000001,40.0,390326.4060955575,0.0,253533.93472004728,643860.3408156048,390494.828069131,0.0,254308.52987792,644803.3579470511
84,10171.59755,0.035840000000000004,0.0,0.0,10171.56171,40.0,390326.4060955575,0.0,253533.93472004728,643860.3408156048,390494.828069131,0.0,254308.52987792,644803.3579470511
85,10170.78924,0.033685,0.0,0.0,10170.755555,40.0,390326.4060955575,0.0,253533.93472004728,643860.3408156048,390494.828069131,0.0,254308.52987792,644803.3579470511
86,10169.78828,0.030132000000000003,0.0,0.0,10169.758148,40.0,390326.4060955575,0.0,253533.93472004728,643860.3408156048,390494.828069131,0.0,254308.52987792,644803.3579470511
87,10168.78732,0.022633,0.0,0.0,10168.764686999999,40.0,390326.4060955575,0.0,253533.93472004728,643860.3408156048,390494.828069131,0.0,254308.52987792,644803.3579470511
88,10167.78636,0.010837,0.0,0.0,10167.775523,40.0,390326.4060955575,0.0,253533.93472004728,643860.3408156048,390494.828069131,0.0,254308.52987792,644803.3579470511
89,10166.7854,0.003174,0.0,0.0,10166.782226000001,40.0,390326.4060955575,0.0,253533.93472004728,643860.3408156048,390494.828069131,0.0,254308.52987792,644803.3579470511
90,10165.78444,0.000471,0.0,0.0,10165.783969,40.0,390326.4060955575,0.0,253533.93472004728,643860.3408156048,390494.828069131,0.0,254308.52987792,644803.3579470511
91,10164.96071,0.0,0.0,0.0,10164.96071,40.0,390326.4060955575,0.0,253533.93472004728,643860.3408156048,390494.828069131,0.0,254308.52987792,644803.3579470511
92,10164.15994,0.0,0.0,0.0,10164.15994,40.0,390326.4060955575,0.0,253533.93472004728,643860.3408156048,390494.828069131,0.0,254308.52987792,644803.3579470511
93,10163.35917,0.0,0.0,0.0,10163.35917,40.0,390326.4060955575,0.0,253533.93472004728,643860.3408156048,390494.828069131,0.0,254308.52987792,644803.3579470511
94,10162.5584,0.0,0.0,0.0,10162.5584,40.0,390326.4060955575,0.0,253533.93472004728,643860.3408156048,390494.828069131,0.0,254308.52987792,644803.3579470511
95,10161.75764,0.0,0.0,0.0,10161.75764,40.0,390326.4060955575,0.0,253533.93472004728,643860.3408156048,390494.828069131,0.0,254308.52987792,644803.3579470511
96,10160.95687,0.0,0.0,0.0,10160.95687,40.0,390326.4060955575,0.0,253533.93472004728,643860.3408156048,390494.828069131,0.0,254308.52987792,644803.3579470511
97,10160.1561,0.0,0.0,0.0,10160.1561,40.0,390326.4060955575,0.0,253533.93472004728,643860.3408156048,390494.828069131,0.0,254308.52987792,644803.3579470511
98,10159.35533,0.0,0.0,0.0,10159.35533,40.0,390326.4060955575,0.0,253533.93472004728,643860.3408156048,390494.828069131,0.0,254308.52987792,644803.3579470511
99,10158.55456,0.0,0.0,0.0,10158.55456,40.0,390326.4060955575,0.0,253533.93472004728,643860.3408156048,390494.828069131,0.0,254308.52987792,644803.3579470511
100,10157.7538,0.0,0.0,0.0,10157.7538,40.0,390326.4060955575,0.0,253533.93472004728,643860.3408156048,390494.828069131,0.0,254308.52987792,644803.3579470511
101,10157.18549,0.000601,0.0,0.0,10157.184889,40.0,390326.4060955575,0.0,253533.93472004728,643860.3408156048,390494.828069131,0.0,254308.52987792,644803.3579470511
102,10156.7851,0.002431,0.0,0.0,10156.782668999998,40.0,390326.4060955575,0.0,253533.93472004728,643860.3408156048,390494.828069131,0.0,254308.52987792,644803.3579470511
103,10156.38472,0.009548000000000001,0.0,0.0,10156.375172,40.0,390326.4060955575,0.0,253533.93472004728,643860.3408156048,390494.828069131,0.0,254308.52987792,644803.3579470511
104,10155.98433,0.021543,0.0,0.0,10155.962786999999,40.0,390326.4060955575,0.0,253533.93472004728,643860.3408156048,390494.828069131,0.0,254308.52987792,644803.3579470511
105,10155.58395,0.028174,0.0,0.0,10155.555776000001,40.0,390326.4060955575,0.0,253533.93472004728,643860.3408156048,390494.828069131,0.0,254308.52987792,644803.3579470511
106,10155.44075,0.033194,0.0,0.0,10155.407556,40.0,390326.4060955575,0.0,253533.93472004728,643860.3408156048,390494.828069131,0.0,254308.52987792,644803.3579470511
107,10155.64095,0.031412,0.0,0.0,10155.609538,40.0,390326.4060955575,0.0,253533.93472004728,643860.3408156048,390494.828069131,0.0,254308.52987792,644803.3579470511
108,10155.84114,0.03356,363.636363636364,0.0,10519.443943636365,360.0,390326.4060955575,0.0,253533.93472004728,643860.3408156048,390494.828069131,0.0,254308.52987792,644803.3579470511
109,10156.04133,0.031678000000000005,0.0,320.0,9836.009652,40.0,390326.4060955575,0.0,253533.93472004728,643860.3408156048,390494.828069131,0.0,254308.52987792,644803.3579470511
110,10156.24152,0.024662,0.0,0.0,10156.216858,40.0,390326.4060955575,0.0,253533.93472004728,643860.3408156048,390494.828069131,0.0,254308.52987792,644803.3579470511
111,10156.38648,0.022216000000000003,0.0,0.0,10156.364264,40.0,390326.4060955575,0.0,253533.93472004728,643860.3408156048,390494.828069131,0.0,254308.52987792,644803.3579470511
112,10156.38648,0.012909,0.0,0.0,10156.373571,40.0,390326.4060955575,0.0,253533.93472004728,643860.3408156048,390494.828069131,0.0,254308.52987792,644803.3579470511
113,10156.38648,0.005027,0.0,0.0,10156.381453,40.0,390326.4060955575,0.0,253533.93472004728,643860.3408156048,390494.828069131,0.0,254308.52987792,644803.3579470511
114,10156.38648,0.001234,0.0,0.0,10156.385246,40.0,390326.4060955575,0.0,253533.93472004728,643860.3408156048,390494.828069131,0.0,254308.52987792,644803.3579470511
115,10156.38648,0.0,0.0,0.0,10156.38648,40.0,390326.4060955575,0.0,253533.93472004728,643860.3408156048,390494.828069131,0.0,254308.52987792,644803.3579470511
116,10156.41121,0.0,0.0,0.0,10156.41121,40.0,390326.4060955575,0.0,253533.93472004728,643860.3408156048,390494.828069131,0.0,254308.52987792,644803.3579470511
117,10156.61141,0.0,0.0,0.0,10156.61141,40.0,390326.4060955575,0.0,253533.93472004728,643860.3408156048,390494.828069131,0.0,254308.52987792,644803.3579470511
118,10156.8116,0.0,0.0,0.0,10156.8116,40.0,390326.4060955575,0.0,253533.93472004728,643860.3408156048,390494.828069131,0.0,254308.52987792,644803.3579470511
119,10157.01179,0.0,0.0,0.0,10157.01179,40.0,390326.4060955575,0.0,253533.93472004728,643860.3408156048,390494.828069131,0.0,254308.52987792,644803.3579470511
120,10157.21198,0.0,0.0,0.0,10157.21198,40.0,390326.4060955575,0.0,253533.93472004728,643860.3408156048,390494.828069131,0.0,254308.52987792,644803.3579470511
121,10157.41217,0.0,0.0,0.0,10157.41217,40.0,390326.4060955575,0.0,253533.93472004728,643860.3408156048,390494.828069131,0.0,254308.52987792,644803.3579470511
122,10157.61237,0.0,0.0,0.0,10157.61237,40.0,390326.4060955575,0.0,253533.93472004728,643860.3408156048,390494.828069131,0.0,254308.52987792,644803.3579470511
123,10157.81256,0.0,0.0,0.0,10157.81256,40.0,390326.4060955575,0.0,253533.93472004728,643860.3408156048,390494.828069131,0.0,254308.52987792,644803.3579470511
124,10158.01275,0.0,0.0,0.0,10158.01275,40.0,390326.4060955575,0.0,253533.93472004728,643860.3408156048,390494.828069131,0.0,254308.52987792,644803.3579470511
125,10158.21294,0.000395,0.0,0.0,10158.212545,40.0,390326.4060955575,0.0,253533.93472004728,643860.3408156048,390494.828069131,0.0,254308.52987792,644803.3579470511
126,10158.41313,0.002059,0.0,0.0,10158.411071,40.0,390326.4060955575,0.0,253533.93472004728,643860.3408156048,390494.828069131,0.0,254308.52987792,644803.3579470511
127,10158.61333,0.010888,0.0,0.0,10158.602442,40.0,390326.4060955575,0.0,253533.93472004728,643860.3408156048,390494.828069131,0.0,254308.52987792,644803.3579470511
128,10158.81352,0.019289,0.0,0.0,10158.794231,40.0,390326.4060955575,0.0,253533.93472004728,643860.3408156048,390494.828069131,0.0,254308.52987792,644803.3579470511
129,10159.01371,0.027924,0.0,0.0,10158.985786,40.0,390326.4060955575,0.0,253533.93472004728,643860.3408156048,390494.828069131,0.0,254308.52987792,644803.3579470511
130,10159.2139,0.030441,0.0,0.0,10159.183459,40.0,390326.4060955575,0.0,253533.93472004728,643860.3408156048,390494.828069131,0.0,254308.52987792,644803.3579470511
131,10159.41409,0.031221000000000002,0.0,0.0,10159.382869000001,40.0,390326.4060955575,0.0,253533.93472004728,643860.3408156048,390494.828069131,0.0,254308.52987792,644803.3579470511
132,10159.34744,0.031658,363.636363636364,0.0,10522.952145636364,360.0,390326.4060955575,0.0,253533.93472004728,643860.3408156048,390494.828069131,0.0,254308.52987792,644803.3579470511
133,10159.14725,0.029007,0.0,320.0,9839.118243,40.0,390326.4060955575,0.0,253533.93472004728,643860.3408156048,390494.828069131,0.0,254308.52987792,644803.3579470511
134,10158.94706,0.022188,0.0,0.0,10158.924872,40.0,390326.4060955575,0.0,253533.93472004728,643860.3408156048,390494.828069131,0.0,254308.52987792,644803.3579470511
135,10158.74687,0.01754,0.0,0.0,10158.72933,40.0,390326.4060955575,0.0,253533.93472004728,643860.3408156048,390494.828069131,0.0,254308.52987792,644803.3579470511
136,10158.54667,0.013143,0.0,0.0,10158.533527,40.0,390326.4060955575,0.0,253533.93472004728,643860.3408156048,390494.828069131,0.0,254308.52987792,644803.3579470511
137,10158.24356,0.006102000000000001,0.0,0.0,10158.237458000001,40.0,390326.4060955575,0.0,253533.93472004728,643860.3408156048,390494.828069131,0.0,254308.52987792,644803.3579470511
138,10157.84318,0.001463,0.0,0.0,10157.841717,40.0,390326.4060955575,0.0,253533.93472004728,643860.3408156048,390494.828069131,0.0,254308.52987792,644803.3579470511
139,10157.44279,0.0,0.0,0.0,10157.44279,40.0,390326.4060955575,0.0,253533.93472004728,643860.3408156048,390494.828069131,0.0,254308.52987792,644803.3579470511
140,10157.04241,0.0,0.0,0.0,10157.04241,40.0,390326.4060955575,0.0,253533.93472004728,643860.3408156048,390494.828069131,0.0,254308.52987792,644803.3579470511
141,10156.64202,0.0,0.0,0.0,10156.64202,40.0,390326.4060955575,0.0,253533.93472004728,643860.3408156048,390494.828069131,0.0,254308.52987792,644803.3579470511
142,10156.31406,0.0,0.0,0.0,10156.31406,40.0,390326.4060955575,0.0,253533.93472004728,643860.3408156048,390494.828069131,0.0,254308.52987792,644803.3579470511
143,10156.11387,0.0,0.0,0.0,10156.11387,40.0,390326.4060955575,0.0,253533.93472004728,643860.3408156048,390494.828069131,0.0,254308.52987792,644803.3579470511
144,10155.91368,0.0,0.0,0.0,10155.91368,40.0,390326.4060955575,0.0,253533.93472004728,643860.3408156048,390494.828069131,0.0,254308.52987792,644803.3579470511
145,10155.71349,0.0,0.0,0.0,10155.71349,40.0,390326.4060955575,0.0,253533.93472004728,643860.3408156048,390494.828069131,0.0,254308.52987792,644803.3579470511
146,10155.51329,0.0,0.0,0.0,10155.51329,40.0,390326.4060955575,0.0,253533.93472004728,643860.3408156048,390494.828069131,0.0,254308.52987792,644803.3579470511
147,10155.3131,0.0,0.0,0.0,10155.3131,40.0,390326.4060955575,0.0,253533.93472004728,643860.3408156048,390494.828069131,0.0,254308.52987792,644803.3579470511
148,10155.11291,0.0,0.0,0.0,10155.11291,40.0,390326.4060955575,0.0,253533.93472004728,643860.3408156048,390494.828069131,0.0,254308.52987792,644803.3579470511
149,10154.91272,0.000429,0.0,0.0,10154.912291,40.0,390326.4060955575,0.0,253533.93472004728,643860.3408156048,390494.828069131,0.0,254308.52987792,644803.3579470511
150,10154.71252,0.002097,0.0,0.0,10154.710422999999,40.0,390326.4060955575,0.0,253533.93472004728,643860.3408156048,390494.828069131,0.0,254308.52987792,644803.3579470511
151,10154.51233,0.011132999999999999,0.0,0.0,10154.501197,40.0,390326.4060955575,0.0,253533.93472004728,643860.3408156048,390494.828069131,0.0,254308.52987792,644803.3579470511
152,10154.31214,0.01752,0.0,0.0,10154.29462,40.0,390326.4060955575,0.0,253533.93472004728,643860.3408156048,390494.828069131,0.0,254308.52987792,644803.3579470511
153,10154.11195,0.026889,0.0,0.0,10154.085061,40.0,390326.4060955575,0.0,253533.93472004728,643860.3408156048,390494.828069131,0.0,254308.52987792,644803.3579470511
154,10153.91176,0.031807,0.0,0.0,10153.879953000001,40.0,390326.4060955575,0.0,253533.93472004728,643860.3408156048,390494.828069131,0.0,254308.52987792,644803.3579470511
155,10153.71156,0.034606000000000005,0.0,0.0,10153.676954,40.0,390326.4060955575,0.0,253533.93472004728,643860.3408156048,390494.828069131,0.0,254308.52987792,644803.3579470511
156,10153.51137,0.037305,363.636363636364,0.0,10517.110428636364,360.0,390326.4060955575,0.0,253533.93472004728,643860.3408156048,390494.828069131,0.0,254308.52987792,644803.3579470511
157,10153.31118,0.033436,0.0,320.0,9833.277744,40.0,390326.4060955575,0.0,253533.93472004728,643860.3408156048,390494.828069131,0.0,254308.52987792,644803.3579470511
158,10153.2921,0.023316,0.0,0.0,10153.268784,40.0,390326.4060955575,0.0,253533.93472004728,643860.3408156048,390494.828069131,0.0,254308.52987792,644803.3579470511
159,10153.2921,0.02151,0.0,0.0,10153.27059,40.0,390326.4060955575,0.0,253533.93472004728,643860.3408156048,390494.828069131,0.0,254308.52987792,644803.3579470511
160,10153.2921,0.012291,0.0,0.0,10153.279809000001,40.0,390326.4060955575,0.0,253533.93472004728,643860.3408156048,390494.828069131,0.0,254308.52987792,644803.3579470511
161,10153.2921,0.004883,0.0,0.0,10153.287217000001,40.0,390326.4060955575,0.0,253533.93472004728,643860.3408156048,390494.828069131,0.0,254308.52987792,644803.3579470511
162,10153.2921,0.001014,0.0,0.0,10153.291086000001,40.0,390326.4060955575,0.0,253533.93472004728,643860.3408156048,390494.828069131,0.0,254308.52987792,644803.3579470511
163,10153.14149,0.0,0.0,0.0,10153.14149,40.0,390326.4060955575,0.0,253533.93472004728,643860.3408156048,390494.828069131,0.0,254308.52987792,644803.3579470511
164,10152.9413,0.0,0.0,0.0,10152.9413,40.0,390326.4060955575,0.0,253533.93472004728,643860.3408156048,390494.828069131,0.0,254308.52987792,644803.3579470511
165,10152.7411,0.0,0.0,0.0,10152.7411,40.0,390326.4060955575,0.0,253533.93472004728,643860.3408156048,390494.828069131,0.0,254308.52987792,644803.3579470511
166,10152.54091,0.0,0.0,0.0,10152.54091,40.0,390326.4060955575,0.0,253533.93472004728,643860.3408156048,390494.828069131,0.0,254308.52987792,644803.3579470511
167,10152.34072,0.0,0.0,0.0,10152.34072,40.0,390326.4060955575,0.0,253533.93472004728,643860.3408156048,390494.828069131,0.0,254308.52987792,644803.3579470511
168,10152.86122,0.0,0.0,0.0,10152.86122,40.0,390326.4060955575,0.0,253533.93472004728,643860.3408156048,390494.828069131,0.0,254308.52987792,644803.3579470511
169,10153.86218,0.0,0.0,0.0,10153.86218,40.0,390326.4060955575,0.0,253533.93472004728,643860.3408156048,390494.828069131,0.0,254308.52987792,644803.3579470511
170,10154.86314,0.0,0.0,0.0,10154.86314,40.0,390326.4060955575,0.0,253533.93472004728,643860.3408156048,390494.828069131,0.0,254308.52987792,644803.3579470511
171,10155.8641,0.0,0.0,0.0,10155.8641,40.0,390326.4060955575,0.0,253533.93472004728,643860.3408156048,390494.828069131,0.0,254308.52987792,644803.3579470511
172,10156.86506,0.0,0.0,0.0,10156.86506,40.0,390326.4060955575,0.0,253533.93472004728,643860.3408156048,390494.828069131,0.0,254308.52987792,644803.3579470511
173,10158.13487,0.0007,0.0,0.0,10158.13417,40.0,390326.4060955575,0.0,253533.93472004728,643860.3408156048,390494.828069131,0.0,254308.52987792,644803.3579470511
174,10159.7364,0.003709,0.0,0.0,10159.732691,40.0,390326.4060955575,0.0,253533.93472004728,643860.3408156048,390494.828069131,0.0,254308.52987792,644803.3579470511
175,10161.33794,0.011528,0.0,0.0,10161.326411999999,40.0,390326.4060955575,0.0,253533.93472004728,643860.3408156048,390494.828069131,0.0,254308.52987792,644803.3579470511
176,10162.93948,0.019527000000000003,0.0,0.0,10162.919952999999,40.0,390326.4060955575,0.0,253533.93472004728,643860.3408156048,390494.828069131,0.0,254308.52987792,644803.3579470511
177,10164.54101,0.027809,0.0,0.0,10164.513201000002,40.0,390326.4060955575,0.0,253533.93472004728,643860.3408156048,390494.828069131,0.0,254308.52987792,644803.3579470511
178,10166.08343,0.033277,0.0,0.0,10166.050153,40.0,390326.4060955575,0.0,253533.93472004728,643860.3408156048,390494.828069131,0.0,254308.52987792,644803.3579470511
179,10167.48478,0.034657,0.0,0.0,10167.450123,40.0,390326.4060955575,0.0,253533.93472004728,643860.3408156048,390494.828069131,0.0,254308.52987792,644803.3579470511
180,10168.88612,0.03458,363.636363636364,0.0,10532.487903636364,360.0,390326.4060955575,0.0,253533.93472004728,643860.3408156048,390494.828069131,0.0,254308.52987792,644803.3579470511
181,10170.28747,0.03215,0.0,320.0,9850.25532,40.0,390326.4060955575,0.0,253533.93472004728,643860.3408156048,390494.828069131,0.0,254308.52987792,644803.3579470511
182,10171.68881,0.024707,0.0,0.0,10171.664103,40.0,390326.4060955575,0.0,253533.93472004728,643860.3408156048,390494.828069131,0.0,254308.52987792,644803.3579470511
183,10173.09015,0.021693,0.0,0.0,10173.068457,40.0,390326.4060955575,0.0,253533.93472004728,643860.3408156048,390494.828069131,0.0,254308.52987792,644803.3579470511
184,10174.4915,0.012776000000000001,0.0,0.0,10174.478724,40.0,390326.4060955575,0.0,253533.93472004728,643860.3408156048,390494.828069131,0.0,254308.52987792,644803.3579470511
185,10175.89284,0.006158,0.0,0.0,10175.886682,40.0,390326.4060955575,0.0,253533.93472004728,643860.3408156048,390494.828069131,0.0,254308.52987792,644803.3579470511
186,10177.29419,0.0007059999999999999,0.0,0.0,10177.293484,40.0,390326.4060955575,0.0,253533.93472004728,643860.3408156048,390494.828069131,0.0,254308.52987792,644803.3579470511
187,10178.69553,0.0,0.0,0.0,10178.69553,40.0,390326.4060955575,0.0,253533.93472004728,643860.3408156048,390494.828069131,0.0,254308.52987792,644803.3579470511
188,10180.09688,0.0,0.0,0.0,10180.09688,40.0,390326.4060955575,0.0,253533.93472004728,643860.3408156048,390494.828069131,0.0,254308.52987792,644803.3579470511
189,10181.69653,0.0,0.0,0.0,10181.69653,40.0,390326.4060955575,0.0,253533.93472004728,643860.3408156048,390494.828069131,0.0,254308.52987792,644803.3579470511
190,10183.29806,0.0,0.0,0.0,10183.29806,40.0,390326.4060955575,0.0,253533.93472004728,643860.3408156048,390494.828069131,0.0,254308.52987792,644803.3579470511
191,10184.8996,0.0,0.0,0.0,10184.8996,40.0,390326.4060955575,0.0,253533.93472004728,643860.3408156048,390494.828069131,0.0,254308.52987792,644803.3579470511
192,10186.50114,0.0,0.0,0.0,10186.50114,40.0,390326.4060955575,0.0,253533.93472004728,643860.3408156048,390494.828069131,0.0,254308.52987792,644803.3579470511
193,10188.10267,0.0,0.0,0.0,10188.10267,40.0,390326.4060955575,0.0,253533.93472004728,643860.3408156048,390494.828069131,0.0,254308.52987792,644803.3579470511
194,10190.03983,0.0,0.0,0.0,10190.03983,40.0,390326.4060955575,0.0,253533.93472004728,643860.3408156048,390494.828069131,0.0,254308.52987792,644803.3579470511
195,10192.04175,0.0,0.0,0.0,10192.04175,40.0,390326.4060955575,0.0,253533.93472004728,643860.3408156048,390494.828069131,0.0,254308.52987792,644803.3579470511
196,10194.04367,0.0,0.0,0.0,10194.04367,40.0,390326.4060955575,0.0,253533.93472004728,643860.3408156048,390494.828069131,0.0,254308.52987792,644803.3579470511
197,10196.04559,0.00041,0.0,0.0,10196.04518,40.0,390326.4060955575,0.0,253533.93472004728,643860.3408156048,390494.828069131,0.0,254308.52987792,644803.3579470511
198,10198.04751,0.0031110000000000005,0.0,0.0,10198.044399,40.0,390326.4060955575,0.0,253533.93472004728,643860.3408156048,390494.828069131,0.0,254308.52987792,644803.3579470511
199,10200.18674,0.010731000000000001,0.0,0.0,10200.176008999999,40.0,390326.4060955575,0.0,253533.93472004728,643860.3408156048,390494.828069131,0.0,254308.52987792,644803.3579470511
200,10202.38885,0.017585,0.0,0.0,10202.371265,40.0,390326.4060955575,0.0,253533.93472004728,643860.3408156048,390494.828069131,0.0,254308.52987792,644803.3579470511
201,10204.59096,0.028187,0.0,0.0,10204.562773,40.0,390326.4060955575,0.0,253533.93472004728,643860.3408156048,390494.828069131,0.0,254308.52987792,644803.3579470511
202,10206.79307,0.031857,0.0,0.0,10206.761213,40.0,390326.4060955575,0.0,253533.93472004728,643860.3408156048,390494.828069131,0.0,254308.52987792,644803.3579470511
203,10208.99519,0.035132,0.0,0.0,10208.960057999999,40.0,390326.4060955575,0.0,253533.93472004728,643860.3408156048,390494.828069131,0.0,254308.52987792,644803.3579470511
204,10211.09049,0.035359,363.636363636364,0.0,10574.691494636365,360.0,390326.4060955575,0.0,253533.93472004728,643860.3408156048,390494.828069131,0.0,254308.52987792,644803.3579470511
205,10213.09241,0.031675999999999996,0.0,320.0,9893.060733999999,40.0,390326.4060955575,0.0,253533.93472004728,643860.3408156048,390494.828069131,0.0,254308.52987792,644803.3579470511
206,10215.09433,0.026789,0.0,0.0,10215.067541,40.0,390326.4060955575,0.0,253533.93472004728,643860.3408156048,390494.828069131,0.0,254308.52987792,644803.3579470511
207,10217.09625,0.023395,0.0,0.0,10217.072855,40.0,390326.4060955575,0.0,253533.93472004728,643860.3408156048,390494.828069131,0.0,254308.52987792,644803.3579470511
208,10219.09817,0.014048,0.0,0.0,10219.084122,40.0,390326.4060955575,0.0,253533.93472004728,643860.3408156048,390494.828069131,0.0,254308.52987792,644803.3579470511
209,10221.10009,0.005335,0.0,0.0,10221.094755,40.0,390326.4060955575,0.0,253533.93472004728,643860.3408156048,390494.828069131,0.0,254308.52987792,644803.3579470511
210,10223.10201,0.001152,0.0,0.0,10223.100858,40.0,390326.4060955575,0.0,253533.93472004728,643860.3408156048,390494.828069131,0.0,254308.52987792,644803.3579470511
211,10225.10393,0.0,0.0,0.0,10225.10393,40.0,390326.4060955575,0.0,253533.93472004728,643860.3408156048,390494.828069131,0.0,254308.52987792,644803.3579470511
212,10227.10585,0.0,0.0,0.0,10227.10585,40.0,390326.4060955575,0.0,253533.93472004728,643860.3408156048,390494.828069131,0.0,254308.52987792,644803.3579470511
213,10229.10777,0.0,0.0,0.0,10229.10777,40.0,390326.4060955575,0.0,253533.93472004728,643860.3408156048,390494.828069131,0.0,254308.52987792,644803.3579470511
214,10231.1097,0.0,0.0,0.0,10231.1097,40.0,390326.4060955575,0.0,253533.93472004728,643860.3408156048,390494.828069131,0.0,254308.52987792,644803.3579470511
215,10233.11162,0.0,0.0,0.0,10233.11162,40.0,390326.4060955575,0.0,253533.93472004728,643860.3408156048,390494.828069131,0.0,254308.52987792,644803.3579470511
216,10235.11354,0.0,0.0,0.0,10235.11354,40.0,390326.4060955575,0.0,253533.93472004728,643860.3408156048,390494.828069131,0.0,254308.52987792,644803.3579470511
217,10237.11546,0.0,0.0,0.0,10237.11546,40.0,390326.4060955575,0.0,253533.93472004728,643860.3408156048,390494.828069131,0.0,254308.52987792,644803.3579470511
218,10239.11738,0.0,0.0,0.0,10239.11738,40.0,390326.4060955575,0.0,253533.93472004728,643860.3408156048,390494.828069131,0.0,254308.52987792,644803.3579470511
219,10241.14992,0.0,0.0,0.0,10241.14992,40.0,390326.4060955575,0.0,253533.93472004728,643860.3408156048,390494.828069131,0.0,254308.52987792,644803.3579470511
220,10243.55222,0.0,0.0,0.0,10243.55222,40.0,390326.4060955575,0.0,253533.93472004728,643860.3408156048,390494.828069131,0.0,254308.52987792,644803.3579470511
221,10245.95452,0.00045700000000000005,0.0,0.0,10245.954063,40.0,390326.4060955575,0.0,253533.93472004728,643860.3408156048,390494.828069131,0.0,254308.52987792,644803.3579470511
222,10248.35683,0.003088,0.0,0.0,10248.353742000001,40.0,390326.4060955575,0.0,253533.93472004728,643860.3408156048,390494.828069131,0.0,254308.52987792,644803.3579470511
223,10250.75913,0.009987000000000001,0.0,0.0,10250.749143000001,40.0,390326.4060955575,0.0,253533.93472004728,643860.3408156048,390494.828069131,0.0,254308.52987792,644803.3579470511
224,10253.16144,0.010676,0.0,0.0,10253.150764,40.0,390326.4060955575,0.0,253533.93472004728,643860.3408156048,390494.828069131,0.0,254308.52987792,644803.3579470511
225,10255.74874,0.019856000000000002,0.0,0.0,10255.728884,40.0,390326.4060955575,0.0,253533.93472004728,643860.3408156048,390494.828069131,0.0,254308.52987792,644803.3579470511
226,10258.35124,0.033229999999999996,0.0,0.0,10258.31801,40.0,390326.4060955575,0.0,253533.93472004728,643860.3408156048,390494.828069131,0.0,254308.52987792,644803.3579470511
227,10260.95374,0.037427999999999996,0.0,0.0,10260.916312000001,40.0,390326.4060955575,0.0,253533.93472004728,643860.3408156048,390494.828069131,0.0,254308.52987792,644803.3579470511
228,10263.55623,0.034333,0.0,0.0,10263.521897,40.0,390326.4060955575,0.0,253533.93472004728,643860.3408156048,390494.828069131,0.0,254308.52987792,644803.3579470511
229,10266.15873,0.033981000000000004,0.0,0.0,10266.124748999999,40.0,390326.4060955575,0.0,253533.93472004728,643860.3408156048,390494.828069131,0.0,254308.52987792,644803.3579470511
230,10268.76123,0.020559,0.0,0.0,10268.740671,40.0,390326.4060955575,0.0,253533.93472004728,643860.3408156048,390494.828069131,0.0,254308.52987792,644803.3579470511
231,10271.36372,0.02146,0.0,0.0,10271.34226,40.0,390326.4060955575,0.0,253533.93472004728,643860.3408156048,390494.828069131,0.0,254308.52987792,644803.3579470511
232,10273.96622,0.010571,0.0,0.0,10273.955649,40.0,390326.4060955575,0.0,253533.93472004728,643860.3408156048,390494.828069131,0.0,254308.52987792,644803.3579470511
233,10276.56872,0.0028239999999999997,0.0,0.0,10276.565896,40.0,390326.4060955575,0.0,253533.93472004728,643860.3408156048,390494.828069131,0.0,254308.52987792,644803.3579470511
234,10279.17121,0.0006640000000000001,0.0,0.0,10279.170546000001,40.0,390326.4060955575,0.0,253533.93472004728,643860.3408156048,390494.828069131,0.0,254308.52987792,644803.3579470511
235,10282.14571,0.0,0.0,0.0,10282.14571,40.0,390326.4060955575,0.0,253533.93472004728,643860.3408156048,390494.828069131,0.0,254308.52987792,644803.3579470511
236,10285.34879,0.0,0.0,0.0,10285.34879,40.0,390326.4060955575,0.0,253533.93472004728,643860.3408156048,390494.828069131,0.0,254308.52987792,644803.3579470511
237,10288.55186,0.0,0.0,0.0,10288.55186,40.0,390326.4060955575,0.0,253533.93472004728,643860.3408156048,390494.828069131,0.0,254308.52987792,644803.3579470511
238,10291.75493,0.0,0.0,0.0,10291.75493,40.0,390326.4060955575,0.0,253533.93472004728,643860.3408156048,390494.828069131,0.0,254308.52987792,644803.3579470511
239,10294.958,0.0,0.0,0.0,10294.958,40.0,390326.4060955575,0.0,253533.93472004728,643860.3408156048,390494.828069131,0.0,254308.52987792,644803.3579470511
240,10299.00259,0.0,0.0,0.0,10299.00259,40.0,390326.4060955575,0.0,253533.93472004728,643860.3408156048,390494.828069131,0.0,254308.52987792,644803.3579470511
241,10304.00739,0.0,0.0,0.0,10304.00739,40.0,390326.4060955575,0.0,253533.93472004728,643860.3408156048,390494.828069131,0.0,254308.52987792,644803.3579470511
242,10309.01219,0.0,0.0,0.0,10309.01219,40.0,390326.4060955575,0.0,253533.93472004728,643860.3408156048,390494.828069131,0.0,254308.52987792,644803.3579470511
243,10314.01699,0.0,0.0,0.0,10314.01699,40.0,390326.4060955575,0.0,253533.93472004728,643860.3408156048,390494.828069131,0.0,254308.52987792,644803.3579470511
244,10319.02179,0.0,0.0,0.0,10319.02179,40.0,390326.4060955575,0.0,253533.93472004728,643860.3408156048,390494.828069131,0.0,254308.52987792,644803.3579470511
245,10323.71159,0.0005909999999999999,0.0,0.0,10323.710999,40.0,390326.4060955575,0.0,253533.93472004728,643860.3408156048,390494.828069131,0.0,254308.52987792,644803.3579470511
246,10327.71543,0.0034100000000000003,0.0,0.0,10327.71202,40.0,390326.4060955575,0.0,253533.93472004728,643860.3408156048,390494.828069131,0.0,254308.52987792,644803.3579470511
247,10331.71927,0.011169,0.0,0.0,10331.708101,40.0,390326.4060955575,0.0,253533.93472004728,643860.3408156048,390494.828069131,0.0,254308.52987792,644803.3579470511
248,10335.72311,0.022154,0.0,0.0,10335.700956,40.0,390326.4060955575,0.0,253533.93472004728,643860.3408156048,390494.828069131,0.0,254308.52987792,644803.3579470511
249,10339.72695,0.028788,0.0,0.0,10339.698162,40.0,390326.4060955575,0.0,253533.93472004728,643860.3408156048,390494.828069131,0.0,254308.52987792,644803.3579470511
250,10343.7958,0.032791,0.0,0.0,10343.763009,40.0,390326.4060955575,0.0,253533.93472004728,643860.3408156048,390494.828069131,0.0,254308.52987792,644803.3579470511
251,10348.20002,0.035958,0.0,0.0,10348.164062,40.0,390326.4060955575,0.0,253533.93472004728,643860.3408156048,390494.828069131,0.0,254308.52987792,644803.3579470511
252,10352.60425,0.034989,0.0,0.0,10352.569261,40.0,390326.4060955575,0.0,253533.93472004728,643860.3408156048,390494.828069131,0.0,254308.52987792,644803.3579470511
253,10357.00847,0.032813,0.0,0.0,10356.975657,40.0,390326.4060955575,0.0,253533.93472004728,643860.3408156048,390494.828069131,0.0,254308.52987792,644803.3579470511
254,10361.4127,0.030678999999999998,0.0,0.0,10361.382021000001,40.0,390326.4060955575,0.0,253533.93472004728,643860.3408156048,390494.828069131,0.0,254308.52987792,644803.3579470511
255,10365.81692,0.022165,0.0,0.0,10365.794754999999,40.0,390326.4060955575,0.0,253533.93472004728,643860.3408156048,390494.828069131,0.0,254308.52987792,644803.3579470511
256,10370.22114,0.013198000000000001,0.0,0.0,10370.207942,40.0,390326.4060955575,0.0,253533.93472004728,643860.3408156048,390494.828069131,0.0,254308.52987792,644803.3579470511
257,10374.62537,0.005202,0.0,0.0,10374.620168,40.0,390326.4060955575,0.0,253533.93472004728,643860.3408156048,390494.828069131,0.0,254308.52987792,644803.3579470511
258,10379.02959,0.001105,0.0,0.0,10379.028485,40.0,390326.4060955575,0.0,253533.93472004728,643860.3408156048,390494.828069131,0.0,254308.52987792,644803.3579470511
259,10383.43382,0.0,0.0,0.0,10383.43382,40.0,390326.4060955575,0.0,253533.93472004728,643860.3408156048,390494.828069131,0.0,254308.52987792,644803.3579470511
260,10387.83804,0.0,0.0,0.0,10387.83804,40.0,390326.4060955575,0.0,253533.93472004728,643860.3408156048,390494.828069131,0.0,254308.52987792,644803.3579470511
261,10392.24227,0.0,0.0,0.0,10392.24227,40.0,390326.4060955575,0.0,253533.93472004728,643860.3408156048,390494.828069131,0.0,254308.52987792,644803.3579470511
262,10396.64649,0.0,0.0,0.0,10396.64649,40.0,390326.4060955575,0.0,253533.93472004728,643860.3408156048,390494.828069131,0.0,254308.52987792,644803.3579470511
263,10401.05072,0.0,0.0,0.0,10401.05072,40.0,390326.4060955575,0.0,253533.93472004728,643860.3408156048,390494.828069131,0.0,254308.52987792,644803.3579470511
264,10405.45494,0.0,0.0,0.0,10405.45494,40.0,390326.4060955575,0.0,253533.93472004728,643860.3408156048,390494.828069131,0.0,254308.52987792,644803.3579470511
265,10409.85917,0.0,0.0,0.0,10409.85917,40.0,390326.4060955575,0.0,253533.93472004728,643860.3408156048,390494.828069131,0.0,254308.52987792,644803.3579470511
266,10413.69862,0.0,0.0,0.0,10413.69862,40.0,390326.4060955575,0.0,253533.93472004728,643860.3408156048,390494.828069131,0.0,254308.52987792,644803.3579470511
267,10417.30207,0.0,0.0,0.0,10417.30207,40.0,390326.4060955575,0.0,253533.93472004728,643860.3408156048,390494.828069131,0.0,254308.52987792,644803.3579470511
268,10420.90553,0.0,0.0,0.0,10420.90553,40.0,390326.4060955575,0.0,253533.93472004728,643860.3408156048,390494.828069131,0.0,254308.52987792,644803.3579470511
269,10424.50899,0.000576,0.0,0.0,10424.508414,40.0,390326.4060955575,0.0,253533.93472004728,643860.3408156048,390494.828069131,0.0,254308.52987792,644803.3579470511
270,10428.11244,0.002639,0.0,0.0,10428.109801,40.0,390326.4060955575,0.0,253533.93472004728,643860.3408156048,390494.828069131,0.0,254308.52987792,644803.3579470511
271,10431.7159,0.011052,0.0,0.0,10431.704848,40.0,390326.4060955575,0.0,253533.93472004728,643860.3408156048,390494.828069131,0.0,254308.52987792,644803.3579470511
272,10435.31936,0.020964,0.0,0.0,10435.298396,40.0,390326.4060955575,0.0,253533.93472004728,643860.3408156048,390494.828069131,0.0,254308.52987792,644803.3579470511
273,10438.92282,0.028635999999999998,0.0,0.0,10438.894184,40.0,390326.4060955575,0.0,253533.93472004728,643860.3408156048,390494.828069131,0.0,254308.52987792,644803.3579470511
274,10442.52627,0.032653,0.0,0.0,10442.493617,40.0,390326.4060955575,0.0,253533.93472004728,643860.3408156048,390494.828069131,0.0,254308.52987792,644803.3579470511
275,10446.12973,0.035405,88.1469566169719,0.0,10534.241281616973,117.569321822935,390326.4060955575,0.0,253533.93472004728,643860.3408156048,390494.828069131,0.0,254308.52987792,644803.3579470511
276,10449.81338,0.031289000000000004,275.489407019391,0.0,10725.27149801939,360.0,390326.4060955575,0.0,253533.93472004728,643860.3408156048,390494.828069131,0.0,254308.52987792,644803.3579470511
277,10453.61703,0.032135,0.0,320.0,10133.584895,40.0,390326.4060955575,0.0,253533.93472004728,643860.3408156048,390494.828069131,0.0,254308.52987792,644803.3579470511
278,10457.42068,0.024988,0.0,0.0,10457.395692,40.0,390326.4060955575,0.0,253533.93472004728,643860.3408156048,390494.828069131,0.0,254308.52987792,644803.3579470511
279,10461.22433,0.011358,0.0,0.0,10461.212972,40.0,390326.4060955575,0.0,253533.93472004728,643860.3408156048,390494.828069131,0.0,254308.52987792,644803.3579470511
280,10465.02798,0.005299000000000001,0.0,0.0,10465.022681,40.0,390326.4060955575,0.0,253533.93472004728,643860.3408156048,390494.828069131,0.0,254308.52987792,644803.3579470511
281,10468.83162,0.005195,0.0,0.0,10468.826425000001,40.0,390326.4060955575,0.0,253533.93472004728,643860.3408156048,390494.828069131,0.0,254308.52987792,644803.3579470511
282,10472.63527,0.000574,0.0,0.0,10472.634696000001,40.0,390326.4060955575,0.0,253533.93472004728,643860.3408156048,390494.828069131,0.0,254308.52987792,644803.3579470511
283,10476.43892,0.0,0.0,0.0,10476.43892,40.0,390326.4060955575,0.0,253533.93472004728,643860.3408156048,390494.828069131,0.0,254308.52987792,644803.3579470511
284,10480.24257,0.0,0.0,0.0,10480.24257,40.0,390326.4060955575,0.0,253533.93472004728,643860.3408156048,390494.828069131,0.0,254308.52987792,644803.3579470511
285,10484.04622,0.0,0.0,0.0,10484.04622,40.0,390326.4060955575,0.0,253533.93472004728,643860.3408156048,390494.828069131,0.0,254308.52987792,644803.3579470511
286,10487.77309,0.0,0.0,0.0,10487.77309,40.0,390326.4060955575,0.0,253533.93472004728,643860.3408156048,390494.828069131,0.0,254308.52987792,644803.3579470511
287,10490.77597,0.0,0.0,0.0,10490.77597,40.0,390326.4060955575,0.0,253533.93472004728,643860.3408156048,390494.828069131,0.0,254308.52987792,644803.3579470511
288,10493.77885,0.0,0.0,0.0,10493.77885,40.0,390326.4060955575,0.0,253533.93472004728,643860.3408156048,390494.828069131,0.0,254308.52987792,644803.3579470511
289,10496.78173,0.0,0.0,0.0,10496.78173,40.0,390326.4060955575,0.0,253533.93472004728,643860.3408156048,390494.828069131,0.0,254308.52987792,644803.3579470511
290,10499.78461,0.0,0.0,0.0,10499.78461,40.0,390326.4060955575,0.0,253533.93472004728,643860.3408156048,390494.828069131,0.0,254308.52987792,644803.3579470511
291,10502.78749,0.0,0.0,0.0,10502.78749,40.0,390326.4060955575,0.0,253533.93472004728,643860.3408156048,390494.828069131,0.0,254308.52987792,644803.3579470511
292,10505.60149,0.0,0.0,0.0,10505.60149,40.0,390326.4060955575,0.0,253533.93472004728,643860.3408156048,390494.828069131,0.0,254308.52987792,644803.3579470511
293,10508.40417,0.000386,0.0,0.0,10508.403784,40.0,390326.4060955575,0.0,253533.93472004728,643860.3408156048,390494.828069131,0.0,254308.52987792,644803.3579470511
294,10511.20686,0.002594,0.0,0.0,10511.204266,40.0,390326.4060955575,0.0,253533.93472004728,643860.3408156048,390494.828069131,0.0,254308.52987792,644803.3579470511
295,10514.00955,0.010749000000000002,0.0,0.0,10513.998801000002,40.0,390326.4060955575,0.0,253533.93472004728,643860.3408156048,390494.828069131,0.0,254308.52987792,644803.3579470511
296,10516.81224,0.019675,0.0,0.0,10516.792565,40.0,390326.4060955575,0.0,253533.93472004728,643860.3408156048,390494.828069131,0.0,254308.52987792,644803.3579470511
297,10520.24848,0.027353000000000002,0.0,0.0,10520.221127,40.0,390326.4060955575,0.0,253533.93472004728,643860.3408156048,390494.828069131,0.0,254308.52987792,644803.3579470511
298,10523.85193,0.034003,0.0,0.0,10523.817927,40.0,390326.4060955575,0.0,253533.93472004728,643860.3408156048,390494.828069131,0.0,254308.52987792,644803.3579470511
299,10527.45539,0.033858,169.388352616972,0.0,10696.80988461697,189.061750302935,390326.4060955575,0.0,253533.93472004728,643860.3408156048,390494.828069131,0.0,254308.52987792,644803.3579470511
300,10531.05885,0.035363,194.248011019392,0.0,10725.27149801939,360.0,390326.4060955575,0.0,253533.93472004728,643860.3408156048,390494.828069131,0.0,254308.52987792,644803.3579470511
301,10534.66231,0.029555,0.0,320.0,10214.632755,40.0,390326.4060955575,0.0,253533.93472004728,643860.3408156048,390494.828069131,0.0,254308.52987792,644803.3579470511
302,10538.64942,0.028347999999999998,0.0,0.0,10538.621072,40.0,390326.4060955575,0.0,253533.93472004728,643860.3408156048,390494.828069131,0.0,254308.52987792,644803.3579470511
303,10542.85346,0.022015999999999997,0.0,0.0,10542.831444,40.0,390326.4060955575,0.0,253533.93472004728,643860.3408156048,390494.828069131,0.0,254308.52987792,644803.3579470511
304,10547.05749,0.014247000000000001,0.0,0.0,10547.043243,40.0,390326.4060955575,0.0,253533.93472004728,643860.3408156048,390494.828069131,0.0,254308.52987792,644803.3579470511
305,10551.26152,0.0053040000000000006,0.0,0.0,10551.256216,40.0,390326.4060955575,0.0,253533.93472004728,643860.3408156048,390494.828069131,0.0,254308.52987792,644803.3579470511
306,10555.46556,0.001229,0.0,0.0,10555.464331000001,40.0,390326.4060955575,0.0,253533.93472004728,643860.3408156048,390494.828069131,0.0,254308.52987792,644803.3579470511
307,10559.47481,0.0,0.0,0.0,10559.47481,40.0,390326.4060955575,0.0,253533.93472004728,643860.3408156048,390494.828069131,0.0,254308.52987792,644803.3579470511
308,10563.27846,0.0,0.0,0.0,10563.27846,40.0,390326.4060955575,0.0,253533.93472004728,643860.3408156048,390494.828069131,0.0,254308.52987792,644803.3579470511
309,10567.08211,0.0,0.0,0.0,10567.08211,40.0,390326.4060955575,0.0,253533.93472004728,643860.3408156048,390494.828069131,0.0,254308.52987792,644803.3579470511
310,10570.88576,0.0,0.0,0.0,10570.88576,40.0,390326.4060955575,0.0,253533.93472004728,643860.3408156048,390494.828069131,0.0,254308.52987792,644803.3579470511
311,10574.68941,0.0,0.0,0.0,10574.68941,40.0,390326.4060955575,0.0,253533.93472004728,643860.3408156048,390494.828069131,0.0,254308.52987792,644803.3579470511
312,10578.29239,0.0,0.0,0.0,10578.29239,40.0,390326.4060955575,0.0,253533.93472004728,643860.3408156048,390494.828069131,0.0,254308.52987792,644803.3579470511
313,10581.49547,0.0,0.0,0.0,10581.49547,40.0,390326.4060955575,0.0,253533.93472004728,643860.3408156048,390494.828069131,0.0,254308.52987792,644803.3579470511
314,10584.69854,0.0,0.0,0.0,10584.69854,40.0,390326.4060955575,0.0,253533.93472004728,643860.3408156048,390494.828069131,0.0,254308.52987792,644803.3579470511
315,10587.90161,0.0,0.0,0.0,10587.90161,40.0,390326.4060955575,0.0,253533.93472004728,643860.3408156048,390494.828069131,0.0,254308.52987792,644803.3579470511
316,10591.10469,0.0,0.0,0.0,10591.10469,40.0,390326.4060955575,0.0,253533.93472004728,643860.3408156048,390494.828069131,0.0,254308.52987792,644803.3579470511
317,10594.30776,0.00039700000000000005,0.0,0.0,10594.307363,40.0,390326.4060955575,0.0,253533.93472004728,643860.3408156048,390494.828069131,0.0,254308.52987792,644803.3579470511
318,10597.51083,0.002645,0.0,0.0,10597.508184999999,40.0,390326.4060955575,0.0,253533.93472004728,643860.3408156048,390494.828069131,0.0,254308.52987792,644803.3579470511
319,10600.7139,0.010775,0.0,0.0,10600.703125,40.0,390326.4060955575,0.0,253533.93472004728,643860.3408156048,390494.828069131,0.0,254308.52987792,644803.3579470511
320,10603.91698,0.019954999999999997,0.0,0.0,10603.897025,40.0,390326.4060955575,0.0,253533.93472004728,643860.3408156048,390494.828069131,0.0,254308.52987792,644803.3579470511
321,10607.12005,0.025825,26.4472855781977,0.0,10633.541510578196,63.273611308814,390326.4060955575,0.0,253533.93472004728,643860.3408156048,390494.828069131,0.0,254308.52987792,644803.3579470511
322,10610.30546,0.031625,114.997663019391,0.0,10725.27149801939,164.471554765878,390326.4060955575,0.0,253533.93472004728,643860.3408156048,390494.828069131,0.0,254308.52987792,644803.3579470511
323,10612.90795,0.034426000000000005,112.39797401939,0.0,10725.27149801939,263.381771902941,390326.4060955575,0.0,253533.93472004728,643860.3408156048,390494.828069131,0.0,254308.52987792,644803.3579470511
324,10615.51045,0.032393,109.79344101939,0.0,10725.27149801939,360.0,390326.4060955575,0.0,253533.93472004728,643860.3408156048,390494.828069131,0.0,254308.52987792,644803.3579470511
325,10618.11295,0.029568999999999998,0.0,320.0,10298.083381,40.0,390326.4060955575,0.0,253533.93472004728,643860.3408156048,390494.828069131,0.0,254308.52987792,644803.3579470511
326,10620.71544,0.028417,0.0,0.0,10620.687023,40.0,390326.4060955575,0.0,253533.93472004728,643860.3408156048,390494.828069131,0.0,254308.52987792,644803.3579470511
327,10623.31794,0.023249,0.0,0.0,10623.294691000001,40.0,390326.4060955575,0.0,253533.93472004728,643860.3408156048,390494.828069131,0.0,254308.52987792,644803.3579470511
328,10625.74486,0.00864,0.0,0.0,10625.73622,40.0,390326.4060955575,0.0,253533.93472004728,643860.3408156048,390494.828069131,0.0,254308.52987792,644803.3579470511
329,10628.14716,0.005671000000000001,0.0,0.0,10628.141489,40.0,390326.4060955575,0.0,253533.93472004728,643860.3408156048,390494.828069131,0.0,254308.52987792,644803.3579470511
330,10630.54947,0.000939,0.0,0.0,10630.548531,40.0,390326.4060955575,0.0,253533.93472004728,643860.3408156048,390494.828069131,0.0,254308.52987792,644803.3579470511
331,10632.95177,0.0,0.0,0.0,10632.95177,40.0,390326.4060955575,0.0,253533.93472004728,643860.3408156048,390494.828069131,0.0,254308.52987792,644803.3579470511
332,10635.35408,0.0,0.0,0.0,10635.35408,40.0,390326.4060955575,0.0,253533.93472004728,643860.3408156048,390494.828069131,0.0,254308.52987792,644803.3579470511
333,10637.6113,0.0,0.0,0.0,10637.6113,40.0,390326.4060955575,0.0,253533.93472004728,643860.3408156048,390494.828069131,0.0,254308.52987792,644803.3579470511
334,10639.81341,0.0,0.0,0.0,10639.81341,40.0,390326.4060955575,0.0,253533.93472004728,643860.3408156048,390494.828069131,0.0,254308.52987792,644803.3579470511
335,10642.01552,0.0,0.0,0.0,10642.01552,40.0,390326.4060955575,0.0,253533.93472004728,643860.3408156048,390494.828069131,0.0,254308.52987792,644803.3579470511
336,10644.21764,0.0,0.0,0.0,10644.21764,40.0,390326.4060955575,0.0,253533.93472004728,643860.3408156048,390494.828069131,0.0,254308.52987792,644803.3579470511
337,10646.41975,0.0,0.0,0.0,10646.41975,40.0,390326.4060955575,0.0,253533.93472004728,643860.3408156048,390494.828069131,0.0,254308.52987792,644803.3579470511
338,10648.62186,0.0,0.0,0.0,10648.62186,40.0,390326.4060955575,0.0,253533.93472004728,643860.3408156048,390494.828069131,0.0,254308.52987792,644803.3579470511
339,10650.82397,0.0,0.0,0.0,10650.82397,40.0,390326.4060955575,0.0,253533.93472004728,643860.3408156048,390494.828069131,0.0,254308.52987792,644803.3579470511
340,10653.02609,0.0,0.0,0.0,10653.02609,40.0,390326.4060955575,0.0,253533.93472004728,643860.3408156048,390494.828069131,0.0,254308.52987792,644803.3579470511
341,10655.2282,0.000222,0.0,0.0,10655.227977999999,40.0,390326.4060955575,0.0,253533.93472004728,643860.3408156048,390494.828069131,0.0,254308.52987792,644803.3579470511
342,10657.43031,0.002004,6.01952152001667,0.0,10663.447827520016,45.2971789376147,390326.4060955575,0.0,253533.93472004728,643860.3408156048,390494.828069131,0.0,254308.52987792,644803.3579470511
343,10659.71651,0.011442,65.5664300193912,0.0,10725.27149801939,102.995637354679,390326.4060955575,0.0,253533.93472004728,643860.3408156048,390494.828069131,0.0,254308.52987792,644803.3579470511
344,10662.11881,0.020904,63.1735920193914,0.0,10725.27149801939,158.588398331743,390326.4060955575,0.0,253533.93472004728,643860.3408156048,390494.828069131,0.0,254308.52987792,644803.3579470511
345,10664.52111,0.026566,60.7769540193913,0.0,10725.27149801939,212.072117868808,390326.4060955575,0.0,253533.93472004728,643860.3408156048,390494.828069131,0.0,254308.52987792,644803.3579470511
346,10666.92342,0.031546,58.3796240193915,0.0,10725.27149801939,263.446187005872,390326.4060955575,0.0,253533.93472004728,643860.3408156048,390494.828069131,0.0,254308.52987792,644803.3579470511
347,10669.32572,0.035116999999999995,55.9808950193923,0.0,10725.271498019394,312.709374622937,390326.4060955575,0.0,253533.93472004728,643860.3408156048,390494.828069131,0.0,254308.52987792,644803.3579470511
348,10671.56729,0.035139000000000004,53.7393470193892,0.0,10725.27149801939,360.0,390326.4060955575,0.0,253533.93472004728,643860.3408156048,390494.828069131,0.0,254308.52987792,644803.3579470511
349,10673.36901,0.032505000000000006,0.0,258.557529,10414.778976000001,101.442471,390326.4060955575,0.0,253533.93472004728,643860.3408156048,390494.828069131,0.0,254308.52987792,644803.3579470511
350,10675.17074,0.029825,0.0,3.53743500000019,10671.60348,97.9050360000001,390326.4060955575,0.0,253533.93472004728,643860.3408156048,390494.828069131,0.0,254308.52987792,644803.3579470511
351,10676.97247,0.022529,0.0,5.346461000001,10671.60348,92.5585749999991,390326.4060955575,0.0,253533.93472004728,643860.3408156048,390494.828069131,0.0,254308.52987792,644803.3579470511
352,10678.7742,0.013686,0.0,7.15703399999984,10671.60348,85.4015409999993,390326.4060955575,0.0,253533.93472004728,643860.3408156048,390494.828069131,0.0,254308.52987792,644803.3579470511
353,10680.55285,0.0046440000000000006,0.0,8.94472599999972,10671.60348,76.4568149999996,390326.4060955575,0.0,253533.93472004728,643860.3408156048,390494.828069131,0.0,254308.52987792,644803.3579470511
354,10682.15438,0.000505,0.0,10.5503950000002,10671.60348,65.9064199999993,390326.4060955575,0.0,253533.93472004728,643860.3408156048,390494.828069131,0.0,254308.52987792,644803.3579470511
355,10683.75592,0.0,0.0,12.1524399999998,10671.60348,53.7539799999995,390326.4060955575,0.0,253533.93472004728,643860.3408156048,390494.828069131,0.0,254308.52987792,644803.3579470511
356,10685.35746,0.0,0.0,13.7539799999995,10671.60348,40.0,390326.4060955575,0.0,253533.93472004728,643860.3408156048,390494.828069131,0.0,254308.52987792,644803.3579470511
357,10686.95899,0.0,0.0,0.0,10686.95899,40.0,390326.4060955575,0.0,253533.93472004728,643860.3408156048,390494.828069131,0.0,254308.52987792,644803.3579470511
358,10688.56053,0.0,0.0,0.0,10688.56053,40.0,390326.4060955575,0.0,253533.93472004728,643860.3408156048,390494.828069131,0.0,254308.52987792,644803.3579470511
359,10689.96929,0.0,26.8802483842987,0.0,10716.849538384298,63.6546185781828,390326.4060955575,0.0,253533.93472004728,643860.3408156048,390494.828069131,0.0,254308.52987792,644803.3579470511
360,10691.37064,0.0,33.9008580193824,0.0,10725.271498019381,93.4873736352394,390326.4060955575,0.0,253533.93472004728,643860.3408156048,390494.828069131,0.0,254308.52987792,644803.3579470511
361,10692.77198,0.0,32.499518019391,0.0,10725.27149801939,122.086949492303,390326.4060955575,0.0,253533.93472004728,643860.3408156048,390494.828069131,0.0,254308.52987792,644803.3579470511
362,10694.17332,0.0,31.0981780193906,0.0,10725.27149801939,149.453346149367,390326.4060955575,0.0,253533.93472004728,643860.3408156048,390494.828069131,0.0,254308.52987792,644803.3579470511
363,10695.57467,0.0,29.6968280193905,0.0,10725.27149801939,175.586554806431,390326.4060955575,0.0,253533.93472004728,643860.3408156048,390494.828069131,0.0,254308.52987792,644803.3579470511
364,10696.97601,0.0,28.2954880193902,0.0,10725.27149801939,200.486584263494,390326.4060955575,0.0,253533.93472004728,643860.3408156048,390494.828069131,0.0,254308.52987792,644803.3579470511
365,10698.37736,0.00022500000000000002,26.8943630193899,0.0,10725.27149801939,224.153623720557,390326.4060955575,0.0,253533.93472004728,643860.3408156048,390494.828069131,0.0,254308.52987792,644803.3579470511
366,10699.7787,0.002819,25.4956170193891,0.0,10725.27149801939,246.58976669762,390326.4060955575,0.0,253533.93472004728,643860.3408156048,390494.828069131,0.0,254308.52987792,644803.3579470511
367,10701.18005,0.011067,24.1025150193891,0.0,10725.27149801939,267.799979914682,390326.4060955575,0.0,253533.93472004728,643860.3408156048,390494.828069131,0.0,254308.52987792,644803.3579470511
368,10702.58139,0.020489999999999998,22.7105980193919,0.0,10725.27149801939,287.785306171747,390326.4060955575,0.0,253533.93472004728,643860.3408156048,390494.828069131,0.0,254308.52987792,644803.3579470511
369,10703.58741,0.028885,21.7129730193901,0.0,10725.27149801939,306.89272242881,390326.4060955575,0.0,253533.93472004728,643860.3408156048,390494.828069131,0.0,254308.52987792,644803.3579470511
370,10704.38818,0.031855,20.9151730193898,0.0,10725.27149801939,325.298074685873,390326.4060955575,0.0,253533.93472004728,643860.3408156048,390494.828069131,0.0,254308.52987792,644803.3579470511
371,10705.18895,0.034451,20.1169990193903,0.0,10725.27149801939,343.001033822937,390326.4060955575,0.0,253533.93472004728,643860.3408156048,390494.828069131,0.0,254308.52987792,644803.3579470511
372,10705.98972,0.035229,19.3170070193901,0.0,10725.27149801939,360.0,390326.4060955575,0.0,253533.93472004728,643860.3408156048,390494.828069131,0.0,254308.52987792,644803.3579470511
373,10706.79049,0.03293,0.0,35.1540800000002,10671.60348,324.845920000002,390326.4060955575,0.0,253533.93472004728,643860.3408156048,390494.828069131,0.0,254308.52987792,644803.3579470511
374,10707.38871,0.031727,0.0,35.7535029999999,10671.60348,289.092417000002,390326.4060955575,0.0,253533.93472004728,643860.3408156048,390494.828069131,0.0,254308.52987792,644803.3579470511
375,10707.78909,0.023008,0.0,36.1626020000003,10671.60348,252.929815000001,390326.4060955575,0.0,253533.93472004728,643860.3408156048,390494.828069131,0.0,254308.52987792,644803.3579470511
376,10708.18948,0.011081,0.0,36.5749189999988,10671.60348,216.354896000003,390326.4060955575,0.0,253533.93472004728,643860.3408156048,390494.828069131,0.0,254308.52987792,644803.3579470511
377,10708.58986,0.004357000000000001,0.0,36.9820230000005,10671.60348,179.372873000002,390326.4060955575,0.0,253533.93472004728,643860.3408156048,390494.828069131,0.0,254308.52987792,644803.3579470511
378,10708.99024,0.0005729999999999999,0.0,37.3861870000001,10671.60348,141.986686000002,390326.4060955575,0.0,253533.93472004728,643860.3408156048,390494.828069131,0.0,254308.52987792,644803.3579470511
379,10709.4614,0.0,0.0,37.8579200000004,10671.60348,104.128766000002,390326.4060955575,0.0,253533.93472004728,643860.3408156048,390494.828069131,0.0,254308.52987792,644803.3579470511
380,10710.06198,0.0,0.0,38.4585000000006,10671.60348,65.670266000001,390326.4060955575,0.0,253533.93472004728,643860.3408156048,390494.828069131,0.0,254308.52987792,644803.3579470511
381,10710.66255,0.0,14.608948019391,0.0,10725.27149801939,78.5261402570651,390326.4060955575,0.0,253533.93472004728,643860.3408156048,390494.828069131,0.0,254308.52987792,644803.3579470511
382,10711.26313,0.0,14.0083680193907,0.0,10725.27149801939,90.853504114129,390326.4060955575,0.0,253533.93472004728,643860.3408156048,390494.828069131,0.0,254308.52987792,644803.3579470511
383,10711.86371,0.0,13.4077880193905,0.0,10725.27149801939,102.652357571193,390326.4060955575,0.0,253533.93472004728,643860.3408156048,390494.828069131,0.0,254308.52987792,644803.3579470511
384,10712.42401,0.0,12.8474880193895,0.0,10725.27149801939,113.958147028255,390326.4060955575,0.0,253533.93472004728,643860.3408156048,390494.828069131,0.0,254308.52987792,644803.3579470511
385,10712.82439,0.0,12.4471080193899,0.0,10725.27149801939,124.911602085318,390326.4060955575,0.0,253533.93472004728,643860.3408156048,390494.828069131,0.0,254308.52987792,644803.3579470511
386,10713.22478,0.0,12.04671801939,0.0,10725.27149801939,135.512713942382,390326.4060955575,0.0,253533.93472004728,643860.3408156048,390494.828069131,0.0,254308.52987792,644803.3579470511
387,10713.62516,0.0,11.6463380193905,0.0,10725.27149801939,145.761491399445,390326.4060955575,0.0,253533.93472004728,643860.3408156048,390494.828069131,0.0,254308.52987792,644803.3579470511
388,10714.02555,0.0,11.2459480193898,0.0,10725.27149801939,155.657925656508,390326.4060955575,0.0,253533.93472004728,643860.3408156048,390494.828069131,0.0,254308.52987792,644803.3579470511
389,10714.42593,0.00015,10.8457180193905,0.0,10725.27149801939,165.202157513573,390326.4060955575,0.0,253533.93472004728,643860.3408156048,390494.828069131,0.0,254308.52987792,644803.3579470511
390,10714.82631,0.0020099999999999996,10.4471980193903,0.0,10725.27149801939,174.395691770637,390326.4060955575,0.0,253533.93472004728,643860.3408156048,390494.828069131,0.0,254308.52987792,644803.3579470511
391,10715.2267,0.011334,10.056132019392,0.0,10725.27149801939,183.245087947702,390326.4060955575,0.0,253533.93472004728,643860.3408156048,390494.828069131,0.0,254308.52987792,644803.3579470511
392,10715.62708,0.020992999999999998,9.66541101939038,0.0,10725.27149801939,191.750649644765,390326.4060955575,0.0,253533.93472004728,643860.3408156048,390494.828069131,0.0,254308.52987792,644803.3579470511
393,10716.02747,0.029043,9.27307101939004,0.0,10725.27149801939,199.91095214183,390326.4060955575,0.0,253533.93472004728,643860.3408156048,390494.828069131,0.0,254308.52987792,644803.3579470511
394,10716.42785,0.034006,8.87765401939032,0.0,10725.27149801939,207.723287678893,390326.4060955575,0.0,253533.93472004728,643860.3408156048,390494.828069131,0.0,254308.52987792,644803.3579470511
395,10716.82823,0.033246000000000005,8.4765140193922,0.0,10725.27149801939,215.18262001596,390326.4060955575,0.0,253533.93472004728,643860.3408156048,390494.828069131,0.0,254308.52987792,644803.3579470511
396,10717.22862,0.035277,8.07815501939149,0.0,10725.27149801939,222.291396433024,390326.4060955575,0.0,253533.93472004728,643860.3408156048,390494.828069131,0.0,254308.52987792,644803.3579470511
397,10717.629,0.035538,7.67803601938976,0.0,10725.27149801939,229.048068130087,390326.4060955575,0.0,253533.93472004728,643860.3408156048,390494.828069131,0.0,254308.52987792,644803.3579470511
398,10718.02939,0.022965,7.26507301939091,0.0,10725.27149801939,235.441332387151,390326.4060955575,0.0,253533.93472004728,643860.3408156048,390494.828069131,0.0,254308.52987792,644803.3579470511
399,10718.42977,0.021460999999999997,6.86318901939012,0.0,10725.27149801939,241.480938724214,390326.4060955575,0.0,253533.93472004728,643860.3408156048,390494.828069131,0.0,254308.52987792,644803.3579470511
400,10718.97912,0.013207000000000002,6.30558501939049,0.0,10725.27149801939,247.029853541278,390326.4060955575,0.0,253533.93472004728,643860.3408156048,390494.828069131,0.0,254308.52987792,644803.3579470511
401,10719.5797,0.004463,5.69626101938957,0.0,10725.27149801939,252.042563238341,390326.4060955575,0.0,253533.93472004728,643860.3408156048,390494.828069131,0.0,254308.52987792,644803.3579470511
402,10720.18027,0.00071,5.09193801939,0.0,10725.27149801939,256.523468695404,390326.4060955575,0.0,253533.93472004728,643860.3408156048,390494.828069131,0.0,254308.52987792,644803.3579470511
403,10720.78085,0.0,4.4906480193913,0.0,10725.27149801939,260.475238952468,390326.4060955575,0.0,253533.93472004728,643860.3408156048,390494.828069131,0.0,254308.52987792,644803.3579470511
404,10721.38143,0.0,3.89006801939104,0.0,10725.27149801939,263.898498809532,390326.4060955575,0.0,253533.93472004728,643860.3408156048,390494.828069131,0.0,254308.52987792,644803.3579470511
405,10721.86353,0.0,3.40796801938995,0.0,10725.27149801939,266.897510666596,390326.4060955575,0.0,253533.93472004728,643860.3408156048,390494.828069131,0.0,254308.52987792,644803.3579470511
406,10722.26392,0.0,3.00757801939108,0.0,10725.27149801939,269.54417932366,390326.4060955575,0.0,253533.93472004728,643860.3408156048,390494.828069131,0.0,254308.52987792,644803.3579470511
407,10722.6643,0.0,2.60719801939013,0.0,10725.27149801939,271.838513580723,390326.4060955575,0.0,253533.93472004728,643860.3408156048,390494.828069131,0.0,254308.52987792,644803.3579470511
408,10723.06469,0.0,2.20680801939125,0.0,10725.27149801939,273.780504637788,390326.4060955575,0.0,253533.93472004728,643860.3408156048,390494.828069131,0.0,254308.52987792,644803.3579470511
409,10723.46507,0.0,1.8064280193903,0.0,10725.27149801939,275.370161294853,390326.4060955575,0.0,253533.93472004728,643860.3408156048,390494.828069131,0.0,254308.52987792,644803.3579470511
410,10723.86546,0.0,1.4060380193896,0.0,10725.27149801939,276.607474751915,390326.4060955575,0.0,253533.93472004728,643860.3408156048,390494.828069131,0.0,254308.52987792,644803.3579470511
411,10724.26584,0.0,1.00565801939047,0.0,10725.27149801939,277.492453808979,390326.4060955575,0.0,253533.93472004728,643860.3408156048,390494.828069131,0.0,254308.52987792,644803.3579470511
412,10724.66622,0.0,0.605278019391335,0.0,10725.27149801939,278.025098466043,390326.4060955575,0.0,253533.93472004728,643860.3408156048,390494.828069131,0.0,254308.52987792,644803.3579470511
413,10725.06661,0.000308,0.205196019391224,0.0,10725.27149801939,278.205670963108,390326.4060955575,0.0,253533.93472004728,643860.3408156048,390494.828069131,0.0,254308.52987792,644803.3579470511
414,10725.46699,0.002901,0.0,0.192590980610865,10725.27149801939,278.013079982497,390326.4060955575,0.0,253533.93472004728,643860.3408156048,390494.828069131,0.0,254308.52987792,644803.3579470511
415,10725.80991,0.011113,0.0,0.527298980609365,10725.27149801939,277.485781001887,390326.4060955575,0.0,253533.93472004728,643860.3408156048,390494.828069131,0.0,254308.52987792,644803.3579470511
416,10726.0101,0.019861,0.0,0.718740980608735,10725.27149801939,276.767040021279,390326.4060955575,0.0,253533.93472004728,643860.3408156048,390494.828069131,0.0,254308.52987792,644803.3579470511
417,10726.21029,0.026117,0.0,0.912674980611362,10725.27149801939,275.854365040667,390326.4060955575,0.0,253533.93472004728,643860.3408156048,390494.828069131,0.0,254308.52987792,644803.3579470511
418,10726.41048,0.031431,0.0,1.10755098061093,10725.27149801939,274.746814060056,390326.4060955575,0.0,253533.93472004728,643860.3408156048,390494.828069131,0.0,254308.52987792,644803.3579470511
419,10726.61068,0.036759,0.0,1.30242298060914,10725.27149801939,273.444391079447,390326.4060955575,0.0,253533.93472004728,643860.3408156048,390494.828069131,0.0,254308.52987792,644803.3579470511
420,10726.75693,0.036526,0.0,1.44890598060959,10725.27149801939,271.995485098838,390326.4060955575,0.0,253533.93472004728,643860.3408156048,390494.828069131,0.0,254308.52987792,644803.3579470511
421,10726.55674,0.034775,0.0,1.25046698060981,10725.27149801939,270.745018118228,390326.4060955575,0.0,253533.93472004728,643860.3408156048,390494.828069131,0.0,254308.52987792,644803.3579470511
422,10726.35655,0.029898,0.0,1.05515398060964,10725.27149801939,269.689864137618,390326.4060955575,0.0,253533.93472004728,643860.3408156048,390494.828069131,0.0,254308.52987792,644803.3579470511
423,10726.15636,0.021421,0.0,0.863440980611293,10725.27149801939,268.826423157007,390326.4060955575,0.0,253533.93472004728,643860.3408156048,390494.828069131,0.0,254308.52987792,644803.3579470511
424,10725.95617,0.014398999999999999,0.0,0.670272980609687,10725.27149801939,268.156150176397,390326.4060955575,0.0,253533.93472004728,643860.3408156048,390494.828069131,0.0,254308.52987792,644803.3579470511
425,10725.75597,0.004951,0.0,0.479520980609257,10725.27149801939,267.676629195788,390326.4060955575,0.0,253533.93472004728,643860.3408156048,390494.828069131,0.0,254308.52987792,644803.3579470511
426,10725.16246,0.0005809999999999999,0.109619019391175,0.0,10725.27149801939,267.773093932852,390326.4060955575,0.0,253533.93472004728,643860.3408156048,390494.828069131,0.0,254308.52987792,644803.3579470511
427,10724.56189,0.0,0.709608019389634,0.0,10725.27149801939,268.397548989915,390326.4060955575,0.0,253533.93472004728,643860.3408156048,390494.828069131,0.0,254308.52987792,644803.3579470511
428,10723.96131,0.0,1.3101880193899,0.0,10725.27149801939,269.550514446978,390326.4060955575,0.0,253533.93472004728,643860.3408156048,390494.828069131,0.0,254308.52987792,644803.3579470511
429,10723.36074,0.0,1.91075801939041,0.0,10725.27149801939,271.231981504042,390326.4060955575,0.0,253533.93472004728,643860.3408156048,390494.828069131,0.0,254308.52987792,644803.3579470511
430,10722.76016,0.0,2.51133801939068,0.0,10725.27149801939,273.441958961105,390326.4060955575,0.0,253533.93472004728,643860.3408156048,390494.828069131,0.0,254308.52987792,644803.3579470511
431,10722.15958,0.0,3.11191801939094,0.0,10725.27149801939,276.18044681817,390326.4060955575,0.0,253533.93472004728,643860.3408156048,390494.828069131,0.0,254308.52987792,644803.3579470511
432,10721.55901,0.0,3.71248801938964,0.0,10725.27149801939,279.447436275233,390326.4060955575,0.0,253533.93472004728,643860.3408156048,390494.828069131,0.0,254308.52987792,644803.3579470511
433,10720.95843,0.0,4.3130680193899,0.0,10725.27149801939,283.242936132296,390326.4060955575,0.0,253533.93472004728,643860.3408156048,390494.828069131,0.0,254308.52987792,644803.3579470511
434,10720.35785,0.0,4.91364801939017,0.0,10725.27149801939,287.566946389374,390326.4060955575,0.0,253533.93472004728,643860.3408156048,390494.828069131,0.0,254308.52987792,644803.3579470511
435,10719.75728,0.0,5.51421801939068,0.0,10725.27149801939,292.419458246441,390326.4060955575,0.0,253533.93472004728,643860.3408156048,390494.828069131,0.0,254308.52987792,644803.3579470511
436,10719.1567,0.0,6.11479801939095,0.0,10725.27149801939,297.800480503505,390326.4060955575,0.0,253533.93472004728,643860.3408156048,390494.828069131,0.0,254308.52987792,644803.3579470511
437,10718.55613,0.000257,6.71562501938934,0.0,10725.27149801939,303.710230520568,390326.4060955575,0.0,253533.93472004728,643860.3408156048,390494.828069131,0.0,254308.52987792,644803.3579470511
438,10717.95555,0.002381,7.31832901939015,0.0,10725.27149801939,310.150360057632,390326.4060955575,0.0,253533.93472004728,643860.3408156048,390494.828069131,0.0,254308.52987792,644803.3579470511
439,10717.35497,0.011016,7.92754401939055,0.0,10725.27149801939,317.126598794697,390326.4060955575,0.0,253533.93472004728,643860.3408156048,390494.828069131,0.0,254308.52987792,644803.3579470511
440,10716.7544,0.019245,8.53634301939019,0.0,10725.27149801939,324.63858065176,390326.4060955575,0.0,253533.93472004728,643860.3408156048,390494.828069131,0.0,254308.52987792,644803.3579470511
441,10716.15382,0.020686,9.13836401939079,0.0,10725.27149801939,332.680340988813,390326.4060955575,0.0,253533.93472004728,643860.3408156048,390494.828069131,0.0,254308.52987792,644803.3579470511
442,10715.55325,0.030669000000000002,9.74891701938941,0.0,10725.27149801939,341.259387965874,390326.4060955575,0.0,253533.93472004728,643860.3408156048,390494.828069131,0.0,254308.52987792,644803.3579470511
443,10714.95267,0.034215,10.3530430193896,0.0,10725.27149801939,350.370065822937,390326.4060955575,0.0,253533.93472004728,643860.3408156048,390494.828069131,0.0,254308.52987792,644803.3579470511
444,10714.35209,0.023699,10.9431070193896,0.0,10725.27149801939,360.0,390326.4060955575,0.0,253533.93472004728,643860.3408156048,390494.828069131,0.0,254308.52987792,644803.3579470511
445,10713.75152,0.028111,0.0,42.1199290000004,10671.60348,317.880071,390326.4060955575,0.0,253533.93472004728,643860.3408156048,390494.828069131,0.0,254308.52987792,644803.3579470511
446,10713.15094,0.022253000000000002,0.0,41.5252070000006,10671.60348,276.354863999999,390326.4060955575,0.0,253533.93472004728,643860.3408156048,390494.828069131,0.0,254308.52987792,644803.3579470511
447,10712.55037,0.013446999999999999,0.0,40.9334430000017,10671.60348,235.421420999997,390326.4060955575,0.0,253533.93472004728,643860.3408156048,390494.828069131,0.0,254308.52987792,644803.3579470511
448,10711.94979,0.011389,0.0,40.3349210000015,10671.60348,195.086499999998,390326.4060955575,0.0,253533.93472004728,643860.3408156048,390494.828069131,0.0,254308.52987792,644803.3579470511
449,10711.34921,0.0038079999999999998,0.0,39.7419220000011,10671.60348,155.344578,390326.4060955575,0.0,253533.93472004728,643860.3408156048,390494.828069131,0.0,254308.52987792,644803.3579470511
450,10710.74864,0.000652,0.0,39.1445079999994,10671.60348,116.200070000003,390326.4060955575,0.0,253533.93472004728,643860.3408156048,390494.828069131,0.0,254308.52987792,644803.3579470511
451,10710.1039,0.0,0.0,38.5004200000003,10671.60348,77.6996500000005,390326.4060955575,0.0,253533.93472004728,643860.3408156048,390494.828069131,0.0,254308.52987792,644803.3579470511
452,10709.30313,0.0,0.0,37.6996500000005,10671.60348,40.0,390326.4060955575,0.0,253533.93472004728,643860.3408156048,390494.828069131,0.0,254308.52987792,644803.3579470511
453,10708.50236,0.0,14.8271183455392,0.0,10723.32947834554,53.0478641440745,390326.4060955575,0.0,253533.93472004728,643860.3408156048,390494.828069131,0.0,254308.52987792,644803.3579470511
454,10707.7016,0.0,17.5698980193898,0.0,10725.27149801939,68.5093744011375,390326.4060955575,0.0,253533.93472004728,643860.3408156048,390494.828069131,0.0,254308.52987792,644803.3579470511
455,10706.90083,0.0,18.3706680193896,0.0,10725.27149801939,84.6755622582004,390326.4060955575,0.0,253533.93472004728,643860.3408156048,390494.828069131,0.0,254308.52987792,644803.3579470511
456,10706.10006,0.0,19.1714380193894,0.0,10725.27149801939,101.546427715263,390326.4060955575,0.0,253533.93472004728,643860.3408156048,390494.828069131,0.0,254308.52987792,644803.3579470511
457,10705.29929,0.0,19.9722080193893,0.0,10725.27149801939,119.121970772326,390326.4060955575,0.0,253533.93472004728,643860.3408156048,390494.828069131,0.0,254308.52987792,644803.3579470511
458,10704.49852,0.0,20.7729780193909,0.0,10725.27149801939,137.40219142939,390326.4060955575,0.0,253533.93472004728,643860.3408156048,390494.828069131,0.0,254308.52987792,644803.3579470511
459,10703.69776,0.0,21.573738019391,0.0,10725.27149801939,156.387080886454,390326.4060955575,0.0,253533.93472004728,643860.3408156048,390494.828069131,0.0,254308.52987792,644803.3579470511
460,10702.89699,0.0,22.3745080193908,0.0,10725.27149801939,176.076647943518,390326.4060955575,0.0,253533.93472004728,643860.3408156048,390494.828069131,0.0,254308.52987792,644803.3579470511
461,10702.09622,0.000157,23.1754350193911,0.0,10725.27149801939,196.471030760582,390326.4060955575,0.0,253533.93472004728,643860.3408156048,390494.828069131,0.0,254308.52987792,644803.3579470511
462,10701.29545,0.002036,23.9780840193903,0.0,10725.27149801939,217.571744697645,390326.4060955575,0.0,253533.93472004728,643860.3408156048,390494.828069131,0.0,254308.52987792,644803.3579470511
463,10700.49468,0.011122,24.7879400193599,0.0,10725.27149801936,239.385131914682,390326.4060955575,0.0,253533.93472004728,643860.3408156048,390494.828069131,0.0,254308.52987792,644803.3579470511
464,10699.69391,0.021555,25.5991430193899,0.0,10725.27149801939,261.912377771745,390326.4060955575,0.0,253533.93472004728,643860.3408156048,390494.828069131,0.0,254308.52987792,644803.3579470511
465,10698.89315,0.028869,26.4072170193904,0.0,10725.27149801939,285.150728748809,390326.4060955575,0.0,253533.93472004728,643860.3408156048,390494.828069131,0.0,254308.52987792,644803.3579470511
466,10698.09238,0.034286000000000004,27.2134040193905,0.0,10725.27149801939,309.098524285872,390326.4060955575,0.0,253533.93472004728,643860.3408156048,390494.828069131,0.0,254308.52987792,644803.3579470511
467,10696.9859,0.034872,28.320470019391,0.0,10725.27149801939,334.020537902936,390326.4060955575,0.0,253533.93472004728,643860.3408156048,390494.828069131,0.0,254308.52987792,644803.3579470511
468,10695.78475,0.035368000000000004,29.5221160193905,0.0,10725.27149801939,360.0,390326.4060955575,0.0,253533.93472004728,643860.3408156048,390494.828069131,0.0,254308.52987792,644803.3579470511
469,10694.5836,0.032031,0.0,192.844149999992,10501.707419000008,167.155850000001,390326.4060955575,0.0,253533.93472004728,643860.3408156048,390494.828069131,0.0,254308.52987792,644803.3579470511
470,10693.38245,0.028766,0.0,21.7502039999999,10671.60348,145.405646000001,390326.4060955575,0.0,253533.93472004728,643860.3408156048,390494.828069131,0.0,254308.52987792,644803.3579470511
471,10692.1813,0.025321000000000003,0.0,20.5524990000013,10671.60348,124.853147,390326.4060955575,0.0,253533.93472004728,643860.3408156048,390494.828069131,0.0,254308.52987792,644803.3579470511
472,10690.98014,0.012994,0.0,19.3636659999993,10671.60348,105.489481000001,390326.4060955575,0.0,253533.93472004728,643860.3408156048,390494.828069131,0.0,254308.52987792,644803.3579470511
473,10689.77899,0.004934999999999999,0.0,18.1705750000001,10671.60348,87.3189060000004,390326.4060955575,0.0,253533.93472004728,643860.3408156048,390494.828069131,0.0,254308.52987792,644803.3579470511
474,10688.57784,0.000714,0.0,16.9736460000004,10671.60348,70.3452600000001,390326.4060955575,0.0,253533.93472004728,643860.3408156048,390494.828069131,0.0,254308.52987792,644803.3579470511
475,10687.37669,0.0,0.0,15.7732099999994,10671.60348,54.5720500000007,390326.4060955575,0.0,253533.93472004728,643860.3408156048,390494.828069131,0.0,254308.52987792,644803.3579470511
476,10686.17553,0.0,0.0,14.5720500000007,10671.60348,40.0,390326.4060955575,0.0,253533.93472004728,643860.3408156048,390494.828069131,0.0,254308.52987792,644803.3579470511
477,10684.97438,0.0,0.0,0.0,10684.97438,40.0,390326.4060955575,0.0,253533.93472004728,643860.3408156048,390494.828069131,0.0,254308.52987792,644803.3579470511
478,10683.77323,0.0,0.0,0.0,10683.77323,40.0,390326.4060955575,0.0,253533.93472004728,643860.3408156048,390494.828069131,0.0,254308.52987792,644803.3579470511
479,10682.57208,0.0,0.0,0.0,10682.57208,40.0,390326.4060955575,0.0,253533.93472004728,643860.3408156048,390494.828069131,0.0,254308.52987792,644803.3579470511
480,10681.37093,0.0,0.0,0.0,10681.37093,40.0,390326.4060955575,0.0,253533.93472004728,643860.3408156048,390494.828069131,0.0,254308.52987792,644803.3579470511
481,10680.16977,0.0,0.0,0.0,10680.16977,40.0,390326.4060955575,0.0,253533.93472004728,643860.3408156048,390494.828069131,0.0,254308.52987792,644803.3579470511
482,10678.96862,0.0,0.0,0.0,10678.96862,40.0,390326.4060955575,0.0,253533.93472004728,643860.3408156048,390494.828069131,0.0,254308.52987792,644803.3579470511
483,10677.76747,0.0,0.0,0.0,10677.76747,40.0,390326.4060955575,0.0,253533.93472004728,643860.3408156048,390494.828069131,0.0,254308.52987792,644803.3579470511
484,10676.56632,0.0,0.0,0.0,10676.56632,40.0,390326.4060955575,0.0,253533.93472004728,643860.3408156048,390494.828069131,0.0,254308.52987792,644803.3579470511
485,10675.36516,0.000301,0.0,0.0,10675.364859,40.0,390326.4060955575,0.0,253533.93472004728,643860.3408156048,390494.828069131,0.0,254308.52987792,644803.3579470511
486,10674.16401,0.0027069999999999998,31.6061175200213,0.0,10705.767420520022,67.8133834176188,390326.4060955575,0.0,253533.93472004728,643860.3408156048,390494.828069131,0.0,254308.52987792,644803.3579470511
487,10672.96286,0.010979,52.3196170193914,0.0,10725.27149801939,113.854646394683,390326.4060955575,0.0,253533.93472004728,643860.3408156048,390494.828069131,0.0,254308.52987792,644803.3579470511
488,10671.76171,0.020995,53.5307830193906,0.0,10725.27149801939,160.961735451747,390326.4060955575,0.0,253533.93472004728,643860.3408156048,390494.828069131,0.0,254308.52987792,644803.3579470511
489,10670.56055,0.02459,54.7355380193912,0.0,10725.27149801939,209.129008908811,390326.4060955575,0.0,253533.93472004728,643860.3408156048,390494.828069131,0.0,254308.52987792,644803.3579470511
490,10669.3594,0.031913000000000004,55.9440110193918,0.0,10725.27149801939,258.359738605876,390326.4060955575,0.0,253533.93472004728,643860.3408156048,390494.828069131,0.0,254308.52987792,644803.3579470511
491,10668.15825,0.036643,57.1498910193895,0.0,10725.27149801939,308.651642702939,390326.4060955575,0.0,253533.93472004728,643860.3408156048,390494.828069131,0.0,254308.52987792,644803.3579470511
492,10666.9571,0.036008000000000005,58.35040601939,0.0,10725.27149801939,360.0,390326.4060955575,0.0,253533.93472004728,643860.3408156048,390494.828069131,0.0,254308.52987792,644803.3579470511
493,10665.75595,0.033073,0.0,320.0,10345.722877,40.0,390326.4060955575,0.0,253533.93472004728,643860.3408156048,390494.828069131,0.0,254308.52987792,644803.3579470511
494,10664.55479,0.029826000000000002,0.0,0.0,10664.524964,40.0,390326.4060955575,0.0,253533.93472004728,643860.3408156048,390494.828069131,0.0,254308.52987792,644803.3579470511
495,10663.35364,0.021120999999999997,0.0,0.0,10663.332519,40.0,390326.4060955575,0.0,253533.93472004728,643860.3408156048,390494.828069131,0.0,254308.52987792,644803.3579470511
496,10662.15249,0.014044000000000001,0.0,0.0,10662.138446,40.0,390326.4060955575,0.0,253533.93472004728,643860.3408156048,390494.828069131,0.0,254308.52987792,644803.3579470511
497,10660.95134,0.004914,0.0,0.0,10660.946426,40.0,390326.4060955575,0.0,253533.93472004728,643860.3408156048,390494.828069131,0.0,254308.52987792,644803.3579470511
498,10659.75018,0.000651,0.0,0.0,10659.749528999999,40.0,390326.4060955575,0.0,253533.93472004728,643860.3408156048,390494.828069131,0.0,254308.52987792,644803.3579470511
499,10658.54903,0.0,0.0,0.0,10658.54903,40.0,390326.4060955575,0.0,253533.93472004728,643860.3408156048,390494.828069131,0.0,254308.52987792,644803.3579470511
500,10657.34788,0.0,0.0,0.0,10657.34788,40.0,390326.4060955575,0.0,253533.93472004728,643860.3408156048,390494.828069131,0.0,254308.52987792,644803.3579470511
501,10656.14673,0.0,0.0,0.0,10656.14673,40.0,390326.4060955575,0.0,253533.93472004728,643860.3408156048,390494.828069131,0.0,254308.52987792,644803.3579470511
502,10654.94558,0.0,0.0,0.0,10654.94558,40.0,390326.4060955575,0.0,253533.93472004728,643860.3408156048,390494.828069131,0.0,254308.52987792,644803.3579470511
503,10653.18624,0.0,0.0,0.0,10653.18624,40.0,390326.4060955575,0.0,253533.93472004728,643860.3408156048,390494.828069131,0.0,254308.52987792,644803.3579470511
504,10651.18432,0.0,0.0,0.0,10651.18432,40.0,390326.4060955575,0.0,253533.93472004728,643860.3408156048,390494.828069131,0.0,254308.52987792,644803.3579470511
505,10649.1824,0.0,0.0,0.0,10649.1824,40.0,390326.4060955575,0.0,253533.93472004728,643860.3408156048,390494.828069131,0.0,254308.52987792,644803.3579470511
506,10647.18048,0.0,0.0,0.0,10647.18048,40.0,390326.4060955575,0.0,253533.93472004728,643860.3408156048,390494.828069131,0.0,254308.52987792,644803.3579470511
507,10645.17856,0.0,0.0,0.0,10645.17856,40.0,390326.4060955575,0.0,253533.93472004728,643860.3408156048,390494.828069131,0.0,254308.52987792,644803.3579470511
508,10642.95855,0.0,0.0,0.0,10642.95855,40.0,390326.4060955575,0.0,253533.93472004728,643860.3408156048,390494.828069131,0.0,254308.52987792,644803.3579470511
509,10640.55624,0.000174,0.0,0.0,10640.556066,40.0,390326.4060955575,0.0,253533.93472004728,643860.3408156048,390494.828069131,0.0,254308.52987792,644803.3579470511
510,10638.15394,0.0027890000000000002,0.0,0.0,10638.151151,40.0,390326.4060955575,0.0,253533.93472004728,643860.3408156048,390494.828069131,0.0,254308.52987792,644803.3579470511
511,10635.75163,0.009103,0.0,0.0,10635.742527,40.0,390326.4060955575,0.0,253533.93472004728,643860.3408156048,390494.828069131,0.0,254308.52987792,644803.3579470511
512,10633.34933,0.019731000000000002,0.0,0.0,10633.329598999999,40.0,390326.4060955575,0.0,253533.93472004728,643860.3408156048,390494.828069131,0.0,254308.52987792,644803.3579470511
513,10631.02557,0.027271,67.5828485781949,0.0,10698.581147578194,99.4729067488115,390326.4060955575,0.0,253533.93472004728,643860.3408156048,390494.828069131,0.0,254308.52987792,644803.3579470511
514,10628.82346,0.032532,96.4805700193901,0.0,10725.27149801939,184.375808365875,390326.4060955575,0.0,253533.93472004728,643860.3408156048,390494.828069131,0.0,254308.52987792,644803.3579470511
515,10626.62135,0.035018,98.6851660193915,0.0,10725.27149801939,271.218754462939,390326.4060955575,0.0,253533.93472004728,643860.3408156048,390494.828069131,0.0,254308.52987792,644803.3579470511
516,10624.41923,0.035511,100.887779019391,0.0,10725.27149801939,360.0,390326.4060955575,0.0,253533.93472004728,643860.3408156048,390494.828069131,0.0,254308.52987792,644803.3579470511
517,10622.21712,0.033787,0.0,320.0,10302.183332999999,40.0,390326.4060955575,0.0,253533.93472004728,643860.3408156048,390494.828069131,0.0,254308.52987792,644803.3579470511
518,10619.96696,0.021225,0.0,0.0,10619.945735,40.0,390326.4060955575,0.0,253533.93472004728,643860.3408156048,390494.828069131,0.0,254308.52987792,644803.3579470511
519,10617.56466,0.014133,0.0,0.0,10617.550527,40.0,390326.4060955575,0.0,253533.93472004728,643860.3408156048,390494.828069131,0.0,254308.52987792,644803.3579470511
520,10615.16235,0.004813,0.0,0.0,10615.157537000001,40.0,390326.4060955575,0.0,253533.93472004728,643860.3408156048,390494.828069131,0.0,254308.52987792,644803.3579470511
521,10612.76005,0.003101,0.0,0.0,10612.756949,40.0,390326.4060955575,0.0,253533.93472004728,643860.3408156048,390494.828069131,0.0,254308.52987792,644803.3579470511
522,10610.35774,0.00026900000000000003,0.0,0.0,10610.357471,40.0,390326.4060955575,0.0,253533.93472004728,643860.3408156048,390494.828069131,0.0,254308.52987792,644803.3579470511
523,10607.95544,0.0,0.0,0.0,10607.95544,40.0,390326.4060955575,0.0,253533.93472004728,643860.3408156048,390494.828069131,0.0,254308.52987792,644803.3579470511
524,10605.55313,0.0,0.0,0.0,10605.55313,40.0,390326.4060955575,0.0,253533.93472004728,643860.3408156048,390494.828069131,0.0,254308.52987792,644803.3579470511
525,10603.15083,0.0,0.0,0.0,10603.15083,40.0,390326.4060955575,0.0,253533.93472004728,643860.3408156048,390494.828069131,0.0,254308.52987792,644803.3579470511
526,10600.74853,0.0,0.0,0.0,10600.74853,40.0,390326.4060955575,0.0,253533.93472004728,643860.3408156048,390494.828069131,0.0,254308.52987792,644803.3579470511
527,10598.34622,0.0,0.0,0.0,10598.34622,40.0,390326.4060955575,0.0,253533.93472004728,643860.3408156048,390494.828069131,0.0,254308.52987792,644803.3579470511
528,10595.94392,0.0,0.0,0.0,10595.94392,40.0,390326.4060955575,0.0,253533.93472004728,643860.3408156048,390494.828069131,0.0,254308.52987792,644803.3579470511
529,10594.10333,0.0,0.0,0.0,10594.10333,40.0,390326.4060955575,0.0,253533.93472004728,643860.3408156048,390494.828069131,0.0,254308.52987792,644803.3579470511
530,10592.3016,0.0,0.0,0.0,10592.3016,40.0,390326.4060955575,0.0,253533.93472004728,643860.3408156048,390494.828069131,0.0,254308.52987792,644803.3579470511
531,10590.49987,0.0,0.0,0.0,10590.49987,40.0,390326.4060955575,0.0,253533.93472004728,643860.3408156048,390494.828069131,0.0,254308.52987792,644803.3579470511
532,10588.69814,0.0,0.0,0.0,10588.69814,40.0,390326.4060955575,0.0,253533.93472004728,643860.3408156048,390494.828069131,0.0,254308.52987792,644803.3579470511
533,10586.89641,0.00045000000000000004,0.0,0.0,10586.89596,40.0,390326.4060955575,0.0,253533.93472004728,643860.3408156048,390494.828069131,0.0,254308.52987792,644803.3579470511
534,10585.25142,0.002022,0.0,0.0,10585.249398,40.0,390326.4060955575,0.0,253533.93472004728,643860.3408156048,390494.828069131,0.0,254308.52987792,644803.3579470511
535,10583.64989,0.007038,0.0,0.0,10583.642852,40.0,390326.4060955575,0.0,253533.93472004728,643860.3408156048,390494.828069131,0.0,254308.52987792,644803.3579470511
536,10582.04835,0.0058070000000000005,0.0,0.0,10582.042543,40.0,390326.4060955575,0.0,253533.93472004728,643860.3408156048,390494.828069131,0.0,254308.52987792,644803.3579470511
537,10580.44681,0.020925000000000003,0.0,0.0,10580.425884999999,40.0,390326.4060955575,0.0,253533.93472004728,643860.3408156048,390494.828069131,0.0,254308.52987792,644803.3579470511
538,10578.84528,0.015295,66.3765575975834,0.0,10645.206542597583,98.4113706858734,390326.4060955575,0.0,253533.93472004728,643860.3408156048,390494.828069131,0.0,254308.52987792,644803.3579470511
539,10577.36998,0.030780000000000002,147.93229801939,0.0,10725.27149801939,228.591792942937,390326.4060955575,0.0,253533.93472004728,643860.3408156048,390494.828069131,0.0,254308.52987792,644803.3579470511
540,10575.96864,0.02465,149.327508019391,0.0,10725.27149801939,360.0,390326.4060955575,0.0,253533.93472004728,643860.3408156048,390494.828069131,0.0,254308.52987792,644803.3579470511
541,10574.56729,0.021221,0.0,320.0,10254.546069,40.0,390326.4060955575,0.0,253533.93472004728,643860.3408156048,390494.828069131,0.0,254308.52987792,644803.3579470511
542,10573.16595,0.030296,0.0,0.0,10573.135654,40.0,390326.4060955575,0.0,253533.93472004728,643860.3408156048,390494.828069131,0.0,254308.52987792,644803.3579470511
543,10571.7646,0.019781,0.0,0.0,10571.744819,40.0,390326.4060955575,0.0,253533.93472004728,643860.3408156048,390494.828069131,0.0,254308.52987792,644803.3579470511
544,10570.17178,0.016299,0.0,0.0,10570.155481,40.0,390326.4060955575,0.0,253533.93472004728,643860.3408156048,390494.828069131,0.0,254308.52987792,644803.3579470511
545,10568.37005,0.004618000000000001,0.0,0.0,10568.365431999999,40.0,390326.4060955575,0.0,253533.93472004728,643860.3408156048,390494.828069131,0.0,254308.52987792,644803.3579470511
546,10566.56832,0.000826,0.0,0.0,10566.567494,40.0,390326.4060955575,0.0,253533.93472004728,643860.3408156048,390494.828069131,0.0,254308.52987792,644803.3579470511
547,10564.7666,0.0,0.0,0.0,10564.7666,40.0,390326.4060955575,0.0,253533.93472004728,643860.3408156048,390494.828069131,0.0,254308.52987792,644803.3579470511
548,10562.96487,0.0,0.0,0.0,10562.96487,40.0,390326.4060955575,0.0,253533.93472004728,643860.3408156048,390494.828069131,0.0,254308.52987792,644803.3579470511
549,10561.22838,0.0,0.0,0.0,10561.22838,40.0,390326.4060955575,0.0,253533.93472004728,643860.3408156048,390494.828069131,0.0,254308.52987792,644803.3579470511
550,10559.62684,0.0,0.0,0.0,10559.62684,40.0,390326.4060955575,0.0,253533.93472004728,643860.3408156048,390494.828069131,0.0,254308.52987792,644803.3579470511
551,10558.02531,0.0,0.0,0.0,10558.02531,40.0,390326.4060955575,0.0,253533.93472004728,643860.3408156048,390494.828069131,0.0,254308.52987792,644803.3579470511
552,10556.42377,0.0,0.0,0.0,10556.42377,40.0,390326.4060955575,0.0,253533.93472004728,643860.3408156048,390494.828069131,0.0,254308.52987792,644803.3579470511
553,10554.82223,0.0,0.0,0.0,10554.82223,40.0,390326.4060955575,0.0,253533.93472004728,643860.3408156048,390494.828069131,0.0,254308.52987792,644803.3579470511
554,10553.25544,0.0,0.0,0.0,10553.25544,40.0,390326.4060955575,0.0,253533.93472004728,643860.3408156048,390494.828069131,0.0,254308.52987792,644803.3579470511
555,10551.85409,0.0,0.0,0.0,10551.85409,40.0,390326.4060955575,0.0,253533.93472004728,643860.3408156048,390494.828069131,0.0,254308.52987792,644803.3579470511
556,10550.45275,0.0,0.0,0.0,10550.45275,40.0,390326.4060955575,0.0,253533.93472004728,643860.3408156048,390494.828069131,0.0,254308.52987792,644803.3579470511
557,10549.0514,0.000359,0.0,0.0,10549.051041,40.0,390326.4060955575,0.0,253533.93472004728,643860.3408156048,390494.828069131,0.0,254308.52987792,644803.3579470511
558,10547.65006,0.0032500000000000003,0.0,0.0,10547.64681,40.0,390326.4060955575,0.0,253533.93472004728,643860.3408156048,390494.828069131,0.0,254308.52987792,644803.3579470511
559,10546.24871,0.011787,0.0,0.0,10546.236923,40.0,390326.4060955575,0.0,253533.93472004728,643860.3408156048,390494.828069131,0.0,254308.52987792,644803.3579470511
560,10544.84737,0.020491,0.0,0.0,10544.826879,40.0,390326.4060955575,0.0,253533.93472004728,643860.3408156048,390494.828069131,0.0,254308.52987792,644803.3579470511
561,10543.44603,0.027803,0.0,0.0,10543.418226999998,40.0,390326.4060955575,0.0,253533.93472004728,643860.3408156048,390494.828069131,0.0,254308.52987792,644803.3579470511
562,10542.04468,0.032588,0.0,0.0,10542.012092,40.0,390326.4060955575,0.0,253533.93472004728,643860.3408156048,390494.828069131,0.0,254308.52987792,644803.3579470511
563,10540.64334,0.037239,0.0,0.0,10540.606101000001,40.0,390326.4060955575,0.0,253533.93472004728,643860.3408156048,390494.828069131,0.0,254308.52987792,644803.3579470511
564,10539.24199,0.030106,0.0,0.0,10539.211884,40.0,390326.4060955575,0.0,253533.93472004728,643860.3408156048,390494.828069131,0.0,254308.52987792,644803.3579470511
565,10536.79706,0.033299999999999996,0.0,0.0,10536.763760000002,40.0,390326.4060955575,0.0,253533.93472004728,643860.3408156048,390494.828069131,0.0,254308.52987792,644803.3579470511
566,10534.19456,0.03029,0.0,0.0,10534.16427,40.0,390326.4060955575,0.0,253533.93472004728,643860.3408156048,390494.828069131,0.0,254308.52987792,644803.3579470511
567,10531.59207,0.019417000000000004,0.0,0.0,10531.572653000001,40.0,390326.4060955575,0.0,253533.93472004728,643860.3408156048,390494.828069131,0.0,254308.52987792,644803.3579470511
568,10528.98957,0.011550000000000001,0.0,0.0,10528.97802,40.0,390326.4060955575,0.0,253533.93472004728,643860.3408156048,390494.828069131,0.0,254308.52987792,644803.3579470511
569,10526.38707,0.004633,0.0,0.0,10526.382437,40.0,390326.4060955575,0.0,253533.93472004728,643860.3408156048,390494.828069131,0.0,254308.52987792,644803.3579470511
570,10523.64114,0.000471,0.0,0.0,10523.640669,40.0,390326.4060955575,0.0,253533.93472004728,643860.3408156048,390494.828069131,0.0,254308.52987792,644803.3579470511
571,10520.83846,0.0,0.0,0.0,10520.83846,40.0,390326.4060955575,0.0,253533.93472004728,643860.3408156048,390494.828069131,0.0,254308.52987792,644803.3579470511
572,10518.03577,0.0,0.0,0.0,10518.03577,40.0,390326.4060955575,0.0,253533.93472004728,643860.3408156048,390494.828069131,0.0,254308.52987792,644803.3579470511
573,10515.23308,0.0,0.0,0.0,10515.23308,40.0,390326.4060955575,0.0,253533.93472004728,643860.3408156048,390494.828069131,0.0,254308.52987792,644803.3579470511
574,10512.43039,0.0,0.0,0.0,10512.43039,40.0,390326.4060955575,0.0,253533.93472004728,643860.3408156048,390494.828069131,0.0,254308.52987792,644803.3579470511
575,10509.9665,0.0,0.0,0.0,10509.9665,40.0,390326.4060955575,0.0,253533.93472004728,643860.3408156048,390494.828069131,0.0,254308.52987792,644803.3579470511
576,10507.76438,0.0,0.0,0.0,10507.76438,40.0,390326.4060955575,0.0,253533.93472004728,643860.3408156048,390494.828069131,0.0,254308.52987792,644803.3579470511
577,10505.56227,0.0,0.0,0.0,10505.56227,40.0,390326.4060955575,0.0,253533.93472004728,643860.3408156048,390494.828069131,0.0,254308.52987792,644803.3579470511
578,10503.36016,0.0,0.0,0.0,10503.36016,40.0,390326.4060955575,0.0,253533.93472004728,643860.3408156048,390494.828069131,0.0,254308.52987792,644803.3579470511
579,10501.15805,0.0,0.0,0.0,10501.15805,40.0,390326.4060955575,0.0,253533.93472004728,643860.3408156048,390494.828069131,0.0,254308.52987792,644803.3579470511
580,10498.95593,0.0,0.0,0.0,10498.95593,40.0,390326.4060955575,0.0,253533.93472004728,643860.3408156048,390494.828069131,0.0,254308.52987792,644803.3579470511
581,10496.75382,9.400000000000001e-05,0.0,0.0,10496.753725999999,40.0,390326.4060955575,0.0,253533.93472004728,643860.3408156048,390494.828069131,0.0,254308.52987792,644803.3579470511
582,10494.55171,0.002718,0.0,0.0,10494.548992,40.0,390326.4060955575,0.0,253533.93472004728,643860.3408156048,390494.828069131,0.0,254308.52987792,644803.3579470511
583,10492.3496,0.010448,0.0,0.0,10492.339151999999,40.0,390326.4060955575,0.0,253533.93472004728,643860.3408156048,390494.828069131,0.0,254308.52987792,644803.3579470511
584,10490.14748,0.021544,0.0,0.0,10490.125936,40.0,390326.4060955575,0.0,253533.93472004728,643860.3408156048,390494.828069131,0.0,254308.52987792,644803.3579470511
585,10487.9973,0.026552,0.0,0.0,10487.970748000002,40.0,390326.4060955575,0.0,253533.93472004728,643860.3408156048,390494.828069131,0.0,254308.52987792,644803.3579470511
586,10485.99538,0.031932,0.0,0.0,10485.963448,40.0,390326.4060955575,0.0,253533.93472004728,643860.3408156048,390494.828069131,0.0,254308.52987792,644803.3579470511
587,10483.99346,0.03757,0.0,0.0,10483.95589,40.0,390326.4060955575,0.0,253533.93472004728,643860.3408156048,390494.828069131,0.0,254308.52987792,644803.3579470511
588,10481.99154,0.031987,0.0,0.0,10481.959553,40.0,390326.4060955575,0.0,253533.93472004728,643860.3408156048,390494.828069131,0.0,254308.52987792,644803.3579470511
589,10479.98962,0.035658999999999996,0.0,0.0,10479.953961000001,40.0,390326.4060955575,0.0,253533.93472004728,643860.3408156048,390494.828069131,0.0,254308.52987792,644803.3579470511
590,10478.052,0.019263000000000002,0.0,0.0,10478.032737,40.0,390326.4060955575,0.0,253533.93472004728,643860.3408156048,390494.828069131,0.0,254308.52987792,644803.3579470511
591,10476.65065,0.021242999999999998,0.0,0.0,10476.629407,40.0,390326.4060955575,0.0,253533.93472004728,643860.3408156048,390494.828069131,0.0,254308.52987792,644803.3579470511
592,10475.24931,0.012750000000000001,0.0,0.0,10475.23656,40.0,390326.4060955575,0.0,253533.93472004728,643860.3408156048,390494.828069131,0.0,254308.52987792,644803.3579470511
593,10473.84797,0.004886000000000001,0.0,0.0,10473.843084,40.0,390326.4060955575,0.0,253533.93472004728,643860.3408156048,390494.828069131,0.0,254308.52987792,644803.3579470511
594,10472.44662,0.00016600000000000002,0.0,0.0,10472.446454,40.0,390326.4060955575,0.0,253533.93472004728,643860.3408156048,390494.828069131,0.0,254308.52987792,644803.3579470511
595,10471.04528,0.0,0.0,0.0,10471.04528,40.0,390326.4060955575,0.0,253533.93472004728,643860.3408156048,390494.828069131,0.0,254308.52987792,644803.3579470511
596,10469.64393,0.0,0.0,0.0,10469.64393,40.0,390326.4060955575,0.0,253533.93472004728,643860.3408156048,390494.828069131,0.0,254308.52987792,644803.3579470511
597,10468.24259,0.0,0.0,0.0,10468.24259,40.0,390326.4060955575,0.0,253533.93472004728,643860.3408156048,390494.828069131,0.0,254308.52987792,644803.3579470511
598,10466.84124,0.0,0.0,0.0,10466.84124,40.0,390326.4060955575,0.0,253533.93472004728,643860.3408156048,390494.828069131,0.0,254308.52987792,644803.3579470511
599,10465.4399,0.0,0.0,0.0,10465.4399,40.0,390326.4060955575,0.0,253533.93472004728,643860.3408156048,390494.828069131,0.0,254308.52987792,644803.3579470511
600,10464.03856,0.0,0.0,0.0,10464.03856,40.0,390326.4060955575,0.0,253533.93472004728,643860.3408156048,390494.828069131,0.0,254308.52987792,644803.3579470511
601,10462.63721,0.0,0.0,0.0,10462.63721,40.0,390326.4060955575,0.0,253533.93472004728,643860.3408156048,390494.828069131,0.0,254308.52987792,644803.3579470511
602,10461.23587,0.0,0.0,0.0,10461.23587,40.0,390326.4060955575,0.0,253533.93472004728,643860.3408156048,390494.828069131,0.0,254308.52987792,644803.3579470511
603,10459.83452,0.0,0.0,0.0,10459.83452,40.0,390326.4060955575,0.0,253533.93472004728,643860.3408156048,390494.828069131,0.0,254308.52987792,644803.3579470511
604,10458.43318,0.0,0.0,0.0,10458.43318,40.0,390326.4060955575,0.0,253533.93472004728,643860.3408156048,390494.828069131,0.0,254308.52987792,644803.3579470511
605,10457.03183,2.6e-05,0.0,0.0,10457.031804,40.0,390326.4060955575,0.0,253533.93472004728,643860.3408156048,390494.828069131,0.0,254308.52987792,644803.3579470511
606,10455.63049,0.00282,0.0,0.0,10455.62767,40.0,390326.4060955575,0.0,253533.93472004728,643860.3408156048,390494.828069131,0.0,254308.52987792,644803.3579470511
607,10454.22915,0.009534,0.0,0.0,10454.219615999998,40.0,390326.4060955575,0.0,253533.93472004728,643860.3408156048,390494.828069131,0.0,254308.52987792,644803.3579470511
608,10452.8278,0.014984,0.0,0.0,10452.812816,40.0,390326.4060955575,0.0,253533.93472004728,643860.3408156048,390494.828069131,0.0,254308.52987792,644803.3579470511
609,10451.42646,0.031025,0.0,0.0,10451.395435,40.0,390326.4060955575,0.0,253533.93472004728,643860.3408156048,390494.828069131,0.0,254308.52987792,644803.3579470511
610,10450.02511,0.030598,0.0,0.0,10449.994512000001,40.0,390326.4060955575,0.0,253533.93472004728,643860.3408156048,390494.828069131,0.0,254308.52987792,644803.3579470511
611,10448.72339,0.035898000000000006,85.8535626169731,0.0,10534.541054616971,115.551135102936,390326.4060955575,0.0,253533.93472004728,643860.3408156048,390494.828069131,0.0,254308.52987792,644803.3579470511
612,10447.52224,0.033543,277.78280101939,0.0,10725.27149801939,360.0,390326.4060955575,0.0,253533.93472004728,643860.3408156048,390494.828069131,0.0,254308.52987792,644803.3579470511
613,10446.32109,0.020559,0.0,320.0,10126.300530999999,40.0,390326.4060955575,0.0,253533.93472004728,643860.3408156048,390494.828069131,0.0,254308.52987792,644803.3579470511
614,10445.11994,0.022216000000000003,0.0,0.0,10445.097724000001,40.0,390326.4060955575,0.0,253533.93472004728,643860.3408156048,390494.828069131,0.0,254308.52987792,644803.3579470511
615,10443.91878,0.012757,0.0,0.0,10443.906023,40.0,390326.4060955575,0.0,253533.93472004728,643860.3408156048,390494.828069131,0.0,254308.52987792,644803.3579470511
616,10442.71763,0.006397000000000001,0.0,0.0,10442.711233,40.0,390326.4060955575,0.0,253533.93472004728,643860.3408156048,390494.828069131,0.0,254308.52987792,644803.3579470511
617,10441.51648,0.0028239999999999997,0.0,0.0,10441.513656000001,40.0,390326.4060955575,0.0,253533.93472004728,643860.3408156048,390494.828069131,0.0,254308.52987792,644803.3579470511
618,10440.31533,0.000745,0.0,0.0,10440.314585,40.0,390326.4060955575,0.0,253533.93472004728,643860.3408156048,390494.828069131,0.0,254308.52987792,644803.3579470511
619,10439.11418,0.0,0.0,0.0,10439.11418,40.0,390326.4060955575,0.0,253533.93472004728,643860.3408156048,390494.828069131,0.0,254308.52987792,644803.3579470511
620,10437.91302,0.0,0.0,0.0,10437.91302,40.0,390326.4060955575,0.0,253533.93472004728,643860.3408156048,390494.828069131,0.0,254308.52987792,644803.3579470511
621,10436.71187,0.0,0.0,0.0,10436.71187,40.0,390326.4060955575,0.0,253533.93472004728,643860.3408156048,390494.828069131,0.0,254308.52987792,644803.3579470511
622,10435.51072,0.0,0.0,0.0,10435.51072,40.0,390326.4060955575,0.0,253533.93472004728,643860.3408156048,390494.828069131,0.0,254308.52987792,644803.3579470511
623,10434.30957,0.0,0.0,0.0,10434.30957,40.0,390326.4060955575,0.0,253533.93472004728,643860.3408156048,390494.828069131,0.0,254308.52987792,644803.3579470511
624,10433.10841,0.0,0.0,0.0,10433.10841,40.0,390326.4060955575,0.0,253533.93472004728,643860.3408156048,390494.828069131,0.0,254308.52987792,644803.3579470511
625,10431.90726,0.0,0.0,0.0,10431.90726,40.0,390326.4060955575,0.0,253533.93472004728,643860.3408156048,390494.828069131,0.0,254308.52987792,644803.3579470511
626,10430.68173,0.0,0.0,0.0,10430.68173,40.0,390326.4060955575,0.0,253533.93472004728,643860.3408156048,390494.828069131,0.0,254308.52987792,644803.3579470511
627,10428.88,0.0,0.0,0.0,10428.88,40.0,390326.4060955575,0.0,253533.93472004728,643860.3408156048,390494.828069131,0.0,254308.52987792,644803.3579470511
628,10427.07828,0.0,0.0,0.0,10427.07828,40.0,390326.4060955575,0.0,253533.93472004728,643860.3408156048,390494.828069131,0.0,254308.52987792,644803.3579470511
629,10425.27655,0.00034,0.0,0.0,10425.27621,40.0,390326.4060955575,0.0,253533.93472004728,643860.3408156048,390494.828069131,0.0,254308.52987792,644803.3579470511
630,10423.47482,0.002431,0.0,0.0,10423.472388999999,40.0,390326.4060955575,0.0,253533.93472004728,643860.3408156048,390494.828069131,0.0,254308.52987792,644803.3579470511
631,10421.67309,0.012099,0.0,0.0,10421.660991,40.0,390326.4060955575,0.0,253533.93472004728,643860.3408156048,390494.828069131,0.0,254308.52987792,644803.3579470511
632,10419.87136,0.021286000000000003,0.0,0.0,10419.850074,40.0,390326.4060955575,0.0,253533.93472004728,643860.3408156048,390494.828069131,0.0,254308.52987792,644803.3579470511
633,10418.06963,0.031315,0.0,0.0,10418.038315,40.0,390326.4060955575,0.0,253533.93472004728,643860.3408156048,390494.828069131,0.0,254308.52987792,644803.3579470511
634,10416.26791,0.033142000000000005,0.0,0.0,10416.234768,40.0,390326.4060955575,0.0,253533.93472004728,643860.3408156048,390494.828069131,0.0,254308.52987792,644803.3579470511
635,10414.46618,0.038583,50.9932066169726,0.0,10465.420803616973,84.8740218229359,390326.4060955575,0.0,253533.93472004728,643860.3408156048,390494.828069131,0.0,254308.52987792,644803.3579470511
636,10412.66445,0.036109,312.643157019391,0.0,10725.27149801939,360.0,390326.4060955575,0.0,253533.93472004728,643860.3408156048,390494.828069131,0.0,254308.52987792,644803.3579470511
637,10411.15736,0.033031,0.0,320.0,10091.124328999998,40.0,390326.4060955575,0.0,253533.93472004728,643860.3408156048,390494.828069131,0.0,254308.52987792,644803.3579470511
638,10409.75601,0.017446000000000003,0.0,0.0,10409.738564,40.0,390326.4060955575,0.0,253533.93472004728,643860.3408156048,390494.828069131,0.0,254308.52987792,644803.3579470511
639,10408.35467,0.014401,0.0,0.0,10408.340269,40.0,390326.4060955575,0.0,253533.93472004728,643860.3408156048,390494.828069131,0.0,254308.52987792,644803.3579470511
640,10406.95332,0.011988,0.0,0.0,10406.941332,40.0,390326.4060955575,0.0,253533.93472004728,643860.3408156048,390494.828069131,0.0,254308.52987792,644803.3579470511
641,10405.55198,0.003298,0.0,0.0,10405.548682,40.0,390326.4060955575,0.0,253533.93472004728,643860.3408156048,390494.828069131,0.0,254308.52987792,644803.3579470511
642,10404.26745,0.000484,0.0,0.0,10404.266966,40.0,390326.4060955575,0.0,253533.93472004728,643860.3408156048,390494.828069131,0.0,254308.52987792,644803.3579470511
643,10403.0663,0.0,0.0,0.0,10403.0663,40.0,390326.4060955575,0.0,253533.93472004728,643860.3408156048,390494.828069131,0.0,254308.52987792,644803.3579470511
644,10401.86515,0.0,0.0,0.0,10401.86515,40.0,390326.4060955575,0.0,253533.93472004728,643860.3408156048,390494.828069131,0.0,254308.52987792,644803.3579470511
645,10400.664,0.0,0.0,0.0,10400.664,40.0,390326.4060955575,0.0,253533.93472004728,643860.3408156048,390494.828069131,0.0,254308.52987792,644803.3579470511
646,10399.46284,0.0,0.0,0.0,10399.46284,40.0,390326.4060955575,0.0,253533.93472004728,643860.3408156048,390494.828069131,0.0,254308.52987792,644803.3579470511
647,10398.08906,0.0,0.0,0.0,10398.08906,40.0,390326.4060955575,0.0,253533.93472004728,643860.3408156048,390494.828069131,0.0,254308.52987792,644803.3579470511
648,10396.48752,0.0,0.0,0.0,10396.48752,40.0,390326.4060955575,0.0,253533.93472004728,643860.3408156048,390494.828069131,0.0,254308.52987792,644803.3579470511
649,10394.88598,0.0,0.0,0.0,10394.88598,40.0,390326.4060955575,0.0,253533.93472004728,643860.3408156048,390494.828069131,0.0,254308.52987792,644803.3579470511
650,10393.28445,0.0,0.0,0.0,10393.28445,40.0,390326.4060955575,0.0,253533.93472004728,643860.3408156048,390494.828069131,0.0,254308.52987792,644803.3579470511
651,10391.68291,0.0,0.0,0.0,10391.68291,40.0,390326.4060955575,0.0,253533.93472004728,643860.3408156048,390494.828069131,0.0,254308.52987792,644803.3579470511
652,10390.08137,0.0,0.0,0.0,10390.08137,40.0,390326.4060955575,0.0,253533.93472004728,643860.3408156048,390494.828069131,0.0,254308.52987792,644803.3579470511
653,10388.47984,0.00035,0.0,0.0,10388.47949,40.0,390326.4060955575,0.0,253533.93472004728,643860.3408156048,390494.828069131,0.0,254308.52987792,644803.3579470511
654,10386.8783,0.002703,0.0,0.0,10386.875597,40.0,390326.4060955575,0.0,253533.93472004728,643860.3408156048,390494.828069131,0.0,254308.52987792,644803.3579470511
655,10385.27676,0.006201,0.0,0.0,10385.270559,40.0,390326.4060955575,0.0,253533.93472004728,643860.3408156048,390494.828069131,0.0,254308.52987792,644803.3579470511
656,10383.67523,0.012871,0.0,0.0,10383.662359,40.0,390326.4060955575,0.0,253533.93472004728,643860.3408156048,390494.828069131,0.0,254308.52987792,644803.3579470511
657,10382.04837,0.022992000000000002,0.0,0.0,10382.025378,40.0,390326.4060955575,0.0,253533.93472004728,643860.3408156048,390494.828069131,0.0,254308.52987792,644803.3579470511
658,10380.24664,0.025877,0.0,0.0,10380.220763,40.0,390326.4060955575,0.0,253533.93472004728,643860.3408156048,390494.828069131,0.0,254308.52987792,644803.3579470511
659,10378.44492,0.021384,14.984655616974,0.0,10393.408191616974,53.1864969429371,390326.4060955575,0.0,253533.93472004728,643860.3408156048,390494.828069131,0.0,254308.52987792,644803.3579470511
660,10376.64319,0.0234,348.65170801939,0.0,10725.27149801939,360.0,390326.4060955575,0.0,253533.93472004728,643860.3408156048,390494.828069131,0.0,254308.52987792,644803.3579470511
661,10374.84146,0.019029,0.0,320.0,10054.822431,40.0,390326.4060955575,0.0,253533.93472004728,643860.3408156048,390494.828069131,0.0,254308.52987792,644803.3579470511
662,10373.03973,0.02091,0.0,0.0,10373.018820000001,40.0,390326.4060955575,0.0,253533.93472004728,643860.3408156048,390494.828069131,0.0,254308.52987792,644803.3579470511
663,10371.62802,0.020314000000000002,0.0,0.0,10371.607706,40.0,390326.4060955575,0.0,253533.93472004728,643860.3408156048,390494.828069131,0.0,254308.52987792,644803.3579470511
664,10370.22668,0.012253,0.0,0.0,10370.214426999999,40.0,390326.4060955575,0.0,253533.93472004728,643860.3408156048,390494.828069131,0.0,254308.52987792,644803.3579470511
665,10368.82534,0.004234,0.0,0.0,10368.821106,40.0,390326.4060955575,0.0,253533.93472004728,643860.3408156048,390494.828069131,0.0,254308.52987792,644803.3579470511
666,10367.42399,0.0005610000000000001,0.0,0.0,10367.423428999999,40.0,390326.4060955575,0.0,253533.93472004728,643860.3408156048,390494.828069131,0.0,254308.52987792,644803.3579470511
667,10366.02265,0.0,0.0,0.0,10366.02265,40.0,390326.4060955575,0.0,253533.93472004728,643860.3408156048,390494.828069131,0.0,254308.52987792,644803.3579470511
668,10364.6213,0.0,0.0,0.0,10364.6213,40.0,390326.4060955575,0.0,253533.93472004728,643860.3408156048,390494.828069131,0.0,254308.52987792,644803.3579470511
669,10363.21996,0.0,0.0,0.0,10363.21996,40.0,390326.4060955575,0.0,253533.93472004728,643860.3408156048,390494.828069131,0.0,254308.52987792,644803.3579470511
670,10361.81861,0.0,0.0,0.0,10361.81861,40.0,390326.4060955575,0.0,253533.93472004728,643860.3408156048,390494.828069131,0.0,254308.52987792,644803.3579470511
671,10360.41727,0.0,0.0,0.0,10360.41727,40.0,390326.4060955575,0.0,253533.93472004728,643860.3408156048,390494.828069131,0.0,254308.52987792,644803.3579470511
672,10359.01593,0.0,0.0,0.0,10359.01593,40.0,390326.4060955575,0.0,253533.93472004728,643860.3408156048,390494.828069131,0.0,254308.52987792,644803.3579470511
673,10353.72826,0.0,0.0,0.0,10353.72826,40.0,390326.4060955575,0.0,253533.93472004728,643860.3408156048,390494.828069131,0.0,254308.52987792,644803.3579470511
674,10346.52135,0.0,0.0,0.0,10346.52135,40.0,390326.4060955575,0.0,253533.93472004728,643860.3408156048,390494.828069131,0.0,254308.52987792,644803.3579470511
675,10339.31444,0.0,0.0,0.0,10339.31444,40.0,390326.4060955575,0.0,253533.93472004728,643860.3408156048,390494.828069131,0.0,254308.52987792,644803.3579470511
676,10332.10752,0.0,0.0,0.0,10332.10752,40.0,390326.4060955575,0.0,253533.93472004728,643860.3408156048,390494.828069131,0.0,254308.52987792,644803.3579470511
677,10324.90061,0.00019,0.0,0.0,10324.90042,40.0,390326.4060955575,0.0,253533.93472004728,643860.3408156048,390494.828069131,0.0,254308.52987792,644803.3579470511
678,10316.34805,0.00264,0.0,0.0,10316.34541,40.0,390326.4060955575,0.0,253533.93472004728,643860.3408156048,390494.828069131,0.0,254308.52987792,644803.3579470511
679,10306.53864,0.009782,0.0,0.0,10306.528858000001,40.0,390326.4060955575,0.0,253533.93472004728,643860.3408156048,390494.828069131,0.0,254308.52987792,644803.3579470511
680,10296.72923,0.01341,0.0,0.0,10296.715820000001,40.0,390326.4060955575,0.0,253533.93472004728,643860.3408156048,390494.828069131,0.0,254308.52987792,644803.3579470511
681,10286.91982,0.014661,0.0,0.0,10286.905159,40.0,390326.4060955575,0.0,253533.93472004728,643860.3408156048,390494.828069131,0.0,254308.52987792,644803.3579470511
682,10277.11041,0.025758,0.0,0.0,10277.084652,40.0,390326.4060955575,0.0,253533.93472004728,643860.3408156048,390494.828069131,0.0,254308.52987792,644803.3579470511
683,10267.44702,0.030747,0.0,0.0,10267.416272999999,40.0,390326.4060955575,0.0,253533.93472004728,643860.3408156048,390494.828069131,0.0,254308.52987792,644803.3579470511
684,10258.038,0.022237,363.636363636364,0.0,10621.652126636365,360.0,390326.4060955575,0.0,253533.93472004728,643860.3408156048,390494.828069131,0.0,254308.52987792,644803.3579470511
685,10248.62897,0.026416000000000002,0.0,320.0,9928.602554,40.0,390326.4060955575,0.0,253533.93472004728,643860.3408156048,390494.828069131,0.0,254308.52987792,644803.3579470511
686,10239.21995,0.01614,0.0,0.0,10239.20381,40.0,390326.4060955575,0.0,253533.93472004728,643860.3408156048,390494.828069131,0.0,254308.52987792,644803.3579470511
687,10229.81092,0.019875,0.0,0.0,10229.791045,40.0,390326.4060955575,0.0,253533.93472004728,643860.3408156048,390494.828069131,0.0,254308.52987792,644803.3579470511
688,10220.52943,0.0105,0.0,0.0,10220.51893,40.0,390326.4060955575,0.0,253533.93472004728,643860.3408156048,390494.828069131,0.0,254308.52987792,644803.3579470511
689,10211.72098,0.0025550000000000004,0.0,0.0,10211.718425000001,40.0,390326.4060955575,0.0,253533.93472004728,643860.3408156048,390494.828069131,0.0,254308.52987792,644803.3579470511
690,10202.91253,0.000213,0.0,0.0,10202.912317,40.0,390326.4060955575,0.0,253533.93472004728,643860.3408156048,390494.828069131,0.0,254308.52987792,644803.3579470511
691,10194.10408,0.0,0.0,0.0,10194.10408,40.0,390326.4060955575,0.0,253533.93472004728,643860.3408156048,390494.828069131,0.0,254308.52987792,644803.3579470511
692,10185.29563,0.0,0.0,0.0,10185.29563,40.0,390326.4060955575,0.0,253533.93472004728,643860.3408156048,390494.828069131,0.0,254308.52987792,644803.3579470511
693,10176.52321,0.0,0.0,0.0,10176.52321,40.0,390326.4060955575,0.0,253533.93472004728,643860.3408156048,390494.828069131,0.0,254308.52987792,644803.3579470511
694,10168.31534,0.0,0.0,0.0,10168.31534,40.0,390326.4060955575,0.0,253533.93472004728,643860.3408156048,390494.828069131,0.0,254308.52987792,644803.3579470511
695,10160.10747,0.0,0.0,0.0,10160.10747,40.0,390326.4060955575,0.0,253533.93472004728,643860.3408156048,390494.828069131,0.0,254308.52987792,644803.3579470511
696,10151.89959,0.0,0.0,0.0,10151.89959,40.0,390326.4060955575,0.0,253533.93472004728,643860.3408156048,390494.828069131,0.0,254308.52987792,644803.3579470511
697,10143.69172,0.0,0.0,0.0,10143.69172,40.0,390326.4060955575,0.0,253533.93472004728,643860.3408156048,390494.828069131,0.0,254308.52987792,644803.3579470511
698,10135.48384,0.0,0.0,0.0,10135.48384,40.0,390326.4060955575,0.0,253533.93472004728,643860.3408156048,390494.828069131,0.0,254308.52987792,644803.3579470511
699,10133.27219,0.0,0.0,0.0,10133.27219,40.0,390326.4060955575,0.0,253533.93472004728,643860.3408156048,390494.828069131,0.0,254308.52987792,644803.3579470511
700,10131.67066,0.0,0.0,0.0,10131.67066,40.0,390326.4060955575,0.0,253533.93472004728,643860.3408156048,390494.828069131,0.0,254308.52987792,644803.3579470511
701,10130.06912,0.000154,0.0,0.0,10130.068966,40.0,390326.4060955575,0.0,253533.93472004728,643860.3408156048,390494.828069131,0.0,254308.52987792,644803.3579470511
702,10128.46758,0.002609,0.0,0.0,10128.464971000001,40.0,390326.4060955575,0.0,253533.93472004728,643860.3408156048,390494.828069131,0.0,254308.52987792,644803.3579470511
703,10126.86605,0.010761,0.0,0.0,10126.855289000001,40.0,390326.4060955575,0.0,253533.93472004728,643860.3408156048,390494.828069131,0.0,254308.52987792,644803.3579470511
704,10125.26451,0.019963,0.0,0.0,10125.244547,40.0,390326.4060955575,0.0,253533.93472004728,643860.3408156048,390494.828069131,0.0,254308.52987792,644803.3579470511
705,10123.66297,0.022940000000000002,0.0,0.0,10123.640029999999,40.0,390326.4060955575,0.0,253533.93472004728,643860.3408156048,390494.828069131,0.0,254308.52987792,644803.3579470511
706,10122.06144,0.033354999999999996,0.0,0.0,10122.028085,40.0,390326.4060955575,0.0,253533.93472004728,643860.3408156048,390494.828069131,0.0,254308.52987792,644803.3579470511
707,10120.4599,0.037177999999999996,0.0,0.0,10120.422722,40.0,390326.4060955575,0.0,253533.93472004728,643860.3408156048,390494.828069131,0.0,254308.52987792,644803.3579470511
708,10118.85837,0.037221,363.636363636364,0.0,10482.457512636363,360.0,390326.4060955575,0.0,253533.93472004728,643860.3408156048,390494.828069131,0.0,254308.52987792,644803.3579470511
709,10117.13612,0.034336,0.0,320.0,9797.101783999999,40.0,390326.4060955575,0.0,253533.93472004728,643860.3408156048,390494.828069131,0.0,254308.52987792,644803.3579470511
710,10115.3344,0.030791000000000002,0.0,0.0,10115.303609,40.0,390326.4060955575,0.0,253533.93472004728,643860.3408156048,390494.828069131,0.0,254308.52987792,644803.3579470511
711,10113.53267,0.023352,0.0,0.0,10113.509318,40.0,390326.4060955575,0.0,253533.93472004728,643860.3408156048,390494.828069131,0.0,254308.52987792,644803.3579470511
712,10111.73094,0.014221000000000001,0.0,0.0,10111.716719,40.0,390326.4060955575,0.0,253533.93472004728,643860.3408156048,390494.828069131,0.0,254308.52987792,644803.3579470511
713,10109.92921,0.003657,0.0,0.0,10109.925553000001,40.0,390326.4060955575,0.0,253533.93472004728,643860.3408156048,390494.828069131,0.0,254308.52987792,644803.3579470511
714,10107.94707,0.00027800000000000004,0.0,0.0,10107.946792,40.0,390326.4060955575,0.0,253533.93472004728,643860.3408156048,390494.828069131,0.0,254308.52987792,644803.3579470511
715,10105.74496,0.0,0.0,0.0,10105.74496,40.0,390326.4060955575,0.0,253533.93472004728,643860.3408156048,390494.828069131,0.0,254308.52987792,644803.3579470511
716,10103.54285,0.0,0.0,0.0,10103.54285,40.0,390326.4060955575,0.0,253533.93472004728,643860.3408156048,390494.828069131,0.0,254308.52987792,644803.3579470511
717,10101.34074,0.0,0.0,0.0,10101.34074,40.0,390326.4060955575,0.0,253533.93472004728,643860.3408156048,390494.828069131,0.0,254308.52987792,644803.3579470511
718,10099.13862,0.0,0.0,0.0,10099.13862,40.0,390326.4060955575,0.0,253533.93472004728,643860.3408156048,390494.828069131,0.0,254308.52987792,644803.3579470511
719,10097.11563,0.0,0.0,0.0,10097.11563,40.0,390326.4060955575,0.0,253533.93472004728,643860.3408156048,390494.828069131,0.0,254308.52987792,644803.3579470511
720,10095.51409,0.0,0.0,0.0,10095.51409,40.0,390326.4060955575,0.0,253533.93472004728,643860.3408156048,390494.828069131,0.0,254308.52987792,644803.3579470511
721,10093.91255,0.0,0.0,0.0,10093.91255,40.0,390326.4060955575,0.0,253533.93472004728,643860.3408156048,390494.828069131,0.0,254308.52987792,644803.3579470511
722,10092.31102,0.0,0.0,0.0,10092.31102,40.0,390326.4060955575,0.0,253533.93472004728,643860.3408156048,390494.828069131,0.0,254308.52987792,644803.3579470511
723,10090.70948,0.0,0.0,0.0,10090.70948,40.0,390326.4060955575,0.0,253533.93472004728,643860.3408156048,390494.828069131,0.0,254308.52987792,644803.3579470511
724,10089.04953,0.0,0.0,0.0,10089.04953,40.0,390326.4060955575,0.0,253533.93472004728,643860.3408156048,390494.828069131,0.0,254308.52987792,644803.3579470511
725,10087.04761,0.00011300000000000001,0.0,0.0,10087.047497,40.0,390326.4060955575,0.0,253533.93472004728,643860.3408156048,390494.828069131,0.0,254308.52987792,644803.3579470511
726,10085.04569,0.002306,0.0,0.0,10085.043384,40.0,390326.4060955575,0.0,253533.93472004728,643860.3408156048,390494.828069131,0.0,254308.52987792,644803.3579470511
727,10083.04377,0.011737000000000001,0.0,0.0,10083.032033,40.0,390326.4060955575,0.0,253533.93472004728,643860.3408156048,390494.828069131,0.0,254308.52987792,644803.3579470511
728,10081.04185,0.022254000000000003,0.0,0.0,10081.019596,40.0,390326.4060955575,0.0,253533.93472004728,643860.3408156048,390494.828069131,0.0,254308.52987792,644803.3579470511
729,10079.03993,0.029603,0.0,0.0,10079.010327,40.0,390326.4060955575,0.0,253533.93472004728,643860.3408156048,390494.828069131,0.0,254308.52987792,644803.3579470511
730,10076.83912,0.033763,0.0,0.0,10076.805357000001,40.0,390326.4060955575,0.0,253533.93472004728,643860.3408156048,390494.828069131,0.0,254308.52987792,644803.3579470511
731,10074.637,0.03469,0.0,0.0,10074.60231,40.0,390326.4060955575,0.0,253533.93472004728,643860.3408156048,390494.828069131,0.0,254308.52987792,644803.3579470511
732,10072.43489,0.035124,0.0,0.0,10072.399766,40.0,390326.4060955575,0.0,253533.93472004728,643860.3408156048,390494.828069131,0.0,254308.52987792,644803.3579470511
733,10070.23278,0.029634,0.0,0.0,10070.203146,40.0,390326.4060955575,0.0,253533.93472004728,643860.3408156048,390494.828069131,0.0,254308.52987792,644803.3579470511
734,10068.03067,0.024915,0.0,0.0,10068.005755,40.0,390326.4060955575,0.0,253533.93472004728,643860.3408156048,390494.828069131,0.0,254308.52987792,644803.3579470511
735,10056.39833,0.0207,0.0,0.0,10056.37763,40.0,390326.4060955575,0.0,253533.93472004728,643860.3408156048,390494.828069131,0.0,254308.52987792,644803.3579470511
736,10042.98546,0.010844,0.0,0.0,10042.974616,40.0,390326.4060955575,0.0,253533.93472004728,643860.3408156048,390494.828069131,0.0,254308.52987792,644803.3579470511
737,10029.5726,0.004116,0.0,0.0,10029.568484,40.0,390326.4060955575,0.0,253533.93472004728,643860.3408156048,390494.828069131,0.0,254308.52987792,644803.3579470511
738,10016.15973,0.000519,0.0,0.0,10016.159211,40.0,390326.4060955575,0.0,253533.93472004728,643860.3408156048,390494.828069131,0.0,254308.52987792,644803.3579470511
739,10002.74686,0.0,0.0,0.0,10002.74686,40.0,390326.4060955575,0.0,253533.93472004728,643860.3408156048,390494.828069131,0.0,254308.52987792,644803.3579470511
740,9993.884596,0.0,0.0,0.0,9993.884596,40.0,390326.4060955575,0.0,253533.93472004728,643860.3408156048,390494.828069131,0.0,254308.52987792,644803.3579470511
741,9987.078066,0.0,181.818181818182,0.0,10168.896247818182,200.0,390326.4060955575,0.0,253533.93472004728,643860.3408156048,390494.828069131,0.0,254308.52987792,644803.3579470511
742,9980.271537,0.0,0.0,0.0,9980.271537,200.0,390326.4060955575,0.0,253533.93472004728,643860.3408156048,390494.828069131,0.0,254308.52987792,644803.3579470511
743,9973.465007,0.0,0.0,0.0,9973.465007,200.0,390326.4060955575,0.0,253533.93472004728,643860.3408156048,390494.828069131,0.0,254308.52987792,644803.3579470511
