time,Pload,Ppv,Pcharge,Pdischarge,Ptotal,state of charge,energy_charge_with_es,nem_charge_with_es,demand_charge_with_es,total_bill_with_es,energy_charge_without_es,nem_charge_without_es,demand_charge_without_es,total_bill_without_es
0,9889.238326,0.0,0.0,0.0,9889.238326,2000.0,346870.9491873385,0.0,185952.63880178545,532823.587989124,347516.0948209082,0.0,190266.6899223,537782.7847432082
1,9889.238326,0.0,0.0,0.0,9889.238326,2000.0,346870.9491873385,0.0,185952.63880178545,532823.587989124,347516.0948209082,0.0,190266.6899223,537782.7847432082
2,9889.238326,0.0,0.0,0.0,9889.238326,2000.0,346870.9491873385,0.0,185952.63880178545,532823.587989124,347516.0948209082,0.0,190266.6899223,537782.7847432082
3,9889.238326,0.0,0.0,0.0,9889.238326,2000.0,346870.9491873385,0.0,185952.63880178545,532823.587989124,347516.0948209082,0.0,190266.6899223,537782.7847432082
4,9889.238326,0.0,0.0,0.0,9889.238326,2000.0,346870.9491873385,0.0,185952.63880178545,532823.587989124,347516.0948209082,0.0,190266.6899223,537782.7847432082
5,9889.238326,0.0,0.0,0.0,9889.238326,2000.0,346870.9491873385,0.0,185952.63880178545,532823.587989124,347516.0948209082,0.0,190266.6899223,537782.7847432082
6,9889.238326,0.0,0.0,0.0,9889.238326,2000.0,346870.9491873385,0.0,185952.63880178545,532823.587989124,347516.0948209082,0.0,190266.6899223,537782.7847432082
7,9889.238326,0.004527000000000001,0.0,0.0,9889.233799000001,2000.0,346870.9491873385,0.0,185952.63880178545,532823.587989124,347516.0948209082,0.0,190266.6899223,537782.7847432082
8,9889.238326,0.018678999999999998,0.0,0.0,9889.219647,2000.0,346870.9491873385,0.0,185952.63880178545,532823.587989124,347516.0948209082,0.0,190266.6899223,537782.7847432082
9,9889.238326,0.028823,0.0,0.0,9889.209503,2000.0,346870.9491873385,0.0,185952.63880178545,532823.587989124,347516.0948209082,0.0,190266.6899223,537782.7847432082
10,9889.238326,0.034214,0.0,0.0,9889.204112000001,2000.0,346870.9491873385,0.0,185952.63880178545,532823.587989124,347516.0948209082,0.0,190266.6899223,537782.7847432082
11,9889.238326,0.037946,0.0,0.0,9889.20038,2000.0,346870.9491873385,0.0,185952.63880178545,532823.587989124,347516.0948209082,0.0,190266.6899223,537782.7847432082
12,9889.238326,0.035017000000000006,0.0,0.0,9889.203309,2000.0,346870.9491873385,0.0,185952.63880178545,532823.587989124,347516.0948209082,0.0,190266.6899223,537782.7847432082
13,9889.238326,0.034444,0.0,0.0,9889.203882,2000.0,346870.9491873385,0.0,185952.63880178545,532823.587989124,347516.0948209082,0.0,190266.6899223,537782.7847432082
14,9889.238326,0.029835,0.0,0.0,9889.208491000001,2000.0,346870.9491873385,0.0,185952.63880178545,532823.587989124,347516.0948209082,0.0,190266.6899223,537782.7847432082
15,9889.238326,0.021355000000000002,939.982266524243,0.0,10829.199237524243,2827.18439454133,346870.9491873385,0.0,185952.63880178545,532823.587989124,347516.0948209082,0.0,190266.6899223,537782.7847432082
16,9889.238326,0.009146000000000001,0.0,0.0,9889.22918,2827.18439454134,346870.9491873385,0.0,185952.63880178545,532823.587989124,347516.0948209082,0.0,190266.6899223,537782.7847432082
17,9889.238326,0.0,0.0,0.0,9889.238326,2827.18439454134,346870.9491873385,0.0,185952.63880178545,532823.587989124,347516.0948209082,0.0,190266.6899223,537782.7847432082
18,9889.238326,0.0,0.0,0.0,9889.238326,2827.18439454134,346870.9491873385,0.0,185952.63880178545,532823.587989124,347516.0948209082,0.0,190266.6899223,537782.7847432082
19,9889.238326,0.0,0.0,0.0,9889.238326,2827.18439454134,346870.9491873385,0.0,185952.63880178545,532823.587989124,347516.0948209082,0.0,190266.6899223,537782.7847432082
20,9889.238326,0.0,0.0,0.0,9889.238326,2827.18439454134,346870.9491873385,0.0,185952.63880178545,532823.587989124,347516.0948209082,0.0,190266.6899223,537782.7847432082
21,9889.238326,0.0,0.0,0.0,9889.238326,2827.18439454134,346870.9491873385,0.0,185952.63880178545,532823.587989124,347516.0948209082,0.0,190266.6899223,537782.7847432082
22,9889.238326,0.0,0.0,0.0,9889.238326,2827.18439454134,346870.9491873385,0.0,185952.63880178545,532823.587989124,347516.0948209082,0.0,190266.6899223,537782.7847432082
23,9889.238326,0.0,0.0,0.0,9889.238326,2827.18439454134,346870.9491873385,0.0,185952.63880178545,532823.587989124,347516.0948209082,0.0,190266.6899223,537782.7847432082
24,9889.238326,0.0,0.0,0.0,9889.238326,2827.18439454134,346870.9491873385,0.0,185952.63880178545,532823.587989124,347516.0948209082,0.0,190266.6899223,537782.7847432082
25,9889.238326,0.0,0.0,0.0,9889.238326,2827.18439454134,346870.9491873385,0.0,185952.63880178545,532823.587989124,347516.0948209082,0.0,190266.6899223,537782.7847432082
26,9889.238326,0.0,0.0,0.0,9889.238326,2827.18439454134,346870.9491873385,0.0,185952.63880178545,532823.587989124,347516.0948209082,0.0,190266.6899223,537782.7847432082
27,9889.238326,0.0,0.0,0.0,9889.238326,2827.18439454134,346870.9491873385,0.0,185952.63880178545,532823.587989124,347516.0948209082,0.0,190266.6899223,537782.7847432082
28,9889.238326,0.0,0.0,0.0,9889.238326,2827.18439454134,346870.9491873385,0.0,185952.63880178545,532823.587989124,347516.0948209082,0.0,190266.6899223,537782.7847432082
29,9889.238326,0.0,878.19955165757,0.0,10767.43787765757,3600.0,346870.9491873385,0.0,185952.63880178545,532823.587989124,347516.0948209082,0.0,190266.6899223,537782.7847432082
30,9889.238326,0.0,0.0,1000.0,8889.238326,2600.0,346870.9491873385,0.0,185952.63880178545,532823.587989124,347516.0948209082,0.0,190266.6899223,537782.7847432082
31,9889.238326,0.0045190000000000004,0.0,1000.0,8889.233807,1600.0,346870.9491873385,0.0,185952.63880178545,532823.587989124,347516.0948209082,0.0,190266.6899223,537782.7847432082
32,9889.238326,0.018824999999999998,0.0,941.5239005,8947.695600500001,658.4760995,346870.9491873385,0.0,185952.63880178545,532823.587989124,347516.0948209082,0.0,190266.6899223,537782.7847432082
33,9889.238326,0.029053000000000002,0.0,86.1636261666663,9803.045646833334,572.312473333333,346870.9491873385,0.0,185952.63880178545,532823.587989124,347516.0948209082,0.0,190266.6899223,537782.7847432082
34,9889.238326,0.034284999999999996,0.0,86.1583941666668,9803.045646833334,486.154079166667,346870.9491873385,0.0,185952.63880178545,532823.587989124,347516.0948209082,0.0,190266.6899223,537782.7847432082
35,9889.238326,0.0386,0.0,86.1540791666666,9803.045646833334,400.0,346870.9491873385,0.0,185952.63880178545,532823.587989124,347516.0948209082,0.0,190266.6899223,537782.7847432082
36,9889.238326,0.034627000000000005,939.995538524241,0.0,10829.199237524243,1227.19607390133,346870.9491873385,0.0,185952.63880178545,532823.587989124,347516.0948209082,0.0,190266.6899223,537782.7847432082
37,9889.238326,0.032087000000000004,816.421176790912,0.0,10705.627415790914,1945.64670947733,346870.9491873385,0.0,185952.63880178545,532823.587989124,347516.0948209082,0.0,190266.6899223,537782.7847432082
38,9889.238326,0.028987,0.0,0.0,9889.209339,1945.64670947733,346870.9491873385,0.0,185952.63880178545,532823.587989124,347516.0948209082,0.0,190266.6899223,537782.7847432082
39,9889.238326,0.021018000000000002,939.981929524241,0.0,10829.199237524243,2772.83080745867,346870.9491873385,0.0,185952.63880178545,532823.587989124,347516.0948209082,0.0,190266.6899223,537782.7847432082
40,9889.238326,0.00408,939.964991524243,0.0,10829.199237524243,3600.0,346870.9491873385,0.0,185952.63880178545,532823.587989124,347516.0948209082,0.0,190266.6899223,537782.7847432082
41,9889.238326,0.0,0.0,1000.0,8889.238326,2600.0,346870.9491873385,0.0,185952.63880178545,532823.587989124,347516.0948209082,0.0,190266.6899223,537782.7847432082
42,9889.238326,0.0,0.0,1000.0,8889.238326,1600.0,346870.9491873385,0.0,185952.63880178545,532823.587989124,347516.0948209082,0.0,190266.6899223,537782.7847432082
43,9889.238326,0.0,0.0,1000.0,8889.238326,600.0,346870.9491873385,0.0,185952.63880178545,532823.587989124,347516.0948209082,0.0,190266.6899223,537782.7847432082
44,9889.238326,0.0,0.0,200.0,9689.238326,400.0,346870.9491873385,0.0,185952.63880178545,532823.587989124,347516.0948209082,0.0,190266.6899223,537782.7847432082
45,9889.238326,0.0,939.960911524242,0.0,10829.199237524243,1227.16560214133,346870.9491873385,0.0,185952.63880178545,532823.587989124,347516.0948209082,0.0,190266.6899223,537782.7847432082
46,9889.238326,0.0,808.33732479091,0.0,10697.57565079091,1938.50244795733,346870.9491873385,0.0,185952.63880178545,532823.587989124,347516.0948209082,0.0,190266.6899223,537782.7847432082
47,9888.86067,0.0,0.0,0.0,9888.86067,1938.50244795733,346870.9491873385,0.0,185952.63880178545,532823.587989124,347516.0948209082,0.0,190266.6899223,537782.7847432082
48,9888.260093,0.0,0.0,0.0,9888.260093,1938.50244795733,346870.9491873385,0.0,185952.63880178545,532823.587989124,347516.0948209082,0.0,190266.6899223,537782.7847432082
49,9887.659517,0.0,0.0,0.0,9887.659517,1938.50244795733,346870.9491873385,0.0,185952.63880178545,532823.587989124,347516.0948209082,0.0,190266.6899223,537782.7847432082
50,9887.058941,0.0,0.0,0.0,9887.058941,1938.50244795733,346870.9491873385,0.0,185952.63880178545,532823.587989124,347516.0948209082,0.0,190266.6899223,537782.7847432082
51,9886.458365,0.0,0.0,0.0,9886.458365,1938.50244795733,346870.9491873385,0.0,185952.63880178545,532823.587989124,347516.0948209082,0.0,190266.6899223,537782.7847432082
52,9885.667018,0.0,943.532219524242,0.0,10829.199237524243,2768.81080113867,346870.9491873385,0.0,185952.63880178545,532823.587989124,347516.0948209082,0.0,190266.6899223,537782.7847432082
53,9884.666057,0.0,944.533180524242,0.0,10829.199237524243,3600.0,346870.9491873385,0.0,185952.63880178545,532823.587989124,347516.0948209082,0.0,190266.6899223,537782.7847432082
54,9883.665097,0.0,0.0,1000.0,8883.665097,2600.0,346870.9491873385,0.0,185952.63880178545,532823.587989124,347516.0948209082,0.0,190266.6899223,537782.7847432082
55,9882.664137,0.0056630000000000005,0.0,1000.0,8882.658474,1600.0,346870.9491873385,0.0,185952.63880178545,532823.587989124,347516.0948209082,0.0,190266.6899223,537782.7847432082
56,9881.663177,0.019189,0.0,78.5983411666657,9803.045646833334,1521.40165883333,346870.9491873385,0.0,185952.63880178545,532823.587989124,347516.0948209082,0.0,190266.6899223,537782.7847432082
57,9880.662217,0.028344,0.0,969.244014500004,8911.389858499995,552.157644333331,346870.9491873385,0.0,185952.63880178545,532823.587989124,347516.0948209082,0.0,190266.6899223,537782.7847432082
58,9879.661256,0.034879,0.0,76.5807301666646,9803.045646833334,475.576914166666,346870.9491873385,0.0,185952.63880178545,532823.587989124,347516.0948209082,0.0,190266.6899223,537782.7847432082
59,9878.660296,0.037735,0.0,75.576914166666,9803.045646833334,400.0,346870.9491873385,0.0,185952.63880178545,532823.587989124,347516.0948209082,0.0,190266.6899223,537782.7847432082
60,9877.659336,0.037551,951.577452524241,0.0,10829.199237524243,1237.38815822133,346870.9491873385,0.0,185952.63880178545,532823.587989124,347516.0948209082,0.0,190266.6899223,537782.7847432082
61,9876.658376,0.033429,774.669691790911,0.0,10651.29463879091,1919.09748699733,346870.9491873385,0.0,185952.63880178545,532823.587989124,347516.0948209082,0.0,190266.6899223,537782.7847432082
62,9875.657415,0.027709,0.0,0.0,9875.629706,1919.09748699733,346870.9491873385,0.0,185952.63880178545,532823.587989124,347516.0948209082,0.0,190266.6899223,537782.7847432082
63,9874.656455,0.019311000000000002,954.562093524242,0.0,10829.199237524243,2759.11212929867,346870.9491873385,0.0,185952.63880178545,532823.587989124,347516.0948209082,0.0,190266.6899223,537782.7847432082
64,9873.655495,0.010656,955.554398524242,0.0,10829.199237524243,3600.0,346870.9491873385,0.0,185952.63880178545,532823.587989124,347516.0948209082,0.0,190266.6899223,537782.7847432082
65,9872.654535,0.0,0.0,1000.0,8872.654535,2600.0,346870.9491873385,0.0,185952.63880178545,532823.587989124,347516.0948209082,0.0,190266.6899223,537782.7847432082
66,9871.653575,0.0,0.0,1000.0,8871.653575,1600.0,346870.9491873385,0.0,185952.63880178545,532823.587989124,347516.0948209082,0.0,190266.6899223,537782.7847432082
67,9870.660386,0.0,0.0,1000.0,8870.660386,600.0,346870.9491873385,0.0,185952.63880178545,532823.587989124,347516.0948209082,0.0,190266.6899223,537782.7847432082
68,9870.05981,0.0,0.0,200.0,9670.05981,400.0,346870.9491873385,0.0,185952.63880178545,532823.587989124,347516.0948209082,0.0,190266.6899223,537782.7847432082
69,9869.459234,0.0,959.740003524243,0.0,10829.199237524243,1244.57120310133,346870.9491873385,0.0,185952.63880178545,532823.587989124,347516.0948209082,0.0,190266.6899223,537782.7847432082
70,9868.858658,0.0,749.883485790908,0.0,10618.742143790907,1904.46867059733,346870.9491873385,0.0,185952.63880178545,532823.587989124,347516.0948209082,0.0,190266.6899223,537782.7847432082
71,9868.258082,0.0,0.0,0.0,9868.258082,1904.46867059733,346870.9491873385,0.0,185952.63880178545,532823.587989124,347516.0948209082,0.0,190266.6899223,537782.7847432082
72,9867.657506,0.0,0.0,0.0,9867.657506,1904.46867059733,346870.9491873385,0.0,185952.63880178545,532823.587989124,347516.0948209082,0.0,190266.6899223,537782.7847432082
73,9867.230508,0.0,0.0,0.0,9867.230508,1904.46867059733,346870.9491873385,0.0,185952.63880178545,532823.587989124,347516.0948209082,0.0,190266.6899223,537782.7847432082
74,9866.830124,0.0,0.0,0.0,9866.830124,1904.46867059733,346870.9491873385,0.0,185952.63880178545,532823.587989124,347516.0948209082,0.0,190266.6899223,537782.7847432082
75,9866.42974,0.0,0.0,0.0,9866.42974,1904.46867059733,346870.9491873385,0.0,185952.63880178545,532823.587989124,347516.0948209082,0.0,190266.6899223,537782.7847432082
76,9866.029356,0.0,963.169881524243,0.0,10829.199237524243,2752.05816633867,346870.9491873385,0.0,185952.63880178545,532823.587989124,347516.0948209082,0.0,190266.6899223,537782.7847432082
77,9865.628972,0.0,963.570265524242,0.0,10829.199237524243,3600.0,346870.9491873385,0.0,185952.63880178545,532823.587989124,347516.0948209082,0.0,190266.6899223,537782.7847432082
78,9865.085509,0.0,0.0,1000.0,8865.085509,2600.0,346870.9491873385,0.0,185952.63880178545,532823.587989124,347516.0948209082,0.0,190266.6899223,537782.7847432082
79,9864.484933,0.001121,0.0,1000.0,8864.483812,1600.0,346870.9491873385,0.0,185952.63880178545,532823.587989124,347516.0948209082,0.0,190266.6899223,537782.7847432082
80,9863.884357,0.006256,0.0,81.3688226666691,9782.509278333331,1518.63117733333,346870.9491873385,0.0,185952.63880178545,532823.587989124,347516.0948209082,0.0,190266.6899223,537782.7847432082
81,9863.283781,0.013721,0.0,1000.0,8863.27006,518.631177333331,346870.9491873385,0.0,185952.63880178545,532823.587989124,347516.0948209082,0.0,190266.6899223,537782.7847432082
82,9862.683205,0.014486,0.0,59.6230721666652,9803.045646833334,459.008105166666,346870.9491873385,0.0,185952.63880178545,532823.587989124,347516.0948209082,0.0,190266.6899223,537782.7847432082
83,9862.082628,0.028876000000000002,0.0,59.0081051666657,9803.045646833334,400.0,346870.9491873385,0.0,185952.63880178545,532823.587989124,347516.0948209082,0.0,190266.6899223,537782.7847432082
84,9861.482052,0.021802,967.738987524242,0.0,10829.199237524243,1251.61030902133,346870.9491873385,0.0,185952.63880178545,532823.587989124,347516.0948209082,0.0,190266.6899223,537782.7847432082
85,9860.881476,0.017748999999999997,728.893631790911,0.0,10589.75735879091,1893.03670499733,346870.9491873385,0.0,185952.63880178545,532823.587989124,347516.0948209082,0.0,190266.6899223,537782.7847432082
86,9860.2809,0.012078,0.0,0.0,9860.268822,1893.03670499733,346870.9491873385,0.0,185952.63880178545,532823.587989124,347516.0948209082,0.0,190266.6899223,537782.7847432082
87,9859.680324,0.008962999999999999,969.527876524242,0.0,10829.199237524243,2746.22123633867,346870.9491873385,0.0,185952.63880178545,532823.587989124,347516.0948209082,0.0,190266.6899223,537782.7847432082
88,9858.997669,0.001572,970.203140524241,0.0,10829.199237524243,3600.0,346870.9491873385,0.0,185952.63880178545,532823.587989124,347516.0948209082,0.0,190266.6899223,537782.7847432082
89,9858.196901,0.0,0.0,1000.0,8858.196901,2600.0,346870.9491873385,0.0,185952.63880178545,532823.587989124,347516.0948209082,0.0,190266.6899223,537782.7847432082
90,9857.396133,0.0,0.0,1000.0,8857.396133,1600.0,346870.9491873385,0.0,185952.63880178545,532823.587989124,347516.0948209082,0.0,190266.6899223,537782.7847432082
91,9856.595364,0.0,0.0,200.0,9656.595364,1400.0,346870.9491873385,0.0,185952.63880178545,532823.587989124,347516.0948209082,0.0,190266.6899223,537782.7847432082
92,9855.794596,0.0,0.0,1000.0,8855.794596,400.0,346870.9491873385,0.0,185952.63880178545,532823.587989124,347516.0948209082,0.0,190266.6899223,537782.7847432082
93,9855.096986,0.0,0.0,0.0,9855.096986,400.0,346870.9491873385,0.0,185952.63880178545,532823.587989124,347516.0948209082,0.0,190266.6899223,537782.7847432082
94,9854.696602,0.0,974.502635524243,0.0,10829.199237524243,1257.56231926133,346870.9491873385,0.0,185952.63880178545,532823.587989124,347516.0948209082,0.0,190266.6899223,537782.7847432082
95,9854.296218,0.0,661.861000839394,0.0,10516.157218839393,1840.0,346870.9491873385,0.0,185952.63880178545,532823.587989124,347516.0948209082,0.0,190266.6899223,537782.7847432082
96,9853.895834,0.0,0.0,0.0,9853.895834,1840.0,346870.9491873385,0.0,185952.63880178545,532823.587989124,347516.0948209082,0.0,190266.6899223,537782.7847432082
97,9853.49545,0.0,0.0,0.0,9853.49545,1840.0,346870.9491873385,0.0,185952.63880178545,532823.587989124,347516.0948209082,0.0,190266.6899223,537782.7847432082
98,9853.031828,0.0,0.0,0.0,9853.031828,1840.0,346870.9491873385,0.0,185952.63880178545,532823.587989124,347516.0948209082,0.0,190266.6899223,537782.7847432082
99,9852.030868,0.0,0.0,0.0,9852.030868,1840.0,346870.9491873385,0.0,185952.63880178545,532823.587989124,347516.0948209082,0.0,190266.6899223,537782.7847432082
100,9851.029908,0.0,0.0,0.0,9851.029908,1840.0,346870.9491873385,0.0,185952.63880178545,532823.587989124,347516.0948209082,0.0,190266.6899223,537782.7847432082
101,9850.028948,0.0,0.0,0.0,9850.028948,1840.0,346870.9491873385,0.0,185952.63880178545,532823.587989124,347516.0948209082,0.0,190266.6899223,537782.7847432082
102,9849.027987,0.0,0.0,0.0,9849.027987,1840.0,346870.9491873385,0.0,185952.63880178545,532823.587989124,347516.0948209082,0.0,190266.6899223,537782.7847432082
103,9848.027027,0.004453,0.0,0.0,9848.022574,1840.0,346870.9491873385,0.0,185952.63880178545,532823.587989124,347516.0948209082,0.0,190266.6899223,537782.7847432082
104,9846.835296,0.013915,0.0,0.0,9846.821381,1840.0,346870.9491873385,0.0,185952.63880178545,532823.587989124,347516.0948209082,0.0,190266.6899223,537782.7847432082
105,9845.634143,0.023839,0.0,0.0,9845.610304,1840.0,346870.9491873385,0.0,185952.63880178545,532823.587989124,347516.0948209082,0.0,190266.6899223,537782.7847432082
106,9844.432991,0.034267000000000006,0.0,0.0,9844.398723999999,1840.0,346870.9491873385,0.0,185952.63880178545,532823.587989124,347516.0948209082,0.0,190266.6899223,537782.7847432082
107,9843.231839,0.038272,0.0,0.0,9843.193567,1840.0,346870.9491873385,0.0,185952.63880178545,532823.587989124,347516.0948209082,0.0,190266.6899223,537782.7847432082
108,9842.030687,0.038339,0.0,0.0,9841.992348,1840.0,346870.9491873385,0.0,185952.63880178545,532823.587989124,347516.0948209082,0.0,190266.6899223,537782.7847432082
109,9840.829534,0.032958,0.0,0.0,9840.796576,1840.0,346870.9491873385,0.0,185952.63880178545,532823.587989124,347516.0948209082,0.0,190266.6899223,537782.7847432082
110,9839.628382,0.030039000000000003,0.0,0.0,9839.598343000001,1840.0,346870.9491873385,0.0,185952.63880178545,532823.587989124,347516.0948209082,0.0,190266.6899223,537782.7847432082
111,9838.42723,0.021468,0.0,0.0,9838.405761999999,1840.0,346870.9491873385,0.0,185952.63880178545,532823.587989124,347516.0948209082,0.0,190266.6899223,537782.7847432082
112,9837.226078,0.00846,0.0,0.0,9837.217618,1840.0,346870.9491873385,0.0,185952.63880178545,532823.587989124,347516.0948209082,0.0,190266.6899223,537782.7847432082
113,9836.024925,0.0,0.0,0.0,9836.024925,1840.0,346870.9491873385,0.0,185952.63880178545,532823.587989124,347516.0948209082,0.0,190266.6899223,537782.7847432082
114,9834.823773,0.0,0.0,0.0,9834.823773,1840.0,346870.9491873385,0.0,185952.63880178545,532823.587989124,347516.0948209082,0.0,190266.6899223,537782.7847432082
115,9833.622621,0.0,0.0,0.0,9833.622621,1840.0,346870.9491873385,0.0,185952.63880178545,532823.587989124,347516.0948209082,0.0,190266.6899223,537782.7847432082
116,9832.421469,0.0,0.0,0.0,9832.421469,1840.0,346870.9491873385,0.0,185952.63880178545,532823.587989124,347516.0948209082,0.0,190266.6899223,537782.7847432082
117,9831.220316,0.0,0.0,0.0,9831.220316,1840.0,346870.9491873385,0.0,185952.63880178545,532823.587989124,347516.0948209082,0.0,190266.6899223,537782.7847432082
118,9830.019164,0.0,0.0,0.0,9830.019164,1840.0,346870.9491873385,0.0,185952.63880178545,532823.587989124,347516.0948209082,0.0,190266.6899223,537782.7847432082
119,9828.818012,0.0,0.0,0.0,9828.818012,1840.0,346870.9491873385,0.0,185952.63880178545,532823.587989124,347516.0948209082,0.0,190266.6899223,537782.7847432082
120,9827.616859,0.0,0.0,0.0,9827.616859,1840.0,346870.9491873385,0.0,185952.63880178545,532823.587989124,347516.0948209082,0.0,190266.6899223,537782.7847432082
121,9826.415707,0.0,0.0,0.0,9826.415707,1840.0,346870.9491873385,0.0,185952.63880178545,532823.587989124,347516.0948209082,0.0,190266.6899223,537782.7847432082
122,9825.214555,0.0,0.0,0.0,9825.214555,1840.0,346870.9491873385,0.0,185952.63880178545,532823.587989124,347516.0948209082,0.0,190266.6899223,537782.7847432082
123,9824.013403,0.0,0.0,0.0,9824.013403,1840.0,346870.9491873385,0.0,185952.63880178545,532823.587989124,347516.0948209082,0.0,190266.6899223,537782.7847432082
124,9822.949794,0.0,0.0,0.0,9822.949794,1840.0,346870.9491873385,0.0,185952.63880178545,532823.587989124,347516.0948209082,0.0,190266.6899223,537782.7847432082
125,9822.149026,0.0,0.0,0.0,9822.149026,1840.0,346870.9491873385,0.0,185952.63880178545,532823.587989124,347516.0948209082,0.0,190266.6899223,537782.7847432082
126,9821.348258,0.0,0.0,0.0,9821.348258,1840.0,346870.9491873385,0.0,185952.63880178545,532823.587989124,347516.0948209082,0.0,190266.6899223,537782.7847432082
127,9820.54749,0.000348,0.0,0.0,9820.547142000001,1840.0,346870.9491873385,0.0,185952.63880178545,532823.587989124,347516.0948209082,0.0,190266.6899223,537782.7847432082
128,9819.746721,0.003684,0.0,0.0,9819.743037,1840.0,346870.9491873385,0.0,185952.63880178545,532823.587989124,347516.0948209082,0.0,190266.6899223,537782.7847432082
129,9818.945953,0.0054989999999999995,0.0,0.0,9818.940454,1840.0,346870.9491873385,0.0,185952.63880178545,532823.587989124,347516.0948209082,0.0,190266.6899223,537782.7847432082
130,9818.145185,0.016795,0.0,0.0,9818.12839,1840.0,346870.9491873385,0.0,185952.63880178545,532823.587989124,347516.0948209082,0.0,190266.6899223,537782.7847432082
131,9817.344417,0.039182,0.0,0.0,9817.305235,1840.0,346870.9491873385,0.0,185952.63880178545,532823.587989124,347516.0948209082,0.0,190266.6899223,537782.7847432082
132,9816.543649,0.038051,0.0,0.0,9816.505598,1840.0,346870.9491873385,0.0,185952.63880178545,532823.587989124,347516.0948209082,0.0,190266.6899223,537782.7847432082
133,9815.742881,0.035014,0.0,0.0,9815.707867000001,1840.0,346870.9491873385,0.0,185952.63880178545,532823.587989124,347516.0948209082,0.0,190266.6899223,537782.7847432082
134,9814.942112,0.030726,0.0,0.0,9814.911386,1840.0,346870.9491873385,0.0,185952.63880178545,532823.587989124,347516.0948209082,0.0,190266.6899223,537782.7847432082
135,9814.141344,0.022739000000000002,0.0,0.0,9814.118605,1840.0,346870.9491873385,0.0,185952.63880178545,532823.587989124,347516.0948209082,0.0,190266.6899223,537782.7847432082
136,9813.340576,0.006834,0.0,0.0,9813.333742,1840.0,346870.9491873385,0.0,185952.63880178545,532823.587989124,347516.0948209082,0.0,190266.6899223,537782.7847432082
137,9812.539808,0.0,0.0,0.0,9812.539808,1840.0,346870.9491873385,0.0,185952.63880178545,532823.587989124,347516.0948209082,0.0,190266.6899223,537782.7847432082
138,9811.73904,0.0,0.0,0.0,9811.73904,1840.0,346870.9491873385,0.0,185952.63880178545,532823.587989124,347516.0948209082,0.0,190266.6899223,537782.7847432082
139,9810.938271,0.0,0.0,0.0,9810.938271,1840.0,346870.9491873385,0.0,185952.63880178545,532823.587989124,347516.0948209082,0.0,190266.6899223,537782.7847432082
140,9810.137503,0.0,0.0,0.0,9810.137503,1840.0,346870.9491873385,0.0,185952.63880178545,532823.587989124,347516.0948209082,0.0,190266.6899223,537782.7847432082
141,9809.336735,0.0,0.0,0.0,9809.336735,1840.0,346870.9491873385,0.0,185952.63880178545,532823.587989124,347516.0948209082,0.0,190266.6899223,537782.7847432082
142,9808.535967,0.0,0.0,0.0,9808.535967,1840.0,346870.9491873385,0.0,185952.63880178545,532823.587989124,347516.0948209082,0.0,190266.6899223,537782.7847432082
143,9807.735199,0.0,0.0,0.0,9807.735199,1840.0,346870.9491873385,0.0,185952.63880178545,532823.587989124,347516.0948209082,0.0,190266.6899223,537782.7847432082
144,9806.934431,0.0,0.0,0.0,9806.934431,1840.0,346870.9491873385,0.0,185952.63880178545,532823.587989124,347516.0948209082,0.0,190266.6899223,537782.7847432082
145,9806.280627,0.0,0.0,0.0,9806.280627,1840.0,346870.9491873385,0.0,185952.63880178545,532823.587989124,347516.0948209082,0.0,190266.6899223,537782.7847432082
146,9805.680051,0.0,0.0,0.0,9805.680051,1840.0,346870.9491873385,0.0,185952.63880178545,532823.587989124,347516.0948209082,0.0,190266.6899223,537782.7847432082
147,9805.079475,0.0,0.0,0.0,9805.079475,1840.0,346870.9491873385,0.0,185952.63880178545,532823.587989124,347516.0948209082,0.0,190266.6899223,537782.7847432082
148,9804.478898,0.0,1000.0,0.0,10804.478898,2720.0,346870.9491873385,0.0,185952.63880178545,532823.587989124,347516.0948209082,0.0,190266.6899223,537782.7847432082
149,9803.878322,0.0,1000.0,0.0,10803.878322,3600.0,346870.9491873385,0.0,185952.63880178545,532823.587989124,347516.0948209082,0.0,190266.6899223,537782.7847432082
150,9803.510676,0.0,0.0,1000.0,8803.510676,2600.0,346870.9491873385,0.0,185952.63880178545,532823.587989124,347516.0948209082,0.0,190266.6899223,537782.7847432082
151,9803.310484,0.003278,0.0,1000.0,8803.307206,1600.0,346870.9491873385,0.0,185952.63880178545,532823.587989124,347516.0948209082,0.0,190266.6899223,537782.7847432082
152,9803.110291,0.017672,0.0,1000.0,8803.092619000001,600.0,346870.9491873385,0.0,185952.63880178545,532823.587989124,347516.0948209082,0.0,190266.6899223,537782.7847432082
153,9802.910099,0.017147,0.0,200.0,9602.892952,400.0,346870.9491873385,0.0,185952.63880178545,532823.587989124,347516.0948209082,0.0,190266.6899223,537782.7847432082
154,9802.709907,0.022931,0.0,0.0,9802.686976,400.0,346870.9491873385,0.0,185952.63880178545,532823.587989124,347516.0948209082,0.0,190266.6899223,537782.7847432082
155,9802.423751,0.034424,0.0,0.0,9802.389327,400.0,346870.9491873385,0.0,185952.63880178545,532823.587989124,347516.0948209082,0.0,190266.6899223,537782.7847432082
156,9802.023366,0.02244,1000.0,0.0,10802.000925999999,1280.0,346870.9491873385,0.0,185952.63880178545,532823.587989124,347516.0948209082,0.0,190266.6899223,537782.7847432082
157,9801.622982,0.012928,636.363636363636,0.0,10437.973690363637,1840.0,346870.9491873385,0.0,185952.63880178545,532823.587989124,347516.0948209082,0.0,190266.6899223,537782.7847432082
158,9801.222598,0.017885,0.0,0.0,9801.204713000001,1840.0,346870.9491873385,0.0,185952.63880178545,532823.587989124,347516.0948209082,0.0,190266.6899223,537782.7847432082
159,9800.822214,0.006382,1000.0,0.0,10800.815832,2720.0,346870.9491873385,0.0,185952.63880178545,532823.587989124,347516.0948209082,0.0,190266.6899223,537782.7847432082
160,9800.477295,0.002294,1000.0,0.0,10800.475001,3600.0,346870.9491873385,0.0,185952.63880178545,532823.587989124,347516.0948209082,0.0,190266.6899223,537782.7847432082
161,9800.277103,0.0,0.0,1000.0,8800.277103,2600.0,346870.9491873385,0.0,185952.63880178545,532823.587989124,347516.0948209082,0.0,190266.6899223,537782.7847432082
162,9800.076911,0.0,0.0,1000.0,8800.076911,1600.0,346870.9491873385,0.0,185952.63880178545,532823.587989124,347516.0948209082,0.0,190266.6899223,537782.7847432082
163,9799.876719,0.0,0.0,1000.0,8799.876719,600.0,346870.9491873385,0.0,185952.63880178545,532823.587989124,347516.0948209082,0.0,190266.6899223,537782.7847432082
164,9799.676527,0.0,0.0,200.0,9599.676527,400.0,346870.9491873385,0.0,185952.63880178545,532823.587989124,347516.0948209082,0.0,190266.6899223,537782.7847432082
165,9799.5013,0.0,1000.0,0.0,10799.5013,1280.0,346870.9491873385,0.0,185952.63880178545,532823.587989124,347516.0948209082,0.0,190266.6899223,537782.7847432082
166,9799.5013,0.0,636.363636363636,0.0,10435.864936363636,1840.0,346870.9491873385,0.0,185952.63880178545,532823.587989124,347516.0948209082,0.0,190266.6899223,537782.7847432082
167,9799.5013,0.0,0.0,0.0,9799.5013,1840.0,346870.9491873385,0.0,185952.63880178545,532823.587989124,347516.0948209082,0.0,190266.6899223,537782.7847432082
168,9799.5013,0.0,0.0,0.0,9799.5013,1840.0,346870.9491873385,0.0,185952.63880178545,532823.587989124,347516.0948209082,0.0,190266.6899223,537782.7847432082
169,9799.5013,0.0,0.0,0.0,9799.5013,1840.0,346870.9491873385,0.0,185952.63880178545,532823.587989124,347516.0948209082,0.0,190266.6899223,537782.7847432082
170,9799.5013,0.0,0.0,0.0,9799.5013,1840.0,346870.9491873385,0.0,185952.63880178545,532823.587989124,347516.0948209082,0.0,190266.6899223,537782.7847432082
171,9799.695957,0.0,0.0,0.0,9799.695957,1840.0,346870.9491873385,0.0,185952.63880178545,532823.587989124,347516.0948209082,0.0,190266.6899223,537782.7847432082
172,9799.896149,0.0,1000.0,0.0,10799.896149,2720.0,346870.9491873385,0.0,185952.63880178545,532823.587989124,347516.0948209082,0.0,190266.6899223,537782.7847432082
173,9800.096341,0.0,1000.0,0.0,10800.096341,3600.0,346870.9491873385,0.0,185952.63880178545,532823.587989124,347516.0948209082,0.0,190266.6899223,537782.7847432082
174,9800.296533,0.0,0.0,1000.0,8800.296533,2600.0,346870.9491873385,0.0,185952.63880178545,532823.587989124,347516.0948209082,0.0,190266.6899223,537782.7847432082
175,9800.496725,0.000245,0.0,1000.0,8800.496480000002,1600.0,346870.9491873385,0.0,185952.63880178545,532823.587989124,347516.0948209082,0.0,190266.6899223,537782.7847432082
176,9800.696917,0.018438,0.0,1000.0,8800.678479,600.0,346870.9491873385,0.0,185952.63880178545,532823.587989124,347516.0948209082,0.0,190266.6899223,537782.7847432082
177,9800.89711,0.028265000000000002,0.0,200.0,9600.868844999999,400.0,346870.9491873385,0.0,185952.63880178545,532823.587989124,347516.0948209082,0.0,190266.6899223,537782.7847432082
178,9801.097302,0.035673,0.0,0.0,9801.061629,400.0,346870.9491873385,0.0,185952.63880178545,532823.587989124,347516.0948209082,0.0,190266.6899223,537782.7847432082
179,9801.297494,0.038321,0.0,0.0,9801.259173,400.0,346870.9491873385,0.0,185952.63880178545,532823.587989124,347516.0948209082,0.0,190266.6899223,537782.7847432082
180,9801.497686,0.037069000000000005,1000.0,0.0,10801.460617,1280.0,346870.9491873385,0.0,185952.63880178545,532823.587989124,347516.0948209082,0.0,190266.6899223,537782.7847432082
181,9801.56422,0.034394,636.363636363636,0.0,10437.893462363636,1840.0,346870.9491873385,0.0,185952.63880178545,532823.587989124,347516.0948209082,0.0,190266.6899223,537782.7847432082
182,9801.56422,0.027732,0.0,0.0,9801.536488,1840.0,346870.9491873385,0.0,185952.63880178545,532823.587989124,347516.0948209082,0.0,190266.6899223,537782.7847432082
183,9801.56422,0.02121,1000.0,0.0,10801.54301,2720.0,346870.9491873385,0.0,185952.63880178545,532823.587989124,347516.0948209082,0.0,190266.6899223,537782.7847432082
184,9801.56422,0.008905,1000.0,0.0,10801.555315,3600.0,346870.9491873385,0.0,185952.63880178545,532823.587989124,347516.0948209082,0.0,190266.6899223,537782.7847432082
185,9801.56422,0.0,0.0,1000.0,8801.56422,2600.0,346870.9491873385,0.0,185952.63880178545,532823.587989124,347516.0948209082,0.0,190266.6899223,537782.7847432082
186,9801.667378,0.0,0.0,1000.0,8801.667378,1600.0,346870.9491873385,0.0,185952.63880178545,532823.587989124,347516.0948209082,0.0,190266.6899223,537782.7847432082
187,9801.86757,0.0,0.0,1000.0,8801.86757,600.0,346870.9491873385,0.0,185952.63880178545,532823.587989124,347516.0948209082,0.0,190266.6899223,537782.7847432082
188,9802.067762,0.0,0.0,200.0,9602.067762,400.0,346870.9491873385,0.0,185952.63880178545,532823.587989124,347516.0948209082,0.0,190266.6899223,537782.7847432082
189,9802.267954,0.0,1000.0,0.0,10802.267954,1280.0,346870.9491873385,0.0,185952.63880178545,532823.587989124,347516.0948209082,0.0,190266.6899223,537782.7847432082
190,9802.468146,0.0,636.363636363636,0.0,10438.831782363635,1840.0,346870.9491873385,0.0,185952.63880178545,532823.587989124,347516.0948209082,0.0,190266.6899223,537782.7847432082
191,9802.523022,0.0,0.0,0.0,9802.523022,1840.0,346870.9491873385,0.0,185952.63880178545,532823.587989124,347516.0948209082,0.0,190266.6899223,537782.7847432082
192,9802.32283,0.0,0.0,0.0,9802.32283,1840.0,346870.9491873385,0.0,185952.63880178545,532823.587989124,347516.0948209082,0.0,190266.6899223,537782.7847432082
193,9802.122638,0.0,0.0,0.0,9802.122638,1840.0,346870.9491873385,0.0,185952.63880178545,532823.587989124,347516.0948209082,0.0,190266.6899223,537782.7847432082
194,9801.922446,0.0,0.0,0.0,9801.922446,1840.0,346870.9491873385,0.0,185952.63880178545,532823.587989124,347516.0948209082,0.0,190266.6899223,537782.7847432082
195,9801.722254,0.0,0.0,0.0,9801.722254,1840.0,346870.9491873385,0.0,185952.63880178545,532823.587989124,347516.0948209082,0.0,190266.6899223,537782.7847432082
196,9801.56422,0.0,1000.0,0.0,10801.56422,2720.0,346870.9491873385,0.0,185952.63880178545,532823.587989124,347516.0948209082,0.0,190266.6899223,537782.7847432082
197,9801.56422,0.0,1000.0,0.0,10801.56422,3600.0,346870.9491873385,0.0,185952.63880178545,532823.587989124,347516.0948209082,0.0,190266.6899223,537782.7847432082
198,9801.56422,0.0,0.0,1000.0,8801.56422,2600.0,346870.9491873385,0.0,185952.63880178545,532823.587989124,347516.0948209082,0.0,190266.6899223,537782.7847432082
199,9801.56422,0.004222000000000001,0.0,1000.0,8801.559998,1600.0,346870.9491873385,0.0,185952.63880178545,532823.587989124,347516.0948209082,0.0,190266.6899223,537782.7847432082
200,9801.56422,0.019008,0.0,1000.0,8801.545212,600.0,346870.9491873385,0.0,185952.63880178545,532823.587989124,347516.0948209082,0.0,190266.6899223,537782.7847432082
201,9801.56422,0.029149,0.0,200.0,9601.535071,400.0,346870.9491873385,0.0,185952.63880178545,532823.587989124,347516.0948209082,0.0,190266.6899223,537782.7847432082
202,9801.56422,0.036046,0.0,0.0,9801.528174000001,400.0,346870.9491873385,0.0,185952.63880178545,532823.587989124,347516.0948209082,0.0,190266.6899223,537782.7847432082
203,9801.56422,0.039623,0.0,0.0,9801.524597,400.0,346870.9491873385,0.0,185952.63880178545,532823.587989124,347516.0948209082,0.0,190266.6899223,537782.7847432082
204,9801.56422,0.040233,1000.0,0.0,10801.523987,1280.0,346870.9491873385,0.0,185952.63880178545,532823.587989124,347516.0948209082,0.0,190266.6899223,537782.7847432082
205,9801.56422,0.036671999999999996,636.363636363636,0.0,10437.891184363636,1840.0,346870.9491873385,0.0,185952.63880178545,532823.587989124,347516.0948209082,0.0,190266.6899223,537782.7847432082
206,9801.56422,0.030425999999999998,0.0,0.0,9801.533794,1840.0,346870.9491873385,0.0,185952.63880178545,532823.587989124,347516.0948209082,0.0,190266.6899223,537782.7847432082
207,9801.745571,0.022399000000000002,1000.0,0.0,10801.723172,2720.0,346870.9491873385,0.0,185952.63880178545,532823.587989124,347516.0948209082,0.0,190266.6899223,537782.7847432082
208,9801.945763,0.011132999999999999,1000.0,0.0,10801.93463,3600.0,346870.9491873385,0.0,185952.63880178545,532823.587989124,347516.0948209082,0.0,190266.6899223,537782.7847432082
209,9802.145955,0.00033900000000000005,0.0,1000.0,8802.145616,2600.0,346870.9491873385,0.0,185952.63880178545,532823.587989124,347516.0948209082,0.0,190266.6899223,537782.7847432082
210,9802.346147,0.0,0.0,1000.0,8802.346147,1600.0,346870.9491873385,0.0,185952.63880178545,532823.587989124,347516.0948209082,0.0,190266.6899223,537782.7847432082
211,9802.546339,0.0,0.0,200.0,9602.546339,1400.0,346870.9491873385,0.0,185952.63880178545,532823.587989124,347516.0948209082,0.0,190266.6899223,537782.7847432082
212,9803.500784,0.0,0.0,1000.0,8803.500784,400.0,346870.9491873385,0.0,185952.63880178545,532823.587989124,347516.0948209082,0.0,190266.6899223,537782.7847432082
213,9804.701936,0.0,1000.0,0.0,10804.701936,1280.0,346870.9491873385,0.0,185952.63880178545,532823.587989124,347516.0948209082,0.0,190266.6899223,537782.7847432082
214,9805.903088,0.0,636.363636363636,0.0,10442.266724363635,1840.0,346870.9491873385,0.0,185952.63880178545,532823.587989124,347516.0948209082,0.0,190266.6899223,537782.7847432082
215,9807.104241,0.0,0.0,0.0,9807.104241,1840.0,346870.9491873385,0.0,185952.63880178545,532823.587989124,347516.0948209082,0.0,190266.6899223,537782.7847432082
216,9808.305393,0.0,0.0,0.0,9808.305393,1840.0,346870.9491873385,0.0,185952.63880178545,532823.587989124,347516.0948209082,0.0,190266.6899223,537782.7847432082
217,9809.626896,0.0,0.0,0.0,9809.626896,1840.0,346870.9491873385,0.0,185952.63880178545,532823.587989124,347516.0948209082,0.0,190266.6899223,537782.7847432082
218,9811.02824,0.0,0.0,0.0,9811.02824,1840.0,346870.9491873385,0.0,185952.63880178545,532823.587989124,347516.0948209082,0.0,190266.6899223,537782.7847432082
219,9812.429584,0.0,0.0,0.0,9812.429584,1840.0,346870.9491873385,0.0,185952.63880178545,532823.587989124,347516.0948209082,0.0,190266.6899223,537782.7847432082
220,9813.830929,0.0,1000.0,0.0,10813.830929,2720.0,346870.9491873385,0.0,185952.63880178545,532823.587989124,347516.0948209082,0.0,190266.6899223,537782.7847432082
221,9815.232273,0.0,1000.0,0.0,10815.232273,3600.0,346870.9491873385,0.0,185952.63880178545,532823.587989124,347516.0948209082,0.0,190266.6899223,537782.7847432082
222,9816.543766,0.0,0.0,1000.0,8816.543766,2600.0,346870.9491873385,0.0,185952.63880178545,532823.587989124,347516.0948209082,0.0,190266.6899223,537782.7847432082
223,9817.744919,0.003238,0.0,1000.0,8817.741681000001,1600.0,346870.9491873385,0.0,185952.63880178545,532823.587989124,347516.0948209082,0.0,190266.6899223,537782.7847432082
224,9818.946071,0.012007,0.0,163.436251666668,9655.497812333333,1436.56374833333,346870.9491873385,0.0,185952.63880178545,532823.587989124,347516.0948209082,0.0,190266.6899223,537782.7847432082
225,9820.147223,0.024281,0.0,17.0772951666659,9803.045646833334,1419.48645316667,346870.9491873385,0.0,185952.63880178545,532823.587989124,347516.0948209082,0.0,190266.6899223,537782.7847432082
226,9821.348376,0.016852000000000002,0.0,1000.0,8821.331524,419.486453166666,346870.9491873385,0.0,185952.63880178545,532823.587989124,347516.0948209082,0.0,190266.6899223,537782.7847432082
227,9822.549528,0.017428000000000003,0.0,19.4864531666663,9803.045646833334,400.0,346870.9491873385,0.0,185952.63880178545,532823.587989124,347516.0948209082,0.0,190266.6899223,537782.7847432082
228,9823.75068,0.016327,1000.0,0.0,10823.734353,1280.0,346870.9491873385,0.0,185952.63880178545,532823.587989124,347516.0948209082,0.0,190266.6899223,537782.7847432082
229,9824.951832,0.026372,636.363636363636,0.0,10461.289096363636,1840.0,346870.9491873385,0.0,185952.63880178545,532823.587989124,347516.0948209082,0.0,190266.6899223,537782.7847432082
230,9826.152985,0.025422999999999998,0.0,0.0,9826.127562000001,1840.0,346870.9491873385,0.0,185952.63880178545,532823.587989124,347516.0948209082,0.0,190266.6899223,537782.7847432082
231,9827.354137,0.018274000000000002,1000.0,0.0,10827.335863,2720.0,346870.9491873385,0.0,185952.63880178545,532823.587989124,347516.0948209082,0.0,190266.6899223,537782.7847432082
232,9828.612992,0.0063869999999999994,1000.0,0.0,10828.606605,3600.0,346870.9491873385,0.0,185952.63880178545,532823.587989124,347516.0948209082,0.0,190266.6899223,537782.7847432082
233,9830.214528,4.2000000000000004e-05,0.0,1000.0,8830.214486,2600.0,346870.9491873385,0.0,185952.63880178545,532823.587989124,347516.0948209082,0.0,190266.6899223,537782.7847432082
234,9831.816064,0.0,0.0,1000.0,8831.816064,1600.0,346870.9491873385,0.0,185952.63880178545,532823.587989124,347516.0948209082,0.0,190266.6899223,537782.7847432082
235,9833.417601,0.0,0.0,1000.0,8833.417601,600.0,346870.9491873385,0.0,185952.63880178545,532823.587989124,347516.0948209082,0.0,190266.6899223,537782.7847432082
236,9835.019137,0.0,0.0,200.0,9635.019137,400.0,346870.9491873385,0.0,185952.63880178545,532823.587989124,347516.0948209082,0.0,190266.6899223,537782.7847432082
237,9836.620673,0.0,992.578564524243,0.0,10829.199237524243,1273.46913678133,346870.9491873385,0.0,185952.63880178545,532823.587989124,347516.0948209082,0.0,190266.6899223,537782.7847432082
238,9838.619296,0.0,688.650155790907,0.0,10527.269451790908,1879.48127387733,346870.9491873385,0.0,185952.63880178545,532823.587989124,347516.0948209082,0.0,190266.6899223,537782.7847432082
239,9840.621217,0.0,0.0,0.0,9840.621217,1879.48127387733,346870.9491873385,0.0,185952.63880178545,532823.587989124,347516.0948209082,0.0,190266.6899223,537782.7847432082
240,9842.623137,0.0,0.0,0.0,9842.623137,1879.48127387733,346870.9491873385,0.0,185952.63880178545,532823.587989124,347516.0948209082,0.0,190266.6899223,537782.7847432082
241,9844.625058,0.0,0.0,0.0,9844.625058,1879.48127387733,346870.9491873385,0.0,185952.63880178545,532823.587989124,347516.0948209082,0.0,190266.6899223,537782.7847432082
242,9846.626978,0.0,0.0,0.0,9846.626978,1879.48127387733,346870.9491873385,0.0,185952.63880178545,532823.587989124,347516.0948209082,0.0,190266.6899223,537782.7847432082
243,9848.628899,0.0,0.0,0.0,9848.628899,1879.48127387733,346870.9491873385,0.0,185952.63880178545,532823.587989124,347516.0948209082,0.0,190266.6899223,537782.7847432082
244,9850.630819,0.0,978.568418524243,0.0,10829.199237524243,2740.62148217867,346870.9491873385,0.0,185952.63880178545,532823.587989124,347516.0948209082,0.0,190266.6899223,537782.7847432082
245,9852.63274,0.0,976.566497524243,0.0,10829.199237524243,3600.0,346870.9491873385,0.0,185952.63880178545,532823.587989124,347516.0948209082,0.0,190266.6899223,537782.7847432082
246,9854.63466,0.0,0.0,1000.0,8854.63466,2600.0,346870.9491873385,0.0,185952.63880178545,532823.587989124,347516.0948209082,0.0,190266.6899223,537782.7847432082
247,9856.63658,0.003622,0.0,1000.0,8856.632958,1600.0,346870.9491873385,0.0,185952.63880178545,532823.587989124,347516.0948209082,0.0,190266.6899223,537782.7847432082
248,9858.500957,0.016284,0.0,55.4390261666667,9803.045646833334,1544.56097383333,346870.9491873385,0.0,185952.63880178545,532823.587989124,347516.0948209082,0.0,190266.6899223,537782.7847432082
249,9860.302686,0.026187000000000002,0.0,1000.0,8860.276499000001,544.560973833333,346870.9491873385,0.0,185952.63880178545,532823.587989124,347516.0948209082,0.0,190266.6899223,537782.7847432082
250,9862.104414,0.033451999999999996,0.0,59.0253151666657,9803.045646833334,485.535658666668,346870.9491873385,0.0,185952.63880178545,532823.587989124,347516.0948209082,0.0,190266.6899223,537782.7847432082
251,9863.906142,0.033741,0.0,85.5356586666676,9778.336742333333,400.0,346870.9491873385,0.0,185952.63880178545,532823.587989124,347516.0948209082,0.0,190266.6899223,537782.7847432082
252,9865.707871,0.017189,963.508555524242,0.0,10829.199237524243,1247.88752886133,346870.9491873385,0.0,185952.63880178545,532823.587989124,347516.0948209082,0.0,190266.6899223,537782.7847432082
253,9867.616643,0.012403,759.688914790908,0.0,10627.293154790907,1916.41377387733,346870.9491873385,0.0,185952.63880178545,532823.587989124,347516.0948209082,0.0,190266.6899223,537782.7847432082
254,9869.618563,0.011781000000000002,0.0,0.0,9869.606782,1916.41377387733,346870.9491873385,0.0,185952.63880178545,532823.587989124,347516.0948209082,0.0,190266.6899223,537782.7847432082
255,9871.620484,0.008359,957.587112524243,0.0,10829.199237524243,2759.09043289867,346870.9491873385,0.0,185952.63880178545,532823.587989124,347516.0948209082,0.0,190266.6899223,537782.7847432082
256,9873.622404,0.00222,955.579053524243,0.0,10829.199237524243,3600.0,346870.9491873385,0.0,185952.63880178545,532823.587989124,347516.0948209082,0.0,190266.6899223,537782.7847432082
257,9875.624325,0.0,0.0,1000.0,8875.624325,2600.0,346870.9491873385,0.0,185952.63880178545,532823.587989124,347516.0948209082,0.0,190266.6899223,537782.7847432082
258,9877.626245,0.0,0.0,1000.0,8877.626245,1600.0,346870.9491873385,0.0,185952.63880178545,532823.587989124,347516.0948209082,0.0,190266.6899223,537782.7847432082
259,9879.628166,0.0,0.0,200.0,9679.628166,1400.0,346870.9491873385,0.0,185952.63880178545,532823.587989124,347516.0948209082,0.0,190266.6899223,537782.7847432082
260,9881.630086,0.0,0.0,1000.0,8881.630086,400.0,346870.9491873385,0.0,185952.63880178545,532823.587989124,347516.0948209082,0.0,190266.6899223,537782.7847432082
261,9883.632007,0.0,0.0,0.0,9883.632007,400.0,346870.9491873385,0.0,185952.63880178545,532823.587989124,347516.0948209082,0.0,190266.6899223,537782.7847432082
262,9885.633927,0.0,0.0,0.0,9885.633927,400.0,346870.9491873385,0.0,185952.63880178545,532823.587989124,347516.0948209082,0.0,190266.6899223,537782.7847432082
263,9887.681892,0.0,0.0,0.0,9887.681892,400.0,346870.9491873385,0.0,185952.63880178545,532823.587989124,347516.0948209082,0.0,190266.6899223,537782.7847432082
264,9889.884004,0.0,0.0,0.0,9889.884004,400.0,346870.9491873385,0.0,185952.63880178545,532823.587989124,347516.0948209082,0.0,190266.6899223,537782.7847432082
265,9892.086117,0.0,0.0,0.0,9892.086117,400.0,346870.9491873385,0.0,185952.63880178545,532823.587989124,347516.0948209082,0.0,190266.6899223,537782.7847432082
266,9894.288229,0.0,0.0,0.0,9894.288229,400.0,346870.9491873385,0.0,185952.63880178545,532823.587989124,347516.0948209082,0.0,190266.6899223,537782.7847432082
267,9896.490342,0.0,0.0,0.0,9896.490342,400.0,346870.9491873385,0.0,185952.63880178545,532823.587989124,347516.0948209082,0.0,190266.6899223,537782.7847432082
268,9898.707998,0.0,0.0,0.0,9898.707998,400.0,346870.9491873385,0.0,185952.63880178545,532823.587989124,347516.0948209082,0.0,190266.6899223,537782.7847432082
269,9901.110303,0.0,0.0,0.0,9901.110303,400.0,346870.9491873385,0.0,185952.63880178545,532823.587989124,347516.0948209082,0.0,190266.6899223,537782.7847432082
270,9903.512607,0.0,0.0,0.0,9903.512607,400.0,346870.9491873385,0.0,185952.63880178545,532823.587989124,347516.0948209082,0.0,190266.6899223,537782.7847432082
271,9905.914912,0.0025859999999999998,0.0,0.0,9905.912326,400.0,346870.9491873385,0.0,185952.63880178545,532823.587989124,347516.0948209082,0.0,190266.6899223,537782.7847432082
272,9908.317217,0.010114000000000001,0.0,0.0,9908.307103,400.0,346870.9491873385,0.0,185952.63880178545,532823.587989124,347516.0948209082,0.0,190266.6899223,537782.7847432082
273,9910.719521,0.014939000000000001,0.0,0.0,9910.704582,400.0,346870.9491873385,0.0,185952.63880178545,532823.587989124,347516.0948209082,0.0,190266.6899223,537782.7847432082
274,9913.492299,0.020834,0.0,0.0,9913.471464999999,400.0,346870.9491873385,0.0,185952.63880178545,532823.587989124,347516.0948209082,0.0,190266.6899223,537782.7847432082
275,9916.294987,0.020935,0.0,0.0,9916.274051999999,400.0,346870.9491873385,0.0,185952.63880178545,532823.587989124,347516.0948209082,0.0,190266.6899223,537782.7847432082
276,9919.097676,0.024845,0.0,0.0,9919.072831,400.0,346870.9491873385,0.0,185952.63880178545,532823.587989124,347516.0948209082,0.0,190266.6899223,537782.7847432082
277,9921.900365,0.019062000000000003,0.0,0.0,9921.881303,400.0,346870.9491873385,0.0,185952.63880178545,532823.587989124,347516.0948209082,0.0,190266.6899223,537782.7847432082
278,9924.703053,0.00674,0.0,0.0,9924.696312999999,400.0,346870.9491873385,0.0,185952.63880178545,532823.587989124,347516.0948209082,0.0,190266.6899223,537782.7847432082
279,9927.660478,0.006433,0.0,0.0,9927.654045,400.0,346870.9491873385,0.0,185952.63880178545,532823.587989124,347516.0948209082,0.0,190266.6899223,537782.7847432082
280,9930.663359,0.0019270000000000001,0.0,0.0,9930.661432,400.0,346870.9491873385,0.0,185952.63880178545,532823.587989124,347516.0948209082,0.0,190266.6899223,537782.7847432082
281,9933.66624,0.0,0.0,0.0,9933.66624,400.0,346870.9491873385,0.0,185952.63880178545,532823.587989124,347516.0948209082,0.0,190266.6899223,537782.7847432082
282,9936.66912,0.0,0.0,0.0,9936.66912,400.0,346870.9491873385,0.0,185952.63880178545,532823.587989124,347516.0948209082,0.0,190266.6899223,537782.7847432082
283,9939.672001,0.0,0.0,0.0,9939.672001,400.0,346870.9491873385,0.0,185952.63880178545,532823.587989124,347516.0948209082,0.0,190266.6899223,537782.7847432082
284,9943.668776,0.0,0.0,0.0,9943.668776,400.0,346870.9491873385,0.0,185952.63880178545,532823.587989124,347516.0948209082,0.0,190266.6899223,537782.7847432082
285,9948.273193,0.0,0.0,0.0,9948.273193,400.0,346870.9491873385,0.0,185952.63880178545,532823.587989124,347516.0948209082,0.0,190266.6899223,537782.7847432082
286,9952.87761,0.0,0.0,0.0,9952.87761,400.0,346870.9491873385,0.0,185952.63880178545,532823.587989124,347516.0948209082,0.0,190266.6899223,537782.7847432082
287,9957.482027,0.0,0.0,0.0,9957.482027,400.0,346870.9491873385,0.0,185952.63880178545,532823.587989124,347516.0948209082,0.0,190266.6899223,537782.7847432082
288,9962.086444,0.0,0.0,0.0,9962.086444,400.0,346870.9491873385,0.0,185952.63880178545,532823.587989124,347516.0948209082,0.0,190266.6899223,537782.7847432082
289,9966.409651,0.0,0.0,0.0,9966.409651,400.0,346870.9491873385,0.0,185952.63880178545,532823.587989124,347516.0948209082,0.0,190266.6899223,537782.7847432082
290,9970.413491,0.0,0.0,0.0,9970.413491,400.0,346870.9491873385,0.0,185952.63880178545,532823.587989124,347516.0948209082,0.0,190266.6899223,537782.7847432082
291,9974.417332,0.0,0.0,0.0,9974.417332,400.0,346870.9491873385,0.0,185952.63880178545,532823.587989124,347516.0948209082,0.0,190266.6899223,537782.7847432082
292,9978.421173,0.0,0.0,0.0,9978.421173,400.0,346870.9491873385,0.0,185952.63880178545,532823.587989124,347516.0948209082,0.0,190266.6899223,537782.7847432082
293,9982.425014,0.0,0.0,0.0,9982.425014,400.0,346870.9491873385,0.0,185952.63880178545,532823.587989124,347516.0948209082,0.0,190266.6899223,537782.7847432082
294,9986.555329,0.0,0.0,0.0,9986.555329,400.0,346870.9491873385,0.0,185952.63880178545,532823.587989124,347516.0948209082,0.0,190266.6899223,537782.7847432082
295,9990.959554,0.002312,0.0,0.0,9990.957241999999,400.0,346870.9491873385,0.0,185952.63880178545,532823.587989124,347516.0948209082,0.0,190266.6899223,537782.7847432082
296,9995.363779,0.014728,0.0,0.0,9995.349051,400.0,346870.9491873385,0.0,185952.63880178545,532823.587989124,347516.0948209082,0.0,190266.6899223,537782.7847432082
297,9999.768004,0.020279000000000002,0.0,0.0,9999.747725,400.0,346870.9491873385,0.0,185952.63880178545,532823.587989124,347516.0948209082,0.0,190266.6899223,537782.7847432082
298,10004.17223,0.028683,0.0,0.0,10004.143547,400.0,346870.9491873385,0.0,185952.63880178545,532823.587989124,347516.0948209082,0.0,190266.6899223,537782.7847432082
299,10008.60919,0.034430999999999996,0.0,0.0,10008.574759,400.0,346870.9491873385,0.0,185952.63880178545,532823.587989124,347516.0948209082,0.0,190266.6899223,537782.7847432082
300,10013.21361,0.022751999999999998,0.0,0.0,10013.190858,400.0,346870.9491873385,0.0,185952.63880178545,532823.587989124,347516.0948209082,0.0,190266.6899223,537782.7847432082
301,10017.81803,0.028547,0.0,0.0,10017.789483,400.0,346870.9491873385,0.0,185952.63880178545,532823.587989124,347516.0948209082,0.0,190266.6899223,537782.7847432082
302,10022.42244,0.029027,806.805824524243,0.0,10829.199237524243,1109.98912558133,346870.9491873385,0.0,185952.63880178545,532823.587989124,347516.0948209082,0.0,190266.6899223,537782.7847432082
303,10027.02686,0.018484,568.614319266664,0.0,10595.622695266664,1610.369726536,346870.9491873385,0.0,185952.63880178545,532823.587989124,347516.0948209082,0.0,190266.6899223,537782.7847432082
304,10031.6268,0.00936,0.0,0.0,10031.61744,1610.369726536,346870.9491873385,0.0,185952.63880178545,532823.587989124,347516.0948209082,0.0,190266.6899223,537782.7847432082
305,10035.83083,0.000569,0.0,0.0,10035.830261000001,1610.369726536,346870.9491873385,0.0,185952.63880178545,532823.587989124,347516.0948209082,0.0,190266.6899223,537782.7847432082
306,10040.03487,0.0,0.0,0.0,10040.03487,1610.369726536,346870.9491873385,0.0,185952.63880178545,532823.587989124,347516.0948209082,0.0,190266.6899223,537782.7847432082
307,10044.2389,0.0,0.0,0.0,10044.2389,1610.369726536,346870.9491873385,0.0,185952.63880178545,532823.587989124,347516.0948209082,0.0,190266.6899223,537782.7847432082
308,10048.44293,0.0,0.0,0.0,10048.44293,1610.369726536,346870.9491873385,0.0,185952.63880178545,532823.587989124,347516.0948209082,0.0,190266.6899223,537782.7847432082
309,10052.64697,0.0,0.0,0.0,10052.64697,1610.369726536,346870.9491873385,0.0,185952.63880178545,532823.587989124,347516.0948209082,0.0,190266.6899223,537782.7847432082
310,10055.99135,0.0,0.0,0.0,10055.99135,1610.369726536,346870.9491873385,0.0,185952.63880178545,532823.587989124,347516.0948209082,0.0,190266.6899223,537782.7847432082
311,10059.19442,0.0,0.0,0.0,10059.19442,1610.369726536,346870.9491873385,0.0,185952.63880178545,532823.587989124,347516.0948209082,0.0,190266.6899223,537782.7847432082
312,10062.3975,0.0,0.0,0.0,10062.3975,1610.369726536,346870.9491873385,0.0,185952.63880178545,532823.587989124,347516.0948209082,0.0,190266.6899223,537782.7847432082
313,10065.60057,0.0,0.0,0.0,10065.60057,1610.369726536,346870.9491873385,0.0,185952.63880178545,532823.587989124,347516.0948209082,0.0,190266.6899223,537782.7847432082
314,10068.80364,0.0,0.0,0.0,10068.80364,1610.369726536,346870.9491873385,0.0,185952.63880178545,532823.587989124,347516.0948209082,0.0,190266.6899223,537782.7847432082
315,10072.14814,0.0,757.051097524243,0.0,10829.199237524243,2276.57469235733,346870.9491873385,0.0,185952.63880178545,532823.587989124,347516.0948209082,0.0,190266.6899223,537782.7847432082
316,10075.55141,0.0,753.647827524243,0.0,10829.199237524243,2939.78478057867,346870.9491873385,0.0,185952.63880178545,532823.587989124,347516.0948209082,0.0,190266.6899223,537782.7847432082
317,10078.95467,0.0,750.244567524243,0.0,10829.199237524243,3600.0,346870.9491873385,0.0,185952.63880178545,532823.587989124,347516.0948209082,0.0,190266.6899223,537782.7847432082
318,10082.35794,0.0,0.0,1000.0,9082.35794,2600.0,346870.9491873385,0.0,185952.63880178545,532823.587989124,347516.0948209082,0.0,190266.6899223,537782.7847432082
319,10085.7612,0.005457,0.0,282.710096166667,9803.045646833334,2317.28990383333,346870.9491873385,0.0,185952.63880178545,532823.587989124,347516.0948209082,0.0,190266.6899223,537782.7847432082
320,10089.2754,0.01932,0.0,286.210433166667,9803.045646833334,2031.07947066667,346870.9491873385,0.0,185952.63880178545,532823.587989124,347516.0948209082,0.0,190266.6899223,537782.7847432082
321,10092.87885,0.029568999999999998,0.0,289.803634166665,9803.045646833334,1741.2758365,346870.9491873385,0.0,185952.63880178545,532823.587989124,347516.0948209082,0.0,190266.6899223,537782.7847432082
322,10096.48231,0.035641,0.0,341.275836500001,9755.170832499998,1400.0,346870.9491873385,0.0,185952.63880178545,532823.587989124,347516.0948209082,0.0,190266.6899223,537782.7847432082
323,10100.08577,0.038301,0.0,1000.0,9100.047469,400.0,346870.9491873385,0.0,185952.63880178545,532823.587989124,347516.0948209082,0.0,190266.6899223,537782.7847432082
324,10103.68923,0.039782,725.549789524242,0.0,10829.199237524243,1038.48381478133,346870.9491873385,0.0,185952.63880178545,532823.587989124,347516.0948209082,0.0,190266.6899223,537782.7847432082
325,10107.21225,0.037406,722.024393524242,0.0,10829.199237524243,1673.86528108267,346870.9491873385,0.0,185952.63880178545,532823.587989124,347516.0948209082,0.0,190266.6899223,537782.7847432082
326,10110.61552,0.032046,718.615763524243,0.0,10829.199237524243,2306.247152984,346870.9491873385,0.0,185952.63880178545,532823.587989124,347516.0948209082,0.0,190266.6899223,537782.7847432082
327,10114.01878,0.023549,715.204006524242,0.0,10829.199237524243,2935.62667872533,346870.9491873385,0.0,185952.63880178545,532823.587989124,347516.0948209082,0.0,190266.6899223,537782.7847432082
328,10117.42205,0.011923,711.789110524243,0.0,10829.199237524243,3562.00109598667,346870.9491873385,0.0,185952.63880178545,532823.587989124,347516.0948209082,0.0,190266.6899223,537782.7847432082
329,10120.82531,0.000665,0.0,841.01789282,9279.80675218,2720.98320316667,346870.9491873385,0.0,185952.63880178545,532823.587989124,347516.0948209082,0.0,190266.6899223,537782.7847432082
330,10124.02885,0.0,0.0,320.983203166666,9803.045646833334,2400.0,346870.9491873385,0.0,185952.63880178545,532823.587989124,347516.0948209082,0.0,190266.6899223,537782.7847432082
331,10126.63135,0.0,0.0,1000.0,9126.63135,1400.0,346870.9491873385,0.0,185952.63880178545,532823.587989124,347516.0948209082,0.0,190266.6899223,537782.7847432082
332,10129.23385,0.0,0.0,1000.0,9129.23385,400.0,346870.9491873385,0.0,185952.63880178545,532823.587989124,347516.0948209082,0.0,190266.6899223,537782.7847432082
333,10131.83634,0.0,0.0,0.0,10131.83634,400.0,346870.9491873385,0.0,185952.63880178545,532823.587989124,347516.0948209082,0.0,190266.6899223,537782.7847432082
334,10134.43884,0.0,694.760397524242,0.0,10829.199237524243,1011.38914982133,346870.9491873385,0.0,185952.63880178545,532823.587989124,347516.0948209082,0.0,190266.6899223,537782.7847432082
335,10137.02191,0.0,217.459258742423,0.0,10354.481168742423,1202.75329751467,346870.9491873385,0.0,185952.63880178545,532823.587989124,347516.0948209082,0.0,190266.6899223,537782.7847432082
336,10139.42421,0.0,0.0,0.0,10139.42421,1202.75329751467,346870.9491873385,0.0,185952.63880178545,532823.587989124,347516.0948209082,0.0,190266.6899223,537782.7847432082
337,10141.82652,0.0,0.0,0.0,10141.82652,1202.75329751467,346870.9491873385,0.0,185952.63880178545,532823.587989124,347516.0948209082,0.0,190266.6899223,537782.7847432082
338,10144.22882,0.0,684.970417524242,0.0,10829.199237524243,1805.527264936,346870.9491873385,0.0,185952.63880178545,532823.587989124,347516.0948209082,0.0,190266.6899223,537782.7847432082
339,10146.63113,0.0,682.568107524243,0.0,10829.199237524243,2406.18719955733,346870.9491873385,0.0,185952.63880178545,532823.587989124,347516.0948209082,0.0,190266.6899223,537782.7847432082
340,10149.03343,0.0,680.165807524243,0.0,10829.199237524243,3004.73311017867,346870.9491873385,0.0,185952.63880178545,532823.587989124,347516.0948209082,0.0,190266.6899223,537782.7847432082
341,10152.75959,0.0,676.439647524243,0.0,10829.199237524243,3600.0,346870.9491873385,0.0,185952.63880178545,532823.587989124,347516.0948209082,0.0,190266.6899223,537782.7847432082
342,10156.56324,0.0,0.0,353.517593166665,9803.045646833334,3246.48240683333,346870.9491873385,0.0,185952.63880178545,532823.587989124,347516.0948209082,0.0,190266.6899223,537782.7847432082
343,10160.36689,0.004096,0.0,1000.0,9160.362793999999,2246.48240683333,346870.9491873385,0.0,185952.63880178545,532823.587989124,347516.0948209082,0.0,190266.6899223,537782.7847432082
344,10164.17054,0.017911000000000003,0.0,361.106982166664,9803.045646833334,1885.37542466667,346870.9491873385,0.0,185952.63880178545,532823.587989124,347516.0948209082,0.0,190266.6899223,537782.7847432082
345,10167.97419,0.028594,0.0,743.663827333339,9424.281768666662,1141.71159733333,346870.9491873385,0.0,185952.63880178545,532823.587989124,347516.0948209082,0.0,190266.6899223,537782.7847432082
346,10171.93646,0.034863,0.0,368.855950166666,9803.045646833334,772.855647166665,346870.9491873385,0.0,185952.63880178545,532823.587989124,347516.0948209082,0.0,190266.6899223,537782.7847432082
347,10175.9403,0.039006,0.0,372.855647166665,9803.045646833334,400.0,346870.9491873385,0.0,185952.63880178545,532823.587989124,347516.0948209082,0.0,190266.6899223,537782.7847432082
348,10179.94414,0.039162999999999996,649.294260524242,0.0,10829.199237524243,971.378949261333,346870.9491873385,0.0,185952.63880178545,532823.587989124,347516.0948209082,0.0,190266.6899223,537782.7847432082
349,10183.94798,0.036061,645.287318524242,0.0,10829.199237524243,1539.23178956267,346870.9491873385,0.0,185952.63880178545,532823.587989124,347516.0948209082,0.0,190266.6899223,537782.7847432082
350,10187.95182,0.030809000000000003,641.278226524242,0.0,10829.199237524243,2103.556628904,346870.9491873385,0.0,185952.63880178545,532823.587989124,347516.0948209082,0.0,190266.6899223,537782.7847432082
351,10191.82754,0.022703,637.394400524243,0.0,10829.199237524243,2664.46370136533,346870.9491873385,0.0,185952.63880178545,532823.587989124,347516.0948209082,0.0,190266.6899223,537782.7847432082
352,10195.63119,0.010894000000000001,633.578941524242,0.0,10829.199237524243,3222.01316990667,346870.9491873385,0.0,185952.63880178545,532823.587989124,347516.0948209082,0.0,190266.6899223,537782.7847432082
353,10199.43484,0.000384,0.0,1000.0,9199.434455999999,2222.01316990667,346870.9491873385,0.0,185952.63880178545,532823.587989124,347516.0948209082,0.0,190266.6899223,537782.7847432082
354,10203.23849,0.0,0.0,400.192843166666,9803.045646833334,1821.82032674,346870.9491873385,0.0,185952.63880178545,532823.587989124,347516.0948209082,0.0,190266.6899223,537782.7847432082
355,10207.04214,0.0,0.0,421.820326740001,9785.22181326,1400.0,346870.9491873385,0.0,185952.63880178545,532823.587989124,347516.0948209082,0.0,190266.6899223,537782.7847432082
356,10210.65054,0.0,0.0,1000.0,9210.65054,400.0,346870.9491873385,0.0,185952.63880178545,532823.587989124,347516.0948209082,0.0,190266.6899223,537782.7847432082
357,10214.0538,0.0,62.4738512181819,0.0,10276.52765121818,454.976989072,346870.9491873385,0.0,185952.63880178545,532823.587989124,347516.0948209082,0.0,190266.6899223,537782.7847432082
358,10217.45707,0.0,0.0,0.0,10217.45707,454.976989072,346870.9491873385,0.0,185952.63880178545,532823.587989124,347516.0948209082,0.0,190266.6899223,537782.7847432082
359,10220.86033,0.0,0.0,0.0,10220.86033,454.976989072,346870.9491873385,0.0,185952.63880178545,532823.587989124,347516.0948209082,0.0,190266.6899223,537782.7847432082
360,10224.2636,0.0,604.935637524242,0.0,10829.199237524243,987.320350093333,346870.9491873385,0.0,185952.63880178545,532823.587989124,347516.0948209082,0.0,190266.6899223,537782.7847432082
361,10227.80111,0.0,601.398127524242,0.0,10829.199237524243,1516.55070231467,346870.9491873385,0.0,185952.63880178545,532823.587989124,347516.0948209082,0.0,190266.6899223,537782.7847432082
362,10231.60476,0.0,597.594477524242,0.0,10829.199237524243,2042.433842536,346870.9491873385,0.0,185952.63880178545,532823.587989124,347516.0948209082,0.0,190266.6899223,537782.7847432082
363,10235.40841,0.0,593.790827524243,0.0,10829.199237524243,2564.96977075733,346870.9491873385,0.0,185952.63880178545,532823.587989124,347516.0948209082,0.0,190266.6899223,537782.7847432082
364,10239.21206,0.0,589.987177524243,0.0,10829.199237524243,3084.15848697867,346870.9491873385,0.0,185952.63880178545,532823.587989124,347516.0948209082,0.0,190266.6899223,537782.7847432082
365,10243.0157,0.0,586.183537524243,0.0,10829.199237524243,3600.0,346870.9491873385,0.0,185952.63880178545,532823.587989124,347516.0948209082,0.0,190266.6899223,537782.7847432082
366,10246.56299,0.0,0.0,443.517343166666,9803.045646833334,3156.48265683333,346870.9491873385,0.0,185952.63880178545,532823.587989124,347516.0948209082,0.0,190266.6899223,537782.7847432082
367,10248.96529,0.0013289999999999999,0.0,948.853644166671,9300.110316833328,2207.62901266666,346870.9491873385,0.0,185952.63880178545,532823.587989124,347516.0948209082,0.0,190266.6899223,537782.7847432082
368,10251.3676,0.010158,0.0,448.311795166666,9803.045646833334,1759.3172175,346870.9491873385,0.0,185952.63880178545,532823.587989124,347516.0948209082,0.0,190266.6899223,537782.7847432082
369,10253.7699,0.008275000000000001,0.0,450.715978166665,9803.045646833334,1308.60123933333,346870.9491873385,0.0,185952.63880178545,532823.587989124,347516.0948209082,0.0,190266.6899223,537782.7847432082
370,10256.17221,0.022677,0.0,453.103886166666,9803.045646833334,855.497353166666,346870.9491873385,0.0,185952.63880178545,532823.587989124,347516.0948209082,0.0,190266.6899223,537782.7847432082
371,10258.56227,0.01927,0.0,455.497353166666,9803.045646833334,400.0,346870.9491873385,0.0,185952.63880178545,532823.587989124,347516.0948209082,0.0,190266.6899223,537782.7847432082
372,10260.56419,0.017925,568.652972524244,0.0,10829.199237524243,900.414615821334,346870.9491873385,0.0,185952.63880178545,532823.587989124,347516.0948209082,0.0,190266.6899223,537782.7847432082
373,10262.56611,0.013858,566.646985524243,0.0,10829.199237524243,1399.06396308267,346870.9491873385,0.0,185952.63880178545,532823.587989124,347516.0948209082,0.0,190266.6899223,537782.7847432082
374,10264.56803,0.014903000000000001,564.646110524242,0.0,10829.199237524243,1895.952540344,346870.9491873385,0.0,185952.63880178545,532823.587989124,347516.0948209082,0.0,190266.6899223,537782.7847432082
375,10266.56995,0.004914,562.634201524243,0.0,10829.199237524243,2391.07063768533,346870.9491873385,0.0,185952.63880178545,532823.587989124,347516.0948209082,0.0,190266.6899223,537782.7847432082
376,10268.57187,0.004165,560.631532524243,0.0,10829.199237524243,2884.42638630667,346870.9491873385,0.0,185952.63880178545,532823.587989124,347516.0948209082,0.0,190266.6899223,537782.7847432082
377,10270.92542,0.000352,0.0,1000.0,9270.925068,1884.42638630667,346870.9491873385,0.0,185952.63880178545,532823.587989124,347516.0948209082,0.0,190266.6899223,537782.7847432082
378,10273.32772,0.0,0.0,536.655319973335,9736.672400026664,1347.77106633333,346870.9491873385,0.0,185952.63880178545,532823.587989124,347516.0948209082,0.0,190266.6899223,537782.7847432082
379,10275.73003,0.0,0.0,472.684383166667,9803.045646833334,875.086683166666,346870.9491873385,0.0,185952.63880178545,532823.587989124,347516.0948209082,0.0,190266.6899223,537782.7847432082
380,10278.13233,0.0,0.0,475.086683166666,9803.045646833334,400.0,346870.9491873385,0.0,185952.63880178545,532823.587989124,347516.0948209082,0.0,190266.6899223,537782.7847432082
381,10280.53464,0.0,0.0,0.0,10280.53464,400.0,346870.9491873385,0.0,185952.63880178545,532823.587989124,347516.0948209082,0.0,190266.6899223,537782.7847432082
382,10282.79163,0.0,0.0,0.0,10282.79163,400.0,346870.9491873385,0.0,185952.63880178545,532823.587989124,347516.0948209082,0.0,190266.6899223,537782.7847432082
383,10284.99374,0.0,544.205497524243,0.0,10829.199237524243,878.900837821334,346870.9491873385,0.0,185952.63880178545,532823.587989124,347516.0948209082,0.0,190266.6899223,537782.7847432082
384,10287.19585,0.0,542.003387524242,0.0,10829.199237524243,1355.86381884267,346870.9491873385,0.0,185952.63880178545,532823.587989124,347516.0948209082,0.0,190266.6899223,537782.7847432082
385,10289.39796,0.0,539.801277524242,0.0,10829.199237524243,1830.888943064,346870.9491873385,0.0,185952.63880178545,532823.587989124,347516.0948209082,0.0,190266.6899223,537782.7847432082
386,10291.60008,0.0,410.768661218182,0.0,10702.368741218183,2192.365364936,346870.9491873385,0.0,185952.63880178545,532823.587989124,347516.0948209082,0.0,190266.6899223,537782.7847432082
387,10293.80219,0.0,535.397047524242,0.0,10829.199237524243,2663.51476675733,346870.9491873385,0.0,185952.63880178545,532823.587989124,347516.0948209082,0.0,190266.6899223,537782.7847432082
388,10296.0043,0.0,533.194937524242,0.0,10829.199237524243,3132.72631177867,346870.9491873385,0.0,185952.63880178545,532823.587989124,347516.0948209082,0.0,190266.6899223,537782.7847432082
389,10298.20641,0.0,530.992827524242,0.0,10829.199237524243,3600.0,346870.9491873385,0.0,185952.63880178545,532823.587989124,347516.0948209082,0.0,190266.6899223,537782.7847432082
390,10300.40853,0.0,0.0,686.344668166672,9614.063861833329,2913.65533183333,346870.9491873385,0.0,185952.63880178545,532823.587989124,347516.0948209082,0.0,190266.6899223,537782.7847432082
391,10302.61064,0.0014039999999999999,0.0,499.563589166666,9803.045646833334,2414.09174266666,346870.9491873385,0.0,185952.63880178545,532823.587989124,347516.0948209082,0.0,190266.6899223,537782.7847432082
392,10304.47549,0.002984,0.0,501.426859166666,9803.045646833334,1912.6648835,346870.9491873385,0.0,185952.63880178545,532823.587989124,347516.0948209082,0.0,190266.6899223,537782.7847432082
393,10305.87683,0.009437,0.0,502.821746166665,9803.045646833334,1409.84313733333,346870.9491873385,0.0,185952.63880178545,532823.587989124,347516.0948209082,0.0,190266.6899223,537782.7847432082
394,10307.27818,0.009809,0.0,504.222724166666,9803.045646833334,905.620413166665,346870.9491873385,0.0,185952.63880178545,532823.587989124,347516.0948209082,0.0,190266.6899223,537782.7847432082
395,10308.67952,0.013460000000000001,0.0,505.620413166665,9803.045646833334,400.0,346870.9491873385,0.0,185952.63880178545,532823.587989124,347516.0948209082,0.0,190266.6899223,537782.7847432082
396,10310.08086,0.013353,519.131730524243,0.0,10829.199237524243,856.835922861334,346870.9491873385,0.0,185952.63880178545,532823.587989124,347516.0948209082,0.0,190266.6899223,537782.7847432082
397,10311.53602,0.011054000000000001,517.674271524244,0.0,10829.199237524243,1312.38928180267,346870.9491873385,0.0,185952.63880178545,532823.587989124,347516.0948209082,0.0,190266.6899223,537782.7847432082
398,10313.13756,0.009914,516.071591524244,0.0,10829.199237524243,1766.532282344,346870.9491873385,0.0,185952.63880178545,532823.587989124,347516.0948209082,0.0,190266.6899223,537782.7847432082
399,10314.7391,0.006738000000000001,514.466875524242,0.0,10829.199237524243,2219.26313280534,346870.9491873385,0.0,185952.63880178545,532823.587989124,347516.0948209082,0.0,190266.6899223,537782.7847432082
400,10316.34063,0.003401,512.862008524242,0.0,10829.199237524243,2670.58170030667,346870.9491873385,0.0,185952.63880178545,532823.587989124,347516.0948209082,0.0,190266.6899223,537782.7847432082
401,10317.94217,0.00013600000000000003,0.0,716.953440806671,9600.98859319333,1953.6282595,346870.9491873385,0.0,185952.63880178545,532823.587989124,347516.0948209082,0.0,190266.6899223,537782.7847432082
402,10319.52039,0.0,0.0,516.474743166666,9803.045646833334,1437.15351633333,346870.9491873385,0.0,185952.63880178545,532823.587989124,347516.0948209082,0.0,190266.6899223,537782.7847432082
403,10320.92173,0.0,0.0,517.876083166666,9803.045646833334,919.277433166666,346870.9491873385,0.0,185952.63880178545,532823.587989124,347516.0948209082,0.0,190266.6899223,537782.7847432082
404,10322.32308,0.0,0.0,519.277433166666,9803.045646833334,400.0,346870.9491873385,0.0,185952.63880178545,532823.587989124,347516.0948209082,0.0,190266.6899223,537782.7847432082
405,10323.72442,0.0,505.474817524242,0.0,10829.199237524243,844.817839421333,346870.9491873385,0.0,185952.63880178545,532823.587989124,347516.0948209082,0.0,190266.6899223,537782.7847432082
406,10325.12577,0.0,504.073467524242,0.0,10829.199237524243,1288.40249084267,346870.9491873385,0.0,185952.63880178545,532823.587989124,347516.0948209082,0.0,190266.6899223,537782.7847432082
407,10326.52711,0.0,502.672127524242,0.0,10829.199237524243,1730.753963064,346870.9491873385,0.0,185952.63880178545,532823.587989124,347516.0948209082,0.0,190266.6899223,537782.7847432082
408,10327.92846,0.0,138.02887369394,0.0,10465.95733369394,1852.21937191467,346870.9491873385,0.0,185952.63880178545,532823.587989124,347516.0948209082,0.0,190266.6899223,537782.7847432082
409,10329.3298,0.0,0.0,0.0,10329.3298,1852.21937191467,346870.9491873385,0.0,185952.63880178545,532823.587989124,347516.0948209082,0.0,190266.6899223,537782.7847432082
410,10330.73114,0.0,498.468097524243,0.0,10829.199237524243,2290.871297736,346870.9491873385,0.0,185952.63880178545,532823.587989124,347516.0948209082,0.0,190266.6899223,537782.7847432082
411,10332.13249,0.0,497.066747524243,0.0,10829.199237524243,2728.29003555733,346870.9491873385,0.0,185952.63880178545,532823.587989124,347516.0948209082,0.0,190266.6899223,537782.7847432082
412,10333.53383,0.0,495.665407524242,0.0,10829.199237524243,3164.47559417867,346870.9491873385,0.0,185952.63880178545,532823.587989124,347516.0948209082,0.0,190266.6899223,537782.7847432082
413,10334.28514,0.0,494.914097524243,0.0,10829.199237524243,3600.0,346870.9491873385,0.0,185952.63880178545,532823.587989124,347516.0948209082,0.0,190266.6899223,537782.7847432082
414,10334.88572,0.0,0.0,531.840073166666,9803.045646833334,3068.15992683333,346870.9491873385,0.0,185952.63880178545,532823.587989124,347516.0948209082,0.0,190266.6899223,537782.7847432082
415,10335.48629,0.002142,0.0,532.438501166667,9803.045646833334,2535.72142566667,346870.9491873385,0.0,185952.63880178545,532823.587989124,347516.0948209082,0.0,190266.6899223,537782.7847432082
416,10336.08687,0.0064600000000000005,0.0,533.034763166665,9803.045646833334,2002.6866625,346870.9491873385,0.0,185952.63880178545,532823.587989124,347516.0948209082,0.0,190266.6899223,537782.7847432082
417,10336.68745,0.016709,0.0,533.625094166666,9803.045646833334,1469.06156833333,346870.9491873385,0.0,185952.63880178545,532823.587989124,347516.0948209082,0.0,190266.6899223,537782.7847432082
418,10337.28802,0.011012000000000001,0.0,534.231361166665,9803.045646833334,934.830207166666,346870.9491873385,0.0,185952.63880178545,532823.587989124,347516.0948209082,0.0,190266.6899223,537782.7847432082
419,10337.8886,0.012746,0.0,534.830207166666,9803.045646833334,400.0,346870.9491873385,0.0,185952.63880178545,532823.587989124,347516.0948209082,0.0,190266.6899223,537782.7847432082
420,10338.48918,0.013358,490.723415524242,0.0,10829.199237524243,831.836605661333,346870.9491873385,0.0,185952.63880178545,532823.587989124,347516.0948209082,0.0,190266.6899223,537782.7847432082
421,10339.08975,0.00994,490.119427524243,0.0,10829.199237524243,1263.14170188267,346870.9491873385,0.0,185952.63880178545,532823.587989124,347516.0948209082,0.0,190266.6899223,537782.7847432082
422,10339.69033,0.012235,489.521142524243,0.0,10829.199237524243,1693.920307304,346870.9491873385,0.0,185952.63880178545,532823.587989124,347516.0948209082,0.0,190266.6899223,537782.7847432082
423,10340.18939,0.015148,489.024995524243,0.0,10829.199237524243,2124.26230336533,346870.9491873385,0.0,185952.63880178545,532823.587989124,347516.0948209082,0.0,190266.6899223,537782.7847432082
424,10340.58978,0.013211,488.622668524241,0.0,10829.199237524243,2554.25025166666,346870.9491873385,0.0,185952.63880178545,532823.587989124,347516.0948209082,0.0,190266.6899223,537782.7847432082
425,10340.99016,0.001121,0.0,537.943392166666,9803.045646833334,2016.3068595,346870.9491873385,0.0,185952.63880178545,532823.587989124,347516.0948209082,0.0,190266.6899223,537782.7847432082
426,10341.39055,0.0,0.0,538.344903166666,9803.045646833334,1477.96195633333,346870.9491873385,0.0,185952.63880178545,532823.587989124,347516.0948209082,0.0,190266.6899223,537782.7847432082
427,10341.79093,0.0,0.0,538.745283166665,9803.045646833334,939.216673166666,346870.9491873385,0.0,185952.63880178545,532823.587989124,347516.0948209082,0.0,190266.6899223,537782.7847432082
428,10342.26232,0.0,0.0,539.216673166666,9803.045646833334,400.0,346870.9491873385,0.0,185952.63880178545,532823.587989124,347516.0948209082,0.0,190266.6899223,537782.7847432082
429,10342.8629,0.0,0.0,0.0,10342.8629,400.0,346870.9491873385,0.0,185952.63880178545,532823.587989124,347516.0948209082,0.0,190266.6899223,537782.7847432082
430,10343.46348,0.0,0.0,0.0,10343.46348,400.0,346870.9491873385,0.0,185952.63880178545,532823.587989124,347516.0948209082,0.0,190266.6899223,537782.7847432082
431,10344.06405,0.0,0.0,0.0,10344.06405,400.0,346870.9491873385,0.0,185952.63880178545,532823.587989124,347516.0948209082,0.0,190266.6899223,537782.7847432082
432,10344.66463,0.0,0.0,0.0,10344.66463,400.0,346870.9491873385,0.0,185952.63880178545,532823.587989124,347516.0948209082,0.0,190266.6899223,537782.7847432082
433,10345.2247,0.0,0.0,0.0,10345.2247,400.0,346870.9491873385,0.0,185952.63880178545,532823.587989124,347516.0948209082,0.0,190266.6899223,537782.7847432082
434,10345.62508,0.0,0.0,0.0,10345.62508,400.0,346870.9491873385,0.0,185952.63880178545,532823.587989124,347516.0948209082,0.0,190266.6899223,537782.7847432082
435,10346.02546,0.0,0.0,0.0,10346.02546,400.0,346870.9491873385,0.0,185952.63880178545,532823.587989124,347516.0948209082,0.0,190266.6899223,537782.7847432082
436,10346.42585,0.0,0.0,0.0,10346.42585,400.0,346870.9491873385,0.0,185952.63880178545,532823.587989124,347516.0948209082,0.0,190266.6899223,537782.7847432082
437,10346.82623,0.0,0.0,0.0,10346.82623,400.0,346870.9491873385,0.0,185952.63880178545,532823.587989124,347516.0948209082,0.0,190266.6899223,537782.7847432082
438,10347.23663,0.0,0.0,0.0,10347.23663,400.0,346870.9491873385,0.0,185952.63880178545,532823.587989124,347516.0948209082,0.0,190266.6899223,537782.7847432082
439,10347.8372,0.0011140000000000002,0.0,0.0,10347.836086,400.0,346870.9491873385,0.0,185952.63880178545,532823.587989124,347516.0948209082,0.0,190266.6899223,537782.7847432082
440,10348.43778,0.006615,0.0,0.0,10348.431165,400.0,346870.9491873385,0.0,185952.63880178545,532823.587989124,347516.0948209082,0.0,190266.6899223,537782.7847432082
441,10349.03835,0.008792999999999999,0.0,0.0,10349.029557,400.0,346870.9491873385,0.0,185952.63880178545,532823.587989124,347516.0948209082,0.0,190266.6899223,537782.7847432082
442,10349.63893,0.010164999999999999,0.0,0.0,10349.628765,400.0,346870.9491873385,0.0,185952.63880178545,532823.587989124,347516.0948209082,0.0,190266.6899223,537782.7847432082
443,10350.23951,0.009613,0.0,0.0,10350.229897,400.0,346870.9491873385,0.0,185952.63880178545,532823.587989124,347516.0948209082,0.0,190266.6899223,537782.7847432082
444,10350.66038,0.041667,0.0,0.0,10350.618713,400.0,346870.9491873385,0.0,185952.63880178545,532823.587989124,347516.0948209082,0.0,190266.6899223,537782.7847432082
445,10351.06076,0.036702,0.0,0.0,10351.024058,400.0,346870.9491873385,0.0,185952.63880178545,532823.587989124,347516.0948209082,0.0,190266.6899223,537782.7847432082
446,10351.46115,0.033052,0.0,0.0,10351.428097999998,400.0,346870.9491873385,0.0,185952.63880178545,532823.587989124,347516.0948209082,0.0,190266.6899223,537782.7847432082
447,10351.86153,0.023003,0.0,0.0,10351.838527,400.0,346870.9491873385,0.0,185952.63880178545,532823.587989124,347516.0948209082,0.0,190266.6899223,537782.7847432082
448,10352.26192,0.009406000000000001,0.0,0.0,10352.252514000002,400.0,346870.9491873385,0.0,185952.63880178545,532823.587989124,347516.0948209082,0.0,190266.6899223,537782.7847432082
449,10352.6623,0.000436,0.0,0.0,10352.661864,400.0,346870.9491873385,0.0,185952.63880178545,532823.587989124,347516.0948209082,0.0,190266.6899223,537782.7847432082
450,10353.06268,0.0,0.0,0.0,10353.06268,400.0,346870.9491873385,0.0,185952.63880178545,532823.587989124,347516.0948209082,0.0,190266.6899223,537782.7847432082
451,10353.46307,0.0,0.0,0.0,10353.46307,400.0,346870.9491873385,0.0,185952.63880178545,532823.587989124,347516.0948209082,0.0,190266.6899223,537782.7847432082
452,10353.86345,0.0,0.0,0.0,10353.86345,400.0,346870.9491873385,0.0,185952.63880178545,532823.587989124,347516.0948209082,0.0,190266.6899223,537782.7847432082
453,10354.26384,0.0,0.0,0.0,10354.26384,400.0,346870.9491873385,0.0,185952.63880178545,532823.587989124,347516.0948209082,0.0,190266.6899223,537782.7847432082
454,10354.54552,0.0,0.0,0.0,10354.54552,400.0,346870.9491873385,0.0,185952.63880178545,532823.587989124,347516.0948209082,0.0,190266.6899223,537782.7847432082
455,10354.74571,0.0,0.0,0.0,10354.74571,400.0,346870.9491873385,0.0,185952.63880178545,532823.587989124,347516.0948209082,0.0,190266.6899223,537782.7847432082
456,10354.9459,0.0,0.0,0.0,10354.9459,400.0,346870.9491873385,0.0,185952.63880178545,532823.587989124,347516.0948209082,0.0,190266.6899223,537782.7847432082
457,10355.1461,0.0,0.0,0.0,10355.1461,400.0,346870.9491873385,0.0,185952.63880178545,532823.587989124,347516.0948209082,0.0,190266.6899223,537782.7847432082
458,10355.34629,0.0,0.0,0.0,10355.34629,400.0,346870.9491873385,0.0,185952.63880178545,532823.587989124,347516.0948209082,0.0,190266.6899223,537782.7847432082
459,10355.37007,0.0,0.0,0.0,10355.37007,400.0,346870.9491873385,0.0,185952.63880178545,532823.587989124,347516.0948209082,0.0,190266.6899223,537782.7847432082
460,10355.16988,0.0,0.0,0.0,10355.16988,400.0,346870.9491873385,0.0,185952.63880178545,532823.587989124,347516.0948209082,0.0,190266.6899223,537782.7847432082
461,10354.96969,0.0,0.0,0.0,10354.96969,400.0,346870.9491873385,0.0,185952.63880178545,532823.587989124,347516.0948209082,0.0,190266.6899223,537782.7847432082
462,10354.7695,0.0,0.0,0.0,10354.7695,400.0,346870.9491873385,0.0,185952.63880178545,532823.587989124,347516.0948209082,0.0,190266.6899223,537782.7847432082
463,10354.56931,0.0006889999999999999,0.0,0.0,10354.568621,400.0,346870.9491873385,0.0,185952.63880178545,532823.587989124,347516.0948209082,0.0,190266.6899223,537782.7847432082
464,10354.31141,0.004426,0.0,0.0,10354.306984,400.0,346870.9491873385,0.0,185952.63880178545,532823.587989124,347516.0948209082,0.0,190266.6899223,537782.7847432082
465,10353.91103,0.006779,0.0,0.0,10353.904251,400.0,346870.9491873385,0.0,185952.63880178545,532823.587989124,347516.0948209082,0.0,190266.6899223,537782.7847432082
466,10353.51064,0.010152,0.0,0.0,10353.500488,400.0,346870.9491873385,0.0,185952.63880178545,532823.587989124,347516.0948209082,0.0,190266.6899223,537782.7847432082
467,10353.11026,0.014881,0.0,0.0,10353.095379,400.0,346870.9491873385,0.0,185952.63880178545,532823.587989124,347516.0948209082,0.0,190266.6899223,537782.7847432082
468,10352.70988,0.034489,0.0,0.0,10352.675391,400.0,346870.9491873385,0.0,185952.63880178545,532823.587989124,347516.0948209082,0.0,190266.6899223,537782.7847432082
469,10352.30949,0.038861,0.0,0.0,10352.270628999999,400.0,346870.9491873385,0.0,185952.63880178545,532823.587989124,347516.0948209082,0.0,190266.6899223,537782.7847432082
470,10351.90911,0.031920000000000004,0.0,0.0,10351.877190000001,400.0,346870.9491873385,0.0,185952.63880178545,532823.587989124,347516.0948209082,0.0,190266.6899223,537782.7847432082
471,10351.50872,0.02067,0.0,0.0,10351.48805,400.0,346870.9491873385,0.0,185952.63880178545,532823.587989124,347516.0948209082,0.0,190266.6899223,537782.7847432082
472,10351.10834,0.011059,0.0,0.0,10351.097281,400.0,346870.9491873385,0.0,185952.63880178545,532823.587989124,347516.0948209082,0.0,190266.6899223,537782.7847432082
473,10350.70796,0.000757,0.0,0.0,10350.707203,400.0,346870.9491873385,0.0,185952.63880178545,532823.587989124,347516.0948209082,0.0,190266.6899223,537782.7847432082
474,10350.30757,0.0,0.0,0.0,10350.30757,400.0,346870.9491873385,0.0,185952.63880178545,532823.587989124,347516.0948209082,0.0,190266.6899223,537782.7847432082
475,10349.90719,0.0,0.0,0.0,10349.90719,400.0,346870.9491873385,0.0,185952.63880178545,532823.587989124,347516.0948209082,0.0,190266.6899223,537782.7847432082
476,10349.5068,0.0,0.0,0.0,10349.5068,400.0,346870.9491873385,0.0,185952.63880178545,532823.587989124,347516.0948209082,0.0,190266.6899223,537782.7847432082
477,10349.10642,0.0,0.0,0.0,10349.10642,400.0,346870.9491873385,0.0,185952.63880178545,532823.587989124,347516.0948209082,0.0,190266.6899223,537782.7847432082
478,10348.70603,0.0,0.0,0.0,10348.70603,400.0,346870.9491873385,0.0,185952.63880178545,532823.587989124,347516.0948209082,0.0,190266.6899223,537782.7847432082
479,10348.30565,0.0,0.0,0.0,10348.30565,400.0,346870.9491873385,0.0,185952.63880178545,532823.587989124,347516.0948209082,0.0,190266.6899223,537782.7847432082
480,10348.07166,0.0,0.0,0.0,10348.07166,400.0,346870.9491873385,0.0,185952.63880178545,532823.587989124,347516.0948209082,0.0,190266.6899223,537782.7847432082
481,10347.87147,0.0,0.0,0.0,10347.87147,400.0,346870.9491873385,0.0,185952.63880178545,532823.587989124,347516.0948209082,0.0,190266.6899223,537782.7847432082
482,10347.67128,0.0,0.0,0.0,10347.67128,400.0,346870.9491873385,0.0,185952.63880178545,532823.587989124,347516.0948209082,0.0,190266.6899223,537782.7847432082
483,10347.47109,0.0,0.0,0.0,10347.47109,400.0,346870.9491873385,0.0,185952.63880178545,532823.587989124,347516.0948209082,0.0,190266.6899223,537782.7847432082
484,10347.27089,0.0,0.0,0.0,10347.27089,400.0,346870.9491873385,0.0,185952.63880178545,532823.587989124,347516.0948209082,0.0,190266.6899223,537782.7847432082
485,10346.93481,0.0,0.0,0.0,10346.93481,400.0,346870.9491873385,0.0,185952.63880178545,532823.587989124,347516.0948209082,0.0,190266.6899223,537782.7847432082
486,10346.53442,0.0,0.0,0.0,10346.53442,400.0,346870.9491873385,0.0,185952.63880178545,532823.587989124,347516.0948209082,0.0,190266.6899223,537782.7847432082
487,10346.13404,0.00449,0.0,0.0,10346.129550000001,400.0,346870.9491873385,0.0,185952.63880178545,532823.587989124,347516.0948209082,0.0,190266.6899223,537782.7847432082
488,10345.73365,0.018637,0.0,0.0,10345.715013,400.0,346870.9491873385,0.0,185952.63880178545,532823.587989124,347516.0948209082,0.0,190266.6899223,537782.7847432082
489,10345.33327,0.029193000000000004,0.0,0.0,10345.304076999999,400.0,346870.9491873385,0.0,185952.63880178545,532823.587989124,347516.0948209082,0.0,190266.6899223,537782.7847432082
490,10345.03828,0.035183,0.0,0.0,10345.003097,400.0,346870.9491873385,0.0,185952.63880178545,532823.587989124,347516.0948209082,0.0,190266.6899223,537782.7847432082
491,10344.83809,0.039803,0.0,0.0,10344.798287,400.0,346870.9491873385,0.0,185952.63880178545,532823.587989124,347516.0948209082,0.0,190266.6899223,537782.7847432082
492,10344.6379,0.041039,0.0,0.0,10344.596861,400.0,346870.9491873385,0.0,185952.63880178545,532823.587989124,347516.0948209082,0.0,190266.6899223,537782.7847432082
493,10344.43771,0.03769,0.0,0.0,10344.400020000001,400.0,346870.9491873385,0.0,185952.63880178545,532823.587989124,347516.0948209082,0.0,190266.6899223,537782.7847432082
494,10344.23751,0.033079000000000004,0.0,0.0,10344.204431,400.0,346870.9491873385,0.0,185952.63880178545,532823.587989124,347516.0948209082,0.0,190266.6899223,537782.7847432082
495,10343.88753,0.024338000000000002,0.0,0.0,10343.863192,400.0,346870.9491873385,0.0,185952.63880178545,532823.587989124,347516.0948209082,0.0,190266.6899223,537782.7847432082
496,10343.28695,0.012755,0.0,0.0,10343.274195,400.0,346870.9491873385,0.0,185952.63880178545,532823.587989124,347516.0948209082,0.0,190266.6899223,537782.7847432082
497,10342.68638,0.000177,0.0,0.0,10342.686203,400.0,346870.9491873385,0.0,185952.63880178545,532823.587989124,347516.0948209082,0.0,190266.6899223,537782.7847432082
498,10342.0858,0.0,0.0,0.0,10342.0858,400.0,346870.9491873385,0.0,185952.63880178545,532823.587989124,347516.0948209082,0.0,190266.6899223,537782.7847432082
499,10341.48523,0.0,0.0,0.0,10341.48523,400.0,346870.9491873385,0.0,185952.63880178545,532823.587989124,347516.0948209082,0.0,190266.6899223,537782.7847432082
500,10340.92905,0.0,0.0,0.0,10340.92905,400.0,346870.9491873385,0.0,185952.63880178545,532823.587989124,347516.0948209082,0.0,190266.6899223,537782.7847432082
501,10340.52866,0.0,0.0,0.0,10340.52866,400.0,346870.9491873385,0.0,185952.63880178545,532823.587989124,347516.0948209082,0.0,190266.6899223,537782.7847432082
502,10340.12828,0.0,489.070957524242,0.0,10829.199237524243,830.382442621333,346870.9491873385,0.0,185952.63880178545,532823.587989124,347516.0948209082,0.0,190266.6899223,537782.7847432082
503,10339.72789,0.0,489.471347524242,0.0,10829.199237524243,1261.11722844267,346870.9491873385,0.0,185952.63880178545,532823.587989124,347516.0948209082,0.0,190266.6899223,537782.7847432082
504,10339.32751,0.0,489.871727524243,0.0,10829.199237524243,1692.204348664,346870.9491873385,0.0,185952.63880178545,532823.587989124,347516.0948209082,0.0,190266.6899223,537782.7847432082
505,10338.91323,0.0,200.799803693939,0.0,10539.713033693939,1868.90817591467,346870.9491873385,0.0,185952.63880178545,532823.587989124,347516.0948209082,0.0,190266.6899223,537782.7847432082
506,10338.31265,0.0,490.886587524243,0.0,10829.199237524243,2300.888372936,346870.9491873385,0.0,185952.63880178545,532823.587989124,347516.0948209082,0.0,190266.6899223,537782.7847432082
507,10337.71208,0.0,491.487157524243,0.0,10829.199237524243,2733.39707155733,346870.9491873385,0.0,185952.63880178545,532823.587989124,347516.0948209082,0.0,190266.6899223,537782.7847432082
508,10337.1115,0.0,492.087737524242,0.0,10829.199237524243,3166.43428057867,346870.9491873385,0.0,185952.63880178545,532823.587989124,347516.0948209082,0.0,190266.6899223,537782.7847432082
509,10336.51092,0.0,492.688317524242,0.0,10829.199237524243,3600.0,346870.9491873385,0.0,185952.63880178545,532823.587989124,347516.0948209082,0.0,190266.6899223,537782.7847432082
510,10335.91035,0.0,0.0,544.814980166671,9791.095369833329,3055.18501983333,346870.9491873385,0.0,185952.63880178545,532823.587989124,347516.0948209082,0.0,190266.6899223,537782.7847432082
511,10335.30977,0.006358,0.0,532.257765166665,9803.045646833334,2522.92725466666,346870.9491873385,0.0,185952.63880178545,532823.587989124,347516.0948209082,0.0,190266.6899223,537782.7847432082
512,10334.7092,0.019482,0.0,531.644071166666,9803.045646833334,1991.2831835,346870.9491873385,0.0,185952.63880178545,532823.587989124,347516.0948209082,0.0,190266.6899223,537782.7847432082
513,10334.10862,0.029920000000000002,0.0,531.033053166666,9803.045646833334,1460.25013033333,346870.9491873385,0.0,185952.63880178545,532823.587989124,347516.0948209082,0.0,190266.6899223,537782.7847432082
514,10333.50804,0.034984,0.0,530.427409166667,9803.045646833334,929.822721166665,346870.9491873385,0.0,185952.63880178545,532823.587989124,347516.0948209082,0.0,190266.6899223,537782.7847432082
515,10332.90747,0.039102,0.0,529.822721166665,9803.045646833334,400.0,346870.9491873385,0.0,185952.63880178545,532823.587989124,347516.0948209082,0.0,190266.6899223,537782.7847432082
516,10332.1538,0.039102,497.084539524243,0.0,10829.199237524243,837.434394781334,346870.9491873385,0.0,185952.63880178545,532823.587989124,347516.0948209082,0.0,190266.6899223,537782.7847432082
517,10331.35304,0.036174,497.882371524243,0.0,10829.199237524243,1275.57088172267,346870.9491873385,0.0,185952.63880178545,532823.587989124,347516.0948209082,0.0,190266.6899223,537782.7847432082
518,10330.55227,0.031293,498.678260524242,0.0,10829.199237524243,1714.407750984,346870.9491873385,0.0,185952.63880178545,532823.587989124,347516.0948209082,0.0,190266.6899223,537782.7847432082
519,10329.7515,0.023938,499.471675524243,0.0,10829.199237524243,2153.94282544534,346870.9491873385,0.0,185952.63880178545,532823.587989124,347516.0948209082,0.0,190266.6899223,537782.7847432082
520,10328.95073,0.012914,500.261421524243,0.0,10829.199237524243,2594.17287638667,346870.9491873385,0.0,185952.63880178545,532823.587989124,347516.0948209082,0.0,190266.6899223,537782.7847432082
521,10328.14996,0.000255,0.0,623.664536886668,9704.485168113331,1970.5083395,346870.9491873385,0.0,185952.63880178545,532823.587989124,347516.0948209082,0.0,190266.6899223,537782.7847432082
522,10327.34919,0.0,0.0,524.303543166667,9803.045646833334,1446.20479633333,346870.9491873385,0.0,185952.63880178545,532823.587989124,347516.0948209082,0.0,190266.6899223,537782.7847432082
523,10326.54843,0.0,0.0,523.502783166667,9803.045646833334,922.702013166667,346870.9491873385,0.0,185952.63880178545,532823.587989124,347516.0948209082,0.0,190266.6899223,537782.7847432082
524,10325.74766,0.0,0.0,522.702013166667,9803.045646833334,400.0,346870.9491873385,0.0,185952.63880178545,532823.587989124,347516.0948209082,0.0,190266.6899223,537782.7847432082
525,10324.94689,0.0,53.5703336939372,0.0,10378.517223693936,447.141893650665,346870.9491873385,0.0,185952.63880178545,532823.587989124,347516.0948209082,0.0,190266.6899223,537782.7847432082
526,10323.77777,0.0,0.0,0.0,10323.77777,447.141893650665,346870.9491873385,0.0,185952.63880178545,532823.587989124,347516.0948209082,0.0,190266.6899223,537782.7847432082
527,10322.17623,0.0,507.023007524243,0.0,10829.199237524243,893.322140271999,346870.9491873385,0.0,185952.63880178545,532823.587989124,347516.0948209082,0.0,190266.6899223,537782.7847432082
528,10320.5747,0.0,508.624537524243,0.0,10829.199237524243,1340.91173329333,346870.9491873385,0.0,185952.63880178545,532823.587989124,347516.0948209082,0.0,190266.6899223,537782.7847432082
529,10318.97316,0.0,510.226077524243,0.0,10829.199237524243,1789.91068151467,346870.9491873385,0.0,185952.63880178545,532823.587989124,347516.0948209082,0.0,190266.6899223,537782.7847432082
530,10317.37162,0.0,511.827617524243,0.0,10829.199237524243,2240.318984936,346870.9491873385,0.0,185952.63880178545,532823.587989124,347516.0948209082,0.0,190266.6899223,537782.7847432082
531,10315.77009,0.0,513.429147524243,0.0,10829.199237524243,2692.13663475733,346870.9491873385,0.0,185952.63880178545,532823.587989124,347516.0948209082,0.0,190266.6899223,537782.7847432082
532,10314.16855,0.0,515.030687524242,0.0,10829.199237524243,3145.36363977867,346870.9491873385,0.0,185952.63880178545,532823.587989124,347516.0948209082,0.0,190266.6899223,537782.7847432082
533,10312.56701,0.0,516.632227524242,0.0,10829.199237524243,3600.0,346870.9491873385,0.0,185952.63880178545,532823.587989124,347516.0948209082,0.0,190266.6899223,537782.7847432082
534,10310.96548,0.0,0.0,507.919833166667,9803.045646833334,3092.08016683333,346870.9491873385,0.0,185952.63880178545,532823.587989124,347516.0948209082,0.0,190266.6899223,537782.7847432082
535,10309.36394,0.006399,0.0,506.311894166665,9803.045646833334,2585.76827266667,346870.9491873385,0.0,185952.63880178545,532823.587989124,347516.0948209082,0.0,190266.6899223,537782.7847432082
536,10307.82458,0.019138000000000002,0.0,504.759795166667,9803.045646833334,2081.0084775,346870.9491873385,0.0,185952.63880178545,532823.587989124,347516.0948209082,0.0,190266.6899223,537782.7847432082
537,10306.62343,0.029185,0.0,677.529527166669,9629.064717833331,1403.47895033333,346870.9491873385,0.0,185952.63880178545,532823.587989124,347516.0948209082,0.0,190266.6899223,537782.7847432082
538,10305.42228,0.034934,0.0,502.341699166667,9803.045646833334,901.137251166665,346870.9491873385,0.0,185952.63880178545,532823.587989124,347516.0948209082,0.0,190266.6899223,537782.7847432082
539,10304.22113,0.038232,0.0,501.137251166665,9803.045646833334,400.0,346870.9491873385,0.0,185952.63880178545,532823.587989124,347516.0948209082,0.0,190266.6899223,537782.7847432082
540,10303.01997,0.038053,526.217320524243,0.0,10829.199237524243,863.071242061334,346870.9491873385,0.0,185952.63880178545,532823.587989124,347516.0948209082,0.0,190266.6899223,537782.7847432082
541,10301.81764,0.035902,527.417499524243,0.0,10829.199237524243,1327.19864164267,346870.9491873385,0.0,185952.63880178545,532823.587989124,347516.0948209082,0.0,190266.6899223,537782.7847432082
542,10300.21611,0.03183,529.014957524243,0.0,10829.199237524243,1792.731804264,346870.9491873385,0.0,185952.63880178545,532823.587989124,347516.0948209082,0.0,190266.6899223,537782.7847432082
543,10298.61457,0.024337,530.609004524244,0.0,10829.199237524243,2259.66772824534,346870.9491873385,0.0,185952.63880178545,532823.587989124,347516.0948209082,0.0,190266.6899223,537782.7847432082
544,10297.01303,0.009123,532.195330524242,0.0,10829.199237524243,2727.99961910667,346870.9491873385,0.0,185952.63880178545,532823.587989124,347516.0948209082,0.0,190266.6899223,537782.7847432082
545,10295.4115,0.000245,0.0,492.365608166667,9803.045646833334,2235.63401094,346870.9491873385,0.0,185952.63880178545,532823.587989124,347516.0948209082,0.0,190266.6899223,537782.7847432082
546,10293.80996,0.0,0.0,490.764313166666,9803.045646833334,1744.86969777334,346870.9491873385,0.0,185952.63880178545,532823.587989124,347516.0948209082,0.0,190266.6899223,537782.7847432082
547,10291.86786,0.0,0.0,858.049404606671,9433.81845539333,886.820293166666,346870.9491873385,0.0,185952.63880178545,532823.587989124,347516.0948209082,0.0,190266.6899223,537782.7847432082
548,10289.86594,0.0,0.0,486.820293166666,9803.045646833334,400.0,346870.9491873385,0.0,185952.63880178545,532823.587989124,347516.0948209082,0.0,190266.6899223,537782.7847432082
549,10287.86402,0.0,326.130541218181,0.0,10613.994561218182,686.994876272,346870.9491873385,0.0,185952.63880178545,532823.587989124,347516.0948209082,0.0,190266.6899223,537782.7847432082
550,10285.8621,0.0,0.0,0.0,10285.8621,686.994876272,346870.9491873385,0.0,185952.63880178545,532823.587989124,347516.0948209082,0.0,190266.6899223,537782.7847432082
551,10283.86018,0.0,0.0,0.0,10283.86018,686.994876272,346870.9491873385,0.0,185952.63880178545,532823.587989124,347516.0948209082,0.0,190266.6899223,537782.7847432082
552,10281.99804,0.0,547.201197524242,0.0,10829.199237524243,1168.53193009333,346870.9491873385,0.0,185952.63880178545,532823.587989124,347516.0948209082,0.0,190266.6899223,537782.7847432082
553,10280.19631,0.0,549.002927524243,0.0,10829.199237524243,1651.65450631467,346870.9491873385,0.0,185952.63880178545,532823.587989124,347516.0948209082,0.0,190266.6899223,537782.7847432082
554,10278.39459,0.0,550.804647524243,0.0,10829.199237524243,2136.362596136,346870.9491873385,0.0,185952.63880178545,532823.587989124,347516.0948209082,0.0,190266.6899223,537782.7847432082
555,10276.59286,0.0,552.606377524242,0.0,10829.199237524243,2622.65620835733,346870.9491873385,0.0,185952.63880178545,532823.587989124,347516.0948209082,0.0,190266.6899223,537782.7847432082
556,10274.79113,0.0,554.408107524243,0.0,10829.199237524243,3110.53534297867,346870.9491873385,0.0,185952.63880178545,532823.587989124,347516.0948209082,0.0,190266.6899223,537782.7847432082
557,10272.9894,0.0,556.209837524242,0.0,10829.199237524243,3600.0,346870.9491873385,0.0,185952.63880178545,532823.587989124,347516.0948209082,0.0,190266.6899223,537782.7847432082
558,10271.18767,0.0,0.0,468.142023166665,9803.045646833334,3131.85797683333,346870.9491873385,0.0,185952.63880178545,532823.587989124,347516.0948209082,0.0,190266.6899223,537782.7847432082
559,10269.38594,0.003891,0.0,466.336402166666,9803.045646833334,2665.52157466667,346870.9491873385,0.0,185952.63880178545,532823.587989124,347516.0948209082,0.0,190266.6899223,537782.7847432082
560,10267.58421,0.016521,0.0,464.522042166667,9803.045646833334,2200.9995325,346870.9491873385,0.0,185952.63880178545,532823.587989124,347516.0948209082,0.0,190266.6899223,537782.7847432082
561,10265.78249,0.026090000000000002,0.0,880.98834516667,9384.76805483333,1320.01118733333,346870.9491873385,0.0,185952.63880178545,532823.587989124,347516.0948209082,0.0,190266.6899223,537782.7847432082
562,10263.98076,0.031818,0.0,460.903295166667,9803.045646833334,859.107892166665,346870.9491873385,0.0,185952.63880178545,532823.587989124,347516.0948209082,0.0,190266.6899223,537782.7847432082
563,10262.17903,0.025491,0.0,459.107892166665,9803.045646833334,400.0,346870.9491873385,0.0,185952.63880178545,532823.587989124,347516.0948209082,0.0,190266.6899223,537782.7847432082
564,10260.3773,0.038526000000000005,568.860463524243,0.0,10829.199237524243,900.597207901334,346870.9491873385,0.0,185952.63880178545,532823.587989124,347516.0948209082,0.0,190266.6899223,537782.7847432082
565,10258.57557,0.025267,570.648934524243,0.0,10829.199237524243,1402.76827028267,346870.9491873385,0.0,185952.63880178545,532823.587989124,347516.0948209082,0.0,190266.6899223,537782.7847432082
566,10256.77384,0.024321000000000002,572.449718524244,0.0,10829.199237524243,1906.524022584,346870.9491873385,0.0,185952.63880178545,532823.587989124,347516.0948209082,0.0,190266.6899223,537782.7847432082
567,10254.92383,0.021442,574.296849524242,0.0,10829.199237524243,2411.90525016533,346870.9491873385,0.0,185952.63880178545,532823.587989124,347516.0948209082,0.0,190266.6899223,537782.7847432082
568,10252.92191,0.009696,576.287023524243,0.0,10829.199237524243,2919.03783086667,346870.9491873385,0.0,185952.63880178545,532823.587989124,347516.0948209082,0.0,190266.6899223,537782.7847432082
569,10250.91999,0.0007740000000000001,0.0,447.873569166666,9803.045646833334,2471.1642617,346870.9491873385,0.0,185952.63880178545,532823.587989124,347516.0948209082,0.0,190266.6899223,537782.7847432082
570,10248.91807,0.0,0.0,445.872423166666,9803.045646833334,2025.29183853334,346870.9491873385,0.0,185952.63880178545,532823.587989124,347516.0948209082,0.0,190266.6899223,537782.7847432082
571,10246.91615,0.0,0.0,1000.0,9246.91615,1025.29183853334,346870.9491873385,0.0,185952.63880178545,532823.587989124,347516.0948209082,0.0,190266.6899223,537782.7847432082
572,10244.9498,0.0,0.0,625.291838533336,9619.657961466664,400.0,346870.9491873385,0.0,185952.63880178545,532823.587989124,347516.0948209082,0.0,190266.6899223,537782.7847432082
573,10243.34826,0.0,585.850977524242,0.0,10829.199237524243,915.548860221333,346870.9491873385,0.0,185952.63880178545,532823.587989124,347516.0948209082,0.0,190266.6899223,537782.7847432082
574,10241.74672,0.0,73.2116712181836,0.0,10314.958391218182,979.975130893334,346870.9491873385,0.0,185952.63880178545,532823.587989124,347516.0948209082,0.0,190266.6899223,537782.7847432082
575,10240.14519,0.0,0.0,0.0,10240.14519,979.975130893334,346870.9491873385,0.0,185952.63880178545,532823.587989124,347516.0948209082,0.0,190266.6899223,537782.7847432082
576,10238.54365,0.0,0.0,0.0,10238.54365,979.975130893334,346870.9491873385,0.0,185952.63880178545,532823.587989124,347516.0948209082,0.0,190266.6899223,537782.7847432082
577,10236.94211,0.0,592.257127524243,0.0,10829.199237524243,1501.16140311467,346870.9491873385,0.0,185952.63880178545,532823.587989124,347516.0948209082,0.0,190266.6899223,537782.7847432082
578,10235.34058,0.0,593.858657524243,0.0,10829.199237524243,2023.757021736,346870.9491873385,0.0,185952.63880178545,532823.587989124,347516.0948209082,0.0,190266.6899223,537782.7847432082
579,10233.73904,0.0,595.460197524242,0.0,10829.199237524243,2547.76199555733,346870.9491873385,0.0,185952.63880178545,532823.587989124,347516.0948209082,0.0,190266.6899223,537782.7847432082
580,10232.1375,0.0,597.061737524242,0.0,10829.199237524243,3073.17632457867,346870.9491873385,0.0,185952.63880178545,532823.587989124,347516.0948209082,0.0,190266.6899223,537782.7847432082
581,10230.53597,0.0,598.663267524242,0.0,10829.199237524243,3600.0,346870.9491873385,0.0,185952.63880178545,532823.587989124,347516.0948209082,0.0,190266.6899223,537782.7847432082
582,10228.93443,0.0,0.0,1000.0,9228.93443,2600.0,346870.9491873385,0.0,185952.63880178545,532823.587989124,347516.0948209082,0.0,190266.6899223,537782.7847432082
583,10226.705,0.002666,0.0,423.656687166666,9803.045646833334,2176.34331283333,346870.9491873385,0.0,185952.63880178545,532823.587989124,347516.0948209082,0.0,190266.6899223,537782.7847432082
584,10224.30269,0.009025,0.0,421.248018166667,9803.045646833334,1755.09529466667,346870.9491873385,0.0,185952.63880178545,532823.587989124,347516.0948209082,0.0,190266.6899223,537782.7847432082
585,10221.90039,0.022535,0.0,524.663406333339,9697.214448666662,1230.43188833333,346870.9491873385,0.0,185952.63880178545,532823.587989124,347516.0948209082,0.0,190266.6899223,537782.7847432082
586,10219.49809,0.033610999999999995,0.0,416.418832166664,9803.045646833334,814.013056166665,346870.9491873385,0.0,185952.63880178545,532823.587989124,347516.0948209082,0.0,190266.6899223,537782.7847432082
587,10217.09578,0.037077,0.0,414.013056166665,9803.045646833334,400.0,346870.9491873385,0.0,185952.63880178545,532823.587989124,347516.0948209082,0.0,190266.6899223,537782.7847432082
588,10214.69348,0.035668,614.541425524243,0.0,10829.199237524243,940.796454461334,346870.9491873385,0.0,185952.63880178545,532823.587989124,347516.0948209082,0.0,190266.6899223,537782.7847432082
589,10212.29117,0.035703000000000006,616.943770524242,0.0,10829.199237524243,1483.70697252267,346870.9491873385,0.0,185952.63880178545,532823.587989124,347516.0948209082,0.0,190266.6899223,537782.7847432082
590,10209.88887,0.030614000000000002,619.340981524241,0.0,10829.199237524243,2028.727036264,346870.9491873385,0.0,185952.63880178545,532823.587989124,347516.0948209082,0.0,190266.6899223,537782.7847432082
591,10207.48656,0.023297000000000002,621.735974524243,0.0,10829.199237524243,2575.85469384533,346870.9491873385,0.0,185952.63880178545,532823.587989124,347516.0948209082,0.0,190266.6899223,537782.7847432082
592,10205.08426,0.011924,624.126901524243,0.0,10829.199237524243,3125.08636718667,346870.9491873385,0.0,185952.63880178545,532823.587989124,347516.0948209082,0.0,190266.6899223,537782.7847432082
593,10202.8739,0.001839,0.0,1000.0,9202.872061,2125.08636718667,346870.9491873385,0.0,185952.63880178545,532823.587989124,347516.0948209082,0.0,190266.6899223,537782.7847432082
594,10200.87198,0.0,0.0,935.439460853335,9265.432519146665,1189.64690633333,346870.9491873385,0.0,185952.63880178545,532823.587989124,347516.0948209082,0.0,190266.6899223,537782.7847432082
595,10198.87006,0.0,0.0,395.824413166665,9803.045646833334,793.822493166666,346870.9491873385,0.0,185952.63880178545,532823.587989124,347516.0948209082,0.0,190266.6899223,537782.7847432082
596,10196.86814,0.0,0.0,393.822493166666,9803.045646833334,400.0,346870.9491873385,0.0,185952.63880178545,532823.587989124,347516.0948209082,0.0,190266.6899223,537782.7847432082
597,10194.86622,0.0,0.0,0.0,10194.86622,400.0,346870.9491873385,0.0,185952.63880178545,532823.587989124,347516.0948209082,0.0,190266.6899223,537782.7847432082
598,10192.99525,0.0,0.0,0.0,10192.99525,400.0,346870.9491873385,0.0,185952.63880178545,532823.587989124,347516.0948209082,0.0,190266.6899223,537782.7847432082
599,10191.39371,0.0,0.0,0.0,10191.39371,400.0,346870.9491873385,0.0,185952.63880178545,532823.587989124,347516.0948209082,0.0,190266.6899223,537782.7847432082
600,10189.79218,0.0,0.0,0.0,10189.79218,400.0,346870.9491873385,0.0,185952.63880178545,532823.587989124,347516.0948209082,0.0,190266.6899223,537782.7847432082
601,10188.19064,0.0,0.0,0.0,10188.19064,400.0,346870.9491873385,0.0,185952.63880178545,532823.587989124,347516.0948209082,0.0,190266.6899223,537782.7847432082
602,10186.5891,0.0,0.0,0.0,10186.5891,400.0,346870.9491873385,0.0,185952.63880178545,532823.587989124,347516.0948209082,0.0,190266.6899223,537782.7847432082
603,10184.95259,0.0,0.0,0.0,10184.95259,400.0,346870.9491873385,0.0,185952.63880178545,532823.587989124,347516.0948209082,0.0,190266.6899223,537782.7847432082
604,10183.15086,0.0,0.0,0.0,10183.15086,400.0,346870.9491873385,0.0,185952.63880178545,532823.587989124,347516.0948209082,0.0,190266.6899223,537782.7847432082
605,10181.34914,0.0,0.0,0.0,10181.34914,400.0,346870.9491873385,0.0,185952.63880178545,532823.587989124,347516.0948209082,0.0,190266.6899223,537782.7847432082
606,10179.54741,0.0,0.0,0.0,10179.54741,400.0,346870.9491873385,0.0,185952.63880178545,532823.587989124,347516.0948209082,0.0,190266.6899223,537782.7847432082
607,10177.74568,0.006226,0.0,0.0,10177.739454,400.0,346870.9491873385,0.0,185952.63880178545,532823.587989124,347516.0948209082,0.0,190266.6899223,537782.7847432082
608,10175.93948,0.019798,0.0,0.0,10175.919682,400.0,346870.9491873385,0.0,185952.63880178545,532823.587989124,347516.0948209082,0.0,190266.6899223,537782.7847432082
609,10173.93756,0.029773,0.0,0.0,10173.907787,400.0,346870.9491873385,0.0,185952.63880178545,532823.587989124,347516.0948209082,0.0,190266.6899223,537782.7847432082
610,10171.93564,0.034586,0.0,0.0,10171.901054,400.0,346870.9491873385,0.0,185952.63880178545,532823.587989124,347516.0948209082,0.0,190266.6899223,537782.7847432082
611,10169.93371,0.040542,0.0,0.0,10169.893167999999,400.0,346870.9491873385,0.0,185952.63880178545,532823.587989124,347516.0948209082,0.0,190266.6899223,537782.7847432082
612,10167.93179,0.040903,0.0,0.0,10167.890887000001,400.0,346870.9491873385,0.0,185952.63880178545,532823.587989124,347516.0948209082,0.0,190266.6899223,537782.7847432082
613,10165.92987,0.038908000000000005,0.0,0.0,10165.890962,400.0,346870.9491873385,0.0,185952.63880178545,532823.587989124,347516.0948209082,0.0,190266.6899223,537782.7847432082
614,10163.92795,0.033487,0.0,0.0,10163.894462999999,400.0,346870.9491873385,0.0,185952.63880178545,532823.587989124,347516.0948209082,0.0,190266.6899223,537782.7847432082
615,10161.92603,0.025726,0.0,0.0,10161.900304,400.0,346870.9491873385,0.0,185952.63880178545,532823.587989124,347516.0948209082,0.0,190266.6899223,537782.7847432082
616,10159.92411,0.014113,0.0,0.0,10159.909997,400.0,346870.9491873385,0.0,185952.63880178545,532823.587989124,347516.0948209082,0.0,190266.6899223,537782.7847432082
617,10157.92219,0.002094,0.0,0.0,10157.920096,400.0,346870.9491873385,0.0,185952.63880178545,532823.587989124,347516.0948209082,0.0,190266.6899223,537782.7847432082
618,10155.92027,0.0,0.0,0.0,10155.92027,400.0,346870.9491873385,0.0,185952.63880178545,532823.587989124,347516.0948209082,0.0,190266.6899223,537782.7847432082
619,10154.06202,0.0,0.0,0.0,10154.06202,400.0,346870.9491873385,0.0,185952.63880178545,532823.587989124,347516.0948209082,0.0,190266.6899223,537782.7847432082
620,10152.26029,0.0,0.0,0.0,10152.26029,400.0,346870.9491873385,0.0,185952.63880178545,532823.587989124,347516.0948209082,0.0,190266.6899223,537782.7847432082
621,10150.45856,0.0,0.0,0.0,10150.45856,400.0,346870.9491873385,0.0,185952.63880178545,532823.587989124,347516.0948209082,0.0,190266.6899223,537782.7847432082
622,10148.65683,0.0,0.0,0.0,10148.65683,400.0,346870.9491873385,0.0,185952.63880178545,532823.587989124,347516.0948209082,0.0,190266.6899223,537782.7847432082
623,10146.85511,0.0,0.0,0.0,10146.85511,400.0,346870.9491873385,0.0,185952.63880178545,532823.587989124,347516.0948209082,0.0,190266.6899223,537782.7847432082
624,10144.82704,0.0,0.0,0.0,10144.82704,400.0,346870.9491873385,0.0,185952.63880178545,532823.587989124,347516.0948209082,0.0,190266.6899223,537782.7847432082
625,10142.62493,0.0,0.0,0.0,10142.62493,400.0,346870.9491873385,0.0,185952.63880178545,532823.587989124,347516.0948209082,0.0,190266.6899223,537782.7847432082
626,10140.42282,0.0,0.0,0.0,10140.42282,400.0,346870.9491873385,0.0,185952.63880178545,532823.587989124,347516.0948209082,0.0,190266.6899223,537782.7847432082
627,10138.2207,0.0,0.0,0.0,10138.2207,400.0,346870.9491873385,0.0,185952.63880178545,532823.587989124,347516.0948209082,0.0,190266.6899223,537782.7847432082
628,10136.01859,0.0,0.0,0.0,10136.01859,400.0,346870.9491873385,0.0,185952.63880178545,532823.587989124,347516.0948209082,0.0,190266.6899223,537782.7847432082
629,10133.98181,0.0,0.0,0.0,10133.98181,400.0,346870.9491873385,0.0,185952.63880178545,532823.587989124,347516.0948209082,0.0,190266.6899223,537782.7847432082
630,10132.18009,0.0,0.0,0.0,10132.18009,400.0,346870.9491873385,0.0,185952.63880178545,532823.587989124,347516.0948209082,0.0,190266.6899223,537782.7847432082
631,10130.37836,0.005775000000000001,0.0,0.0,10130.372585000001,400.0,346870.9491873385,0.0,185952.63880178545,532823.587989124,347516.0948209082,0.0,190266.6899223,537782.7847432082
632,10128.57663,0.018460999999999998,0.0,0.0,10128.558169,400.0,346870.9491873385,0.0,185952.63880178545,532823.587989124,347516.0948209082,0.0,190266.6899223,537782.7847432082
633,10126.7749,0.028006,0.0,0.0,10126.746894,400.0,346870.9491873385,0.0,185952.63880178545,532823.587989124,347516.0948209082,0.0,190266.6899223,537782.7847432082
634,10125.02534,0.03536,0.0,0.0,10124.98998,400.0,346870.9491873385,0.0,185952.63880178545,532823.587989124,347516.0948209082,0.0,190266.6899223,537782.7847432082
635,10123.4238,0.038776000000000005,0.0,0.0,10123.385024000001,400.0,346870.9491873385,0.0,185952.63880178545,532823.587989124,347516.0948209082,0.0,190266.6899223,537782.7847432082
636,10121.82227,0.040705,0.0,0.0,10121.781565000001,400.0,346870.9491873385,0.0,185952.63880178545,532823.587989124,347516.0948209082,0.0,190266.6899223,537782.7847432082
637,10120.22073,0.034121000000000005,0.0,0.0,10120.186608999998,400.0,346870.9491873385,0.0,185952.63880178545,532823.587989124,347516.0948209082,0.0,190266.6899223,537782.7847432082
638,10118.61919,0.025933,0.0,0.0,10118.593256999999,400.0,346870.9491873385,0.0,185952.63880178545,532823.587989124,347516.0948209082,0.0,190266.6899223,537782.7847432082
639,10117.03933,0.016197,0.0,0.0,10117.023132999999,400.0,346870.9491873385,0.0,185952.63880178545,532823.587989124,347516.0948209082,0.0,190266.6899223,537782.7847432082
640,10115.63798,0.008459,0.0,0.0,10115.629520999999,400.0,346870.9491873385,0.0,185952.63880178545,532823.587989124,347516.0948209082,0.0,190266.6899223,537782.7847432082
641,10114.23664,0.001446,0.0,0.0,10114.235193999999,400.0,346870.9491873385,0.0,185952.63880178545,532823.587989124,347516.0948209082,0.0,190266.6899223,537782.7847432082
642,10112.83529,0.0,0.0,0.0,10112.83529,400.0,346870.9491873385,0.0,185952.63880178545,532823.587989124,347516.0948209082,0.0,190266.6899223,537782.7847432082
643,10111.43395,0.0,0.0,0.0,10111.43395,400.0,346870.9491873385,0.0,185952.63880178545,532823.587989124,347516.0948209082,0.0,190266.6899223,537782.7847432082
644,10110.0326,0.0,0.0,0.0,10110.0326,400.0,346870.9491873385,0.0,185952.63880178545,532823.587989124,347516.0948209082,0.0,190266.6899223,537782.7847432082
645,10108.24854,0.0,0.0,0.0,10108.24854,400.0,346870.9491873385,0.0,185952.63880178545,532823.587989124,347516.0948209082,0.0,190266.6899223,537782.7847432082
646,10106.44681,0.0,0.0,0.0,10106.44681,400.0,346870.9491873385,0.0,185952.63880178545,532823.587989124,347516.0948209082,0.0,190266.6899223,537782.7847432082
647,10104.64508,0.0,0.0,0.0,10104.64508,400.0,346870.9491873385,0.0,185952.63880178545,532823.587989124,347516.0948209082,0.0,190266.6899223,537782.7847432082
648,10102.84336,0.0,0.0,0.0,10102.84336,400.0,346870.9491873385,0.0,185952.63880178545,532823.587989124,347516.0948209082,0.0,190266.6899223,537782.7847432082
649,10101.04163,0.0,728.157607524243,0.0,10829.199237524243,1040.77869462133,346870.9491873385,0.0,185952.63880178545,532823.587989124,347516.0948209082,0.0,190266.6899223,537782.7847432082
650,10099.07904,0.0,705.833916266666,0.0,10804.912956266666,1661.912540936,346870.9491873385,0.0,185952.63880178545,532823.587989124,347516.0948209082,0.0,190266.6899223,537782.7847432082
651,10097.07712,0.0,732.122117524243,0.0,10829.199237524243,2306.18000435733,346870.9491873385,0.0,185952.63880178545,532823.587989124,347516.0948209082,0.0,190266.6899223,537782.7847432082
652,10095.0752,0.0,734.124037524243,0.0,10829.199237524243,2952.20915737867,346870.9491873385,0.0,185952.63880178545,532823.587989124,347516.0948209082,0.0,190266.6899223,537782.7847432082
653,10093.07328,0.0,736.125957524242,0.0,10829.199237524243,3600.0,346870.9491873385,0.0,185952.63880178545,532823.587989124,347516.0948209082,0.0,190266.6899223,537782.7847432082
654,10091.07136,0.0,0.0,288.025713166666,9803.045646833334,3311.97428683333,346870.9491873385,0.0,185952.63880178545,532823.587989124,347516.0948209082,0.0,190266.6899223,537782.7847432082
655,10089.72124,0.0006,0.0,1000.0,9089.720640000001,2311.97428683333,346870.9491873385,0.0,185952.63880178545,532823.587989124,347516.0948209082,0.0,190266.6899223,537782.7847432082
656,10088.72028,0.0046890000000000005,0.0,343.646116500002,9745.069474499998,1968.32817033333,346870.9491873385,0.0,185952.63880178545,532823.587989124,347516.0948209082,0.0,190266.6899223,537782.7847432082
657,10087.71932,0.009559,0.0,284.664114166666,9803.045646833334,1683.66405616667,346870.9491873385,0.0,185952.63880178545,532823.587989124,347516.0948209082,0.0,190266.6899223,537782.7847432082
658,10086.71836,0.008657,0.0,283.664056166666,9803.045646833334,1400.0,346870.9491873385,0.0,185952.63880178545,532823.587989124,347516.0948209082,0.0,190266.6899223,537782.7847432082
659,10085.7174,0.018178,0.0,1000.0,9085.699222,400.0,346870.9491873385,0.0,185952.63880178545,532823.587989124,347516.0948209082,0.0,190266.6899223,537782.7847432082
660,10084.71644,0.017872,744.500669524243,0.0,10829.199237524243,1055.16058918133,346870.9491873385,0.0,185952.63880178545,532823.587989124,347516.0948209082,0.0,190266.6899223,537782.7847432082
661,10083.71548,0.021282,745.505039524242,0.0,10829.199237524243,1711.20502396267,346870.9491873385,0.0,185952.63880178545,532823.587989124,347516.0948209082,0.0,190266.6899223,537782.7847432082
662,10082.71452,0.016687,650.374256266667,0.0,10733.072089266667,2283.53436947733,346870.9491873385,0.0,185952.63880178545,532823.587989124,347516.0948209082,0.0,190266.6899223,537782.7847432082
663,10081.71356,0.006551,747.492228524243,0.0,10829.199237524243,2941.32753057867,346870.9491873385,0.0,185952.63880178545,532823.587989124,347516.0948209082,0.0,190266.6899223,537782.7847432082
664,10080.7126,0.004805,748.491442524242,0.0,10829.199237524243,3600.0,346870.9491873385,0.0,185952.63880178545,532823.587989124,347516.0948209082,0.0,190266.6899223,537782.7847432082
665,10079.71164,0.00028399999999999996,0.0,1000.0,9079.711356,2600.0,346870.9491873385,0.0,185952.63880178545,532823.587989124,347516.0948209082,0.0,190266.6899223,537782.7847432082
666,10078.71068,0.0,0.0,1000.0,9078.71068,1600.0,346870.9491873385,0.0,185952.63880178545,532823.587989124,347516.0948209082,0.0,190266.6899223,537782.7847432082
667,10077.70971,0.0,0.0,926.336896833334,9151.372813166665,673.663103166666,346870.9491873385,0.0,185952.63880178545,532823.587989124,347516.0948209082,0.0,190266.6899223,537782.7847432082
668,10076.70875,0.0,0.0,273.663103166666,9803.045646833334,400.0,346870.9491873385,0.0,185952.63880178545,532823.587989124,347516.0948209082,0.0,190266.6899223,537782.7847432082
669,10075.70779,0.0,0.0,0.0,10075.70779,400.0,346870.9491873385,0.0,185952.63880178545,532823.587989124,347516.0948209082,0.0,190266.6899223,537782.7847432082
670,10074.62911,0.0,0.0,0.0,10074.62911,400.0,346870.9491873385,0.0,185952.63880178545,532823.587989124,347516.0948209082,0.0,190266.6899223,537782.7847432082
671,10073.22777,0.0,0.0,0.0,10073.22777,400.0,346870.9491873385,0.0,185952.63880178545,532823.587989124,347516.0948209082,0.0,190266.6899223,537782.7847432082
672,10071.82642,0.0,0.0,0.0,10071.82642,400.0,346870.9491873385,0.0,185952.63880178545,532823.587989124,347516.0948209082,0.0,190266.6899223,537782.7847432082
673,10070.42508,0.0,758.774157524242,0.0,10829.199237524243,1067.72125862133,346870.9491873385,0.0,185952.63880178545,532823.587989124,347516.0948209082,0.0,190266.6899223,537782.7847432082
674,10069.02374,0.0,588.654906266668,0.0,10657.678646266668,1585.737576136,346870.9491873385,0.0,185952.63880178545,532823.587989124,347516.0948209082,0.0,190266.6899223,537782.7847432082
675,10067.62239,0.0,761.576847524242,0.0,10829.199237524243,2255.92520195733,346870.9491873385,0.0,185952.63880178545,532823.587989124,347516.0948209082,0.0,190266.6899223,537782.7847432082
676,10066.22105,0.0,762.978187524242,0.0,10829.199237524243,2927.34600697867,346870.9491873385,0.0,185952.63880178545,532823.587989124,347516.0948209082,0.0,190266.6899223,537782.7847432082
677,10064.8197,0.0,764.379537524243,0.0,10829.199237524243,3600.0,346870.9491873385,0.0,185952.63880178545,532823.587989124,347516.0948209082,0.0,190266.6899223,537782.7847432082
678,10063.41836,0.0,0.0,1000.0,9063.41836,2600.0,346870.9491873385,0.0,185952.63880178545,532823.587989124,347516.0948209082,0.0,190266.6899223,537782.7847432082
679,10062.01701,0.005466,0.0,258.965897166665,9803.045646833334,2341.03410283334,346870.9491873385,0.0,185952.63880178545,532823.587989124,347516.0948209082,0.0,190266.6899223,537782.7847432082
680,10060.61567,0.017631,0.0,257.552392166665,9803.045646833334,2083.48171066667,346870.9491873385,0.0,185952.63880178545,532823.587989124,347516.0948209082,0.0,190266.6899223,537782.7847432082
681,10059.03627,0.027597000000000003,0.0,255.963026166666,9803.045646833334,1827.5186845,346870.9491873385,0.0,185952.63880178545,532823.587989124,347516.0948209082,0.0,190266.6899223,537782.7847432082
682,10057.43474,0.033811,0.0,427.518684500004,9629.882244499997,1400.0,346870.9491873385,0.0,185952.63880178545,532823.587989124,347516.0948209082,0.0,190266.6899223,537782.7847432082
683,10055.8332,0.037332000000000004,0.0,1000.0,9055.795868,400.0,346870.9491873385,0.0,185952.63880178545,532823.587989124,347516.0948209082,0.0,190266.6899223,537782.7847432082
684,10054.23166,0.037003,775.004580524243,0.0,10829.199237524243,1082.00403086133,346870.9491873385,0.0,185952.63880178545,532823.587989124,347516.0948209082,0.0,190266.6899223,537782.7847432082
685,10052.63013,0.038427,776.607534524243,0.0,10829.199237524243,1765.41866124267,346870.9491873385,0.0,185952.63880178545,532823.587989124,347516.0948209082,0.0,190266.6899223,537782.7847432082
686,10051.3237,0.033299,525.375767266667,0.0,10576.666168266667,2227.74933643733,346870.9491873385,0.0,185952.63880178545,532823.587989124,347516.0948209082,0.0,190266.6899223,537782.7847432082
687,10050.12254,0.006951,779.083648524242,0.0,10829.199237524243,2913.34294713867,346870.9491873385,0.0,185952.63880178545,532823.587989124,347516.0948209082,0.0,190266.6899223,537782.7847432082
688,10048.92139,0.014258,780.292105524242,0.0,10829.199237524243,3600.0,346870.9491873385,0.0,185952.63880178545,532823.587989124,347516.0948209082,0.0,190266.6899223,537782.7847432082
689,10047.72024,0.001183,0.0,1000.0,9047.719057,2600.0,346870.9491873385,0.0,185952.63880178545,532823.587989124,347516.0948209082,0.0,190266.6899223,537782.7847432082
690,10046.51909,0.0,0.0,1000.0,9046.51909,1600.0,346870.9491873385,0.0,185952.63880178545,532823.587989124,347516.0948209082,0.0,190266.6899223,537782.7847432082
691,10045.20088,0.0,0.0,959.246106833334,9085.954773166666,640.753893166666,346870.9491873385,0.0,185952.63880178545,532823.587989124,347516.0948209082,0.0,190266.6899223,537782.7847432082
692,10043.79954,0.0,0.0,240.753893166666,9803.045646833334,400.0,346870.9491873385,0.0,185952.63880178545,532823.587989124,347516.0948209082,0.0,190266.6899223,537782.7847432082
693,10042.39819,0.0,0.0,0.0,10042.39819,400.0,346870.9491873385,0.0,185952.63880178545,532823.587989124,347516.0948209082,0.0,190266.6899223,537782.7847432082
694,10040.99685,0.0,0.0,0.0,10040.99685,400.0,346870.9491873385,0.0,185952.63880178545,532823.587989124,347516.0948209082,0.0,190266.6899223,537782.7847432082
695,10039.5955,0.0,0.0,0.0,10039.5955,400.0,346870.9491873385,0.0,185952.63880178545,532823.587989124,347516.0948209082,0.0,190266.6899223,537782.7847432082
696,10038.10761,0.0,791.091627524243,0.0,10829.199237524243,1096.16063222133,346870.9491873385,0.0,185952.63880178545,532823.587989124,347516.0948209082,0.0,190266.6899223,537782.7847432082
697,10036.50607,0.0,792.693167524243,0.0,10829.199237524243,1793.73061964267,346870.9491873385,0.0,185952.63880178545,532823.587989124,347516.0948209082,0.0,190266.6899223,537782.7847432082
698,10034.90453,0.0,455.869646266665,0.0,10490.774176266665,2194.89590835733,346870.9491873385,0.0,185952.63880178545,532823.587989124,347516.0948209082,0.0,190266.6899223,537782.7847432082
699,10033.303,0.0,0.0,0.0,10033.303,2194.89590835733,346870.9491873385,0.0,185952.63880178545,532823.587989124,347516.0948209082,0.0,190266.6899223,537782.7847432082
700,10031.70146,0.0,797.497777524242,0.0,10829.199237524243,2896.69395257867,346870.9491873385,0.0,185952.63880178545,532823.587989124,347516.0948209082,0.0,190266.6899223,537782.7847432082
701,10029.98782,0.0,799.211417524242,0.0,10829.199237524243,3600.0,346870.9491873385,0.0,185952.63880178545,532823.587989124,347516.0948209082,0.0,190266.6899223,537782.7847432082
702,10027.9859,0.0,0.0,1000.0,9027.9859,2600.0,346870.9491873385,0.0,185952.63880178545,532823.587989124,347516.0948209082,0.0,190266.6899223,537782.7847432082
703,10025.98398,0.007288,0.0,544.835382500003,9481.141309499997,2055.1646175,346870.9491873385,0.0,185952.63880178545,532823.587989124,347516.0948209082,0.0,190266.6899223,537782.7847432082
704,10023.98206,0.019173,0.0,220.917240166666,9803.045646833334,1834.24737733333,346870.9491873385,0.0,185952.63880178545,532823.587989124,347516.0948209082,0.0,190266.6899223,537782.7847432082
705,10021.98014,0.028149,0.0,218.906344166666,9803.045646833334,1615.34103316667,346870.9491873385,0.0,185952.63880178545,532823.587989124,347516.0948209082,0.0,190266.6899223,537782.7847432082
706,10020.02932,0.036327,0.0,1000.0,9019.992993,615.341033166666,346870.9491873385,0.0,185952.63880178545,532823.587989124,347516.0948209082,0.0,190266.6899223,537782.7847432082
707,10018.42779,0.04111,0.0,215.341033166666,9803.045646833334,400.0,346870.9491873385,0.0,185952.63880178545,532823.587989124,347516.0948209082,0.0,190266.6899223,537782.7847432082
708,10016.82625,0.041667,812.414654524242,0.0,10829.199237524243,1114.92489598133,346870.9491873385,0.0,185952.63880178545,532823.587989124,347516.0948209082,0.0,190266.6899223,537782.7847432082
709,10015.22471,0.039799,814.014326524242,0.0,10829.199237524243,1831.25750332267,346870.9491873385,0.0,185952.63880178545,532823.587989124,347516.0948209082,0.0,190266.6899223,537782.7847432082
710,10013.62318,0.034145,373.760072266669,0.0,10387.34910726667,2160.16636691733,346870.9491873385,0.0,185952.63880178545,532823.587989124,347516.0948209082,0.0,190266.6899223,537782.7847432082
711,10012.02164,0.019622,817.197219524242,0.0,10829.199237524243,2879.29992009867,346870.9491873385,0.0,185952.63880178545,532823.587989124,347516.0948209082,0.0,190266.6899223,537782.7847432082
712,10010.22486,0.0029860000000000004,818.977363524242,0.0,10829.199237524243,3600.0,346870.9491873385,0.0,185952.63880178545,532823.587989124,347516.0948209082,0.0,190266.6899223,537782.7847432082
713,10008.42313,0.000147,0.0,1000.0,9008.422982999999,2600.0,346870.9491873385,0.0,185952.63880178545,532823.587989124,347516.0948209082,0.0,190266.6899223,537782.7847432082
714,10006.6214,0.0,0.0,1000.0,9006.6214,1600.0,346870.9491873385,0.0,185952.63880178545,532823.587989124,347516.0948209082,0.0,190266.6899223,537782.7847432082
715,10004.81967,0.0,0.0,1000.0,9004.81967,600.0,346870.9491873385,0.0,185952.63880178545,532823.587989124,347516.0948209082,0.0,190266.6899223,537782.7847432082
716,10003.01795,0.0,0.0,200.0,9803.01795,400.0,346870.9491873385,0.0,185952.63880178545,532823.587989124,347516.0948209082,0.0,190266.6899223,537782.7847432082
717,9998.086038,0.0,0.0,0.0,9998.086038,400.0,346870.9491873385,0.0,185952.63880178545,532823.587989124,347516.0948209082,0.0,190266.6899223,537782.7847432082
718,9992.480661,0.0,0.0,0.0,9992.480661,400.0,346870.9491873385,0.0,185952.63880178545,532823.587989124,347516.0948209082,0.0,190266.6899223,537782.7847432082
719,9986.875283,0.0,0.0,0.0,9986.875283,400.0,346870.9491873385,0.0,185952.63880178545,532823.587989124,347516.0948209082,0.0,190266.6899223,537782.7847432082
720,9981.269906,0.0,847.929331524243,0.0,10829.199237524243,1146.17781174133,346870.9491873385,0.0,185952.63880178545,532823.587989124,347516.0948209082,0.0,190266.6899223,537782.7847432082
721,9975.664529,0.0,853.534708524243,0.0,10829.199237524243,1897.28835524267,346870.9491873385,0.0,185952.63880178545,532823.587989124,347516.0948209082,0.0,190266.6899223,537782.7847432082
722,9968.850934,0.0,860.348303524243,0.0,10829.199237524243,2654.394862344,346870.9491873385,0.0,185952.63880178545,532823.587989124,347516.0948209082,0.0,190266.6899223,537782.7847432082
723,9961.443828,0.0,191.981672266666,0.0,10153.425500266665,2823.33873393867,346870.9491873385,0.0,185952.63880178545,532823.587989124,347516.0948209082,0.0,190266.6899223,537782.7847432082
724,9954.036722,0.0,0.0,0.0,9954.036722,2823.33873393867,346870.9491873385,0.0,185952.63880178545,532823.587989124,347516.0948209082,0.0,190266.6899223,537782.7847432082
725,9946.629617,0.0,882.569620524242,0.0,10829.199237524243,3600.0,346870.9491873385,0.0,185952.63880178545,532823.587989124,347516.0948209082,0.0,190266.6899223,537782.7847432082
726,9939.222511,0.0,0.0,1000.0,8939.222511,2600.0,346870.9491873385,0.0,185952.63880178545,532823.587989124,347516.0948209082,0.0,190266.6899223,537782.7847432082
727,9932.230392,0.000264,0.0,129.184481166665,9803.045646833334,2470.81551883333,346870.9491873385,0.0,185952.63880178545,532823.587989124,347516.0948209082,0.0,190266.6899223,537782.7847432082
728,9925.624054,0.00466,0.0,122.573747166665,9803.045646833334,2348.24177166667,346870.9491873385,0.0,185952.63880178545,532823.587989124,347516.0948209082,0.0,190266.6899223,537782.7847432082
729,9919.017717,0.008043,0.0,115.964027166667,9803.045646833334,2232.2777445,346870.9491873385,0.0,185952.63880178545,532823.587989124,347516.0948209082,0.0,190266.6899223,537782.7847432082
730,9912.411379,0.016314000000000002,0.0,1000.0,8912.395064999999,1232.2777445,346870.9491873385,0.0,185952.63880178545,532823.587989124,347516.0948209082,0.0,190266.6899223,537782.7847432082
731,9905.805042,0.016906,0.0,832.277744500003,9073.510391499996,400.0,346870.9491873385,0.0,185952.63880178545,532823.587989124,347516.0948209082,0.0,190266.6899223,537782.7847432082
732,9899.271951,0.031246,929.958532524242,0.0,10829.199237524243,1218.36350862133,346870.9491873385,0.0,185952.63880178545,532823.587989124,347516.0948209082,0.0,190266.6899223,537782.7847432082
733,9892.865806,0.035315,936.368746524242,0.0,10829.199237524243,2042.36800556267,346870.9491873385,0.0,185952.63880178545,532823.587989124,347516.0948209082,0.0,190266.6899223,537782.7847432082
734,9886.45966,0.031333,814.473691790911,0.0,10700.90201879091,2759.10485433867,346870.9491873385,0.0,185952.63880178545,532823.587989124,347516.0948209082,0.0,190266.6899223,537782.7847432082
735,9880.053515,0.016754,0.0,0.0,9880.036761,2759.10485433867,346870.9491873385,0.0,185952.63880178545,532823.587989124,347516.0948209082,0.0,190266.6899223,537782.7847432082
736,9873.64737,0.010798,955.562665524241,0.0,10829.199237524243,3600.0,346870.9491873385,0.0,185952.63880178545,532823.587989124,347516.0948209082,0.0,190266.6899223,537782.7847432082
737,9867.070237,0.001238,0.0,1000.0,8867.068999,2600.0,346870.9491873385,0.0,185952.63880178545,532823.587989124,347516.0948209082,0.0,190266.6899223,537782.7847432082
738,9859.863323,0.0,0.0,200.0,9659.863323,2400.0,346870.9491873385,0.0,185952.63880178545,532823.587989124,347516.0948209082,0.0,190266.6899223,537782.7847432082
739,9852.656409,0.0,0.0,1000.0,8852.656409,1400.0,346870.9491873385,0.0,185952.63880178545,532823.587989124,347516.0948209082,0.0,190266.6899223,537782.7847432082
740,9845.449496,0.0,0.0,1000.0,8845.449496,400.0,346870.9491873385,0.0,185952.63880178545,532823.587989124,347516.0948209082,0.0,190266.6899223,537782.7847432082
741,9838.242582,0.0,0.0,0.0,9838.242582,400.0,346870.9491873385,0.0,185952.63880178545,532823.587989124,347516.0948209082,0.0,190266.6899223,537782.7847432082
742,9831.011174,0.0,998.188063524243,0.0,10829.199237524243,1278.40549590133,346870.9491873385,0.0,185952.63880178545,532823.587989124,347516.0948209082,0.0,190266.6899223,537782.7847432082
743,9823.403877,0.0,819.993754657575,0.0,10643.397631657575,2000.0,346870.9491873385,0.0,185952.63880178545,532823.587989124,347516.0948209082,0.0,190266.6899223,537782.7847432082
