time,Pload,Ppv,Pcharge,Pdischarge,Ptotal,state of charge,energy_charge_with_es,nem_charge_with_es,demand_charge_with_es,total_bill_with_es,energy_charge_without_es,nem_charge_without_es,demand_charge_without_es,total_bill_without_es
0,9889.238326,0.0,0.0,0.0,9889.238326,300.0,347423.53398590675,0.0,189503.47516542237,536927.009151329,347516.0948209082,0.0,190266.6899223,537782.7847432082
1,9889.238326,0.0,0.0,0.0,9889.238326,300.0,347423.53398590675,0.0,189503.47516542237,536927.009151329,347516.0948209082,0.0,190266.6899223,537782.7847432082
2,9889.238326,0.0,0.0,0.0,9889.238326,300.0,347423.53398590675,0.0,189503.47516542237,536927.009151329,347516.0948209082,0.0,190266.6899223,537782.7847432082
3,9889.238326,0.0,0.0,0.0,9889.238326,300.0,347423.53398590675,0.0,189503.47516542237,536927.009151329,347516.0948209082,0.0,190266.6899223,537782.7847432082
4,9889.238326,0.0,0.0,0.0,9889.238326,300.0,347423.53398590675,0.0,189503.47516542237,536927.009151329,347516.0948209082,0.0,190266.6899223,537782.7847432082
5,9889.238326,0.0,0.0,0.0,9889.238326,300.0,347423.53398590675,0.0,189503.47516542237,536927.009151329,347516.0948209082,0.0,190266.6899223,537782.7847432082
6,9889.238326,0.0,0.0,0.0,9889.238326,300.0,347423.53398590675,0.0,189503.47516542237,536927.009151329,347516.0948209082,0.0,190266.6899223,537782.7847432082
7,9889.238326,0.004527000000000001,0.0,0.0,9889.233799000001,300.0,347423.53398590675,0.0,189503.47516542237,536927.009151329,347516.0948209082,0.0,190266.6899223,537782.7847432082
8,9889.238326,0.018678999999999998,0.0,0.0,9889.219647,300.0,347423.53398590675,0.0,189503.47516542237,536927.009151329,347516.0948209082,0.0,190266.6899223,537782.7847432082
9,9889.238326,0.028823,0.0,0.0,9889.209503,300.0,347423.53398590675,0.0,189503.47516542237,536927.009151329,347516.0948209082,0.0,190266.6899223,537782.7847432082
10,9889.238326,0.034214,0.0,0.0,9889.204112000001,300.0,347423.53398590675,0.0,189503.47516542237,536927.009151329,347516.0948209082,0.0,190266.6899223,537782.7847432082
11,9889.238326,0.037946,0.0,0.0,9889.20038,300.0,347423.53398590675,0.0,189503.47516542237,536927.009151329,347516.0948209082,0.0,190266.6899223,537782.7847432082
12,9889.238326,0.035017000000000006,0.0,0.0,9889.203309,300.0,347423.53398590675,0.0,189503.47516542237,536927.009151329,347516.0948209082,0.0,190266.6899223,537782.7847432082
13,9889.238326,0.034444,0.0,0.0,9889.203882,300.0,347423.53398590675,0.0,189503.47516542237,536927.009151329,347516.0948209082,0.0,190266.6899223,537782.7847432082
14,9889.238326,0.029835,0.0,0.0,9889.208491000001,300.0,347423.53398590675,0.0,189503.47516542237,536927.009151329,347516.0948209082,0.0,190266.6899223,537782.7847432082
15,9889.238326,0.021355000000000002,0.0,0.0,9889.216971,300.0,347423.53398590675,0.0,189503.47516542237,536927.009151329,347516.0948209082,0.0,190266.6899223,537782.7847432082
16,9889.238326,0.009146000000000001,0.0,0.0,9889.22918,300.0,347423.53398590675,0.0,189503.47516542237,536927.009151329,347516.0948209082,0.0,190266.6899223,537782.7847432082
17,9889.238326,0.0,0.0,0.0,9889.238326,300.0,347423.53398590675,0.0,189503.47516542237,536927.009151329,347516.0948209082,0.0,190266.6899223,537782.7847432082
18,9889.238326,0.0,0.0,0.0,9889.238326,300.0,347423.53398590675,0.0,189503.47516542237,536927.009151329,347516.0948209082,0.0,190266.6899223,537782.7847432082
19,9889.238326,0.0,0.0,0.0,9889.238326,300.0,347423.53398590675,0.0,189503.47516542237,536927.009151329,347516.0948209082,0.0,190266.6899223,537782.7847432082
20,9889.238326,0.0,0.0,0.0,9889.238326,300.0,347423.53398590675,0.0,189503.47516542237,536927.009151329,347516.0948209082,0.0,190266.6899223,537782.7847432082
21,9889.238326,0.0,0.0,0.0,9889.238326,300.0,347423.53398590675,0.0,189503.47516542237,536927.009151329,347516.0948209082,0.0,190266.6899223,537782.7847432082
22,9889.238326,0.0,0.0,0.0,9889.238326,300.0,347423.53398590675,0.0,189503.47516542237,536927.009151329,347516.0948209082,0.0,190266.6899223,537782.7847432082
23,9889.238326,0.0,0.0,0.0,9889.238326,300.0,347423.53398590675,0.0,189503.47516542237,536927.009151329,347516.0948209082,0.0,190266.6899223,537782.7847432082
24,9889.238326,0.0,0.0,0.0,9889.238326,300.0,347423.53398590675,0.0,189503.47516542237,536927.009151329,347516.0948209082,0.0,190266.6899223,537782.7847432082
25,9889.238326,0.0,0.0,0.0,9889.238326,300.0,347423.53398590675,0.0,189503.47516542237,536927.009151329,347516.0948209082,0.0,190266.6899223,537782.7847432082
26,9889.238326,0.0,0.0,0.0,9889.238326,300.0,347423.53398590675,0.0,189503.47516542237,536927.009151329,347516.0948209082,0.0,190266.6899223,537782.7847432082
27,9889.238326,0.0,100.0,0.0,9989.238326,388.0,347423.53398590675,0.0,189503.47516542237,536927.009151329,347516.0948209082,0.0,190266.6899223,537782.7847432082
28,9889.238326,0.0,100.0,0.0,9989.238326,476.0,347423.53398590675,0.0,189503.47516542237,536927.009151329,347516.0948209082,0.0,190266.6899223,537782.7847432082
29,9889.238326,0.0,72.7272727272727,0.0,9961.965598727273,540.0,347423.53398590675,0.0,189503.47516542237,536927.009151329,347516.0948209082,0.0,190266.6899223,537782.7847432082
30,9889.238326,0.0,0.0,100.0,9789.238326,440.0,347423.53398590675,0.0,189503.47516542237,536927.009151329,347516.0948209082,0.0,190266.6899223,537782.7847432082
31,9889.238326,0.0045190000000000004,0.0,100.0,9789.233807,340.0,347423.53398590675,0.0,189503.47516542237,536927.009151329,347516.0948209082,0.0,190266.6899223,537782.7847432082
32,9889.238326,0.018824999999999998,0.0,100.0,9789.219501000001,240.0,347423.53398590675,0.0,189503.47516542237,536927.009151329,347516.0948209082,0.0,190266.6899223,537782.7847432082
33,9889.238326,0.029053000000000002,0.0,100.0,9789.209273,140.0,347423.53398590675,0.0,189503.47516542237,536927.009151329,347516.0948209082,0.0,190266.6899223,537782.7847432082
34,9889.238326,0.034284999999999996,0.0,80.0,9809.204041,60.0,347423.53398590675,0.0,189503.47516542237,536927.009151329,347516.0948209082,0.0,190266.6899223,537782.7847432082
35,9889.238326,0.0386,0.0,0.0,9889.199726,60.0,347423.53398590675,0.0,189503.47516542237,536927.009151329,347516.0948209082,0.0,190266.6899223,537782.7847432082
36,9889.238326,0.034627000000000005,100.0,0.0,9989.203699000002,148.0,347423.53398590675,0.0,189503.47516542237,536927.009151329,347516.0948209082,0.0,190266.6899223,537782.7847432082
37,9889.238326,0.032087000000000004,100.0,0.0,9989.206239000001,236.0,347423.53398590675,0.0,189503.47516542237,536927.009151329,347516.0948209082,0.0,190266.6899223,537782.7847432082
38,9889.238326,0.028987,100.0,0.0,9989.209339,324.0,347423.53398590675,0.0,189503.47516542237,536927.009151329,347516.0948209082,0.0,190266.6899223,537782.7847432082
39,9889.238326,0.021018000000000002,100.0,0.0,9989.217308000001,412.0,347423.53398590675,0.0,189503.47516542237,536927.009151329,347516.0948209082,0.0,190266.6899223,537782.7847432082
40,9889.238326,0.00408,100.0,0.0,9989.234246,500.0,347423.53398590675,0.0,189503.47516542237,536927.009151329,347516.0948209082,0.0,190266.6899223,537782.7847432082
41,9889.238326,0.0,0.0,100.0,9789.238326,400.0,347423.53398590675,0.0,189503.47516542237,536927.009151329,347516.0948209082,0.0,190266.6899223,537782.7847432082
42,9889.238326,0.0,0.0,100.0,9789.238326,300.0,347423.53398590675,0.0,189503.47516542237,536927.009151329,347516.0948209082,0.0,190266.6899223,537782.7847432082
43,9889.238326,0.0,0.0,100.0,9789.238326,200.0,347423.53398590675,0.0,189503.47516542237,536927.009151329,347516.0948209082,0.0,190266.6899223,537782.7847432082
44,9889.238326,0.0,0.0,100.0,9789.238326,100.0,347423.53398590675,0.0,189503.47516542237,536927.009151329,347516.0948209082,0.0,190266.6899223,537782.7847432082
45,9889.238326,0.0,0.0,0.0,9889.238326,100.0,347423.53398590675,0.0,189503.47516542237,536927.009151329,347516.0948209082,0.0,190266.6899223,537782.7847432082
46,9889.238326,0.0,0.0,0.0,9889.238326,100.0,347423.53398590675,0.0,189503.47516542237,536927.009151329,347516.0948209082,0.0,190266.6899223,537782.7847432082
47,9888.86067,0.0,0.0,0.0,9888.86067,100.0,347423.53398590675,0.0,189503.47516542237,536927.009151329,347516.0948209082,0.0,190266.6899223,537782.7847432082
48,9888.260093,0.0,0.0,0.0,9888.260093,100.0,347423.53398590675,0.0,189503.47516542237,536927.009151329,347516.0948209082,0.0,190266.6899223,537782.7847432082
49,9887.659517,0.0,100.0,0.0,9987.659517,188.0,347423.53398590675,0.0,189503.47516542237,536927.009151329,347516.0948209082,0.0,190266.6899223,537782.7847432082
50,9887.058941,0.0,100.0,0.0,9987.058941,276.0,347423.53398590675,0.0,189503.47516542237,536927.009151329,347516.0948209082,0.0,190266.6899223,537782.7847432082
51,9886.458365,0.0,100.0,0.0,9986.458365,364.0,347423.53398590675,0.0,189503.47516542237,536927.009151329,347516.0948209082,0.0,190266.6899223,537782.7847432082
52,9885.667018,0.0,100.0,0.0,9985.667018,452.0,347423.53398590675,0.0,189503.47516542237,536927.009151329,347516.0948209082,0.0,190266.6899223,537782.7847432082
53,9884.666057,0.0,100.0,0.0,9984.666057,540.0,347423.53398590675,0.0,189503.47516542237,536927.009151329,347516.0948209082,0.0,190266.6899223,537782.7847432082
54,9883.665097,0.0,0.0,100.0,9783.665097,440.0,347423.53398590675,0.0,189503.47516542237,536927.009151329,347516.0948209082,0.0,190266.6899223,537782.7847432082
55,9882.664137,0.0056630000000000005,0.0,100.0,9782.658474,340.0,347423.53398590675,0.0,189503.47516542237,536927.009151329,347516.0948209082,0.0,190266.6899223,537782.7847432082
56,9881.663177,0.019189,0.0,100.0,9781.643988,240.0,347423.53398590675,0.0,189503.47516542237,536927.009151329,347516.0948209082,0.0,190266.6899223,537782.7847432082
57,9880.662217,0.028344,0.0,100.0,9780.633872999999,140.0,347423.53398590675,0.0,189503.47516542237,536927.009151329,347516.0948209082,0.0,190266.6899223,537782.7847432082
58,9879.661256,0.034879,0.0,80.0,9799.626376999999,60.0,347423.53398590675,0.0,189503.47516542237,536927.009151329,347516.0948209082,0.0,190266.6899223,537782.7847432082
59,9878.660296,0.037735,0.0,0.0,9878.622561,60.0,347423.53398590675,0.0,189503.47516542237,536927.009151329,347516.0948209082,0.0,190266.6899223,537782.7847432082
60,9877.659336,0.037551,100.0,0.0,9977.621785000001,148.0,347423.53398590675,0.0,189503.47516542237,536927.009151329,347516.0948209082,0.0,190266.6899223,537782.7847432082
61,9876.658376,0.033429,100.0,0.0,9976.624947,236.0,347423.53398590675,0.0,189503.47516542237,536927.009151329,347516.0948209082,0.0,190266.6899223,537782.7847432082
62,9875.657415,0.027709,100.0,0.0,9975.629706,324.0,347423.53398590675,0.0,189503.47516542237,536927.009151329,347516.0948209082,0.0,190266.6899223,537782.7847432082
63,9874.656455,0.019311000000000002,100.0,0.0,9974.637144,412.0,347423.53398590675,0.0,189503.47516542237,536927.009151329,347516.0948209082,0.0,190266.6899223,537782.7847432082
64,9873.655495,0.010656,100.0,0.0,9973.644839,500.0,347423.53398590675,0.0,189503.47516542237,536927.009151329,347516.0948209082,0.0,190266.6899223,537782.7847432082
65,9872.654535,0.0,0.0,100.0,9772.654535,400.0,347423.53398590675,0.0,189503.47516542237,536927.009151329,347516.0948209082,0.0,190266.6899223,537782.7847432082
66,9871.653575,0.0,0.0,100.0,9771.653575,300.0,347423.53398590675,0.0,189503.47516542237,536927.009151329,347516.0948209082,0.0,190266.6899223,537782.7847432082
67,9870.660386,0.0,0.0,100.0,9770.660386,200.0,347423.53398590675,0.0,189503.47516542237,536927.009151329,347516.0948209082,0.0,190266.6899223,537782.7847432082
68,9870.05981,0.0,0.0,100.0,9770.05981,100.0,347423.53398590675,0.0,189503.47516542237,536927.009151329,347516.0948209082,0.0,190266.6899223,537782.7847432082
69,9869.459234,0.0,0.0,0.0,9869.459234,100.0,347423.53398590675,0.0,189503.47516542237,536927.009151329,347516.0948209082,0.0,190266.6899223,537782.7847432082
70,9868.858658,0.0,0.0,0.0,9868.858658,100.0,347423.53398590675,0.0,189503.47516542237,536927.009151329,347516.0948209082,0.0,190266.6899223,537782.7847432082
71,9868.258082,0.0,0.0,0.0,9868.258082,100.0,347423.53398590675,0.0,189503.47516542237,536927.009151329,347516.0948209082,0.0,190266.6899223,537782.7847432082
72,9867.657506,0.0,0.0,0.0,9867.657506,100.0,347423.53398590675,0.0,189503.47516542237,536927.009151329,347516.0948209082,0.0,190266.6899223,537782.7847432082
73,9867.230508,0.0,100.0,0.0,9967.230508,188.0,347423.53398590675,0.0,189503.47516542237,536927.009151329,347516.0948209082,0.0,190266.6899223,537782.7847432082
74,9866.830124,0.0,100.0,0.0,9966.830124,276.0,347423.53398590675,0.0,189503.47516542237,536927.009151329,347516.0948209082,0.0,190266.6899223,537782.7847432082
75,9866.42974,0.0,100.0,0.0,9966.42974,364.0,347423.53398590675,0.0,189503.47516542237,536927.009151329,347516.0948209082,0.0,190266.6899223,537782.7847432082
76,9866.029356,0.0,100.0,0.0,9966.029356,452.0,347423.53398590675,0.0,189503.47516542237,536927.009151329,347516.0948209082,0.0,190266.6899223,537782.7847432082
77,9865.628972,0.0,100.0,0.0,9965.628972,540.0,347423.53398590675,0.0,189503.47516542237,536927.009151329,347516.0948209082,0.0,190266.6899223,537782.7847432082
78,9865.085509,0.0,0.0,100.0,9765.085509,440.0,347423.53398590675,0.0,189503.47516542237,536927.009151329,347516.0948209082,0.0,190266.6899223,537782.7847432082
79,9864.484933,0.001121,0.0,100.0,9764.483812,340.0,347423.53398590675,0.0,189503.47516542237,536927.009151329,347516.0948209082,0.0,190266.6899223,537782.7847432082
80,9863.884357,0.006256,0.0,100.0,9763.878101,240.0,347423.53398590675,0.0,189503.47516542237,536927.009151329,347516.0948209082,0.0,190266.6899223,537782.7847432082
81,9863.283781,0.013721,0.0,100.0,9763.27006,140.0,347423.53398590675,0.0,189503.47516542237,536927.009151329,347516.0948209082,0.0,190266.6899223,537782.7847432082
82,9862.683205,0.014486,0.0,80.0,9782.668719,60.0,347423.53398590675,0.0,189503.47516542237,536927.009151329,347516.0948209082,0.0,190266.6899223,537782.7847432082
83,9862.082628,0.028876000000000002,0.0,0.0,9862.053752,60.0,347423.53398590675,0.0,189503.47516542237,536927.009151329,347516.0948209082,0.0,190266.6899223,537782.7847432082
84,9861.482052,0.021802,54.5454545454545,0.0,9916.005704545454,108.0,347423.53398590675,0.0,189503.47516542237,536927.009151329,347516.0948209082,0.0,190266.6899223,537782.7847432082
85,9860.881476,0.017748999999999997,100.0,0.0,9960.863727,196.0,347423.53398590675,0.0,189503.47516542237,536927.009151329,347516.0948209082,0.0,190266.6899223,537782.7847432082
86,9860.2809,0.012078,100.0,0.0,9960.268822,284.0,347423.53398590675,0.0,189503.47516542237,536927.009151329,347516.0948209082,0.0,190266.6899223,537782.7847432082
87,9859.680324,0.008962999999999999,100.0,0.0,9959.671361,372.0,347423.53398590675,0.0,189503.47516542237,536927.009151329,347516.0948209082,0.0,190266.6899223,537782.7847432082
88,9858.997669,0.001572,100.0,0.0,9958.996097000001,460.0,347423.53398590675,0.0,189503.47516542237,536927.009151329,347516.0948209082,0.0,190266.6899223,537782.7847432082
89,9858.196901,0.0,0.0,100.0,9758.196901,360.0,347423.53398590675,0.0,189503.47516542237,536927.009151329,347516.0948209082,0.0,190266.6899223,537782.7847432082
90,9857.396133,0.0,0.0,100.0,9757.396133,260.0,347423.53398590675,0.0,189503.47516542237,536927.009151329,347516.0948209082,0.0,190266.6899223,537782.7847432082
91,9856.595364,0.0,0.0,100.0,9756.595364,160.0,347423.53398590675,0.0,189503.47516542237,536927.009151329,347516.0948209082,0.0,190266.6899223,537782.7847432082
92,9855.794596,0.0,0.0,100.0,9755.794596,60.0,347423.53398590675,0.0,189503.47516542237,536927.009151329,347516.0948209082,0.0,190266.6899223,537782.7847432082
93,9855.096986,0.0,0.0,0.0,9855.096986,60.0,347423.53398590675,0.0,189503.47516542237,536927.009151329,347516.0948209082,0.0,190266.6899223,537782.7847432082
94,9854.696602,0.0,0.0,0.0,9854.696602,60.0,347423.53398590675,0.0,189503.47516542237,536927.009151329,347516.0948209082,0.0,190266.6899223,537782.7847432082
95,9854.296218,0.0,0.0,0.0,9854.296218,60.0,347423.53398590675,0.0,189503.47516542237,536927.009151329,347516.0948209082,0.0,190266.6899223,537782.7847432082
96,9853.895834,0.0,0.0,0.0,9853.895834,60.0,347423.53398590675,0.0,189503.47516542237,536927.009151329,347516.0948209082,0.0,190266.6899223,537782.7847432082
97,9853.49545,0.0,0.0,0.0,9853.49545,60.0,347423.53398590675,0.0,189503.47516542237,536927.009151329,347516.0948209082,0.0,190266.6899223,537782.7847432082
98,9853.031828,0.0,0.0,0.0,9853.031828,60.0,347423.53398590675,0.0,189503.47516542237,536927.009151329,347516.0948209082,0.0,190266.6899223,537782.7847432082
99,9852.030868,0.0,0.0,0.0,9852.030868,60.0,347423.53398590675,0.0,189503.47516542237,536927.009151329,347516.0948209082,0.0,190266.6899223,537782.7847432082
100,9851.029908,0.0,0.0,0.0,9851.029908,60.0,347423.53398590675,0.0,189503.47516542237,536927.009151329,347516.0948209082,0.0,190266.6899223,537782.7847432082
101,9850.028948,0.0,0.0,0.0,9850.028948,60.0,347423.53398590675,0.0,189503.47516542237,536927.009151329,347516.0948209082,0.0,190266.6899223,537782.7847432082
102,9849.027987,0.0,45.4545454545455,0.0,9894.482532454545,100.0,347423.53398590675,0.0,189503.47516542237,536927.009151329,347516.0948209082,0.0,190266.6899223,537782.7847432082
103,9848.027027,0.004453,0.0,0.0,9848.022574,100.0,347423.53398590675,0.0,189503.47516542237,536927.009151329,347516.0948209082,0.0,190266.6899223,537782.7847432082
104,9846.835296,0.013915,0.0,0.0,9846.821381,100.0,347423.53398590675,0.0,189503.47516542237,536927.009151329,347516.0948209082,0.0,190266.6899223,537782.7847432082
105,9845.634143,0.023839,0.0,0.0,9845.610304,100.0,347423.53398590675,0.0,189503.47516542237,536927.009151329,347516.0948209082,0.0,190266.6899223,537782.7847432082
106,9844.432991,0.034267000000000006,0.0,0.0,9844.398723999999,100.0,347423.53398590675,0.0,189503.47516542237,536927.009151329,347516.0948209082,0.0,190266.6899223,537782.7847432082
107,9843.231839,0.038272,0.0,0.0,9843.193567,100.0,347423.53398590675,0.0,189503.47516542237,536927.009151329,347516.0948209082,0.0,190266.6899223,537782.7847432082
108,9842.030687,0.038339,0.0,0.0,9841.992348,100.0,347423.53398590675,0.0,189503.47516542237,536927.009151329,347516.0948209082,0.0,190266.6899223,537782.7847432082
109,9840.829534,0.032958,0.0,0.0,9840.796576,100.0,347423.53398590675,0.0,189503.47516542237,536927.009151329,347516.0948209082,0.0,190266.6899223,537782.7847432082
110,9839.628382,0.030039000000000003,0.0,0.0,9839.598343000001,100.0,347423.53398590675,0.0,189503.47516542237,536927.009151329,347516.0948209082,0.0,190266.6899223,537782.7847432082
111,9838.42723,0.021468,0.0,0.0,9838.405761999999,100.0,347423.53398590675,0.0,189503.47516542237,536927.009151329,347516.0948209082,0.0,190266.6899223,537782.7847432082
112,9837.226078,0.00846,0.0,0.0,9837.217618,100.0,347423.53398590675,0.0,189503.47516542237,536927.009151329,347516.0948209082,0.0,190266.6899223,537782.7847432082
113,9836.024925,0.0,0.0,0.0,9836.024925,100.0,347423.53398590675,0.0,189503.47516542237,536927.009151329,347516.0948209082,0.0,190266.6899223,537782.7847432082
114,9834.823773,0.0,0.0,0.0,9834.823773,100.0,347423.53398590675,0.0,189503.47516542237,536927.009151329,347516.0948209082,0.0,190266.6899223,537782.7847432082
115,9833.622621,0.0,0.0,0.0,9833.622621,100.0,347423.53398590675,0.0,189503.47516542237,536927.009151329,347516.0948209082,0.0,190266.6899223,537782.7847432082
116,9832.421469,0.0,0.0,0.0,9832.421469,100.0,347423.53398590675,0.0,189503.47516542237,536927.009151329,347516.0948209082,0.0,190266.6899223,537782.7847432082
117,9831.220316,0.0,0.0,0.0,9831.220316,100.0,347423.53398590675,0.0,189503.47516542237,536927.009151329,347516.0948209082,0.0,190266.6899223,537782.7847432082
118,9830.019164,0.0,0.0,0.0,9830.019164,100.0,347423.53398590675,0.0,189503.47516542237,536927.009151329,347516.0948209082,0.0,190266.6899223,537782.7847432082
119,9828.818012,0.0,0.0,0.0,9828.818012,100.0,347423.53398590675,0.0,189503.47516542237,536927.009151329,347516.0948209082,0.0,190266.6899223,537782.7847432082
120,9827.616859,0.0,0.0,0.0,9827.616859,100.0,347423.53398590675,0.0,189503.47516542237,536927.009151329,347516.0948209082,0.0,190266.6899223,537782.7847432082
121,9826.415707,0.0,0.0,0.0,9826.415707,100.0,347423.53398590675,0.0,189503.47516542237,536927.009151329,347516.0948209082,0.0,190266.6899223,537782.7847432082
122,9825.214555,0.0,0.0,0.0,9825.214555,100.0,347423.53398590675,0.0,189503.47516542237,536927.009151329,347516.0948209082,0.0,190266.6899223,537782.7847432082
123,9824.013403,0.0,0.0,0.0,9824.013403,100.0,347423.53398590675,0.0,189503.47516542237,536927.009151329,347516.0948209082,0.0,190266.6899223,537782.7847432082
124,9822.949794,0.0,0.0,0.0,9822.949794,100.0,347423.53398590675,0.0,189503.47516542237,536927.009151329,347516.0948209082,0.0,190266.6899223,537782.7847432082
125,9822.149026,0.0,0.0,0.0,9822.149026,100.0,347423.53398590675,0.0,189503.47516542237,536927.009151329,347516.0948209082,0.0,190266.6899223,537782.7847432082
126,9821.348258,0.0,0.0,0.0,9821.348258,100.0,347423.53398590675,0.0,189503.47516542237,536927.009151329,347516.0948209082,0.0,190266.6899223,537782.7847432082
127,9820.54749,0.000348,0.0,0.0,9820.547142000001,100.0,347423.53398590675,0.0,189503.47516542237,536927.009151329,347516.0948209082,0.0,190266.6899223,537782.7847432082
128,9819.746721,0.003684,0.0,0.0,9819.743037,100.0,347423.53398590675,0.0,189503.47516542237,536927.009151329,347516.0948209082,0.0,190266.6899223,537782.7847432082
129,9818.945953,0.0054989999999999995,0.0,0.0,9818.940454,100.0,347423.53398590675,0.0,189503.47516542237,536927.009151329,347516.0948209082,0.0,190266.6899223,537782.7847432082
130,9818.145185,0.016795,0.0,0.0,9818.12839,100.0,347423.53398590675,0.0,189503.47516542237,536927.009151329,347516.0948209082,0.0,190266.6899223,537782.7847432082
131,9817.344417,0.039182,0.0,0.0,9817.305235,100.0,347423.53398590675,0.0,189503.47516542237,536927.009151329,347516.0948209082,0.0,190266.6899223,537782.7847432082
132,9816.543649,0.038051,0.0,0.0,9816.505598,100.0,347423.53398590675,0.0,189503.47516542237,536927.009151329,347516.0948209082,0.0,190266.6899223,537782.7847432082
133,9815.742881,0.035014,0.0,0.0,9815.707867000001,100.0,347423.53398590675,0.0,189503.47516542237,536927.009151329,347516.0948209082,0.0,190266.6899223,537782.7847432082
134,9814.942112,0.030726,0.0,0.0,9814.911386,100.0,347423.53398590675,0.0,189503.47516542237,536927.009151329,347516.0948209082,0.0,190266.6899223,537782.7847432082
135,9814.141344,0.022739000000000002,0.0,0.0,9814.118605,100.0,347423.53398590675,0.0,189503.47516542237,536927.009151329,347516.0948209082,0.0,190266.6899223,537782.7847432082
136,9813.340576,0.006834,0.0,0.0,9813.333742,100.0,347423.53398590675,0.0,189503.47516542237,536927.009151329,347516.0948209082,0.0,190266.6899223,537782.7847432082
137,9812.539808,0.0,0.0,0.0,9812.539808,100.0,347423.53398590675,0.0,189503.47516542237,536927.009151329,347516.0948209082,0.0,190266.6899223,537782.7847432082
138,9811.73904,0.0,0.0,0.0,9811.73904,100.0,347423.53398590675,0.0,189503.47516542237,536927.009151329,347516.0948209082,0.0,190266.6899223,537782.7847432082
139,9810.938271,0.0,0.0,0.0,9810.938271,100.0,347423.53398590675,0.0,189503.47516542237,536927.009151329,347516.0948209082,0.0,190266.6899223,537782.7847432082
140,9810.137503,0.0,0.0,0.0,9810.137503,100.0,347423.53398590675,0.0,189503.47516542237,536927.009151329,347516.0948209082,0.0,190266.6899223,537782.7847432082
141,9809.336735,0.0,0.0,0.0,9809.336735,100.0,347423.53398590675,0.0,189503.47516542237,536927.009151329,347516.0948209082,0.0,190266.6899223,537782.7847432082
142,9808.535967,0.0,0.0,0.0,9808.535967,100.0,347423.53398590675,0.0,189503.47516542237,536927.009151329,347516.0948209082,0.0,190266.6899223,537782.7847432082
143,9807.735199,0.0,0.0,0.0,9807.735199,100.0,347423.53398590675,0.0,189503.47516542237,536927.009151329,347516.0948209082,0.0,190266.6899223,537782.7847432082
144,9806.934431,0.0,0.0,0.0,9806.934431,100.0,347423.53398590675,0.0,189503.47516542237,536927.009151329,347516.0948209082,0.0,190266.6899223,537782.7847432082
145,9806.280627,0.0,100.0,0.0,9906.280627,188.0,347423.53398590675,0.0,189503.47516542237,536927.009151329,347516.0948209082,0.0,190266.6899223,537782.7847432082
146,9805.680051,0.0,100.0,0.0,9905.680051,276.0,347423.53398590675,0.0,189503.47516542237,536927.009151329,347516.0948209082,0.0,190266.6899223,537782.7847432082
147,9805.079475,0.0,100.0,0.0,9905.079475,364.0,347423.53398590675,0.0,189503.47516542237,536927.009151329,347516.0948209082,0.0,190266.6899223,537782.7847432082
148,9804.478898,0.0,100.0,0.0,9904.478898,452.0,347423.53398590675,0.0,189503.47516542237,536927.009151329,347516.0948209082,0.0,190266.6899223,537782.7847432082
149,9803.878322,0.0,100.0,0.0,9903.878322,540.0,347423.53398590675,0.0,189503.47516542237,536927.009151329,347516.0948209082,0.0,190266.6899223,537782.7847432082
150,9803.510676,0.0,0.0,100.0,9703.510676,440.0,347423.53398590675,0.0,189503.47516542237,536927.009151329,347516.0948209082,0.0,190266.6899223,537782.7847432082
151,9803.310484,0.003278,0.0,100.0,9703.307206,340.0,347423.53398590675,0.0,189503.47516542237,536927.009151329,347516.0948209082,0.0,190266.6899223,537782.7847432082
152,9803.110291,0.017672,0.0,100.0,9703.092619000001,240.0,347423.53398590675,0.0,189503.47516542237,536927.009151329,347516.0948209082,0.0,190266.6899223,537782.7847432082
153,9802.910099,0.017147,0.0,100.0,9702.892952,140.0,347423.53398590675,0.0,189503.47516542237,536927.009151329,347516.0948209082,0.0,190266.6899223,537782.7847432082
154,9802.709907,0.022931,0.0,80.0,9722.686976,60.0,347423.53398590675,0.0,189503.47516542237,536927.009151329,347516.0948209082,0.0,190266.6899223,537782.7847432082
155,9802.423751,0.034424,0.0,0.0,9802.389327,60.0,347423.53398590675,0.0,189503.47516542237,536927.009151329,347516.0948209082,0.0,190266.6899223,537782.7847432082
156,9802.023366,0.02244,100.0,0.0,9902.000925999999,148.0,347423.53398590675,0.0,189503.47516542237,536927.009151329,347516.0948209082,0.0,190266.6899223,537782.7847432082
157,9801.622982,0.012928,100.0,0.0,9901.610054,236.0,347423.53398590675,0.0,189503.47516542237,536927.009151329,347516.0948209082,0.0,190266.6899223,537782.7847432082
158,9801.222598,0.017885,100.0,0.0,9901.204713000001,324.0,347423.53398590675,0.0,189503.47516542237,536927.009151329,347516.0948209082,0.0,190266.6899223,537782.7847432082
159,9800.822214,0.006382,100.0,0.0,9900.815832,412.0,347423.53398590675,0.0,189503.47516542237,536927.009151329,347516.0948209082,0.0,190266.6899223,537782.7847432082
160,9800.477295,0.002294,100.0,0.0,9900.475001,500.0,347423.53398590675,0.0,189503.47516542237,536927.009151329,347516.0948209082,0.0,190266.6899223,537782.7847432082
161,9800.277103,0.0,0.0,100.0,9700.277103,400.0,347423.53398590675,0.0,189503.47516542237,536927.009151329,347516.0948209082,0.0,190266.6899223,537782.7847432082
162,9800.076911,0.0,0.0,100.0,9700.076911,300.0,347423.53398590675,0.0,189503.47516542237,536927.009151329,347516.0948209082,0.0,190266.6899223,537782.7847432082
163,9799.876719,0.0,0.0,100.0,9699.876719,200.0,347423.53398590675,0.0,189503.47516542237,536927.009151329,347516.0948209082,0.0,190266.6899223,537782.7847432082
164,9799.676527,0.0,0.0,100.0,9699.676527,100.0,347423.53398590675,0.0,189503.47516542237,536927.009151329,347516.0948209082,0.0,190266.6899223,537782.7847432082
165,9799.5013,0.0,0.0,0.0,9799.5013,100.0,347423.53398590675,0.0,189503.47516542237,536927.009151329,347516.0948209082,0.0,190266.6899223,537782.7847432082
166,9799.5013,0.0,0.0,0.0,9799.5013,100.0,347423.53398590675,0.0,189503.47516542237,536927.009151329,347516.0948209082,0.0,190266.6899223,537782.7847432082
167,9799.5013,0.0,0.0,0.0,9799.5013,100.0,347423.53398590675,0.0,189503.47516542237,536927.009151329,347516.0948209082,0.0,190266.6899223,537782.7847432082
168,9799.5013,0.0,0.0,0.0,9799.5013,100.0,347423.53398590675,0.0,189503.47516542237,536927.009151329,347516.0948209082,0.0,190266.6899223,537782.7847432082
169,9799.5013,0.0,100.0,0.0,9899.5013,188.0,347423.53398590675,0.0,189503.47516542237,536927.009151329,347516.0948209082,0.0,190266.6899223,537782.7847432082
170,9799.5013,0.0,100.0,0.0,9899.5013,276.0,347423.53398590675,0.0,189503.47516542237,536927.009151329,347516.0948209082,0.0,190266.6899223,537782.7847432082
171,9799.695957,0.0,100.0,0.0,9899.695957,364.0,347423.53398590675,0.0,189503.47516542237,536927.009151329,347516.0948209082,0.0,190266.6899223,537782.7847432082
172,9799.896149,0.0,100.0,0.0,9899.896149,452.0,347423.53398590675,0.0,189503.47516542237,536927.009151329,347516.0948209082,0.0,190266.6899223,537782.7847432082
173,9800.096341,0.0,100.0,0.0,9900.096341,540.0,347423.53398590675,0.0,189503.47516542237,536927.009151329,347516.0948209082,0.0,190266.6899223,537782.7847432082
174,9800.296533,0.0,0.0,100.0,9700.296533,440.0,347423.53398590675,0.0,189503.47516542237,536927.009151329,347516.0948209082,0.0,190266.6899223,537782.7847432082
175,9800.496725,0.000245,0.0,100.0,9700.496480000002,340.0,347423.53398590675,0.0,189503.47516542237,536927.009151329,347516.0948209082,0.0,190266.6899223,537782.7847432082
176,9800.696917,0.018438,0.0,100.0,9700.678479,240.0,347423.53398590675,0.0,189503.47516542237,536927.009151329,347516.0948209082,0.0,190266.6899223,537782.7847432082
177,9800.89711,0.028265000000000002,0.0,100.0,9700.868844999999,140.0,347423.53398590675,0.0,189503.47516542237,536927.009151329,347516.0948209082,0.0,190266.6899223,537782.7847432082
178,9801.097302,0.035673,0.0,80.0,9721.061629,60.0,347423.53398590675,0.0,189503.47516542237,536927.009151329,347516.0948209082,0.0,190266.6899223,537782.7847432082
179,9801.297494,0.038321,0.0,0.0,9801.259173,60.0,347423.53398590675,0.0,189503.47516542237,536927.009151329,347516.0948209082,0.0,190266.6899223,537782.7847432082
180,9801.497686,0.037069000000000005,100.0,0.0,9901.460617,148.0,347423.53398590675,0.0,189503.47516542237,536927.009151329,347516.0948209082,0.0,190266.6899223,537782.7847432082
181,9801.56422,0.034394,100.0,0.0,9901.529826,236.0,347423.53398590675,0.0,189503.47516542237,536927.009151329,347516.0948209082,0.0,190266.6899223,537782.7847432082
182,9801.56422,0.027732,100.0,0.0,9901.536488,324.0,347423.53398590675,0.0,189503.47516542237,536927.009151329,347516.0948209082,0.0,190266.6899223,537782.7847432082
183,9801.56422,0.02121,100.0,0.0,9901.54301,412.0,347423.53398590675,0.0,189503.47516542237,536927.009151329,347516.0948209082,0.0,190266.6899223,537782.7847432082
184,9801.56422,0.008905,100.0,0.0,9901.555315,500.0,347423.53398590675,0.0,189503.47516542237,536927.009151329,347516.0948209082,0.0,190266.6899223,537782.7847432082
185,9801.56422,0.0,0.0,100.0,9701.56422,400.0,347423.53398590675,0.0,189503.47516542237,536927.009151329,347516.0948209082,0.0,190266.6899223,537782.7847432082
186,9801.667378,0.0,0.0,100.0,9701.667378,300.0,347423.53398590675,0.0,189503.47516542237,536927.009151329,347516.0948209082,0.0,190266.6899223,537782.7847432082
187,9801.86757,0.0,0.0,100.0,9701.86757,200.0,347423.53398590675,0.0,189503.47516542237,536927.009151329,347516.0948209082,0.0,190266.6899223,537782.7847432082
188,9802.067762,0.0,0.0,100.0,9702.067762,100.0,347423.53398590675,0.0,189503.47516542237,536927.009151329,347516.0948209082,0.0,190266.6899223,537782.7847432082
189,9802.267954,0.0,0.0,0.0,9802.267954,100.0,347423.53398590675,0.0,189503.47516542237,536927.009151329,347516.0948209082,0.0,190266.6899223,537782.7847432082
190,9802.468146,0.0,0.0,0.0,9802.468146,100.0,347423.53398590675,0.0,189503.47516542237,536927.009151329,347516.0948209082,0.0,190266.6899223,537782.7847432082
191,9802.523022,0.0,0.0,0.0,9802.523022,100.0,347423.53398590675,0.0,189503.47516542237,536927.009151329,347516.0948209082,0.0,190266.6899223,537782.7847432082
192,9802.32283,0.0,0.0,0.0,9802.32283,100.0,347423.53398590675,0.0,189503.47516542237,536927.009151329,347516.0948209082,0.0,190266.6899223,537782.7847432082
193,9802.122638,0.0,100.0,0.0,9902.122638,188.0,347423.53398590675,0.0,189503.47516542237,536927.009151329,347516.0948209082,0.0,190266.6899223,537782.7847432082
194,9801.922446,0.0,100.0,0.0,9901.922446,276.0,347423.53398590675,0.0,189503.47516542237,536927.009151329,347516.0948209082,0.0,190266.6899223,537782.7847432082
195,9801.722254,0.0,100.0,0.0,9901.722254,364.0,347423.53398590675,0.0,189503.47516542237,536927.009151329,347516.0948209082,0.0,190266.6899223,537782.7847432082
196,9801.56422,0.0,100.0,0.0,9901.56422,452.0,347423.53398590675,0.0,189503.47516542237,536927.009151329,347516.0948209082,0.0,190266.6899223,537782.7847432082
197,9801.56422,0.0,100.0,0.0,9901.56422,540.0,347423.53398590675,0.0,189503.47516542237,536927.009151329,347516.0948209082,0.0,190266.6899223,537782.7847432082
198,9801.56422,0.0,0.0,100.0,9701.56422,440.0,347423.53398590675,0.0,189503.47516542237,536927.009151329,347516.0948209082,0.0,190266.6899223,537782.7847432082
199,9801.56422,0.004222000000000001,0.0,100.0,9701.559998,340.0,347423.53398590675,0.0,189503.47516542237,536927.009151329,347516.0948209082,0.0,190266.6899223,537782.7847432082
200,9801.56422,0.019008,0.0,100.0,9701.545212,240.0,347423.53398590675,0.0,189503.47516542237,536927.009151329,347516.0948209082,0.0,190266.6899223,537782.7847432082
201,9801.56422,0.029149,0.0,100.0,9701.535071,140.0,347423.53398590675,0.0,189503.47516542237,536927.009151329,347516.0948209082,0.0,190266.6899223,537782.7847432082
202,9801.56422,0.036046,0.0,80.0,9721.528174000001,60.0,347423.53398590675,0.0,189503.47516542237,536927.009151329,347516.0948209082,0.0,190266.6899223,537782.7847432082
203,9801.56422,0.039623,0.0,0.0,9801.524597,60.0,347423.53398590675,0.0,189503.47516542237,536927.009151329,347516.0948209082,0.0,190266.6899223,537782.7847432082
204,9801.56422,0.040233,100.0,0.0,9901.523987,148.0,347423.53398590675,0.0,189503.47516542237,536927.009151329,347516.0948209082,0.0,190266.6899223,537782.7847432082
205,9801.56422,0.036671999999999996,100.0,0.0,9901.527548,236.0,347423.53398590675,0.0,189503.47516542237,536927.009151329,347516.0948209082,0.0,190266.6899223,537782.7847432082
206,9801.56422,0.030425999999999998,100.0,0.0,9901.533794,324.0,347423.53398590675,0.0,189503.47516542237,536927.009151329,347516.0948209082,0.0,190266.6899223,537782.7847432082
207,9801.745571,0.022399000000000002,100.0,0.0,9901.723172,412.0,347423.53398590675,0.0,189503.47516542237,536927.009151329,347516.0948209082,0.0,190266.6899223,537782.7847432082
208,9801.945763,0.011132999999999999,100.0,0.0,9901.93463,500.0,347423.53398590675,0.0,189503.47516542237,536927.009151329,347516.0948209082,0.0,190266.6899223,537782.7847432082
209,9802.145955,0.00033900000000000005,0.0,100.0,9702.145616,400.0,347423.53398590675,0.0,189503.47516542237,536927.009151329,347516.0948209082,0.0,190266.6899223,537782.7847432082
210,9802.346147,0.0,0.0,100.0,9702.346147,300.0,347423.53398590675,0.0,189503.47516542237,536927.009151329,347516.0948209082,0.0,190266.6899223,537782.7847432082
211,9802.546339,0.0,0.0,100.0,9702.546339,200.0,347423.53398590675,0.0,189503.47516542237,536927.009151329,347516.0948209082,0.0,190266.6899223,537782.7847432082
212,9803.500784,0.0,0.0,100.0,9703.500784,100.0,347423.53398590675,0.0,189503.47516542237,536927.009151329,347516.0948209082,0.0,190266.6899223,537782.7847432082
213,9804.701936,0.0,0.0,0.0,9804.701936,100.0,347423.53398590675,0.0,189503.47516542237,536927.009151329,347516.0948209082,0.0,190266.6899223,537782.7847432082
214,9805.903088,0.0,0.0,0.0,9805.903088,100.0,347423.53398590675,0.0,189503.47516542237,536927.009151329,347516.0948209082,0.0,190266.6899223,537782.7847432082
215,9807.104241,0.0,0.0,0.0,9807.104241,100.0,347423.53398590675,0.0,189503.47516542237,536927.009151329,347516.0948209082,0.0,190266.6899223,537782.7847432082
216,9808.305393,0.0,0.0,0.0,9808.305393,100.0,347423.53398590675,0.0,189503.47516542237,536927.009151329,347516.0948209082,0.0,190266.6899223,537782.7847432082
217,9809.626896,0.0,100.0,0.0,9909.626896,188.0,347423.53398590675,0.0,189503.47516542237,536927.009151329,347516.0948209082,0.0,190266.6899223,537782.7847432082
218,9811.02824,0.0,100.0,0.0,9911.02824,276.0,347423.53398590675,0.0,189503.47516542237,536927.009151329,347516.0948209082,0.0,190266.6899223,537782.7847432082
219,9812.429584,0.0,100.0,0.0,9912.429584,364.0,347423.53398590675,0.0,189503.47516542237,536927.009151329,347516.0948209082,0.0,190266.6899223,537782.7847432082
220,9813.830929,0.0,100.0,0.0,9913.830929,452.0,347423.53398590675,0.0,189503.47516542237,536927.009151329,347516.0948209082,0.0,190266.6899223,537782.7847432082
221,9815.232273,0.0,100.0,0.0,9915.232273,540.0,347423.53398590675,0.0,189503.47516542237,536927.009151329,347516.0948209082,0.0,190266.6899223,537782.7847432082
222,9816.543766,0.0,0.0,100.0,9716.543766,440.0,347423.53398590675,0.0,189503.47516542237,536927.009151329,347516.0948209082,0.0,190266.6899223,537782.7847432082
223,9817.744919,0.003238,0.0,100.0,9717.741681000001,340.0,347423.53398590675,0.0,189503.47516542237,536927.009151329,347516.0948209082,0.0,190266.6899223,537782.7847432082
224,9818.946071,0.012007,0.0,100.0,9718.934064000001,240.0,347423.53398590675,0.0,189503.47516542237,536927.009151329,347516.0948209082,0.0,190266.6899223,537782.7847432082
225,9820.147223,0.024281,0.0,100.0,9720.122942,140.0,347423.53398590675,0.0,189503.47516542237,536927.009151329,347516.0948209082,0.0,190266.6899223,537782.7847432082
226,9821.348376,0.016852000000000002,0.0,80.0,9741.331524,60.0,347423.53398590675,0.0,189503.47516542237,536927.009151329,347516.0948209082,0.0,190266.6899223,537782.7847432082
227,9822.549528,0.017428000000000003,0.0,0.0,9822.5321,60.0,347423.53398590675,0.0,189503.47516542237,536927.009151329,347516.0948209082,0.0,190266.6899223,537782.7847432082
228,9823.75068,0.016327,100.0,0.0,9923.734353,148.0,347423.53398590675,0.0,189503.47516542237,536927.009151329,347516.0948209082,0.0,190266.6899223,537782.7847432082
229,9824.951832,0.026372,100.0,0.0,9924.92546,236.0,347423.53398590675,0.0,189503.47516542237,536927.009151329,347516.0948209082,0.0,190266.6899223,537782.7847432082
230,9826.152985,0.025422999999999998,100.0,0.0,9926.127562000001,324.0,347423.53398590675,0.0,189503.47516542237,536927.009151329,347516.0948209082,0.0,190266.6899223,537782.7847432082
231,9827.354137,0.018274000000000002,100.0,0.0,9927.335863,412.0,347423.53398590675,0.0,189503.47516542237,536927.009151329,347516.0948209082,0.0,190266.6899223,537782.7847432082
232,9828.612992,0.0063869999999999994,100.0,0.0,9928.606605,500.0,347423.53398590675,0.0,189503.47516542237,536927.009151329,347516.0948209082,0.0,190266.6899223,537782.7847432082
233,9830.214528,4.2000000000000004e-05,0.0,100.0,9730.214486,400.0,347423.53398590675,0.0,189503.47516542237,536927.009151329,347516.0948209082,0.0,190266.6899223,537782.7847432082
234,9831.816064,0.0,0.0,100.0,9731.816064,300.0,347423.53398590675,0.0,189503.47516542237,536927.009151329,347516.0948209082,0.0,190266.6899223,537782.7847432082
235,9833.417601,0.0,0.0,100.0,9733.417601,200.0,347423.53398590675,0.0,189503.47516542237,536927.009151329,347516.0948209082,0.0,190266.6899223,537782.7847432082
236,9835.019137,0.0,0.0,100.0,9735.019137,100.0,347423.53398590675,0.0,189503.47516542237,536927.009151329,347516.0948209082,0.0,190266.6899223,537782.7847432082
237,9836.620673,0.0,0.0,0.0,9836.620673,100.0,347423.53398590675,0.0,189503.47516542237,536927.009151329,347516.0948209082,0.0,190266.6899223,537782.7847432082
238,9838.619296,0.0,0.0,0.0,9838.619296,100.0,347423.53398590675,0.0,189503.47516542237,536927.009151329,347516.0948209082,0.0,190266.6899223,537782.7847432082
239,9840.621217,0.0,0.0,0.0,9840.621217,100.0,347423.53398590675,0.0,189503.47516542237,536927.009151329,347516.0948209082,0.0,190266.6899223,537782.7847432082
240,9842.623137,0.0,0.0,0.0,9842.623137,100.0,347423.53398590675,0.0,189503.47516542237,536927.009151329,347516.0948209082,0.0,190266.6899223,537782.7847432082
241,9844.625058,0.0,100.0,0.0,9944.625058,188.0,347423.53398590675,0.0,189503.47516542237,536927.009151329,347516.0948209082,0.0,190266.6899223,537782.7847432082
242,9846.626978,0.0,100.0,0.0,9946.626978,276.0,347423.53398590675,0.0,189503.47516542237,536927.009151329,347516.0948209082,0.0,190266.6899223,537782.7847432082
243,9848.628899,0.0,100.0,0.0,9948.628899,364.0,347423.53398590675,0.0,189503.47516542237,536927.009151329,347516.0948209082,0.0,190266.6899223,537782.7847432082
244,9850.630819,0.0,100.0,0.0,9950.630819,452.0,347423.53398590675,0.0,189503.47516542237,536927.009151329,347516.0948209082,0.0,190266.6899223,537782.7847432082
245,9852.63274,0.0,100.0,0.0,9952.63274,540.0,347423.53398590675,0.0,189503.47516542237,536927.009151329,347516.0948209082,0.0,190266.6899223,537782.7847432082
246,9854.63466,0.0,0.0,100.0,9754.63466,440.0,347423.53398590675,0.0,189503.47516542237,536927.009151329,347516.0948209082,0.0,190266.6899223,537782.7847432082
247,9856.63658,0.003622,0.0,100.0,9756.632958,340.0,347423.53398590675,0.0,189503.47516542237,536927.009151329,347516.0948209082,0.0,190266.6899223,537782.7847432082
248,9858.500957,0.016284,0.0,100.0,9758.484673,240.0,347423.53398590675,0.0,189503.47516542237,536927.009151329,347516.0948209082,0.0,190266.6899223,537782.7847432082
249,9860.302686,0.026187000000000002,0.0,100.0,9760.276499000001,140.0,347423.53398590675,0.0,189503.47516542237,536927.009151329,347516.0948209082,0.0,190266.6899223,537782.7847432082
250,9862.104414,0.033451999999999996,0.0,80.0,9782.070962,60.0,347423.53398590675,0.0,189503.47516542237,536927.009151329,347516.0948209082,0.0,190266.6899223,537782.7847432082
251,9863.906142,0.033741,0.0,0.0,9863.872401,60.0,347423.53398590675,0.0,189503.47516542237,536927.009151329,347516.0948209082,0.0,190266.6899223,537782.7847432082
252,9865.707871,0.017189,54.5454545454545,0.0,9920.236136545454,108.0,347423.53398590675,0.0,189503.47516542237,536927.009151329,347516.0948209082,0.0,190266.6899223,537782.7847432082
253,9867.616643,0.012403,100.0,0.0,9967.604239999999,196.0,347423.53398590675,0.0,189503.47516542237,536927.009151329,347516.0948209082,0.0,190266.6899223,537782.7847432082
254,9869.618563,0.011781000000000002,100.0,0.0,9969.606782,284.0,347423.53398590675,0.0,189503.47516542237,536927.009151329,347516.0948209082,0.0,190266.6899223,537782.7847432082
255,9871.620484,0.008359,100.0,0.0,9971.612125,372.0,347423.53398590675,0.0,189503.47516542237,536927.009151329,347516.0948209082,0.0,190266.6899223,537782.7847432082
256,9873.622404,0.00222,100.0,0.0,9973.620184,460.0,347423.53398590675,0.0,189503.47516542237,536927.009151329,347516.0948209082,0.0,190266.6899223,537782.7847432082
257,9875.624325,0.0,0.0,100.0,9775.624325,360.0,347423.53398590675,0.0,189503.47516542237,536927.009151329,347516.0948209082,0.0,190266.6899223,537782.7847432082
258,9877.626245,0.0,0.0,100.0,9777.626245,260.0,347423.53398590675,0.0,189503.47516542237,536927.009151329,347516.0948209082,0.0,190266.6899223,537782.7847432082
259,9879.628166,0.0,0.0,100.0,9779.628166,160.0,347423.53398590675,0.0,189503.47516542237,536927.009151329,347516.0948209082,0.0,190266.6899223,537782.7847432082
260,9881.630086,0.0,0.0,100.0,9781.630086,60.0,347423.53398590675,0.0,189503.47516542237,536927.009151329,347516.0948209082,0.0,190266.6899223,537782.7847432082
261,9883.632007,0.0,0.0,0.0,9883.632007,60.0,347423.53398590675,0.0,189503.47516542237,536927.009151329,347516.0948209082,0.0,190266.6899223,537782.7847432082
262,9885.633927,0.0,0.0,0.0,9885.633927,60.0,347423.53398590675,0.0,189503.47516542237,536927.009151329,347516.0948209082,0.0,190266.6899223,537782.7847432082
263,9887.681892,0.0,0.0,0.0,9887.681892,60.0,347423.53398590675,0.0,189503.47516542237,536927.009151329,347516.0948209082,0.0,190266.6899223,537782.7847432082
264,9889.884004,0.0,0.0,0.0,9889.884004,60.0,347423.53398590675,0.0,189503.47516542237,536927.009151329,347516.0948209082,0.0,190266.6899223,537782.7847432082
265,9892.086117,0.0,0.0,0.0,9892.086117,60.0,347423.53398590675,0.0,189503.47516542237,536927.009151329,347516.0948209082,0.0,190266.6899223,537782.7847432082
266,9894.288229,0.0,0.0,0.0,9894.288229,60.0,347423.53398590675,0.0,189503.47516542237,536927.009151329,347516.0948209082,0.0,190266.6899223,537782.7847432082
267,9896.490342,0.0,0.0,0.0,9896.490342,60.0,347423.53398590675,0.0,189503.47516542237,536927.009151329,347516.0948209082,0.0,190266.6899223,537782.7847432082
268,9898.707998,0.0,0.0,0.0,9898.707998,60.0,347423.53398590675,0.0,189503.47516542237,536927.009151329,347516.0948209082,0.0,190266.6899223,537782.7847432082
269,9901.110303,0.0,0.0,0.0,9901.110303,60.0,347423.53398590675,0.0,189503.47516542237,536927.009151329,347516.0948209082,0.0,190266.6899223,537782.7847432082
270,9903.512607,0.0,45.4545454545455,0.0,9948.967152454547,100.0,347423.53398590675,0.0,189503.47516542237,536927.009151329,347516.0948209082,0.0,190266.6899223,537782.7847432082
271,9905.914912,0.0025859999999999998,0.0,0.0,9905.912326,100.0,347423.53398590675,0.0,189503.47516542237,536927.009151329,347516.0948209082,0.0,190266.6899223,537782.7847432082
272,9908.317217,0.010114000000000001,0.0,0.0,9908.307103,100.0,347423.53398590675,0.0,189503.47516542237,536927.009151329,347516.0948209082,0.0,190266.6899223,537782.7847432082
273,9910.719521,0.014939000000000001,0.0,0.0,9910.704582,100.0,347423.53398590675,0.0,189503.47516542237,536927.009151329,347516.0948209082,0.0,190266.6899223,537782.7847432082
274,9913.492299,0.020834,0.0,0.0,9913.471464999999,100.0,347423.53398590675,0.0,189503.47516542237,536927.009151329,347516.0948209082,0.0,190266.6899223,537782.7847432082
275,9916.294987,0.020935,0.0,0.0,9916.274051999999,100.0,347423.53398590675,0.0,189503.47516542237,536927.009151329,347516.0948209082,0.0,190266.6899223,537782.7847432082
276,9919.097676,0.024845,0.0,0.0,9919.072831,100.0,347423.53398590675,0.0,189503.47516542237,536927.009151329,347516.0948209082,0.0,190266.6899223,537782.7847432082
277,9921.900365,0.019062000000000003,0.0,0.0,9921.881303,100.0,347423.53398590675,0.0,189503.47516542237,536927.009151329,347516.0948209082,0.0,190266.6899223,537782.7847432082
278,9924.703053,0.00674,0.0,0.0,9924.696312999999,100.0,347423.53398590675,0.0,189503.47516542237,536927.009151329,347516.0948209082,0.0,190266.6899223,537782.7847432082
279,9927.660478,0.006433,0.0,0.0,9927.654045,100.0,347423.53398590675,0.0,189503.47516542237,536927.009151329,347516.0948209082,0.0,190266.6899223,537782.7847432082
280,9930.663359,0.0019270000000000001,0.0,0.0,9930.661432,100.0,347423.53398590675,0.0,189503.47516542237,536927.009151329,347516.0948209082,0.0,190266.6899223,537782.7847432082
281,9933.66624,0.0,0.0,0.0,9933.66624,100.0,347423.53398590675,0.0,189503.47516542237,536927.009151329,347516.0948209082,0.0,190266.6899223,537782.7847432082
282,9936.66912,0.0,0.0,0.0,9936.66912,100.0,347423.53398590675,0.0,189503.47516542237,536927.009151329,347516.0948209082,0.0,190266.6899223,537782.7847432082
283,9939.672001,0.0,0.0,0.0,9939.672001,100.0,347423.53398590675,0.0,189503.47516542237,536927.009151329,347516.0948209082,0.0,190266.6899223,537782.7847432082
284,9943.668776,0.0,0.0,0.0,9943.668776,100.0,347423.53398590675,0.0,189503.47516542237,536927.009151329,347516.0948209082,0.0,190266.6899223,537782.7847432082
285,9948.273193,0.0,0.0,0.0,9948.273193,100.0,347423.53398590675,0.0,189503.47516542237,536927.009151329,347516.0948209082,0.0,190266.6899223,537782.7847432082
286,9952.87761,0.0,0.0,0.0,9952.87761,100.0,347423.53398590675,0.0,189503.47516542237,536927.009151329,347516.0948209082,0.0,190266.6899223,537782.7847432082
287,9957.482027,0.0,0.0,0.0,9957.482027,100.0,347423.53398590675,0.0,189503.47516542237,536927.009151329,347516.0948209082,0.0,190266.6899223,537782.7847432082
288,9962.086444,0.0,0.0,0.0,9962.086444,100.0,347423.53398590675,0.0,189503.47516542237,536927.009151329,347516.0948209082,0.0,190266.6899223,537782.7847432082
289,9966.409651,0.0,0.0,0.0,9966.409651,100.0,347423.53398590675,0.0,189503.47516542237,536927.009151329,347516.0948209082,0.0,190266.6899223,537782.7847432082
290,9970.413491,0.0,0.0,0.0,9970.413491,100.0,347423.53398590675,0.0,189503.47516542237,536927.009151329,347516.0948209082,0.0,190266.6899223,537782.7847432082
291,9974.417332,0.0,0.0,0.0,9974.417332,100.0,347423.53398590675,0.0,189503.47516542237,536927.009151329,347516.0948209082,0.0,190266.6899223,537782.7847432082
292,9978.421173,0.0,0.0,0.0,9978.421173,100.0,347423.53398590675,0.0,189503.47516542237,536927.009151329,347516.0948209082,0.0,190266.6899223,537782.7847432082
293,9982.425014,0.0,0.0,0.0,9982.425014,100.0,347423.53398590675,0.0,189503.47516542237,536927.009151329,347516.0948209082,0.0,190266.6899223,537782.7847432082
294,9986.555329,0.0,0.0,0.0,9986.555329,100.0,347423.53398590675,0.0,189503.47516542237,536927.009151329,347516.0948209082,0.0,190266.6899223,537782.7847432082
295,9990.959554,0.002312,0.0,0.0,9990.957241999999,100.0,347423.53398590675,0.0,189503.47516542237,536927.009151329,347516.0948209082,0.0,190266.6899223,537782.7847432082
296,9995.363779,0.014728,0.0,0.0,9995.349051,100.0,347423.53398590675,0.0,189503.47516542237,536927.009151329,347516.0948209082,0.0,190266.6899223,537782.7847432082
297,9999.768004,0.020279000000000002,0.0,0.0,9999.747725,100.0,347423.53398590675,0.0,189503.47516542237,536927.009151329,347516.0948209082,0.0,190266.6899223,537782.7847432082
298,10004.17223,0.028683,0.0,0.0,10004.143547,100.0,347423.53398590675,0.0,189503.47516542237,536927.009151329,347516.0948209082,0.0,190266.6899223,537782.7847432082
299,10008.60919,0.034430999999999996,0.0,0.0,10008.574759,100.0,347423.53398590675,0.0,189503.47516542237,536927.009151329,347516.0948209082,0.0,190266.6899223,537782.7847432082
300,10013.21361,0.022751999999999998,0.0,0.0,10013.190858,100.0,347423.53398590675,0.0,189503.47516542237,536927.009151329,347516.0948209082,0.0,190266.6899223,537782.7847432082
301,10017.81803,0.028547,0.0,0.0,10017.789483,100.0,347423.53398590675,0.0,189503.47516542237,536927.009151329,347516.0948209082,0.0,190266.6899223,537782.7847432082
302,10022.42244,0.029027,0.0,0.0,10022.393413,100.0,347423.53398590675,0.0,189503.47516542237,536927.009151329,347516.0948209082,0.0,190266.6899223,537782.7847432082
303,10027.02686,0.018484,0.0,0.0,10027.008376,100.0,347423.53398590675,0.0,189503.47516542237,536927.009151329,347516.0948209082,0.0,190266.6899223,537782.7847432082
304,10031.6268,0.00936,0.0,0.0,10031.61744,100.0,347423.53398590675,0.0,189503.47516542237,536927.009151329,347516.0948209082,0.0,190266.6899223,537782.7847432082
305,10035.83083,0.000569,0.0,0.0,10035.830261000001,100.0,347423.53398590675,0.0,189503.47516542237,536927.009151329,347516.0948209082,0.0,190266.6899223,537782.7847432082
306,10040.03487,0.0,0.0,0.0,10040.03487,100.0,347423.53398590675,0.0,189503.47516542237,536927.009151329,347516.0948209082,0.0,190266.6899223,537782.7847432082
307,10044.2389,0.0,0.0,0.0,10044.2389,100.0,347423.53398590675,0.0,189503.47516542237,536927.009151329,347516.0948209082,0.0,190266.6899223,537782.7847432082
308,10048.44293,0.0,0.0,0.0,10048.44293,100.0,347423.53398590675,0.0,189503.47516542237,536927.009151329,347516.0948209082,0.0,190266.6899223,537782.7847432082
309,10052.64697,0.0,0.0,0.0,10052.64697,100.0,347423.53398590675,0.0,189503.47516542237,536927.009151329,347516.0948209082,0.0,190266.6899223,537782.7847432082
310,10055.99135,0.0,0.0,0.0,10055.99135,100.0,347423.53398590675,0.0,189503.47516542237,536927.009151329,347516.0948209082,0.0,190266.6899223,537782.7847432082
311,10059.19442,0.0,0.0,0.0,10059.19442,100.0,347423.53398590675,0.0,189503.47516542237,536927.009151329,347516.0948209082,0.0,190266.6899223,537782.7847432082
312,10062.3975,0.0,0.0,0.0,10062.3975,100.0,347423.53398590675,0.0,189503.47516542237,536927.009151329,347516.0948209082,0.0,190266.6899223,537782.7847432082
313,10065.60057,0.0,100.0,0.0,10165.60057,188.0,347423.53398590675,0.0,189503.47516542237,536927.009151329,347516.0948209082,0.0,190266.6899223,537782.7847432082
314,10068.80364,0.0,100.0,0.0,10168.80364,276.0,347423.53398590675,0.0,189503.47516542237,536927.009151329,347516.0948209082,0.0,190266.6899223,537782.7847432082
315,10072.14814,0.0,100.0,0.0,10172.14814,364.0,347423.53398590675,0.0,189503.47516542237,536927.009151329,347516.0948209082,0.0,190266.6899223,537782.7847432082
316,10075.55141,0.0,100.0,0.0,10175.55141,452.0,347423.53398590675,0.0,189503.47516542237,536927.009151329,347516.0948209082,0.0,190266.6899223,537782.7847432082
317,10078.95467,0.0,100.0,0.0,10178.95467,540.0,347423.53398590675,0.0,189503.47516542237,536927.009151329,347516.0948209082,0.0,190266.6899223,537782.7847432082
318,10082.35794,0.0,0.0,100.0,9982.35794,440.0,347423.53398590675,0.0,189503.47516542237,536927.009151329,347516.0948209082,0.0,190266.6899223,537782.7847432082
319,10085.7612,0.005457,0.0,100.0,9985.755743000002,340.0,347423.53398590675,0.0,189503.47516542237,536927.009151329,347516.0948209082,0.0,190266.6899223,537782.7847432082
320,10089.2754,0.01932,0.0,100.0,9989.256080000001,240.0,347423.53398590675,0.0,189503.47516542237,536927.009151329,347516.0948209082,0.0,190266.6899223,537782.7847432082
321,10092.87885,0.029568999999999998,0.0,100.0,9992.849280999999,140.0,347423.53398590675,0.0,189503.47516542237,536927.009151329,347516.0948209082,0.0,190266.6899223,537782.7847432082
322,10096.48231,0.035641,0.0,80.0,10016.446668999999,60.0,347423.53398590675,0.0,189503.47516542237,536927.009151329,347516.0948209082,0.0,190266.6899223,537782.7847432082
323,10100.08577,0.038301,0.0,0.0,10100.047469,60.0,347423.53398590675,0.0,189503.47516542237,536927.009151329,347516.0948209082,0.0,190266.6899223,537782.7847432082
324,10103.68923,0.039782,100.0,0.0,10203.649448,148.0,347423.53398590675,0.0,189503.47516542237,536927.009151329,347516.0948209082,0.0,190266.6899223,537782.7847432082
325,10107.21225,0.037406,100.0,0.0,10207.174844000001,236.0,347423.53398590675,0.0,189503.47516542237,536927.009151329,347516.0948209082,0.0,190266.6899223,537782.7847432082
326,10110.61552,0.032046,100.0,0.0,10210.583474,324.0,347423.53398590675,0.0,189503.47516542237,536927.009151329,347516.0948209082,0.0,190266.6899223,537782.7847432082
327,10114.01878,0.023549,100.0,0.0,10213.995231,412.0,347423.53398590675,0.0,189503.47516542237,536927.009151329,347516.0948209082,0.0,190266.6899223,537782.7847432082
328,10117.42205,0.011923,100.0,0.0,10217.410127,500.0,347423.53398590675,0.0,189503.47516542237,536927.009151329,347516.0948209082,0.0,190266.6899223,537782.7847432082
329,10120.82531,0.000665,0.0,100.0,10020.824645,400.0,347423.53398590675,0.0,189503.47516542237,536927.009151329,347516.0948209082,0.0,190266.6899223,537782.7847432082
330,10124.02885,0.0,0.0,100.0,10024.02885,300.0,347423.53398590675,0.0,189503.47516542237,536927.009151329,347516.0948209082,0.0,190266.6899223,537782.7847432082
331,10126.63135,0.0,0.0,100.0,10026.63135,200.0,347423.53398590675,0.0,189503.47516542237,536927.009151329,347516.0948209082,0.0,190266.6899223,537782.7847432082
332,10129.23385,0.0,0.0,100.0,10029.23385,100.0,347423.53398590675,0.0,189503.47516542237,536927.009151329,347516.0948209082,0.0,190266.6899223,537782.7847432082
333,10131.83634,0.0,0.0,0.0,10131.83634,100.0,347423.53398590675,0.0,189503.47516542237,536927.009151329,347516.0948209082,0.0,190266.6899223,537782.7847432082
334,10134.43884,0.0,0.0,0.0,10134.43884,100.0,347423.53398590675,0.0,189503.47516542237,536927.009151329,347516.0948209082,0.0,190266.6899223,537782.7847432082
335,10137.02191,0.0,0.0,0.0,10137.02191,100.0,347423.53398590675,0.0,189503.47516542237,536927.009151329,347516.0948209082,0.0,190266.6899223,537782.7847432082
336,10139.42421,0.0,0.0,0.0,10139.42421,100.0,347423.53398590675,0.0,189503.47516542237,536927.009151329,347516.0948209082,0.0,190266.6899223,537782.7847432082
337,10141.82652,0.0,100.0,0.0,10241.82652,188.0,347423.53398590675,0.0,189503.47516542237,536927.009151329,347516.0948209082,0.0,190266.6899223,537782.7847432082
338,10144.22882,0.0,100.0,0.0,10244.22882,276.0,347423.53398590675,0.0,189503.47516542237,536927.009151329,347516.0948209082,0.0,190266.6899223,537782.7847432082
339,10146.63113,0.0,100.0,0.0,10246.63113,364.0,347423.53398590675,0.0,189503.47516542237,536927.009151329,347516.0948209082,0.0,190266.6899223,537782.7847432082
340,10149.03343,0.0,100.0,0.0,10249.03343,452.0,347423.53398590675,0.0,189503.47516542237,536927.009151329,347516.0948209082,0.0,190266.6899223,537782.7847432082
341,10152.75959,0.0,100.0,0.0,10252.75959,540.0,347423.53398590675,0.0,189503.47516542237,536927.009151329,347516.0948209082,0.0,190266.6899223,537782.7847432082
342,10156.56324,0.0,0.0,100.0,10056.56324,440.0,347423.53398590675,0.0,189503.47516542237,536927.009151329,347516.0948209082,0.0,190266.6899223,537782.7847432082
343,10160.36689,0.004096,0.0,100.0,10060.362793999999,340.0,347423.53398590675,0.0,189503.47516542237,536927.009151329,347516.0948209082,0.0,190266.6899223,537782.7847432082
344,10164.17054,0.017911000000000003,0.0,100.0,10064.152628999998,240.0,347423.53398590675,0.0,189503.47516542237,536927.009151329,347516.0948209082,0.0,190266.6899223,537782.7847432082
345,10167.97419,0.028594,0.0,100.0,10067.945596000001,140.0,347423.53398590675,0.0,189503.47516542237,536927.009151329,347516.0948209082,0.0,190266.6899223,537782.7847432082
346,10171.93646,0.034863,0.0,80.0,10091.901597,60.0,347423.53398590675,0.0,189503.47516542237,536927.009151329,347516.0948209082,0.0,190266.6899223,537782.7847432082
347,10175.9403,0.039006,0.0,0.0,10175.901294,60.0,347423.53398590675,0.0,189503.47516542237,536927.009151329,347516.0948209082,0.0,190266.6899223,537782.7847432082
348,10179.94414,0.039162999999999996,100.0,0.0,10279.904977,148.0,347423.53398590675,0.0,189503.47516542237,536927.009151329,347516.0948209082,0.0,190266.6899223,537782.7847432082
349,10183.94798,0.036061,100.0,0.0,10283.911919,236.0,347423.53398590675,0.0,189503.47516542237,536927.009151329,347516.0948209082,0.0,190266.6899223,537782.7847432082
350,10187.95182,0.030809000000000003,100.0,0.0,10287.921011,324.0,347423.53398590675,0.0,189503.47516542237,536927.009151329,347516.0948209082,0.0,190266.6899223,537782.7847432082
351,10191.82754,0.022703,100.0,0.0,10291.804837,412.0,347423.53398590675,0.0,189503.47516542237,536927.009151329,347516.0948209082,0.0,190266.6899223,537782.7847432082
352,10195.63119,0.010894000000000001,100.0,0.0,10295.620296000001,500.0,347423.53398590675,0.0,189503.47516542237,536927.009151329,347516.0948209082,0.0,190266.6899223,537782.7847432082
353,10199.43484,0.000384,0.0,100.0,10099.434455999999,400.0,347423.53398590675,0.0,189503.47516542237,536927.009151329,347516.0948209082,0.0,190266.6899223,537782.7847432082
354,10203.23849,0.0,0.0,100.0,10103.23849,300.0,347423.53398590675,0.0,189503.47516542237,536927.009151329,347516.0948209082,0.0,190266.6899223,537782.7847432082
355,10207.04214,0.0,0.0,100.0,10107.04214,200.0,347423.53398590675,0.0,189503.47516542237,536927.009151329,347516.0948209082,0.0,190266.6899223,537782.7847432082
356,10210.65054,0.0,0.0,100.0,10110.65054,100.0,347423.53398590675,0.0,189503.47516542237,536927.009151329,347516.0948209082,0.0,190266.6899223,537782.7847432082
357,10214.0538,0.0,0.0,0.0,10214.0538,100.0,347423.53398590675,0.0,189503.47516542237,536927.009151329,347516.0948209082,0.0,190266.6899223,537782.7847432082
358,10217.45707,0.0,0.0,0.0,10217.45707,100.0,347423.53398590675,0.0,189503.47516542237,536927.009151329,347516.0948209082,0.0,190266.6899223,537782.7847432082
359,10220.86033,0.0,0.0,0.0,10220.86033,100.0,347423.53398590675,0.0,189503.47516542237,536927.009151329,347516.0948209082,0.0,190266.6899223,537782.7847432082
360,10224.2636,0.0,0.0,0.0,10224.2636,100.0,347423.53398590675,0.0,189503.47516542237,536927.009151329,347516.0948209082,0.0,190266.6899223,537782.7847432082
361,10227.80111,0.0,100.0,0.0,10327.80111,188.0,347423.53398590675,0.0,189503.47516542237,536927.009151329,347516.0948209082,0.0,190266.6899223,537782.7847432082
362,10231.60476,0.0,100.0,0.0,10331.60476,276.0,347423.53398590675,0.0,189503.47516542237,536927.009151329,347516.0948209082,0.0,190266.6899223,537782.7847432082
363,10235.40841,0.0,100.0,0.0,10335.40841,364.0,347423.53398590675,0.0,189503.47516542237,536927.009151329,347516.0948209082,0.0,190266.6899223,537782.7847432082
364,10239.21206,0.0,100.0,0.0,10339.21206,452.0,347423.53398590675,0.0,189503.47516542237,536927.009151329,347516.0948209082,0.0,190266.6899223,537782.7847432082
365,10243.0157,0.0,100.0,0.0,10343.0157,540.0,347423.53398590675,0.0,189503.47516542237,536927.009151329,347516.0948209082,0.0,190266.6899223,537782.7847432082
366,10246.56299,0.0,0.0,100.0,10146.56299,440.0,347423.53398590675,0.0,189503.47516542237,536927.009151329,347516.0948209082,0.0,190266.6899223,537782.7847432082
367,10248.96529,0.0013289999999999999,0.0,100.0,10148.963961,340.0,347423.53398590675,0.0,189503.47516542237,536927.009151329,347516.0948209082,0.0,190266.6899223,537782.7847432082
368,10251.3676,0.010158,0.0,100.0,10151.357442,240.0,347423.53398590675,0.0,189503.47516542237,536927.009151329,347516.0948209082,0.0,190266.6899223,537782.7847432082
369,10253.7699,0.008275000000000001,0.0,100.0,10153.761625,140.0,347423.53398590675,0.0,189503.47516542237,536927.009151329,347516.0948209082,0.0,190266.6899223,537782.7847432082
370,10256.17221,0.022677,0.0,77.8359801666666,10178.313552833333,62.1640198333334,347423.53398590675,0.0,189503.47516542237,536927.009151329,347516.0948209082,0.0,190266.6899223,537782.7847432082
371,10258.56227,0.01927,0.0,2.16401983333344,10256.378980166666,60.0,347423.53398590675,0.0,189503.47516542237,536927.009151329,347516.0948209082,0.0,190266.6899223,537782.7847432082
372,10260.56419,0.017925,54.5454545454545,0.0,10315.091719545453,108.0,347423.53398590675,0.0,189503.47516542237,536927.009151329,347516.0948209082,0.0,190266.6899223,537782.7847432082
373,10262.56611,0.013858,100.0,0.0,10362.552252,196.0,347423.53398590675,0.0,189503.47516542237,536927.009151329,347516.0948209082,0.0,190266.6899223,537782.7847432082
374,10264.56803,0.014903000000000001,100.0,0.0,10364.553127000001,284.0,347423.53398590675,0.0,189503.47516542237,536927.009151329,347516.0948209082,0.0,190266.6899223,537782.7847432082
375,10266.56995,0.004914,100.0,0.0,10366.565036,372.0,347423.53398590675,0.0,189503.47516542237,536927.009151329,347516.0948209082,0.0,190266.6899223,537782.7847432082
376,10268.57187,0.004165,100.0,0.0,10368.567705,460.0,347423.53398590675,0.0,189503.47516542237,536927.009151329,347516.0948209082,0.0,190266.6899223,537782.7847432082
377,10270.92542,0.000352,0.0,100.0,10170.925068,360.0,347423.53398590675,0.0,189503.47516542237,536927.009151329,347516.0948209082,0.0,190266.6899223,537782.7847432082
378,10273.32772,0.0,0.0,100.0,10173.32772,260.0,347423.53398590675,0.0,189503.47516542237,536927.009151329,347516.0948209082,0.0,190266.6899223,537782.7847432082
379,10275.73003,0.0,0.0,100.0,10175.73003,160.0,347423.53398590675,0.0,189503.47516542237,536927.009151329,347516.0948209082,0.0,190266.6899223,537782.7847432082
380,10278.13233,0.0,0.0,100.0,10178.13233,60.0,347423.53398590675,0.0,189503.47516542237,536927.009151329,347516.0948209082,0.0,190266.6899223,537782.7847432082
381,10280.53464,0.0,0.0,0.0,10280.53464,60.0,347423.53398590675,0.0,189503.47516542237,536927.009151329,347516.0948209082,0.0,190266.6899223,537782.7847432082
382,10282.79163,0.0,0.0,0.0,10282.79163,60.0,347423.53398590675,0.0,189503.47516542237,536927.009151329,347516.0948209082,0.0,190266.6899223,537782.7847432082
383,10284.99374,0.0,0.0,0.0,10284.99374,60.0,347423.53398590675,0.0,189503.47516542237,536927.009151329,347516.0948209082,0.0,190266.6899223,537782.7847432082
384,10287.19585,0.0,45.4545454545455,0.0,10332.650395454546,100.0,347423.53398590675,0.0,189503.47516542237,536927.009151329,347516.0948209082,0.0,190266.6899223,537782.7847432082
385,10289.39796,0.0,100.0,0.0,10389.39796,188.0,347423.53398590675,0.0,189503.47516542237,536927.009151329,347516.0948209082,0.0,190266.6899223,537782.7847432082
386,10291.60008,0.0,100.0,0.0,10391.60008,276.0,347423.53398590675,0.0,189503.47516542237,536927.009151329,347516.0948209082,0.0,190266.6899223,537782.7847432082
387,10293.80219,0.0,100.0,0.0,10393.80219,364.0,347423.53398590675,0.0,189503.47516542237,536927.009151329,347516.0948209082,0.0,190266.6899223,537782.7847432082
388,10296.0043,0.0,100.0,0.0,10396.0043,452.0,347423.53398590675,0.0,189503.47516542237,536927.009151329,347516.0948209082,0.0,190266.6899223,537782.7847432082
389,10298.20641,0.0,100.0,0.0,10398.20641,540.0,347423.53398590675,0.0,189503.47516542237,536927.009151329,347516.0948209082,0.0,190266.6899223,537782.7847432082
390,10300.40853,0.0,0.0,100.0,10200.40853,440.0,347423.53398590675,0.0,189503.47516542237,536927.009151329,347516.0948209082,0.0,190266.6899223,537782.7847432082
391,10302.61064,0.0014039999999999999,0.0,100.0,10202.609236,340.0,347423.53398590675,0.0,189503.47516542237,536927.009151329,347516.0948209082,0.0,190266.6899223,537782.7847432082
392,10304.47549,0.002984,0.0,100.0,10204.472506,240.0,347423.53398590675,0.0,189503.47516542237,536927.009151329,347516.0948209082,0.0,190266.6899223,537782.7847432082
393,10305.87683,0.009437,0.0,76.8235293333328,10229.043863666666,163.176470666667,347423.53398590675,0.0,189503.47516542237,536927.009151329,347516.0948209082,0.0,190266.6899223,537782.7847432082
394,10307.27818,0.009809,0.0,50.8893908333339,10256.378980166666,112.287079833333,347423.53398590675,0.0,189503.47516542237,536927.009151329,347516.0948209082,0.0,190266.6899223,537782.7847432082
395,10308.67952,0.013460000000000001,0.0,52.2870798333333,10256.378980166666,60.0,347423.53398590675,0.0,189503.47516542237,536927.009151329,347516.0948209082,0.0,190266.6899223,537782.7847432082
396,10310.08086,0.013353,54.5454545454545,0.0,10364.612961545454,108.0,347423.53398590675,0.0,189503.47516542237,536927.009151329,347516.0948209082,0.0,190266.6899223,537782.7847432082
397,10311.53602,0.011054000000000001,100.0,0.0,10411.524965999999,196.0,347423.53398590675,0.0,189503.47516542237,536927.009151329,347516.0948209082,0.0,190266.6899223,537782.7847432082
398,10313.13756,0.009914,100.0,0.0,10413.127645999999,284.0,347423.53398590675,0.0,189503.47516542237,536927.009151329,347516.0948209082,0.0,190266.6899223,537782.7847432082
399,10314.7391,0.006738000000000001,100.0,0.0,10414.732362,372.0,347423.53398590675,0.0,189503.47516542237,536927.009151329,347516.0948209082,0.0,190266.6899223,537782.7847432082
400,10316.34063,0.003401,100.0,0.0,10416.337229,460.0,347423.53398590675,0.0,189503.47516542237,536927.009151329,347516.0948209082,0.0,190266.6899223,537782.7847432082
401,10317.94217,0.00013600000000000003,0.0,100.0,10217.942034,360.0,347423.53398590675,0.0,189503.47516542237,536927.009151329,347516.0948209082,0.0,190266.6899223,537782.7847432082
402,10319.52039,0.0,0.0,100.0,10219.52039,260.0,347423.53398590675,0.0,189503.47516542237,536927.009151329,347516.0948209082,0.0,190266.6899223,537782.7847432082
403,10320.92173,0.0,0.0,100.0,10220.92173,160.0,347423.53398590675,0.0,189503.47516542237,536927.009151329,347516.0948209082,0.0,190266.6899223,537782.7847432082
404,10322.32308,0.0,0.0,100.0,10222.32308,60.0,347423.53398590675,0.0,189503.47516542237,536927.009151329,347516.0948209082,0.0,190266.6899223,537782.7847432082
405,10323.72442,0.0,0.0,0.0,10323.72442,60.0,347423.53398590675,0.0,189503.47516542237,536927.009151329,347516.0948209082,0.0,190266.6899223,537782.7847432082
406,10325.12577,0.0,0.0,0.0,10325.12577,60.0,347423.53398590675,0.0,189503.47516542237,536927.009151329,347516.0948209082,0.0,190266.6899223,537782.7847432082
407,10326.52711,0.0,90.5509154030296,0.0,10417.07802540303,139.684805554666,347423.53398590675,0.0,189503.47516542237,536927.009151329,347516.0948209082,0.0,190266.6899223,537782.7847432082
408,10327.92846,0.0,89.1495654030314,0.0,10417.07802540303,218.136423109334,347423.53398590675,0.0,189503.47516542237,536927.009151329,347516.0948209082,0.0,190266.6899223,537782.7847432082
409,10329.3298,0.0,87.748225403031,0.0,10417.07802540303,295.354861464001,347423.53398590675,0.0,189503.47516542237,536927.009151329,347516.0948209082,0.0,190266.6899223,537782.7847432082
410,10330.73114,0.0,26.723223036362,0.0,10357.454363036362,318.871297736,347423.53398590675,0.0,189503.47516542237,536927.009151329,347516.0948209082,0.0,190266.6899223,537782.7847432082
411,10332.13249,0.0,84.9455354030306,0.0,10417.07802540303,393.623368890666,347423.53398590675,0.0,189503.47516542237,536927.009151329,347516.0948209082,0.0,190266.6899223,537782.7847432082
412,10333.53383,0.0,83.5441954030302,0.0,10417.07802540303,467.142260845333,347423.53398590675,0.0,189503.47516542237,536927.009151329,347516.0948209082,0.0,190266.6899223,537782.7847432082
413,10334.28514,0.0,82.7928854030306,0.0,10417.07802540303,540.0,347423.53398590675,0.0,189503.47516542237,536927.009151329,347516.0948209082,0.0,190266.6899223,537782.7847432082
414,10334.88572,0.0,0.0,78.506739833334,10256.378980166666,461.493260166666,347423.53398590675,0.0,189503.47516542237,536927.009151329,347516.0948209082,0.0,190266.6899223,537782.7847432082
415,10335.48629,0.002142,0.0,79.1051678333351,10256.378980166666,382.388092333331,347423.53398590675,0.0,189503.47516542237,536927.009151329,347516.0948209082,0.0,190266.6899223,537782.7847432082
416,10336.08687,0.0064600000000000005,0.0,79.7014298333324,10256.378980166666,302.686662499998,347423.53398590675,0.0,189503.47516542237,536927.009151329,347516.0948209082,0.0,190266.6899223,537782.7847432082
417,10336.68745,0.016709,0.0,80.2917608333337,10256.378980166666,222.394901666667,347423.53398590675,0.0,189503.47516542237,536927.009151329,347516.0948209082,0.0,190266.6899223,537782.7847432082
418,10337.28802,0.011012000000000001,0.0,80.8980278333329,10256.378980166666,141.496873833334,347423.53398590675,0.0,189503.47516542237,536927.009151329,347516.0948209082,0.0,190266.6899223,537782.7847432082
419,10337.8886,0.012746,0.0,81.4968738333337,10256.378980166666,60.0,347423.53398590675,0.0,189503.47516542237,536927.009151329,347516.0948209082,0.0,190266.6899223,537782.7847432082
420,10338.48918,0.013358,78.6022034030302,0.0,10417.07802540303,129.169938994667,347423.53398590675,0.0,189503.47516542237,536927.009151329,347516.0948209082,0.0,190266.6899223,537782.7847432082
421,10339.08975,0.00994,77.9982154030313,0.0,10417.07802540303,197.808368549334,347423.53398590675,0.0,189503.47516542237,536927.009151329,347516.0948209082,0.0,190266.6899223,537782.7847432082
422,10339.69033,0.012235,77.3999304030312,0.0,10417.07802540303,265.920307304001,347423.53398590675,0.0,189503.47516542237,536927.009151329,347516.0948209082,0.0,190266.6899223,537782.7847432082
423,10340.18939,0.015148,76.9037834030314,0.0,10417.07802540303,333.595636698664,347423.53398590675,0.0,189503.47516542237,536927.009151329,347516.0948209082,0.0,190266.6899223,537782.7847432082
424,10340.58978,0.013211,76.5014564030305,0.0,10417.07802540303,400.916918333331,347423.53398590675,0.0,189503.47516542237,536927.009151329,347516.0948209082,0.0,190266.6899223,537782.7847432082
425,10340.99016,0.001121,0.0,84.6100588333338,10256.378980166666,316.306859499997,347423.53398590675,0.0,189503.47516542237,536927.009151329,347516.0948209082,0.0,190266.6899223,537782.7847432082
426,10341.39055,0.0,0.0,85.0115698333339,10256.378980166666,231.295289666665,347423.53398590675,0.0,189503.47516542237,536927.009151329,347516.0948209082,0.0,190266.6899223,537782.7847432082
427,10341.79093,0.0,0.0,85.411949833333,10256.378980166666,145.883339833334,347423.53398590675,0.0,189503.47516542237,536927.009151329,347516.0948209082,0.0,190266.6899223,537782.7847432082
428,10342.26232,0.0,0.0,85.8833398333336,10256.378980166666,60.0,347423.53398590675,0.0,189503.47516542237,536927.009151329,347516.0948209082,0.0,190266.6899223,537782.7847432082
429,10342.8629,0.0,0.0,0.0,10342.8629,60.0,347423.53398590675,0.0,189503.47516542237,536927.009151329,347516.0948209082,0.0,190266.6899223,537782.7847432082
430,10343.46348,0.0,0.0,0.0,10343.46348,60.0,347423.53398590675,0.0,189503.47516542237,536927.009151329,347516.0948209082,0.0,190266.6899223,537782.7847432082
431,10344.06405,0.0,0.0,0.0,10344.06405,60.0,347423.53398590675,0.0,189503.47516542237,536927.009151329,347516.0948209082,0.0,190266.6899223,537782.7847432082
432,10344.66463,0.0,0.0,0.0,10344.66463,60.0,347423.53398590675,0.0,189503.47516542237,536927.009151329,347516.0948209082,0.0,190266.6899223,537782.7847432082
433,10345.2247,0.0,0.0,0.0,10345.2247,60.0,347423.53398590675,0.0,189503.47516542237,536927.009151329,347516.0948209082,0.0,190266.6899223,537782.7847432082
434,10345.62508,0.0,0.0,0.0,10345.62508,60.0,347423.53398590675,0.0,189503.47516542237,536927.009151329,347516.0948209082,0.0,190266.6899223,537782.7847432082
435,10346.02546,0.0,0.0,0.0,10346.02546,60.0,347423.53398590675,0.0,189503.47516542237,536927.009151329,347516.0948209082,0.0,190266.6899223,537782.7847432082
436,10346.42585,0.0,0.0,0.0,10346.42585,60.0,347423.53398590675,0.0,189503.47516542237,536927.009151329,347516.0948209082,0.0,190266.6899223,537782.7847432082
437,10346.82623,0.0,0.0,0.0,10346.82623,60.0,347423.53398590675,0.0,189503.47516542237,536927.009151329,347516.0948209082,0.0,190266.6899223,537782.7847432082
438,10347.23663,0.0,0.0,0.0,10347.23663,60.0,347423.53398590675,0.0,189503.47516542237,536927.009151329,347516.0948209082,0.0,190266.6899223,537782.7847432082
439,10347.8372,0.0011140000000000002,0.0,0.0,10347.836086,60.0,347423.53398590675,0.0,189503.47516542237,536927.009151329,347516.0948209082,0.0,190266.6899223,537782.7847432082
440,10348.43778,0.006615,0.0,0.0,10348.431165,60.0,347423.53398590675,0.0,189503.47516542237,536927.009151329,347516.0948209082,0.0,190266.6899223,537782.7847432082
441,10349.03835,0.008792999999999999,0.0,0.0,10349.029557,60.0,347423.53398590675,0.0,189503.47516542237,536927.009151329,347516.0948209082,0.0,190266.6899223,537782.7847432082
442,10349.63893,0.010164999999999999,0.0,0.0,10349.628765,60.0,347423.53398590675,0.0,189503.47516542237,536927.009151329,347516.0948209082,0.0,190266.6899223,537782.7847432082
443,10350.23951,0.009613,0.0,0.0,10350.229897,60.0,347423.53398590675,0.0,189503.47516542237,536927.009151329,347516.0948209082,0.0,190266.6899223,537782.7847432082
444,10350.66038,0.041667,0.0,0.0,10350.618713,60.0,347423.53398590675,0.0,189503.47516542237,536927.009151329,347516.0948209082,0.0,190266.6899223,537782.7847432082
445,10351.06076,0.036702,0.0,0.0,10351.024058,60.0,347423.53398590675,0.0,189503.47516542237,536927.009151329,347516.0948209082,0.0,190266.6899223,537782.7847432082
446,10351.46115,0.033052,0.0,0.0,10351.428097999998,60.0,347423.53398590675,0.0,189503.47516542237,536927.009151329,347516.0948209082,0.0,190266.6899223,537782.7847432082
447,10351.86153,0.023003,0.0,0.0,10351.838527,60.0,347423.53398590675,0.0,189503.47516542237,536927.009151329,347516.0948209082,0.0,190266.6899223,537782.7847432082
448,10352.26192,0.009406000000000001,0.0,0.0,10352.252514000002,60.0,347423.53398590675,0.0,189503.47516542237,536927.009151329,347516.0948209082,0.0,190266.6899223,537782.7847432082
449,10352.6623,0.000436,0.0,0.0,10352.661864,60.0,347423.53398590675,0.0,189503.47516542237,536927.009151329,347516.0948209082,0.0,190266.6899223,537782.7847432082
450,10353.06268,0.0,0.0,0.0,10353.06268,60.0,347423.53398590675,0.0,189503.47516542237,536927.009151329,347516.0948209082,0.0,190266.6899223,537782.7847432082
451,10353.46307,0.0,0.0,0.0,10353.46307,60.0,347423.53398590675,0.0,189503.47516542237,536927.009151329,347516.0948209082,0.0,190266.6899223,537782.7847432082
452,10353.86345,0.0,0.0,0.0,10353.86345,60.0,347423.53398590675,0.0,189503.47516542237,536927.009151329,347516.0948209082,0.0,190266.6899223,537782.7847432082
453,10354.26384,0.0,0.0,0.0,10354.26384,60.0,347423.53398590675,0.0,189503.47516542237,536927.009151329,347516.0948209082,0.0,190266.6899223,537782.7847432082
454,10354.54552,0.0,0.0,0.0,10354.54552,60.0,347423.53398590675,0.0,189503.47516542237,536927.009151329,347516.0948209082,0.0,190266.6899223,537782.7847432082
455,10354.74571,0.0,0.0,0.0,10354.74571,60.0,347423.53398590675,0.0,189503.47516542237,536927.009151329,347516.0948209082,0.0,190266.6899223,537782.7847432082
456,10354.9459,0.0,0.0,0.0,10354.9459,60.0,347423.53398590675,0.0,189503.47516542237,536927.009151329,347516.0948209082,0.0,190266.6899223,537782.7847432082
457,10355.1461,0.0,0.0,0.0,10355.1461,60.0,347423.53398590675,0.0,189503.47516542237,536927.009151329,347516.0948209082,0.0,190266.6899223,537782.7847432082
458,10355.34629,0.0,0.0,0.0,10355.34629,60.0,347423.53398590675,0.0,189503.47516542237,536927.009151329,347516.0948209082,0.0,190266.6899223,537782.7847432082
459,10355.37007,0.0,0.0,0.0,10355.37007,60.0,347423.53398590675,0.0,189503.47516542237,536927.009151329,347516.0948209082,0.0,190266.6899223,537782.7847432082
460,10355.16988,0.0,0.0,0.0,10355.16988,60.0,347423.53398590675,0.0,189503.47516542237,536927.009151329,347516.0948209082,0.0,190266.6899223,537782.7847432082
461,10354.96969,0.0,0.0,0.0,10354.96969,60.0,347423.53398590675,0.0,189503.47516542237,536927.009151329,347516.0948209082,0.0,190266.6899223,537782.7847432082
462,10354.7695,0.0,0.0,0.0,10354.7695,60.0,347423.53398590675,0.0,189503.47516542237,536927.009151329,347516.0948209082,0.0,190266.6899223,537782.7847432082
463,10354.56931,0.0006889999999999999,0.0,0.0,10354.568621,60.0,347423.53398590675,0.0,189503.47516542237,536927.009151329,347516.0948209082,0.0,190266.6899223,537782.7847432082
464,10354.31141,0.004426,0.0,0.0,10354.306984,60.0,347423.53398590675,0.0,189503.47516542237,536927.009151329,347516.0948209082,0.0,190266.6899223,537782.7847432082
465,10353.91103,0.006779,0.0,0.0,10353.904251,60.0,347423.53398590675,0.0,189503.47516542237,536927.009151329,347516.0948209082,0.0,190266.6899223,537782.7847432082
466,10353.51064,0.010152,0.0,0.0,10353.500488,60.0,347423.53398590675,0.0,189503.47516542237,536927.009151329,347516.0948209082,0.0,190266.6899223,537782.7847432082
467,10353.11026,0.014881,0.0,0.0,10353.095379,60.0,347423.53398590675,0.0,189503.47516542237,536927.009151329,347516.0948209082,0.0,190266.6899223,537782.7847432082
468,10352.70988,0.034489,0.0,0.0,10352.675391,60.0,347423.53398590675,0.0,189503.47516542237,536927.009151329,347516.0948209082,0.0,190266.6899223,537782.7847432082
469,10352.30949,0.038861,0.0,0.0,10352.270628999999,60.0,347423.53398590675,0.0,189503.47516542237,536927.009151329,347516.0948209082,0.0,190266.6899223,537782.7847432082
470,10351.90911,0.031920000000000004,0.0,0.0,10351.877190000001,60.0,347423.53398590675,0.0,189503.47516542237,536927.009151329,347516.0948209082,0.0,190266.6899223,537782.7847432082
471,10351.50872,0.02067,0.0,0.0,10351.48805,60.0,347423.53398590675,0.0,189503.47516542237,536927.009151329,347516.0948209082,0.0,190266.6899223,537782.7847432082
472,10351.10834,0.011059,0.0,0.0,10351.097281,60.0,347423.53398590675,0.0,189503.47516542237,536927.009151329,347516.0948209082,0.0,190266.6899223,537782.7847432082
473,10350.70796,0.000757,0.0,0.0,10350.707203,60.0,347423.53398590675,0.0,189503.47516542237,536927.009151329,347516.0948209082,0.0,190266.6899223,537782.7847432082
474,10350.30757,0.0,0.0,0.0,10350.30757,60.0,347423.53398590675,0.0,189503.47516542237,536927.009151329,347516.0948209082,0.0,190266.6899223,537782.7847432082
475,10349.90719,0.0,0.0,0.0,10349.90719,60.0,347423.53398590675,0.0,189503.47516542237,536927.009151329,347516.0948209082,0.0,190266.6899223,537782.7847432082
476,10349.5068,0.0,0.0,0.0,10349.5068,60.0,347423.53398590675,0.0,189503.47516542237,536927.009151329,347516.0948209082,0.0,190266.6899223,537782.7847432082
477,10349.10642,0.0,0.0,0.0,10349.10642,60.0,347423.53398590675,0.0,189503.47516542237,536927.009151329,347516.0948209082,0.0,190266.6899223,537782.7847432082
478,10348.70603,0.0,0.0,0.0,10348.70603,60.0,347423.53398590675,0.0,189503.47516542237,536927.009151329,347516.0948209082,0.0,190266.6899223,537782.7847432082
479,10348.30565,0.0,0.0,0.0,10348.30565,60.0,347423.53398590675,0.0,189503.47516542237,536927.009151329,347516.0948209082,0.0,190266.6899223,537782.7847432082
480,10348.07166,0.0,0.0,0.0,10348.07166,60.0,347423.53398590675,0.0,189503.47516542237,536927.009151329,347516.0948209082,0.0,190266.6899223,537782.7847432082
481,10347.87147,0.0,0.0,0.0,10347.87147,60.0,347423.53398590675,0.0,189503.47516542237,536927.009151329,347516.0948209082,0.0,190266.6899223,537782.7847432082
482,10347.67128,0.0,0.0,0.0,10347.67128,60.0,347423.53398590675,0.0,189503.47516542237,536927.009151329,347516.0948209082,0.0,190266.6899223,537782.7847432082
483,10347.47109,0.0,0.0,0.0,10347.47109,60.0,347423.53398590675,0.0,189503.47516542237,536927.009151329,347516.0948209082,0.0,190266.6899223,537782.7847432082
484,10347.27089,0.0,0.0,0.0,10347.27089,60.0,347423.53398590675,0.0,189503.47516542237,536927.009151329,347516.0948209082,0.0,190266.6899223,537782.7847432082
485,10346.93481,0.0,0.0,0.0,10346.93481,60.0,347423.53398590675,0.0,189503.47516542237,536927.009151329,347516.0948209082,0.0,190266.6899223,537782.7847432082
486,10346.53442,0.0,0.0,0.0,10346.53442,60.0,347423.53398590675,0.0,189503.47516542237,536927.009151329,347516.0948209082,0.0,190266.6899223,537782.7847432082
487,10346.13404,0.00449,0.0,0.0,10346.129550000001,60.0,347423.53398590675,0.0,189503.47516542237,536927.009151329,347516.0948209082,0.0,190266.6899223,537782.7847432082
488,10345.73365,0.018637,0.0,0.0,10345.715013,60.0,347423.53398590675,0.0,189503.47516542237,536927.009151329,347516.0948209082,0.0,190266.6899223,537782.7847432082
489,10345.33327,0.029193000000000004,0.0,0.0,10345.304076999999,60.0,347423.53398590675,0.0,189503.47516542237,536927.009151329,347516.0948209082,0.0,190266.6899223,537782.7847432082
490,10345.03828,0.035183,0.0,0.0,10345.003097,60.0,347423.53398590675,0.0,189503.47516542237,536927.009151329,347516.0948209082,0.0,190266.6899223,537782.7847432082
491,10344.83809,0.039803,0.0,0.0,10344.798287,60.0,347423.53398590675,0.0,189503.47516542237,536927.009151329,347516.0948209082,0.0,190266.6899223,537782.7847432082
492,10344.6379,0.041039,0.0,0.0,10344.596861,60.0,347423.53398590675,0.0,189503.47516542237,536927.009151329,347516.0948209082,0.0,190266.6899223,537782.7847432082
493,10344.43771,0.03769,0.0,0.0,10344.400020000001,60.0,347423.53398590675,0.0,189503.47516542237,536927.009151329,347516.0948209082,0.0,190266.6899223,537782.7847432082
494,10344.23751,0.033079000000000004,0.0,0.0,10344.204431,60.0,347423.53398590675,0.0,189503.47516542237,536927.009151329,347516.0948209082,0.0,190266.6899223,537782.7847432082
495,10343.88753,0.024338000000000002,0.0,0.0,10343.863192,60.0,347423.53398590675,0.0,189503.47516542237,536927.009151329,347516.0948209082,0.0,190266.6899223,537782.7847432082
496,10343.28695,0.012755,0.0,0.0,10343.274195,60.0,347423.53398590675,0.0,189503.47516542237,536927.009151329,347516.0948209082,0.0,190266.6899223,537782.7847432082
497,10342.68638,0.000177,0.0,0.0,10342.686203,60.0,347423.53398590675,0.0,189503.47516542237,536927.009151329,347516.0948209082,0.0,190266.6899223,537782.7847432082
498,10342.0858,0.0,0.0,0.0,10342.0858,60.0,347423.53398590675,0.0,189503.47516542237,536927.009151329,347516.0948209082,0.0,190266.6899223,537782.7847432082
499,10341.48523,0.0,0.0,0.0,10341.48523,60.0,347423.53398590675,0.0,189503.47516542237,536927.009151329,347516.0948209082,0.0,190266.6899223,537782.7847432082
500,10340.92905,0.0,0.0,0.0,10340.92905,60.0,347423.53398590675,0.0,189503.47516542237,536927.009151329,347516.0948209082,0.0,190266.6899223,537782.7847432082
501,10340.52866,0.0,0.0,0.0,10340.52866,60.0,347423.53398590675,0.0,189503.47516542237,536927.009151329,347516.0948209082,0.0,190266.6899223,537782.7847432082
502,10340.12828,0.0,0.0,0.0,10340.12828,60.0,347423.53398590675,0.0,189503.47516542237,536927.009151329,347516.0948209082,0.0,190266.6899223,537782.7847432082
503,10339.72789,0.0,77.3501354030304,0.0,10417.07802540303,128.068119154667,347423.53398590675,0.0,189503.47516542237,536927.009151329,347516.0948209082,0.0,190266.6899223,537782.7847432082
504,10339.32751,0.0,71.2746630363631,0.0,10410.602173036363,190.789822626666,347423.53398590675,0.0,189503.47516542237,536927.009151329,347516.0948209082,0.0,190266.6899223,537782.7847432082
505,10338.91323,0.0,78.1647954030304,0.0,10417.07802540303,259.574842581333,347423.53398590675,0.0,189503.47516542237,536927.009151329,347516.0948209082,0.0,190266.6899223,537782.7847432082
506,10338.31265,0.0,78.7653754030307,0.0,10417.07802540303,328.888372936,347423.53398590675,0.0,189503.47516542237,536927.009151329,347516.0948209082,0.0,190266.6899223,537782.7847432082
507,10337.71208,0.0,79.3659454030312,0.0,10417.07802540303,398.730404890668,347423.53398590675,0.0,189503.47516542237,536927.009151329,347516.0948209082,0.0,190266.6899223,537782.7847432082
508,10337.1115,0.0,79.9665254030297,0.0,10417.07802540303,469.100947245334,347423.53398590675,0.0,189503.47516542237,536927.009151329,347516.0948209082,0.0,190266.6899223,537782.7847432082
509,10336.51092,0.0,80.5671054030299,0.0,10417.07802540303,540.0,347423.53398590675,0.0,189503.47516542237,536927.009151329,347516.0948209082,0.0,190266.6899223,537782.7847432082
510,10335.91035,0.0,0.0,91.481646833332,10244.428703166668,448.518353166668,347423.53398590675,0.0,189503.47516542237,536927.009151329,347516.0948209082,0.0,190266.6899223,537782.7847432082
511,10335.30977,0.006358,0.0,78.9244318333331,10256.378980166666,369.593921333335,347423.53398590675,0.0,189503.47516542237,536927.009151329,347516.0948209082,0.0,190266.6899223,537782.7847432082
512,10334.7092,0.019482,0.0,78.3107378333334,10256.378980166666,291.283183500002,347423.53398590675,0.0,189503.47516542237,536927.009151329,347516.0948209082,0.0,190266.6899223,537782.7847432082
513,10334.10862,0.029920000000000002,0.0,77.6997198333338,10256.378980166666,213.583463666668,347423.53398590675,0.0,189503.47516542237,536927.009151329,347516.0948209082,0.0,190266.6899223,537782.7847432082
514,10333.50804,0.034984,0.0,77.0940758333345,10256.378980166666,136.489387833333,347423.53398590675,0.0,189503.47516542237,536927.009151329,347516.0948209082,0.0,190266.6899223,537782.7847432082
515,10332.90747,0.039102,0.0,76.4893878333332,10256.378980166666,60.0,347423.53398590675,0.0,189503.47516542237,536927.009151329,347516.0948209082,0.0,190266.6899223,537782.7847432082
516,10332.1538,0.039102,84.9633274030311,0.0,10417.07802540303,134.767728114667,347423.53398590675,0.0,189503.47516542237,536927.009151329,347516.0948209082,0.0,190266.6899223,537782.7847432082
517,10331.35304,0.036174,85.7611594030313,0.0,10417.07802540303,210.237548389335,347423.53398590675,0.0,189503.47516542237,536927.009151329,347516.0948209082,0.0,190266.6899223,537782.7847432082
518,10330.55227,0.031293,86.5570484030304,0.0,10417.07802540303,286.407750984002,347423.53398590675,0.0,189503.47516542237,536927.009151329,347516.0948209082,0.0,190266.6899223,537782.7847432082
519,10329.7515,0.023938,87.3504634030305,0.0,10417.07802540303,363.276158778669,347423.53398590675,0.0,189503.47516542237,536927.009151329,347516.0948209082,0.0,190266.6899223,537782.7847432082
520,10328.95073,0.012914,88.1402094030309,0.0,10417.07802540303,440.839543053336,347423.53398590675,0.0,189503.47516542237,536927.009151329,347516.0948209082,0.0,190266.6899223,537782.7847432082
521,10328.14996,0.000255,0.0,100.0,10228.149705,340.839543053336,347423.53398590675,0.0,189503.47516542237,536927.009151329,347516.0948209082,0.0,190266.6899223,537782.7847432082
522,10327.34919,0.0,0.0,100.0,10227.34919,240.839543053336,347423.53398590675,0.0,189503.47516542237,536927.009151329,347516.0948209082,0.0,190266.6899223,537782.7847432082
523,10326.54843,0.0,0.0,100.0,10226.54843,140.839543053336,347423.53398590675,0.0,189503.47516542237,536927.009151329,347516.0948209082,0.0,190266.6899223,537782.7847432082
524,10325.74766,0.0,0.0,80.8395430533358,10244.908116946664,60.0,347423.53398590675,0.0,189503.47516542237,536927.009151329,347516.0948209082,0.0,190266.6899223,537782.7847432082
525,10324.94689,0.0,0.0,0.0,10324.94689,60.0,347423.53398590675,0.0,189503.47516542237,536927.009151329,347516.0948209082,0.0,190266.6899223,537782.7847432082
526,10323.77777,0.0,0.0,0.0,10323.77777,60.0,347423.53398590675,0.0,189503.47516542237,536927.009151329,347516.0948209082,0.0,190266.6899223,537782.7847432082
527,10322.17623,0.0,0.0,0.0,10322.17623,60.0,347423.53398590675,0.0,189503.47516542237,536927.009151329,347516.0948209082,0.0,190266.6899223,537782.7847432082
528,10320.5747,0.0,47.6432746484838,0.0,10368.217974648484,101.926081690666,347423.53398590675,0.0,189503.47516542237,536927.009151329,347516.0948209082,0.0,190266.6899223,537782.7847432082
529,10318.97316,0.0,98.104865403031,0.0,10417.07802540303,188.258363245333,347423.53398590675,0.0,189503.47516542237,536927.009151329,347516.0948209082,0.0,190266.6899223,537782.7847432082
530,10317.37162,0.0,99.7064054030307,0.0,10417.07802540303,276.0,347423.53398590675,0.0,189503.47516542237,536927.009151329,347516.0948209082,0.0,190266.6899223,537782.7847432082
531,10315.77009,0.0,100.0,0.0,10415.77009,364.0,347423.53398590675,0.0,189503.47516542237,536927.009151329,347516.0948209082,0.0,190266.6899223,537782.7847432082
532,10314.16855,0.0,100.0,0.0,10414.16855,452.0,347423.53398590675,0.0,189503.47516542237,536927.009151329,347516.0948209082,0.0,190266.6899223,537782.7847432082
533,10312.56701,0.0,100.0,0.0,10412.56701,540.0,347423.53398590675,0.0,189503.47516542237,536927.009151329,347516.0948209082,0.0,190266.6899223,537782.7847432082
534,10310.96548,0.0,0.0,100.0,10210.96548,440.0,347423.53398590675,0.0,189503.47516542237,536927.009151329,347516.0948209082,0.0,190266.6899223,537782.7847432082
535,10309.36394,0.006399,0.0,100.0,10209.357541,340.0,347423.53398590675,0.0,189503.47516542237,536927.009151329,347516.0948209082,0.0,190266.6899223,537782.7847432082
536,10307.82458,0.019138000000000002,0.0,100.0,10207.805442,240.0,347423.53398590675,0.0,189503.47516542237,536927.009151329,347516.0948209082,0.0,190266.6899223,537782.7847432082
537,10306.62343,0.029185,0.0,50.215264833334,10256.378980166666,189.784735166666,347423.53398590675,0.0,189503.47516542237,536927.009151329,347516.0948209082,0.0,190266.6899223,537782.7847432082
538,10305.42228,0.034934,0.0,81.9808173333331,10223.406528666668,107.803917833333,347423.53398590675,0.0,189503.47516542237,536927.009151329,347516.0948209082,0.0,190266.6899223,537782.7847432082
539,10304.22113,0.038232,0.0,47.8039178333329,10256.378980166666,60.0,347423.53398590675,0.0,189503.47516542237,536927.009151329,347516.0948209082,0.0,190266.6899223,537782.7847432082
540,10303.01997,0.038053,100.0,0.0,10402.981917,148.0,347423.53398590675,0.0,189503.47516542237,536927.009151329,347516.0948209082,0.0,190266.6899223,537782.7847432082
541,10301.81764,0.035902,100.0,0.0,10401.781738,236.0,347423.53398590675,0.0,189503.47516542237,536927.009151329,347516.0948209082,0.0,190266.6899223,537782.7847432082
542,10300.21611,0.03183,100.0,0.0,10400.18428,324.0,347423.53398590675,0.0,189503.47516542237,536927.009151329,347516.0948209082,0.0,190266.6899223,537782.7847432082
543,10298.61457,0.024337,100.0,0.0,10398.590232999999,412.0,347423.53398590675,0.0,189503.47516542237,536927.009151329,347516.0948209082,0.0,190266.6899223,537782.7847432082
544,10297.01303,0.009123,100.0,0.0,10397.003907,500.0,347423.53398590675,0.0,189503.47516542237,536927.009151329,347516.0948209082,0.0,190266.6899223,537782.7847432082
545,10295.4115,0.000245,0.0,100.0,10195.411255,400.0,347423.53398590675,0.0,189503.47516542237,536927.009151329,347516.0948209082,0.0,190266.6899223,537782.7847432082
546,10293.80996,0.0,0.0,100.0,10193.80996,300.0,347423.53398590675,0.0,189503.47516542237,536927.009151329,347516.0948209082,0.0,190266.6899223,537782.7847432082
547,10291.86786,0.0,0.0,100.0,10191.86786,200.0,347423.53398590675,0.0,189503.47516542237,536927.009151329,347516.0948209082,0.0,190266.6899223,537782.7847432082
548,10289.86594,0.0,0.0,100.0,10189.86594,100.0,347423.53398590675,0.0,189503.47516542237,536927.009151329,347516.0948209082,0.0,190266.6899223,537782.7847432082
549,10287.86402,0.0,0.0,0.0,10287.86402,100.0,347423.53398590675,0.0,189503.47516542237,536927.009151329,347516.0948209082,0.0,190266.6899223,537782.7847432082
550,10285.8621,0.0,0.0,0.0,10285.8621,100.0,347423.53398590675,0.0,189503.47516542237,536927.009151329,347516.0948209082,0.0,190266.6899223,537782.7847432082
551,10283.86018,0.0,0.0,0.0,10283.86018,100.0,347423.53398590675,0.0,189503.47516542237,536927.009151329,347516.0948209082,0.0,190266.6899223,537782.7847432082
552,10281.99804,0.0,0.0,0.0,10281.99804,100.0,347423.53398590675,0.0,189503.47516542237,536927.009151329,347516.0948209082,0.0,190266.6899223,537782.7847432082
553,10280.19631,0.0,100.0,0.0,10380.19631,188.0,347423.53398590675,0.0,189503.47516542237,536927.009151329,347516.0948209082,0.0,190266.6899223,537782.7847432082
554,10278.39459,0.0,100.0,0.0,10378.39459,276.0,347423.53398590675,0.0,189503.47516542237,536927.009151329,347516.0948209082,0.0,190266.6899223,537782.7847432082
555,10276.59286,0.0,100.0,0.0,10376.59286,364.0,347423.53398590675,0.0,189503.47516542237,536927.009151329,347516.0948209082,0.0,190266.6899223,537782.7847432082
556,10274.79113,0.0,100.0,0.0,10374.79113,452.0,347423.53398590675,0.0,189503.47516542237,536927.009151329,347516.0948209082,0.0,190266.6899223,537782.7847432082
557,10272.9894,0.0,100.0,0.0,10372.9894,540.0,347423.53398590675,0.0,189503.47516542237,536927.009151329,347516.0948209082,0.0,190266.6899223,537782.7847432082
558,10271.18767,0.0,0.0,100.0,10171.18767,440.0,347423.53398590675,0.0,189503.47516542237,536927.009151329,347516.0948209082,0.0,190266.6899223,537782.7847432082
559,10269.38594,0.003891,0.0,100.0,10169.382049,340.0,347423.53398590675,0.0,189503.47516542237,536927.009151329,347516.0948209082,0.0,190266.6899223,537782.7847432082
560,10267.58421,0.016521,0.0,100.0,10167.567689000001,240.0,347423.53398590675,0.0,189503.47516542237,536927.009151329,347516.0948209082,0.0,190266.6899223,537782.7847432082
561,10265.78249,0.026090000000000002,0.0,100.0,10165.7564,140.0,347423.53398590675,0.0,189503.47516542237,536927.009151329,347516.0948209082,0.0,190266.6899223,537782.7847432082
562,10263.98076,0.031818,0.0,74.2254411666672,10189.723500833334,65.7745588333328,347423.53398590675,0.0,189503.47516542237,536927.009151329,347516.0948209082,0.0,190266.6899223,537782.7847432082
563,10262.17903,0.025491,0.0,5.77455883333278,10256.378980166666,60.0,347423.53398590675,0.0,189503.47516542237,536927.009151329,347516.0948209082,0.0,190266.6899223,537782.7847432082
564,10260.3773,0.038526000000000005,100.0,0.0,10360.338774,148.0,347423.53398590675,0.0,189503.47516542237,536927.009151329,347516.0948209082,0.0,190266.6899223,537782.7847432082
565,10258.57557,0.025267,100.0,0.0,10358.550303,236.0,347423.53398590675,0.0,189503.47516542237,536927.009151329,347516.0948209082,0.0,190266.6899223,537782.7847432082
566,10256.77384,0.024321000000000002,100.0,0.0,10356.749518999999,324.0,347423.53398590675,0.0,189503.47516542237,536927.009151329,347516.0948209082,0.0,190266.6899223,537782.7847432082
567,10254.92383,0.021442,100.0,0.0,10354.902388,412.0,347423.53398590675,0.0,189503.47516542237,536927.009151329,347516.0948209082,0.0,190266.6899223,537782.7847432082
568,10252.92191,0.009696,100.0,0.0,10352.912214,500.0,347423.53398590675,0.0,189503.47516542237,536927.009151329,347516.0948209082,0.0,190266.6899223,537782.7847432082
569,10250.91999,0.0007740000000000001,0.0,100.0,10150.919216,400.0,347423.53398590675,0.0,189503.47516542237,536927.009151329,347516.0948209082,0.0,190266.6899223,537782.7847432082
570,10248.91807,0.0,0.0,100.0,10148.91807,300.0,347423.53398590675,0.0,189503.47516542237,536927.009151329,347516.0948209082,0.0,190266.6899223,537782.7847432082
571,10246.91615,0.0,0.0,100.0,10146.91615,200.0,347423.53398590675,0.0,189503.47516542237,536927.009151329,347516.0948209082,0.0,190266.6899223,537782.7847432082
572,10244.9498,0.0,0.0,100.0,10144.9498,100.0,347423.53398590675,0.0,189503.47516542237,536927.009151329,347516.0948209082,0.0,190266.6899223,537782.7847432082
573,10243.34826,0.0,0.0,0.0,10243.34826,100.0,347423.53398590675,0.0,189503.47516542237,536927.009151329,347516.0948209082,0.0,190266.6899223,537782.7847432082
574,10241.74672,0.0,0.0,0.0,10241.74672,100.0,347423.53398590675,0.0,189503.47516542237,536927.009151329,347516.0948209082,0.0,190266.6899223,537782.7847432082
575,10240.14519,0.0,0.0,0.0,10240.14519,100.0,347423.53398590675,0.0,189503.47516542237,536927.009151329,347516.0948209082,0.0,190266.6899223,537782.7847432082
576,10238.54365,0.0,0.0,0.0,10238.54365,100.0,347423.53398590675,0.0,189503.47516542237,536927.009151329,347516.0948209082,0.0,190266.6899223,537782.7847432082
577,10236.94211,0.0,100.0,0.0,10336.94211,188.0,347423.53398590675,0.0,189503.47516542237,536927.009151329,347516.0948209082,0.0,190266.6899223,537782.7847432082
578,10235.34058,0.0,100.0,0.0,10335.34058,276.0,347423.53398590675,0.0,189503.47516542237,536927.009151329,347516.0948209082,0.0,190266.6899223,537782.7847432082
579,10233.73904,0.0,100.0,0.0,10333.73904,364.0,347423.53398590675,0.0,189503.47516542237,536927.009151329,347516.0948209082,0.0,190266.6899223,537782.7847432082
580,10232.1375,0.0,100.0,0.0,10332.1375,452.0,347423.53398590675,0.0,189503.47516542237,536927.009151329,347516.0948209082,0.0,190266.6899223,537782.7847432082
581,10230.53597,0.0,100.0,0.0,10330.53597,540.0,347423.53398590675,0.0,189503.47516542237,536927.009151329,347516.0948209082,0.0,190266.6899223,537782.7847432082
582,10228.93443,0.0,0.0,100.0,10128.93443,440.0,347423.53398590675,0.0,189503.47516542237,536927.009151329,347516.0948209082,0.0,190266.6899223,537782.7847432082
583,10226.705,0.002666,0.0,100.0,10126.702334,340.0,347423.53398590675,0.0,189503.47516542237,536927.009151329,347516.0948209082,0.0,190266.6899223,537782.7847432082
584,10224.30269,0.009025,0.0,100.0,10124.293665000001,240.0,347423.53398590675,0.0,189503.47516542237,536927.009151329,347516.0948209082,0.0,190266.6899223,537782.7847432082
585,10221.90039,0.022535,0.0,100.0,10121.877855,140.0,347423.53398590675,0.0,189503.47516542237,536927.009151329,347516.0948209082,0.0,190266.6899223,537782.7847432082
586,10219.49809,0.033610999999999995,0.0,80.0,10139.464478999998,60.0,347423.53398590675,0.0,189503.47516542237,536927.009151329,347516.0948209082,0.0,190266.6899223,537782.7847432082
587,10217.09578,0.037077,0.0,0.0,10217.058702999999,60.0,347423.53398590675,0.0,189503.47516542237,536927.009151329,347516.0948209082,0.0,190266.6899223,537782.7847432082
588,10214.69348,0.035668,54.5454545454545,0.0,10269.203266545454,108.0,347423.53398590675,0.0,189503.47516542237,536927.009151329,347516.0948209082,0.0,190266.6899223,537782.7847432082
589,10212.29117,0.035703000000000006,100.0,0.0,10312.255467,196.0,347423.53398590675,0.0,189503.47516542237,536927.009151329,347516.0948209082,0.0,190266.6899223,537782.7847432082
590,10209.88887,0.030614000000000002,100.0,0.0,10309.858256000001,284.0,347423.53398590675,0.0,189503.47516542237,536927.009151329,347516.0948209082,0.0,190266.6899223,537782.7847432082
591,10207.48656,0.023297000000000002,100.0,0.0,10307.463263,372.0,347423.53398590675,0.0,189503.47516542237,536927.009151329,347516.0948209082,0.0,190266.6899223,537782.7847432082
592,10205.08426,0.011924,100.0,0.0,10305.072336,460.0,347423.53398590675,0.0,189503.47516542237,536927.009151329,347516.0948209082,0.0,190266.6899223,537782.7847432082
593,10202.8739,0.001839,0.0,100.0,10102.872061,360.0,347423.53398590675,0.0,189503.47516542237,536927.009151329,347516.0948209082,0.0,190266.6899223,537782.7847432082
594,10200.87198,0.0,0.0,100.0,10100.87198,260.0,347423.53398590675,0.0,189503.47516542237,536927.009151329,347516.0948209082,0.0,190266.6899223,537782.7847432082
595,10198.87006,0.0,0.0,100.0,10098.87006,160.0,347423.53398590675,0.0,189503.47516542237,536927.009151329,347516.0948209082,0.0,190266.6899223,537782.7847432082
596,10196.86814,0.0,0.0,100.0,10096.86814,60.0,347423.53398590675,0.0,189503.47516542237,536927.009151329,347516.0948209082,0.0,190266.6899223,537782.7847432082
597,10194.86622,0.0,0.0,0.0,10194.86622,60.0,347423.53398590675,0.0,189503.47516542237,536927.009151329,347516.0948209082,0.0,190266.6899223,537782.7847432082
598,10192.99525,0.0,0.0,0.0,10192.99525,60.0,347423.53398590675,0.0,189503.47516542237,536927.009151329,347516.0948209082,0.0,190266.6899223,537782.7847432082
599,10191.39371,0.0,0.0,0.0,10191.39371,60.0,347423.53398590675,0.0,189503.47516542237,536927.009151329,347516.0948209082,0.0,190266.6899223,537782.7847432082
600,10189.79218,0.0,0.0,0.0,10189.79218,60.0,347423.53398590675,0.0,189503.47516542237,536927.009151329,347516.0948209082,0.0,190266.6899223,537782.7847432082
601,10188.19064,0.0,0.0,0.0,10188.19064,60.0,347423.53398590675,0.0,189503.47516542237,536927.009151329,347516.0948209082,0.0,190266.6899223,537782.7847432082
602,10186.5891,0.0,0.0,0.0,10186.5891,60.0,347423.53398590675,0.0,189503.47516542237,536927.009151329,347516.0948209082,0.0,190266.6899223,537782.7847432082
603,10184.95259,0.0,0.0,0.0,10184.95259,60.0,347423.53398590675,0.0,189503.47516542237,536927.009151329,347516.0948209082,0.0,190266.6899223,537782.7847432082
604,10183.15086,0.0,0.0,0.0,10183.15086,60.0,347423.53398590675,0.0,189503.47516542237,536927.009151329,347516.0948209082,0.0,190266.6899223,537782.7847432082
605,10181.34914,0.0,0.0,0.0,10181.34914,60.0,347423.53398590675,0.0,189503.47516542237,536927.009151329,347516.0948209082,0.0,190266.6899223,537782.7847432082
606,10179.54741,0.0,100.0,0.0,10279.54741,148.0,347423.53398590675,0.0,189503.47516542237,536927.009151329,347516.0948209082,0.0,190266.6899223,537782.7847432082
607,10177.74568,0.006226,45.4545454545455,0.0,10223.193999454546,188.0,347423.53398590675,0.0,189503.47516542237,536927.009151329,347516.0948209082,0.0,190266.6899223,537782.7847432082
608,10175.93948,0.019798,0.0,0.0,10175.919682,188.0,347423.53398590675,0.0,189503.47516542237,536927.009151329,347516.0948209082,0.0,190266.6899223,537782.7847432082
609,10173.93756,0.029773,0.0,0.0,10173.907787,188.0,347423.53398590675,0.0,189503.47516542237,536927.009151329,347516.0948209082,0.0,190266.6899223,537782.7847432082
610,10171.93564,0.034586,0.0,0.0,10171.901054,188.0,347423.53398590675,0.0,189503.47516542237,536927.009151329,347516.0948209082,0.0,190266.6899223,537782.7847432082
611,10169.93371,0.040542,0.0,0.0,10169.893167999999,188.0,347423.53398590675,0.0,189503.47516542237,536927.009151329,347516.0948209082,0.0,190266.6899223,537782.7847432082
612,10167.93179,0.040903,0.0,0.0,10167.890887000001,188.0,347423.53398590675,0.0,189503.47516542237,536927.009151329,347516.0948209082,0.0,190266.6899223,537782.7847432082
613,10165.92987,0.038908000000000005,0.0,0.0,10165.890962,188.0,347423.53398590675,0.0,189503.47516542237,536927.009151329,347516.0948209082,0.0,190266.6899223,537782.7847432082
614,10163.92795,0.033487,0.0,0.0,10163.894462999999,188.0,347423.53398590675,0.0,189503.47516542237,536927.009151329,347516.0948209082,0.0,190266.6899223,537782.7847432082
615,10161.92603,0.025726,0.0,0.0,10161.900304,188.0,347423.53398590675,0.0,189503.47516542237,536927.009151329,347516.0948209082,0.0,190266.6899223,537782.7847432082
616,10159.92411,0.014113,0.0,0.0,10159.909997,188.0,347423.53398590675,0.0,189503.47516542237,536927.009151329,347516.0948209082,0.0,190266.6899223,537782.7847432082
617,10157.92219,0.002094,0.0,0.0,10157.920096,188.0,347423.53398590675,0.0,189503.47516542237,536927.009151329,347516.0948209082,0.0,190266.6899223,537782.7847432082
618,10155.92027,0.0,0.0,0.0,10155.92027,188.0,347423.53398590675,0.0,189503.47516542237,536927.009151329,347516.0948209082,0.0,190266.6899223,537782.7847432082
619,10154.06202,0.0,0.0,0.0,10154.06202,188.0,347423.53398590675,0.0,189503.47516542237,536927.009151329,347516.0948209082,0.0,190266.6899223,537782.7847432082
620,10152.26029,0.0,0.0,0.0,10152.26029,188.0,347423.53398590675,0.0,189503.47516542237,536927.009151329,347516.0948209082,0.0,190266.6899223,537782.7847432082
621,10150.45856,0.0,0.0,0.0,10150.45856,188.0,347423.53398590675,0.0,189503.47516542237,536927.009151329,347516.0948209082,0.0,190266.6899223,537782.7847432082
622,10148.65683,0.0,0.0,0.0,10148.65683,188.0,347423.53398590675,0.0,189503.47516542237,536927.009151329,347516.0948209082,0.0,190266.6899223,537782.7847432082
623,10146.85511,0.0,0.0,0.0,10146.85511,188.0,347423.53398590675,0.0,189503.47516542237,536927.009151329,347516.0948209082,0.0,190266.6899223,537782.7847432082
624,10144.82704,0.0,0.0,0.0,10144.82704,188.0,347423.53398590675,0.0,189503.47516542237,536927.009151329,347516.0948209082,0.0,190266.6899223,537782.7847432082
625,10142.62493,0.0,0.0,0.0,10142.62493,188.0,347423.53398590675,0.0,189503.47516542237,536927.009151329,347516.0948209082,0.0,190266.6899223,537782.7847432082
626,10140.42282,0.0,0.0,0.0,10140.42282,188.0,347423.53398590675,0.0,189503.47516542237,536927.009151329,347516.0948209082,0.0,190266.6899223,537782.7847432082
627,10138.2207,0.0,0.0,0.0,10138.2207,188.0,347423.53398590675,0.0,189503.47516542237,536927.009151329,347516.0948209082,0.0,190266.6899223,537782.7847432082
628,10136.01859,0.0,0.0,0.0,10136.01859,188.0,347423.53398590675,0.0,189503.47516542237,536927.009151329,347516.0948209082,0.0,190266.6899223,537782.7847432082
629,10133.98181,0.0,0.0,0.0,10133.98181,188.0,347423.53398590675,0.0,189503.47516542237,536927.009151329,347516.0948209082,0.0,190266.6899223,537782.7847432082
630,10132.18009,0.0,0.0,0.0,10132.18009,188.0,347423.53398590675,0.0,189503.47516542237,536927.009151329,347516.0948209082,0.0,190266.6899223,537782.7847432082
631,10130.37836,0.005775000000000001,0.0,0.0,10130.372585000001,188.0,347423.53398590675,0.0,189503.47516542237,536927.009151329,347516.0948209082,0.0,190266.6899223,537782.7847432082
632,10128.57663,0.018460999999999998,0.0,0.0,10128.558169,188.0,347423.53398590675,0.0,189503.47516542237,536927.009151329,347516.0948209082,0.0,190266.6899223,537782.7847432082
633,10126.7749,0.028006,0.0,0.0,10126.746894,188.0,347423.53398590675,0.0,189503.47516542237,536927.009151329,347516.0948209082,0.0,190266.6899223,537782.7847432082
634,10125.02534,0.03536,0.0,0.0,10124.98998,188.0,347423.53398590675,0.0,189503.47516542237,536927.009151329,347516.0948209082,0.0,190266.6899223,537782.7847432082
635,10123.4238,0.038776000000000005,0.0,0.0,10123.385024000001,188.0,347423.53398590675,0.0,189503.47516542237,536927.009151329,347516.0948209082,0.0,190266.6899223,537782.7847432082
636,10121.82227,0.040705,0.0,0.0,10121.781565000001,188.0,347423.53398590675,0.0,189503.47516542237,536927.009151329,347516.0948209082,0.0,190266.6899223,537782.7847432082
637,10120.22073,0.034121000000000005,0.0,0.0,10120.186608999998,188.0,347423.53398590675,0.0,189503.47516542237,536927.009151329,347516.0948209082,0.0,190266.6899223,537782.7847432082
638,10118.61919,0.025933,0.0,0.0,10118.593256999999,188.0,347423.53398590675,0.0,189503.47516542237,536927.009151329,347516.0948209082,0.0,190266.6899223,537782.7847432082
639,10117.03933,0.016197,0.0,0.0,10117.023132999999,188.0,347423.53398590675,0.0,189503.47516542237,536927.009151329,347516.0948209082,0.0,190266.6899223,537782.7847432082
640,10115.63798,0.008459,0.0,0.0,10115.629520999999,188.0,347423.53398590675,0.0,189503.47516542237,536927.009151329,347516.0948209082,0.0,190266.6899223,537782.7847432082
641,10114.23664,0.001446,0.0,0.0,10114.235193999999,188.0,347423.53398590675,0.0,189503.47516542237,536927.009151329,347516.0948209082,0.0,190266.6899223,537782.7847432082
642,10112.83529,0.0,0.0,0.0,10112.83529,188.0,347423.53398590675,0.0,189503.47516542237,536927.009151329,347516.0948209082,0.0,190266.6899223,537782.7847432082
643,10111.43395,0.0,0.0,0.0,10111.43395,188.0,347423.53398590675,0.0,189503.47516542237,536927.009151329,347516.0948209082,0.0,190266.6899223,537782.7847432082
644,10110.0326,0.0,0.0,0.0,10110.0326,188.0,347423.53398590675,0.0,189503.47516542237,536927.009151329,347516.0948209082,0.0,190266.6899223,537782.7847432082
645,10108.24854,0.0,0.0,0.0,10108.24854,188.0,347423.53398590675,0.0,189503.47516542237,536927.009151329,347516.0948209082,0.0,190266.6899223,537782.7847432082
646,10106.44681,0.0,0.0,0.0,10106.44681,188.0,347423.53398590675,0.0,189503.47516542237,536927.009151329,347516.0948209082,0.0,190266.6899223,537782.7847432082
647,10104.64508,0.0,0.0,0.0,10104.64508,188.0,347423.53398590675,0.0,189503.47516542237,536927.009151329,347516.0948209082,0.0,190266.6899223,537782.7847432082
648,10102.84336,0.0,0.0,0.0,10102.84336,188.0,347423.53398590675,0.0,189503.47516542237,536927.009151329,347516.0948209082,0.0,190266.6899223,537782.7847432082
649,10101.04163,0.0,0.0,0.0,10101.04163,188.0,347423.53398590675,0.0,189503.47516542237,536927.009151329,347516.0948209082,0.0,190266.6899223,537782.7847432082
650,10099.07904,0.0,100.0,0.0,10199.07904,276.0,347423.53398590675,0.0,189503.47516542237,536927.009151329,347516.0948209082,0.0,190266.6899223,537782.7847432082
651,10097.07712,0.0,100.0,0.0,10197.07712,364.0,347423.53398590675,0.0,189503.47516542237,536927.009151329,347516.0948209082,0.0,190266.6899223,537782.7847432082
652,10095.0752,0.0,100.0,0.0,10195.0752,452.0,347423.53398590675,0.0,189503.47516542237,536927.009151329,347516.0948209082,0.0,190266.6899223,537782.7847432082
653,10093.07328,0.0,100.0,0.0,10193.07328,540.0,347423.53398590675,0.0,189503.47516542237,536927.009151329,347516.0948209082,0.0,190266.6899223,537782.7847432082
654,10091.07136,0.0,0.0,100.0,9991.07136,440.0,347423.53398590675,0.0,189503.47516542237,536927.009151329,347516.0948209082,0.0,190266.6899223,537782.7847432082
655,10089.72124,0.0006,0.0,100.0,9989.720640000001,340.0,347423.53398590675,0.0,189503.47516542237,536927.009151329,347516.0948209082,0.0,190266.6899223,537782.7847432082
656,10088.72028,0.0046890000000000005,0.0,100.0,9988.715591,240.0,347423.53398590675,0.0,189503.47516542237,536927.009151329,347516.0948209082,0.0,190266.6899223,537782.7847432082
657,10087.71932,0.009559,0.0,100.0,9987.709761,140.0,347423.53398590675,0.0,189503.47516542237,536927.009151329,347516.0948209082,0.0,190266.6899223,537782.7847432082
658,10086.71836,0.008657,0.0,80.0,10006.709703,60.0,347423.53398590675,0.0,189503.47516542237,536927.009151329,347516.0948209082,0.0,190266.6899223,537782.7847432082
659,10085.7174,0.018178,0.0,0.0,10085.699222,60.0,347423.53398590675,0.0,189503.47516542237,536927.009151329,347516.0948209082,0.0,190266.6899223,537782.7847432082
660,10084.71644,0.017872,54.5454545454545,0.0,10139.244022545454,108.0,347423.53398590675,0.0,189503.47516542237,536927.009151329,347516.0948209082,0.0,190266.6899223,537782.7847432082
661,10083.71548,0.021282,100.0,0.0,10183.694198000001,196.0,347423.53398590675,0.0,189503.47516542237,536927.009151329,347516.0948209082,0.0,190266.6899223,537782.7847432082
662,10082.71452,0.016687,100.0,0.0,10182.697833,284.0,347423.53398590675,0.0,189503.47516542237,536927.009151329,347516.0948209082,0.0,190266.6899223,537782.7847432082
663,10081.71356,0.006551,100.0,0.0,10181.707009,372.0,347423.53398590675,0.0,189503.47516542237,536927.009151329,347516.0948209082,0.0,190266.6899223,537782.7847432082
664,10080.7126,0.004805,100.0,0.0,10180.707795,460.0,347423.53398590675,0.0,189503.47516542237,536927.009151329,347516.0948209082,0.0,190266.6899223,537782.7847432082
665,10079.71164,0.00028399999999999996,0.0,100.0,9979.711356,360.0,347423.53398590675,0.0,189503.47516542237,536927.009151329,347516.0948209082,0.0,190266.6899223,537782.7847432082
666,10078.71068,0.0,0.0,100.0,9978.71068,260.0,347423.53398590675,0.0,189503.47516542237,536927.009151329,347516.0948209082,0.0,190266.6899223,537782.7847432082
667,10077.70971,0.0,0.0,100.0,9977.70971,160.0,347423.53398590675,0.0,189503.47516542237,536927.009151329,347516.0948209082,0.0,190266.6899223,537782.7847432082
668,10076.70875,0.0,0.0,100.0,9976.70875,60.0,347423.53398590675,0.0,189503.47516542237,536927.009151329,347516.0948209082,0.0,190266.6899223,537782.7847432082
669,10075.70779,0.0,100.0,0.0,10175.70779,148.0,347423.53398590675,0.0,189503.47516542237,536927.009151329,347516.0948209082,0.0,190266.6899223,537782.7847432082
670,10074.62911,0.0,45.4545454545455,0.0,10120.083655454546,188.0,347423.53398590675,0.0,189503.47516542237,536927.009151329,347516.0948209082,0.0,190266.6899223,537782.7847432082
671,10073.22777,0.0,0.0,0.0,10073.22777,188.0,347423.53398590675,0.0,189503.47516542237,536927.009151329,347516.0948209082,0.0,190266.6899223,537782.7847432082
672,10071.82642,0.0,0.0,0.0,10071.82642,188.0,347423.53398590675,0.0,189503.47516542237,536927.009151329,347516.0948209082,0.0,190266.6899223,537782.7847432082
673,10070.42508,0.0,0.0,0.0,10070.42508,188.0,347423.53398590675,0.0,189503.47516542237,536927.009151329,347516.0948209082,0.0,190266.6899223,537782.7847432082
674,10069.02374,0.0,100.0,0.0,10169.02374,276.0,347423.53398590675,0.0,189503.47516542237,536927.009151329,347516.0948209082,0.0,190266.6899223,537782.7847432082
675,10067.62239,0.0,100.0,0.0,10167.62239,364.0,347423.53398590675,0.0,189503.47516542237,536927.009151329,347516.0948209082,0.0,190266.6899223,537782.7847432082
676,10066.22105,0.0,100.0,0.0,10166.22105,452.0,347423.53398590675,0.0,189503.47516542237,536927.009151329,347516.0948209082,0.0,190266.6899223,537782.7847432082
677,10064.8197,0.0,100.0,0.0,10164.8197,540.0,347423.53398590675,0.0,189503.47516542237,536927.009151329,347516.0948209082,0.0,190266.6899223,537782.7847432082
678,10063.41836,0.0,0.0,100.0,9963.41836,440.0,347423.53398590675,0.0,189503.47516542237,536927.009151329,347516.0948209082,0.0,190266.6899223,537782.7847432082
679,10062.01701,0.005466,0.0,100.0,9962.011543999999,340.0,347423.53398590675,0.0,189503.47516542237,536927.009151329,347516.0948209082,0.0,190266.6899223,537782.7847432082
680,10060.61567,0.017631,0.0,100.0,9960.598038999999,240.0,347423.53398590675,0.0,189503.47516542237,536927.009151329,347516.0948209082,0.0,190266.6899223,537782.7847432082
681,10059.03627,0.027597000000000003,0.0,100.0,9959.008673,140.0,347423.53398590675,0.0,189503.47516542237,536927.009151329,347516.0948209082,0.0,190266.6899223,537782.7847432082
682,10057.43474,0.033811,0.0,80.0,9977.400929000001,60.0,347423.53398590675,0.0,189503.47516542237,536927.009151329,347516.0948209082,0.0,190266.6899223,537782.7847432082
683,10055.8332,0.037332000000000004,0.0,0.0,10055.795868,60.0,347423.53398590675,0.0,189503.47516542237,536927.009151329,347516.0948209082,0.0,190266.6899223,537782.7847432082
684,10054.23166,0.037003,54.5454545454545,0.0,10108.740111545454,108.0,347423.53398590675,0.0,189503.47516542237,536927.009151329,347516.0948209082,0.0,190266.6899223,537782.7847432082
685,10052.63013,0.038427,100.0,0.0,10152.591703,196.0,347423.53398590675,0.0,189503.47516542237,536927.009151329,347516.0948209082,0.0,190266.6899223,537782.7847432082
686,10051.3237,0.033299,100.0,0.0,10151.290401,284.0,347423.53398590675,0.0,189503.47516542237,536927.009151329,347516.0948209082,0.0,190266.6899223,537782.7847432082
687,10050.12254,0.006951,100.0,0.0,10150.115589,372.0,347423.53398590675,0.0,189503.47516542237,536927.009151329,347516.0948209082,0.0,190266.6899223,537782.7847432082
688,10048.92139,0.014258,100.0,0.0,10148.907132,460.0,347423.53398590675,0.0,189503.47516542237,536927.009151329,347516.0948209082,0.0,190266.6899223,537782.7847432082
689,10047.72024,0.001183,0.0,100.0,9947.719057,360.0,347423.53398590675,0.0,189503.47516542237,536927.009151329,347516.0948209082,0.0,190266.6899223,537782.7847432082
690,10046.51909,0.0,0.0,100.0,9946.51909,260.0,347423.53398590675,0.0,189503.47516542237,536927.009151329,347516.0948209082,0.0,190266.6899223,537782.7847432082
691,10045.20088,0.0,0.0,100.0,9945.20088,160.0,347423.53398590675,0.0,189503.47516542237,536927.009151329,347516.0948209082,0.0,190266.6899223,537782.7847432082
692,10043.79954,0.0,0.0,100.0,9943.79954,60.0,347423.53398590675,0.0,189503.47516542237,536927.009151329,347516.0948209082,0.0,190266.6899223,537782.7847432082
693,10042.39819,0.0,100.0,0.0,10142.39819,148.0,347423.53398590675,0.0,189503.47516542237,536927.009151329,347516.0948209082,0.0,190266.6899223,537782.7847432082
694,10040.99685,0.0,45.4545454545455,0.0,10086.451395454545,188.0,347423.53398590675,0.0,189503.47516542237,536927.009151329,347516.0948209082,0.0,190266.6899223,537782.7847432082
695,10039.5955,0.0,0.0,0.0,10039.5955,188.0,347423.53398590675,0.0,189503.47516542237,536927.009151329,347516.0948209082,0.0,190266.6899223,537782.7847432082
696,10038.10761,0.0,0.0,0.0,10038.10761,188.0,347423.53398590675,0.0,189503.47516542237,536927.009151329,347516.0948209082,0.0,190266.6899223,537782.7847432082
697,10036.50607,0.0,0.0,0.0,10036.50607,188.0,347423.53398590675,0.0,189503.47516542237,536927.009151329,347516.0948209082,0.0,190266.6899223,537782.7847432082
698,10034.90453,0.0,100.0,0.0,10134.90453,276.0,347423.53398590675,0.0,189503.47516542237,536927.009151329,347516.0948209082,0.0,190266.6899223,537782.7847432082
699,10033.303,0.0,100.0,0.0,10133.303,364.0,347423.53398590675,0.0,189503.47516542237,536927.009151329,347516.0948209082,0.0,190266.6899223,537782.7847432082
700,10031.70146,0.0,100.0,0.0,10131.70146,452.0,347423.53398590675,0.0,189503.47516542237,536927.009151329,347516.0948209082,0.0,190266.6899223,537782.7847432082
701,10029.98782,0.0,100.0,0.0,10129.98782,540.0,347423.53398590675,0.0,189503.47516542237,536927.009151329,347516.0948209082,0.0,190266.6899223,537782.7847432082
702,10027.9859,0.0,0.0,100.0,9927.9859,440.0,347423.53398590675,0.0,189503.47516542237,536927.009151329,347516.0948209082,0.0,190266.6899223,537782.7847432082
703,10025.98398,0.007288,0.0,100.0,9925.976692,340.0,347423.53398590675,0.0,189503.47516542237,536927.009151329,347516.0948209082,0.0,190266.6899223,537782.7847432082
704,10023.98206,0.019173,0.0,100.0,9923.962887,240.0,347423.53398590675,0.0,189503.47516542237,536927.009151329,347516.0948209082,0.0,190266.6899223,537782.7847432082
705,10021.98014,0.028149,0.0,100.0,9921.951991,140.0,347423.53398590675,0.0,189503.47516542237,536927.009151329,347516.0948209082,0.0,190266.6899223,537782.7847432082
706,10020.02932,0.036327,0.0,80.0,9939.992993,60.0,347423.53398590675,0.0,189503.47516542237,536927.009151329,347516.0948209082,0.0,190266.6899223,537782.7847432082
707,10018.42779,0.04111,0.0,0.0,10018.38668,60.0,347423.53398590675,0.0,189503.47516542237,536927.009151329,347516.0948209082,0.0,190266.6899223,537782.7847432082
708,10016.82625,0.041667,54.5454545454545,0.0,10071.330037545455,108.0,347423.53398590675,0.0,189503.47516542237,536927.009151329,347516.0948209082,0.0,190266.6899223,537782.7847432082
709,10015.22471,0.039799,100.0,0.0,10115.184911,196.0,347423.53398590675,0.0,189503.47516542237,536927.009151329,347516.0948209082,0.0,190266.6899223,537782.7847432082
710,10013.62318,0.034145,100.0,0.0,10113.589035,284.0,347423.53398590675,0.0,189503.47516542237,536927.009151329,347516.0948209082,0.0,190266.6899223,537782.7847432082
711,10012.02164,0.019622,100.0,0.0,10112.002018000001,372.0,347423.53398590675,0.0,189503.47516542237,536927.009151329,347516.0948209082,0.0,190266.6899223,537782.7847432082
712,10010.22486,0.0029860000000000004,100.0,0.0,10110.221874,460.0,347423.53398590675,0.0,189503.47516542237,536927.009151329,347516.0948209082,0.0,190266.6899223,537782.7847432082
713,10008.42313,0.000147,0.0,100.0,9908.422982999999,360.0,347423.53398590675,0.0,189503.47516542237,536927.009151329,347516.0948209082,0.0,190266.6899223,537782.7847432082
714,10006.6214,0.0,0.0,100.0,9906.6214,260.0,347423.53398590675,0.0,189503.47516542237,536927.009151329,347516.0948209082,0.0,190266.6899223,537782.7847432082
715,10004.81967,0.0,0.0,100.0,9904.81967,160.0,347423.53398590675,0.0,189503.47516542237,536927.009151329,347516.0948209082,0.0,190266.6899223,537782.7847432082
716,10003.01795,0.0,0.0,100.0,9903.01795,60.0,347423.53398590675,0.0,189503.47516542237,536927.009151329,347516.0948209082,0.0,190266.6899223,537782.7847432082
717,9998.086038,0.0,100.0,0.0,10098.086038,148.0,347423.53398590675,0.0,189503.47516542237,536927.009151329,347516.0948209082,0.0,190266.6899223,537782.7847432082
718,9992.480661,0.0,45.4545454545455,0.0,10037.935206454546,188.0,347423.53398590675,0.0,189503.47516542237,536927.009151329,347516.0948209082,0.0,190266.6899223,537782.7847432082
719,9986.875283,0.0,0.0,0.0,9986.875283,188.0,347423.53398590675,0.0,189503.47516542237,536927.009151329,347516.0948209082,0.0,190266.6899223,537782.7847432082
720,9981.269906,0.0,0.0,0.0,9981.269906,188.0,347423.53398590675,0.0,189503.47516542237,536927.009151329,347516.0948209082,0.0,190266.6899223,537782.7847432082
721,9975.664529,0.0,0.0,0.0,9975.664529,188.0,347423.53398590675,0.0,189503.47516542237,536927.009151329,347516.0948209082,0.0,190266.6899223,537782.7847432082
722,9968.850934,0.0,100.0,0.0,10068.850934,276.0,347423.53398590675,0.0,189503.47516542237,536927.009151329,347516.0948209082,0.0,190266.6899223,537782.7847432082
723,9961.443828,0.0,100.0,0.0,10061.443828,364.0,347423.53398590675,0.0,189503.47516542237,536927.009151329,347516.0948209082,0.0,190266.6899223,537782.7847432082
724,9954.036722,0.0,100.0,0.0,10054.036722,452.0,347423.53398590675,0.0,189503.47516542237,536927.009151329,347516.0948209082,0.0,190266.6899223,537782.7847432082
725,9946.629617,0.0,100.0,0.0,10046.629617,540.0,347423.53398590675,0.0,189503.47516542237,536927.009151329,347516.0948209082,0.0,190266.6899223,537782.7847432082
726,9939.222511,0.0,0.0,100.0,9839.222511,440.0,347423.53398590675,0.0,189503.47516542237,536927.009151329,347516.0948209082,0.0,190266.6899223,537782.7847432082
727,9932.230392,0.000264,0.0,100.0,9832.230128,340.0,347423.53398590675,0.0,189503.47516542237,536927.009151329,347516.0948209082,0.0,190266.6899223,537782.7847432082
728,9925.624054,0.00466,0.0,100.0,9825.619394,240.0,347423.53398590675,0.0,189503.47516542237,536927.009151329,347516.0948209082,0.0,190266.6899223,537782.7847432082
729,9919.017717,0.008043,0.0,100.0,9819.009674,140.0,347423.53398590675,0.0,189503.47516542237,536927.009151329,347516.0948209082,0.0,190266.6899223,537782.7847432082
730,9912.411379,0.016314000000000002,0.0,80.0,9832.395064999999,60.0,347423.53398590675,0.0,189503.47516542237,536927.009151329,347516.0948209082,0.0,190266.6899223,537782.7847432082
731,9905.805042,0.016906,0.0,0.0,9905.788136,60.0,347423.53398590675,0.0,189503.47516542237,536927.009151329,347516.0948209082,0.0,190266.6899223,537782.7847432082
732,9899.271951,0.031246,54.5454545454545,0.0,9953.786159545454,108.0,347423.53398590675,0.0,189503.47516542237,536927.009151329,347516.0948209082,0.0,190266.6899223,537782.7847432082
733,9892.865806,0.035315,100.0,0.0,9992.830491,196.0,347423.53398590675,0.0,189503.47516542237,536927.009151329,347516.0948209082,0.0,190266.6899223,537782.7847432082
734,9886.45966,0.031333,100.0,0.0,9986.428327,284.0,347423.53398590675,0.0,189503.47516542237,536927.009151329,347516.0948209082,0.0,190266.6899223,537782.7847432082
735,9880.053515,0.016754,100.0,0.0,9980.036761,372.0,347423.53398590675,0.0,189503.47516542237,536927.009151329,347516.0948209082,0.0,190266.6899223,537782.7847432082
736,9873.64737,0.010798,100.0,0.0,9973.636572000001,460.0,347423.53398590675,0.0,189503.47516542237,536927.009151329,347516.0948209082,0.0,190266.6899223,537782.7847432082
737,9867.070237,0.001238,0.0,100.0,9767.068999,360.0,347423.53398590675,0.0,189503.47516542237,536927.009151329,347516.0948209082,0.0,190266.6899223,537782.7847432082
738,9859.863323,0.0,0.0,100.0,9759.863323,260.0,347423.53398590675,0.0,189503.47516542237,536927.009151329,347516.0948209082,0.0,190266.6899223,537782.7847432082
739,9852.656409,0.0,0.0,100.0,9752.656409,160.0,347423.53398590675,0.0,189503.47516542237,536927.009151329,347516.0948209082,0.0,190266.6899223,537782.7847432082
740,9845.449496,0.0,0.0,100.0,9745.449496,60.0,347423.53398590675,0.0,189503.47516542237,536927.009151329,347516.0948209082,0.0,190266.6899223,537782.7847432082
741,9838.242582,0.0,100.0,0.0,9938.242582,148.0,347423.53398590675,0.0,189503.47516542237,536927.009151329,347516.0948209082,0.0,190266.6899223,537782.7847432082
742,9831.011174,0.0,100.0,0.0,9931.011174,236.0,347423.53398590675,0.0,189503.47516542237,536927.009151329,347516.0948209082,0.0,190266.6899223,537782.7847432082
743,9823.403877,0.0,72.7272727272727,0.0,9896.131149727273,300.0,347423.53398590675,0.0,189503.47516542237,536927.009151329,347516.0948209082,0.0,190266.6899223,537782.7847432082
