time,Pload,Ppv,Pcharge,Pdischarge,Ptotal,state of charge,energy_charge_with_es,nem_charge_with_es,demand_charge_with_es,total_bill_with_es,energy_charge_without_es,nem_charge_without_es,demand_charge_without_es,total_bill_without_es
0,9724.860285,0.0,0.0,0.0,9724.860285,300.0,330952.7618504953,0.0,187222.90086924264,518175.662719738,331036.63899357256,0.0,187959.2086468,518995.8476403726
1,9723.458941,0.0,0.0,0.0,9723.458941,300.0,330952.7618504953,0.0,187222.90086924264,518175.662719738,331036.63899357256,0.0,187959.2086468,518995.8476403726
2,9722.057596,0.0,0.0,0.0,9722.057596,300.0,330952.7618504953,0.0,187222.90086924264,518175.662719738,331036.63899357256,0.0,187959.2086468,518995.8476403726
3,9720.656252,0.0,72.7272727272727,0.0,9793.383524727273,364.0,330952.7618504953,0.0,187222.90086924264,518175.662719738,331036.63899357256,0.0,187959.2086468,518995.8476403726
4,9719.254908,0.0,100.0,0.0,9819.254908,452.0,330952.7618504953,0.0,187222.90086924264,518175.662719738,331036.63899357256,0.0,187959.2086468,518995.8476403726
5,9717.853563,0.0,100.0,0.0,9817.853563,540.0,330952.7618504953,0.0,187222.90086924264,518175.662719738,331036.63899357256,0.0,187959.2086468,518995.8476403726
6,9716.452219,0.000728,0.0,100.0,9616.451491,440.0,330952.7618504953,0.0,187222.90086924264,518175.662719738,331036.63899357256,0.0,187959.2086468,518995.8476403726
7,9715.050875,0.015692,0.0,100.0,9615.035183,340.0,330952.7618504953,0.0,187222.90086924264,518175.662719738,331036.63899357256,0.0,187959.2086468,518995.8476403726
8,9713.64953,0.02451,0.0,100.0,9613.625020000001,240.0,330952.7618504953,0.0,187222.90086924264,518175.662719738,331036.63899357256,0.0,187959.2086468,518995.8476403726
9,9712.248186,0.034851,0.0,100.0,9612.213335,140.0,330952.7618504953,0.0,187222.90086924264,518175.662719738,331036.63899357256,0.0,187959.2086468,518995.8476403726
10,9710.846842,0.040578,0.0,80.0,9630.806264,60.0,330952.7618504953,0.0,187222.90086924264,518175.662719738,331036.63899357256,0.0,187959.2086468,518995.8476403726
11,9709.445498,0.041667,0.0,0.0,9709.403831,60.0,330952.7618504953,0.0,187222.90086924264,518175.662719738,331036.63899357256,0.0,187959.2086468,518995.8476403726
12,9708.044153,0.041667,54.5454545454545,0.0,9762.547940545455,108.0,330952.7618504953,0.0,187222.90086924264,518175.662719738,331036.63899357256,0.0,187959.2086468,518995.8476403726
13,9706.642809,0.038833,100.0,0.0,9806.603976,196.0,330952.7618504953,0.0,187222.90086924264,518175.662719738,331036.63899357256,0.0,187959.2086468,518995.8476403726
14,9705.241465,0.030195,100.0,0.0,9805.21127,284.0,330952.7618504953,0.0,187222.90086924264,518175.662719738,331036.63899357256,0.0,187959.2086468,518995.8476403726
15,9703.84012,0.021021,100.0,0.0,9803.819099,372.0,330952.7618504953,0.0,187222.90086924264,518175.662719738,331036.63899357256,0.0,187959.2086468,518995.8476403726
16,9702.601167,0.000901,100.0,0.0,9802.600266000001,460.0,330952.7618504953,0.0,187222.90086924264,518175.662719738,331036.63899357256,0.0,187959.2086468,518995.8476403726
17,9701.400015,0.0,0.0,100.0,9601.400015,360.0,330952.7618504953,0.0,187222.90086924264,518175.662719738,331036.63899357256,0.0,187959.2086468,518995.8476403726
18,9700.198863,0.0,0.0,100.0,9600.198863,260.0,330952.7618504953,0.0,187222.90086924264,518175.662719738,331036.63899357256,0.0,187959.2086468,518995.8476403726
19,9698.99771,0.0,0.0,100.0,9598.99771,160.0,330952.7618504953,0.0,187222.90086924264,518175.662719738,331036.63899357256,0.0,187959.2086468,518995.8476403726
20,9697.796558,0.0,0.0,100.0,9597.796558,60.0,330952.7618504953,0.0,187222.90086924264,518175.662719738,331036.63899357256,0.0,187959.2086468,518995.8476403726
21,9696.991079,0.0,0.0,0.0,9696.991079,60.0,330952.7618504953,0.0,187222.90086924264,518175.662719738,331036.63899357256,0.0,187959.2086468,518995.8476403726
22,9696.390503,0.0,0.0,0.0,9696.390503,60.0,330952.7618504953,0.0,187222.90086924264,518175.662719738,331036.63899357256,0.0,187959.2086468,518995.8476403726
23,9695.789927,0.0,0.0,0.0,9695.789927,60.0,330952.7618504953,0.0,187222.90086924264,518175.662719738,331036.63899357256,0.0,187959.2086468,518995.8476403726
24,9695.189351,0.0,0.0,0.0,9695.189351,60.0,330952.7618504953,0.0,187222.90086924264,518175.662719738,331036.63899357256,0.0,187959.2086468,518995.8476403726
25,9694.588775,0.0,0.0,0.0,9694.588775,60.0,330952.7618504953,0.0,187222.90086924264,518175.662719738,331036.63899357256,0.0,187959.2086468,518995.8476403726
26,9693.988199,0.0,0.0,0.0,9693.988199,60.0,330952.7618504953,0.0,187222.90086924264,518175.662719738,331036.63899357256,0.0,187959.2086468,518995.8476403726
27,9693.387623,0.0,0.0,0.0,9693.387623,60.0,330952.7618504953,0.0,187222.90086924264,518175.662719738,331036.63899357256,0.0,187959.2086468,518995.8476403726
28,9692.787047,0.0,0.0,0.0,9692.787047,60.0,330952.7618504953,0.0,187222.90086924264,518175.662719738,331036.63899357256,0.0,187959.2086468,518995.8476403726
29,9692.18647,0.0,0.0,0.0,9692.18647,60.0,330952.7618504953,0.0,187222.90086924264,518175.662719738,331036.63899357256,0.0,187959.2086468,518995.8476403726
30,9691.585894,0.0,0.0,0.0,9691.585894,60.0,330952.7618504953,0.0,187222.90086924264,518175.662719738,331036.63899357256,0.0,187959.2086468,518995.8476403726
31,9690.985318,0.000876,0.0,0.0,9690.984441999999,60.0,330952.7618504953,0.0,187222.90086924264,518175.662719738,331036.63899357256,0.0,187959.2086468,518995.8476403726
32,9690.384742,0.009472,0.0,0.0,9690.37527,60.0,330952.7618504953,0.0,187222.90086924264,518175.662719738,331036.63899357256,0.0,187959.2086468,518995.8476403726
33,9689.784166,0.007353,0.0,0.0,9689.776812999999,60.0,330952.7618504953,0.0,187222.90086924264,518175.662719738,331036.63899357256,0.0,187959.2086468,518995.8476403726
34,9689.18359,0.024926,0.0,0.0,9689.158664,60.0,330952.7618504953,0.0,187222.90086924264,518175.662719738,331036.63899357256,0.0,187959.2086468,518995.8476403726
35,9688.583014,0.035632,0.0,0.0,9688.547382,60.0,330952.7618504953,0.0,187222.90086924264,518175.662719738,331036.63899357256,0.0,187959.2086468,518995.8476403726
36,9687.982437,0.038804000000000005,0.0,0.0,9687.943633,60.0,330952.7618504953,0.0,187222.90086924264,518175.662719738,331036.63899357256,0.0,187959.2086468,518995.8476403726
37,9687.381861,0.035112000000000004,0.0,0.0,9687.346749,60.0,330952.7618504953,0.0,187222.90086924264,518175.662719738,331036.63899357256,0.0,187959.2086468,518995.8476403726
38,9686.781285,0.030079,0.0,0.0,9686.751205999999,60.0,330952.7618504953,0.0,187222.90086924264,518175.662719738,331036.63899357256,0.0,187959.2086468,518995.8476403726
39,9686.180709,0.019826,0.0,0.0,9686.160883,60.0,330952.7618504953,0.0,187222.90086924264,518175.662719738,331036.63899357256,0.0,187959.2086468,518995.8476403726
40,9685.580133,0.00846,0.0,0.0,9685.571673,60.0,330952.7618504953,0.0,187222.90086924264,518175.662719738,331036.63899357256,0.0,187959.2086468,518995.8476403726
41,9684.979557,0.0,0.0,0.0,9684.979557,60.0,330952.7618504953,0.0,187222.90086924264,518175.662719738,331036.63899357256,0.0,187959.2086468,518995.8476403726
42,9684.378981,0.0,0.0,0.0,9684.378981,60.0,330952.7618504953,0.0,187222.90086924264,518175.662719738,331036.63899357256,0.0,187959.2086468,518995.8476403726
43,9683.778405,0.0,0.0,0.0,9683.778405,60.0,330952.7618504953,0.0,187222.90086924264,518175.662719738,331036.63899357256,0.0,187959.2086468,518995.8476403726
44,9683.177828,0.0,0.0,0.0,9683.177828,60.0,330952.7618504953,0.0,187222.90086924264,518175.662719738,331036.63899357256,0.0,187959.2086468,518995.8476403726
45,9682.577252,0.0,0.0,0.0,9682.577252,60.0,330952.7618504953,0.0,187222.90086924264,518175.662719738,331036.63899357256,0.0,187959.2086468,518995.8476403726
46,9681.976676,0.0,0.0,0.0,9681.976676,60.0,330952.7618504953,0.0,187222.90086924264,518175.662719738,331036.63899357256,0.0,187959.2086468,518995.8476403726
47,9681.555684,0.0,0.0,0.0,9681.555684,60.0,330952.7618504953,0.0,187222.90086924264,518175.662719738,331036.63899357256,0.0,187959.2086468,518995.8476403726
48,9681.1553,0.0,0.0,0.0,9681.1553,60.0,330952.7618504953,0.0,187222.90086924264,518175.662719738,331036.63899357256,0.0,187959.2086468,518995.8476403726
49,9680.754916,0.0,0.0,0.0,9680.754916,60.0,330952.7618504953,0.0,187222.90086924264,518175.662719738,331036.63899357256,0.0,187959.2086468,518995.8476403726
50,9680.354532,0.0,0.0,0.0,9680.354532,60.0,330952.7618504953,0.0,187222.90086924264,518175.662719738,331036.63899357256,0.0,187959.2086468,518995.8476403726
51,9679.954148,0.0,0.0,0.0,9679.954148,60.0,330952.7618504953,0.0,187222.90086924264,518175.662719738,331036.63899357256,0.0,187959.2086468,518995.8476403726
52,9679.553764,0.0,0.0,0.0,9679.553764,60.0,330952.7618504953,0.0,187222.90086924264,518175.662719738,331036.63899357256,0.0,187959.2086468,518995.8476403726
53,9679.153379,0.0,0.0,0.0,9679.153379,60.0,330952.7618504953,0.0,187222.90086924264,518175.662719738,331036.63899357256,0.0,187959.2086468,518995.8476403726
54,9678.752995,0.0,0.0,0.0,9678.752995,60.0,330952.7618504953,0.0,187222.90086924264,518175.662719738,331036.63899357256,0.0,187959.2086468,518995.8476403726
55,9678.352611,0.013706,0.0,0.0,9678.338905,60.0,330952.7618504953,0.0,187222.90086924264,518175.662719738,331036.63899357256,0.0,187959.2086468,518995.8476403726
56,9677.952227,0.020651,0.0,0.0,9677.931575999999,60.0,330952.7618504953,0.0,187222.90086924264,518175.662719738,331036.63899357256,0.0,187959.2086468,518995.8476403726
57,9677.551843,0.025428000000000003,0.0,0.0,9677.526414999998,60.0,330952.7618504953,0.0,187222.90086924264,518175.662719738,331036.63899357256,0.0,187959.2086468,518995.8476403726
58,9677.151459,0.026956,0.0,0.0,9677.124503000001,60.0,330952.7618504953,0.0,187222.90086924264,518175.662719738,331036.63899357256,0.0,187959.2086468,518995.8476403726
59,9676.751075,0.021477,0.0,0.0,9676.729598,60.0,330952.7618504953,0.0,187222.90086924264,518175.662719738,331036.63899357256,0.0,187959.2086468,518995.8476403726
60,9676.350691,0.024864,0.0,0.0,9676.325826999999,60.0,330952.7618504953,0.0,187222.90086924264,518175.662719738,331036.63899357256,0.0,187959.2086468,518995.8476403726
61,9675.950307,0.020518,0.0,0.0,9675.929789,60.0,330952.7618504953,0.0,187222.90086924264,518175.662719738,331036.63899357256,0.0,187959.2086468,518995.8476403726
62,9675.726092,0.029075,0.0,0.0,9675.697017,60.0,330952.7618504953,0.0,187222.90086924264,518175.662719738,331036.63899357256,0.0,187959.2086468,518995.8476403726
63,9675.726092,0.020283000000000002,0.0,0.0,9675.705809000001,60.0,330952.7618504953,0.0,187222.90086924264,518175.662719738,331036.63899357256,0.0,187959.2086468,518995.8476403726
64,9675.726092,0.008574,0.0,0.0,9675.717518000001,60.0,330952.7618504953,0.0,187222.90086924264,518175.662719738,331036.63899357256,0.0,187959.2086468,518995.8476403726
65,9675.726092,0.0,0.0,0.0,9675.726092,60.0,330952.7618504953,0.0,187222.90086924264,518175.662719738,331036.63899357256,0.0,187959.2086468,518995.8476403726
66,9675.726092,0.0,0.0,0.0,9675.726092,60.0,330952.7618504953,0.0,187222.90086924264,518175.662719738,331036.63899357256,0.0,187959.2086468,518995.8476403726
67,9675.726092,0.0,0.0,0.0,9675.726092,60.0,330952.7618504953,0.0,187222.90086924264,518175.662719738,331036.63899357256,0.0,187959.2086468,518995.8476403726
68,9675.726092,0.0,0.0,0.0,9675.726092,60.0,330952.7618504953,0.0,187222.90086924264,518175.662719738,331036.63899357256,0.0,187959.2086468,518995.8476403726
69,9675.726092,0.0,0.0,0.0,9675.726092,60.0,330952.7618504953,0.0,187222.90086924264,518175.662719738,331036.63899357256,0.0,187959.2086468,518995.8476403726
70,9675.726092,0.0,0.0,0.0,9675.726092,60.0,330952.7618504953,0.0,187222.90086924264,518175.662719738,331036.63899357256,0.0,187959.2086468,518995.8476403726
71,9675.726092,0.0,0.0,0.0,9675.726092,60.0,330952.7618504953,0.0,187222.90086924264,518175.662719738,331036.63899357256,0.0,187959.2086468,518995.8476403726
72,9675.726092,0.0,45.4545454545455,0.0,9721.180637454547,100.0,330952.7618504953,0.0,187222.90086924264,518175.662719738,331036.63899357256,0.0,187959.2086468,518995.8476403726
73,9675.726092,0.0,100.0,0.0,9775.726092,188.0,330952.7618504953,0.0,187222.90086924264,518175.662719738,331036.63899357256,0.0,187959.2086468,518995.8476403726
74,9675.726092,0.0,100.0,0.0,9775.726092,276.0,330952.7618504953,0.0,187222.90086924264,518175.662719738,331036.63899357256,0.0,187959.2086468,518995.8476403726
75,9675.726092,0.0,100.0,0.0,9775.726092,364.0,330952.7618504953,0.0,187222.90086924264,518175.662719738,331036.63899357256,0.0,187959.2086468,518995.8476403726
76,9675.726092,0.0,100.0,0.0,9775.726092,452.0,330952.7618504953,0.0,187222.90086924264,518175.662719738,331036.63899357256,0.0,187959.2086468,518995.8476403726
77,9675.726092,0.0,100.0,0.0,9775.726092,540.0,330952.7618504953,0.0,187222.90086924264,518175.662719738,331036.63899357256,0.0,187959.2086468,518995.8476403726
78,9675.529315,0.0,0.0,100.0,9575.529315,440.0,330952.7618504953,0.0,187222.90086924264,518175.662719738,331036.63899357256,0.0,187959.2086468,518995.8476403726
79,9675.329123,0.000946,0.0,100.0,9575.328177,340.0,330952.7618504953,0.0,187222.90086924264,518175.662719738,331036.63899357256,0.0,187959.2086468,518995.8476403726
80,9675.128931,0.008573,0.0,100.0,9575.120358,240.0,330952.7618504953,0.0,187222.90086924264,518175.662719738,331036.63899357256,0.0,187959.2086468,518995.8476403726
81,9674.928739,0.005274,0.0,100.0,9574.923465000002,140.0,330952.7618504953,0.0,187222.90086924264,518175.662719738,331036.63899357256,0.0,187959.2086468,518995.8476403726
82,9674.728546,0.005513,0.0,80.0,9594.723033,60.0,330952.7618504953,0.0,187222.90086924264,518175.662719738,331036.63899357256,0.0,187959.2086468,518995.8476403726
83,9674.528354,0.004713,0.0,0.0,9674.523641,60.0,330952.7618504953,0.0,187222.90086924264,518175.662719738,331036.63899357256,0.0,187959.2086468,518995.8476403726
84,9674.328162,0.008246,54.5454545454545,0.0,9728.865370545454,108.0,330952.7618504953,0.0,187222.90086924264,518175.662719738,331036.63899357256,0.0,187959.2086468,518995.8476403726
85,9674.12797,0.015503000000000001,100.0,0.0,9774.112466999999,196.0,330952.7618504953,0.0,187222.90086924264,518175.662719738,331036.63899357256,0.0,187959.2086468,518995.8476403726
86,9673.927778,0.008544000000000001,100.0,0.0,9773.919233999999,284.0,330952.7618504953,0.0,187222.90086924264,518175.662719738,331036.63899357256,0.0,187959.2086468,518995.8476403726
87,9673.727586,0.005058,100.0,0.0,9773.722528,372.0,330952.7618504953,0.0,187222.90086924264,518175.662719738,331036.63899357256,0.0,187959.2086468,518995.8476403726
88,9673.527394,0.001957,100.0,0.0,9773.525437,460.0,330952.7618504953,0.0,187222.90086924264,518175.662719738,331036.63899357256,0.0,187959.2086468,518995.8476403726
89,9673.327202,0.0,0.0,100.0,9573.327202,360.0,330952.7618504953,0.0,187222.90086924264,518175.662719738,331036.63899357256,0.0,187959.2086468,518995.8476403726
90,9673.12701,0.0,0.0,100.0,9573.12701,260.0,330952.7618504953,0.0,187222.90086924264,518175.662719738,331036.63899357256,0.0,187959.2086468,518995.8476403726
91,9672.926818,0.0,0.0,100.0,9572.926818,160.0,330952.7618504953,0.0,187222.90086924264,518175.662719738,331036.63899357256,0.0,187959.2086468,518995.8476403726
92,9672.726626,0.0,0.0,100.0,9572.726626,60.0,330952.7618504953,0.0,187222.90086924264,518175.662719738,331036.63899357256,0.0,187959.2086468,518995.8476403726
93,9672.526434,0.0,0.0,0.0,9672.526434,60.0,330952.7618504953,0.0,187222.90086924264,518175.662719738,331036.63899357256,0.0,187959.2086468,518995.8476403726
94,9672.326242,0.0,0.0,0.0,9672.326242,60.0,330952.7618504953,0.0,187222.90086924264,518175.662719738,331036.63899357256,0.0,187959.2086468,518995.8476403726
95,9672.12605,0.0,0.0,0.0,9672.12605,60.0,330952.7618504953,0.0,187222.90086924264,518175.662719738,331036.63899357256,0.0,187959.2086468,518995.8476403726
96,9671.925858,0.0,45.4545454545455,0.0,9717.380403454546,100.0,330952.7618504953,0.0,187222.90086924264,518175.662719738,331036.63899357256,0.0,187959.2086468,518995.8476403726
97,9671.725666,0.0,100.0,0.0,9771.725666,188.0,330952.7618504953,0.0,187222.90086924264,518175.662719738,331036.63899357256,0.0,187959.2086468,518995.8476403726
98,9671.525474,0.0,100.0,0.0,9771.525474,276.0,330952.7618504953,0.0,187222.90086924264,518175.662719738,331036.63899357256,0.0,187959.2086468,518995.8476403726
99,9671.325282,0.0,100.0,0.0,9771.325282,364.0,330952.7618504953,0.0,187222.90086924264,518175.662719738,331036.63899357256,0.0,187959.2086468,518995.8476403726
100,9671.12509,0.0,100.0,0.0,9771.12509,452.0,330952.7618504953,0.0,187222.90086924264,518175.662719738,331036.63899357256,0.0,187959.2086468,518995.8476403726
101,9670.924898,0.0,100.0,0.0,9770.924898,540.0,330952.7618504953,0.0,187222.90086924264,518175.662719738,331036.63899357256,0.0,187959.2086468,518995.8476403726
102,9670.724706,0.0,0.0,100.0,9570.724706,440.0,330952.7618504953,0.0,187222.90086924264,518175.662719738,331036.63899357256,0.0,187959.2086468,518995.8476403726
103,9670.568791,0.015955,0.0,100.0,9570.552835999999,340.0,330952.7618504953,0.0,187222.90086924264,518175.662719738,331036.63899357256,0.0,187959.2086468,518995.8476403726
104,9670.568791,0.027485,0.0,100.0,9570.541306,240.0,330952.7618504953,0.0,187222.90086924264,518175.662719738,331036.63899357256,0.0,187959.2086468,518995.8476403726
105,9670.568791,0.035590000000000004,0.0,100.0,9570.533201,140.0,330952.7618504953,0.0,187222.90086924264,518175.662719738,331036.63899357256,0.0,187959.2086468,518995.8476403726
106,9670.568791,0.039875,0.0,80.0,9590.528916,60.0,330952.7618504953,0.0,187222.90086924264,518175.662719738,331036.63899357256,0.0,187959.2086468,518995.8476403726
107,9670.568791,0.040582,0.0,0.0,9670.528209,60.0,330952.7618504953,0.0,187222.90086924264,518175.662719738,331036.63899357256,0.0,187959.2086468,518995.8476403726
108,9670.555013,0.041667,54.5454545454545,0.0,9725.058800545454,108.0,330952.7618504953,0.0,187222.90086924264,518175.662719738,331036.63899357256,0.0,187959.2086468,518995.8476403726
109,9670.354821,0.035369,100.0,0.0,9770.319452000002,196.0,330952.7618504953,0.0,187222.90086924264,518175.662719738,331036.63899357256,0.0,187959.2086468,518995.8476403726
110,9670.154629,0.030686,100.0,0.0,9770.123943,284.0,330952.7618504953,0.0,187222.90086924264,518175.662719738,331036.63899357256,0.0,187959.2086468,518995.8476403726
111,9669.954437,0.021181000000000002,100.0,0.0,9769.933256,372.0,330952.7618504953,0.0,187222.90086924264,518175.662719738,331036.63899357256,0.0,187959.2086468,518995.8476403726
112,9669.754245,0.008337,100.0,0.0,9769.745908,460.0,330952.7618504953,0.0,187222.90086924264,518175.662719738,331036.63899357256,0.0,187959.2086468,518995.8476403726
113,9669.554053,0.0,0.0,100.0,9569.554053,360.0,330952.7618504953,0.0,187222.90086924264,518175.662719738,331036.63899357256,0.0,187959.2086468,518995.8476403726
114,9669.170391,0.0,0.0,100.0,9569.170391,260.0,330952.7618504953,0.0,187222.90086924264,518175.662719738,331036.63899357256,0.0,187959.2086468,518995.8476403726
115,9668.770007,0.0,0.0,100.0,9568.770007,160.0,330952.7618504953,0.0,187222.90086924264,518175.662719738,331036.63899357256,0.0,187959.2086468,518995.8476403726
116,9668.369623,0.0,0.0,100.0,9568.369623,60.0,330952.7618504953,0.0,187222.90086924264,518175.662719738,331036.63899357256,0.0,187959.2086468,518995.8476403726
117,9667.969239,0.0,0.0,0.0,9667.969239,60.0,330952.7618504953,0.0,187222.90086924264,518175.662719738,331036.63899357256,0.0,187959.2086468,518995.8476403726
118,9667.568855,0.0,0.0,0.0,9667.568855,60.0,330952.7618504953,0.0,187222.90086924264,518175.662719738,331036.63899357256,0.0,187959.2086468,518995.8476403726
119,9667.474411,0.0,0.0,0.0,9667.474411,60.0,330952.7618504953,0.0,187222.90086924264,518175.662719738,331036.63899357256,0.0,187959.2086468,518995.8476403726
120,9667.474411,0.0,45.4545454545455,0.0,9712.928956454545,100.0,330952.7618504953,0.0,187222.90086924264,518175.662719738,331036.63899357256,0.0,187959.2086468,518995.8476403726
121,9667.474411,0.0,100.0,0.0,9767.474411,188.0,330952.7618504953,0.0,187222.90086924264,518175.662719738,331036.63899357256,0.0,187959.2086468,518995.8476403726
122,9667.474411,0.0,100.0,0.0,9767.474411,276.0,330952.7618504953,0.0,187222.90086924264,518175.662719738,331036.63899357256,0.0,187959.2086468,518995.8476403726
123,9667.474411,0.0,100.0,0.0,9767.474411,364.0,330952.7618504953,0.0,187222.90086924264,518175.662719738,331036.63899357256,0.0,187959.2086468,518995.8476403726
124,9667.596882,0.0,100.0,0.0,9767.596882,452.0,330952.7618504953,0.0,187222.90086924264,518175.662719738,331036.63899357256,0.0,187959.2086468,518995.8476403726
125,9667.797074,0.0,100.0,0.0,9767.797074,540.0,330952.7618504953,0.0,187222.90086924264,518175.662719738,331036.63899357256,0.0,187959.2086468,518995.8476403726
126,9667.997266,0.0,0.0,100.0,9567.997266,440.0,330952.7618504953,0.0,187222.90086924264,518175.662719738,331036.63899357256,0.0,187959.2086468,518995.8476403726
127,9668.197458,0.016174,0.0,100.0,9568.181284,340.0,330952.7618504953,0.0,187222.90086924264,518175.662719738,331036.63899357256,0.0,187959.2086468,518995.8476403726
128,9668.39765,0.025789000000000003,0.0,100.0,9568.371861000001,240.0,330952.7618504953,0.0,187222.90086924264,518175.662719738,331036.63899357256,0.0,187959.2086468,518995.8476403726
129,9668.781783,0.032867,0.0,100.0,9568.748916,140.0,330952.7618504953,0.0,187222.90086924264,518175.662719738,331036.63899357256,0.0,187959.2086468,518995.8476403726
130,9669.382359,0.035054,0.0,80.0,9589.347305,60.0,330952.7618504953,0.0,187222.90086924264,518175.662719738,331036.63899357256,0.0,187959.2086468,518995.8476403726
131,9669.982935,0.039665,0.0,0.0,9669.94327,60.0,330952.7618504953,0.0,187222.90086924264,518175.662719738,331036.63899357256,0.0,187959.2086468,518995.8476403726
132,9670.583511,0.03866,54.5454545454545,0.0,9725.090305545455,108.0,330952.7618504953,0.0,187222.90086924264,518175.662719738,331036.63899357256,0.0,187959.2086468,518995.8476403726
133,9671.184087,0.033568,100.0,0.0,9771.150518999999,196.0,330952.7618504953,0.0,187222.90086924264,518175.662719738,331036.63899357256,0.0,187959.2086468,518995.8476403726
134,9672.092017,0.025285000000000002,100.0,0.0,9772.066732000001,284.0,330952.7618504953,0.0,187222.90086924264,518175.662719738,331036.63899357256,0.0,187959.2086468,518995.8476403726
135,9673.693554,0.019703,100.0,0.0,9773.673851,372.0,330952.7618504953,0.0,187222.90086924264,518175.662719738,331036.63899357256,0.0,187959.2086468,518995.8476403726
136,9675.29509,0.007575999999999999,100.0,0.0,9775.287514,460.0,330952.7618504953,0.0,187222.90086924264,518175.662719738,331036.63899357256,0.0,187959.2086468,518995.8476403726
137,9676.896626,0.0,0.0,100.0,9576.896626,360.0,330952.7618504953,0.0,187222.90086924264,518175.662719738,331036.63899357256,0.0,187959.2086468,518995.8476403726
138,9678.498163,0.0,0.0,100.0,9578.498163,260.0,330952.7618504953,0.0,187222.90086924264,518175.662719738,331036.63899357256,0.0,187959.2086468,518995.8476403726
139,9680.13067,0.0,0.0,100.0,9580.13067,160.0,330952.7618504953,0.0,187222.90086924264,518175.662719738,331036.63899357256,0.0,187959.2086468,518995.8476403726
140,9681.932398,0.0,0.0,100.0,9581.932398,60.0,330952.7618504953,0.0,187222.90086924264,518175.662719738,331036.63899357256,0.0,187959.2086468,518995.8476403726
141,9683.734127,0.0,0.0,0.0,9683.734127,60.0,330952.7618504953,0.0,187222.90086924264,518175.662719738,331036.63899357256,0.0,187959.2086468,518995.8476403726
142,9685.535855,0.0,0.0,0.0,9685.535855,60.0,330952.7618504953,0.0,187222.90086924264,518175.662719738,331036.63899357256,0.0,187959.2086468,518995.8476403726
143,9687.337584,0.0,0.0,0.0,9687.337584,60.0,330952.7618504953,0.0,187222.90086924264,518175.662719738,331036.63899357256,0.0,187959.2086468,518995.8476403726
144,9689.138841,0.0,45.4545454545455,0.0,9734.593386454546,100.0,330952.7618504953,0.0,187222.90086924264,518175.662719738,331036.63899357256,0.0,187959.2086468,518995.8476403726
145,9690.740377,0.0,100.0,0.0,9790.740377,188.0,330952.7618504953,0.0,187222.90086924264,518175.662719738,331036.63899357256,0.0,187959.2086468,518995.8476403726
146,9692.341914,0.0,100.0,0.0,9792.341914,276.0,330952.7618504953,0.0,187222.90086924264,518175.662719738,331036.63899357256,0.0,187959.2086468,518995.8476403726
147,9693.94345,0.0,100.0,0.0,9793.94345,364.0,330952.7618504953,0.0,187222.90086924264,518175.662719738,331036.63899357256,0.0,187959.2086468,518995.8476403726
148,9695.544986,0.0,100.0,0.0,9795.544986,452.0,330952.7618504953,0.0,187222.90086924264,518175.662719738,331036.63899357256,0.0,187959.2086468,518995.8476403726
149,9697.146523,0.0,100.0,0.0,9797.146523,540.0,330952.7618504953,0.0,187222.90086924264,518175.662719738,331036.63899357256,0.0,187959.2086468,518995.8476403726
150,9698.577896,0.0,0.0,100.0,9598.577896,440.0,330952.7618504953,0.0,187222.90086924264,518175.662719738,331036.63899357256,0.0,187959.2086468,518995.8476403726
151,9699.97924,0.013616,0.0,100.0,9599.965624,340.0,330952.7618504953,0.0,187222.90086924264,518175.662719738,331036.63899357256,0.0,187959.2086468,518995.8476403726
152,9701.380584,0.025701,0.0,100.0,9601.354883,240.0,330952.7618504953,0.0,187222.90086924264,518175.662719738,331036.63899357256,0.0,187959.2086468,518995.8476403726
153,9702.781929,0.031622,0.0,100.0,9602.750307,140.0,330952.7618504953,0.0,187222.90086924264,518175.662719738,331036.63899357256,0.0,187959.2086468,518995.8476403726
154,9704.183273,0.038366,0.0,80.0,9624.144907,60.0,330952.7618504953,0.0,187222.90086924264,518175.662719738,331036.63899357256,0.0,187959.2086468,518995.8476403726
155,9706.841588,0.039543999999999996,0.0,0.0,9706.802044,60.0,330952.7618504953,0.0,187222.90086924264,518175.662719738,331036.63899357256,0.0,187959.2086468,518995.8476403726
156,9710.044661,0.038383,100.0,0.0,9810.006278,148.0,330952.7618504953,0.0,187222.90086924264,518175.662719738,331036.63899357256,0.0,187959.2086468,518995.8476403726
157,9713.247733,0.034717,100.0,0.0,9813.213016,236.0,330952.7618504953,0.0,187222.90086924264,518175.662719738,331036.63899357256,0.0,187959.2086468,518995.8476403726
158,9716.450806,0.024463000000000002,100.0,0.0,9816.426343000001,324.0,330952.7618504953,0.0,187222.90086924264,518175.662719738,331036.63899357256,0.0,187959.2086468,518995.8476403726
159,9719.653879,0.016156,100.0,0.0,9819.637723,412.0,330952.7618504953,0.0,187222.90086924264,518175.662719738,331036.63899357256,0.0,187959.2086468,518995.8476403726
160,9723.184442,0.006001,100.0,0.0,9823.178441,500.0,330952.7618504953,0.0,187222.90086924264,518175.662719738,331036.63899357256,0.0,187959.2086468,518995.8476403726
161,9726.988091,0.0,0.0,100.0,9626.988091,400.0,330952.7618504953,0.0,187222.90086924264,518175.662719738,331036.63899357256,0.0,187959.2086468,518995.8476403726
162,9730.79174,0.0,0.0,100.0,9630.79174,300.0,330952.7618504953,0.0,187222.90086924264,518175.662719738,331036.63899357256,0.0,187959.2086468,518995.8476403726
163,9734.595389,0.0,0.0,100.0,9634.595389,200.0,330952.7618504953,0.0,187222.90086924264,518175.662719738,331036.63899357256,0.0,187959.2086468,518995.8476403726
164,9738.399037,0.0,0.0,100.0,9638.399037,100.0,330952.7618504953,0.0,187222.90086924264,518175.662719738,331036.63899357256,0.0,187959.2086468,518995.8476403726
165,9742.045359,0.0,0.0,0.0,9742.045359,100.0,330952.7618504953,0.0,187222.90086924264,518175.662719738,331036.63899357256,0.0,187959.2086468,518995.8476403726
166,9745.448624,0.0,0.0,0.0,9745.448624,100.0,330952.7618504953,0.0,187222.90086924264,518175.662719738,331036.63899357256,0.0,187959.2086468,518995.8476403726
167,9748.851888,0.0,0.0,0.0,9748.851888,100.0,330952.7618504953,0.0,187222.90086924264,518175.662719738,331036.63899357256,0.0,187959.2086468,518995.8476403726
168,9752.255153,0.0,0.0,0.0,9752.255153,100.0,330952.7618504953,0.0,187222.90086924264,518175.662719738,331036.63899357256,0.0,187959.2086468,518995.8476403726
169,9755.658418,0.0,100.0,0.0,9855.658418,188.0,330952.7618504953,0.0,187222.90086924264,518175.662719738,331036.63899357256,0.0,187959.2086468,518995.8476403726
170,9758.965355,0.0,100.0,0.0,9858.965355,276.0,330952.7618504953,0.0,187222.90086924264,518175.662719738,331036.63899357256,0.0,187959.2086468,518995.8476403726
171,9761.968236,0.0,100.0,0.0,9861.968236,364.0,330952.7618504953,0.0,187222.90086924264,518175.662719738,331036.63899357256,0.0,187959.2086468,518995.8476403726
172,9764.971116,0.0,100.0,0.0,9864.971116,452.0,330952.7618504953,0.0,187222.90086924264,518175.662719738,331036.63899357256,0.0,187959.2086468,518995.8476403726
173,9767.973997,0.0,100.0,0.0,9867.973997,540.0,330952.7618504953,0.0,187222.90086924264,518175.662719738,331036.63899357256,0.0,187959.2086468,518995.8476403726
174,9770.976878,0.0,0.0,100.0,9670.976878,440.0,330952.7618504953,0.0,187222.90086924264,518175.662719738,331036.63899357256,0.0,187959.2086468,518995.8476403726
175,9773.926766,0.000944,0.0,100.0,9673.925822000001,340.0,330952.7618504953,0.0,187222.90086924264,518175.662719738,331036.63899357256,0.0,187959.2086468,518995.8476403726
176,9776.329071,0.002007,0.0,100.0,9676.327064000001,240.0,330952.7618504953,0.0,187222.90086924264,518175.662719738,331036.63899357256,0.0,187959.2086468,518995.8476403726
177,9778.731375,0.002847,0.0,100.0,9678.728528,140.0,330952.7618504953,0.0,187222.90086924264,518175.662719738,331036.63899357256,0.0,187959.2086468,518995.8476403726
178,9781.13368,0.032515,0.0,80.0,9701.101165,60.0,330952.7618504953,0.0,187222.90086924264,518175.662719738,331036.63899357256,0.0,187959.2086468,518995.8476403726
179,9783.535984,0.016092,0.0,0.0,9783.519892,60.0,330952.7618504953,0.0,187222.90086924264,518175.662719738,331036.63899357256,0.0,187959.2086468,518995.8476403726
180,9785.938289,0.003872,54.5454545454545,0.0,9840.479871545454,108.0,330952.7618504953,0.0,187222.90086924264,518175.662719738,331036.63899357256,0.0,187959.2086468,518995.8476403726
181,9789.839443,0.025591000000000003,100.0,0.0,9889.813852000001,196.0,330952.7618504953,0.0,187222.90086924264,518175.662719738,331036.63899357256,0.0,187959.2086468,518995.8476403726
182,9793.843284,0.014035,100.0,0.0,9893.829249,284.0,330952.7618504953,0.0,187222.90086924264,518175.662719738,331036.63899357256,0.0,187959.2086468,518995.8476403726
183,9797.847125,0.0024590000000000002,100.0,0.0,9897.844666,372.0,330952.7618504953,0.0,187222.90086924264,518175.662719738,331036.63899357256,0.0,187959.2086468,518995.8476403726
184,9801.850966,0.001183,100.0,0.0,9901.849783,460.0,330952.7618504953,0.0,187222.90086924264,518175.662719738,331036.63899357256,0.0,187959.2086468,518995.8476403726
185,9805.854807,0.0,0.0,100.0,9705.854807,360.0,330952.7618504953,0.0,187222.90086924264,518175.662719738,331036.63899357256,0.0,187959.2086468,518995.8476403726
186,9809.388078,0.0,0.0,100.0,9709.388078,260.0,330952.7618504953,0.0,187222.90086924264,518175.662719738,331036.63899357256,0.0,187959.2086468,518995.8476403726
187,9812.791343,0.0,0.0,100.0,9712.791343,160.0,330952.7618504953,0.0,187222.90086924264,518175.662719738,331036.63899357256,0.0,187959.2086468,518995.8476403726
188,9816.194608,0.0,0.0,100.0,9716.194608,60.0,330952.7618504953,0.0,187222.90086924264,518175.662719738,331036.63899357256,0.0,187959.2086468,518995.8476403726
189,9819.597873,0.0,0.0,0.0,9819.597873,60.0,330952.7618504953,0.0,187222.90086924264,518175.662719738,331036.63899357256,0.0,187959.2086468,518995.8476403726
190,9823.001137,0.0,0.0,0.0,9823.001137,60.0,330952.7618504953,0.0,187222.90086924264,518175.662719738,331036.63899357256,0.0,187959.2086468,518995.8476403726
191,9826.783472,0.0,0.0,0.0,9826.783472,60.0,330952.7618504953,0.0,187222.90086924264,518175.662719738,331036.63899357256,0.0,187959.2086468,518995.8476403726
192,9830.787313,0.0,0.0,0.0,9830.787313,60.0,330952.7618504953,0.0,187222.90086924264,518175.662719738,331036.63899357256,0.0,187959.2086468,518995.8476403726
193,9834.791154,0.0,0.0,0.0,9834.791154,60.0,330952.7618504953,0.0,187222.90086924264,518175.662719738,331036.63899357256,0.0,187959.2086468,518995.8476403726
194,9838.794994,0.0,0.0,0.0,9838.794994,60.0,330952.7618504953,0.0,187222.90086924264,518175.662719738,331036.63899357256,0.0,187959.2086468,518995.8476403726
195,9842.798835,0.0,0.0,0.0,9842.798835,60.0,330952.7618504953,0.0,187222.90086924264,518175.662719738,331036.63899357256,0.0,187959.2086468,518995.8476403726
196,9846.898533,0.0,0.0,0.0,9846.898533,60.0,330952.7618504953,0.0,187222.90086924264,518175.662719738,331036.63899357256,0.0,187959.2086468,518995.8476403726
197,9851.102566,0.0,0.0,0.0,9851.102566,60.0,330952.7618504953,0.0,187222.90086924264,518175.662719738,331036.63899357256,0.0,187959.2086468,518995.8476403726
198,9855.306599,0.0,0.0,0.0,9855.306599,60.0,330952.7618504953,0.0,187222.90086924264,518175.662719738,331036.63899357256,0.0,187959.2086468,518995.8476403726
199,9859.510632,0.012228,0.0,0.0,9859.498404,60.0,330952.7618504953,0.0,187222.90086924264,518175.662719738,331036.63899357256,0.0,187959.2086468,518995.8476403726
200,9863.714665,0.019902000000000003,0.0,0.0,9863.694763,60.0,330952.7618504953,0.0,187222.90086924264,518175.662719738,331036.63899357256,0.0,187959.2086468,518995.8476403726
201,9867.65727,0.0061719999999999995,0.0,0.0,9867.651098,60.0,330952.7618504953,0.0,187222.90086924264,518175.662719738,331036.63899357256,0.0,187959.2086468,518995.8476403726
202,9871.060535,0.007401,0.0,0.0,9871.053134,60.0,330952.7618504953,0.0,187222.90086924264,518175.662719738,331036.63899357256,0.0,187959.2086468,518995.8476403726
203,9874.4638,0.008528,0.0,0.0,9874.455272,60.0,330952.7618504953,0.0,187222.90086924264,518175.662719738,331036.63899357256,0.0,187959.2086468,518995.8476403726
204,9877.867065,0.007941,0.0,0.0,9877.859124,60.0,330952.7618504953,0.0,187222.90086924264,518175.662719738,331036.63899357256,0.0,187959.2086468,518995.8476403726
205,9881.270329,0.006900000000000001,0.0,0.0,9881.263429,60.0,330952.7618504953,0.0,187222.90086924264,518175.662719738,331036.63899357256,0.0,187959.2086468,518995.8476403726
206,9884.464452,0.005266,0.0,0.0,9884.459186,60.0,330952.7618504953,0.0,187222.90086924264,518175.662719738,331036.63899357256,0.0,187959.2086468,518995.8476403726
207,9886.666565,0.00314,0.0,0.0,9886.663424999999,60.0,330952.7618504953,0.0,187222.90086924264,518175.662719738,331036.63899357256,0.0,187959.2086468,518995.8476403726
208,9888.868677,0.000521,0.0,0.0,9888.868156,60.0,330952.7618504953,0.0,187222.90086924264,518175.662719738,331036.63899357256,0.0,187959.2086468,518995.8476403726
209,9891.07079,0.0,0.0,0.0,9891.07079,60.0,330952.7618504953,0.0,187222.90086924264,518175.662719738,331036.63899357256,0.0,187959.2086468,518995.8476403726
210,9893.272902,0.0,0.0,0.0,9893.272902,60.0,330952.7618504953,0.0,187222.90086924264,518175.662719738,331036.63899357256,0.0,187959.2086468,518995.8476403726
211,9895.488086,0.0,0.0,0.0,9895.488086,60.0,330952.7618504953,0.0,187222.90086924264,518175.662719738,331036.63899357256,0.0,187959.2086468,518995.8476403726
212,9898.290775,0.0,0.0,0.0,9898.290775,60.0,330952.7618504953,0.0,187222.90086924264,518175.662719738,331036.63899357256,0.0,187959.2086468,518995.8476403726
213,9901.093463,0.0,0.0,0.0,9901.093463,60.0,330952.7618504953,0.0,187222.90086924264,518175.662719738,331036.63899357256,0.0,187959.2086468,518995.8476403726
214,9903.896152,0.0,0.0,0.0,9903.896152,60.0,330952.7618504953,0.0,187222.90086924264,518175.662719738,331036.63899357256,0.0,187959.2086468,518995.8476403726
215,9906.698841,0.0,0.0,0.0,9906.698841,60.0,330952.7618504953,0.0,187222.90086924264,518175.662719738,331036.63899357256,0.0,187959.2086468,518995.8476403726
216,9909.501529,0.0,0.0,0.0,9909.501529,60.0,330952.7618504953,0.0,187222.90086924264,518175.662719738,331036.63899357256,0.0,187959.2086468,518995.8476403726
217,9913.696612,0.0,0.0,0.0,9913.696612,60.0,330952.7618504953,0.0,187222.90086924264,518175.662719738,331036.63899357256,0.0,187959.2086468,518995.8476403726
218,9918.100837,0.0,0.0,0.0,9918.100837,60.0,330952.7618504953,0.0,187222.90086924264,518175.662719738,331036.63899357256,0.0,187959.2086468,518995.8476403726
219,9922.505062,0.0,0.0,0.0,9922.505062,60.0,330952.7618504953,0.0,187222.90086924264,518175.662719738,331036.63899357256,0.0,187959.2086468,518995.8476403726
220,9926.909287,0.0,0.0,0.0,9926.909287,60.0,330952.7618504953,0.0,187222.90086924264,518175.662719738,331036.63899357256,0.0,187959.2086468,518995.8476403726
221,9931.313512,0.0,45.4545454545455,0.0,9976.768057454547,100.0,330952.7618504953,0.0,187222.90086924264,518175.662719738,331036.63899357256,0.0,187959.2086468,518995.8476403726
222,9935.574188,0.0,0.0,0.0,9935.574188,100.0,330952.7618504953,0.0,187222.90086924264,518175.662719738,331036.63899357256,0.0,187959.2086468,518995.8476403726
223,9939.778221,0.0014990000000000001,0.0,0.0,9939.776722,100.0,330952.7618504953,0.0,187222.90086924264,518175.662719738,331036.63899357256,0.0,187959.2086468,518995.8476403726
224,9943.982254,0.004366,0.0,0.0,9943.977888000001,100.0,330952.7618504953,0.0,187222.90086924264,518175.662719738,331036.63899357256,0.0,187959.2086468,518995.8476403726
225,9948.186287,0.006373,0.0,0.0,9948.179914,100.0,330952.7618504953,0.0,187222.90086924264,518175.662719738,331036.63899357256,0.0,187959.2086468,518995.8476403726
226,9952.390319,0.0076170000000000005,0.0,0.0,9952.382702,100.0,330952.7618504953,0.0,187222.90086924264,518175.662719738,331036.63899357256,0.0,187959.2086468,518995.8476403726
227,9956.481303,0.008708,0.0,0.0,9956.472595000001,100.0,330952.7618504953,0.0,187222.90086924264,518175.662719738,331036.63899357256,0.0,187959.2086468,518995.8476403726
228,9960.485144,0.008194000000000002,0.0,0.0,9960.47695,100.0,330952.7618504953,0.0,187222.90086924264,518175.662719738,331036.63899357256,0.0,187959.2086468,518995.8476403726
229,9964.488985,0.00715,0.0,0.0,9964.481835,100.0,330952.7618504953,0.0,187222.90086924264,518175.662719738,331036.63899357256,0.0,187959.2086468,518995.8476403726
230,9968.492825,0.0054139999999999995,0.0,0.0,9968.487411,100.0,330952.7618504953,0.0,187222.90086924264,518175.662719738,331036.63899357256,0.0,187959.2086468,518995.8476403726
231,9972.496666,0.003238,0.0,0.0,9972.493428,100.0,330952.7618504953,0.0,187222.90086924264,518175.662719738,331036.63899357256,0.0,187959.2086468,518995.8476403726
232,9976.995806,0.000509,0.0,0.0,9976.995297000001,100.0,330952.7618504953,0.0,187222.90086924264,518175.662719738,331036.63899357256,0.0,187959.2086468,518995.8476403726
233,9982.200799,0.0,0.0,0.0,9982.200799,100.0,330952.7618504953,0.0,187222.90086924264,518175.662719738,331036.63899357256,0.0,187959.2086468,518995.8476403726
234,9987.405792,0.0,0.0,0.0,9987.405792,100.0,330952.7618504953,0.0,187222.90086924264,518175.662719738,331036.63899357256,0.0,187959.2086468,518995.8476403726
235,9992.610785,0.0,0.0,0.0,9992.610785,100.0,330952.7618504953,0.0,187222.90086924264,518175.662719738,331036.63899357256,0.0,187959.2086468,518995.8476403726
236,9997.815779,0.0,0.0,0.0,9997.815779,100.0,330952.7618504953,0.0,187222.90086924264,518175.662719738,331036.63899357256,0.0,187959.2086468,518995.8476403726
237,10002.29207,0.0,0.0,0.0,10002.29207,100.0,330952.7618504953,0.0,187222.90086924264,518175.662719738,331036.63899357256,0.0,187959.2086468,518995.8476403726
238,10004.69438,0.0,0.0,0.0,10004.69438,100.0,330952.7618504953,0.0,187222.90086924264,518175.662719738,331036.63899357256,0.0,187959.2086468,518995.8476403726
239,10007.09668,0.0,0.0,0.0,10007.09668,100.0,330952.7618504953,0.0,187222.90086924264,518175.662719738,331036.63899357256,0.0,187959.2086468,518995.8476403726
240,10009.49899,0.0,0.0,0.0,10009.49899,100.0,330952.7618504953,0.0,187222.90086924264,518175.662719738,331036.63899357256,0.0,187959.2086468,518995.8476403726
241,10011.90129,0.0,0.0,0.0,10011.90129,100.0,330952.7618504953,0.0,187222.90086924264,518175.662719738,331036.63899357256,0.0,187959.2086468,518995.8476403726
242,10014.476,0.0,0.0,0.0,10014.476,100.0,330952.7618504953,0.0,187222.90086924264,518175.662719738,331036.63899357256,0.0,187959.2086468,518995.8476403726
243,10018.47984,0.0,0.0,0.0,10018.47984,100.0,330952.7618504953,0.0,187222.90086924264,518175.662719738,331036.63899357256,0.0,187959.2086468,518995.8476403726
244,10022.48368,0.0,0.0,0.0,10022.48368,100.0,330952.7618504953,0.0,187222.90086924264,518175.662719738,331036.63899357256,0.0,187959.2086468,518995.8476403726
245,10026.48752,0.0,0.0,0.0,10026.48752,100.0,330952.7618504953,0.0,187222.90086924264,518175.662719738,331036.63899357256,0.0,187959.2086468,518995.8476403726
246,10030.49136,0.0,0.0,0.0,10030.49136,100.0,330952.7618504953,0.0,187222.90086924264,518175.662719738,331036.63899357256,0.0,187959.2086468,518995.8476403726
247,10034.4952,0.0015249999999999999,0.0,0.0,10034.493675,100.0,330952.7618504953,0.0,187222.90086924264,518175.662719738,331036.63899357256,0.0,187959.2086468,518995.8476403726
248,10038.3078,0.0064139999999999996,0.0,0.0,10038.301386000001,100.0,330952.7618504953,0.0,187222.90086924264,518175.662719738,331036.63899357256,0.0,187959.2086468,518995.8476403726
249,10042.11145,0.017998999999999998,0.0,0.0,10042.093451,100.0,330952.7618504953,0.0,187222.90086924264,518175.662719738,331036.63899357256,0.0,187959.2086468,518995.8476403726
250,10045.9151,0.0332,0.0,0.0,10045.8819,100.0,330952.7618504953,0.0,187222.90086924264,518175.662719738,331036.63899357256,0.0,187959.2086468,518995.8476403726
251,10049.71875,0.0041340000000000005,0.0,0.0,10049.714616,100.0,330952.7618504953,0.0,187222.90086924264,518175.662719738,331036.63899357256,0.0,187959.2086468,518995.8476403726
252,10053.52239,0.023848,0.0,0.0,10053.498542,100.0,330952.7618504953,0.0,187222.90086924264,518175.662719738,331036.63899357256,0.0,187959.2086468,518995.8476403726
253,10057.1653,0.036058,0.0,0.0,10057.129242,100.0,330952.7618504953,0.0,187222.90086924264,518175.662719738,331036.63899357256,0.0,187959.2086468,518995.8476403726
254,10060.76876,0.006669,0.0,0.0,10060.762091,100.0,330952.7618504953,0.0,187222.90086924264,518175.662719738,331036.63899357256,0.0,187959.2086468,518995.8476403726
255,10064.37221,0.019051,0.0,0.0,10064.353159,100.0,330952.7618504953,0.0,187222.90086924264,518175.662719738,331036.63899357256,0.0,187959.2086468,518995.8476403726
256,10067.97567,0.007405,0.0,0.0,10067.968265,100.0,330952.7618504953,0.0,187222.90086924264,518175.662719738,331036.63899357256,0.0,187959.2086468,518995.8476403726
257,10071.57913,0.0,0.0,0.0,10071.57913,100.0,330952.7618504953,0.0,187222.90086924264,518175.662719738,331036.63899357256,0.0,187959.2086468,518995.8476403726
258,10075.18258,0.0,0.0,0.0,10075.18258,100.0,330952.7618504953,0.0,187222.90086924264,518175.662719738,331036.63899357256,0.0,187959.2086468,518995.8476403726
259,10078.78604,0.0,0.0,0.0,10078.78604,100.0,330952.7618504953,0.0,187222.90086924264,518175.662719738,331036.63899357256,0.0,187959.2086468,518995.8476403726
260,10082.3895,0.0,0.0,0.0,10082.3895,100.0,330952.7618504953,0.0,187222.90086924264,518175.662719738,331036.63899357256,0.0,187959.2086468,518995.8476403726
261,10085.99296,0.0,0.0,0.0,10085.99296,100.0,330952.7618504953,0.0,187222.90086924264,518175.662719738,331036.63899357256,0.0,187959.2086468,518995.8476403726
262,10089.59641,0.0,0.0,0.0,10089.59641,100.0,330952.7618504953,0.0,187222.90086924264,518175.662719738,331036.63899357256,0.0,187959.2086468,518995.8476403726
263,10092.40193,0.0,0.0,0.0,10092.40193,100.0,330952.7618504953,0.0,187222.90086924264,518175.662719738,331036.63899357256,0.0,187959.2086468,518995.8476403726
264,10094.40385,0.0,0.0,0.0,10094.40385,100.0,330952.7618504953,0.0,187222.90086924264,518175.662719738,331036.63899357256,0.0,187959.2086468,518995.8476403726
265,10096.40577,0.0,100.0,0.0,10196.40577,188.0,330952.7618504953,0.0,187222.90086924264,518175.662719738,331036.63899357256,0.0,187959.2086468,518995.8476403726
266,10098.40769,0.0,100.0,0.0,10198.40769,276.0,330952.7618504953,0.0,187222.90086924264,518175.662719738,331036.63899357256,0.0,187959.2086468,518995.8476403726
267,10100.40961,0.0,100.0,0.0,10200.40961,364.0,330952.7618504953,0.0,187222.90086924264,518175.662719738,331036.63899357256,0.0,187959.2086468,518995.8476403726
268,10102.34229,0.0,100.0,0.0,10202.34229,452.0,330952.7618504953,0.0,187222.90086924264,518175.662719738,331036.63899357256,0.0,187959.2086468,518995.8476403726
269,10104.14401,0.0,100.0,0.0,10204.14401,540.0,330952.7618504953,0.0,187222.90086924264,518175.662719738,331036.63899357256,0.0,187959.2086468,518995.8476403726
270,10105.94574,0.0,0.0,100.0,10005.94574,440.0,330952.7618504953,0.0,187222.90086924264,518175.662719738,331036.63899357256,0.0,187959.2086468,518995.8476403726
271,10107.74747,0.013014,0.0,100.0,10007.734456,340.0,330952.7618504953,0.0,187222.90086924264,518175.662719738,331036.63899357256,0.0,187959.2086468,518995.8476403726
272,10109.5492,0.025308,0.0,100.0,10009.523892,240.0,330952.7618504953,0.0,187222.90086924264,518175.662719738,331036.63899357256,0.0,187959.2086468,518995.8476403726
273,10111.42841,0.031162,0.0,100.0,10011.397248000001,140.0,330952.7618504953,0.0,187222.90086924264,518175.662719738,331036.63899357256,0.0,187959.2086468,518995.8476403726
274,10113.63053,0.03692,0.0,80.0,10033.59361,60.0,330952.7618504953,0.0,187222.90086924264,518175.662719738,331036.63899357256,0.0,187959.2086468,518995.8476403726
275,10115.83264,0.037848,0.0,0.0,10115.794792,60.0,330952.7618504953,0.0,187222.90086924264,518175.662719738,331036.63899357256,0.0,187959.2086468,518995.8476403726
276,10118.03475,0.038418,54.5454545454545,0.0,10172.541786545455,108.0,330952.7618504953,0.0,187222.90086924264,518175.662719738,331036.63899357256,0.0,187959.2086468,518995.8476403726
277,10120.23686,0.036655,100.0,0.0,10220.200205000001,196.0,330952.7618504953,0.0,187222.90086924264,518175.662719738,331036.63899357256,0.0,187959.2086468,518995.8476403726
278,10122.41425,0.029953,100.0,0.0,10222.384297,284.0,330952.7618504953,0.0,187222.90086924264,518175.662719738,331036.63899357256,0.0,187959.2086468,518995.8476403726
279,10124.01578,0.020311,100.0,0.0,10223.995469,372.0,330952.7618504953,0.0,187222.90086924264,518175.662719738,331036.63899357256,0.0,187959.2086468,518995.8476403726
280,10125.61732,0.005939,100.0,0.0,10225.611380999999,460.0,330952.7618504953,0.0,187222.90086924264,518175.662719738,331036.63899357256,0.0,187959.2086468,518995.8476403726
281,10127.21886,0.0,0.0,100.0,10027.21886,360.0,330952.7618504953,0.0,187222.90086924264,518175.662719738,331036.63899357256,0.0,187959.2086468,518995.8476403726
282,10128.82039,0.0,0.0,100.0,10028.82039,260.0,330952.7618504953,0.0,187222.90086924264,518175.662719738,331036.63899357256,0.0,187959.2086468,518995.8476403726
283,10130.42193,0.0,0.0,100.0,10030.42193,160.0,330952.7618504953,0.0,187222.90086924264,518175.662719738,331036.63899357256,0.0,187959.2086468,518995.8476403726
284,10132.37934,0.0,0.0,100.0,10032.37934,60.0,330952.7618504953,0.0,187222.90086924264,518175.662719738,331036.63899357256,0.0,187959.2086468,518995.8476403726
285,10134.38126,0.0,0.0,0.0,10134.38126,60.0,330952.7618504953,0.0,187222.90086924264,518175.662719738,331036.63899357256,0.0,187959.2086468,518995.8476403726
286,10136.38318,0.0,0.0,0.0,10136.38318,60.0,330952.7618504953,0.0,187222.90086924264,518175.662719738,331036.63899357256,0.0,187959.2086468,518995.8476403726
287,10138.3851,0.0,0.0,0.0,10138.3851,60.0,330952.7618504953,0.0,187222.90086924264,518175.662719738,331036.63899357256,0.0,187959.2086468,518995.8476403726
288,10140.38702,0.0,45.4545454545455,0.0,10185.841565454546,100.0,330952.7618504953,0.0,187222.90086924264,518175.662719738,331036.63899357256,0.0,187959.2086468,518995.8476403726
289,10142.38894,0.0,100.0,0.0,10242.38894,188.0,330952.7618504953,0.0,187222.90086924264,518175.662719738,331036.63899357256,0.0,187959.2086468,518995.8476403726
290,10144.39086,0.0,100.0,0.0,10244.39086,276.0,330952.7618504953,0.0,187222.90086924264,518175.662719738,331036.63899357256,0.0,187959.2086468,518995.8476403726
291,10146.39278,0.0,100.0,0.0,10246.39278,364.0,330952.7618504953,0.0,187222.90086924264,518175.662719738,331036.63899357256,0.0,187959.2086468,518995.8476403726
292,10148.3947,0.0,100.0,0.0,10248.3947,452.0,330952.7618504953,0.0,187222.90086924264,518175.662719738,331036.63899357256,0.0,187959.2086468,518995.8476403726
293,10150.39662,0.0,100.0,0.0,10250.39662,540.0,330952.7618504953,0.0,187222.90086924264,518175.662719738,331036.63899357256,0.0,187959.2086468,518995.8476403726
294,10152.39854,0.0,0.0,100.0,10052.39854,440.0,330952.7618504953,0.0,187222.90086924264,518175.662719738,331036.63899357256,0.0,187959.2086468,518995.8476403726
295,10154.40046,0.011782,0.0,100.0,10054.388678000001,340.0,330952.7618504953,0.0,187222.90086924264,518175.662719738,331036.63899357256,0.0,187959.2086468,518995.8476403726
296,10156.40238,0.019721,0.0,100.0,10056.382658999999,240.0,330952.7618504953,0.0,187222.90086924264,518175.662719738,331036.63899357256,0.0,187959.2086468,518995.8476403726
297,10158.4043,0.029748999999999998,0.0,100.0,10058.374551,140.0,330952.7618504953,0.0,187222.90086924264,518175.662719738,331036.63899357256,0.0,187959.2086468,518995.8476403726
298,10160.40622,0.031578,0.0,48.7524101666659,10111.622231833335,91.2475898333341,330952.7618504953,0.0,187222.90086924264,518175.662719738,331036.63899357256,0.0,187959.2086468,518995.8476403726
299,10162.0624,0.031247,0.0,31.2475898333341,10130.783563166666,60.0,330952.7618504953,0.0,187222.90086924264,518175.662719738,331036.63899357256,0.0,187959.2086468,518995.8476403726
300,10163.26355,0.035840000000000004,54.5454545454545,0.0,10217.773164545453,108.0,330952.7618504953,0.0,187222.90086924264,518175.662719738,331036.63899357256,0.0,187959.2086468,518995.8476403726
301,10164.4647,0.030567,100.0,0.0,10264.434133,196.0,330952.7618504953,0.0,187222.90086924264,518175.662719738,331036.63899357256,0.0,187959.2086468,518995.8476403726
302,10165.66586,0.025849,100.0,0.0,10265.640011,284.0,330952.7618504953,0.0,187222.90086924264,518175.662719738,331036.63899357256,0.0,187959.2086468,518995.8476403726
303,10166.86701,0.019348,100.0,0.0,10266.847662,372.0,330952.7618504953,0.0,187222.90086924264,518175.662719738,331036.63899357256,0.0,187959.2086468,518995.8476403726
304,10168.06816,0.0059960000000000005,100.0,0.0,10268.062164,460.0,330952.7618504953,0.0,187222.90086924264,518175.662719738,331036.63899357256,0.0,187959.2086468,518995.8476403726
305,10169.26931,0.0,0.0,100.0,10069.26931,360.0,330952.7618504953,0.0,187222.90086924264,518175.662719738,331036.63899357256,0.0,187959.2086468,518995.8476403726
306,10170.47047,0.0,0.0,100.0,10070.47047,260.0,330952.7618504953,0.0,187222.90086924264,518175.662719738,331036.63899357256,0.0,187959.2086468,518995.8476403726
307,10171.67162,0.0,0.0,100.0,10071.67162,160.0,330952.7618504953,0.0,187222.90086924264,518175.662719738,331036.63899357256,0.0,187959.2086468,518995.8476403726
308,10172.87277,0.0,0.0,100.0,10072.87277,60.0,330952.7618504953,0.0,187222.90086924264,518175.662719738,331036.63899357256,0.0,187959.2086468,518995.8476403726
309,10174.07392,0.0,0.0,0.0,10174.07392,60.0,330952.7618504953,0.0,187222.90086924264,518175.662719738,331036.63899357256,0.0,187959.2086468,518995.8476403726
310,10175.27507,0.0,0.0,0.0,10175.27507,60.0,330952.7618504953,0.0,187222.90086924264,518175.662719738,331036.63899357256,0.0,187959.2086468,518995.8476403726
311,10176.47623,0.0,0.0,0.0,10176.47623,60.0,330952.7618504953,0.0,187222.90086924264,518175.662719738,331036.63899357256,0.0,187959.2086468,518995.8476403726
312,10177.67738,0.0,45.4545454545455,0.0,10223.131925454545,100.0,330952.7618504953,0.0,187222.90086924264,518175.662719738,331036.63899357256,0.0,187959.2086468,518995.8476403726
313,10178.87853,0.0,100.0,0.0,10278.87853,188.0,330952.7618504953,0.0,187222.90086924264,518175.662719738,331036.63899357256,0.0,187959.2086468,518995.8476403726
314,10180.07968,0.0,100.0,0.0,10280.07968,276.0,330952.7618504953,0.0,187222.90086924264,518175.662719738,331036.63899357256,0.0,187959.2086468,518995.8476403726
315,10181.08571,0.0,100.0,0.0,10281.08571,364.0,330952.7618504953,0.0,187222.90086924264,518175.662719738,331036.63899357256,0.0,187959.2086468,518995.8476403726
316,10182.08667,0.0,100.0,0.0,10282.08667,452.0,330952.7618504953,0.0,187222.90086924264,518175.662719738,331036.63899357256,0.0,187959.2086468,518995.8476403726
317,10183.08763,0.0,100.0,0.0,10283.08763,540.0,330952.7618504953,0.0,187222.90086924264,518175.662719738,331036.63899357256,0.0,187959.2086468,518995.8476403726
318,10184.08859,0.0,0.0,100.0,10084.08859,440.0,330952.7618504953,0.0,187222.90086924264,518175.662719738,331036.63899357256,0.0,187959.2086468,518995.8476403726
319,10185.08955,0.0072050000000000005,0.0,100.0,10085.082345,340.0,330952.7618504953,0.0,187222.90086924264,518175.662719738,331036.63899357256,0.0,187959.2086468,518995.8476403726
320,10185.92588,0.025285000000000002,0.0,100.0,10085.900595000001,240.0,330952.7618504953,0.0,187222.90086924264,518175.662719738,331036.63899357256,0.0,187959.2086468,518995.8476403726
321,10186.72665,0.034722,0.0,65.7670993333304,10120.92482866667,174.23290066667,330952.7618504953,0.0,187222.90086924264,518175.662719738,331036.63899357256,0.0,187959.2086468,518995.8476403726
322,10187.52742,0.037513,0.0,56.7063438333353,10130.783563166666,117.526556833334,330952.7618504953,0.0,187222.90086924264,518175.662719738,331036.63899357256,0.0,187959.2086468,518995.8476403726
323,10188.32818,0.01806,0.0,57.5265568333343,10130.783563166666,60.0,330952.7618504953,0.0,187222.90086924264,518175.662719738,331036.63899357256,0.0,187959.2086468,518995.8476403726
324,10189.12895,0.038915,54.5454545454545,0.0,10243.635489545455,108.0,330952.7618504953,0.0,187222.90086924264,518175.662719738,331036.63899357256,0.0,187959.2086468,518995.8476403726
325,10190.19798,0.037704,100.0,0.0,10290.160276,196.0,330952.7618504953,0.0,187222.90086924264,518175.662719738,331036.63899357256,0.0,187959.2086468,518995.8476403726
326,10191.39913,0.029684000000000002,100.0,0.0,10291.369446,284.0,330952.7618504953,0.0,187222.90086924264,518175.662719738,331036.63899357256,0.0,187959.2086468,518995.8476403726
327,10192.60028,0.00644,100.0,0.0,10292.593840000001,372.0,330952.7618504953,0.0,187222.90086924264,518175.662719738,331036.63899357256,0.0,187959.2086468,518995.8476403726
328,10193.80143,0.005817999999999999,100.0,0.0,10293.795612,460.0,330952.7618504953,0.0,187222.90086924264,518175.662719738,331036.63899357256,0.0,187959.2086468,518995.8476403726
329,10195.00259,0.0,0.0,100.0,10095.00259,360.0,330952.7618504953,0.0,187222.90086924264,518175.662719738,331036.63899357256,0.0,187959.2086468,518995.8476403726
330,10196.20374,0.0,0.0,100.0,10096.20374,260.0,330952.7618504953,0.0,187222.90086924264,518175.662719738,331036.63899357256,0.0,187959.2086468,518995.8476403726
331,10197.40489,0.0,0.0,100.0,10097.40489,160.0,330952.7618504953,0.0,187222.90086924264,518175.662719738,331036.63899357256,0.0,187959.2086468,518995.8476403726
332,10198.60604,0.0,0.0,100.0,10098.60604,60.0,330952.7618504953,0.0,187222.90086924264,518175.662719738,331036.63899357256,0.0,187959.2086468,518995.8476403726
333,10199.8072,0.0,0.0,0.0,10199.8072,60.0,330952.7618504953,0.0,187222.90086924264,518175.662719738,331036.63899357256,0.0,187959.2086468,518995.8476403726
334,10201.00835,0.0,0.0,0.0,10201.00835,60.0,330952.7618504953,0.0,187222.90086924264,518175.662719738,331036.63899357256,0.0,187959.2086468,518995.8476403726
335,10202.13637,0.0,94.6130417393979,0.0,10296.749411739398,143.25947673067,330952.7618504953,0.0,187222.90086924264,518175.662719738,331036.63899357256,0.0,187959.2086468,518995.8476403726
336,10203.13733,0.0,93.6120817393985,0.0,10296.749411739398,225.638108661341,330952.7618504953,0.0,187222.90086924264,518175.662719738,331036.63899357256,0.0,187959.2086468,518995.8476403726
337,10204.13829,0.0,92.6111217393973,0.0,10296.749411739398,307.13589579201,330952.7618504953,0.0,187222.90086924264,518175.662719738,331036.63899357256,0.0,187959.2086468,518995.8476403726
338,10205.13925,0.0,0.0,0.0,10205.13925,307.13589579201,330952.7618504953,0.0,187222.90086924264,518175.662719738,331036.63899357256,0.0,187959.2086468,518995.8476403726
339,10206.14021,0.0,86.1173267575572,0.0,10292.257536757557,382.919143338661,330952.7618504953,0.0,187222.90086924264,518175.662719738,331036.63899357256,0.0,187959.2086468,518995.8476403726
340,10207.09854,0.0,89.6508717393972,0.0,10296.749411739398,461.81191046933,330952.7618504953,0.0,187222.90086924264,518175.662719738,331036.63899357256,0.0,187959.2086468,518995.8476403726
341,10207.89931,0.0,88.8501017393974,0.0,10296.749411739398,540.0,330952.7618504953,0.0,187222.90086924264,518175.662719738,331036.63899357256,0.0,187959.2086468,518995.8476403726
342,10208.70008,0.0,0.0,77.9165168333348,10130.783563166666,462.083483166665,330952.7618504953,0.0,187222.90086924264,518175.662719738,331036.63899357256,0.0,187959.2086468,518995.8476403726
343,10209.50085,0.013949,0.0,78.7033378333344,10130.783563166666,383.380145333331,330952.7618504953,0.0,187222.90086924264,518175.662719738,331036.63899357256,0.0,187959.2086468,518995.8476403726
344,10210.30162,0.025029,0.0,79.4930278333341,10130.783563166666,303.887117499995,330952.7618504953,0.0,187222.90086924264,518175.662719738,331036.63899357256,0.0,187959.2086468,518995.8476403726
345,10211.11451,0.031714,0.0,80.299232833333,10130.783563166666,223.587884666667,330952.7618504953,0.0,187222.90086924264,518175.662719738,331036.63899357256,0.0,187959.2086468,518995.8476403726
346,10212.11547,0.036298000000000004,0.0,81.2956088333376,10130.783563166662,142.292275833333,330952.7618504953,0.0,187222.90086924264,518175.662719738,331036.63899357256,0.0,187959.2086468,518995.8476403726
347,10213.11643,0.040591,0.0,82.2922758333334,10130.783563166666,60.0,330952.7618504953,0.0,187222.90086924264,518175.662719738,331036.63899357256,0.0,187959.2086468,518995.8476403726
348,10214.11739,0.037539,82.6695607393995,0.0,10296.749411739398,132.749213450672,330952.7618504953,0.0,187222.90086924264,518175.662719738,331036.63899357256,0.0,187959.2086468,518995.8476403726
349,10215.11835,0.035985,81.6670467393968,0.0,10296.749411739396,204.616214581336,330952.7618504953,0.0,187222.90086924264,518175.662719738,331036.63899357256,0.0,187959.2086468,518995.8476403726
350,10216.11931,0.025577000000000003,80.6556787393984,0.0,10296.749411739398,275.593211872005,330952.7618504953,0.0,187222.90086924264,518175.662719738,331036.63899357256,0.0,187959.2086468,518995.8476403726
351,10216.93845,0.019268,79.8302297393984,0.0,10296.749411739398,345.843814042673,330952.7618504953,0.0,187222.90086924264,518175.662719738,331036.63899357256,0.0,187959.2086468,518995.8476403726
352,10217.73922,0.0040620000000000005,79.0142537393982,0.0,10296.749411739398,415.376357333344,330952.7618504953,0.0,187222.90086924264,518175.662719738,331036.63899357256,0.0,187959.2086468,518995.8476403726
353,10218.53999,0.0,0.0,87.7564268333335,10130.783563166666,327.619930500008,330952.7618504953,0.0,187222.90086924264,518175.662719738,331036.63899357256,0.0,187959.2086468,518995.8476403726
354,10219.34076,0.0,0.0,88.5571968333334,10130.783563166666,239.062733666675,330952.7618504953,0.0,187222.90086924264,518175.662719738,331036.63899357256,0.0,187959.2086468,518995.8476403726
355,10220.14153,0.0,0.0,89.3579668333368,10130.783563166664,149.704766833334,330952.7618504953,0.0,187222.90086924264,518175.662719738,331036.63899357256,0.0,187959.2086468,518995.8476403726
356,10220.48833,0.0,0.0,89.7047668333344,10130.783563166666,60.0,330952.7618504953,0.0,187222.90086924264,518175.662719738,331036.63899357256,0.0,187959.2086468,518995.8476403726
357,10220.68852,0.0,0.0,0.0,10220.68852,60.0,330952.7618504953,0.0,187222.90086924264,518175.662719738,331036.63899357256,0.0,187959.2086468,518995.8476403726
358,10220.88871,0.0,0.0,0.0,10220.88871,60.0,330952.7618504953,0.0,187222.90086924264,518175.662719738,331036.63899357256,0.0,187959.2086468,518995.8476403726
359,10221.08891,0.0,0.0,0.0,10221.08891,60.0,330952.7618504953,0.0,187222.90086924264,518175.662719738,331036.63899357256,0.0,187959.2086468,518995.8476403726
360,10221.2891,0.0,0.0,0.0,10221.2891,60.0,330952.7618504953,0.0,187222.90086924264,518175.662719738,331036.63899357256,0.0,187959.2086468,518995.8476403726
361,10221.24765,0.0,0.0,0.0,10221.24765,60.0,330952.7618504953,0.0,187222.90086924264,518175.662719738,331036.63899357256,0.0,187959.2086468,518995.8476403726
362,10221.04745,0.0,0.0,0.0,10221.04745,60.0,330952.7618504953,0.0,187222.90086924264,518175.662719738,331036.63899357256,0.0,187959.2086468,518995.8476403726
363,10220.84726,0.0,0.0,0.0,10220.84726,60.0,330952.7618504953,0.0,187222.90086924264,518175.662719738,331036.63899357256,0.0,187959.2086468,518995.8476403726
364,10220.64707,0.0,0.0,0.0,10220.64707,60.0,330952.7618504953,0.0,187222.90086924264,518175.662719738,331036.63899357256,0.0,187959.2086468,518995.8476403726
365,10220.44688,0.0,0.0,0.0,10220.44688,60.0,330952.7618504953,0.0,187222.90086924264,518175.662719738,331036.63899357256,0.0,187959.2086468,518995.8476403726
366,10220.24669,0.0,0.0,0.0,10220.24669,60.0,330952.7618504953,0.0,187222.90086924264,518175.662719738,331036.63899357256,0.0,187959.2086468,518995.8476403726
367,10220.04649,0.012037,0.0,0.0,10220.034453,60.0,330952.7618504953,0.0,187222.90086924264,518175.662719738,331036.63899357256,0.0,187959.2086468,518995.8476403726
368,10219.8463,0.023513000000000003,0.0,0.0,10219.822787,60.0,330952.7618504953,0.0,187222.90086924264,518175.662719738,331036.63899357256,0.0,187959.2086468,518995.8476403726
369,10219.64611,0.033312,0.0,0.0,10219.612798,60.0,330952.7618504953,0.0,187222.90086924264,518175.662719738,331036.63899357256,0.0,187959.2086468,518995.8476403726
370,10219.44592,0.036764000000000005,0.0,0.0,10219.409156,60.0,330952.7618504953,0.0,187222.90086924264,518175.662719738,331036.63899357256,0.0,187959.2086468,518995.8476403726
371,10219.24573,0.036384,0.0,0.0,10219.209346,60.0,330952.7618504953,0.0,187222.90086924264,518175.662719738,331036.63899357256,0.0,187959.2086468,518995.8476403726
372,10219.04553,0.035826000000000004,0.0,0.0,10219.009704,60.0,330952.7618504953,0.0,187222.90086924264,518175.662719738,331036.63899357256,0.0,187959.2086468,518995.8476403726
373,10218.84534,0.034720999999999995,0.0,0.0,10218.810619,60.0,330952.7618504953,0.0,187222.90086924264,518175.662719738,331036.63899357256,0.0,187959.2086468,518995.8476403726
374,10218.64515,0.026671,0.0,0.0,10218.618479,60.0,330952.7618504953,0.0,187222.90086924264,518175.662719738,331036.63899357256,0.0,187959.2086468,518995.8476403726
375,10218.44496,0.019162,0.0,0.0,10218.425798,60.0,330952.7618504953,0.0,187222.90086924264,518175.662719738,331036.63899357256,0.0,187959.2086468,518995.8476403726
376,10218.24477,0.006697,0.0,0.0,10218.238072999999,60.0,330952.7618504953,0.0,187222.90086924264,518175.662719738,331036.63899357256,0.0,187959.2086468,518995.8476403726
377,10218.04457,0.0,0.0,0.0,10218.04457,60.0,330952.7618504953,0.0,187222.90086924264,518175.662719738,331036.63899357256,0.0,187959.2086468,518995.8476403726
378,10217.84438,0.0,0.0,0.0,10217.84438,60.0,330952.7618504953,0.0,187222.90086924264,518175.662719738,331036.63899357256,0.0,187959.2086468,518995.8476403726
379,10217.64419,0.0,0.0,0.0,10217.64419,60.0,330952.7618504953,0.0,187222.90086924264,518175.662719738,331036.63899357256,0.0,187959.2086468,518995.8476403726
380,10217.444,0.0,0.0,0.0,10217.444,60.0,330952.7618504953,0.0,187222.90086924264,518175.662719738,331036.63899357256,0.0,187959.2086468,518995.8476403726
381,10217.24381,0.0,0.0,0.0,10217.24381,60.0,330952.7618504953,0.0,187222.90086924264,518175.662719738,331036.63899357256,0.0,187959.2086468,518995.8476403726
382,10216.8446,0.0,0.0,0.0,10216.8446,60.0,330952.7618504953,0.0,187222.90086924264,518175.662719738,331036.63899357256,0.0,187959.2086468,518995.8476403726
383,10216.44421,0.0,0.0,0.0,10216.44421,60.0,330952.7618504953,0.0,187222.90086924264,518175.662719738,331036.63899357256,0.0,187959.2086468,518995.8476403726
384,10216.04383,0.0,0.0,0.0,10216.04383,60.0,330952.7618504953,0.0,187222.90086924264,518175.662719738,331036.63899357256,0.0,187959.2086468,518995.8476403726
385,10215.64345,0.0,0.0,0.0,10215.64345,60.0,330952.7618504953,0.0,187222.90086924264,518175.662719738,331036.63899357256,0.0,187959.2086468,518995.8476403726
386,10215.24306,0.0,0.0,0.0,10215.24306,60.0,330952.7618504953,0.0,187222.90086924264,518175.662719738,331036.63899357256,0.0,187959.2086468,518995.8476403726
387,10215.01119,0.0,0.0,0.0,10215.01119,60.0,330952.7618504953,0.0,187222.90086924264,518175.662719738,331036.63899357256,0.0,187959.2086468,518995.8476403726
388,10214.811,0.0,0.0,0.0,10214.811,60.0,330952.7618504953,0.0,187222.90086924264,518175.662719738,331036.63899357256,0.0,187959.2086468,518995.8476403726
389,10214.61081,0.0,0.0,0.0,10214.61081,60.0,330952.7618504953,0.0,187222.90086924264,518175.662719738,331036.63899357256,0.0,187959.2086468,518995.8476403726
390,10214.41062,0.0,0.0,0.0,10214.41062,60.0,330952.7618504953,0.0,187222.90086924264,518175.662719738,331036.63899357256,0.0,187959.2086468,518995.8476403726
391,10214.21042,0.012555,0.0,0.0,10214.197865,60.0,330952.7618504953,0.0,187222.90086924264,518175.662719738,331036.63899357256,0.0,187959.2086468,518995.8476403726
392,10214.01023,0.023779,0.0,0.0,10213.986451,60.0,330952.7618504953,0.0,187222.90086924264,518175.662719738,331036.63899357256,0.0,187959.2086468,518995.8476403726
393,10213.81004,0.026966999999999998,0.0,0.0,10213.783073,60.0,330952.7618504953,0.0,187222.90086924264,518175.662719738,331036.63899357256,0.0,187959.2086468,518995.8476403726
394,10213.60985,0.035040999999999996,0.0,0.0,10213.574809000002,60.0,330952.7618504953,0.0,187222.90086924264,518175.662719738,331036.63899357256,0.0,187959.2086468,518995.8476403726
395,10213.40966,0.03548,0.0,0.0,10213.374179999999,60.0,330952.7618504953,0.0,187222.90086924264,518175.662719738,331036.63899357256,0.0,187959.2086468,518995.8476403726
396,10213.20946,0.038494,0.0,0.0,10213.170966,60.0,330952.7618504953,0.0,187222.90086924264,518175.662719738,331036.63899357256,0.0,187959.2086468,518995.8476403726
397,10212.90176,0.032653,0.0,0.0,10212.869107,60.0,330952.7618504953,0.0,187222.90086924264,518175.662719738,331036.63899357256,0.0,187959.2086468,518995.8476403726
398,10212.50137,0.024711,0.0,0.0,10212.476659,60.0,330952.7618504953,0.0,187222.90086924264,518175.662719738,331036.63899357256,0.0,187959.2086468,518995.8476403726
399,10212.10099,0.016699000000000002,0.0,0.0,10212.084291000001,60.0,330952.7618504953,0.0,187222.90086924264,518175.662719738,331036.63899357256,0.0,187959.2086468,518995.8476403726
400,10211.70061,0.006176999999999999,0.0,0.0,10211.694433,60.0,330952.7618504953,0.0,187222.90086924264,518175.662719738,331036.63899357256,0.0,187959.2086468,518995.8476403726
401,10211.30022,0.0,0.0,0.0,10211.30022,60.0,330952.7618504953,0.0,187222.90086924264,518175.662719738,331036.63899357256,0.0,187959.2086468,518995.8476403726
402,10210.66879,0.0,0.0,0.0,10210.66879,60.0,330952.7618504953,0.0,187222.90086924264,518175.662719738,331036.63899357256,0.0,187959.2086468,518995.8476403726
403,10209.66783,0.0,0.0,0.0,10209.66783,60.0,330952.7618504953,0.0,187222.90086924264,518175.662719738,331036.63899357256,0.0,187959.2086468,518995.8476403726
404,10208.66687,0.0,0.0,0.0,10208.66687,60.0,330952.7618504953,0.0,187222.90086924264,518175.662719738,331036.63899357256,0.0,187959.2086468,518995.8476403726
405,10207.66591,0.0,0.0,0.0,10207.66591,60.0,330952.7618504953,0.0,187222.90086924264,518175.662719738,331036.63899357256,0.0,187959.2086468,518995.8476403726
406,10206.66495,0.0,0.0,0.0,10206.66495,60.0,330952.7618504953,0.0,187222.90086924264,518175.662719738,331036.63899357256,0.0,187959.2086468,518995.8476403726
407,10205.71051,0.0,0.0,0.0,10205.71051,60.0,330952.7618504953,0.0,187222.90086924264,518175.662719738,331036.63899357256,0.0,187959.2086468,518995.8476403726
408,10204.90974,0.0,74.4768667575548,0.0,10279.386606757555,125.539642746648,330952.7618504953,0.0,187222.90086924264,518175.662719738,331036.63899357256,0.0,187959.2086468,518995.8476403726
409,10204.10897,0.0,92.6404417393987,0.0,10296.749411739398,207.063231477319,330952.7618504953,0.0,187222.90086924264,518175.662719738,331036.63899357256,0.0,187959.2086468,518995.8476403726
410,10203.3082,0.0,93.4412117393986,0.0,10296.749411739398,289.29149780799,330952.7618504953,0.0,187222.90086924264,518175.662719738,331036.63899357256,0.0,187959.2086468,518995.8476403726
411,10202.50743,0.0,94.2419817393984,0.0,10296.749411739398,372.224441738661,330952.7618504953,0.0,187222.90086924264,518175.662719738,331036.63899357256,0.0,187959.2086468,518995.8476403726
412,10201.72268,0.0,95.0267317393973,0.0,10296.749411739398,455.84796566933,330952.7618504953,0.0,187222.90086924264,518175.662719738,331036.63899357256,0.0,187959.2086468,518995.8476403726
413,10201.1221,0.0,95.6273117393976,0.0,10296.749411739398,540.0,330952.7618504953,0.0,187222.90086924264,518175.662719738,331036.63899357256,0.0,187959.2086468,518995.8476403726
414,10200.52153,0.0,0.0,100.0,10100.52153,440.0,330952.7618504953,0.0,187222.90086924264,518175.662719738,331036.63899357256,0.0,187959.2086468,518995.8476403726
415,10199.92095,0.010955,0.0,100.0,10099.909995,340.0,330952.7618504953,0.0,187222.90086924264,518175.662719738,331036.63899357256,0.0,187959.2086468,518995.8476403726
416,10199.32038,0.023297000000000002,0.0,79.2356774999953,10120.061405500004,260.764322500005,330952.7618504953,0.0,187222.90086924264,518175.662719738,331036.63899357256,0.0,187959.2086468,518995.8476403726
417,10198.7198,0.031627,0.0,67.9046098333347,10130.783563166666,192.85971266667,330952.7618504953,0.0,187222.90086924264,518175.662719738,331036.63899357256,0.0,187959.2086468,518995.8476403726
418,10197.74781,0.032070999999999995,0.0,66.9321758333354,10130.783563166666,125.927536833335,330952.7618504953,0.0,187222.90086924264,518175.662719738,331036.63899357256,0.0,187959.2086468,518995.8476403726
419,10196.74685,0.035750000000000004,0.0,65.9275368333347,10130.783563166666,60.0,330952.7618504953,0.0,187222.90086924264,518175.662719738,331036.63899357256,0.0,187959.2086468,518995.8476403726
420,10195.74589,0.038202,54.5454545454545,0.0,10250.253142545454,108.0,330952.7618504953,0.0,187222.90086924264,518175.662719738,331036.63899357256,0.0,187959.2086468,518995.8476403726
421,10194.74493,0.033289,100.0,0.0,10294.711641,196.0,330952.7618504953,0.0,187222.90086924264,518175.662719738,331036.63899357256,0.0,187959.2086468,518995.8476403726
422,10193.74397,0.02918,100.0,0.0,10293.71479,284.0,330952.7618504953,0.0,187222.90086924264,518175.662719738,331036.63899357256,0.0,187959.2086468,518995.8476403726
423,10192.27738,0.020710000000000003,100.0,0.0,10292.256669999999,372.0,330952.7618504953,0.0,187222.90086924264,518175.662719738,331036.63899357256,0.0,187959.2086468,518995.8476403726
424,10190.67585,0.007112,100.0,0.0,10290.668738,460.0,330952.7618504953,0.0,187222.90086924264,518175.662719738,331036.63899357256,0.0,187959.2086468,518995.8476403726
425,10189.07431,0.0,0.0,100.0,10089.07431,360.0,330952.7618504953,0.0,187222.90086924264,518175.662719738,331036.63899357256,0.0,187959.2086468,518995.8476403726
426,10187.47278,0.0,0.0,100.0,10087.47278,260.0,330952.7618504953,0.0,187222.90086924264,518175.662719738,331036.63899357256,0.0,187959.2086468,518995.8476403726
427,10185.87124,0.0,0.0,100.0,10085.87124,160.0,330952.7618504953,0.0,187222.90086924264,518175.662719738,331036.63899357256,0.0,187959.2086468,518995.8476403726
428,10184.39441,0.0,0.0,100.0,10084.39441,60.0,330952.7618504953,0.0,187222.90086924264,518175.662719738,331036.63899357256,0.0,187959.2086468,518995.8476403726
429,10182.99307,0.0,0.0,0.0,10182.99307,60.0,330952.7618504953,0.0,187222.90086924264,518175.662719738,331036.63899357256,0.0,187959.2086468,518995.8476403726
430,10181.59172,0.0,0.0,0.0,10181.59172,60.0,330952.7618504953,0.0,187222.90086924264,518175.662719738,331036.63899357256,0.0,187959.2086468,518995.8476403726
431,10180.19038,0.0,0.0,0.0,10180.19038,60.0,330952.7618504953,0.0,187222.90086924264,518175.662719738,331036.63899357256,0.0,187959.2086468,518995.8476403726
432,10178.78903,0.0,45.4545454545455,0.0,10224.243575454546,100.0,330952.7618504953,0.0,187222.90086924264,518175.662719738,331036.63899357256,0.0,187959.2086468,518995.8476403726
433,10177.4819,0.0,100.0,0.0,10277.4819,188.0,330952.7618504953,0.0,187222.90086924264,518175.662719738,331036.63899357256,0.0,187959.2086468,518995.8476403726
434,10176.28074,0.0,100.0,0.0,10276.28074,276.0,330952.7618504953,0.0,187222.90086924264,518175.662719738,331036.63899357256,0.0,187959.2086468,518995.8476403726
435,10175.07959,0.0,100.0,0.0,10275.07959,364.0,330952.7618504953,0.0,187222.90086924264,518175.662719738,331036.63899357256,0.0,187959.2086468,518995.8476403726
436,10173.87844,0.0,100.0,0.0,10273.87844,452.0,330952.7618504953,0.0,187222.90086924264,518175.662719738,331036.63899357256,0.0,187959.2086468,518995.8476403726
437,10172.67729,0.0,100.0,0.0,10272.67729,540.0,330952.7618504953,0.0,187222.90086924264,518175.662719738,331036.63899357256,0.0,187959.2086468,518995.8476403726
438,10171.41243,0.0,0.0,100.0,10071.41243,440.0,330952.7618504953,0.0,187222.90086924264,518175.662719738,331036.63899357256,0.0,187959.2086468,518995.8476403726
439,10170.01108,0.01485,0.0,100.0,10069.99623,340.0,330952.7618504953,0.0,187222.90086924264,518175.662719738,331036.63899357256,0.0,187959.2086468,518995.8476403726
440,10168.60974,0.025162,0.0,100.0,10068.584578,240.0,330952.7618504953,0.0,187222.90086924264,518175.662719738,331036.63899357256,0.0,187959.2086468,518995.8476403726
441,10167.20839,0.030671,0.0,100.0,10067.177719,140.0,330952.7618504953,0.0,187222.90086924264,518175.662719738,331036.63899357256,0.0,187959.2086468,518995.8476403726
442,10165.80705,0.036011,0.0,34.9874758333335,10130.783563166666,105.012524166666,330952.7618504953,0.0,187222.90086924264,518175.662719738,331036.63899357256,0.0,187959.2086468,518995.8476403726
443,10164.33929,0.038018,0.0,45.0125241666665,10119.288747833334,60.0,330952.7618504953,0.0,187222.90086924264,518175.662719738,331036.63899357256,0.0,187959.2086468,518995.8476403726
444,10162.53756,0.03652300000000001,100.0,0.0,10262.501037,148.0,330952.7618504953,0.0,187222.90086924264,518175.662719738,331036.63899357256,0.0,187959.2086468,518995.8476403726
445,10160.73583,0.034518,100.0,0.0,10260.701312,236.0,330952.7618504953,0.0,187222.90086924264,518175.662719738,331036.63899357256,0.0,187959.2086468,518995.8476403726
446,10158.9341,0.029708,100.0,0.0,10258.904392,324.0,330952.7618504953,0.0,187222.90086924264,518175.662719738,331036.63899357256,0.0,187959.2086468,518995.8476403726
447,10157.13238,0.019249,100.0,0.0,10257.113130999998,412.0,330952.7618504953,0.0,187222.90086924264,518175.662719738,331036.63899357256,0.0,187959.2086468,518995.8476403726
448,10155.32794,0.006951,100.0,0.0,10255.320989,500.0,330952.7618504953,0.0,187222.90086924264,518175.662719738,331036.63899357256,0.0,187959.2086468,518995.8476403726
449,10153.32602,0.0,0.0,100.0,10053.32602,400.0,330952.7618504953,0.0,187222.90086924264,518175.662719738,331036.63899357256,0.0,187959.2086468,518995.8476403726
450,10151.3241,0.0,0.0,100.0,10051.3241,300.0,330952.7618504953,0.0,187222.90086924264,518175.662719738,331036.63899357256,0.0,187959.2086468,518995.8476403726
451,10149.32218,0.0,0.0,100.0,10049.32218,200.0,330952.7618504953,0.0,187222.90086924264,518175.662719738,331036.63899357256,0.0,187959.2086468,518995.8476403726
452,10147.32026,0.0,0.0,100.0,10047.32026,100.0,330952.7618504953,0.0,187222.90086924264,518175.662719738,331036.63899357256,0.0,187959.2086468,518995.8476403726
453,10145.31834,0.0,0.0,0.0,10145.31834,100.0,330952.7618504953,0.0,187222.90086924264,518175.662719738,331036.63899357256,0.0,187959.2086468,518995.8476403726
454,10143.31642,0.0,0.0,0.0,10143.31642,100.0,330952.7618504953,0.0,187222.90086924264,518175.662719738,331036.63899357256,0.0,187959.2086468,518995.8476403726
455,10141.3145,0.0,0.0,0.0,10141.3145,100.0,330952.7618504953,0.0,187222.90086924264,518175.662719738,331036.63899357256,0.0,187959.2086468,518995.8476403726
456,10139.31258,0.0,0.0,0.0,10139.31258,100.0,330952.7618504953,0.0,187222.90086924264,518175.662719738,331036.63899357256,0.0,187959.2086468,518995.8476403726
457,10137.31065,0.0,100.0,0.0,10237.31065,188.0,330952.7618504953,0.0,187222.90086924264,518175.662719738,331036.63899357256,0.0,187959.2086468,518995.8476403726
458,10135.30873,0.0,100.0,0.0,10235.30873,276.0,330952.7618504953,0.0,187222.90086924264,518175.662719738,331036.63899357256,0.0,187959.2086468,518995.8476403726
459,10133.30681,0.0,100.0,0.0,10233.30681,364.0,330952.7618504953,0.0,187222.90086924264,518175.662719738,331036.63899357256,0.0,187959.2086468,518995.8476403726
460,10131.30489,0.0,100.0,0.0,10231.30489,452.0,330952.7618504953,0.0,187222.90086924264,518175.662719738,331036.63899357256,0.0,187959.2086468,518995.8476403726
461,10129.30297,0.0,100.0,0.0,10229.30297,540.0,330952.7618504953,0.0,187222.90086924264,518175.662719738,331036.63899357256,0.0,187959.2086468,518995.8476403726
462,10127.30105,0.0,0.0,100.0,10027.30105,440.0,330952.7618504953,0.0,187222.90086924264,518175.662719738,331036.63899357256,0.0,187959.2086468,518995.8476403726
463,10125.29913,0.005721,0.0,100.0,10025.293409,340.0,330952.7618504953,0.0,187222.90086924264,518175.662719738,331036.63899357256,0.0,187959.2086468,518995.8476403726
464,10123.18581,0.025063,0.0,100.0,10023.160747000002,240.0,330952.7618504953,0.0,187222.90086924264,518175.662719738,331036.63899357256,0.0,187959.2086468,518995.8476403726
465,10120.9837,0.03136,0.0,100.0,10020.95234,140.0,330952.7618504953,0.0,187222.90086924264,518175.662719738,331036.63899357256,0.0,187959.2086468,518995.8476403726
466,10118.78159,0.036811,0.0,80.0,10038.744779,60.0,330952.7618504953,0.0,187222.90086924264,518175.662719738,331036.63899357256,0.0,187959.2086468,518995.8476403726
467,10116.57947,0.036176,0.0,0.0,10116.543294000001,60.0,330952.7618504953,0.0,187222.90086924264,518175.662719738,331036.63899357256,0.0,187959.2086468,518995.8476403726
468,10114.37736,0.036306,100.0,0.0,10214.341054,148.0,330952.7618504953,0.0,187222.90086924264,518175.662719738,331036.63899357256,0.0,187959.2086468,518995.8476403726
469,10112.49885,0.033594,100.0,0.0,10212.465256,236.0,330952.7618504953,0.0,187222.90086924264,518175.662719738,331036.63899357256,0.0,187959.2086468,518995.8476403726
470,10111.09751,0.028492,100.0,0.0,10211.069018,324.0,330952.7618504953,0.0,187222.90086924264,518175.662719738,331036.63899357256,0.0,187959.2086468,518995.8476403726
471,10109.69616,0.019353000000000002,100.0,0.0,10209.676807,412.0,330952.7618504953,0.0,187222.90086924264,518175.662719738,331036.63899357256,0.0,187959.2086468,518995.8476403726
472,10108.29482,0.007031,100.0,0.0,10208.287789,500.0,330952.7618504953,0.0,187222.90086924264,518175.662719738,331036.63899357256,0.0,187959.2086468,518995.8476403726
473,10106.89348,0.0,0.0,100.0,10006.89348,400.0,330952.7618504953,0.0,187222.90086924264,518175.662719738,331036.63899357256,0.0,187959.2086468,518995.8476403726
474,10105.54253,0.0,0.0,100.0,10005.54253,300.0,330952.7618504953,0.0,187222.90086924264,518175.662719738,331036.63899357256,0.0,187959.2086468,518995.8476403726
475,10104.34138,0.0,0.0,100.0,10004.34138,200.0,330952.7618504953,0.0,187222.90086924264,518175.662719738,331036.63899357256,0.0,187959.2086468,518995.8476403726
476,10103.14023,0.0,0.0,100.0,10003.14023,100.0,330952.7618504953,0.0,187222.90086924264,518175.662719738,331036.63899357256,0.0,187959.2086468,518995.8476403726
477,10101.93908,0.0,0.0,0.0,10101.93908,100.0,330952.7618504953,0.0,187222.90086924264,518175.662719738,331036.63899357256,0.0,187959.2086468,518995.8476403726
478,10100.73792,0.0,0.0,0.0,10100.73792,100.0,330952.7618504953,0.0,187222.90086924264,518175.662719738,331036.63899357256,0.0,187959.2086468,518995.8476403726
479,10099.47707,0.0,0.0,0.0,10099.47707,100.0,330952.7618504953,0.0,187222.90086924264,518175.662719738,331036.63899357256,0.0,187959.2086468,518995.8476403726
480,10097.67534,0.0,0.0,0.0,10097.67534,100.0,330952.7618504953,0.0,187222.90086924264,518175.662719738,331036.63899357256,0.0,187959.2086468,518995.8476403726
481,10095.87361,0.0,100.0,0.0,10195.87361,188.0,330952.7618504953,0.0,187222.90086924264,518175.662719738,331036.63899357256,0.0,187959.2086468,518995.8476403726
482,10094.07188,0.0,100.0,0.0,10194.07188,276.0,330952.7618504953,0.0,187222.90086924264,518175.662719738,331036.63899357256,0.0,187959.2086468,518995.8476403726
483,10092.27015,0.0,100.0,0.0,10192.27015,364.0,330952.7618504953,0.0,187222.90086924264,518175.662719738,331036.63899357256,0.0,187959.2086468,518995.8476403726
484,10090.46842,0.0,100.0,0.0,10190.46842,452.0,330952.7618504953,0.0,187222.90086924264,518175.662719738,331036.63899357256,0.0,187959.2086468,518995.8476403726
485,10088.4771,0.0,100.0,0.0,10188.4771,540.0,330952.7618504953,0.0,187222.90086924264,518175.662719738,331036.63899357256,0.0,187959.2086468,518995.8476403726
486,10086.47518,0.0,0.0,100.0,9986.47518,440.0,330952.7618504953,0.0,187222.90086924264,518175.662719738,331036.63899357256,0.0,187959.2086468,518995.8476403726
487,10084.47326,0.0036810000000000002,0.0,100.0,9984.469579,340.0,330952.7618504953,0.0,187222.90086924264,518175.662719738,331036.63899357256,0.0,187959.2086468,518995.8476403726
488,10082.47134,0.011171,0.0,100.0,9982.460169,240.0,330952.7618504953,0.0,187222.90086924264,518175.662719738,331036.63899357256,0.0,187959.2086468,518995.8476403726
489,10080.46942,0.015590999999999999,0.0,100.0,9980.453829,140.0,330952.7618504953,0.0,187222.90086924264,518175.662719738,331036.63899357256,0.0,187959.2086468,518995.8476403726
490,10078.78569,0.01922,0.0,80.0,9998.76647,60.0,330952.7618504953,0.0,187222.90086924264,518175.662719738,331036.63899357256,0.0,187959.2086468,518995.8476403726
491,10077.18415,0.020883,0.0,0.0,10077.163267,60.0,330952.7618504953,0.0,187222.90086924264,518175.662719738,331036.63899357256,0.0,187959.2086468,518995.8476403726
492,10075.58262,0.019503,100.0,0.0,10175.563117,148.0,330952.7618504953,0.0,187222.90086924264,518175.662719738,331036.63899357256,0.0,187959.2086468,518995.8476403726
493,10073.98108,0.017405999999999998,100.0,0.0,10173.963673999999,236.0,330952.7618504953,0.0,187222.90086924264,518175.662719738,331036.63899357256,0.0,187959.2086468,518995.8476403726
494,10072.37954,0.013826000000000001,100.0,0.0,10172.365714,324.0,330952.7618504953,0.0,187222.90086924264,518175.662719738,331036.63899357256,0.0,187959.2086468,518995.8476403726
495,10070.64941,0.008437,100.0,0.0,10170.640973,412.0,330952.7618504953,0.0,187222.90086924264,518175.662719738,331036.63899357256,0.0,187959.2086468,518995.8476403726
496,10068.84768,0.002346,100.0,0.0,10168.845334000001,500.0,330952.7618504953,0.0,187222.90086924264,518175.662719738,331036.63899357256,0.0,187959.2086468,518995.8476403726
497,10067.04596,0.0,0.0,100.0,9967.04596,400.0,330952.7618504953,0.0,187222.90086924264,518175.662719738,331036.63899357256,0.0,187959.2086468,518995.8476403726
498,10065.24423,0.0,0.0,100.0,9965.24423,300.0,330952.7618504953,0.0,187222.90086924264,518175.662719738,331036.63899357256,0.0,187959.2086468,518995.8476403726
499,10063.4425,0.0,0.0,100.0,9963.4425,200.0,330952.7618504953,0.0,187222.90086924264,518175.662719738,331036.63899357256,0.0,187959.2086468,518995.8476403726
500,10061.64077,0.0,0.0,100.0,9961.64077,100.0,330952.7618504953,0.0,187222.90086924264,518175.662719738,331036.63899357256,0.0,187959.2086468,518995.8476403726
501,10059.83904,0.0,0.0,0.0,10059.83904,100.0,330952.7618504953,0.0,187222.90086924264,518175.662719738,331036.63899357256,0.0,187959.2086468,518995.8476403726
502,10058.03731,0.0,0.0,0.0,10058.03731,100.0,330952.7618504953,0.0,187222.90086924264,518175.662719738,331036.63899357256,0.0,187959.2086468,518995.8476403726
503,10056.23559,0.0,0.0,0.0,10056.23559,100.0,330952.7618504953,0.0,187222.90086924264,518175.662719738,331036.63899357256,0.0,187959.2086468,518995.8476403726
504,10054.43386,0.0,0.0,0.0,10054.43386,100.0,330952.7618504953,0.0,187222.90086924264,518175.662719738,331036.63899357256,0.0,187959.2086468,518995.8476403726
505,10052.42935,0.0,100.0,0.0,10152.42935,188.0,330952.7618504953,0.0,187222.90086924264,518175.662719738,331036.63899357256,0.0,187959.2086468,518995.8476403726
506,10050.02704,0.0,100.0,0.0,10150.02704,276.0,330952.7618504953,0.0,187222.90086924264,518175.662719738,331036.63899357256,0.0,187959.2086468,518995.8476403726
507,10047.62474,0.0,100.0,0.0,10147.62474,364.0,330952.7618504953,0.0,187222.90086924264,518175.662719738,331036.63899357256,0.0,187959.2086468,518995.8476403726
508,10045.22243,0.0,100.0,0.0,10145.22243,452.0,330952.7618504953,0.0,187222.90086924264,518175.662719738,331036.63899357256,0.0,187959.2086468,518995.8476403726
509,10042.82013,0.0,100.0,0.0,10142.82013,540.0,330952.7618504953,0.0,187222.90086924264,518175.662719738,331036.63899357256,0.0,187959.2086468,518995.8476403726
510,10040.45492,0.0,0.0,100.0,9940.45492,440.0,330952.7618504953,0.0,187222.90086924264,518175.662719738,331036.63899357256,0.0,187959.2086468,518995.8476403726
511,10038.25281,0.004425,0.0,100.0,9938.248385,340.0,330952.7618504953,0.0,187222.90086924264,518175.662719738,331036.63899357256,0.0,187959.2086468,518995.8476403726
512,10036.05069,0.022756000000000002,0.0,100.0,9936.027934,240.0,330952.7618504953,0.0,187222.90086924264,518175.662719738,331036.63899357256,0.0,187959.2086468,518995.8476403726
513,10033.84858,0.02909,0.0,100.0,9933.81949,140.0,330952.7618504953,0.0,187222.90086924264,518175.662719738,331036.63899357256,0.0,187959.2086468,518995.8476403726
514,10031.64647,0.035544,0.0,80.0,9951.610926,60.0,330952.7618504953,0.0,187222.90086924264,518175.662719738,331036.63899357256,0.0,187959.2086468,518995.8476403726
515,10029.45095,0.035997999999999995,0.0,0.0,10029.414952000001,60.0,330952.7618504953,0.0,187222.90086924264,518175.662719738,331036.63899357256,0.0,187959.2086468,518995.8476403726
516,10027.44903,0.036847000000000005,54.5454545454545,0.0,10081.957637545454,108.0,330952.7618504953,0.0,187222.90086924264,518175.662719738,331036.63899357256,0.0,187959.2086468,518995.8476403726
517,10025.44711,0.034005,100.0,0.0,10125.413105,196.0,330952.7618504953,0.0,187222.90086924264,518175.662719738,331036.63899357256,0.0,187959.2086468,518995.8476403726
518,10023.44519,0.027027000000000002,100.0,0.0,10123.418163,284.0,330952.7618504953,0.0,187222.90086924264,518175.662719738,331036.63899357256,0.0,187959.2086468,518995.8476403726
519,10021.44327,0.01746,100.0,0.0,10121.42581,372.0,330952.7618504953,0.0,187222.90086924264,518175.662719738,331036.63899357256,0.0,187959.2086468,518995.8476403726
520,10019.44135,0.005634,100.0,0.0,10119.435716,460.0,330952.7618504953,0.0,187222.90086924264,518175.662719738,331036.63899357256,0.0,187959.2086468,518995.8476403726
521,10017.26314,0.0,0.0,100.0,9917.26314,360.0,330952.7618504953,0.0,187222.90086924264,518175.662719738,331036.63899357256,0.0,187959.2086468,518995.8476403726
522,10015.06103,0.0,0.0,100.0,9915.06103,260.0,330952.7618504953,0.0,187222.90086924264,518175.662719738,331036.63899357256,0.0,187959.2086468,518995.8476403726
523,10012.85892,0.0,0.0,100.0,9912.85892,160.0,330952.7618504953,0.0,187222.90086924264,518175.662719738,331036.63899357256,0.0,187959.2086468,518995.8476403726
524,10010.6568,0.0,0.0,100.0,9910.6568,60.0,330952.7618504953,0.0,187222.90086924264,518175.662719738,331036.63899357256,0.0,187959.2086468,518995.8476403726
525,10008.45469,0.0,0.0,0.0,10008.45469,60.0,330952.7618504953,0.0,187222.90086924264,518175.662719738,331036.63899357256,0.0,187959.2086468,518995.8476403726
526,10006.54415,0.0,0.0,0.0,10006.54415,60.0,330952.7618504953,0.0,187222.90086924264,518175.662719738,331036.63899357256,0.0,187959.2086468,518995.8476403726
527,10004.74242,0.0,0.0,0.0,10004.74242,60.0,330952.7618504953,0.0,187222.90086924264,518175.662719738,331036.63899357256,0.0,187959.2086468,518995.8476403726
528,10002.94069,0.0,0.0,0.0,10002.94069,60.0,330952.7618504953,0.0,187222.90086924264,518175.662719738,331036.63899357256,0.0,187959.2086468,518995.8476403726
529,10001.13897,0.0,0.0,0.0,10001.13897,60.0,330952.7618504953,0.0,187222.90086924264,518175.662719738,331036.63899357256,0.0,187959.2086468,518995.8476403726
530,9999.337238,0.0,0.0,0.0,9999.337238,60.0,330952.7618504953,0.0,187222.90086924264,518175.662719738,331036.63899357256,0.0,187959.2086468,518995.8476403726
531,9997.881371,0.0,0.0,0.0,9997.881371,60.0,330952.7618504953,0.0,187222.90086924264,518175.662719738,331036.63899357256,0.0,187959.2086468,518995.8476403726
532,9996.680219,0.0,0.0,0.0,9996.680219,60.0,330952.7618504953,0.0,187222.90086924264,518175.662719738,331036.63899357256,0.0,187959.2086468,518995.8476403726
533,9995.479066,0.0,45.4545454545455,0.0,10040.933611454546,100.0,330952.7618504953,0.0,187222.90086924264,518175.662719738,331036.63899357256,0.0,187959.2086468,518995.8476403726
534,9994.277914,0.0,0.0,0.0,9994.277914,100.0,330952.7618504953,0.0,187222.90086924264,518175.662719738,331036.63899357256,0.0,187959.2086468,518995.8476403726
535,9993.076762,0.006672,0.0,0.0,9993.070090000001,100.0,330952.7618504953,0.0,187222.90086924264,518175.662719738,331036.63899357256,0.0,187959.2086468,518995.8476403726
536,9991.87561,0.024565000000000003,0.0,0.0,9991.851045,100.0,330952.7618504953,0.0,187222.90086924264,518175.662719738,331036.63899357256,0.0,187959.2086468,518995.8476403726
537,9990.674457,0.029702000000000003,0.0,0.0,9990.644755,100.0,330952.7618504953,0.0,187222.90086924264,518175.662719738,331036.63899357256,0.0,187959.2086468,518995.8476403726
538,9989.473305,0.034608,0.0,0.0,9989.438697,100.0,330952.7618504953,0.0,187222.90086924264,518175.662719738,331036.63899357256,0.0,187959.2086468,518995.8476403726
539,9988.272153,0.03334,0.0,0.0,9988.238813,100.0,330952.7618504953,0.0,187222.90086924264,518175.662719738,331036.63899357256,0.0,187959.2086468,518995.8476403726
540,9987.071,0.034902,0.0,0.0,9987.036098,100.0,330952.7618504953,0.0,187222.90086924264,518175.662719738,331036.63899357256,0.0,187959.2086468,518995.8476403726
541,9985.869848,0.024012000000000002,0.0,0.0,9985.845836,100.0,330952.7618504953,0.0,187222.90086924264,518175.662719738,331036.63899357256,0.0,187959.2086468,518995.8476403726
542,9984.668696,0.012534000000000002,0.0,0.0,9984.656162000001,100.0,330952.7618504953,0.0,187222.90086924264,518175.662719738,331036.63899357256,0.0,187959.2086468,518995.8476403726
543,9983.467544,0.014178000000000001,0.0,0.0,9983.453366,100.0,330952.7618504953,0.0,187222.90086924264,518175.662719738,331036.63899357256,0.0,187959.2086468,518995.8476403726
544,9982.266391,0.002987,0.0,0.0,9982.263404,100.0,330952.7618504953,0.0,187222.90086924264,518175.662719738,331036.63899357256,0.0,187959.2086468,518995.8476403726
545,9981.065239,0.0,0.0,0.0,9981.065239,100.0,330952.7618504953,0.0,187222.90086924264,518175.662719738,331036.63899357256,0.0,187959.2086468,518995.8476403726
546,9979.840299,0.0,0.0,0.0,9979.840299,100.0,330952.7618504953,0.0,187222.90086924264,518175.662719738,331036.63899357256,0.0,187959.2086468,518995.8476403726
547,9978.438955,0.0,0.0,0.0,9978.438955,100.0,330952.7618504953,0.0,187222.90086924264,518175.662719738,331036.63899357256,0.0,187959.2086468,518995.8476403726
548,9977.037611,0.0,0.0,0.0,9977.037611,100.0,330952.7618504953,0.0,187222.90086924264,518175.662719738,331036.63899357256,0.0,187959.2086468,518995.8476403726
549,9975.636266,0.0,0.0,0.0,9975.636266,100.0,330952.7618504953,0.0,187222.90086924264,518175.662719738,331036.63899357256,0.0,187959.2086468,518995.8476403726
550,9974.234922,0.0,0.0,0.0,9974.234922,100.0,330952.7618504953,0.0,187222.90086924264,518175.662719738,331036.63899357256,0.0,187959.2086468,518995.8476403726
551,9972.833578,0.0,0.0,0.0,9972.833578,100.0,330952.7618504953,0.0,187222.90086924264,518175.662719738,331036.63899357256,0.0,187959.2086468,518995.8476403726
552,9971.432233,0.0,0.0,0.0,9971.432233,100.0,330952.7618504953,0.0,187222.90086924264,518175.662719738,331036.63899357256,0.0,187959.2086468,518995.8476403726
553,9970.030889,0.0,0.0,0.0,9970.030889,100.0,330952.7618504953,0.0,187222.90086924264,518175.662719738,331036.63899357256,0.0,187959.2086468,518995.8476403726
554,9968.629545,0.0,0.0,0.0,9968.629545,100.0,330952.7618504953,0.0,187222.90086924264,518175.662719738,331036.63899357256,0.0,187959.2086468,518995.8476403726
555,9967.228201,0.0,0.0,0.0,9967.228201,100.0,330952.7618504953,0.0,187222.90086924264,518175.662719738,331036.63899357256,0.0,187959.2086468,518995.8476403726
556,9965.826856,0.0,0.0,0.0,9965.826856,100.0,330952.7618504953,0.0,187222.90086924264,518175.662719738,331036.63899357256,0.0,187959.2086468,518995.8476403726
557,9964.262532,0.0,0.0,0.0,9964.262532,100.0,330952.7618504953,0.0,187222.90086924264,518175.662719738,331036.63899357256,0.0,187959.2086468,518995.8476403726
558,9962.660996,0.0,0.0,0.0,9962.660996,100.0,330952.7618504953,0.0,187222.90086924264,518175.662719738,331036.63899357256,0.0,187959.2086468,518995.8476403726
559,9961.059459,0.011078,0.0,0.0,9961.048381,100.0,330952.7618504953,0.0,187222.90086924264,518175.662719738,331036.63899357256,0.0,187959.2086468,518995.8476403726
560,9959.457923,0.023781,0.0,0.0,9959.434142,100.0,330952.7618504953,0.0,187222.90086924264,518175.662719738,331036.63899357256,0.0,187959.2086468,518995.8476403726
561,9957.856387,0.031127,0.0,0.0,9957.82526,100.0,330952.7618504953,0.0,187222.90086924264,518175.662719738,331036.63899357256,0.0,187959.2086468,518995.8476403726
562,9956.51981,0.03189,0.0,0.0,9956.48792,100.0,330952.7618504953,0.0,187222.90086924264,518175.662719738,331036.63899357256,0.0,187959.2086468,518995.8476403726
563,9955.318658,0.035431,0.0,0.0,9955.283227,100.0,330952.7618504953,0.0,187222.90086924264,518175.662719738,331036.63899357256,0.0,187959.2086468,518995.8476403726
564,9954.117506,0.035220999999999995,0.0,0.0,9954.082285,100.0,330952.7618504953,0.0,187222.90086924264,518175.662719738,331036.63899357256,0.0,187959.2086468,518995.8476403726
565,9952.916353,0.032177,0.0,0.0,9952.884176000001,100.0,330952.7618504953,0.0,187222.90086924264,518175.662719738,331036.63899357256,0.0,187959.2086468,518995.8476403726
566,9951.715201,0.027942,0.0,0.0,9951.687259,100.0,330952.7618504953,0.0,187222.90086924264,518175.662719738,331036.63899357256,0.0,187959.2086468,518995.8476403726
567,9950.514049,0.019375,0.0,0.0,9950.494674,100.0,330952.7618504953,0.0,187222.90086924264,518175.662719738,331036.63899357256,0.0,187959.2086468,518995.8476403726
568,9949.312897,0.005851,0.0,0.0,9949.307046,100.0,330952.7618504953,0.0,187222.90086924264,518175.662719738,331036.63899357256,0.0,187959.2086468,518995.8476403726
569,9948.111744,0.0,0.0,0.0,9948.111744,100.0,330952.7618504953,0.0,187222.90086924264,518175.662719738,331036.63899357256,0.0,187959.2086468,518995.8476403726
570,9946.910592,0.0,0.0,0.0,9946.910592,100.0,330952.7618504953,0.0,187222.90086924264,518175.662719738,331036.63899357256,0.0,187959.2086468,518995.8476403726
571,9945.70944,0.0,0.0,0.0,9945.70944,100.0,330952.7618504953,0.0,187222.90086924264,518175.662719738,331036.63899357256,0.0,187959.2086468,518995.8476403726
572,9944.436807,0.0,0.0,0.0,9944.436807,100.0,330952.7618504953,0.0,187222.90086924264,518175.662719738,331036.63899357256,0.0,187959.2086468,518995.8476403726
573,9943.035463,0.0,0.0,0.0,9943.035463,100.0,330952.7618504953,0.0,187222.90086924264,518175.662719738,331036.63899357256,0.0,187959.2086468,518995.8476403726
574,9941.634119,0.0,0.0,0.0,9941.634119,100.0,330952.7618504953,0.0,187222.90086924264,518175.662719738,331036.63899357256,0.0,187959.2086468,518995.8476403726
575,9940.232774,0.0,0.0,0.0,9940.232774,100.0,330952.7618504953,0.0,187222.90086924264,518175.662719738,331036.63899357256,0.0,187959.2086468,518995.8476403726
576,9938.83143,0.0,0.0,0.0,9938.83143,100.0,330952.7618504953,0.0,187222.90086924264,518175.662719738,331036.63899357256,0.0,187959.2086468,518995.8476403726
577,9937.225183,0.0,100.0,0.0,10037.225183,188.0,330952.7618504953,0.0,187222.90086924264,518175.662719738,331036.63899357256,0.0,187959.2086468,518995.8476403726
578,9934.822879,0.0,100.0,0.0,10034.822879,276.0,330952.7618504953,0.0,187222.90086924264,518175.662719738,331036.63899357256,0.0,187959.2086468,518995.8476403726
579,9932.420574,0.0,100.0,0.0,10032.420574,364.0,330952.7618504953,0.0,187222.90086924264,518175.662719738,331036.63899357256,0.0,187959.2086468,518995.8476403726
580,9930.01827,0.0,100.0,0.0,10030.01827,452.0,330952.7618504953,0.0,187222.90086924264,518175.662719738,331036.63899357256,0.0,187959.2086468,518995.8476403726
581,9927.615965,0.0,100.0,0.0,10027.615965,540.0,330952.7618504953,0.0,187222.90086924264,518175.662719738,331036.63899357256,0.0,187959.2086468,518995.8476403726
582,9925.266064,0.0,0.0,100.0,9825.266064,440.0,330952.7618504953,0.0,187222.90086924264,518175.662719738,331036.63899357256,0.0,187959.2086468,518995.8476403726
583,9923.86472,0.011549,0.0,100.0,9823.853170999999,340.0,330952.7618504953,0.0,187222.90086924264,518175.662719738,331036.63899357256,0.0,187959.2086468,518995.8476403726
584,9922.463375,0.02233,0.0,100.0,9822.441045,240.0,330952.7618504953,0.0,187222.90086924264,518175.662719738,331036.63899357256,0.0,187959.2086468,518995.8476403726
585,9921.062031,0.027853000000000003,0.0,100.0,9821.034178,140.0,330952.7618504953,0.0,187222.90086924264,518175.662719738,331036.63899357256,0.0,187959.2086468,518995.8476403726
586,9919.660687,0.034133000000000004,0.0,80.0,9839.626554,60.0,330952.7618504953,0.0,187222.90086924264,518175.662719738,331036.63899357256,0.0,187959.2086468,518995.8476403726
587,9918.259342,0.03041,0.0,0.0,9918.228932,60.0,330952.7618504953,0.0,187222.90086924264,518175.662719738,331036.63899357256,0.0,187959.2086468,518995.8476403726
588,9916.857998,0.03198,100.0,0.0,10016.826018,148.0,330952.7618504953,0.0,187222.90086924264,518175.662719738,331036.63899357256,0.0,187959.2086468,518995.8476403726
589,9915.456654,0.023396,100.0,0.0,10015.433258,236.0,330952.7618504953,0.0,187222.90086924264,518175.662719738,331036.63899357256,0.0,187959.2086468,518995.8476403726
590,9914.055309,0.021096,100.0,0.0,10014.034212999999,324.0,330952.7618504953,0.0,187222.90086924264,518175.662719738,331036.63899357256,0.0,187959.2086468,518995.8476403726
591,9912.653965,0.013083000000000001,100.0,0.0,10012.640882,412.0,330952.7618504953,0.0,187222.90086924264,518175.662719738,331036.63899357256,0.0,187959.2086468,518995.8476403726
592,9911.252621,0.0048590000000000005,100.0,0.0,10011.247761999999,500.0,330952.7618504953,0.0,187222.90086924264,518175.662719738,331036.63899357256,0.0,187959.2086468,518995.8476403726
593,9910.000949,0.0,0.0,100.0,9810.000949,400.0,330952.7618504953,0.0,187222.90086924264,518175.662719738,331036.63899357256,0.0,187959.2086468,518995.8476403726
594,9908.799797,0.0,0.0,100.0,9808.799797,300.0,330952.7618504953,0.0,187222.90086924264,518175.662719738,331036.63899357256,0.0,187959.2086468,518995.8476403726
595,9907.598645,0.0,0.0,100.0,9807.598645,200.0,330952.7618504953,0.0,187222.90086924264,518175.662719738,331036.63899357256,0.0,187959.2086468,518995.8476403726
596,9906.397493,0.0,0.0,100.0,9806.397493,100.0,330952.7618504953,0.0,187222.90086924264,518175.662719738,331036.63899357256,0.0,187959.2086468,518995.8476403726
597,9905.19634,0.0,100.0,0.0,10005.19634,188.0,330952.7618504953,0.0,187222.90086924264,518175.662719738,331036.63899357256,0.0,187959.2086468,518995.8476403726
598,9903.995188,0.0,0.0,0.0,9903.995188,188.0,330952.7618504953,0.0,187222.90086924264,518175.662719738,331036.63899357256,0.0,187959.2086468,518995.8476403726
599,9902.794036,0.0,0.0,0.0,9902.794036,188.0,330952.7618504953,0.0,187222.90086924264,518175.662719738,331036.63899357256,0.0,187959.2086468,518995.8476403726
600,9901.592884,0.0,0.0,0.0,9901.592884,188.0,330952.7618504953,0.0,187222.90086924264,518175.662719738,331036.63899357256,0.0,187959.2086468,518995.8476403726
601,9900.391731,0.0,0.0,0.0,9900.391731,188.0,330952.7618504953,0.0,187222.90086924264,518175.662719738,331036.63899357256,0.0,187959.2086468,518995.8476403726
602,9899.190579,0.0,100.0,0.0,9999.190579,276.0,330952.7618504953,0.0,187222.90086924264,518175.662719738,331036.63899357256,0.0,187959.2086468,518995.8476403726
603,9897.989427,0.0,100.0,0.0,9997.989427,364.0,330952.7618504953,0.0,187222.90086924264,518175.662719738,331036.63899357256,0.0,187959.2086468,518995.8476403726
604,9896.788274,0.0,100.0,0.0,9996.788274,452.0,330952.7618504953,0.0,187222.90086924264,518175.662719738,331036.63899357256,0.0,187959.2086468,518995.8476403726
605,9895.587122,0.0,100.0,0.0,9995.587122,540.0,330952.7618504953,0.0,187222.90086924264,518175.662719738,331036.63899357256,0.0,187959.2086468,518995.8476403726
606,9894.38597,0.0,0.0,100.0,9794.38597,440.0,330952.7618504953,0.0,187222.90086924264,518175.662719738,331036.63899357256,0.0,187959.2086468,518995.8476403726
607,9893.184818,0.0069500000000000004,0.0,100.0,9793.177867999999,340.0,330952.7618504953,0.0,187222.90086924264,518175.662719738,331036.63899357256,0.0,187959.2086468,518995.8476403726
608,9891.925492,0.023245000000000002,0.0,100.0,9791.902247,240.0,330952.7618504953,0.0,187222.90086924264,518175.662719738,331036.63899357256,0.0,187959.2086468,518995.8476403726
609,9890.524148,0.034054,0.0,100.0,9790.490094,140.0,330952.7618504953,0.0,187222.90086924264,518175.662719738,331036.63899357256,0.0,187959.2086468,518995.8476403726
610,9889.122803,0.038332000000000005,0.0,80.0,9809.084471,60.0,330952.7618504953,0.0,187222.90086924264,518175.662719738,331036.63899357256,0.0,187959.2086468,518995.8476403726
611,9887.721459,0.038412999999999996,0.0,0.0,9887.683046,60.0,330952.7618504953,0.0,187222.90086924264,518175.662719738,331036.63899357256,0.0,187959.2086468,518995.8476403726
612,9886.320115,0.039890999999999996,54.5454545454545,0.0,9940.825678545454,108.0,330952.7618504953,0.0,187222.90086924264,518175.662719738,331036.63899357256,0.0,187959.2086468,518995.8476403726
613,9884.946444,0.036141,100.0,0.0,9984.910302999999,196.0,330952.7618504953,0.0,187222.90086924264,518175.662719738,331036.63899357256,0.0,187959.2086468,518995.8476403726
614,9883.745292,0.027808,100.0,0.0,9983.717483999999,284.0,330952.7618504953,0.0,187222.90086924264,518175.662719738,331036.63899357256,0.0,187959.2086468,518995.8476403726
615,9882.544139,0.020099000000000002,100.0,0.0,9982.52404,372.0,330952.7618504953,0.0,187222.90086924264,518175.662719738,331036.63899357256,0.0,187959.2086468,518995.8476403726
616,9881.342987,0.003695,100.0,0.0,9981.339292,460.0,330952.7618504953,0.0,187222.90086924264,518175.662719738,331036.63899357256,0.0,187959.2086468,518995.8476403726
617,9880.141835,0.0,0.0,100.0,9780.141835,360.0,330952.7618504953,0.0,187222.90086924264,518175.662719738,331036.63899357256,0.0,187959.2086468,518995.8476403726
618,9878.940683,0.0,0.0,100.0,9778.940683,260.0,330952.7618504953,0.0,187222.90086924264,518175.662719738,331036.63899357256,0.0,187959.2086468,518995.8476403726
619,9877.542165,0.0,0.0,100.0,9777.542165,160.0,330952.7618504953,0.0,187222.90086924264,518175.662719738,331036.63899357256,0.0,187959.2086468,518995.8476403726
620,9876.14082,0.0,0.0,100.0,9776.14082,60.0,330952.7618504953,0.0,187222.90086924264,518175.662719738,331036.63899357256,0.0,187959.2086468,518995.8476403726
621,9874.739476,0.0,100.0,0.0,9974.739476,148.0,330952.7618504953,0.0,187222.90086924264,518175.662719738,331036.63899357256,0.0,187959.2086468,518995.8476403726
622,9873.338132,0.0,45.4545454545455,0.0,9918.792677454547,188.0,330952.7618504953,0.0,187222.90086924264,518175.662719738,331036.63899357256,0.0,187959.2086468,518995.8476403726
623,9871.936787,0.0,0.0,0.0,9871.936787,188.0,330952.7618504953,0.0,187222.90086924264,518175.662719738,331036.63899357256,0.0,187959.2086468,518995.8476403726
624,9870.535443,0.0,0.0,0.0,9870.535443,188.0,330952.7618504953,0.0,187222.90086924264,518175.662719738,331036.63899357256,0.0,187959.2086468,518995.8476403726
625,9869.134099,0.0,0.0,0.0,9869.134099,188.0,330952.7618504953,0.0,187222.90086924264,518175.662719738,331036.63899357256,0.0,187959.2086468,518995.8476403726
626,9867.732754,0.0,100.0,0.0,9967.732754,276.0,330952.7618504953,0.0,187222.90086924264,518175.662719738,331036.63899357256,0.0,187959.2086468,518995.8476403726
627,9866.33141,0.0,100.0,0.0,9966.33141,364.0,330952.7618504953,0.0,187222.90086924264,518175.662719738,331036.63899357256,0.0,187959.2086468,518995.8476403726
628,9864.930066,0.0,100.0,0.0,9964.930066,452.0,330952.7618504953,0.0,187222.90086924264,518175.662719738,331036.63899357256,0.0,187959.2086468,518995.8476403726
629,9863.392355,0.0,100.0,0.0,9963.392355,540.0,330952.7618504953,0.0,187222.90086924264,518175.662719738,331036.63899357256,0.0,187959.2086468,518995.8476403726
630,9861.790819,0.0,0.0,100.0,9761.790819,440.0,330952.7618504953,0.0,187222.90086924264,518175.662719738,331036.63899357256,0.0,187959.2086468,518995.8476403726
631,9860.189283,0.007497,0.0,100.0,9760.181786,340.0,330952.7618504953,0.0,187222.90086924264,518175.662719738,331036.63899357256,0.0,187959.2086468,518995.8476403726
632,9858.587746,0.017988,0.0,100.0,9758.569758,240.0,330952.7618504953,0.0,187222.90086924264,518175.662719738,331036.63899357256,0.0,187959.2086468,518995.8476403726
633,9856.98621,0.030834,0.0,100.0,9756.955376,140.0,330952.7618504953,0.0,187222.90086924264,518175.662719738,331036.63899357256,0.0,187959.2086468,518995.8476403726
634,9855.49054,0.03253,0.0,80.0,9775.45801,60.0,330952.7618504953,0.0,187222.90086924264,518175.662719738,331036.63899357256,0.0,187959.2086468,518995.8476403726
635,9854.089196,0.037072,0.0,0.0,9854.052124000002,60.0,330952.7618504953,0.0,187222.90086924264,518175.662719738,331036.63899357256,0.0,187959.2086468,518995.8476403726
636,9852.687851,0.03646,54.5454545454545,0.0,9907.196845545455,108.0,330952.7618504953,0.0,187222.90086924264,518175.662719738,331036.63899357256,0.0,187959.2086468,518995.8476403726
637,9851.286507,0.030365,100.0,0.0,9951.256142,196.0,330952.7618504953,0.0,187222.90086924264,518175.662719738,331036.63899357256,0.0,187959.2086468,518995.8476403726
638,9849.885163,0.028721,100.0,0.0,9949.856442,284.0,330952.7618504953,0.0,187222.90086924264,518175.662719738,331036.63899357256,0.0,187959.2086468,518995.8476403726
639,9848.483818,0.018737,100.0,0.0,9948.465081,372.0,330952.7618504953,0.0,187222.90086924264,518175.662719738,331036.63899357256,0.0,187959.2086468,518995.8476403726
640,9847.082474,0.006098,100.0,0.0,9947.076376,460.0,330952.7618504953,0.0,187222.90086924264,518175.662719738,331036.63899357256,0.0,187959.2086468,518995.8476403726
641,9845.68113,0.0,0.0,100.0,9745.68113,360.0,330952.7618504953,0.0,187222.90086924264,518175.662719738,331036.63899357256,0.0,187959.2086468,518995.8476403726
642,9844.279785,0.0,0.0,100.0,9744.279785,260.0,330952.7618504953,0.0,187222.90086924264,518175.662719738,331036.63899357256,0.0,187959.2086468,518995.8476403726
643,9842.878441,0.0,0.0,100.0,9742.878441,160.0,330952.7618504953,0.0,187222.90086924264,518175.662719738,331036.63899357256,0.0,187959.2086468,518995.8476403726
644,9841.611696,0.0,0.0,100.0,9741.611696,60.0,330952.7618504953,0.0,187222.90086924264,518175.662719738,331036.63899357256,0.0,187959.2086468,518995.8476403726
645,9840.810928,0.0,100.0,0.0,9940.810928,148.0,330952.7618504953,0.0,187222.90086924264,518175.662719738,331036.63899357256,0.0,187959.2086468,518995.8476403726
646,9840.01016,0.0,45.4545454545455,0.0,9885.464705454546,188.0,330952.7618504953,0.0,187222.90086924264,518175.662719738,331036.63899357256,0.0,187959.2086468,518995.8476403726
647,9839.209392,0.0,0.0,0.0,9839.209392,188.0,330952.7618504953,0.0,187222.90086924264,518175.662719738,331036.63899357256,0.0,187959.2086468,518995.8476403726
648,9838.408624,0.0,0.0,0.0,9838.408624,188.0,330952.7618504953,0.0,187222.90086924264,518175.662719738,331036.63899357256,0.0,187959.2086468,518995.8476403726
649,9837.823356,0.0,0.0,0.0,9837.823356,188.0,330952.7618504953,0.0,187222.90086924264,518175.662719738,331036.63899357256,0.0,187959.2086468,518995.8476403726
650,9840.025469,0.0,0.0,0.0,9840.025469,188.0,330952.7618504953,0.0,187222.90086924264,518175.662719738,331036.63899357256,0.0,187959.2086468,518995.8476403726
651,9842.227581,0.0,0.0,0.0,9842.227581,188.0,330952.7618504953,0.0,187222.90086924264,518175.662719738,331036.63899357256,0.0,187959.2086468,518995.8476403726
652,9844.429694,0.0,0.0,0.0,9844.429694,188.0,330952.7618504953,0.0,187222.90086924264,518175.662719738,331036.63899357256,0.0,187959.2086468,518995.8476403726
653,9846.631806,0.0,0.0,0.0,9846.631806,188.0,330952.7618504953,0.0,187222.90086924264,518175.662719738,331036.63899357256,0.0,187959.2086468,518995.8476403726
654,9848.833919,0.0,0.0,0.0,9848.833919,188.0,330952.7618504953,0.0,187222.90086924264,518175.662719738,331036.63899357256,0.0,187959.2086468,518995.8476403726
655,9850.851972,0.014369999999999999,0.0,0.0,9850.837602,188.0,330952.7618504953,0.0,187222.90086924264,518175.662719738,331036.63899357256,0.0,187959.2086468,518995.8476403726
656,9852.853893,0.024835000000000003,0.0,0.0,9852.829058,188.0,330952.7618504953,0.0,187222.90086924264,518175.662719738,331036.63899357256,0.0,187959.2086468,518995.8476403726
657,9854.855813,0.031306,0.0,0.0,9854.824507,188.0,330952.7618504953,0.0,187222.90086924264,518175.662719738,331036.63899357256,0.0,187959.2086468,518995.8476403726
658,9856.857734,0.036097000000000004,0.0,0.0,9856.821637,188.0,330952.7618504953,0.0,187222.90086924264,518175.662719738,331036.63899357256,0.0,187959.2086468,518995.8476403726
659,9858.859654,0.035875000000000004,0.0,0.0,9858.823779,188.0,330952.7618504953,0.0,187222.90086924264,518175.662719738,331036.63899357256,0.0,187959.2086468,518995.8476403726
660,9860.400897,0.035837,0.0,0.0,9860.36506,188.0,330952.7618504953,0.0,187222.90086924264,518175.662719738,331036.63899357256,0.0,187959.2086468,518995.8476403726
661,9861.802242,0.034896,0.0,0.0,9861.767346,188.0,330952.7618504953,0.0,187222.90086924264,518175.662719738,331036.63899357256,0.0,187959.2086468,518995.8476403726
662,9863.203586,0.027265,0.0,0.0,9863.176320999999,188.0,330952.7618504953,0.0,187222.90086924264,518175.662719738,331036.63899357256,0.0,187959.2086468,518995.8476403726
663,9864.60493,0.018607,0.0,0.0,9864.586323,188.0,330952.7618504953,0.0,187222.90086924264,518175.662719738,331036.63899357256,0.0,187959.2086468,518995.8476403726
664,9866.006275,0.004967,0.0,0.0,9866.001307999999,188.0,330952.7618504953,0.0,187222.90086924264,518175.662719738,331036.63899357256,0.0,187959.2086468,518995.8476403726
665,9866.669264,0.0,0.0,0.0,9866.669264,188.0,330952.7618504953,0.0,187222.90086924264,518175.662719738,331036.63899357256,0.0,187959.2086468,518995.8476403726
666,9866.869456,0.0,0.0,0.0,9866.869456,188.0,330952.7618504953,0.0,187222.90086924264,518175.662719738,331036.63899357256,0.0,187959.2086468,518995.8476403726
667,9867.069648,0.0,0.0,0.0,9867.069648,188.0,330952.7618504953,0.0,187222.90086924264,518175.662719738,331036.63899357256,0.0,187959.2086468,518995.8476403726
668,9867.26984,0.0,0.0,0.0,9867.26984,188.0,330952.7618504953,0.0,187222.90086924264,518175.662719738,331036.63899357256,0.0,187959.2086468,518995.8476403726
669,9867.470032,0.0,0.0,0.0,9867.470032,188.0,330952.7618504953,0.0,187222.90086924264,518175.662719738,331036.63899357256,0.0,187959.2086468,518995.8476403726
670,9867.670224,0.0,0.0,0.0,9867.670224,188.0,330952.7618504953,0.0,187222.90086924264,518175.662719738,331036.63899357256,0.0,187959.2086468,518995.8476403726
671,9867.870416,0.0,0.0,0.0,9867.870416,188.0,330952.7618504953,0.0,187222.90086924264,518175.662719738,331036.63899357256,0.0,187959.2086468,518995.8476403726
672,9868.070608,0.0,0.0,0.0,9868.070608,188.0,330952.7618504953,0.0,187222.90086924264,518175.662719738,331036.63899357256,0.0,187959.2086468,518995.8476403726
673,9868.2708,0.0,0.0,0.0,9868.2708,188.0,330952.7618504953,0.0,187222.90086924264,518175.662719738,331036.63899357256,0.0,187959.2086468,518995.8476403726
674,9868.470992,0.0,100.0,0.0,9968.470992,276.0,330952.7618504953,0.0,187222.90086924264,518175.662719738,331036.63899357256,0.0,187959.2086468,518995.8476403726
675,9868.609125,0.0,100.0,0.0,9968.609125,364.0,330952.7618504953,0.0,187222.90086924264,518175.662719738,331036.63899357256,0.0,187959.2086468,518995.8476403726
676,9868.609125,0.0,100.0,0.0,9968.609125,452.0,330952.7618504953,0.0,187222.90086924264,518175.662719738,331036.63899357256,0.0,187959.2086468,518995.8476403726
677,9868.609125,0.0,100.0,0.0,9968.609125,540.0,330952.7618504953,0.0,187222.90086924264,518175.662719738,331036.63899357256,0.0,187959.2086468,518995.8476403726
678,9868.609125,0.0,0.0,100.0,9768.609125,440.0,330952.7618504953,0.0,187222.90086924264,518175.662719738,331036.63899357256,0.0,187959.2086468,518995.8476403726
679,9868.609125,0.005467,0.0,100.0,9768.603658,340.0,330952.7618504953,0.0,187222.90086924264,518175.662719738,331036.63899357256,0.0,187959.2086468,518995.8476403726
680,9868.609125,0.023465,0.0,100.0,9768.58566,240.0,330952.7618504953,0.0,187222.90086924264,518175.662719738,331036.63899357256,0.0,187959.2086468,518995.8476403726
681,9868.609125,0.028231000000000003,0.0,100.0,9768.580894,140.0,330952.7618504953,0.0,187222.90086924264,518175.662719738,331036.63899357256,0.0,187959.2086468,518995.8476403726
682,9868.609125,0.033682000000000004,0.0,80.0,9788.575443000002,60.0,330952.7618504953,0.0,187222.90086924264,518175.662719738,331036.63899357256,0.0,187959.2086468,518995.8476403726
683,9868.609125,0.02604,0.0,0.0,9868.583085,60.0,330952.7618504953,0.0,187222.90086924264,518175.662719738,331036.63899357256,0.0,187959.2086468,518995.8476403726
684,9868.609125,0.034641,54.5454545454545,0.0,9923.119938545455,108.0,330952.7618504953,0.0,187222.90086924264,518175.662719738,331036.63899357256,0.0,187959.2086468,518995.8476403726
685,9868.610184,0.030933000000000002,100.0,0.0,9968.579251,196.0,330952.7618504953,0.0,187222.90086924264,518175.662719738,331036.63899357256,0.0,187959.2086468,518995.8476403726
686,9868.810376,0.024692000000000002,100.0,0.0,9968.785683999999,284.0,330952.7618504953,0.0,187222.90086924264,518175.662719738,331036.63899357256,0.0,187959.2086468,518995.8476403726
687,9869.010568,0.018666000000000002,100.0,0.0,9968.991902,372.0,330952.7618504953,0.0,187222.90086924264,518175.662719738,331036.63899357256,0.0,187959.2086468,518995.8476403726
688,9869.210761,0.005484,100.0,0.0,9969.205277000001,460.0,330952.7618504953,0.0,187222.90086924264,518175.662719738,331036.63899357256,0.0,187959.2086468,518995.8476403726
689,9869.410953,0.0,0.0,100.0,9769.410953,360.0,330952.7618504953,0.0,187222.90086924264,518175.662719738,331036.63899357256,0.0,187959.2086468,518995.8476403726
690,9869.611145,0.0,0.0,100.0,9769.611145,260.0,330952.7618504953,0.0,187222.90086924264,518175.662719738,331036.63899357256,0.0,187959.2086468,518995.8476403726
691,9869.982089,0.0,0.0,100.0,9769.982089,160.0,330952.7618504953,0.0,187222.90086924264,518175.662719738,331036.63899357256,0.0,187959.2086468,518995.8476403726
692,9870.382473,0.0,0.0,100.0,9770.382473,60.0,330952.7618504953,0.0,187222.90086924264,518175.662719738,331036.63899357256,0.0,187959.2086468,518995.8476403726
693,9870.782857,0.0,0.0,0.0,9870.782857,60.0,330952.7618504953,0.0,187222.90086924264,518175.662719738,331036.63899357256,0.0,187959.2086468,518995.8476403726
694,9871.183241,0.0,0.0,0.0,9871.183241,60.0,330952.7618504953,0.0,187222.90086924264,518175.662719738,331036.63899357256,0.0,187959.2086468,518995.8476403726
695,9871.583625,0.0,0.0,0.0,9871.583625,60.0,330952.7618504953,0.0,187222.90086924264,518175.662719738,331036.63899357256,0.0,187959.2086468,518995.8476403726
696,9872.825522,0.0,0.0,0.0,9872.825522,60.0,330952.7618504953,0.0,187222.90086924264,518175.662719738,331036.63899357256,0.0,187959.2086468,518995.8476403726
697,9874.427059,0.0,0.0,0.0,9874.427059,60.0,330952.7618504953,0.0,187222.90086924264,518175.662719738,331036.63899357256,0.0,187959.2086468,518995.8476403726
698,9876.028595,0.0,0.0,0.0,9876.028595,60.0,330952.7618504953,0.0,187222.90086924264,518175.662719738,331036.63899357256,0.0,187959.2086468,518995.8476403726
699,9877.630131,0.0,0.0,0.0,9877.630131,60.0,330952.7618504953,0.0,187222.90086924264,518175.662719738,331036.63899357256,0.0,187959.2086468,518995.8476403726
700,9879.231668,0.0,0.0,0.0,9879.231668,60.0,330952.7618504953,0.0,187222.90086924264,518175.662719738,331036.63899357256,0.0,187959.2086468,518995.8476403726
701,9880.613699,0.0,0.0,0.0,9880.613699,60.0,330952.7618504953,0.0,187222.90086924264,518175.662719738,331036.63899357256,0.0,187959.2086468,518995.8476403726
702,9881.814852,0.0,0.0,0.0,9881.814852,60.0,330952.7618504953,0.0,187222.90086924264,518175.662719738,331036.63899357256,0.0,187959.2086468,518995.8476403726
703,9883.016004,0.0,0.0,0.0,9883.016004,60.0,330952.7618504953,0.0,187222.90086924264,518175.662719738,331036.63899357256,0.0,187959.2086468,518995.8476403726
704,9884.217156,0.009541000000000001,0.0,0.0,9884.207615000001,60.0,330952.7618504953,0.0,187222.90086924264,518175.662719738,331036.63899357256,0.0,187959.2086468,518995.8476403726
705,9885.418308,0.026185,0.0,0.0,9885.392123,60.0,330952.7618504953,0.0,187222.90086924264,518175.662719738,331036.63899357256,0.0,187959.2086468,518995.8476403726
706,9885.826936,0.025985,0.0,0.0,9885.800951,60.0,330952.7618504953,0.0,187222.90086924264,518175.662719738,331036.63899357256,0.0,187959.2086468,518995.8476403726
707,9885.026168,0.034758000000000004,0.0,0.0,9884.99141,60.0,330952.7618504953,0.0,187222.90086924264,518175.662719738,331036.63899357256,0.0,187959.2086468,518995.8476403726
708,9884.225399,0.028182,0.0,0.0,9884.197217,60.0,330952.7618504953,0.0,187222.90086924264,518175.662719738,331036.63899357256,0.0,187959.2086468,518995.8476403726
709,9883.424631,0.006332,0.0,0.0,9883.418298999999,60.0,330952.7618504953,0.0,187222.90086924264,518175.662719738,331036.63899357256,0.0,187959.2086468,518995.8476403726
710,9882.623863,0.009261,0.0,0.0,9882.614602000001,60.0,330952.7618504953,0.0,187222.90086924264,518175.662719738,331036.63899357256,0.0,187959.2086468,518995.8476403726
711,9881.871847,0.015009000000000002,0.0,0.0,9881.856838,60.0,330952.7618504953,0.0,187222.90086924264,518175.662719738,331036.63899357256,0.0,187959.2086468,518995.8476403726
712,9881.271271,0.006059,0.0,0.0,9881.265212,60.0,330952.7618504953,0.0,187222.90086924264,518175.662719738,331036.63899357256,0.0,187959.2086468,518995.8476403726
713,9880.670695,0.0,0.0,0.0,9880.670695,60.0,330952.7618504953,0.0,187222.90086924264,518175.662719738,331036.63899357256,0.0,187959.2086468,518995.8476403726
714,9880.070119,0.0,0.0,0.0,9880.070119,60.0,330952.7618504953,0.0,187222.90086924264,518175.662719738,331036.63899357256,0.0,187959.2086468,518995.8476403726
715,9879.469543,0.0,0.0,0.0,9879.469543,60.0,330952.7618504953,0.0,187222.90086924264,518175.662719738,331036.63899357256,0.0,187959.2086468,518995.8476403726
716,9878.868967,0.0,0.0,0.0,9878.868967,60.0,330952.7618504953,0.0,187222.90086924264,518175.662719738,331036.63899357256,0.0,187959.2086468,518995.8476403726
717,9878.268391,0.0,100.0,0.0,9978.268391,148.0,330952.7618504953,0.0,187222.90086924264,518175.662719738,331036.63899357256,0.0,187959.2086468,518995.8476403726
718,9877.667815,0.0,100.0,0.0,9977.667815,236.0,330952.7618504953,0.0,187222.90086924264,518175.662719738,331036.63899357256,0.0,187959.2086468,518995.8476403726
719,9877.067238,0.0,72.7272727272727,0.0,9949.794510727272,300.0,330952.7618504953,0.0,187222.90086924264,518175.662719738,331036.63899357256,0.0,187959.2086468,518995.8476403726
