time,Pload,Ppv,Pcharge,Pdischarge,Ptotal,state of charge,energy_charge_with_es,nem_charge_with_es,demand_charge_with_es,total_bill_with_es,energy_charge_without_es,nem_charge_without_es,demand_charge_without_es,total_bill_without_es
0,9876.466662,0.0,0.0,0.0,9876.466662,2000.0,348081.1520933281,0.0,186712.7665169127,534793.9186102408,348725.20538427273,0.0,190892.09454166002,539617.2999259328
1,9875.866086,0.0,0.0,0.0,9875.866086,2000.0,348081.1520933281,0.0,186712.7665169127,534793.9186102408,348725.20538427273,0.0,190892.09454166002,539617.2999259328
2,9874.51373,0.0,0.0,0.0,9874.51373,2000.0,348081.1520933281,0.0,186712.7665169127,534793.9186102408,348725.20538427273,0.0,190892.09454166002,539617.2999259328
3,9873.112386,0.0,0.0,0.0,9873.112386,2000.0,348081.1520933281,0.0,186712.7665169127,534793.9186102408,348725.20538427273,0.0,190892.09454166002,539617.2999259328
4,9871.711041,0.0,0.0,0.0,9871.711041,2000.0,348081.1520933281,0.0,186712.7665169127,534793.9186102408,348725.20538427273,0.0,190892.09454166002,539617.2999259328
5,9870.309697,0.0,0.0,0.0,9870.309697,2000.0,348081.1520933281,0.0,186712.7665169127,534793.9186102408,348725.20538427273,0.0,190892.09454166002,539617.2999259328
6,9868.908353,0.0,0.0,0.0,9868.908353,2000.0,348081.1520933281,0.0,186712.7665169127,534793.9186102408,348725.20538427273,0.0,190892.09454166002,539617.2999259328
7,9867.821899,0.0,0.0,0.0,9867.821899,2000.0,348081.1520933281,0.0,186712.7665169127,534793.9186102408,348725.20538427273,0.0,190892.09454166002,539617.2999259328
8,9866.820939,0.012304,0.0,0.0,9866.808635,2000.0,348081.1520933281,0.0,186712.7665169127,534793.9186102408,348725.20538427273,0.0,190892.09454166002,539617.2999259328
9,9865.819978,0.028413,0.0,0.0,9865.791565,2000.0,348081.1520933281,0.0,186712.7665169127,534793.9186102408,348725.20538427273,0.0,190892.09454166002,539617.2999259328
10,9864.819018,0.006582,0.0,0.0,9864.812436,2000.0,348081.1520933281,0.0,186712.7665169127,534793.9186102408,348725.20538427273,0.0,190892.09454166002,539617.2999259328
11,9863.818058,0.017794,0.0,0.0,9863.800264000001,2000.0,348081.1520933281,0.0,186712.7665169127,534793.9186102408,348725.20538427273,0.0,190892.09454166002,539617.2999259328
12,9862.817098,0.031283000000000005,0.0,0.0,9862.785815,2000.0,348081.1520933281,0.0,186712.7665169127,534793.9186102408,348725.20538427273,0.0,190892.09454166002,539617.2999259328
13,9861.816137,0.023627,0.0,0.0,9861.79251,2000.0,348081.1520933281,0.0,186712.7665169127,534793.9186102408,348725.20538427273,0.0,190892.09454166002,539617.2999259328
14,9860.815177,0.012162000000000001,0.0,0.0,9860.803015,2000.0,348081.1520933281,0.0,186712.7665169127,534793.9186102408,348725.20538427273,0.0,190892.09454166002,539617.2999259328
15,9859.814217,0.015036,0.0,0.0,9859.799180999998,2000.0,348081.1520933281,0.0,186712.7665169127,534793.9186102408,348725.20538427273,0.0,190892.09454166002,539617.2999259328
16,9858.813257,0.002523,0.0,0.0,9858.810734,2000.0,348081.1520933281,0.0,186712.7665169127,534793.9186102408,348725.20538427273,0.0,190892.09454166002,539617.2999259328
17,9857.812297,0.0,0.0,0.0,9857.812297,2000.0,348081.1520933281,0.0,186712.7665169127,534793.9186102408,348725.20538427273,0.0,190892.09454166002,539617.2999259328
18,9856.811336,0.0,0.0,0.0,9856.811336,2000.0,348081.1520933281,0.0,186712.7665169127,534793.9186102408,348725.20538427273,0.0,190892.09454166002,539617.2999259328
19,9855.810376,0.0,0.0,0.0,9855.810376,2000.0,348081.1520933281,0.0,186712.7665169127,534793.9186102408,348725.20538427273,0.0,190892.09454166002,539617.2999259328
20,9854.809416,0.0,0.0,0.0,9854.809416,2000.0,348081.1520933281,0.0,186712.7665169127,534793.9186102408,348725.20538427273,0.0,190892.09454166002,539617.2999259328
21,9853.808456,0.0,0.0,0.0,9853.808456,2000.0,348081.1520933281,0.0,186712.7665169127,534793.9186102408,348725.20538427273,0.0,190892.09454166002,539617.2999259328
22,9852.74155,0.0,0.0,0.0,9852.74155,2000.0,348081.1520933281,0.0,186712.7665169127,534793.9186102408,348725.20538427273,0.0,190892.09454166002,539617.2999259328
23,9851.540398,0.0,0.0,0.0,9851.540398,2000.0,348081.1520933281,0.0,186712.7665169127,534793.9186102408,348725.20538427273,0.0,190892.09454166002,539617.2999259328
24,9850.339245,0.0,0.0,0.0,9850.339245,2000.0,348081.1520933281,0.0,186712.7665169127,534793.9186102408,348725.20538427273,0.0,190892.09454166002,539617.2999259328
25,9849.138093,0.0,0.0,0.0,9849.138093,2000.0,348081.1520933281,0.0,186712.7665169127,534793.9186102408,348725.20538427273,0.0,190892.09454166002,539617.2999259328
26,9847.936941,0.0,0.0,0.0,9847.936941,2000.0,348081.1520933281,0.0,186712.7665169127,534793.9186102408,348725.20538427273,0.0,190892.09454166002,539617.2999259328
27,9846.80668,0.0,0.0,0.0,9846.80668,2000.0,348081.1520933281,0.0,186712.7665169127,534793.9186102408,348725.20538427273,0.0,190892.09454166002,539617.2999259328
28,9846.005912,0.0,1000.0,0.0,10846.005912,2880.0,348081.1520933281,0.0,186712.7665169127,534793.9186102408,348725.20538427273,0.0,190892.09454166002,539617.2999259328
29,9845.205144,0.0,818.181818181818,0.0,10663.386962181818,3600.0,348081.1520933281,0.0,186712.7665169127,534793.9186102408,348725.20538427273,0.0,190892.09454166002,539617.2999259328
30,9844.404376,0.0,0.0,1000.0,8844.404376,2600.0,348081.1520933281,0.0,186712.7665169127,534793.9186102408,348725.20538427273,0.0,190892.09454166002,539617.2999259328
31,9843.603607,0.0,0.0,1000.0,8843.603607,1600.0,348081.1520933281,0.0,186712.7665169127,534793.9186102408,348725.20538427273,0.0,190892.09454166002,539617.2999259328
32,9842.797893,0.003467,0.0,1000.0,8842.794426,600.0,348081.1520933281,0.0,186712.7665169127,534793.9186102408,348725.20538427273,0.0,190892.09454166002,539617.2999259328
33,9841.796933,0.030414000000000004,0.0,200.0,9641.766518999999,400.0,348081.1520933281,0.0,186712.7665169127,534793.9186102408,348725.20538427273,0.0,190892.09454166002,539617.2999259328
34,9840.795973,0.032741,0.0,0.0,9840.763232,400.0,348081.1520933281,0.0,186712.7665169127,534793.9186102408,348725.20538427273,0.0,190892.09454166002,539617.2999259328
35,9839.795013,0.032521,0.0,0.0,9839.762492000002,400.0,348081.1520933281,0.0,186712.7665169127,534793.9186102408,348725.20538427273,0.0,190892.09454166002,539617.2999259328
36,9838.794052,0.035648000000000006,636.363636363636,0.0,10475.122040363636,960.0,348081.1520933281,0.0,186712.7665169127,534793.9186102408,348725.20538427273,0.0,190892.09454166002,539617.2999259328
37,9837.793092,0.033394,0.0,0.0,9837.759698,960.0,348081.1520933281,0.0,186712.7665169127,534793.9186102408,348725.20538427273,0.0,190892.09454166002,539617.2999259328
38,9836.96677,0.028274999999999998,1000.0,0.0,10836.938495,1840.0,348081.1520933281,0.0,186712.7665169127,534793.9186102408,348725.20538427273,0.0,190892.09454166002,539617.2999259328
39,9836.166002,0.01787,1000.0,0.0,10836.148132,2720.0,348081.1520933281,0.0,186712.7665169127,534793.9186102408,348725.20538427273,0.0,190892.09454166002,539617.2999259328
40,9835.365234,0.0052569999999999995,1000.0,0.0,10835.359977,3600.0,348081.1520933281,0.0,186712.7665169127,534793.9186102408,348725.20538427273,0.0,190892.09454166002,539617.2999259328
41,9834.564465,0.0,0.0,1000.0,8834.564465,2600.0,348081.1520933281,0.0,186712.7665169127,534793.9186102408,348725.20538427273,0.0,190892.09454166002,539617.2999259328
42,9833.763697,0.0,0.0,1000.0,8833.763697,1600.0,348081.1520933281,0.0,186712.7665169127,534793.9186102408,348725.20538427273,0.0,190892.09454166002,539617.2999259328
43,9832.962929,0.0,0.0,1000.0,8832.962929,600.0,348081.1520933281,0.0,186712.7665169127,534793.9186102408,348725.20538427273,0.0,190892.09454166002,539617.2999259328
44,9832.162161,0.0,0.0,200.0,9632.162161,400.0,348081.1520933281,0.0,186712.7665169127,534793.9186102408,348725.20538427273,0.0,190892.09454166002,539617.2999259328
45,9831.361393,0.0,636.363636363636,0.0,10467.725029363635,960.0,348081.1520933281,0.0,186712.7665169127,534793.9186102408,348725.20538427273,0.0,190892.09454166002,539617.2999259328
46,9830.560625,0.0,0.0,0.0,9830.560625,960.0,348081.1520933281,0.0,186712.7665169127,534793.9186102408,348725.20538427273,0.0,190892.09454166002,539617.2999259328
47,9829.759856,0.0,0.0,0.0,9829.759856,960.0,348081.1520933281,0.0,186712.7665169127,534793.9186102408,348725.20538427273,0.0,190892.09454166002,539617.2999259328
48,9829.300004,0.0,0.0,0.0,9829.300004,960.0,348081.1520933281,0.0,186712.7665169127,534793.9186102408,348725.20538427273,0.0,190892.09454166002,539617.2999259328
49,9829.099811,0.0,0.0,0.0,9829.099811,960.0,348081.1520933281,0.0,186712.7665169127,534793.9186102408,348725.20538427273,0.0,190892.09454166002,539617.2999259328
50,9828.899619,0.0,0.0,0.0,9828.899619,960.0,348081.1520933281,0.0,186712.7665169127,534793.9186102408,348725.20538427273,0.0,190892.09454166002,539617.2999259328
51,9828.699427,0.0,1000.0,0.0,10828.699427,1840.0,348081.1520933281,0.0,186712.7665169127,534793.9186102408,348725.20538427273,0.0,190892.09454166002,539617.2999259328
52,9828.499235,0.0,1000.0,0.0,10828.499235,2720.0,348081.1520933281,0.0,186712.7665169127,534793.9186102408,348725.20538427273,0.0,190892.09454166002,539617.2999259328
53,9828.299043,0.0,1000.0,0.0,10828.299043,3600.0,348081.1520933281,0.0,186712.7665169127,534793.9186102408,348725.20538427273,0.0,190892.09454166002,539617.2999259328
54,9828.098851,0.0,0.0,1000.0,8828.098851,2600.0,348081.1520933281,0.0,186712.7665169127,534793.9186102408,348725.20538427273,0.0,190892.09454166002,539617.2999259328
55,9827.898659,0.0,0.0,1000.0,8827.898659,1600.0,348081.1520933281,0.0,186712.7665169127,534793.9186102408,348725.20538427273,0.0,190892.09454166002,539617.2999259328
56,9827.698467,0.012853999999999999,0.0,1000.0,8827.685613,600.0,348081.1520933281,0.0,186712.7665169127,534793.9186102408,348725.20538427273,0.0,190892.09454166002,539617.2999259328
57,9827.498275,0.002488,0.0,200.0,9627.495787,400.0,348081.1520933281,0.0,186712.7665169127,534793.9186102408,348725.20538427273,0.0,190892.09454166002,539617.2999259328
58,9827.350722,0.0030910000000000004,0.0,0.0,9827.347630999999,400.0,348081.1520933281,0.0,186712.7665169127,534793.9186102408,348725.20538427273,0.0,190892.09454166002,539617.2999259328
59,9827.350722,0.014156,0.0,0.0,9827.336566,400.0,348081.1520933281,0.0,186712.7665169127,534793.9186102408,348725.20538427273,0.0,190892.09454166002,539617.2999259328
60,9827.350722,0.007221,636.363636363636,0.0,10463.707137363635,960.0,348081.1520933281,0.0,186712.7665169127,534793.9186102408,348725.20538427273,0.0,190892.09454166002,539617.2999259328
61,9827.350722,0.005687,0.0,0.0,9827.345034999998,960.0,348081.1520933281,0.0,186712.7665169127,534793.9186102408,348725.20538427273,0.0,190892.09454166002,539617.2999259328
62,9827.350722,0.004176999999999999,1000.0,0.0,10827.346544999999,1840.0,348081.1520933281,0.0,186712.7665169127,534793.9186102408,348725.20538427273,0.0,190892.09454166002,539617.2999259328
63,9827.372861,0.004094,1000.0,0.0,10827.368767,2720.0,348081.1520933281,0.0,186712.7665169127,534793.9186102408,348725.20538427273,0.0,190892.09454166002,539617.2999259328
64,9827.573053,0.000365,1000.0,0.0,10827.572688,3600.0,348081.1520933281,0.0,186712.7665169127,534793.9186102408,348725.20538427273,0.0,190892.09454166002,539617.2999259328
65,9827.773245,0.0,0.0,1000.0,8827.773245,2600.0,348081.1520933281,0.0,186712.7665169127,534793.9186102408,348725.20538427273,0.0,190892.09454166002,539617.2999259328
66,9827.973437,0.0,0.0,1000.0,8827.973437,1600.0,348081.1520933281,0.0,186712.7665169127,534793.9186102408,348725.20538427273,0.0,190892.09454166002,539617.2999259328
67,9828.173629,0.0,0.0,1000.0,8828.173629,600.0,348081.1520933281,0.0,186712.7665169127,534793.9186102408,348725.20538427273,0.0,190892.09454166002,539617.2999259328
68,9828.373821,0.0,0.0,200.0,9628.373821,400.0,348081.1520933281,0.0,186712.7665169127,534793.9186102408,348725.20538427273,0.0,190892.09454166002,539617.2999259328
69,9828.574013,0.0,636.363636363636,0.0,10464.937649363636,960.0,348081.1520933281,0.0,186712.7665169127,534793.9186102408,348725.20538427273,0.0,190892.09454166002,539617.2999259328
70,9828.774205,0.0,0.0,0.0,9828.774205,960.0,348081.1520933281,0.0,186712.7665169127,534793.9186102408,348725.20538427273,0.0,190892.09454166002,539617.2999259328
71,9828.974397,0.0,0.0,0.0,9828.974397,960.0,348081.1520933281,0.0,186712.7665169127,534793.9186102408,348725.20538427273,0.0,190892.09454166002,539617.2999259328
72,9829.174589,0.0,0.0,0.0,9829.174589,960.0,348081.1520933281,0.0,186712.7665169127,534793.9186102408,348725.20538427273,0.0,190892.09454166002,539617.2999259328
73,9829.374781,0.0,0.0,0.0,9829.374781,960.0,348081.1520933281,0.0,186712.7665169127,534793.9186102408,348725.20538427273,0.0,190892.09454166002,539617.2999259328
74,9829.413642,0.0,0.0,0.0,9829.413642,960.0,348081.1520933281,0.0,186712.7665169127,534793.9186102408,348725.20538427273,0.0,190892.09454166002,539617.2999259328
75,9829.413642,0.0,1000.0,0.0,10829.413642,1840.0,348081.1520933281,0.0,186712.7665169127,534793.9186102408,348725.20538427273,0.0,190892.09454166002,539617.2999259328
76,9829.413642,0.0,1000.0,0.0,10829.413642,2720.0,348081.1520933281,0.0,186712.7665169127,534793.9186102408,348725.20538427273,0.0,190892.09454166002,539617.2999259328
77,9829.413642,0.0,1000.0,0.0,10829.413642,3600.0,348081.1520933281,0.0,186712.7665169127,534793.9186102408,348725.20538427273,0.0,190892.09454166002,539617.2999259328
78,9829.413642,0.0,0.0,1000.0,8829.413642,2600.0,348081.1520933281,0.0,186712.7665169127,534793.9186102408,348725.20538427273,0.0,190892.09454166002,539617.2999259328
79,9829.413642,0.0,0.0,1000.0,8829.413642,1600.0,348081.1520933281,0.0,186712.7665169127,534793.9186102408,348725.20538427273,0.0,190892.09454166002,539617.2999259328
80,9829.413642,0.014273,0.0,1000.0,8829.399368999999,600.0,348081.1520933281,0.0,186712.7665169127,534793.9186102408,348725.20538427273,0.0,190892.09454166002,539617.2999259328
81,9829.413642,0.022481,0.0,200.0,9629.391161,400.0,348081.1520933281,0.0,186712.7665169127,534793.9186102408,348725.20538427273,0.0,190892.09454166002,539617.2999259328
82,9829.413642,0.027472000000000003,0.0,0.0,9829.38617,400.0,348081.1520933281,0.0,186712.7665169127,534793.9186102408,348725.20538427273,0.0,190892.09454166002,539617.2999259328
83,9829.413642,0.0353,0.0,0.0,9829.378342,400.0,348081.1520933281,0.0,186712.7665169127,534793.9186102408,348725.20538427273,0.0,190892.09454166002,539617.2999259328
84,9829.212979,0.03687,636.363636363636,0.0,10465.539745363636,960.0,348081.1520933281,0.0,186712.7665169127,534793.9186102408,348725.20538427273,0.0,190892.09454166002,539617.2999259328
85,9828.812595,0.034761,0.0,0.0,9828.777833999999,960.0,348081.1520933281,0.0,186712.7665169127,534793.9186102408,348725.20538427273,0.0,190892.09454166002,539617.2999259328
86,9828.412211,0.027667999999999998,1000.0,0.0,10828.384543,1840.0,348081.1520933281,0.0,186712.7665169127,534793.9186102408,348725.20538427273,0.0,190892.09454166002,539617.2999259328
87,9828.011827,0.019189,1000.0,0.0,10827.992638,2720.0,348081.1520933281,0.0,186712.7665169127,534793.9186102408,348725.20538427273,0.0,190892.09454166002,539617.2999259328
88,9827.611442,0.006641,1000.0,0.0,10827.604801,3600.0,348081.1520933281,0.0,186712.7665169127,534793.9186102408,348725.20538427273,0.0,190892.09454166002,539617.2999259328
89,9827.28089,0.0,0.0,1000.0,8827.28089,2600.0,348081.1520933281,0.0,186712.7665169127,534793.9186102408,348725.20538427273,0.0,190892.09454166002,539617.2999259328
90,9827.080698,0.0,0.0,1000.0,8827.080698,1600.0,348081.1520933281,0.0,186712.7665169127,534793.9186102408,348725.20538427273,0.0,190892.09454166002,539617.2999259328
91,9826.880506,0.0,0.0,1000.0,8826.880506,600.0,348081.1520933281,0.0,186712.7665169127,534793.9186102408,348725.20538427273,0.0,190892.09454166002,539617.2999259328
92,9826.680314,0.0,0.0,200.0,9626.680314,400.0,348081.1520933281,0.0,186712.7665169127,534793.9186102408,348725.20538427273,0.0,190892.09454166002,539617.2999259328
93,9826.480122,0.0,636.363636363636,0.0,10462.843758363637,960.0,348081.1520933281,0.0,186712.7665169127,534793.9186102408,348725.20538427273,0.0,190892.09454166002,539617.2999259328
94,9826.27993,0.0,0.0,0.0,9826.27993,960.0,348081.1520933281,0.0,186712.7665169127,534793.9186102408,348725.20538427273,0.0,190892.09454166002,539617.2999259328
95,9826.079738,0.0,0.0,0.0,9826.079738,960.0,348081.1520933281,0.0,186712.7665169127,534793.9186102408,348725.20538427273,0.0,190892.09454166002,539617.2999259328
96,9825.879546,0.0,0.0,0.0,9825.879546,960.0,348081.1520933281,0.0,186712.7665169127,534793.9186102408,348725.20538427273,0.0,190892.09454166002,539617.2999259328
97,9825.679354,0.0,0.0,0.0,9825.679354,960.0,348081.1520933281,0.0,186712.7665169127,534793.9186102408,348725.20538427273,0.0,190892.09454166002,539617.2999259328
98,9825.479162,0.0,0.0,0.0,9825.479162,960.0,348081.1520933281,0.0,186712.7665169127,534793.9186102408,348725.20538427273,0.0,190892.09454166002,539617.2999259328
99,9825.287802,0.0,1000.0,0.0,10825.287802,1840.0,348081.1520933281,0.0,186712.7665169127,534793.9186102408,348725.20538427273,0.0,190892.09454166002,539617.2999259328
100,9825.287802,0.0,1000.0,0.0,10825.287802,2720.0,348081.1520933281,0.0,186712.7665169127,534793.9186102408,348725.20538427273,0.0,190892.09454166002,539617.2999259328
101,9825.287802,0.0,1000.0,0.0,10825.287802,3600.0,348081.1520933281,0.0,186712.7665169127,534793.9186102408,348725.20538427273,0.0,190892.09454166002,539617.2999259328
102,9825.287802,0.0,0.0,1000.0,8825.287802,2600.0,348081.1520933281,0.0,186712.7665169127,534793.9186102408,348725.20538427273,0.0,190892.09454166002,539617.2999259328
103,9825.287802,0.0,0.0,1000.0,8825.287802,1600.0,348081.1520933281,0.0,186712.7665169127,534793.9186102408,348725.20538427273,0.0,190892.09454166002,539617.2999259328
104,9825.287802,0.022033,0.0,1000.0,8825.265769000001,600.0,348081.1520933281,0.0,186712.7665169127,534793.9186102408,348725.20538427273,0.0,190892.09454166002,539617.2999259328
105,9825.287802,0.028869,0.0,200.0,9625.258933000001,400.0,348081.1520933281,0.0,186712.7665169127,534793.9186102408,348725.20538427273,0.0,190892.09454166002,539617.2999259328
106,9825.287802,0.031297,0.0,0.0,9825.256505000001,400.0,348081.1520933281,0.0,186712.7665169127,534793.9186102408,348725.20538427273,0.0,190892.09454166002,539617.2999259328
107,9825.287802,0.035122,0.0,0.0,9825.252680000001,400.0,348081.1520933281,0.0,186712.7665169127,534793.9186102408,348725.20538427273,0.0,190892.09454166002,539617.2999259328
108,9825.287802,0.035528,636.363636363636,0.0,10461.615910363636,960.0,348081.1520933281,0.0,186712.7665169127,534793.9186102408,348725.20538427273,0.0,190892.09454166002,539617.2999259328
109,9825.287802,0.030224,0.0,0.0,9825.257578,960.0,348081.1520933281,0.0,186712.7665169127,534793.9186102408,348725.20538427273,0.0,190892.09454166002,539617.2999259328
110,9825.139777,0.025391,1000.0,0.0,10825.114386000001,1840.0,348081.1520933281,0.0,186712.7665169127,534793.9186102408,348725.20538427273,0.0,190892.09454166002,539617.2999259328
111,9824.939585,0.019173,1000.0,0.0,10824.920412,2720.0,348081.1520933281,0.0,186712.7665169127,534793.9186102408,348725.20538427273,0.0,190892.09454166002,539617.2999259328
112,9824.739393,0.006704,1000.0,0.0,10824.732689,3600.0,348081.1520933281,0.0,186712.7665169127,534793.9186102408,348725.20538427273,0.0,190892.09454166002,539617.2999259328
113,9824.539201,0.0,0.0,1000.0,8824.539201,2600.0,348081.1520933281,0.0,186712.7665169127,534793.9186102408,348725.20538427273,0.0,190892.09454166002,539617.2999259328
114,9824.339009,0.0,0.0,1000.0,8824.339009,1600.0,348081.1520933281,0.0,186712.7665169127,534793.9186102408,348725.20538427273,0.0,190892.09454166002,539617.2999259328
115,9824.608915,0.0,0.0,1000.0,8824.608915,600.0,348081.1520933281,0.0,186712.7665169127,534793.9186102408,348725.20538427273,0.0,190892.09454166002,539617.2999259328
116,9825.209491,0.0,0.0,200.0,9625.209491,400.0,348081.1520933281,0.0,186712.7665169127,534793.9186102408,348725.20538427273,0.0,190892.09454166002,539617.2999259328
117,9825.810067,0.0,636.363636363636,0.0,10462.173703363636,960.0,348081.1520933281,0.0,186712.7665169127,534793.9186102408,348725.20538427273,0.0,190892.09454166002,539617.2999259328
118,9826.410644,0.0,0.0,0.0,9826.410644,960.0,348081.1520933281,0.0,186712.7665169127,534793.9186102408,348725.20538427273,0.0,190892.09454166002,539617.2999259328
119,9827.01122,0.0,0.0,0.0,9827.01122,960.0,348081.1520933281,0.0,186712.7665169127,534793.9186102408,348725.20538427273,0.0,190892.09454166002,539617.2999259328
120,9827.69882,0.0,0.0,0.0,9827.69882,960.0,348081.1520933281,0.0,186712.7665169127,534793.9186102408,348725.20538427273,0.0,190892.09454166002,539617.2999259328
121,9828.499589,0.0,0.0,0.0,9828.499589,960.0,348081.1520933281,0.0,186712.7665169127,534793.9186102408,348725.20538427273,0.0,190892.09454166002,539617.2999259328
122,9829.300357,0.0,0.0,0.0,9829.300357,960.0,348081.1520933281,0.0,186712.7665169127,534793.9186102408,348725.20538427273,0.0,190892.09454166002,539617.2999259328
123,9830.101125,0.0,1000.0,0.0,10830.101125,1840.0,348081.1520933281,0.0,186712.7665169127,534793.9186102408,348725.20538427273,0.0,190892.09454166002,539617.2999259328
124,9830.901893,0.0,1000.0,0.0,10830.901893,2720.0,348081.1520933281,0.0,186712.7665169127,534793.9186102408,348725.20538427273,0.0,190892.09454166002,539617.2999259328
125,9831.702661,0.0,1000.0,0.0,10831.702661,3600.0,348081.1520933281,0.0,186712.7665169127,534793.9186102408,348725.20538427273,0.0,190892.09454166002,539617.2999259328
126,9832.50343,0.0,0.0,1000.0,8832.50343,2600.0,348081.1520933281,0.0,186712.7665169127,534793.9186102408,348725.20538427273,0.0,190892.09454166002,539617.2999259328
127,9833.304198,0.0,0.0,1000.0,8833.304198,1600.0,348081.1520933281,0.0,186712.7665169127,534793.9186102408,348725.20538427273,0.0,190892.09454166002,539617.2999259328
128,9834.104966,0.015803,0.0,1000.0,8834.089163,600.0,348081.1520933281,0.0,186712.7665169127,534793.9186102408,348725.20538427273,0.0,190892.09454166002,539617.2999259328
129,9834.905734,0.029802,0.0,200.0,9634.875932,400.0,348081.1520933281,0.0,186712.7665169127,534793.9186102408,348725.20538427273,0.0,190892.09454166002,539617.2999259328
130,9835.680477,0.035129,0.0,0.0,9835.645348,400.0,348081.1520933281,0.0,186712.7665169127,534793.9186102408,348725.20538427273,0.0,190892.09454166002,539617.2999259328
131,9836.281053,0.032653,0.0,0.0,9836.2484,400.0,348081.1520933281,0.0,186712.7665169127,534793.9186102408,348725.20538427273,0.0,190892.09454166002,539617.2999259328
132,9836.88163,0.035983,636.363636363636,0.0,10473.209283363636,960.0,348081.1520933281,0.0,186712.7665169127,534793.9186102408,348725.20538427273,0.0,190892.09454166002,539617.2999259328
133,9837.482206,0.03155,0.0,0.0,9837.450656,960.0,348081.1520933281,0.0,186712.7665169127,534793.9186102408,348725.20538427273,0.0,190892.09454166002,539617.2999259328
134,9838.082782,0.02602,1000.0,0.0,10838.056762,1840.0,348081.1520933281,0.0,186712.7665169127,534793.9186102408,348725.20538427273,0.0,190892.09454166002,539617.2999259328
135,9838.683358,0.017355000000000002,1000.0,0.0,10838.666003,2720.0,348081.1520933281,0.0,186712.7665169127,534793.9186102408,348725.20538427273,0.0,190892.09454166002,539617.2999259328
136,9839.479651,0.0055119999999999995,1000.0,0.0,10839.474139,3600.0,348081.1520933281,0.0,186712.7665169127,534793.9186102408,348725.20538427273,0.0,190892.09454166002,539617.2999259328
137,9840.280419,0.0,0.0,1000.0,8840.280419,2600.0,348081.1520933281,0.0,186712.7665169127,534793.9186102408,348725.20538427273,0.0,190892.09454166002,539617.2999259328
138,9841.081188,0.0,0.0,1000.0,8841.081188,1600.0,348081.1520933281,0.0,186712.7665169127,534793.9186102408,348725.20538427273,0.0,190892.09454166002,539617.2999259328
139,9841.881956,0.0,0.0,1000.0,8841.881956,600.0,348081.1520933281,0.0,186712.7665169127,534793.9186102408,348725.20538427273,0.0,190892.09454166002,539617.2999259328
140,9842.682724,0.0,0.0,200.0,9642.682724,400.0,348081.1520933281,0.0,186712.7665169127,534793.9186102408,348725.20538427273,0.0,190892.09454166002,539617.2999259328
141,9843.813927,0.0,0.0,0.0,9843.813927,400.0,348081.1520933281,0.0,186712.7665169127,534793.9186102408,348725.20538427273,0.0,190892.09454166002,539617.2999259328
142,9845.015079,0.0,0.0,0.0,9845.015079,400.0,348081.1520933281,0.0,186712.7665169127,534793.9186102408,348725.20538427273,0.0,190892.09454166002,539617.2999259328
143,9846.216231,0.0,0.0,0.0,9846.216231,400.0,348081.1520933281,0.0,186712.7665169127,534793.9186102408,348725.20538427273,0.0,190892.09454166002,539617.2999259328
144,9847.417384,0.0,0.0,0.0,9847.417384,400.0,348081.1520933281,0.0,186712.7665169127,534793.9186102408,348725.20538427273,0.0,190892.09454166002,539617.2999259328
145,9848.618536,0.0,0.0,0.0,9848.618536,400.0,348081.1520933281,0.0,186712.7665169127,534793.9186102408,348725.20538427273,0.0,190892.09454166002,539617.2999259328
146,9849.819688,0.0,0.0,0.0,9849.819688,400.0,348081.1520933281,0.0,186712.7665169127,534793.9186102408,348725.20538427273,0.0,190892.09454166002,539617.2999259328
147,9851.02084,0.0,0.0,0.0,9851.02084,400.0,348081.1520933281,0.0,186712.7665169127,534793.9186102408,348725.20538427273,0.0,190892.09454166002,539617.2999259328
148,9852.221993,0.0,0.0,0.0,9852.221993,400.0,348081.1520933281,0.0,186712.7665169127,534793.9186102408,348725.20538427273,0.0,190892.09454166002,539617.2999259328
149,9853.423145,0.0,0.0,0.0,9853.423145,400.0,348081.1520933281,0.0,186712.7665169127,534793.9186102408,348725.20538427273,0.0,190892.09454166002,539617.2999259328
150,9854.624297,0.0,0.0,0.0,9854.624297,400.0,348081.1520933281,0.0,186712.7665169127,534793.9186102408,348725.20538427273,0.0,190892.09454166002,539617.2999259328
151,9855.721232,0.0,0.0,0.0,9855.721232,400.0,348081.1520933281,0.0,186712.7665169127,534793.9186102408,348725.20538427273,0.0,190892.09454166002,539617.2999259328
152,9856.722192,0.021303000000000002,0.0,0.0,9856.700889,400.0,348081.1520933281,0.0,186712.7665169127,534793.9186102408,348725.20538427273,0.0,190892.09454166002,539617.2999259328
153,9857.723152,0.025409,0.0,0.0,9857.697743,400.0,348081.1520933281,0.0,186712.7665169127,534793.9186102408,348725.20538427273,0.0,190892.09454166002,539617.2999259328
154,9858.724112,0.014267,0.0,0.0,9858.709845,400.0,348081.1520933281,0.0,186712.7665169127,534793.9186102408,348725.20538427273,0.0,190892.09454166002,539617.2999259328
155,9859.725073,0.024065000000000003,0.0,0.0,9859.701008,400.0,348081.1520933281,0.0,186712.7665169127,534793.9186102408,348725.20538427273,0.0,190892.09454166002,539617.2999259328
156,9861.020904,0.007652,0.0,0.0,9861.013252,400.0,348081.1520933281,0.0,186712.7665169127,534793.9186102408,348725.20538427273,0.0,190892.09454166002,539617.2999259328
157,9862.822632,0.0029590000000000003,0.0,0.0,9862.819673,400.0,348081.1520933281,0.0,186712.7665169127,534793.9186102408,348725.20538427273,0.0,190892.09454166002,539617.2999259328
158,9864.624361,0.009718000000000001,0.0,0.0,9864.614643,400.0,348081.1520933281,0.0,186712.7665169127,534793.9186102408,348725.20538427273,0.0,190892.09454166002,539617.2999259328
159,9866.426089,0.005338,0.0,0.0,9866.420751,400.0,348081.1520933281,0.0,186712.7665169127,534793.9186102408,348725.20538427273,0.0,190892.09454166002,539617.2999259328
160,9868.227818,0.00035299999999999996,0.0,0.0,9868.227465,400.0,348081.1520933281,0.0,186712.7665169127,534793.9186102408,348725.20538427273,0.0,190892.09454166002,539617.2999259328
161,9870.418507,0.0,0.0,0.0,9870.418507,400.0,348081.1520933281,0.0,186712.7665169127,534793.9186102408,348725.20538427273,0.0,190892.09454166002,539617.2999259328
162,9874.021964,0.0,0.0,0.0,9874.021964,400.0,348081.1520933281,0.0,186712.7665169127,534793.9186102408,348725.20538427273,0.0,190892.09454166002,539617.2999259328
163,9877.625421,0.0,0.0,0.0,9877.625421,400.0,348081.1520933281,0.0,186712.7665169127,534793.9186102408,348725.20538427273,0.0,190892.09454166002,539617.2999259328
164,9881.228878,0.0,0.0,0.0,9881.228878,400.0,348081.1520933281,0.0,186712.7665169127,534793.9186102408,348725.20538427273,0.0,190892.09454166002,539617.2999259328
165,9884.832335,0.0,0.0,0.0,9884.832335,400.0,348081.1520933281,0.0,186712.7665169127,534793.9186102408,348725.20538427273,0.0,190892.09454166002,539617.2999259328
166,9888.473946,0.0,0.0,0.0,9888.473946,400.0,348081.1520933281,0.0,186712.7665169127,534793.9186102408,348725.20538427273,0.0,190892.09454166002,539617.2999259328
167,9892.677979,0.0,0.0,0.0,9892.677979,400.0,348081.1520933281,0.0,186712.7665169127,534793.9186102408,348725.20538427273,0.0,190892.09454166002,539617.2999259328
168,9896.882011,0.0,0.0,0.0,9896.882011,400.0,348081.1520933281,0.0,186712.7665169127,534793.9186102408,348725.20538427273,0.0,190892.09454166002,539617.2999259328
169,9901.086044,0.0,0.0,0.0,9901.086044,400.0,348081.1520933281,0.0,186712.7665169127,534793.9186102408,348725.20538427273,0.0,190892.09454166002,539617.2999259328
170,9905.290077,0.0,0.0,0.0,9905.290077,400.0,348081.1520933281,0.0,186712.7665169127,534793.9186102408,348725.20538427273,0.0,190892.09454166002,539617.2999259328
171,9909.49411,0.0,0.0,0.0,9909.49411,400.0,348081.1520933281,0.0,186712.7665169127,534793.9186102408,348725.20538427273,0.0,190892.09454166002,539617.2999259328
172,9913.150912,0.0,0.0,0.0,9913.150912,400.0,348081.1520933281,0.0,186712.7665169127,534793.9186102408,348725.20538427273,0.0,190892.09454166002,539617.2999259328
173,9916.754369,0.0,0.0,0.0,9916.754369,400.0,348081.1520933281,0.0,186712.7665169127,534793.9186102408,348725.20538427273,0.0,190892.09454166002,539617.2999259328
174,9920.357826,0.0,944.477712763637,0.0,10864.835538763637,1231.140387232,348081.1520933281,0.0,186712.7665169127,534793.9186102408,348725.20538427273,0.0,190892.09454166002,539617.2999259328
175,9923.961283,0.0,100.426912309091,0.0,10024.388195309091,1319.516070064,348081.1520933281,0.0,186712.7665169127,534793.9186102408,348725.20538427273,0.0,190892.09454166002,539617.2999259328
176,9927.56474,0.0020710000000000004,0.0,0.0,9927.562668999999,1319.516070064,348081.1520933281,0.0,186712.7665169127,534793.9186102408,348725.20538427273,0.0,190892.09454166002,539617.2999259328
177,9930.712465,0.00254,0.0,0.0,9930.709925000001,1319.516070064,348081.1520933281,0.0,186712.7665169127,534793.9186102408,348725.20538427273,0.0,190892.09454166002,539617.2999259328
178,9933.715346,0.004908,0.0,0.0,9933.710438,1319.516070064,348081.1520933281,0.0,186712.7665169127,534793.9186102408,348725.20538427273,0.0,190892.09454166002,539617.2999259328
179,9936.718226,0.005466,0.0,0.0,9936.71276,1319.516070064,348081.1520933281,0.0,186712.7665169127,534793.9186102408,348725.20538427273,0.0,190892.09454166002,539617.2999259328
180,9939.721107,0.024267,0.0,0.0,9939.696839999999,1319.516070064,348081.1520933281,0.0,186712.7665169127,534793.9186102408,348725.20538427273,0.0,190892.09454166002,539617.2999259328
181,9942.723988,0.003691,0.0,0.0,9942.720297,1319.516070064,348081.1520933281,0.0,186712.7665169127,534793.9186102408,348725.20538427273,0.0,190892.09454166002,539617.2999259328
182,9946.576742,0.004894,0.0,0.0,9946.571848,1319.516070064,348081.1520933281,0.0,186712.7665169127,534793.9186102408,348725.20538427273,0.0,190892.09454166002,539617.2999259328
183,9950.980967,0.010228,0.0,0.0,9950.970739,1319.516070064,348081.1520933281,0.0,186712.7665169127,534793.9186102408,348725.20538427273,0.0,190892.09454166002,539617.2999259328
184,9955.385192,0.002084,0.0,0.0,9955.383108,1319.516070064,348081.1520933281,0.0,186712.7665169127,534793.9186102408,348725.20538427273,0.0,190892.09454166002,539617.2999259328
185,9959.789417,0.0,0.0,0.0,9959.789417,1319.516070064,348081.1520933281,0.0,186712.7665169127,534793.9186102408,348725.20538427273,0.0,190892.09454166002,539617.2999259328
186,9964.193642,0.0,0.0,0.0,9964.193642,1319.516070064,348081.1520933281,0.0,186712.7665169127,534793.9186102408,348725.20538427273,0.0,190892.09454166002,539617.2999259328
187,9968.416046,0.0,0.0,0.0,9968.416046,1319.516070064,348081.1520933281,0.0,186712.7665169127,534793.9186102408,348725.20538427273,0.0,190892.09454166002,539617.2999259328
188,9972.419887,0.0,0.0,0.0,9972.419887,1319.516070064,348081.1520933281,0.0,186712.7665169127,534793.9186102408,348725.20538427273,0.0,190892.09454166002,539617.2999259328
189,9976.423728,0.0,0.0,0.0,9976.423728,1319.516070064,348081.1520933281,0.0,186712.7665169127,534793.9186102408,348725.20538427273,0.0,190892.09454166002,539617.2999259328
190,9980.427569,0.0,0.0,0.0,9980.427569,1319.516070064,348081.1520933281,0.0,186712.7665169127,534793.9186102408,348725.20538427273,0.0,190892.09454166002,539617.2999259328
191,9984.431409,0.0,0.0,0.0,9984.431409,1319.516070064,348081.1520933281,0.0,186712.7665169127,534793.9186102408,348725.20538427273,0.0,190892.09454166002,539617.2999259328
192,9988.193607,0.0,0.0,0.0,9988.193607,1319.516070064,348081.1520933281,0.0,186712.7665169127,534793.9186102408,348725.20538427273,0.0,190892.09454166002,539617.2999259328
193,9991.396679,0.0,0.0,0.0,9991.396679,1319.516070064,348081.1520933281,0.0,186712.7665169127,534793.9186102408,348725.20538427273,0.0,190892.09454166002,539617.2999259328
194,9994.599752,0.0,0.0,0.0,9994.599752,1319.516070064,348081.1520933281,0.0,186712.7665169127,534793.9186102408,348725.20538427273,0.0,190892.09454166002,539617.2999259328
195,9997.802825,0.0,867.032713763636,0.0,10864.835538763637,2082.504858176,348081.1520933281,0.0,186712.7665169127,534793.9186102408,348725.20538427273,0.0,190892.09454166002,539617.2999259328
196,10001.0059,0.0,863.829638763636,0.0,10864.835538763637,2842.674940288,348081.1520933281,0.0,186712.7665169127,534793.9186102408,348725.20538427273,0.0,190892.09454166002,539617.2999259328
197,10004.23888,0.0,860.596658763636,0.0,10864.835538763637,3600.0,348081.1520933281,0.0,186712.7665169127,534793.9186102408,348725.20538427273,0.0,190892.09454166002,539617.2999259328
198,10007.64215,0.0,0.0,1000.0,9007.64215,2600.0,348081.1520933281,0.0,186712.7665169127,534793.9186102408,348725.20538427273,0.0,190892.09454166002,539617.2999259328
199,10011.04541,0.0,0.0,1000.0,9011.04541,1600.0,348081.1520933281,0.0,186712.7665169127,534793.9186102408,348725.20538427273,0.0,190892.09454166002,539617.2999259328
200,10014.44868,0.016385,0.0,167.602902499999,9846.8293925,1432.3970975,348081.1520933281,0.0,186712.7665169127,534793.9186102408,348725.20538427273,0.0,190892.09454166002,539617.2999259328
201,10017.85194,0.030711,0.0,170.991836500001,9846.8293925,1261.405261,348081.1520933281,0.0,186712.7665169127,534793.9186102408,348725.20538427273,0.0,190892.09454166002,539617.2999259328
202,10021.25521,0.037058,0.0,174.3887595,9846.8293925,1087.0165015,348081.1520933281,0.0,186712.7665169127,534793.9186102408,348725.20538427273,0.0,190892.09454166002,539617.2999259328
203,10024.45887,0.038273,0.0,687.0165015,9337.4040955,400.0,348081.1520933281,0.0,186712.7665169127,534793.9186102408,348725.20538427273,0.0,190892.09454166002,539617.2999259328
204,10027.66194,0.029894,837.203492763629,0.0,10864.83553876363,1136.73907363199,348081.1520933281,0.0,186712.7665169127,534793.9186102408,348725.20538427273,0.0,190892.09454166002,539617.2999259328
205,10030.86501,0.028805,316.272012309097,0.0,10347.108217309096,1415.058444464,348081.1520933281,0.0,186712.7665169127,534793.9186102408,348725.20538427273,0.0,190892.09454166002,539617.2999259328
206,10034.06808,0.013444000000000001,830.780902763638,0.0,10864.835538763637,2146.145638896,348081.1520933281,0.0,186712.7665169127,534793.9186102408,348725.20538427273,0.0,190892.09454166002,539617.2999259328
207,10037.27116,0.01209,827.576468763637,0.0,10864.835538763637,2874.412931408,348081.1520933281,0.0,186712.7665169127,534793.9186102408,348725.20538427273,0.0,190892.09454166002,539617.2999259328
208,10040.30513,0.00035099999999999997,824.530759763637,0.0,10864.835538763637,3600.0,348081.1520933281,0.0,186712.7665169127,534793.9186102408,348725.20538427273,0.0,190892.09454166002,539617.2999259328
209,10043.30801,0.0,0.0,1000.0,9043.30801,2600.0,348081.1520933281,0.0,186712.7665169127,534793.9186102408,348725.20538427273,0.0,190892.09454166002,539617.2999259328
210,10046.31089,0.0,0.0,1000.0,9046.31089,1600.0,348081.1520933281,0.0,186712.7665169127,534793.9186102408,348725.20538427273,0.0,190892.09454166002,539617.2999259328
211,10049.31377,0.0,0.0,202.484377500001,9846.8293925,1397.5156225,348081.1520933281,0.0,186712.7665169127,534793.9186102408,348725.20538427273,0.0,190892.09454166002,539617.2999259328
212,10052.31665,0.0,0.0,997.515622499999,9054.801027500002,400.0,348081.1520933281,0.0,186712.7665169127,534793.9186102408,348725.20538427273,0.0,190892.09454166002,539617.2999259328
213,10054.90372,0.0,473.798381309098,0.0,10528.702101309098,816.942575552006,348081.1520933281,0.0,186712.7665169127,534793.9186102408,348725.20538427273,0.0,190892.09454166002,539617.2999259328
214,10057.30602,0.0,0.0,0.0,10057.30602,816.942575552006,348081.1520933281,0.0,186712.7665169127,534793.9186102408,348725.20538427273,0.0,190892.09454166002,539617.2999259328
215,10059.70833,0.0,0.0,0.0,10059.70833,816.942575552006,348081.1520933281,0.0,186712.7665169127,534793.9186102408,348725.20538427273,0.0,190892.09454166002,539617.2999259328
216,10062.11063,0.0,0.0,0.0,10062.11063,816.942575552006,348081.1520933281,0.0,186712.7665169127,534793.9186102408,348725.20538427273,0.0,190892.09454166002,539617.2999259328
217,10064.51294,0.0,0.0,0.0,10064.51294,816.942575552006,348081.1520933281,0.0,186712.7665169127,534793.9186102408,348725.20538427273,0.0,190892.09454166002,539617.2999259328
218,10067.88818,0.0,796.947358763637,0.0,10864.835538763637,1518.25625126401,348081.1520933281,0.0,186712.7665169127,534793.9186102408,348725.20538427273,0.0,190892.09454166002,539617.2999259328
219,10072.09221,0.0,792.743328763636,0.0,10864.835538763637,2215.87038057601,348081.1520933281,0.0,186712.7665169127,534793.9186102408,348725.20538427273,0.0,190892.09454166002,539617.2999259328
220,10076.29624,0.0,788.539298763637,0.0,10864.835538763637,2909.78496348801,348081.1520933281,0.0,186712.7665169127,534793.9186102408,348725.20538427273,0.0,190892.09454166002,539617.2999259328
221,10080.50027,0.0,784.335268763636,0.0,10864.835538763637,3600.0,348081.1520933281,0.0,186712.7665169127,534793.9186102408,348725.20538427273,0.0,190892.09454166002,539617.2999259328
222,10084.70431,0.0,0.0,1000.0,9084.70431,2600.0,348081.1520933281,0.0,186712.7665169127,534793.9186102408,348725.20538427273,0.0,190892.09454166002,539617.2999259328
223,10089.37396,0.0,0.0,440.015185500008,9649.358774499993,2159.98481449999,348081.1520933281,0.0,186712.7665169127,534793.9186102408,348725.20538427273,0.0,190892.09454166002,539617.2999259328
224,10094.77915,0.022052,0.0,247.9277055,9846.8293925,1912.05710899999,348081.1520933281,0.0,186712.7665169127,534793.9186102408,348725.20538427273,0.0,190892.09454166002,539617.2999259328
225,10100.18433,0.030092,0.0,253.324845499999,9846.8293925,1658.73226349999,348081.1520933281,0.0,186712.7665169127,534793.9186102408,348725.20538427273,0.0,190892.09454166002,539617.2999259328
226,10105.58952,0.027864,0.0,258.7322635,9846.8293925,1399.99999999999,348081.1520933281,0.0,186712.7665169127,534793.9186102408,348725.20538427273,0.0,190892.09454166002,539617.2999259328
227,10110.9947,0.030944,0.0,1000.0,9110.963756,400.0,348081.1520933281,0.0,186712.7665169127,534793.9186102408,348725.20538427273,0.0,190892.09454166002,539617.2999259328
228,10116.25858,0.031996,748.608954763637,0.0,10864.835538763637,1058.775880192,348081.1520933281,0.0,186712.7665169127,534793.9186102408,348725.20538427273,0.0,190892.09454166002,539617.2999259328
229,10121.06319,0.032508,685.232798309089,0.0,10806.26348030909,1661.780742704,348081.1520933281,0.0,186712.7665169127,534793.9186102408,348725.20538427273,0.0,190892.09454166002,539617.2999259328
230,10125.8678,0.024446000000000002,738.992184763636,0.0,10864.835538763637,2312.093865296,348081.1520933281,0.0,186712.7665169127,534793.9186102408,348725.20538427273,0.0,190892.09454166002,539617.2999259328
231,10130.6724,0.005322,734.168460763638,0.0,10864.835538763637,2958.162110768,348081.1520933281,0.0,186712.7665169127,534793.9186102408,348725.20538427273,0.0,190892.09454166002,539617.2999259328
232,10135.47701,0.002709,729.361237763636,0.0,10864.835538763637,3600.0,348081.1520933281,0.0,186712.7665169127,534793.9186102408,348725.20538427273,0.0,190892.09454166002,539617.2999259328
233,10140.16539,0.0,0.0,1000.0,9140.16539,2600.0,348081.1520933281,0.0,186712.7665169127,534793.9186102408,348725.20538427273,0.0,190892.09454166002,539617.2999259328
234,10143.56866,0.0,0.0,1000.0,9143.56866,1600.0,348081.1520933281,0.0,186712.7665169127,534793.9186102408,348725.20538427273,0.0,190892.09454166002,539617.2999259328
235,10146.97192,0.0,0.0,300.1425275,9846.8293925,1299.8574725,348081.1520933281,0.0,186712.7665169127,534793.9186102408,348725.20538427273,0.0,190892.09454166002,539617.2999259328
236,10150.37519,0.0,0.0,899.857472499998,9250.517717500003,400.0,348081.1520933281,0.0,186712.7665169127,534793.9186102408,348725.20538427273,0.0,190892.09454166002,539617.2999259328
237,10153.77845,0.0,711.057088763637,0.0,10864.835538763637,1025.730238112,348081.1520933281,0.0,186712.7665169127,534793.9186102408,348725.20538427273,0.0,190892.09454166002,539617.2999259328
238,10157.18172,0.0,177.748582545455,0.0,10334.930302545456,1182.148990752,348081.1520933281,0.0,186712.7665169127,534793.9186102408,348725.20538427273,0.0,190892.09454166002,539617.2999259328
239,10160.95757,0.0,0.0,0.0,10160.95757,1182.148990752,348081.1520933281,0.0,186712.7665169127,534793.9186102408,348725.20538427273,0.0,190892.09454166002,539617.2999259328
240,10164.76122,0.0,0.0,0.0,10164.76122,1182.148990752,348081.1520933281,0.0,186712.7665169127,534793.9186102408,348725.20538427273,0.0,190892.09454166002,539617.2999259328
241,10168.56487,0.0,0.0,0.0,10168.56487,1182.148990752,348081.1520933281,0.0,186712.7665169127,534793.9186102408,348725.20538427273,0.0,190892.09454166002,539617.2999259328
242,10172.36852,0.0,692.467018763637,0.0,10864.835538763637,1791.519967264,348081.1520933281,0.0,186712.7665169127,534793.9186102408,348725.20538427273,0.0,190892.09454166002,539617.2999259328
243,10176.17217,0.0,688.663368763637,0.0,10864.835538763637,2397.543731776,348081.1520933281,0.0,186712.7665169127,534793.9186102408,348725.20538427273,0.0,190892.09454166002,539617.2999259328
244,10179.82002,0.0,685.015518763637,0.0,10864.835538763637,3000.357388288,348081.1520933281,0.0,186712.7665169127,534793.9186102408,348725.20538427273,0.0,190892.09454166002,539617.2999259328
245,10183.42348,0.0,681.412058763637,0.0,10864.835538763637,3600.0,348081.1520933281,0.0,186712.7665169127,534793.9186102408,348725.20538427273,0.0,190892.09454166002,539617.2999259328
246,10187.02694,0.0,0.0,1000.0,9187.02694,2600.0,348081.1520933281,0.0,186712.7665169127,534793.9186102408,348725.20538427273,0.0,190892.09454166002,539617.2999259328
247,10190.63039,0.0,0.0,788.867650999999,9401.762739000002,1811.132349,348081.1520933281,0.0,186712.7665169127,534793.9186102408,348725.20538427273,0.0,190892.09454166002,539617.2999259328
248,10194.23385,0.021329,0.0,347.383128500001,9846.8293925,1463.7492205,348081.1520933281,0.0,186712.7665169127,534793.9186102408,348725.20538427273,0.0,190892.09454166002,539617.2999259328
249,10197.83731,0.030031,0.0,350.977886500001,9846.8293925,1112.771334,348081.1520933281,0.0,186712.7665169127,534793.9186102408,348725.20538427273,0.0,190892.09454166002,539617.2999259328
250,10201.44076,0.016457,0.0,354.5949105,9846.8293925,758.176423499999,348081.1520933281,0.0,186712.7665169127,534793.9186102408,348725.20538427273,0.0,190892.09454166002,539617.2999259328
251,10205.04422,0.03840400000000001,0.0,358.176423499999,9846.8293925,400.0,348081.1520933281,0.0,186712.7665169127,534793.9186102408,348725.20538427273,0.0,190892.09454166002,539617.2999259328
252,10208.64768,0.038537999999999996,656.226396763628,0.0,10864.835538763627,977.479229151993,348081.1520933281,0.0,186712.7665169127,534793.9186102408,348725.20538427273,0.0,190892.09454166002,539617.2999259328
253,10212.25113,0.034265000000000004,652.618673763636,0.0,10864.835538763637,1551.78366206399,348081.1520933281,0.0,186712.7665169127,534793.9186102408,348725.20538427273,0.0,190892.09454166002,539617.2999259328
254,10215.5702,0.016286000000000002,649.281624763637,0.0,10864.835538763637,2123.15149185599,348081.1520933281,0.0,186712.7665169127,534793.9186102408,348725.20538427273,0.0,190892.09454166002,539617.2999259328
255,10218.57308,0.020324000000000002,646.282782763636,0.0,10864.835538763637,2691.88034068799,348081.1520933281,0.0,186712.7665169127,534793.9186102408,348725.20538427273,0.0,190892.09454166002,539617.2999259328
256,10221.57596,0.006958000000000001,643.266536763636,0.0,10864.835538763637,3257.95489303999,348081.1520933281,0.0,186712.7665169127,534793.9186102408,348725.20538427273,0.0,190892.09454166002,539617.2999259328
257,10224.57884,0.0,0.0,1000.0,9224.57884,2257.95489303999,348081.1520933281,0.0,186712.7665169127,534793.9186102408,348725.20538427273,0.0,190892.09454166002,539617.2999259328
258,10227.58172,0.0,0.0,470.667825539987,9756.913894460013,1787.28706750001,348081.1520933281,0.0,186712.7665169127,534793.9186102408,348725.20538427273,0.0,190892.09454166002,539617.2999259328
259,10230.7132,0.0,0.0,1000.0,9230.7132,787.287067499999,348081.1520933281,0.0,186712.7665169127,534793.9186102408,348725.20538427273,0.0,190892.09454166002,539617.2999259328
260,10234.11646,0.0,0.0,387.287067499999,9846.8293925,400.0,348081.1520933281,0.0,186712.7665169127,534793.9186102408,348725.20538427273,0.0,190892.09454166002,539617.2999259328
261,10237.51973,0.0,595.528902545455,0.0,10833.048632545455,924.065434240001,348081.1520933281,0.0,186712.7665169127,534793.9186102408,348725.20538427273,0.0,190892.09454166002,539617.2999259328
262,10240.92299,0.0,0.0,0.0,10240.92299,924.065434240001,348081.1520933281,0.0,186712.7665169127,534793.9186102408,348725.20538427273,0.0,190892.09454166002,539617.2999259328
263,10244.32626,0.0,0.0,0.0,10244.32626,924.065434240001,348081.1520933281,0.0,186712.7665169127,534793.9186102408,348725.20538427273,0.0,190892.09454166002,539617.2999259328
264,10247.66193,0.0,0.0,0.0,10247.66193,924.065434240001,348081.1520933281,0.0,186712.7665169127,534793.9186102408,348725.20538427273,0.0,190892.09454166002,539617.2999259328
265,10250.66481,0.0,614.170728763636,0.0,10864.835538763637,1464.535675552,348081.1520933281,0.0,186712.7665169127,534793.9186102408,348725.20538427273,0.0,190892.09454166002,539617.2999259328
266,10253.66769,0.0,611.167848763636,0.0,10864.835538763637,2002.363382464,348081.1520933281,0.0,186712.7665169127,534793.9186102408,348725.20538427273,0.0,190892.09454166002,539617.2999259328
267,10256.67057,0.0,608.164968763636,0.0,10864.835538763637,2537.548554976,348081.1520933281,0.0,186712.7665169127,534793.9186102408,348725.20538427273,0.0,190892.09454166002,539617.2999259328
268,10259.67345,0.0,605.162088763636,0.0,10864.835538763637,3070.091193088,348081.1520933281,0.0,186712.7665169127,534793.9186102408,348725.20538427273,0.0,190892.09454166002,539617.2999259328
269,10262.66644,0.0,602.169098763636,0.0,10864.835538763637,3600.0,348081.1520933281,0.0,186712.7665169127,534793.9186102408,348725.20538427273,0.0,190892.09454166002,539617.2999259328
270,10265.06874,0.0,0.0,1000.0,9265.06874,2600.0,348081.1520933281,0.0,186712.7665169127,534793.9186102408,348725.20538427273,0.0,190892.09454166002,539617.2999259328
271,10267.47105,0.0,0.0,493.542052000001,9773.928998,2106.457948,348081.1520933281,0.0,186712.7665169127,534793.9186102408,348725.20538427273,0.0,190892.09454166002,539617.2999259328
272,10269.87335,0.023018999999999998,0.0,423.0209385,9846.8293925,1683.4370095,348081.1520933281,0.0,186712.7665169127,534793.9186102408,348725.20538427273,0.0,190892.09454166002,539617.2999259328
273,10272.27566,0.03151,0.0,425.414757499999,9846.8293925,1258.022252,348081.1520933281,0.0,186712.7665169127,534793.9186102408,348725.20538427273,0.0,190892.09454166002,539617.2999259328
274,10274.67796,0.037206,0.0,427.8113615,9846.8293925,830.2108905,348081.1520933281,0.0,186712.7665169127,534793.9186102408,348725.20538427273,0.0,190892.09454166002,539617.2999259328
275,10277.08027,0.039987,0.0,430.2108905,9846.8293925,400.0,348081.1520933281,0.0,186712.7665169127,534793.9186102408,348725.20538427273,0.0,190892.09454166002,539617.2999259328
276,10279.48257,0.039346,585.392314763636,0.0,10864.835538763637,915.145236992,348081.1520933281,0.0,186712.7665169127,534793.9186102408,348725.20538427273,0.0,190892.09454166002,539617.2999259328
277,10281.88487,0.034091,582.984759763636,0.0,10864.835538763637,1428.171825584,348081.1520933281,0.0,186712.7665169127,534793.9186102408,348725.20538427273,0.0,190892.09454166002,539617.2999259328
278,10284.28718,0.027129,580.575487763637,0.0,10864.835538763637,1939.078254816,348081.1520933281,0.0,186712.7665169127,534793.9186102408,348725.20538427273,0.0,190892.09454166002,539617.2999259328
279,10286.68948,0.019111,578.165169763637,0.0,10864.835538763637,2447.863604208,348081.1520933281,0.0,186712.7665169127,534793.9186102408,348725.20538427273,0.0,190892.09454166002,539617.2999259328
280,10289.23428,0.006801000000000001,575.608059763636,0.0,10864.835538763637,2954.3986968,348081.1520933281,0.0,186712.7665169127,534793.9186102408,348725.20538427273,0.0,190892.09454166002,539617.2999259328
281,10291.83677,0.0,0.0,1000.0,9291.83677,1954.3986968,348081.1520933281,0.0,186712.7665169127,534793.9186102408,348725.20538427273,0.0,190892.09454166002,539617.2999259328
282,10294.43927,0.0,0.0,447.609877500001,9846.8293925,1506.7888193,348081.1520933281,0.0,186712.7665169127,534793.9186102408,348725.20538427273,0.0,190892.09454166002,539617.2999259328
283,10297.04177,0.0,0.0,450.2123775,9846.8293925,1056.5764418,348081.1520933281,0.0,186712.7665169127,534793.9186102408,348725.20538427273,0.0,190892.09454166002,539617.2999259328
284,10299.64426,0.0,0.0,656.576441799999,9643.067818200001,400.0,348081.1520933281,0.0,186712.7665169127,534793.9186102408,348725.20538427273,0.0,190892.09454166002,539617.2999259328
285,10302.13477,0.0,334.853733781816,0.0,10636.988503781817,694.671285727998,348081.1520933281,0.0,186712.7665169127,534793.9186102408,348725.20538427273,0.0,190892.09454166002,539617.2999259328
286,10304.53708,0.0,0.0,0.0,10304.53708,694.671285727998,348081.1520933281,0.0,186712.7665169127,534793.9186102408,348725.20538427273,0.0,190892.09454166002,539617.2999259328
287,10306.93938,0.0,0.0,0.0,10306.93938,694.671285727998,348081.1520933281,0.0,186712.7665169127,534793.9186102408,348725.20538427273,0.0,190892.09454166002,539617.2999259328
288,10309.34168,0.0,555.493858763637,0.0,10864.835538763637,1183.50588144,348081.1520933281,0.0,186712.7665169127,534793.9186102408,348725.20538427273,0.0,190892.09454166002,539617.2999259328
289,10311.74399,0.0,553.091548763636,0.0,10864.835538763637,1670.226444352,348081.1520933281,0.0,186712.7665169127,534793.9186102408,348725.20538427273,0.0,190892.09454166002,539617.2999259328
290,10313.90182,0.0,550.933718763637,0.0,10864.835538763637,2155.048116864,348081.1520933281,0.0,186712.7665169127,534793.9186102408,348725.20538427273,0.0,190892.09454166002,539617.2999259328
291,10315.70355,0.0,549.131988763636,0.0,10864.835538763637,2638.284266976,348081.1520933281,0.0,186712.7665169127,534793.9186102408,348725.20538427273,0.0,190892.09454166002,539617.2999259328
292,10317.50528,0.0,547.330258763637,0.0,10864.835538763637,3119.934894688,348081.1520933281,0.0,186712.7665169127,534793.9186102408,348725.20538427273,0.0,190892.09454166002,539617.2999259328
293,10319.30701,0.0,545.528528763636,0.0,10864.835538763637,3600.0,348081.1520933281,0.0,186712.7665169127,534793.9186102408,348725.20538427273,0.0,190892.09454166002,539617.2999259328
294,10321.10874,0.0,0.0,806.219020499999,9514.8897195,2793.7809795,348081.1520933281,0.0,186712.7665169127,534793.9186102408,348725.20538427273,0.0,190892.09454166002,539617.2999259328
295,10322.80849,0.0,0.0,475.9790975,9846.8293925,2317.801882,348081.1520933281,0.0,186712.7665169127,534793.9186102408,348725.20538427273,0.0,190892.09454166002,539617.2999259328
296,10324.20983,0.023261,0.0,477.3571765,9846.8293925,1840.4447055,348081.1520933281,0.0,186712.7665169127,534793.9186102408,348725.20538427273,0.0,190892.09454166002,539617.2999259328
297,10325.61117,0.029433,0.0,478.752344500001,9846.8293925,1361.692361,348081.1520933281,0.0,186712.7665169127,534793.9186102408,348725.20538427273,0.0,190892.09454166002,539617.2999259328
298,10327.01252,0.035531,0.0,480.147596500001,9846.8293925,881.5447645,348081.1520933281,0.0,186712.7665169127,534793.9186102408,348725.20538427273,0.0,190892.09454166002,539617.2999259328
299,10328.41386,0.039703,0.0,481.5447645,9846.8293925,400.0,348081.1520933281,0.0,186712.7665169127,534793.9186102408,348725.20538427273,0.0,190892.09454166002,539617.2999259328
300,10329.79472,0.039954,535.080772763637,0.0,10864.835538763637,870.871080032,348081.1520933281,0.0,186712.7665169127,534793.9186102408,348725.20538427273,0.0,190892.09454166002,539617.2999259328
301,10330.99587,0.036384,533.876052763637,0.0,10864.835538763637,1340.682006464,348081.1520933281,0.0,186712.7665169127,534793.9186102408,348725.20538427273,0.0,190892.09454166002,539617.2999259328
302,10332.19702,0.029699000000000003,532.668217763638,0.0,10864.835538763637,1809.430038096,348081.1520933281,0.0,186712.7665169127,534793.9186102408,348725.20538427273,0.0,190892.09454166002,539617.2999259328
303,10333.39817,0.020704,531.458072763637,0.0,10864.835538763637,2277.113142128,348081.1520933281,0.0,186712.7665169127,534793.9186102408,348725.20538427273,0.0,190892.09454166002,539617.2999259328
304,10334.59933,0.006901,530.243109763638,0.0,10864.835538763637,2743.72707872,348081.1520933281,0.0,186712.7665169127,534793.9186102408,348725.20538427273,0.0,190892.09454166002,539617.2999259328
305,10335.80048,0.0,0.0,870.778026220004,9465.022453779995,1872.9490525,348081.1520933281,0.0,186712.7665169127,534793.9186102408,348725.20538427273,0.0,190892.09454166002,539617.2999259328
306,10336.81145,0.0,0.0,489.982057499999,9846.8293925,1382.966995,348081.1520933281,0.0,186712.7665169127,534793.9186102408,348725.20538427273,0.0,190892.09454166002,539617.2999259328
307,10337.81241,0.0,0.0,490.983017500001,9846.8293925,891.9839775,348081.1520933281,0.0,186712.7665169127,534793.9186102408,348725.20538427273,0.0,190892.09454166002,539617.2999259328
308,10338.81337,0.0,0.0,491.9839775,9846.8293925,400.0,348081.1520933281,0.0,186712.7665169127,534793.9186102408,348725.20538427273,0.0,190892.09454166002,539617.2999259328
309,10339.81433,0.0,0.0,0.0,10339.81433,400.0,348081.1520933281,0.0,186712.7665169127,534793.9186102408,348725.20538427273,0.0,190892.09454166002,539617.2999259328
310,10340.81529,0.0,0.0,0.0,10340.81529,400.0,348081.1520933281,0.0,186712.7665169127,534793.9186102408,348725.20538427273,0.0,190892.09454166002,539617.2999259328
311,10341.65657,0.0,0.0,0.0,10341.65657,400.0,348081.1520933281,0.0,186712.7665169127,534793.9186102408,348725.20538427273,0.0,190892.09454166002,539617.2999259328
312,10342.45733,0.0,0.0,0.0,10342.45733,400.0,348081.1520933281,0.0,186712.7665169127,534793.9186102408,348725.20538427273,0.0,190892.09454166002,539617.2999259328
313,10343.2581,0.0,0.0,0.0,10343.2581,400.0,348081.1520933281,0.0,186712.7665169127,534793.9186102408,348725.20538427273,0.0,190892.09454166002,539617.2999259328
314,10344.05887,0.0,0.0,0.0,10344.05887,400.0,348081.1520933281,0.0,186712.7665169127,534793.9186102408,348725.20538427273,0.0,190892.09454166002,539617.2999259328
315,10344.85964,0.0,0.0,0.0,10344.85964,400.0,348081.1520933281,0.0,186712.7665169127,534793.9186102408,348725.20538427273,0.0,190892.09454166002,539617.2999259328
316,10345.53122,0.0,0.0,0.0,10345.53122,400.0,348081.1520933281,0.0,186712.7665169127,534793.9186102408,348725.20538427273,0.0,190892.09454166002,539617.2999259328
317,10346.1318,0.0,0.0,0.0,10346.1318,400.0,348081.1520933281,0.0,186712.7665169127,534793.9186102408,348725.20538427273,0.0,190892.09454166002,539617.2999259328
318,10346.73238,0.0,0.0,0.0,10346.73238,400.0,348081.1520933281,0.0,186712.7665169127,534793.9186102408,348725.20538427273,0.0,190892.09454166002,539617.2999259328
319,10347.33295,0.0,0.0,0.0,10347.33295,400.0,348081.1520933281,0.0,186712.7665169127,534793.9186102408,348725.20538427273,0.0,190892.09454166002,539617.2999259328
320,10347.93353,0.023462,0.0,0.0,10347.910068000001,400.0,348081.1520933281,0.0,186712.7665169127,534793.9186102408,348725.20538427273,0.0,190892.09454166002,539617.2999259328
321,10348.53411,0.033472,0.0,0.0,10348.500638000001,400.0,348081.1520933281,0.0,186712.7665169127,534793.9186102408,348725.20538427273,0.0,190892.09454166002,539617.2999259328
322,10349.13468,0.039427000000000004,0.0,0.0,10349.095253,400.0,348081.1520933281,0.0,186712.7665169127,534793.9186102408,348725.20538427273,0.0,190892.09454166002,539617.2999259328
323,10349.73526,0.041667,0.0,0.0,10349.693593,400.0,348081.1520933281,0.0,186712.7665169127,534793.9186102408,348725.20538427273,0.0,190892.09454166002,539617.2999259328
324,10350.33583,0.041667,0.0,0.0,10350.294163,400.0,348081.1520933281,0.0,186712.7665169127,534793.9186102408,348725.20538427273,0.0,190892.09454166002,539617.2999259328
325,10350.93641,0.039209,0.0,0.0,10350.897201,400.0,348081.1520933281,0.0,186712.7665169127,534793.9186102408,348725.20538427273,0.0,190892.09454166002,539617.2999259328
326,10351.53699,0.031651,0.0,0.0,10351.505339000001,400.0,348081.1520933281,0.0,186712.7665169127,534793.9186102408,348725.20538427273,0.0,190892.09454166002,539617.2999259328
327,10352.13756,0.020273,0.0,0.0,10352.117287,400.0,348081.1520933281,0.0,186712.7665169127,534793.9186102408,348725.20538427273,0.0,190892.09454166002,539617.2999259328
328,10352.73814,0.007034,0.0,0.0,10352.731106,400.0,348081.1520933281,0.0,186712.7665169127,534793.9186102408,348725.20538427273,0.0,190892.09454166002,539617.2999259328
329,10353.33871,0.0,0.0,0.0,10353.33871,400.0,348081.1520933281,0.0,186712.7665169127,534793.9186102408,348725.20538427273,0.0,190892.09454166002,539617.2999259328
330,10353.93929,0.0,0.0,0.0,10353.93929,400.0,348081.1520933281,0.0,186712.7665169127,534793.9186102408,348725.20538427273,0.0,190892.09454166002,539617.2999259328
331,10354.53987,0.0,0.0,0.0,10354.53987,400.0,348081.1520933281,0.0,186712.7665169127,534793.9186102408,348725.20538427273,0.0,190892.09454166002,539617.2999259328
332,10355.14044,0.0,0.0,0.0,10355.14044,400.0,348081.1520933281,0.0,186712.7665169127,534793.9186102408,348725.20538427273,0.0,190892.09454166002,539617.2999259328
333,10355.74102,0.0,0.0,0.0,10355.74102,400.0,348081.1520933281,0.0,186712.7665169127,534793.9186102408,348725.20538427273,0.0,190892.09454166002,539617.2999259328
334,10356.3416,0.0,0.0,0.0,10356.3416,400.0,348081.1520933281,0.0,186712.7665169127,534793.9186102408,348725.20538427273,0.0,190892.09454166002,539617.2999259328
335,10356.94217,0.0,0.0,0.0,10356.94217,400.0,348081.1520933281,0.0,186712.7665169127,534793.9186102408,348725.20538427273,0.0,190892.09454166002,539617.2999259328
336,10357.55711,0.0,0.0,0.0,10357.55711,400.0,348081.1520933281,0.0,186712.7665169127,534793.9186102408,348725.20538427273,0.0,190892.09454166002,539617.2999259328
337,10358.55807,0.0,0.0,0.0,10358.55807,400.0,348081.1520933281,0.0,186712.7665169127,534793.9186102408,348725.20538427273,0.0,190892.09454166002,539617.2999259328
338,10359.55903,0.0,0.0,0.0,10359.55903,400.0,348081.1520933281,0.0,186712.7665169127,534793.9186102408,348725.20538427273,0.0,190892.09454166002,539617.2999259328
339,10360.55999,0.0,0.0,0.0,10360.55999,400.0,348081.1520933281,0.0,186712.7665169127,534793.9186102408,348725.20538427273,0.0,190892.09454166002,539617.2999259328
340,10361.56095,0.0,0.0,0.0,10361.56095,400.0,348081.1520933281,0.0,186712.7665169127,534793.9186102408,348725.20538427273,0.0,190892.09454166002,539617.2999259328
341,10362.56192,0.0,0.0,0.0,10362.56192,400.0,348081.1520933281,0.0,186712.7665169127,534793.9186102408,348725.20538427273,0.0,190892.09454166002,539617.2999259328
342,10363.386,0.0,0.0,0.0,10363.386,400.0,348081.1520933281,0.0,186712.7665169127,534793.9186102408,348725.20538427273,0.0,190892.09454166002,539617.2999259328
343,10364.18677,0.0,0.0,0.0,10364.18677,400.0,348081.1520933281,0.0,186712.7665169127,534793.9186102408,348725.20538427273,0.0,190892.09454166002,539617.2999259328
344,10364.98754,0.023011,0.0,0.0,10364.964529,400.0,348081.1520933281,0.0,186712.7665169127,534793.9186102408,348725.20538427273,0.0,190892.09454166002,539617.2999259328
345,10365.7883,0.031959,0.0,0.0,10365.756341,400.0,348081.1520933281,0.0,186712.7665169127,534793.9186102408,348725.20538427273,0.0,190892.09454166002,539617.2999259328
346,10366.58907,0.032654,0.0,0.0,10366.556416,400.0,348081.1520933281,0.0,186712.7665169127,534793.9186102408,348725.20538427273,0.0,190892.09454166002,539617.2999259328
347,10367.53622,0.038624000000000006,0.0,0.0,10367.497596,400.0,348081.1520933281,0.0,186712.7665169127,534793.9186102408,348725.20538427273,0.0,190892.09454166002,539617.2999259328
348,10368.53718,0.038836,0.0,0.0,10368.498344,400.0,348081.1520933281,0.0,186712.7665169127,534793.9186102408,348725.20538427273,0.0,190892.09454166002,539617.2999259328
349,10369.53814,0.035859,0.0,0.0,10369.502281000001,400.0,348081.1520933281,0.0,186712.7665169127,534793.9186102408,348725.20538427273,0.0,190892.09454166002,539617.2999259328
350,10370.5391,0.02836,0.0,0.0,10370.51074,400.0,348081.1520933281,0.0,186712.7665169127,534793.9186102408,348725.20538427273,0.0,190892.09454166002,539617.2999259328
351,10371.54006,0.019797000000000002,0.0,0.0,10371.520262999999,400.0,348081.1520933281,0.0,186712.7665169127,534793.9186102408,348725.20538427273,0.0,190892.09454166002,539617.2999259328
352,10372.54102,0.0069900000000000006,0.0,0.0,10372.53403,400.0,348081.1520933281,0.0,186712.7665169127,534793.9186102408,348725.20538427273,0.0,190892.09454166002,539617.2999259328
353,10373.54198,0.0,0.0,0.0,10373.54198,400.0,348081.1520933281,0.0,186712.7665169127,534793.9186102408,348725.20538427273,0.0,190892.09454166002,539617.2999259328
354,10374.54294,0.0,0.0,0.0,10374.54294,400.0,348081.1520933281,0.0,186712.7665169127,534793.9186102408,348725.20538427273,0.0,190892.09454166002,539617.2999259328
355,10375.5439,0.0,0.0,0.0,10375.5439,400.0,348081.1520933281,0.0,186712.7665169127,534793.9186102408,348725.20538427273,0.0,190892.09454166002,539617.2999259328
356,10376.54486,0.0,0.0,0.0,10376.54486,400.0,348081.1520933281,0.0,186712.7665169127,534793.9186102408,348725.20538427273,0.0,190892.09454166002,539617.2999259328
357,10377.28969,0.0,487.545848763637,0.0,10864.835538763637,829.040346912001,348081.1520933281,0.0,186712.7665169127,534793.9186102408,348725.20538427273,0.0,190892.09454166002,539617.2999259328
358,10377.69007,0.0,487.145468763636,0.0,10864.835538763637,1257.728359424,348081.1520933281,0.0,186712.7665169127,534793.9186102408,348725.20538427273,0.0,190892.09454166002,539617.2999259328
359,10378.09046,0.0,486.745078763637,0.0,10864.835538763637,1686.064028736,348081.1520933281,0.0,186712.7665169127,534793.9186102408,348725.20538427273,0.0,190892.09454166002,539617.2999259328
360,10378.49084,0.0,486.344698763636,0.0,10864.835538763637,2114.047363648,348081.1520933281,0.0,186712.7665169127,534793.9186102408,348725.20538427273,0.0,190892.09454166002,539617.2999259328
361,10378.89123,0.0,0.0,0.0,10378.89123,2114.047363648,348081.1520933281,0.0,186712.7665169127,534793.9186102408,348725.20538427273,0.0,190892.09454166002,539617.2999259328
362,10379.23673,0.0,232.987285018181,0.0,10612.224015018182,2319.076174464,348081.1520933281,0.0,186712.7665169127,534793.9186102408,348725.20538427273,0.0,190892.09454166002,539617.2999259328
363,10379.43693,0.0,485.398608763637,0.0,10864.835538763637,2746.226950176,348081.1520933281,0.0,186712.7665169127,534793.9186102408,348725.20538427273,0.0,190892.09454166002,539617.2999259328
364,10379.63712,0.0,485.198418763637,0.0,10864.835538763637,3173.201558688,348081.1520933281,0.0,186712.7665169127,534793.9186102408,348725.20538427273,0.0,190892.09454166002,539617.2999259328
365,10379.83731,0.0,484.998228763636,0.0,10864.835538763637,3600.0,348081.1520933281,0.0,186712.7665169127,534793.9186102408,348725.20538427273,0.0,190892.09454166002,539617.2999259328
366,10380.0375,0.0,0.0,533.208107500001,9846.8293925,3066.7918925,348081.1520933281,0.0,186712.7665169127,534793.9186102408,348725.20538427273,0.0,190892.09454166002,539617.2999259328
367,10380.21332,0.0,0.0,533.383927500001,9846.8293925,2533.407965,348081.1520933281,0.0,186712.7665169127,534793.9186102408,348725.20538427273,0.0,190892.09454166002,539617.2999259328
368,10380.21332,0.020661000000000002,0.0,533.3632665,9846.8293925,2000.0446985,348081.1520933281,0.0,186712.7665169127,534793.9186102408,348725.20538427273,0.0,190892.09454166002,539617.2999259328
369,10380.21332,0.03004,0.0,533.353887500001,9846.8293925,1466.690811,348081.1520933281,0.0,186712.7665169127,534793.9186102408,348725.20538427273,0.0,190892.09454166002,539617.2999259328
370,10380.21332,0.036379,0.0,533.347548500002,9846.8293925,933.3432625,348081.1520933281,0.0,186712.7665169127,534793.9186102408,348725.20538427273,0.0,190892.09454166002,539617.2999259328
371,10380.21332,0.040665,0.0,533.3432625,9846.8293925,400.0,348081.1520933281,0.0,186712.7665169127,534793.9186102408,348725.20538427273,0.0,190892.09454166002,539617.2999259328
372,10380.21332,0.039617,484.661835763636,0.0,10864.835538763637,826.502415472,348081.1520933281,0.0,186712.7665169127,534793.9186102408,348725.20538427273,0.0,190892.09454166002,539617.2999259328
373,10380.21332,0.035936,484.658154763636,0.0,10864.835538763637,1253.001591664,348081.1520933281,0.0,186712.7665169127,534793.9186102408,348725.20538427273,0.0,190892.09454166002,539617.2999259328
374,10380.21332,0.027031,484.649249763635,0.0,10864.835538763637,1679.492931456,348081.1520933281,0.0,186712.7665169127,534793.9186102408,348725.20538427273,0.0,190892.09454166002,539617.2999259328
375,10380.21332,0.013491,484.635709763636,0.0,10864.835538763637,2105.972356048,348081.1520933281,0.0,186712.7665169127,534793.9186102408,348725.20538427273,0.0,190892.09454166002,539617.2999259328
376,10380.21332,0.005138,484.627356763636,0.0,10864.835538763637,2532.44443,348081.1520933281,0.0,186712.7665169127,534793.9186102408,348725.20538427273,0.0,190892.09454166002,539617.2999259328
377,10380.21332,0.0,0.0,533.383927500001,9846.8293925,1999.0605025,348081.1520933281,0.0,186712.7665169127,534793.9186102408,348725.20538427273,0.0,190892.09454166002,539617.2999259328
378,10380.04975,0.0,0.0,533.2203575,9846.8293925,1465.840145,348081.1520933281,0.0,186712.7665169127,534793.9186102408,348725.20538427273,0.0,190892.09454166002,539617.2999259328
379,10379.84956,0.0,0.0,533.020167500001,9846.8293925,932.819977499999,348081.1520933281,0.0,186712.7665169127,534793.9186102408,348725.20538427273,0.0,190892.09454166002,539617.2999259328
380,10379.64937,0.0,0.0,532.819977499999,9846.8293925,400.0,348081.1520933281,0.0,186712.7665169127,534793.9186102408,348725.20538427273,0.0,190892.09454166002,539617.2999259328
381,10379.44917,0.0,485.386368763637,0.0,10864.835538763637,827.140004512,348081.1520933281,0.0,186712.7665169127,534793.9186102408,348725.20538427273,0.0,190892.09454166002,539617.2999259328
382,10379.24898,0.0,485.586558763636,0.0,10864.835538763637,1254.456176224,348081.1520933281,0.0,186712.7665169127,534793.9186102408,348725.20538427273,0.0,190892.09454166002,539617.2999259328
383,10378.91572,0.0,485.919818763636,0.0,10864.835538763637,1682.065616736,348081.1520933281,0.0,186712.7665169127,534793.9186102408,348725.20538427273,0.0,190892.09454166002,539617.2999259328
384,10378.51534,0.0,228.99003501818,0.0,10607.50537501818,1883.576847552,348081.1520933281,0.0,186712.7665169127,534793.9186102408,348725.20538427273,0.0,190892.09454166002,539617.2999259328
385,10378.11495,0.0,0.0,0.0,10378.11495,1883.576847552,348081.1520933281,0.0,186712.7665169127,534793.9186102408,348725.20538427273,0.0,190892.09454166002,539617.2999259328
386,10377.71457,0.0,487.120968763636,0.0,10864.835538763637,2312.243300064,348081.1520933281,0.0,186712.7665169127,534793.9186102408,348725.20538427273,0.0,190892.09454166002,539617.2999259328
387,10377.31418,0.0,487.521358763637,0.0,10864.835538763637,2741.262095776,348081.1520933281,0.0,186712.7665169127,534793.9186102408,348725.20538427273,0.0,190892.09454166002,539617.2999259328
388,10377.01637,0.0,487.819168763637,0.0,10864.835538763637,3170.542964288,348081.1520933281,0.0,186712.7665169127,534793.9186102408,348725.20538427273,0.0,190892.09454166002,539617.2999259328
389,10376.81618,0.0,488.019358763637,0.0,10864.835538763637,3600.0,348081.1520933281,0.0,186712.7665169127,534793.9186102408,348725.20538427273,0.0,190892.09454166002,539617.2999259328
390,10376.61599,0.0,0.0,555.8305415,9820.7854485,3044.1694585,348081.1520933281,0.0,186712.7665169127,534793.9186102408,348725.20538427273,0.0,190892.09454166002,539617.2999259328
391,10376.41579,0.0,0.0,529.586397499999,9846.8293925,2514.583061,348081.1520933281,0.0,186712.7665169127,534793.9186102408,348725.20538427273,0.0,190892.09454166002,539617.2999259328
392,10376.2156,0.017967,0.0,529.3682405,9846.8293925,1985.2148205,348081.1520933281,0.0,186712.7665169127,534793.9186102408,348725.20538427273,0.0,190892.09454166002,539617.2999259328
393,10375.87127,0.031123,0.0,529.010754499999,9846.8293925,1456.204066,348081.1520933281,0.0,186712.7665169127,534793.9186102408,348725.20538427273,0.0,190892.09454166002,539617.2999259328
394,10375.27069,0.03755,0.0,528.4037475,9846.8293925,927.800318500002,348081.1520933281,0.0,186712.7665169127,534793.9186102408,348725.20538427273,0.0,190892.09454166002,539617.2999259328
395,10374.67012,0.040409,0.0,527.800318500002,9846.8293925,400.0,348081.1520933281,0.0,186712.7665169127,534793.9186102408,348725.20538427273,0.0,190892.09454166002,539617.2999259328
396,10374.06954,0.040570999999999996,490.806569763636,0.0,10864.835538763637,831.909781391999,348081.1520933281,0.0,186712.7665169127,534793.9186102408,348725.20538427273,0.0,190892.09454166002,539617.2999259328
397,10373.46897,0.037838000000000004,491.404406763637,0.0,10864.835538763637,1264.345659344,348081.1520933281,0.0,186712.7665169127,534793.9186102408,348725.20538427273,0.0,190892.09454166002,539617.2999259328
398,10372.95153,0.030873,491.914881763636,0.0,10864.835538763637,1697.230755296,348081.1520933281,0.0,186712.7665169127,534793.9186102408,348725.20538427273,0.0,190892.09454166002,539617.2999259328
399,10372.75134,0.020715,492.104913763636,0.0,10864.835538763637,2130.283079408,348081.1520933281,0.0,186712.7665169127,534793.9186102408,348725.20538427273,0.0,190892.09454166002,539617.2999259328
400,10372.55114,0.0074600000000000005,492.291858763638,0.0,10864.835538763637,2563.49991512,348081.1520933281,0.0,186712.7665169127,534793.9186102408,348725.20538427273,0.0,190892.09454166002,539617.2999259328
401,10372.35095,0.0,0.0,588.803382620001,9783.54756738,1974.6965325,348081.1520933281,0.0,186712.7665169127,534793.9186102408,348725.20538427273,0.0,190892.09454166002,539617.2999259328
402,10372.15076,0.0,0.0,525.321367500001,9846.8293925,1449.375165,348081.1520933281,0.0,186712.7665169127,534793.9186102408,348725.20538427273,0.0,190892.09454166002,539617.2999259328
403,10371.91736,0.0,0.0,525.0879675,9846.8293925,924.2871975,348081.1520933281,0.0,186712.7665169127,534793.9186102408,348725.20538427273,0.0,190892.09454166002,539617.2999259328
404,10371.11659,0.0,0.0,524.2871975,9846.8293925,400.0,348081.1520933281,0.0,186712.7665169127,534793.9186102408,348725.20538427273,0.0,190892.09454166002,539617.2999259328
405,10370.31582,0.0,0.0,0.0,10370.31582,400.0,348081.1520933281,0.0,186712.7665169127,534793.9186102408,348725.20538427273,0.0,190892.09454166002,539617.2999259328
406,10369.51506,0.0,495.320478763637,0.0,10864.835538763637,835.882021312,348081.1520933281,0.0,186712.7665169127,534793.9186102408,348725.20538427273,0.0,190892.09454166002,539617.2999259328
407,10368.71429,0.0,496.121248763637,0.0,10864.835538763637,1272.468720224,348081.1520933281,0.0,186712.7665169127,534793.9186102408,348725.20538427273,0.0,190892.09454166002,539617.2999259328
408,10367.91352,0.0,496.922018763637,0.0,10864.835538763637,1709.760096736,348081.1520933281,0.0,186712.7665169127,534793.9186102408,348725.20538427273,0.0,190892.09454166002,539617.2999259328
409,10366.93199,0.0,497.903548763637,0.0,10864.835538763637,2147.915219648,348081.1520933281,0.0,186712.7665169127,534793.9186102408,348725.20538427273,0.0,190892.09454166002,539617.2999259328
410,10365.93103,0.0,147.377055018178,0.0,10513.308085018178,2277.607028064,348081.1520933281,0.0,186712.7665169127,534793.9186102408,348725.20538427273,0.0,190892.09454166002,539617.2999259328
411,10364.93007,0.0,499.905468763636,0.0,10864.835538763637,2717.523840576,348081.1520933281,0.0,186712.7665169127,534793.9186102408,348725.20538427273,0.0,190892.09454166002,539617.2999259328
412,10363.92911,0.0,500.906428763637,0.0,10864.835538763637,3158.321497888,348081.1520933281,0.0,186712.7665169127,534793.9186102408,348725.20538427273,0.0,190892.09454166002,539617.2999259328
413,10362.92815,0.0,501.907388763637,0.0,10864.835538763637,3600.0,348081.1520933281,0.0,186712.7665169127,534793.9186102408,348725.20538427273,0.0,190892.09454166002,539617.2999259328
414,10362.07745,0.0,0.0,636.0079255,9726.0695245,2963.9920745,348081.1520933281,0.0,186712.7665169127,534793.9186102408,348725.20538427273,0.0,190892.09454166002,539617.2999259328
415,10361.27668,0.0,0.0,514.447287500001,9846.8293925,2449.544787,348081.1520933281,0.0,186712.7665169127,534793.9186102408,348725.20538427273,0.0,190892.09454166002,539617.2999259328
416,10360.47591,0.015772,0.0,513.630745499999,9846.8293925,1935.9140415,348081.1520933281,0.0,186712.7665169127,534793.9186102408,348725.20538427273,0.0,190892.09454166002,539617.2999259328
417,10359.67515,0.028149,0.0,512.8176085,9846.8293925,1423.096433,348081.1520933281,0.0,186712.7665169127,534793.9186102408,348725.20538427273,0.0,190892.09454166002,539617.2999259328
418,10358.87438,0.034091,0.0,512.0108965,9846.8293925,911.085536500001,348081.1520933281,0.0,186712.7665169127,534793.9186102408,348725.20538427273,0.0,190892.09454166002,539617.2999259328
419,10357.95385,0.038921,0.0,511.085536500001,9846.8293925,400.0,348081.1520933281,0.0,186712.7665169127,534793.9186102408,348725.20538427273,0.0,190892.09454166002,539617.2999259328
420,10356.95289,0.040426000000000004,507.923074763636,0.0,10864.835538763637,846.972305791999,348081.1520933281,0.0,186712.7665169127,534793.9186102408,348725.20538427273,0.0,190892.09454166002,539617.2999259328
421,10355.95193,0.035247,508.918855763637,0.0,10864.835538763637,1294.820898864,348081.1520933281,0.0,186712.7665169127,534793.9186102408,348725.20538427273,0.0,190892.09454166002,539617.2999259328
422,10354.95097,0.019642,509.904210763636,0.0,10864.835538763637,1743.536604336,348081.1520933281,0.0,186712.7665169127,534793.9186102408,348725.20538427273,0.0,190892.09454166002,539617.2999259328
423,10353.95001,0.01579,510.901318763636,0.0,10864.835538763637,2193.129764848,348081.1520933281,0.0,186712.7665169127,534793.9186102408,348725.20538427273,0.0,190892.09454166002,539617.2999259328
424,10352.94905,0.006595,511.893083763638,0.0,10864.835538763637,2643.59567856,348081.1520933281,0.0,186712.7665169127,534793.9186102408,348725.20538427273,0.0,190892.09454166002,539617.2999259328
425,10351.94809,0.0,0.0,734.24534606,9617.70274394,1909.3503325,348081.1520933281,0.0,186712.7665169127,534793.9186102408,348725.20538427273,0.0,190892.09454166002,539617.2999259328
426,10350.94713,0.0,0.0,504.117737500001,9846.8293925,1405.232595,348081.1520933281,0.0,186712.7665169127,534793.9186102408,348725.20538427273,0.0,190892.09454166002,539617.2999259328
427,10349.94617,0.0,0.0,503.116777499999,9846.8293925,902.1158175,348081.1520933281,0.0,186712.7665169127,534793.9186102408,348725.20538427273,0.0,190892.09454166002,539617.2999259328
428,10348.94521,0.0,0.0,502.1158175,9846.8293925,400.0,348081.1520933281,0.0,186712.7665169127,534793.9186102408,348725.20538427273,0.0,190892.09454166002,539617.2999259328
429,10347.76796,0.0,0.0,0.0,10347.76796,400.0,348081.1520933281,0.0,186712.7665169127,534793.9186102408,348725.20538427273,0.0,190892.09454166002,539617.2999259328
430,10346.16642,0.0,0.0,0.0,10346.16642,400.0,348081.1520933281,0.0,186712.7665169127,534793.9186102408,348725.20538427273,0.0,190892.09454166002,539617.2999259328
431,10344.56489,0.0,520.270648763637,0.0,10864.835538763637,857.838170912001,348081.1520933281,0.0,186712.7665169127,534793.9186102408,348725.20538427273,0.0,190892.09454166002,539617.2999259328
432,10342.96335,0.0,521.872188763637,0.0,10864.835538763637,1317.085697024,348081.1520933281,0.0,186712.7665169127,534793.9186102408,348725.20538427273,0.0,190892.09454166002,539617.2999259328
433,10341.36181,0.0,523.473728763636,0.0,10864.835538763637,1777.742578336,348081.1520933281,0.0,186712.7665169127,534793.9186102408,348725.20538427273,0.0,190892.09454166002,539617.2999259328
434,10339.8168,0.0,488.483943781818,0.0,10828.300743781818,2207.608448864,348081.1520933281,0.0,186712.7665169127,534793.9186102408,348725.20538427273,0.0,190892.09454166002,539617.2999259328
435,10338.61565,0.0,526.219888763637,0.0,10864.835538763637,2670.681950976,348081.1520933281,0.0,186712.7665169127,534793.9186102408,348725.20538427273,0.0,190892.09454166002,539617.2999259328
436,10337.4145,0.0,527.421038763636,0.0,10864.835538763637,3134.812465088,348081.1520933281,0.0,186712.7665169127,534793.9186102408,348725.20538427273,0.0,190892.09454166002,539617.2999259328
437,10336.21334,0.0,528.622198763636,0.0,10864.835538763637,3600.0,348081.1520933281,0.0,186712.7665169127,534793.9186102408,348725.20538427273,0.0,190892.09454166002,539617.2999259328
438,10335.01219,0.0,0.0,777.235049499999,9557.7771405,2822.7649505,348081.1520933281,0.0,186712.7665169127,534793.9186102408,348725.20538427273,0.0,190892.09454166002,539617.2999259328
439,10333.81104,0.0,0.0,486.981647500001,9846.8293925,2335.783303,348081.1520933281,0.0,186712.7665169127,534793.9186102408,348725.20538427273,0.0,190892.09454166002,539617.2999259328
440,10332.60989,0.02274,0.0,485.7577575,9846.8293925,1850.0255455,348081.1520933281,0.0,186712.7665169127,534793.9186102408,348725.20538427273,0.0,190892.09454166002,539617.2999259328
441,10331.40874,0.030703,0.0,484.548644500001,9846.8293925,1365.476901,348081.1520933281,0.0,186712.7665169127,534793.9186102408,348725.20538427273,0.0,190892.09454166002,539617.2999259328
442,10330.20758,0.038272,0.0,483.339915500001,9846.8293925,882.136985499999,348081.1520933281,0.0,186712.7665169127,534793.9186102408,348725.20538427273,0.0,190892.09454166002,539617.2999259328
443,10329.00643,0.040052,0.0,482.136985499999,9846.8293925,400.0,348081.1520933281,0.0,186712.7665169127,534793.9186102408,348725.20538427273,0.0,190892.09454166002,539617.2999259328
444,10327.80528,0.038631,537.068889763636,0.0,10864.835538763637,872.620622991999,348081.1520933281,0.0,186712.7665169127,534793.9186102408,348725.20538427273,0.0,190892.09454166002,539617.2999259328
445,10326.43667,0.035429,538.434297763637,0.0,10864.835538763637,1346.442805024,348081.1520933281,0.0,186712.7665169127,534793.9186102408,348725.20538427273,0.0,190892.09454166002,539617.2999259328
446,10325.03533,0.029278,539.829486763636,0.0,10864.835538763637,1821.492753376,348081.1520933281,0.0,186712.7665169127,534793.9186102408,348725.20538427273,0.0,190892.09454166002,539617.2999259328
447,10323.63398,0.019056,541.220614763635,0.0,10864.835538763637,2297.766894368,348081.1520933281,0.0,186712.7665169127,534793.9186102408,348725.20538427273,0.0,190892.09454166002,539617.2999259328
448,10322.23264,0.007261,542.610159763637,0.0,10864.835538763637,2775.26383496,348081.1520933281,0.0,186712.7665169127,534793.9186102408,348725.20538427273,0.0,190892.09454166002,539617.2999259328
449,10320.83129,0.0,0.0,966.723392459998,9354.107897540001,1808.5404425,348081.1520933281,0.0,186712.7665169127,534793.9186102408,348725.20538427273,0.0,190892.09454166002,539617.2999259328
450,10318.74518,0.0,0.0,471.9157875,9846.8293925,1336.624655,348081.1520933281,0.0,186712.7665169127,534793.9186102408,348725.20538427273,0.0,190892.09454166002,539617.2999259328
451,10316.34287,0.0,0.0,469.513477500001,9846.8293925,867.111177500001,348081.1520933281,0.0,186712.7665169127,534793.9186102408,348725.20538427273,0.0,190892.09454166002,539617.2999259328
452,10313.94057,0.0,0.0,467.111177500001,9846.8293925,400.0,348081.1520933281,0.0,186712.7665169127,534793.9186102408,348725.20538427273,0.0,190892.09454166002,539617.2999259328
453,10311.53826,0.0,242.146693781813,0.0,10553.684953781813,613.089090527996,348081.1520933281,0.0,186712.7665169127,534793.9186102408,348725.20538427273,0.0,190892.09454166002,539617.2999259328
454,10309.13596,0.0,0.0,0.0,10309.13596,613.089090527996,348081.1520933281,0.0,186712.7665169127,534793.9186102408,348725.20538427273,0.0,190892.09454166002,539617.2999259328
455,10306.84011,0.0,0.0,0.0,10306.84011,613.089090527996,348081.1520933281,0.0,186712.7665169127,534793.9186102408,348725.20538427273,0.0,190892.09454166002,539617.2999259328
456,10304.638,0.0,560.197538763636,0.0,10864.835538763637,1106.06292464,348081.1520933281,0.0,186712.7665169127,534793.9186102408,348725.20538427273,0.0,190892.09454166002,539617.2999259328
457,10302.43588,0.0,562.399658763636,0.0,10864.835538763637,1600.97462435199,348081.1520933281,0.0,186712.7665169127,534793.9186102408,348725.20538427273,0.0,190892.09454166002,539617.2999259328
458,10300.23377,0.0,564.601768763636,0.0,10864.835538763637,2097.82418086399,348081.1520933281,0.0,186712.7665169127,534793.9186102408,348725.20538427273,0.0,190892.09454166002,539617.2999259328
459,10298.03166,0.0,566.803878763636,0.0,10864.835538763637,2596.61159417599,348081.1520933281,0.0,186712.7665169127,534793.9186102408,348725.20538427273,0.0,190892.09454166002,539617.2999259328
460,10295.82955,0.0,569.005988763636,0.0,10864.835538763637,3097.33686428799,348081.1520933281,0.0,186712.7665169127,534793.9186102408,348725.20538427273,0.0,190892.09454166002,539617.2999259328
461,10293.62743,0.0,571.208108763636,0.0,10864.835538763637,3600.0,348081.1520933281,0.0,186712.7665169127,534793.9186102408,348725.20538427273,0.0,190892.09454166002,539617.2999259328
462,10291.42532,0.0,0.0,444.5959275,9846.8293925,3155.4040725,348081.1520933281,0.0,186712.7665169127,534793.9186102408,348725.20538427273,0.0,190892.09454166002,539617.2999259328
463,10289.22321,0.0,0.0,442.3938175,9846.8293925,2713.010255,348081.1520933281,0.0,186712.7665169127,534793.9186102408,348725.20538427273,0.0,190892.09454166002,539617.2999259328
464,10287.0211,0.014128,0.0,440.177579499999,9846.8293925,2272.8326755,348081.1520933281,0.0,186712.7665169127,534793.9186102408,348725.20538427273,0.0,190892.09454166002,539617.2999259328
465,10284.81898,0.025944,0.0,437.963643499999,9846.8293925,1834.869032,348081.1520933281,0.0,186712.7665169127,534793.9186102408,348725.20538427273,0.0,190892.09454166002,539617.2999259328
466,10282.61687,0.033845,0.0,435.7536325,9846.8293925,1399.1153995,348081.1520933281,0.0,186712.7665169127,534793.9186102408,348725.20538427273,0.0,190892.09454166002,539617.2999259328
467,10280.41476,0.036531,0.0,999.1153995,9281.2628295,400.0,348081.1520933281,0.0,186712.7665169127,534793.9186102408,348725.20538427273,0.0,190892.09454166002,539617.2999259328
468,10278.21265,0.03628,586.659168763639,0.0,10864.835538763638,916.260068512002,348081.1520933281,0.0,186712.7665169127,534793.9186102408,348725.20538427273,0.0,190892.09454166002,539617.2999259328
469,10276.01053,0.034631999999999996,588.859640763638,0.0,10864.835538763637,1434.456552384,348081.1520933281,0.0,186712.7665169127,534793.9186102408,348725.20538427273,0.0,190892.09454166002,539617.2999259328
470,10273.80842,0.030317,591.057435763638,0.0,10864.835538763637,1954.587095856,348081.1520933281,0.0,186712.7665169127,534793.9186102408,348725.20538427273,0.0,190892.09454166002,539617.2999259328
471,10271.60631,0.021774,593.251002763638,0.0,10864.835538763637,2476.64797828801,348081.1520933281,0.0,186712.7665169127,534793.9186102408,348725.20538427273,0.0,190892.09454166002,539617.2999259328
472,10269.4042,0.007614,595.438952763636,0.0,10864.835538763637,3000.63425672001,348081.1520933281,0.0,186712.7665169127,534793.9186102408,348725.20538427273,0.0,190892.09454166002,539617.2999259328
473,10267.20208,0.0,0.0,1000.0,9267.20208,2000.63425672001,348081.1520933281,0.0,186712.7665169127,534793.9186102408,348725.20538427273,0.0,190892.09454166002,539617.2999259328
474,10264.99997,0.0,0.0,769.976201720003,9495.023768279998,1230.658055,348081.1520933281,0.0,186712.7665169127,534793.9186102408,348725.20538427273,0.0,190892.09454166002,539617.2999259328
475,10262.79786,0.0,0.0,415.968467500001,9846.8293925,814.689587500001,348081.1520933281,0.0,186712.7665169127,534793.9186102408,348725.20538427273,0.0,190892.09454166002,539617.2999259328
476,10261.51898,0.0,0.0,414.689587500001,9846.8293925,400.0,348081.1520933281,0.0,186712.7665169127,534793.9186102408,348725.20538427273,0.0,190892.09454166002,539617.2999259328
477,10260.31783,0.0,0.0,0.0,10260.31783,400.0,348081.1520933281,0.0,186712.7665169127,534793.9186102408,348725.20538427273,0.0,190892.09454166002,539617.2999259328
478,10259.11668,0.0,0.0,0.0,10259.11668,400.0,348081.1520933281,0.0,186712.7665169127,534793.9186102408,348725.20538427273,0.0,190892.09454166002,539617.2999259328
479,10257.91553,0.0,0.0,0.0,10257.91553,400.0,348081.1520933281,0.0,186712.7665169127,534793.9186102408,348725.20538427273,0.0,190892.09454166002,539617.2999259328
480,10256.71438,0.0,0.0,0.0,10256.71438,400.0,348081.1520933281,0.0,186712.7665169127,534793.9186102408,348725.20538427273,0.0,190892.09454166002,539617.2999259328
481,10255.51322,0.0,0.0,0.0,10255.51322,400.0,348081.1520933281,0.0,186712.7665169127,534793.9186102408,348725.20538427273,0.0,190892.09454166002,539617.2999259328
482,10254.31207,0.0,0.0,0.0,10254.31207,400.0,348081.1520933281,0.0,186712.7665169127,534793.9186102408,348725.20538427273,0.0,190892.09454166002,539617.2999259328
483,10253.11092,0.0,0.0,0.0,10253.11092,400.0,348081.1520933281,0.0,186712.7665169127,534793.9186102408,348725.20538427273,0.0,190892.09454166002,539617.2999259328
484,10251.90977,0.0,0.0,0.0,10251.90977,400.0,348081.1520933281,0.0,186712.7665169127,534793.9186102408,348725.20538427273,0.0,190892.09454166002,539617.2999259328
485,10250.70861,0.0,0.0,0.0,10250.70861,400.0,348081.1520933281,0.0,186712.7665169127,534793.9186102408,348725.20538427273,0.0,190892.09454166002,539617.2999259328
486,10249.26017,0.0,0.0,0.0,10249.26017,400.0,348081.1520933281,0.0,186712.7665169127,534793.9186102408,348725.20538427273,0.0,190892.09454166002,539617.2999259328
487,10247.65863,0.0,0.0,0.0,10247.65863,400.0,348081.1520933281,0.0,186712.7665169127,534793.9186102408,348725.20538427273,0.0,190892.09454166002,539617.2999259328
488,10246.05709,0.018564,0.0,0.0,10246.038526,400.0,348081.1520933281,0.0,186712.7665169127,534793.9186102408,348725.20538427273,0.0,190892.09454166002,539617.2999259328
489,10244.45556,0.023871,0.0,0.0,10244.431689000001,400.0,348081.1520933281,0.0,186712.7665169127,534793.9186102408,348725.20538427273,0.0,190892.09454166002,539617.2999259328
490,10242.85402,0.015805,0.0,0.0,10242.838215000002,400.0,348081.1520933281,0.0,186712.7665169127,534793.9186102408,348725.20538427273,0.0,190892.09454166002,539617.2999259328
491,10241.15934,0.007135,0.0,0.0,10241.152205,400.0,348081.1520933281,0.0,186712.7665169127,534793.9186102408,348725.20538427273,0.0,190892.09454166002,539617.2999259328
492,10239.35761,0.006153,0.0,0.0,10239.351456999999,400.0,348081.1520933281,0.0,186712.7665169127,534793.9186102408,348725.20538427273,0.0,190892.09454166002,539617.2999259328
493,10237.55588,0.007065000000000001,0.0,0.0,10237.548815,400.0,348081.1520933281,0.0,186712.7665169127,534793.9186102408,348725.20538427273,0.0,190892.09454166002,539617.2999259328
494,10235.75415,0.005642,0.0,0.0,10235.748508,400.0,348081.1520933281,0.0,186712.7665169127,534793.9186102408,348725.20538427273,0.0,190892.09454166002,539617.2999259328
495,10233.95242,0.0015880000000000002,0.0,0.0,10233.950832,400.0,348081.1520933281,0.0,186712.7665169127,534793.9186102408,348725.20538427273,0.0,190892.09454166002,539617.2999259328
496,10232.27599,0.00046,0.0,0.0,10232.27553,400.0,348081.1520933281,0.0,186712.7665169127,534793.9186102408,348725.20538427273,0.0,190892.09454166002,539617.2999259328
497,10230.87465,0.0,0.0,0.0,10230.87465,400.0,348081.1520933281,0.0,186712.7665169127,534793.9186102408,348725.20538427273,0.0,190892.09454166002,539617.2999259328
498,10229.4733,0.0,0.0,0.0,10229.4733,400.0,348081.1520933281,0.0,186712.7665169127,534793.9186102408,348725.20538427273,0.0,190892.09454166002,539617.2999259328
499,10228.07196,0.0,0.0,0.0,10228.07196,400.0,348081.1520933281,0.0,186712.7665169127,534793.9186102408,348725.20538427273,0.0,190892.09454166002,539617.2999259328
500,10226.67061,0.0,0.0,0.0,10226.67061,400.0,348081.1520933281,0.0,186712.7665169127,534793.9186102408,348725.20538427273,0.0,190892.09454166002,539617.2999259328
501,10225.23712,0.0,0.0,0.0,10225.23712,400.0,348081.1520933281,0.0,186712.7665169127,534793.9186102408,348725.20538427273,0.0,190892.09454166002,539617.2999259328
502,10223.63558,0.0,0.0,0.0,10223.63558,400.0,348081.1520933281,0.0,186712.7665169127,534793.9186102408,348725.20538427273,0.0,190892.09454166002,539617.2999259328
503,10222.03405,0.0,0.0,0.0,10222.03405,400.0,348081.1520933281,0.0,186712.7665169127,534793.9186102408,348725.20538427273,0.0,190892.09454166002,539617.2999259328
504,10220.43251,0.0,0.0,0.0,10220.43251,400.0,348081.1520933281,0.0,186712.7665169127,534793.9186102408,348725.20538427273,0.0,190892.09454166002,539617.2999259328
505,10218.83098,0.0,0.0,0.0,10218.83098,400.0,348081.1520933281,0.0,186712.7665169127,534793.9186102408,348725.20538427273,0.0,190892.09454166002,539617.2999259328
506,10217.22449,0.0,0.0,0.0,10217.22449,400.0,348081.1520933281,0.0,186712.7665169127,534793.9186102408,348725.20538427273,0.0,190892.09454166002,539617.2999259328
507,10215.02238,0.0,0.0,0.0,10215.02238,400.0,348081.1520933281,0.0,186712.7665169127,534793.9186102408,348725.20538427273,0.0,190892.09454166002,539617.2999259328
508,10212.82027,0.0,0.0,0.0,10212.82027,400.0,348081.1520933281,0.0,186712.7665169127,534793.9186102408,348725.20538427273,0.0,190892.09454166002,539617.2999259328
509,10210.61816,0.0,654.217378763637,0.0,10864.835538763637,975.711293312,348081.1520933281,0.0,186712.7665169127,534793.9186102408,348725.20538427273,0.0,190892.09454166002,539617.2999259328
510,10208.41604,0.0,156.203452545453,0.0,10364.619492545453,1113.170331552,348081.1520933281,0.0,186712.7665169127,534793.9186102408,348725.20538427273,0.0,190892.09454166002,539617.2999259328
511,10206.21393,0.0,0.0,0.0,10206.21393,1113.170331552,348081.1520933281,0.0,186712.7665169127,534793.9186102408,348725.20538427273,0.0,190892.09454166002,539617.2999259328
512,10203.84048,0.022439,0.0,0.0,10203.818041,1113.170331552,348081.1520933281,0.0,186712.7665169127,534793.9186102408,348725.20538427273,0.0,190892.09454166002,539617.2999259328
513,10201.43817,0.031936,0.0,0.0,10201.406234,1113.170331552,348081.1520933281,0.0,186712.7665169127,534793.9186102408,348725.20538427273,0.0,190892.09454166002,539617.2999259328
514,10199.03587,0.03699,0.0,0.0,10198.99888,1113.170331552,348081.1520933281,0.0,186712.7665169127,534793.9186102408,348725.20538427273,0.0,190892.09454166002,539617.2999259328
515,10196.63356,0.038874000000000006,0.0,0.0,10196.594686,1113.170331552,348081.1520933281,0.0,186712.7665169127,534793.9186102408,348725.20538427273,0.0,190892.09454166002,539617.2999259328
516,10194.23126,0.036776,0.0,0.0,10194.194484,1113.170331552,348081.1520933281,0.0,186712.7665169127,534793.9186102408,348725.20538427273,0.0,190892.09454166002,539617.2999259328
517,10191.82895,0.035752000000000006,0.0,0.0,10191.793198,1113.170331552,348081.1520933281,0.0,186712.7665169127,534793.9186102408,348725.20538427273,0.0,190892.09454166002,539617.2999259328
518,10189.42665,0.029434000000000002,0.0,0.0,10189.397216,1113.170331552,348081.1520933281,0.0,186712.7665169127,534793.9186102408,348725.20538427273,0.0,190892.09454166002,539617.2999259328
519,10187.02435,0.018954000000000002,0.0,0.0,10187.005396,1113.170331552,348081.1520933281,0.0,186712.7665169127,534793.9186102408,348725.20538427273,0.0,190892.09454166002,539617.2999259328
520,10184.62204,0.008048999999999999,0.0,0.0,10184.613991,1113.170331552,348081.1520933281,0.0,186712.7665169127,534793.9186102408,348725.20538427273,0.0,190892.09454166002,539617.2999259328
521,10182.21974,0.0,0.0,0.0,10182.21974,1113.170331552,348081.1520933281,0.0,186712.7665169127,534793.9186102408,348725.20538427273,0.0,190892.09454166002,539617.2999259328
522,10179.81743,0.0,0.0,0.0,10179.81743,1113.170331552,348081.1520933281,0.0,186712.7665169127,534793.9186102408,348725.20538427273,0.0,190892.09454166002,539617.2999259328
523,10177.41513,0.0,0.0,0.0,10177.41513,1113.170331552,348081.1520933281,0.0,186712.7665169127,534793.9186102408,348725.20538427273,0.0,190892.09454166002,539617.2999259328
524,10175.01282,0.0,0.0,0.0,10175.01282,1113.170331552,348081.1520933281,0.0,186712.7665169127,534793.9186102408,348725.20538427273,0.0,190892.09454166002,539617.2999259328
525,10172.61052,0.0,0.0,0.0,10172.61052,1113.170331552,348081.1520933281,0.0,186712.7665169127,534793.9186102408,348725.20538427273,0.0,190892.09454166002,539617.2999259328
526,10170.20821,0.0,0.0,0.0,10170.20821,1113.170331552,348081.1520933281,0.0,186712.7665169127,534793.9186102408,348725.20538427273,0.0,190892.09454166002,539617.2999259328
527,10167.88575,0.0,0.0,0.0,10167.88575,1113.170331552,348081.1520933281,0.0,186712.7665169127,534793.9186102408,348725.20538427273,0.0,190892.09454166002,539617.2999259328
528,10165.68364,0.0,0.0,0.0,10165.68364,1113.170331552,348081.1520933281,0.0,186712.7665169127,534793.9186102408,348725.20538427273,0.0,190892.09454166002,539617.2999259328
529,10163.48153,0.0,0.0,0.0,10163.48153,1113.170331552,348081.1520933281,0.0,186712.7665169127,534793.9186102408,348725.20538427273,0.0,190892.09454166002,539617.2999259328
530,10161.27941,0.0,703.556128763637,0.0,10864.835538763637,1732.299724864,348081.1520933281,0.0,186712.7665169127,534793.9186102408,348725.20538427273,0.0,190892.09454166002,539617.2999259328
531,10159.0773,0.0,705.758238763636,0.0,10864.835538763637,2353.366974976,348081.1520933281,0.0,186712.7665169127,534793.9186102408,348725.20538427273,0.0,190892.09454166002,539617.2999259328
532,10157.1219,0.0,707.713638763636,0.0,10864.835538763637,2976.154977088,348081.1520933281,0.0,186712.7665169127,534793.9186102408,348725.20538427273,0.0,190892.09454166002,539617.2999259328
533,10155.92074,0.0,708.914798763637,0.0,10864.835538763637,3600.0,348081.1520933281,0.0,186712.7665169127,534793.9186102408,348725.20538427273,0.0,190892.09454166002,539617.2999259328
534,10154.71959,0.0,0.0,1000.0,9154.71959,2600.0,348081.1520933281,0.0,186712.7665169127,534793.9186102408,348725.20538427273,0.0,190892.09454166002,539617.2999259328
535,10153.51844,0.0,0.0,306.6890475,9846.8293925,2293.3109525,348081.1520933281,0.0,186712.7665169127,534793.9186102408,348725.20538427273,0.0,190892.09454166002,539617.2999259328
536,10152.31729,0.021059,0.0,305.4668385,9846.8293925,1987.844114,348081.1520933281,0.0,186712.7665169127,534793.9186102408,348725.20538427273,0.0,190892.09454166002,539617.2999259328
537,10151.09729,0.030545000000000003,0.0,304.2373525,9846.8293925,1683.6067615,348081.1520933281,0.0,186712.7665169127,534793.9186102408,348725.20538427273,0.0,190892.09454166002,539617.2999259328
538,10149.69595,0.03644,0.0,982.180770999999,9167.478739,701.4259905,348081.1520933281,0.0,186712.7665169127,534793.9186102408,348725.20538427273,0.0,190892.09454166002,539617.2999259328
539,10148.2946,0.039217,0.0,301.4259905,9846.8293925,400.0,348081.1520933281,0.0,186712.7665169127,534793.9186102408,348725.20538427273,0.0,190892.09454166002,539617.2999259328
540,10146.89326,0.038357999999999996,717.980636763636,0.0,10864.835538763637,1031.822960352,348081.1520933281,0.0,186712.7665169127,534793.9186102408,348725.20538427273,0.0,190892.09454166002,539617.2999259328
541,10145.49191,0.0343,719.377928763628,0.0,10864.83553876363,1664.87553766399,348081.1520933281,0.0,186712.7665169127,534793.9186102408,348725.20538427273,0.0,190892.09454166002,539617.2999259328
542,10144.09057,0.028822,720.773790763636,0.0,10864.835538763637,2299.15647353599,348081.1520933281,0.0,186712.7665169127,534793.9186102408,348725.20538427273,0.0,190892.09454166002,539617.2999259328
543,10142.87776,0.021358000000000002,721.979136763637,0.0,10864.835538763637,2934.49811388799,348081.1520933281,0.0,186712.7665169127,534793.9186102408,348725.20538427273,0.0,190892.09454166002,539617.2999259328
544,10141.67661,0.007967,723.166895763636,0.0,10864.835538763637,3570.88498215999,348081.1520933281,0.0,186712.7665169127,534793.9186102408,348725.20538427273,0.0,190892.09454166002,539617.2999259328
545,10140.47546,0.0,0.0,1000.0,9140.47546,2570.88498215999,348081.1520933281,0.0,186712.7665169127,534793.9186102408,348725.20538427273,0.0,190892.09454166002,539617.2999259328
546,10139.2743,0.0,0.0,1000.0,9139.2743,1570.88498215999,348081.1520933281,0.0,186712.7665169127,534793.9186102408,348725.20538427273,0.0,190892.09454166002,539617.2999259328
547,10138.07315,0.0,0.0,881.000414659993,9257.072735340007,689.884567499999,348081.1520933281,0.0,186712.7665169127,534793.9186102408,348725.20538427273,0.0,190892.09454166002,539617.2999259328
548,10136.71396,0.0,0.0,289.884567499999,9846.8293925,400.0,348081.1520933281,0.0,186712.7665169127,534793.9186102408,348725.20538427273,0.0,190892.09454166002,539617.2999259328
549,10135.31262,0.0,684.349071309085,0.0,10819.661691309086,1002.22718275199,348081.1520933281,0.0,186712.7665169127,534793.9186102408,348725.20538427273,0.0,190892.09454166002,539617.2999259328
550,10133.91128,0.0,0.0,0.0,10133.91128,1002.22718275199,348081.1520933281,0.0,186712.7665169127,534793.9186102408,348725.20538427273,0.0,190892.09454166002,539617.2999259328
551,10132.50993,0.0,0.0,0.0,10132.50993,1002.22718275199,348081.1520933281,0.0,186712.7665169127,534793.9186102408,348725.20538427273,0.0,190892.09454166002,539617.2999259328
552,10131.10859,0.0,0.0,0.0,10131.10859,1002.22718275199,348081.1520933281,0.0,186712.7665169127,534793.9186102408,348725.20538427273,0.0,190892.09454166002,539617.2999259328
553,10129.83478,0.0,0.0,0.0,10129.83478,1002.22718275199,348081.1520933281,0.0,186712.7665169127,534793.9186102408,348725.20538427273,0.0,190892.09454166002,539617.2999259328
554,10128.63363,0.0,736.201908763636,0.0,10864.835538763637,1650.08486246399,348081.1520933281,0.0,186712.7665169127,534793.9186102408,348725.20538427273,0.0,190892.09454166002,539617.2999259328
555,10127.43247,0.0,737.403068763637,0.0,10864.835538763637,2298.999562976,348081.1520933281,0.0,186712.7665169127,534793.9186102408,348725.20538427273,0.0,190892.09454166002,539617.2999259328
556,10126.23132,0.0,738.604218763636,0.0,10864.835538763637,2948.97127548799,348081.1520933281,0.0,186712.7665169127,534793.9186102408,348725.20538427273,0.0,190892.09454166002,539617.2999259328
557,10125.03017,0.0,739.805368763637,0.0,10864.835538763637,3600.0,348081.1520933281,0.0,186712.7665169127,534793.9186102408,348725.20538427273,0.0,190892.09454166002,539617.2999259328
558,10123.63495,0.0,0.0,1000.0,9123.63495,2600.0,348081.1520933281,0.0,186712.7665169127,534793.9186102408,348725.20538427273,0.0,190892.09454166002,539617.2999259328
559,10122.03341,0.0,0.0,384.087565499998,9737.945844500002,2215.9124345,348081.1520933281,0.0,186712.7665169127,534793.9186102408,348725.20538427273,0.0,190892.09454166002,539617.2999259328
560,10120.43187,0.022363,0.0,273.5801145,9846.8293925,1942.33232,348081.1520933281,0.0,186712.7665169127,534793.9186102408,348725.20538427273,0.0,190892.09454166002,539617.2999259328
561,10118.83034,0.03148,0.0,271.969467500001,9846.8293925,1670.3628525,348081.1520933281,0.0,186712.7665169127,534793.9186102408,348725.20538427273,0.0,190892.09454166002,539617.2999259328
562,10117.2288,0.036555,0.0,270.3628525,9846.8293925,1400.0,348081.1520933281,0.0,186712.7665169127,534793.9186102408,348725.20538427273,0.0,190892.09454166002,539617.2999259328
563,10115.6938,0.039394,0.0,1000.0,9115.654406,400.0,348081.1520933281,0.0,186712.7665169127,534793.9186102408,348725.20538427273,0.0,190892.09454166002,539617.2999259328
564,10114.29246,0.037299,750.580377763636,0.0,10864.835538763637,1060.510732432,348081.1520933281,0.0,186712.7665169127,534793.9186102408,348725.20538427273,0.0,190892.09454166002,539617.2999259328
565,10112.89111,0.034536000000000004,621.485120309091,0.0,10734.341694309092,1607.417638304,348081.1520933281,0.0,186712.7665169127,534793.9186102408,348725.20538427273,0.0,190892.09454166002,539617.2999259328
566,10111.48977,0.029138,753.374906763636,0.0,10864.835538763637,2270.387556256,348081.1520933281,0.0,186712.7665169127,534793.9186102408,348725.20538427273,0.0,190892.09454166002,539617.2999259328
567,10110.08842,0.019758,754.766876763637,0.0,10864.835538763637,2934.582407808,348081.1520933281,0.0,186712.7665169127,534793.9186102408,348725.20538427273,0.0,190892.09454166002,539617.2999259328
568,10108.68708,0.007896,756.156354763636,0.0,10864.835538763637,3600.0,348081.1520933281,0.0,186712.7665169127,534793.9186102408,348725.20538427273,0.0,190892.09454166002,539617.2999259328
569,10107.28573,0.0,0.0,1000.0,9107.28573,2599.99999999999,348081.1520933281,0.0,186712.7665169127,534793.9186102408,348725.20538427273,0.0,190892.09454166002,539617.2999259328
570,10105.88439,0.0,0.0,1000.0,9105.88439,1599.99999999999,348081.1520933281,0.0,186712.7665169127,534793.9186102408,348725.20538427273,0.0,190892.09454166002,539617.2999259328
571,10104.48305,0.0,0.0,943.747692499993,9160.735357500007,656.252307500001,348081.1520933281,0.0,186712.7665169127,534793.9186102408,348725.20538427273,0.0,190892.09454166002,539617.2999259328
572,10103.0817,0.0,0.0,256.252307500001,9846.8293925,400.0,348081.1520933281,0.0,186712.7665169127,534793.9186102408,348725.20538427273,0.0,190892.09454166002,539617.2999259328
573,10101.67482,0.0,0.0,0.0,10101.67482,400.0,348081.1520933281,0.0,186712.7665169127,534793.9186102408,348725.20538427273,0.0,190892.09454166002,539617.2999259328
574,10100.07329,0.0,0.0,0.0,10100.07329,400.0,348081.1520933281,0.0,186712.7665169127,534793.9186102408,348725.20538427273,0.0,190892.09454166002,539617.2999259328
575,10098.47175,0.0,0.0,0.0,10098.47175,400.0,348081.1520933281,0.0,186712.7665169127,534793.9186102408,348725.20538427273,0.0,190892.09454166002,539617.2999259328
576,10096.87021,0.0,0.0,0.0,10096.87021,400.0,348081.1520933281,0.0,186712.7665169127,534793.9186102408,348725.20538427273,0.0,190892.09454166002,539617.2999259328
577,10095.26868,0.0,0.0,0.0,10095.26868,400.0,348081.1520933281,0.0,186712.7665169127,534793.9186102408,348725.20538427273,0.0,190892.09454166002,539617.2999259328
578,10093.66714,0.0,0.0,0.0,10093.66714,400.0,348081.1520933281,0.0,186712.7665169127,534793.9186102408,348725.20538427273,0.0,190892.09454166002,539617.2999259328
579,10092.0656,0.0,0.0,0.0,10092.0656,400.0,348081.1520933281,0.0,186712.7665169127,534793.9186102408,348725.20538427273,0.0,190892.09454166002,539617.2999259328
580,10090.46407,0.0,0.0,0.0,10090.46407,400.0,348081.1520933281,0.0,186712.7665169127,534793.9186102408,348725.20538427273,0.0,190892.09454166002,539617.2999259328
581,10088.86253,0.0,0.0,0.0,10088.86253,400.0,348081.1520933281,0.0,186712.7665169127,534793.9186102408,348725.20538427273,0.0,190892.09454166002,539617.2999259328
582,10087.261,0.0,0.0,0.0,10087.261,400.0,348081.1520933281,0.0,186712.7665169127,534793.9186102408,348725.20538427273,0.0,190892.09454166002,539617.2999259328
583,10085.65946,0.0,0.0,0.0,10085.65946,400.0,348081.1520933281,0.0,186712.7665169127,534793.9186102408,348725.20538427273,0.0,190892.09454166002,539617.2999259328
584,10083.9132,0.0011120000000000001,0.0,0.0,10083.912088000001,400.0,348081.1520933281,0.0,186712.7665169127,534793.9186102408,348725.20538427273,0.0,190892.09454166002,539617.2999259328
585,10082.11147,0.002854,0.0,0.0,10082.108616,400.0,348081.1520933281,0.0,186712.7665169127,534793.9186102408,348725.20538427273,0.0,190892.09454166002,539617.2999259328
586,10080.30974,0.002917,0.0,0.0,10080.306823,400.0,348081.1520933281,0.0,186712.7665169127,534793.9186102408,348725.20538427273,0.0,190892.09454166002,539617.2999259328
587,10078.50801,0.004076,0.0,0.0,10078.503934,400.0,348081.1520933281,0.0,186712.7665169127,534793.9186102408,348725.20538427273,0.0,190892.09454166002,539617.2999259328
588,10076.70628,0.0034070000000000003,0.0,0.0,10076.702873,400.0,348081.1520933281,0.0,186712.7665169127,534793.9186102408,348725.20538427273,0.0,190892.09454166002,539617.2999259328
589,10075.13301,0.006753,0.0,0.0,10075.126257,400.0,348081.1520933281,0.0,186712.7665169127,534793.9186102408,348725.20538427273,0.0,190892.09454166002,539617.2999259328
590,10073.73166,0.0031290000000000003,0.0,0.0,10073.728530999999,400.0,348081.1520933281,0.0,186712.7665169127,534793.9186102408,348725.20538427273,0.0,190892.09454166002,539617.2999259328
591,10072.33032,0.010908,0.0,0.0,10072.319411999999,400.0,348081.1520933281,0.0,186712.7665169127,534793.9186102408,348725.20538427273,0.0,190892.09454166002,539617.2999259328
592,10070.92897,0.0062320000000000006,0.0,0.0,10070.922738000001,400.0,348081.1520933281,0.0,186712.7665169127,534793.9186102408,348725.20538427273,0.0,190892.09454166002,539617.2999259328
593,10069.52763,0.0,0.0,0.0,10069.52763,400.0,348081.1520933281,0.0,186712.7665169127,534793.9186102408,348725.20538427273,0.0,190892.09454166002,539617.2999259328
594,10068.21001,0.0,0.0,0.0,10068.21001,400.0,348081.1520933281,0.0,186712.7665169127,534793.9186102408,348725.20538427273,0.0,190892.09454166002,539617.2999259328
595,10067.00886,0.0,0.0,0.0,10067.00886,400.0,348081.1520933281,0.0,186712.7665169127,534793.9186102408,348725.20538427273,0.0,190892.09454166002,539617.2999259328
596,10065.80771,0.0,0.0,0.0,10065.80771,400.0,348081.1520933281,0.0,186712.7665169127,534793.9186102408,348725.20538427273,0.0,190892.09454166002,539617.2999259328
597,10064.60656,0.0,0.0,0.0,10064.60656,400.0,348081.1520933281,0.0,186712.7665169127,534793.9186102408,348725.20538427273,0.0,190892.09454166002,539617.2999259328
598,10063.4054,0.0,0.0,0.0,10063.4054,400.0,348081.1520933281,0.0,186712.7665169127,534793.9186102408,348725.20538427273,0.0,190892.09454166002,539617.2999259328
599,10062.25748,0.0,0.0,0.0,10062.25748,400.0,348081.1520933281,0.0,186712.7665169127,534793.9186102408,348725.20538427273,0.0,190892.09454166002,539617.2999259328
600,10061.25652,0.0,803.579018763636,0.0,10864.835538763637,1107.149536512,348081.1520933281,0.0,186712.7665169127,534793.9186102408,348725.20538427273,0.0,190892.09454166002,539617.2999259328
601,10060.25556,0.0,804.579978763634,0.0,10864.835538763633,1815.179917824,348081.1520933281,0.0,186712.7665169127,534793.9186102408,348725.20538427273,0.0,190892.09454166002,539617.2999259328
602,10059.2546,0.0,411.546661309092,0.0,10470.801261309092,2177.340979776,348081.1520933281,0.0,186712.7665169127,534793.9186102408,348725.20538427273,0.0,190892.09454166002,539617.2999259328
603,10058.25364,0.0,0.0,0.0,10058.25364,2177.340979776,348081.1520933281,0.0,186712.7665169127,534793.9186102408,348725.20538427273,0.0,190892.09454166002,539617.2999259328
604,10057.20722,0.0,807.628318763636,0.0,10864.835538763637,2888.053900288,348081.1520933281,0.0,186712.7665169127,534793.9186102408,348725.20538427273,0.0,190892.09454166002,539617.2999259328
605,10055.80588,0.0,809.029658763637,0.0,10864.835538763637,3600.0,348081.1520933281,0.0,186712.7665169127,534793.9186102408,348725.20538427273,0.0,190892.09454166002,539617.2999259328
606,10054.40453,0.0,0.0,1000.0,9054.40453,2599.99999999999,348081.1520933281,0.0,186712.7665169127,534793.9186102408,348725.20538427273,0.0,190892.09454166002,539617.2999259328
607,10053.00319,0.0,0.0,594.190387499989,9458.81280250001,2005.8096125,348081.1520933281,0.0,186712.7665169127,534793.9186102408,348725.20538427273,0.0,190892.09454166002,539617.2999259328
608,10051.60185,0.020932,0.0,1000.0,9051.580918,1005.8096125,348081.1520933281,0.0,186712.7665169127,534793.9186102408,348725.20538427273,0.0,190892.09454166002,539617.2999259328
609,10050.2005,0.029469000000000002,0.0,203.341638500002,9846.8293925,802.467974000001,348081.1520933281,0.0,186712.7665169127,534793.9186102408,348725.20538427273,0.0,190892.09454166002,539617.2999259328
610,10048.79916,0.035955,0.0,201.933812500001,9846.8293925,600.5341615,348081.1520933281,0.0,186712.7665169127,534793.9186102408,348725.20538427273,0.0,190892.09454166002,539617.2999259328
611,10047.39781,0.034256,0.0,200.5341615,9846.8293925,400.0,348081.1520933281,0.0,186712.7665169127,534793.9186102408,348725.20538427273,0.0,190892.09454166002,539617.2999259328
612,10045.99647,0.038604,818.877672763629,0.0,10864.83553876363,1120.61235203199,348081.1520933281,0.0,186712.7665169127,534793.9186102408,348725.20538427273,0.0,190892.09454166002,539617.2999259328
613,10044.59512,0.035936,820.276354763657,0.0,10864.835538763657,1842.45554422401,348081.1520933281,0.0,186712.7665169127,534793.9186102408,348725.20538427273,0.0,190892.09454166002,539617.2999259328
614,10043.19378,0.03006,350.217115309074,0.0,10393.380835309075,2150.646605696,348081.1520933281,0.0,186712.7665169127,534793.9186102408,348725.20538427273,0.0,190892.09454166002,539617.2999259328
615,10041.95436,0.021143000000000002,822.902321763637,0.0,10864.835538763637,2874.800648848,348081.1520933281,0.0,186712.7665169127,534793.9186102408,348725.20538427273,0.0,190892.09454166002,539617.2999259328
616,10040.7532,0.007833,824.090171763637,0.0,10864.835538763637,3600.0,348081.1520933281,0.0,186712.7665169127,534793.9186102408,348725.20538427273,0.0,190892.09454166002,539617.2999259328
617,10039.55205,0.0,0.0,1000.0,9039.55205,2600.0,348081.1520933281,0.0,186712.7665169127,534793.9186102408,348725.20538427273,0.0,190892.09454166002,539617.2999259328
618,10038.3509,0.0,0.0,1000.0,9038.3509,1600.0,348081.1520933281,0.0,186712.7665169127,534793.9186102408,348725.20538427273,0.0,190892.09454166002,539617.2999259328
619,10037.14975,0.0,0.0,1000.0,9037.14975,600.0,348081.1520933281,0.0,186712.7665169127,534793.9186102408,348725.20538427273,0.0,190892.09454166002,539617.2999259328
620,10035.94859,0.0,0.0,200.0,9835.94859,400.0,348081.1520933281,0.0,186712.7665169127,534793.9186102408,348725.20538427273,0.0,190892.09454166002,539617.2999259328
621,10034.74744,0.0,0.0,0.0,10034.74744,400.0,348081.1520933281,0.0,186712.7665169127,534793.9186102408,348725.20538427273,0.0,190892.09454166002,539617.2999259328
622,10033.54629,0.0,0.0,0.0,10033.54629,400.0,348081.1520933281,0.0,186712.7665169127,534793.9186102408,348725.20538427273,0.0,190892.09454166002,539617.2999259328
623,10032.34514,0.0,0.0,0.0,10032.34514,400.0,348081.1520933281,0.0,186712.7665169127,534793.9186102408,348725.20538427273,0.0,190892.09454166002,539617.2999259328
624,10031.14399,0.0,833.691548763624,0.0,10864.835538763624,1133.64856291199,348081.1520933281,0.0,186712.7665169127,534793.9186102408,348725.20538427273,0.0,190892.09454166002,539617.2999259328
625,10029.84191,0.0,834.993628763629,0.0,10864.835538763627,1868.44295622398,348081.1520933281,0.0,186712.7665169127,534793.9186102408,348725.20538427273,0.0,190892.09454166002,539617.2999259328
626,10028.44057,0.0,287.881801309107,0.0,10316.322371309108,2121.778941376,348081.1520933281,0.0,186712.7665169127,534793.9186102408,348725.20538427273,0.0,190892.09454166002,539617.2999259328
627,10027.03922,0.0,0.0,0.0,10027.03922,2121.778941376,348081.1520933281,0.0,186712.7665169127,534793.9186102408,348725.20538427273,0.0,190892.09454166002,539617.2999259328
628,10025.63788,0.0,839.197658763636,0.0,10864.835538763637,2860.272881088,348081.1520933281,0.0,186712.7665169127,534793.9186102408,348725.20538427273,0.0,190892.09454166002,539617.2999259328
629,10024.23654,0.0,840.598998763637,0.0,10864.835538763637,3600.0,348081.1520933281,0.0,186712.7665169127,534793.9186102408,348725.20538427273,0.0,190892.09454166002,539617.2999259328
630,10022.76477,0.0,0.0,1000.0,9022.76477,2600.00000000001,348081.1520933281,0.0,186712.7665169127,534793.9186102408,348725.20538427273,0.0,190892.09454166002,539617.2999259328
631,10021.16323,0.0,0.0,174.3338375,9846.8293925,2425.66616250001,348081.1520933281,0.0,186712.7665169127,534793.9186102408,348725.20538427273,0.0,190892.09454166002,539617.2999259328
632,10019.5617,0.020010000000000003,0.0,172.7122975,9846.8293925,2252.95386500001,348081.1520933281,0.0,186712.7665169127,534793.9186102408,348725.20538427273,0.0,190892.09454166002,539617.2999259328
633,10017.96016,0.030518,0.0,171.100249500001,9846.8293925,2081.8536155,348081.1520933281,0.0,186712.7665169127,534793.9186102408,348725.20538427273,0.0,190892.09454166002,539617.2999259328
634,10016.35863,0.035586,0.0,681.853615500004,9334.469428499997,1400.0,348081.1520933281,0.0,186712.7665169127,534793.9186102408,348725.20538427273,0.0,190892.09454166002,539617.2999259328
635,10014.79701,0.037751,0.0,1000.0,9014.759259,400.0,348081.1520933281,0.0,186712.7665169127,534793.9186102408,348725.20538427273,0.0,190892.09454166002,539617.2999259328
636,10013.39567,0.038488,851.478356763637,0.0,10864.835538763637,1149.300953952,348081.1520933281,0.0,186712.7665169127,534793.9186102408,348725.20538427273,0.0,190892.09454166002,539617.2999259328
637,10011.99432,0.03381,852.875028763638,0.0,10864.835538763637,1899.830979264,348081.1520933281,0.0,186712.7665169127,534793.9186102408,348725.20538427273,0.0,190892.09454166002,539617.2999259328
638,10010.59298,0.029158000000000003,854.271716763626,0.0,10864.835538763626,2651.59009001599,348081.1520933281,0.0,186712.7665169127,534793.9186102408,348725.20538427273,0.0,190892.09454166002,539617.2999259328
639,10009.19163,0.021633,220.675825309094,0.0,10229.845822309093,2845.78481628799,348081.1520933281,0.0,186712.7665169127,534793.9186102408,348725.20538427273,0.0,190892.09454166002,539617.2999259328
640,10007.78087,0.008039999999999999,857.062708763637,0.0,10864.835538763637,3600.0,348081.1520933281,0.0,186712.7665169127,534793.9186102408,348725.20538427273,0.0,190892.09454166002,539617.2999259328
641,10006.17933,0.0,0.0,1000.0,9006.17933,2600.0,348081.1520933281,0.0,186712.7665169127,534793.9186102408,348725.20538427273,0.0,190892.09454166002,539617.2999259328
642,10004.57779,0.0,0.0,1000.0,9004.57779,1600.0,348081.1520933281,0.0,186712.7665169127,534793.9186102408,348725.20538427273,0.0,190892.09454166002,539617.2999259328
643,10002.97626,0.0,0.0,1000.0,9002.97626,600.0,348081.1520933281,0.0,186712.7665169127,534793.9186102408,348725.20538427273,0.0,190892.09454166002,539617.2999259328
644,10001.37472,0.0,0.0,200.0,9801.37472,400.0,348081.1520933281,0.0,186712.7665169127,534793.9186102408,348725.20538427273,0.0,190892.09454166002,539617.2999259328
645,9999.773186,0.0,0.0,0.0,9999.773186,400.0,348081.1520933281,0.0,186712.7665169127,534793.9186102408,348725.20538427273,0.0,190892.09454166002,539617.2999259328
646,9998.529875,0.0,0.0,0.0,9998.529875,400.0,348081.1520933281,0.0,186712.7665169127,534793.9186102408,348725.20538427273,0.0,190892.09454166002,539617.2999259328
647,9997.328723,0.0,0.0,0.0,9997.328723,400.0,348081.1520933281,0.0,186712.7665169127,534793.9186102408,348725.20538427273,0.0,190892.09454166002,539617.2999259328
648,9996.127571,0.0,0.0,0.0,9996.127571,400.0,348081.1520933281,0.0,186712.7665169127,534793.9186102408,348725.20538427273,0.0,190892.09454166002,539617.2999259328
649,9994.926418,0.0,0.0,0.0,9994.926418,400.0,348081.1520933281,0.0,186712.7665169127,534793.9186102408,348725.20538427273,0.0,190892.09454166002,539617.2999259328
650,9993.725266,0.0,0.0,0.0,9993.725266,400.0,348081.1520933281,0.0,186712.7665169127,534793.9186102408,348725.20538427273,0.0,190892.09454166002,539617.2999259328
651,9992.82134,0.0,0.0,0.0,9992.82134,400.0,348081.1520933281,0.0,186712.7665169127,534793.9186102408,348725.20538427273,0.0,190892.09454166002,539617.2999259328
652,9992.020572,0.0,0.0,0.0,9992.020572,400.0,348081.1520933281,0.0,186712.7665169127,534793.9186102408,348725.20538427273,0.0,190892.09454166002,539617.2999259328
653,9991.219804,0.0,0.0,0.0,9991.219804,400.0,348081.1520933281,0.0,186712.7665169127,534793.9186102408,348725.20538427273,0.0,190892.09454166002,539617.2999259328
654,9990.419036,0.0,0.0,0.0,9990.419036,400.0,348081.1520933281,0.0,186712.7665169127,534793.9186102408,348725.20538427273,0.0,190892.09454166002,539617.2999259328
655,9989.618268,0.0044800000000000005,0.0,0.0,9989.613788,400.0,348081.1520933281,0.0,186712.7665169127,534793.9186102408,348725.20538427273,0.0,190892.09454166002,539617.2999259328
656,9989.053726,0.02195,0.0,0.0,9989.031776,400.0,348081.1520933281,0.0,186712.7665169127,534793.9186102408,348725.20538427273,0.0,190892.09454166002,539617.2999259328
657,9988.653342,0.030928,0.0,0.0,9988.622414,400.0,348081.1520933281,0.0,186712.7665169127,534793.9186102408,348725.20538427273,0.0,190892.09454166002,539617.2999259328
658,9988.252958,0.035011,0.0,0.0,9988.217947,400.0,348081.1520933281,0.0,186712.7665169127,534793.9186102408,348725.20538427273,0.0,190892.09454166002,539617.2999259328
659,9987.852574,0.027951,0.0,0.0,9987.824623,400.0,348081.1520933281,0.0,186712.7665169127,534793.9186102408,348725.20538427273,0.0,190892.09454166002,539617.2999259328
660,9987.45219,0.012353,0.0,0.0,9987.439837,400.0,348081.1520933281,0.0,186712.7665169127,534793.9186102408,348725.20538427273,0.0,190892.09454166002,539617.2999259328
661,9986.964192,0.026095,0.0,0.0,9986.938097,400.0,348081.1520933281,0.0,186712.7665169127,534793.9186102408,348725.20538427273,0.0,190892.09454166002,539617.2999259328
662,9986.363616,0.025393000000000002,0.0,0.0,9986.338223,400.0,348081.1520933281,0.0,186712.7665169127,534793.9186102408,348725.20538427273,0.0,190892.09454166002,539617.2999259328
663,9985.76304,0.018867000000000002,0.0,0.0,9985.744173,400.0,348081.1520933281,0.0,186712.7665169127,534793.9186102408,348725.20538427273,0.0,190892.09454166002,539617.2999259328
664,9985.162464,0.005391,0.0,0.0,9985.157073,400.0,348081.1520933281,0.0,186712.7665169127,534793.9186102408,348725.20538427273,0.0,190892.09454166002,539617.2999259328
665,9984.561888,0.0,0.0,0.0,9984.561888,400.0,348081.1520933281,0.0,186712.7665169127,534793.9186102408,348725.20538427273,0.0,190892.09454166002,539617.2999259328
666,9984.018425,0.0,0.0,0.0,9984.018425,400.0,348081.1520933281,0.0,186712.7665169127,534793.9186102408,348725.20538427273,0.0,190892.09454166002,539617.2999259328
667,9983.618041,0.0,0.0,0.0,9983.618041,400.0,348081.1520933281,0.0,186712.7665169127,534793.9186102408,348725.20538427273,0.0,190892.09454166002,539617.2999259328
668,9983.217657,0.0,0.0,0.0,9983.217657,400.0,348081.1520933281,0.0,186712.7665169127,534793.9186102408,348725.20538427273,0.0,190892.09454166002,539617.2999259328
669,9982.817273,0.0,0.0,0.0,9982.817273,400.0,348081.1520933281,0.0,186712.7665169127,534793.9186102408,348725.20538427273,0.0,190892.09454166002,539617.2999259328
670,9982.416889,0.0,0.0,0.0,9982.416889,400.0,348081.1520933281,0.0,186712.7665169127,534793.9186102408,348725.20538427273,0.0,190892.09454166002,539617.2999259328
671,9981.989891,0.0,0.0,0.0,9981.989891,400.0,348081.1520933281,0.0,186712.7665169127,534793.9186102408,348725.20538427273,0.0,190892.09454166002,539617.2999259328
672,9981.389315,0.0,0.0,0.0,9981.389315,400.0,348081.1520933281,0.0,186712.7665169127,534793.9186102408,348725.20538427273,0.0,190892.09454166002,539617.2999259328
673,9980.788739,0.0,0.0,0.0,9980.788739,400.0,348081.1520933281,0.0,186712.7665169127,534793.9186102408,348725.20538427273,0.0,190892.09454166002,539617.2999259328
674,9980.188162,0.0,0.0,0.0,9980.188162,400.0,348081.1520933281,0.0,186712.7665169127,534793.9186102408,348725.20538427273,0.0,190892.09454166002,539617.2999259328
675,9979.587586,0.0,0.0,0.0,9979.587586,400.0,348081.1520933281,0.0,186712.7665169127,534793.9186102408,348725.20538427273,0.0,190892.09454166002,539617.2999259328
676,9978.98701,0.0,0.0,0.0,9978.98701,400.0,348081.1520933281,0.0,186712.7665169127,534793.9186102408,348725.20538427273,0.0,190892.09454166002,539617.2999259328
677,9978.58274,0.0,0.0,0.0,9978.58274,400.0,348081.1520933281,0.0,186712.7665169127,534793.9186102408,348725.20538427273,0.0,190892.09454166002,539617.2999259328
678,9978.182356,0.0,0.0,0.0,9978.182356,400.0,348081.1520933281,0.0,186712.7665169127,534793.9186102408,348725.20538427273,0.0,190892.09454166002,539617.2999259328
679,9977.781972,0.004477,887.058043763636,0.0,10864.835538763637,1180.611078512,348081.1520933281,0.0,186712.7665169127,534793.9186102408,348725.20538427273,0.0,190892.09454166002,539617.2999259328
680,9977.381588,0.020896,887.474846763636,0.0,10864.835538763637,1961.588943664,348081.1520933281,0.0,186712.7665169127,534793.9186102408,348725.20538427273,0.0,190892.09454166002,539617.2999259328
681,9976.981204,0.029927,887.884261763634,0.0,10864.835538763635,2742.927094016,348081.1520933281,0.0,186712.7665169127,534793.9186102408,348725.20538427273,0.0,190892.09454166002,539617.2999259328
682,9976.415013,0.034818,79.8346163090897,0.0,10056.21481130909,2813.181556368,348081.1520933281,0.0,186712.7665169127,534793.9186102408,348725.20538427273,0.0,190892.09454166002,539617.2999259328
683,9975.814437,0.038632,0.0,0.0,9975.775805000001,2813.181556368,348081.1520933281,0.0,186712.7665169127,534793.9186102408,348725.20538427273,0.0,190892.09454166002,539617.2999259328
684,9975.213861,0.037463,0.0,0.0,9975.176398,2813.181556368,348081.1520933281,0.0,186712.7665169127,534793.9186102408,348725.20538427273,0.0,190892.09454166002,539617.2999259328
685,9974.613285,0.035908999999999996,0.0,0.0,9974.577376,2813.181556368,348081.1520933281,0.0,186712.7665169127,534793.9186102408,348725.20538427273,0.0,190892.09454166002,539617.2999259328
686,9974.012709,0.029575,0.0,0.0,9973.983134,2813.181556368,348081.1520933281,0.0,186712.7665169127,534793.9186102408,348725.20538427273,0.0,190892.09454166002,539617.2999259328
687,9973.682745,0.020225000000000003,0.0,0.0,9973.66252,2813.181556368,348081.1520933281,0.0,186712.7665169127,534793.9186102408,348725.20538427273,0.0,190892.09454166002,539617.2999259328
688,9973.482553,0.008655,0.0,0.0,9973.473898,2813.181556368,348081.1520933281,0.0,186712.7665169127,534793.9186102408,348725.20538427273,0.0,190892.09454166002,539617.2999259328
689,9973.282361,0.0,0.0,0.0,9973.282361,2813.181556368,348081.1520933281,0.0,186712.7665169127,534793.9186102408,348725.20538427273,0.0,190892.09454166002,539617.2999259328
690,9973.082169,0.0,0.0,0.0,9973.082169,2813.181556368,348081.1520933281,0.0,186712.7665169127,534793.9186102408,348725.20538427273,0.0,190892.09454166002,539617.2999259328
691,9972.881977,0.0,0.0,0.0,9972.881977,2813.181556368,348081.1520933281,0.0,186712.7665169127,534793.9186102408,348725.20538427273,0.0,190892.09454166002,539617.2999259328
692,9972.576979,0.0,0.0,0.0,9972.576979,2813.181556368,348081.1520933281,0.0,186712.7665169127,534793.9186102408,348725.20538427273,0.0,190892.09454166002,539617.2999259328
693,9972.176595,0.0,0.0,0.0,9972.176595,2813.181556368,348081.1520933281,0.0,186712.7665169127,534793.9186102408,348725.20538427273,0.0,190892.09454166002,539617.2999259328
694,9971.77621,0.0,0.0,0.0,9971.77621,2813.181556368,348081.1520933281,0.0,186712.7665169127,534793.9186102408,348725.20538427273,0.0,190892.09454166002,539617.2999259328
695,9971.375826,0.0,0.0,0.0,9971.375826,2813.181556368,348081.1520933281,0.0,186712.7665169127,534793.9186102408,348725.20538427273,0.0,190892.09454166002,539617.2999259328
696,9970.975442,0.0,0.0,0.0,9970.975442,2813.181556368,348081.1520933281,0.0,186712.7665169127,534793.9186102408,348725.20538427273,0.0,190892.09454166002,539617.2999259328
697,9970.723671,0.0,0.0,0.0,9970.723671,2813.181556368,348081.1520933281,0.0,186712.7665169127,534793.9186102408,348725.20538427273,0.0,190892.09454166002,539617.2999259328
698,9970.723671,0.0,0.0,0.0,9970.723671,2813.181556368,348081.1520933281,0.0,186712.7665169127,534793.9186102408,348725.20538427273,0.0,190892.09454166002,539617.2999259328
699,9970.723671,0.0,0.0,0.0,9970.723671,2813.181556368,348081.1520933281,0.0,186712.7665169127,534793.9186102408,348725.20538427273,0.0,190892.09454166002,539617.2999259328
700,9970.723671,0.0,0.0,0.0,9970.723671,2813.181556368,348081.1520933281,0.0,186712.7665169127,534793.9186102408,348725.20538427273,0.0,190892.09454166002,539617.2999259328
701,9970.723671,0.0,894.111867763637,0.0,10864.835538763637,3600.0,348081.1520933281,0.0,186712.7665169127,534793.9186102408,348725.20538427273,0.0,190892.09454166002,539617.2999259328
702,9970.723671,0.0,0.0,1000.0,8970.723671,2600.0,348081.1520933281,0.0,186712.7665169127,534793.9186102408,348725.20538427273,0.0,190892.09454166002,539617.2999259328
703,9970.723671,0.004229,0.0,1000.0,8970.719442,1600.0,348081.1520933281,0.0,186712.7665169127,534793.9186102408,348725.20538427273,0.0,190892.09454166002,539617.2999259328
704,9970.723671,0.020986,0.0,123.8732925,9846.8293925,1476.1267075,348081.1520933281,0.0,186712.7665169127,534793.9186102408,348725.20538427273,0.0,190892.09454166002,539617.2999259328
705,9970.723671,0.029071000000000003,0.0,123.865207499999,9846.8293925,1352.2615,348081.1520933281,0.0,186712.7665169127,534793.9186102408,348725.20538427273,0.0,190892.09454166002,539617.2999259328
706,9970.723671,0.032805,0.0,123.861473499999,9846.8293925,1228.4000265,348081.1520933281,0.0,186712.7665169127,534793.9186102408,348725.20538427273,0.0,190892.09454166002,539617.2999259328
707,9970.723671,0.033972,0.0,828.400026499999,9142.289672500001,400.0,348081.1520933281,0.0,186712.7665169127,534793.9186102408,348725.20538427273,0.0,190892.09454166002,539617.2999259328
708,9970.723671,0.038561,894.150428763636,0.0,10864.835538763637,1186.852377312,348081.1520933281,0.0,186712.7665169127,534793.9186102408,348725.20538427273,0.0,190892.09454166002,539617.2999259328
709,9970.723671,0.035290999999999996,894.147158763631,0.0,10864.835538763631,1973.701877024,348081.1520933281,0.0,186712.7665169127,534793.9186102408,348725.20538427273,0.0,190892.09454166002,539617.2999259328
710,9970.723671,0.029359000000000003,894.141226763638,0.0,10864.835538763638,2760.546156576,348081.1520933281,0.0,186712.7665169127,534793.9186102408,348725.20538427273,0.0,190892.09454166002,539617.2999259328
711,9970.723671,0.021293,59.8042983090925,0.0,10030.506676309093,2813.173939088,348081.1520933281,0.0,186712.7665169127,534793.9186102408,348725.20538427273,0.0,190892.09454166002,539617.2999259328
712,9970.723671,0.008656,894.120523763637,0.0,10864.835538763637,3600.0,348081.1520933281,0.0,186712.7665169127,534793.9186102408,348725.20538427273,0.0,190892.09454166002,539617.2999259328
713,9970.723671,0.0,0.0,1000.0,8970.723671,2600.0,348081.1520933281,0.0,186712.7665169127,534793.9186102408,348725.20538427273,0.0,190892.09454166002,539617.2999259328
714,9970.723671,0.0,0.0,1000.0,8970.723671,1600.0,348081.1520933281,0.0,186712.7665169127,534793.9186102408,348725.20538427273,0.0,190892.09454166002,539617.2999259328
715,9970.723671,0.0,0.0,1000.0,8970.723671,600.000000000002,348081.1520933281,0.0,186712.7665169127,534793.9186102408,348725.20538427273,0.0,190892.09454166002,539617.2999259328
716,9970.723671,0.0,0.0,200.000000000002,9770.723670999998,400.0,348081.1520933281,0.0,186712.7665169127,534793.9186102408,348725.20538427273,0.0,190892.09454166002,539617.2999259328
717,9970.723671,0.0,894.111867763637,0.0,10864.835538763637,1186.818443632,348081.1520933281,0.0,186712.7665169127,534793.9186102408,348725.20538427273,0.0,190892.09454166002,539617.2999259328
718,9970.723671,0.0,894.111867763651,0.0,10864.835538763651,1973.63688726401,348081.1520933281,0.0,186712.7665169127,534793.9186102408,348725.20538427273,0.0,190892.09454166002,539617.2999259328
719,9970.723671,0.0,894.111867763633,0.0,10864.835538763633,2760.45533089601,348081.1520933281,0.0,186712.7665169127,534793.9186102408,348725.20538427273,0.0,190892.09454166002,539617.2999259328
720,9970.723671,0.0,59.9161653090794,0.0,10030.63983630908,2813.181556368,348081.1520933281,0.0,186712.7665169127,534793.9186102408,348725.20538427273,0.0,190892.09454166002,539617.2999259328
721,9970.723671,0.0,0.0,0.0,9970.723671,2813.181556368,348081.1520933281,0.0,186712.7665169127,534793.9186102408,348725.20538427273,0.0,190892.09454166002,539617.2999259328
722,9970.723671,0.0,0.0,0.0,9970.723671,2813.181556368,348081.1520933281,0.0,186712.7665169127,534793.9186102408,348725.20538427273,0.0,190892.09454166002,539617.2999259328
723,9970.723671,0.0,0.0,0.0,9970.723671,2813.181556368,348081.1520933281,0.0,186712.7665169127,534793.9186102408,348725.20538427273,0.0,190892.09454166002,539617.2999259328
724,9970.723671,0.0,0.0,0.0,9970.723671,2813.181556368,348081.1520933281,0.0,186712.7665169127,534793.9186102408,348725.20538427273,0.0,190892.09454166002,539617.2999259328
725,9970.723671,0.0,894.111867763637,0.0,10864.835538763637,3600.0,348081.1520933281,0.0,186712.7665169127,534793.9186102408,348725.20538427273,0.0,190892.09454166002,539617.2999259328
726,9970.723671,0.0,0.0,1000.0,8970.723671,2600.00000000001,348081.1520933281,0.0,186712.7665169127,534793.9186102408,348725.20538427273,0.0,190892.09454166002,539617.2999259328
727,9970.723671,0.004309,0.0,1000.0,8970.719362,1600.00000000001,348081.1520933281,0.0,186712.7665169127,534793.9186102408,348725.20538427273,0.0,190892.09454166002,539617.2999259328
728,9970.723671,0.021054,0.0,828.421839500008,9142.280777499991,771.578160499999,348081.1520933281,0.0,186712.7665169127,534793.9186102408,348725.20538427273,0.0,190892.09454166002,539617.2999259328
729,9970.723671,0.030137,0.0,123.8641415,9846.8293925,647.714018999999,348081.1520933281,0.0,186712.7665169127,534793.9186102408,348725.20538427273,0.0,190892.09454166002,539617.2999259328
730,9970.723671,0.035856,0.0,123.8584225,9846.8293925,523.8555965,348081.1520933281,0.0,186712.7665169127,534793.9186102408,348725.20538427273,0.0,190892.09454166002,539617.2999259328
731,9970.723671,0.038682,0.0,123.8555965,9846.8293925,400.0,348081.1520933281,0.0,186712.7665169127,534793.9186102408,348725.20538427273,0.0,190892.09454166002,539617.2999259328
732,9970.723671,0.038164000000000003,894.150031763636,0.0,10864.835538763637,1186.852027952,348081.1520933281,0.0,186712.7665169127,534793.9186102408,348725.20538427273,0.0,190892.09454166002,539617.2999259328
733,9970.723671,0.03395,894.14581776363,0.0,10864.835538763631,1973.70034758399,348081.1520933281,0.0,186712.7665169127,534793.9186102408,348725.20538427273,0.0,190892.09454166002,539617.2999259328
734,9970.723671,0.028538,894.140405763635,0.0,10864.835538763635,2760.54390465599,348081.1520933281,0.0,186712.7665169127,534793.9186102408,348725.20538427273,0.0,190892.09454166002,539617.2999259328
735,9970.723671,0.020986,59.8073163090992,0.0,10030.5100013091,2813.174343008,348081.1520933281,0.0,186712.7665169127,534793.9186102408,348725.20538427273,0.0,190892.09454166002,539617.2999259328
736,9970.723671,0.008197,894.120064763636,0.0,10864.835538763637,3600.0,348081.1520933281,0.0,186712.7665169127,534793.9186102408,348725.20538427273,0.0,190892.09454166002,539617.2999259328
737,9970.723671,0.0,0.0,1000.0,8970.723671,2600.0,348081.1520933281,0.0,186712.7665169127,534793.9186102408,348725.20538427273,0.0,190892.09454166002,539617.2999259328
738,9970.723671,0.0,0.0,199.999999999999,9770.723671000002,2400.0,348081.1520933281,0.0,186712.7665169127,534793.9186102408,348725.20538427273,0.0,190892.09454166002,539617.2999259328
739,9970.723671,0.0,0.0,1000.0,8970.723671,1400.0,348081.1520933281,0.0,186712.7665169127,534793.9186102408,348725.20538427273,0.0,190892.09454166002,539617.2999259328
740,9970.723671,0.0,0.0,1000.0,8970.723671,400.0,348081.1520933281,0.0,186712.7665169127,534793.9186102408,348725.20538427273,0.0,190892.09454166002,539617.2999259328
741,9970.723671,0.0,29.9580826545446,0.0,10000.681753654544,426.363112735999,348081.1520933281,0.0,186712.7665169127,534793.9186102408,348725.20538427273,0.0,190892.09454166002,539617.2999259328
742,9970.723671,0.0,894.111867763637,0.0,10864.835538763637,1213.181556368,348081.1520933281,0.0,186712.7665169127,534793.9186102408,348725.20538427273,0.0,190892.09454166002,539617.2999259328
743,9970.723671,0.0,894.111867763637,0.0,10864.835538763637,2000.0,348081.1520933281,0.0,186712.7665169127,534793.9186102408,348725.20538427273,0.0,190892.09454166002,539617.2999259328
