time,Pload,Ppv,Pcharge,Pdischarge,Ptotal,state of charge,energy_charge_with_es,nem_charge_with_es,demand_charge_with_es,total_bill_with_es,energy_charge_without_es,nem_charge_without_es,demand_charge_without_es,total_bill_without_es
0,9876.466662,0.0,0.0,0.0,9876.466662,300.0,348632.90851754986,0.0,190263.6028805487,538896.5113980985,348725.20538427273,0.0,190892.09454166002,539617.2999259328
1,9875.866086,0.0,0.0,0.0,9875.866086,300.0,348632.90851754986,0.0,190263.6028805487,538896.5113980985,348725.20538427273,0.0,190892.09454166002,539617.2999259328
2,9874.51373,0.0,0.0,0.0,9874.51373,300.0,348632.90851754986,0.0,190263.6028805487,538896.5113980985,348725.20538427273,0.0,190892.09454166002,539617.2999259328
3,9873.112386,0.0,0.0,0.0,9873.112386,300.0,348632.90851754986,0.0,190263.6028805487,538896.5113980985,348725.20538427273,0.0,190892.09454166002,539617.2999259328
4,9871.711041,0.0,0.0,0.0,9871.711041,300.0,348632.90851754986,0.0,190263.6028805487,538896.5113980985,348725.20538427273,0.0,190892.09454166002,539617.2999259328
5,9870.309697,0.0,0.0,0.0,9870.309697,300.0,348632.90851754986,0.0,190263.6028805487,538896.5113980985,348725.20538427273,0.0,190892.09454166002,539617.2999259328
6,9868.908353,0.0,0.0,0.0,9868.908353,300.0,348632.90851754986,0.0,190263.6028805487,538896.5113980985,348725.20538427273,0.0,190892.09454166002,539617.2999259328
7,9867.821899,0.0,0.0,0.0,9867.821899,300.0,348632.90851754986,0.0,190263.6028805487,538896.5113980985,348725.20538427273,0.0,190892.09454166002,539617.2999259328
8,9866.820939,0.012304,0.0,0.0,9866.808635,300.0,348632.90851754986,0.0,190263.6028805487,538896.5113980985,348725.20538427273,0.0,190892.09454166002,539617.2999259328
9,9865.819978,0.028413,0.0,0.0,9865.791565,300.0,348632.90851754986,0.0,190263.6028805487,538896.5113980985,348725.20538427273,0.0,190892.09454166002,539617.2999259328
10,9864.819018,0.006582,0.0,0.0,9864.812436,300.0,348632.90851754986,0.0,190263.6028805487,538896.5113980985,348725.20538427273,0.0,190892.09454166002,539617.2999259328
11,9863.818058,0.017794,0.0,0.0,9863.800264000001,300.0,348632.90851754986,0.0,190263.6028805487,538896.5113980985,348725.20538427273,0.0,190892.09454166002,539617.2999259328
12,9862.817098,0.031283000000000005,0.0,0.0,9862.785815,300.0,348632.90851754986,0.0,190263.6028805487,538896.5113980985,348725.20538427273,0.0,190892.09454166002,539617.2999259328
13,9861.816137,0.023627,0.0,0.0,9861.79251,300.0,348632.90851754986,0.0,190263.6028805487,538896.5113980985,348725.20538427273,0.0,190892.09454166002,539617.2999259328
14,9860.815177,0.012162000000000001,0.0,0.0,9860.803015,300.0,348632.90851754986,0.0,190263.6028805487,538896.5113980985,348725.20538427273,0.0,190892.09454166002,539617.2999259328
15,9859.814217,0.015036,0.0,0.0,9859.799180999998,300.0,348632.90851754986,0.0,190263.6028805487,538896.5113980985,348725.20538427273,0.0,190892.09454166002,539617.2999259328
16,9858.813257,0.002523,0.0,0.0,9858.810734,300.0,348632.90851754986,0.0,190263.6028805487,538896.5113980985,348725.20538427273,0.0,190892.09454166002,539617.2999259328
17,9857.812297,0.0,0.0,0.0,9857.812297,300.0,348632.90851754986,0.0,190263.6028805487,538896.5113980985,348725.20538427273,0.0,190892.09454166002,539617.2999259328
18,9856.811336,0.0,0.0,0.0,9856.811336,300.0,348632.90851754986,0.0,190263.6028805487,538896.5113980985,348725.20538427273,0.0,190892.09454166002,539617.2999259328
19,9855.810376,0.0,0.0,0.0,9855.810376,300.0,348632.90851754986,0.0,190263.6028805487,538896.5113980985,348725.20538427273,0.0,190892.09454166002,539617.2999259328
20,9854.809416,0.0,0.0,0.0,9854.809416,300.0,348632.90851754986,0.0,190263.6028805487,538896.5113980985,348725.20538427273,0.0,190892.09454166002,539617.2999259328
21,9853.808456,0.0,0.0,0.0,9853.808456,300.0,348632.90851754986,0.0,190263.6028805487,538896.5113980985,348725.20538427273,0.0,190892.09454166002,539617.2999259328
22,9852.74155,0.0,0.0,0.0,9852.74155,300.0,348632.90851754986,0.0,190263.6028805487,538896.5113980985,348725.20538427273,0.0,190892.09454166002,539617.2999259328
23,9851.540398,0.0,0.0,0.0,9851.540398,300.0,348632.90851754986,0.0,190263.6028805487,538896.5113980985,348725.20538427273,0.0,190892.09454166002,539617.2999259328
24,9850.339245,0.0,0.0,0.0,9850.339245,300.0,348632.90851754986,0.0,190263.6028805487,538896.5113980985,348725.20538427273,0.0,190892.09454166002,539617.2999259328
25,9849.138093,0.0,0.0,0.0,9849.138093,300.0,348632.90851754986,0.0,190263.6028805487,538896.5113980985,348725.20538427273,0.0,190892.09454166002,539617.2999259328
26,9847.936941,0.0,0.0,0.0,9847.936941,300.0,348632.90851754986,0.0,190263.6028805487,538896.5113980985,348725.20538427273,0.0,190892.09454166002,539617.2999259328
27,9846.80668,0.0,100.0,0.0,9946.80668,388.0,348632.90851754986,0.0,190263.6028805487,538896.5113980985,348725.20538427273,0.0,190892.09454166002,539617.2999259328
28,9846.005912,0.0,100.0,0.0,9946.005912,476.0,348632.90851754986,0.0,190263.6028805487,538896.5113980985,348725.20538427273,0.0,190892.09454166002,539617.2999259328
29,9845.205144,0.0,72.7272727272727,0.0,9917.932416727272,540.0,348632.90851754986,0.0,190263.6028805487,538896.5113980985,348725.20538427273,0.0,190892.09454166002,539617.2999259328
30,9844.404376,0.0,0.0,100.0,9744.404376,440.0,348632.90851754986,0.0,190263.6028805487,538896.5113980985,348725.20538427273,0.0,190892.09454166002,539617.2999259328
31,9843.603607,0.0,0.0,100.0,9743.603607,340.0,348632.90851754986,0.0,190263.6028805487,538896.5113980985,348725.20538427273,0.0,190892.09454166002,539617.2999259328
32,9842.797893,0.003467,0.0,100.0,9742.794426,240.0,348632.90851754986,0.0,190263.6028805487,538896.5113980985,348725.20538427273,0.0,190892.09454166002,539617.2999259328
33,9841.796933,0.030414000000000004,0.0,100.0,9741.766518999999,140.0,348632.90851754986,0.0,190263.6028805487,538896.5113980985,348725.20538427273,0.0,190892.09454166002,539617.2999259328
34,9840.795973,0.032741,0.0,80.0,9760.763232,60.0,348632.90851754986,0.0,190263.6028805487,538896.5113980985,348725.20538427273,0.0,190892.09454166002,539617.2999259328
35,9839.795013,0.032521,0.0,0.0,9839.762492000002,60.0,348632.90851754986,0.0,190263.6028805487,538896.5113980985,348725.20538427273,0.0,190892.09454166002,539617.2999259328
36,9838.794052,0.035648000000000006,100.0,0.0,9938.758404,148.0,348632.90851754986,0.0,190263.6028805487,538896.5113980985,348725.20538427273,0.0,190892.09454166002,539617.2999259328
37,9837.793092,0.033394,100.0,0.0,9937.759698,236.0,348632.90851754986,0.0,190263.6028805487,538896.5113980985,348725.20538427273,0.0,190892.09454166002,539617.2999259328
38,9836.96677,0.028274999999999998,100.0,0.0,9936.938495,324.0,348632.90851754986,0.0,190263.6028805487,538896.5113980985,348725.20538427273,0.0,190892.09454166002,539617.2999259328
39,9836.166002,0.01787,100.0,0.0,9936.148132,412.0,348632.90851754986,0.0,190263.6028805487,538896.5113980985,348725.20538427273,0.0,190892.09454166002,539617.2999259328
40,9835.365234,0.0052569999999999995,100.0,0.0,9935.359977,500.0,348632.90851754986,0.0,190263.6028805487,538896.5113980985,348725.20538427273,0.0,190892.09454166002,539617.2999259328
41,9834.564465,0.0,0.0,100.0,9734.564465,400.0,348632.90851754986,0.0,190263.6028805487,538896.5113980985,348725.20538427273,0.0,190892.09454166002,539617.2999259328
42,9833.763697,0.0,0.0,100.0,9733.763697,300.0,348632.90851754986,0.0,190263.6028805487,538896.5113980985,348725.20538427273,0.0,190892.09454166002,539617.2999259328
43,9832.962929,0.0,0.0,100.0,9732.962929,200.0,348632.90851754986,0.0,190263.6028805487,538896.5113980985,348725.20538427273,0.0,190892.09454166002,539617.2999259328
44,9832.162161,0.0,0.0,100.0,9732.162161,100.0,348632.90851754986,0.0,190263.6028805487,538896.5113980985,348725.20538427273,0.0,190892.09454166002,539617.2999259328
45,9831.361393,0.0,0.0,0.0,9831.361393,100.0,348632.90851754986,0.0,190263.6028805487,538896.5113980985,348725.20538427273,0.0,190892.09454166002,539617.2999259328
46,9830.560625,0.0,0.0,0.0,9830.560625,100.0,348632.90851754986,0.0,190263.6028805487,538896.5113980985,348725.20538427273,0.0,190892.09454166002,539617.2999259328
47,9829.759856,0.0,0.0,0.0,9829.759856,100.0,348632.90851754986,0.0,190263.6028805487,538896.5113980985,348725.20538427273,0.0,190892.09454166002,539617.2999259328
48,9829.300004,0.0,0.0,0.0,9829.300004,100.0,348632.90851754986,0.0,190263.6028805487,538896.5113980985,348725.20538427273,0.0,190892.09454166002,539617.2999259328
49,9829.099811,0.0,100.0,0.0,9929.099811,188.0,348632.90851754986,0.0,190263.6028805487,538896.5113980985,348725.20538427273,0.0,190892.09454166002,539617.2999259328
50,9828.899619,0.0,100.0,0.0,9928.899619,276.0,348632.90851754986,0.0,190263.6028805487,538896.5113980985,348725.20538427273,0.0,190892.09454166002,539617.2999259328
51,9828.699427,0.0,100.0,0.0,9928.699427,364.0,348632.90851754986,0.0,190263.6028805487,538896.5113980985,348725.20538427273,0.0,190892.09454166002,539617.2999259328
52,9828.499235,0.0,100.0,0.0,9928.499235,452.0,348632.90851754986,0.0,190263.6028805487,538896.5113980985,348725.20538427273,0.0,190892.09454166002,539617.2999259328
53,9828.299043,0.0,100.0,0.0,9928.299043,540.0,348632.90851754986,0.0,190263.6028805487,538896.5113980985,348725.20538427273,0.0,190892.09454166002,539617.2999259328
54,9828.098851,0.0,0.0,100.0,9728.098851,440.0,348632.90851754986,0.0,190263.6028805487,538896.5113980985,348725.20538427273,0.0,190892.09454166002,539617.2999259328
55,9827.898659,0.0,0.0,100.0,9727.898659,340.0,348632.90851754986,0.0,190263.6028805487,538896.5113980985,348725.20538427273,0.0,190892.09454166002,539617.2999259328
56,9827.698467,0.012853999999999999,0.0,100.0,9727.685613,240.0,348632.90851754986,0.0,190263.6028805487,538896.5113980985,348725.20538427273,0.0,190892.09454166002,539617.2999259328
57,9827.498275,0.002488,0.0,100.0,9727.495787,140.0,348632.90851754986,0.0,190263.6028805487,538896.5113980985,348725.20538427273,0.0,190892.09454166002,539617.2999259328
58,9827.350722,0.0030910000000000004,0.0,80.0,9747.347630999999,60.0,348632.90851754986,0.0,190263.6028805487,538896.5113980985,348725.20538427273,0.0,190892.09454166002,539617.2999259328
59,9827.350722,0.014156,0.0,0.0,9827.336566,60.0,348632.90851754986,0.0,190263.6028805487,538896.5113980985,348725.20538427273,0.0,190892.09454166002,539617.2999259328
60,9827.350722,0.007221,100.0,0.0,9927.343501,148.0,348632.90851754986,0.0,190263.6028805487,538896.5113980985,348725.20538427273,0.0,190892.09454166002,539617.2999259328
61,9827.350722,0.005687,100.0,0.0,9927.345034999998,236.0,348632.90851754986,0.0,190263.6028805487,538896.5113980985,348725.20538427273,0.0,190892.09454166002,539617.2999259328
62,9827.350722,0.004176999999999999,100.0,0.0,9927.346544999999,324.0,348632.90851754986,0.0,190263.6028805487,538896.5113980985,348725.20538427273,0.0,190892.09454166002,539617.2999259328
63,9827.372861,0.004094,100.0,0.0,9927.368767,412.0,348632.90851754986,0.0,190263.6028805487,538896.5113980985,348725.20538427273,0.0,190892.09454166002,539617.2999259328
64,9827.573053,0.000365,100.0,0.0,9927.572688,500.0,348632.90851754986,0.0,190263.6028805487,538896.5113980985,348725.20538427273,0.0,190892.09454166002,539617.2999259328
65,9827.773245,0.0,0.0,100.0,9727.773245,400.0,348632.90851754986,0.0,190263.6028805487,538896.5113980985,348725.20538427273,0.0,190892.09454166002,539617.2999259328
66,9827.973437,0.0,0.0,100.0,9727.973437,300.0,348632.90851754986,0.0,190263.6028805487,538896.5113980985,348725.20538427273,0.0,190892.09454166002,539617.2999259328
67,9828.173629,0.0,0.0,100.0,9728.173629,200.0,348632.90851754986,0.0,190263.6028805487,538896.5113980985,348725.20538427273,0.0,190892.09454166002,539617.2999259328
68,9828.373821,0.0,0.0,100.0,9728.373821,100.0,348632.90851754986,0.0,190263.6028805487,538896.5113980985,348725.20538427273,0.0,190892.09454166002,539617.2999259328
69,9828.574013,0.0,0.0,0.0,9828.574013,100.0,348632.90851754986,0.0,190263.6028805487,538896.5113980985,348725.20538427273,0.0,190892.09454166002,539617.2999259328
70,9828.774205,0.0,0.0,0.0,9828.774205,100.0,348632.90851754986,0.0,190263.6028805487,538896.5113980985,348725.20538427273,0.0,190892.09454166002,539617.2999259328
71,9828.974397,0.0,0.0,0.0,9828.974397,100.0,348632.90851754986,0.0,190263.6028805487,538896.5113980985,348725.20538427273,0.0,190892.09454166002,539617.2999259328
72,9829.174589,0.0,0.0,0.0,9829.174589,100.0,348632.90851754986,0.0,190263.6028805487,538896.5113980985,348725.20538427273,0.0,190892.09454166002,539617.2999259328
73,9829.374781,0.0,100.0,0.0,9929.374781,188.0,348632.90851754986,0.0,190263.6028805487,538896.5113980985,348725.20538427273,0.0,190892.09454166002,539617.2999259328
74,9829.413642,0.0,100.0,0.0,9929.413642,276.0,348632.90851754986,0.0,190263.6028805487,538896.5113980985,348725.20538427273,0.0,190892.09454166002,539617.2999259328
75,9829.413642,0.0,100.0,0.0,9929.413642,364.0,348632.90851754986,0.0,190263.6028805487,538896.5113980985,348725.20538427273,0.0,190892.09454166002,539617.2999259328
76,9829.413642,0.0,100.0,0.0,9929.413642,452.0,348632.90851754986,0.0,190263.6028805487,538896.5113980985,348725.20538427273,0.0,190892.09454166002,539617.2999259328
77,9829.413642,0.0,100.0,0.0,9929.413642,540.0,348632.90851754986,0.0,190263.6028805487,538896.5113980985,348725.20538427273,0.0,190892.09454166002,539617.2999259328
78,9829.413642,0.0,0.0,100.0,9729.413642,440.0,348632.90851754986,0.0,190263.6028805487,538896.5113980985,348725.20538427273,0.0,190892.09454166002,539617.2999259328
79,9829.413642,0.0,0.0,100.0,9729.413642,340.0,348632.90851754986,0.0,190263.6028805487,538896.5113980985,348725.20538427273,0.0,190892.09454166002,539617.2999259328
80,9829.413642,0.014273,0.0,100.0,9729.399368999999,240.0,348632.90851754986,0.0,190263.6028805487,538896.5113980985,348725.20538427273,0.0,190892.09454166002,539617.2999259328
81,9829.413642,0.022481,0.0,100.0,9729.391161,140.0,348632.90851754986,0.0,190263.6028805487,538896.5113980985,348725.20538427273,0.0,190892.09454166002,539617.2999259328
82,9829.413642,0.027472000000000003,0.0,80.0,9749.38617,60.0,348632.90851754986,0.0,190263.6028805487,538896.5113980985,348725.20538427273,0.0,190892.09454166002,539617.2999259328
83,9829.413642,0.0353,0.0,0.0,9829.378342,60.0,348632.90851754986,0.0,190263.6028805487,538896.5113980985,348725.20538427273,0.0,190892.09454166002,539617.2999259328
84,9829.212979,0.03687,100.0,0.0,9929.176109,148.0,348632.90851754986,0.0,190263.6028805487,538896.5113980985,348725.20538427273,0.0,190892.09454166002,539617.2999259328
85,9828.812595,0.034761,100.0,0.0,9928.777833999999,236.0,348632.90851754986,0.0,190263.6028805487,538896.5113980985,348725.20538427273,0.0,190892.09454166002,539617.2999259328
86,9828.412211,0.027667999999999998,100.0,0.0,9928.384543,324.0,348632.90851754986,0.0,190263.6028805487,538896.5113980985,348725.20538427273,0.0,190892.09454166002,539617.2999259328
87,9828.011827,0.019189,100.0,0.0,9927.992638,412.0,348632.90851754986,0.0,190263.6028805487,538896.5113980985,348725.20538427273,0.0,190892.09454166002,539617.2999259328
88,9827.611442,0.006641,100.0,0.0,9927.604801,500.0,348632.90851754986,0.0,190263.6028805487,538896.5113980985,348725.20538427273,0.0,190892.09454166002,539617.2999259328
89,9827.28089,0.0,0.0,100.0,9727.28089,400.0,348632.90851754986,0.0,190263.6028805487,538896.5113980985,348725.20538427273,0.0,190892.09454166002,539617.2999259328
90,9827.080698,0.0,0.0,100.0,9727.080698,300.0,348632.90851754986,0.0,190263.6028805487,538896.5113980985,348725.20538427273,0.0,190892.09454166002,539617.2999259328
91,9826.880506,0.0,0.0,100.0,9726.880506,200.0,348632.90851754986,0.0,190263.6028805487,538896.5113980985,348725.20538427273,0.0,190892.09454166002,539617.2999259328
92,9826.680314,0.0,0.0,100.0,9726.680314,100.0,348632.90851754986,0.0,190263.6028805487,538896.5113980985,348725.20538427273,0.0,190892.09454166002,539617.2999259328
93,9826.480122,0.0,0.0,0.0,9826.480122,100.0,348632.90851754986,0.0,190263.6028805487,538896.5113980985,348725.20538427273,0.0,190892.09454166002,539617.2999259328
94,9826.27993,0.0,0.0,0.0,9826.27993,100.0,348632.90851754986,0.0,190263.6028805487,538896.5113980985,348725.20538427273,0.0,190892.09454166002,539617.2999259328
95,9826.079738,0.0,0.0,0.0,9826.079738,100.0,348632.90851754986,0.0,190263.6028805487,538896.5113980985,348725.20538427273,0.0,190892.09454166002,539617.2999259328
96,9825.879546,0.0,0.0,0.0,9825.879546,100.0,348632.90851754986,0.0,190263.6028805487,538896.5113980985,348725.20538427273,0.0,190892.09454166002,539617.2999259328
97,9825.679354,0.0,100.0,0.0,9925.679354,188.0,348632.90851754986,0.0,190263.6028805487,538896.5113980985,348725.20538427273,0.0,190892.09454166002,539617.2999259328
98,9825.479162,0.0,100.0,0.0,9925.479162,276.0,348632.90851754986,0.0,190263.6028805487,538896.5113980985,348725.20538427273,0.0,190892.09454166002,539617.2999259328
99,9825.287802,0.0,100.0,0.0,9925.287802,364.0,348632.90851754986,0.0,190263.6028805487,538896.5113980985,348725.20538427273,0.0,190892.09454166002,539617.2999259328
100,9825.287802,0.0,100.0,0.0,9925.287802,452.0,348632.90851754986,0.0,190263.6028805487,538896.5113980985,348725.20538427273,0.0,190892.09454166002,539617.2999259328
101,9825.287802,0.0,100.0,0.0,9925.287802,540.0,348632.90851754986,0.0,190263.6028805487,538896.5113980985,348725.20538427273,0.0,190892.09454166002,539617.2999259328
102,9825.287802,0.0,0.0,100.0,9725.287802,440.0,348632.90851754986,0.0,190263.6028805487,538896.5113980985,348725.20538427273,0.0,190892.09454166002,539617.2999259328
103,9825.287802,0.0,0.0,100.0,9725.287802,340.0,348632.90851754986,0.0,190263.6028805487,538896.5113980985,348725.20538427273,0.0,190892.09454166002,539617.2999259328
104,9825.287802,0.022033,0.0,100.0,9725.265769000001,240.0,348632.90851754986,0.0,190263.6028805487,538896.5113980985,348725.20538427273,0.0,190892.09454166002,539617.2999259328
105,9825.287802,0.028869,0.0,100.0,9725.258933000001,140.0,348632.90851754986,0.0,190263.6028805487,538896.5113980985,348725.20538427273,0.0,190892.09454166002,539617.2999259328
106,9825.287802,0.031297,0.0,80.0,9745.256505000001,60.0,348632.90851754986,0.0,190263.6028805487,538896.5113980985,348725.20538427273,0.0,190892.09454166002,539617.2999259328
107,9825.287802,0.035122,0.0,0.0,9825.252680000001,60.0,348632.90851754986,0.0,190263.6028805487,538896.5113980985,348725.20538427273,0.0,190892.09454166002,539617.2999259328
108,9825.287802,0.035528,100.0,0.0,9925.252274,148.0,348632.90851754986,0.0,190263.6028805487,538896.5113980985,348725.20538427273,0.0,190892.09454166002,539617.2999259328
109,9825.287802,0.030224,100.0,0.0,9925.257578,236.0,348632.90851754986,0.0,190263.6028805487,538896.5113980985,348725.20538427273,0.0,190892.09454166002,539617.2999259328
110,9825.139777,0.025391,100.0,0.0,9925.114386000001,324.0,348632.90851754986,0.0,190263.6028805487,538896.5113980985,348725.20538427273,0.0,190892.09454166002,539617.2999259328
111,9824.939585,0.019173,100.0,0.0,9924.920412,412.0,348632.90851754986,0.0,190263.6028805487,538896.5113980985,348725.20538427273,0.0,190892.09454166002,539617.2999259328
112,9824.739393,0.006704,100.0,0.0,9924.732689,500.0,348632.90851754986,0.0,190263.6028805487,538896.5113980985,348725.20538427273,0.0,190892.09454166002,539617.2999259328
113,9824.539201,0.0,0.0,100.0,9724.539201,400.0,348632.90851754986,0.0,190263.6028805487,538896.5113980985,348725.20538427273,0.0,190892.09454166002,539617.2999259328
114,9824.339009,0.0,0.0,100.0,9724.339009,300.0,348632.90851754986,0.0,190263.6028805487,538896.5113980985,348725.20538427273,0.0,190892.09454166002,539617.2999259328
115,9824.608915,0.0,0.0,100.0,9724.608915,200.0,348632.90851754986,0.0,190263.6028805487,538896.5113980985,348725.20538427273,0.0,190892.09454166002,539617.2999259328
116,9825.209491,0.0,0.0,100.0,9725.209491,100.0,348632.90851754986,0.0,190263.6028805487,538896.5113980985,348725.20538427273,0.0,190892.09454166002,539617.2999259328
117,9825.810067,0.0,0.0,0.0,9825.810067,100.0,348632.90851754986,0.0,190263.6028805487,538896.5113980985,348725.20538427273,0.0,190892.09454166002,539617.2999259328
118,9826.410644,0.0,0.0,0.0,9826.410644,100.0,348632.90851754986,0.0,190263.6028805487,538896.5113980985,348725.20538427273,0.0,190892.09454166002,539617.2999259328
119,9827.01122,0.0,0.0,0.0,9827.01122,100.0,348632.90851754986,0.0,190263.6028805487,538896.5113980985,348725.20538427273,0.0,190892.09454166002,539617.2999259328
120,9827.69882,0.0,0.0,0.0,9827.69882,100.0,348632.90851754986,0.0,190263.6028805487,538896.5113980985,348725.20538427273,0.0,190892.09454166002,539617.2999259328
121,9828.499589,0.0,100.0,0.0,9928.499589,188.0,348632.90851754986,0.0,190263.6028805487,538896.5113980985,348725.20538427273,0.0,190892.09454166002,539617.2999259328
122,9829.300357,0.0,100.0,0.0,9929.300357,276.0,348632.90851754986,0.0,190263.6028805487,538896.5113980985,348725.20538427273,0.0,190892.09454166002,539617.2999259328
123,9830.101125,0.0,100.0,0.0,9930.101125,364.0,348632.90851754986,0.0,190263.6028805487,538896.5113980985,348725.20538427273,0.0,190892.09454166002,539617.2999259328
124,9830.901893,0.0,100.0,0.0,9930.901893,452.0,348632.90851754986,0.0,190263.6028805487,538896.5113980985,348725.20538427273,0.0,190892.09454166002,539617.2999259328
125,9831.702661,0.0,100.0,0.0,9931.702661,540.0,348632.90851754986,0.0,190263.6028805487,538896.5113980985,348725.20538427273,0.0,190892.09454166002,539617.2999259328
126,9832.50343,0.0,0.0,100.0,9732.50343,440.0,348632.90851754986,0.0,190263.6028805487,538896.5113980985,348725.20538427273,0.0,190892.09454166002,539617.2999259328
127,9833.304198,0.0,0.0,100.0,9733.304198,340.0,348632.90851754986,0.0,190263.6028805487,538896.5113980985,348725.20538427273,0.0,190892.09454166002,539617.2999259328
128,9834.104966,0.015803,0.0,100.0,9734.089163,240.0,348632.90851754986,0.0,190263.6028805487,538896.5113980985,348725.20538427273,0.0,190892.09454166002,539617.2999259328
129,9834.905734,0.029802,0.0,100.0,9734.875932,140.0,348632.90851754986,0.0,190263.6028805487,538896.5113980985,348725.20538427273,0.0,190892.09454166002,539617.2999259328
130,9835.680477,0.035129,0.0,80.0,9755.645348,60.0,348632.90851754986,0.0,190263.6028805487,538896.5113980985,348725.20538427273,0.0,190892.09454166002,539617.2999259328
131,9836.281053,0.032653,0.0,0.0,9836.2484,60.0,348632.90851754986,0.0,190263.6028805487,538896.5113980985,348725.20538427273,0.0,190892.09454166002,539617.2999259328
132,9836.88163,0.035983,54.5454545454545,0.0,9891.391101545454,108.0,348632.90851754986,0.0,190263.6028805487,538896.5113980985,348725.20538427273,0.0,190892.09454166002,539617.2999259328
133,9837.482206,0.03155,100.0,0.0,9937.450656,196.0,348632.90851754986,0.0,190263.6028805487,538896.5113980985,348725.20538427273,0.0,190892.09454166002,539617.2999259328
134,9838.082782,0.02602,100.0,0.0,9938.056762,284.0,348632.90851754986,0.0,190263.6028805487,538896.5113980985,348725.20538427273,0.0,190892.09454166002,539617.2999259328
135,9838.683358,0.017355000000000002,100.0,0.0,9938.666003,372.0,348632.90851754986,0.0,190263.6028805487,538896.5113980985,348725.20538427273,0.0,190892.09454166002,539617.2999259328
136,9839.479651,0.0055119999999999995,100.0,0.0,9939.474139,460.0,348632.90851754986,0.0,190263.6028805487,538896.5113980985,348725.20538427273,0.0,190892.09454166002,539617.2999259328
137,9840.280419,0.0,0.0,100.0,9740.280419,360.0,348632.90851754986,0.0,190263.6028805487,538896.5113980985,348725.20538427273,0.0,190892.09454166002,539617.2999259328
138,9841.081188,0.0,0.0,100.0,9741.081188,260.0,348632.90851754986,0.0,190263.6028805487,538896.5113980985,348725.20538427273,0.0,190892.09454166002,539617.2999259328
139,9841.881956,0.0,0.0,100.0,9741.881956,160.0,348632.90851754986,0.0,190263.6028805487,538896.5113980985,348725.20538427273,0.0,190892.09454166002,539617.2999259328
140,9842.682724,0.0,0.0,100.0,9742.682724,60.0,348632.90851754986,0.0,190263.6028805487,538896.5113980985,348725.20538427273,0.0,190892.09454166002,539617.2999259328
141,9843.813927,0.0,0.0,0.0,9843.813927,60.0,348632.90851754986,0.0,190263.6028805487,538896.5113980985,348725.20538427273,0.0,190892.09454166002,539617.2999259328
142,9845.015079,0.0,0.0,0.0,9845.015079,60.0,348632.90851754986,0.0,190263.6028805487,538896.5113980985,348725.20538427273,0.0,190892.09454166002,539617.2999259328
143,9846.216231,0.0,0.0,0.0,9846.216231,60.0,348632.90851754986,0.0,190263.6028805487,538896.5113980985,348725.20538427273,0.0,190892.09454166002,539617.2999259328
144,9847.417384,0.0,0.0,0.0,9847.417384,60.0,348632.90851754986,0.0,190263.6028805487,538896.5113980985,348725.20538427273,0.0,190892.09454166002,539617.2999259328
145,9848.618536,0.0,0.0,0.0,9848.618536,60.0,348632.90851754986,0.0,190263.6028805487,538896.5113980985,348725.20538427273,0.0,190892.09454166002,539617.2999259328
146,9849.819688,0.0,0.0,0.0,9849.819688,60.0,348632.90851754986,0.0,190263.6028805487,538896.5113980985,348725.20538427273,0.0,190892.09454166002,539617.2999259328
147,9851.02084,0.0,0.0,0.0,9851.02084,60.0,348632.90851754986,0.0,190263.6028805487,538896.5113980985,348725.20538427273,0.0,190892.09454166002,539617.2999259328
148,9852.221993,0.0,0.0,0.0,9852.221993,60.0,348632.90851754986,0.0,190263.6028805487,538896.5113980985,348725.20538427273,0.0,190892.09454166002,539617.2999259328
149,9853.423145,0.0,0.0,0.0,9853.423145,60.0,348632.90851754986,0.0,190263.6028805487,538896.5113980985,348725.20538427273,0.0,190892.09454166002,539617.2999259328
150,9854.624297,0.0,0.0,0.0,9854.624297,60.0,348632.90851754986,0.0,190263.6028805487,538896.5113980985,348725.20538427273,0.0,190892.09454166002,539617.2999259328
151,9855.721232,0.0,0.0,0.0,9855.721232,60.0,348632.90851754986,0.0,190263.6028805487,538896.5113980985,348725.20538427273,0.0,190892.09454166002,539617.2999259328
152,9856.722192,0.021303000000000002,0.0,0.0,9856.700889,60.0,348632.90851754986,0.0,190263.6028805487,538896.5113980985,348725.20538427273,0.0,190892.09454166002,539617.2999259328
153,9857.723152,0.025409,0.0,0.0,9857.697743,60.0,348632.90851754986,0.0,190263.6028805487,538896.5113980985,348725.20538427273,0.0,190892.09454166002,539617.2999259328
154,9858.724112,0.014267,0.0,0.0,9858.709845,60.0,348632.90851754986,0.0,190263.6028805487,538896.5113980985,348725.20538427273,0.0,190892.09454166002,539617.2999259328
155,9859.725073,0.024065000000000003,0.0,0.0,9859.701008,60.0,348632.90851754986,0.0,190263.6028805487,538896.5113980985,348725.20538427273,0.0,190892.09454166002,539617.2999259328
156,9861.020904,0.007652,0.0,0.0,9861.013252,60.0,348632.90851754986,0.0,190263.6028805487,538896.5113980985,348725.20538427273,0.0,190892.09454166002,539617.2999259328
157,9862.822632,0.0029590000000000003,0.0,0.0,9862.819673,60.0,348632.90851754986,0.0,190263.6028805487,538896.5113980985,348725.20538427273,0.0,190892.09454166002,539617.2999259328
158,9864.624361,0.009718000000000001,45.4545454545455,0.0,9910.069188454547,100.0,348632.90851754986,0.0,190263.6028805487,538896.5113980985,348725.20538427273,0.0,190892.09454166002,539617.2999259328
159,9866.426089,0.005338,0.0,0.0,9866.420751,100.0,348632.90851754986,0.0,190263.6028805487,538896.5113980985,348725.20538427273,0.0,190892.09454166002,539617.2999259328
160,9868.227818,0.00035299999999999996,0.0,0.0,9868.227465,100.0,348632.90851754986,0.0,190263.6028805487,538896.5113980985,348725.20538427273,0.0,190892.09454166002,539617.2999259328
161,9870.418507,0.0,0.0,0.0,9870.418507,100.0,348632.90851754986,0.0,190263.6028805487,538896.5113980985,348725.20538427273,0.0,190892.09454166002,539617.2999259328
162,9874.021964,0.0,0.0,0.0,9874.021964,100.0,348632.90851754986,0.0,190263.6028805487,538896.5113980985,348725.20538427273,0.0,190892.09454166002,539617.2999259328
163,9877.625421,0.0,0.0,0.0,9877.625421,100.0,348632.90851754986,0.0,190263.6028805487,538896.5113980985,348725.20538427273,0.0,190892.09454166002,539617.2999259328
164,9881.228878,0.0,0.0,0.0,9881.228878,100.0,348632.90851754986,0.0,190263.6028805487,538896.5113980985,348725.20538427273,0.0,190892.09454166002,539617.2999259328
165,9884.832335,0.0,0.0,0.0,9884.832335,100.0,348632.90851754986,0.0,190263.6028805487,538896.5113980985,348725.20538427273,0.0,190892.09454166002,539617.2999259328
166,9888.473946,0.0,0.0,0.0,9888.473946,100.0,348632.90851754986,0.0,190263.6028805487,538896.5113980985,348725.20538427273,0.0,190892.09454166002,539617.2999259328
167,9892.677979,0.0,0.0,0.0,9892.677979,100.0,348632.90851754986,0.0,190263.6028805487,538896.5113980985,348725.20538427273,0.0,190892.09454166002,539617.2999259328
168,9896.882011,0.0,0.0,0.0,9896.882011,100.0,348632.90851754986,0.0,190263.6028805487,538896.5113980985,348725.20538427273,0.0,190892.09454166002,539617.2999259328
169,9901.086044,0.0,0.0,0.0,9901.086044,100.0,348632.90851754986,0.0,190263.6028805487,538896.5113980985,348725.20538427273,0.0,190892.09454166002,539617.2999259328
170,9905.290077,0.0,0.0,0.0,9905.290077,100.0,348632.90851754986,0.0,190263.6028805487,538896.5113980985,348725.20538427273,0.0,190892.09454166002,539617.2999259328
171,9909.49411,0.0,0.0,0.0,9909.49411,100.0,348632.90851754986,0.0,190263.6028805487,538896.5113980985,348725.20538427273,0.0,190892.09454166002,539617.2999259328
172,9913.150912,0.0,0.0,0.0,9913.150912,100.0,348632.90851754986,0.0,190263.6028805487,538896.5113980985,348725.20538427273,0.0,190892.09454166002,539617.2999259328
173,9916.754369,0.0,0.0,0.0,9916.754369,100.0,348632.90851754986,0.0,190263.6028805487,538896.5113980985,348725.20538427273,0.0,190892.09454166002,539617.2999259328
174,9920.357826,0.0,0.0,0.0,9920.357826,100.0,348632.90851754986,0.0,190263.6028805487,538896.5113980985,348725.20538427273,0.0,190892.09454166002,539617.2999259328
175,9923.961283,0.0,0.0,0.0,9923.961283,100.0,348632.90851754986,0.0,190263.6028805487,538896.5113980985,348725.20538427273,0.0,190892.09454166002,539617.2999259328
176,9927.56474,0.0020710000000000004,0.0,0.0,9927.562668999999,100.0,348632.90851754986,0.0,190263.6028805487,538896.5113980985,348725.20538427273,0.0,190892.09454166002,539617.2999259328
177,9930.712465,0.00254,0.0,0.0,9930.709925000001,100.0,348632.90851754986,0.0,190263.6028805487,538896.5113980985,348725.20538427273,0.0,190892.09454166002,539617.2999259328
178,9933.715346,0.004908,0.0,0.0,9933.710438,100.0,348632.90851754986,0.0,190263.6028805487,538896.5113980985,348725.20538427273,0.0,190892.09454166002,539617.2999259328
179,9936.718226,0.005466,0.0,0.0,9936.71276,100.0,348632.90851754986,0.0,190263.6028805487,538896.5113980985,348725.20538427273,0.0,190892.09454166002,539617.2999259328
180,9939.721107,0.024267,0.0,0.0,9939.696839999999,100.0,348632.90851754986,0.0,190263.6028805487,538896.5113980985,348725.20538427273,0.0,190892.09454166002,539617.2999259328
181,9942.723988,0.003691,0.0,0.0,9942.720297,100.0,348632.90851754986,0.0,190263.6028805487,538896.5113980985,348725.20538427273,0.0,190892.09454166002,539617.2999259328
182,9946.576742,0.004894,0.0,0.0,9946.571848,100.0,348632.90851754986,0.0,190263.6028805487,538896.5113980985,348725.20538427273,0.0,190892.09454166002,539617.2999259328
183,9950.980967,0.010228,0.0,0.0,9950.970739,100.0,348632.90851754986,0.0,190263.6028805487,538896.5113980985,348725.20538427273,0.0,190892.09454166002,539617.2999259328
184,9955.385192,0.002084,0.0,0.0,9955.383108,100.0,348632.90851754986,0.0,190263.6028805487,538896.5113980985,348725.20538427273,0.0,190892.09454166002,539617.2999259328
185,9959.789417,0.0,0.0,0.0,9959.789417,100.0,348632.90851754986,0.0,190263.6028805487,538896.5113980985,348725.20538427273,0.0,190892.09454166002,539617.2999259328
186,9964.193642,0.0,0.0,0.0,9964.193642,100.0,348632.90851754986,0.0,190263.6028805487,538896.5113980985,348725.20538427273,0.0,190892.09454166002,539617.2999259328
187,9968.416046,0.0,0.0,0.0,9968.416046,100.0,348632.90851754986,0.0,190263.6028805487,538896.5113980985,348725.20538427273,0.0,190892.09454166002,539617.2999259328
188,9972.419887,0.0,0.0,0.0,9972.419887,100.0,348632.90851754986,0.0,190263.6028805487,538896.5113980985,348725.20538427273,0.0,190892.09454166002,539617.2999259328
189,9976.423728,0.0,0.0,0.0,9976.423728,100.0,348632.90851754986,0.0,190263.6028805487,538896.5113980985,348725.20538427273,0.0,190892.09454166002,539617.2999259328
190,9980.427569,0.0,0.0,0.0,9980.427569,100.0,348632.90851754986,0.0,190263.6028805487,538896.5113980985,348725.20538427273,0.0,190892.09454166002,539617.2999259328
191,9984.431409,0.0,0.0,0.0,9984.431409,100.0,348632.90851754986,0.0,190263.6028805487,538896.5113980985,348725.20538427273,0.0,190892.09454166002,539617.2999259328
192,9988.193607,0.0,0.0,0.0,9988.193607,100.0,348632.90851754986,0.0,190263.6028805487,538896.5113980985,348725.20538427273,0.0,190892.09454166002,539617.2999259328
193,9991.396679,0.0,100.0,0.0,10091.396679,188.0,348632.90851754986,0.0,190263.6028805487,538896.5113980985,348725.20538427273,0.0,190892.09454166002,539617.2999259328
194,9994.599752,0.0,100.0,0.0,10094.599752,276.0,348632.90851754986,0.0,190263.6028805487,538896.5113980985,348725.20538427273,0.0,190892.09454166002,539617.2999259328
195,9997.802825,0.0,100.0,0.0,10097.802825,364.0,348632.90851754986,0.0,190263.6028805487,538896.5113980985,348725.20538427273,0.0,190892.09454166002,539617.2999259328
196,10001.0059,0.0,100.0,0.0,10101.0059,452.0,348632.90851754986,0.0,190263.6028805487,538896.5113980985,348725.20538427273,0.0,190892.09454166002,539617.2999259328
197,10004.23888,0.0,100.0,0.0,10104.23888,540.0,348632.90851754986,0.0,190263.6028805487,538896.5113980985,348725.20538427273,0.0,190892.09454166002,539617.2999259328
198,10007.64215,0.0,0.0,100.0,9907.64215,440.0,348632.90851754986,0.0,190263.6028805487,538896.5113980985,348725.20538427273,0.0,190892.09454166002,539617.2999259328
199,10011.04541,0.0,0.0,100.0,9911.04541,340.0,348632.90851754986,0.0,190263.6028805487,538896.5113980985,348725.20538427273,0.0,190892.09454166002,539617.2999259328
200,10014.44868,0.016385,0.0,100.0,9914.432294999999,240.0,348632.90851754986,0.0,190263.6028805487,538896.5113980985,348725.20538427273,0.0,190892.09454166002,539617.2999259328
201,10017.85194,0.030711,0.0,100.0,9917.821229000001,140.0,348632.90851754986,0.0,190263.6028805487,538896.5113980985,348725.20538427273,0.0,190892.09454166002,539617.2999259328
202,10021.25521,0.037058,0.0,80.0,9941.218152,60.0,348632.90851754986,0.0,190263.6028805487,538896.5113980985,348725.20538427273,0.0,190892.09454166002,539617.2999259328
203,10024.45887,0.038273,0.0,0.0,10024.420597,60.0,348632.90851754986,0.0,190263.6028805487,538896.5113980985,348725.20538427273,0.0,190892.09454166002,539617.2999259328
204,10027.66194,0.029894,100.0,0.0,10127.632046,148.0,348632.90851754986,0.0,190263.6028805487,538896.5113980985,348725.20538427273,0.0,190892.09454166002,539617.2999259328
205,10030.86501,0.028805,100.0,0.0,10130.836205,236.0,348632.90851754986,0.0,190263.6028805487,538896.5113980985,348725.20538427273,0.0,190892.09454166002,539617.2999259328
206,10034.06808,0.013444000000000001,100.0,0.0,10134.054635999999,324.0,348632.90851754986,0.0,190263.6028805487,538896.5113980985,348725.20538427273,0.0,190892.09454166002,539617.2999259328
207,10037.27116,0.01209,100.0,0.0,10137.25907,412.0,348632.90851754986,0.0,190263.6028805487,538896.5113980985,348725.20538427273,0.0,190892.09454166002,539617.2999259328
208,10040.30513,0.00035099999999999997,100.0,0.0,10140.304779,500.0,348632.90851754986,0.0,190263.6028805487,538896.5113980985,348725.20538427273,0.0,190892.09454166002,539617.2999259328
209,10043.30801,0.0,0.0,100.0,9943.30801,400.0,348632.90851754986,0.0,190263.6028805487,538896.5113980985,348725.20538427273,0.0,190892.09454166002,539617.2999259328
210,10046.31089,0.0,0.0,100.0,9946.31089,300.0,348632.90851754986,0.0,190263.6028805487,538896.5113980985,348725.20538427273,0.0,190892.09454166002,539617.2999259328
211,10049.31377,0.0,0.0,100.0,9949.31377,200.0,348632.90851754986,0.0,190263.6028805487,538896.5113980985,348725.20538427273,0.0,190892.09454166002,539617.2999259328
212,10052.31665,0.0,0.0,100.0,9952.31665,100.0,348632.90851754986,0.0,190263.6028805487,538896.5113980985,348725.20538427273,0.0,190892.09454166002,539617.2999259328
213,10054.90372,0.0,0.0,0.0,10054.90372,100.0,348632.90851754986,0.0,190263.6028805487,538896.5113980985,348725.20538427273,0.0,190892.09454166002,539617.2999259328
214,10057.30602,0.0,0.0,0.0,10057.30602,100.0,348632.90851754986,0.0,190263.6028805487,538896.5113980985,348725.20538427273,0.0,190892.09454166002,539617.2999259328
215,10059.70833,0.0,0.0,0.0,10059.70833,100.0,348632.90851754986,0.0,190263.6028805487,538896.5113980985,348725.20538427273,0.0,190892.09454166002,539617.2999259328
216,10062.11063,0.0,0.0,0.0,10062.11063,100.0,348632.90851754986,0.0,190263.6028805487,538896.5113980985,348725.20538427273,0.0,190892.09454166002,539617.2999259328
217,10064.51294,0.0,100.0,0.0,10164.51294,188.0,348632.90851754986,0.0,190263.6028805487,538896.5113980985,348725.20538427273,0.0,190892.09454166002,539617.2999259328
218,10067.88818,0.0,100.0,0.0,10167.88818,276.0,348632.90851754986,0.0,190263.6028805487,538896.5113980985,348725.20538427273,0.0,190892.09454166002,539617.2999259328
219,10072.09221,0.0,100.0,0.0,10172.09221,364.0,348632.90851754986,0.0,190263.6028805487,538896.5113980985,348725.20538427273,0.0,190892.09454166002,539617.2999259328
220,10076.29624,0.0,100.0,0.0,10176.29624,452.0,348632.90851754986,0.0,190263.6028805487,538896.5113980985,348725.20538427273,0.0,190892.09454166002,539617.2999259328
221,10080.50027,0.0,100.0,0.0,10180.50027,540.0,348632.90851754986,0.0,190263.6028805487,538896.5113980985,348725.20538427273,0.0,190892.09454166002,539617.2999259328
222,10084.70431,0.0,0.0,100.0,9984.70431,440.0,348632.90851754986,0.0,190263.6028805487,538896.5113980985,348725.20538427273,0.0,190892.09454166002,539617.2999259328
223,10089.37396,0.0,0.0,100.0,9989.37396,340.0,348632.90851754986,0.0,190263.6028805487,538896.5113980985,348725.20538427273,0.0,190892.09454166002,539617.2999259328
224,10094.77915,0.022052,0.0,100.0,9994.757098,240.0,348632.90851754986,0.0,190263.6028805487,538896.5113980985,348725.20538427273,0.0,190892.09454166002,539617.2999259328
225,10100.18433,0.030092,0.0,100.0,10000.154238,140.0,348632.90851754986,0.0,190263.6028805487,538896.5113980985,348725.20538427273,0.0,190892.09454166002,539617.2999259328
226,10105.58952,0.027864,0.0,80.0,10025.561656,60.0,348632.90851754986,0.0,190263.6028805487,538896.5113980985,348725.20538427273,0.0,190892.09454166002,539617.2999259328
227,10110.9947,0.030944,0.0,0.0,10110.963756,60.0,348632.90851754986,0.0,190263.6028805487,538896.5113980985,348725.20538427273,0.0,190892.09454166002,539617.2999259328
228,10116.25858,0.031996,100.0,0.0,10216.226584,148.0,348632.90851754986,0.0,190263.6028805487,538896.5113980985,348725.20538427273,0.0,190892.09454166002,539617.2999259328
229,10121.06319,0.032508,100.0,0.0,10221.030682,236.0,348632.90851754986,0.0,190263.6028805487,538896.5113980985,348725.20538427273,0.0,190892.09454166002,539617.2999259328
230,10125.8678,0.024446000000000002,100.0,0.0,10225.843354,324.0,348632.90851754986,0.0,190263.6028805487,538896.5113980985,348725.20538427273,0.0,190892.09454166002,539617.2999259328
231,10130.6724,0.005322,100.0,0.0,10230.667077999999,412.0,348632.90851754986,0.0,190263.6028805487,538896.5113980985,348725.20538427273,0.0,190892.09454166002,539617.2999259328
232,10135.47701,0.002709,100.0,0.0,10235.474301,500.0,348632.90851754986,0.0,190263.6028805487,538896.5113980985,348725.20538427273,0.0,190892.09454166002,539617.2999259328
233,10140.16539,0.0,0.0,100.0,10040.16539,400.0,348632.90851754986,0.0,190263.6028805487,538896.5113980985,348725.20538427273,0.0,190892.09454166002,539617.2999259328
234,10143.56866,0.0,0.0,100.0,10043.56866,300.0,348632.90851754986,0.0,190263.6028805487,538896.5113980985,348725.20538427273,0.0,190892.09454166002,539617.2999259328
235,10146.97192,0.0,0.0,100.0,10046.97192,200.0,348632.90851754986,0.0,190263.6028805487,538896.5113980985,348725.20538427273,0.0,190892.09454166002,539617.2999259328
236,10150.37519,0.0,0.0,100.0,10050.37519,100.0,348632.90851754986,0.0,190263.6028805487,538896.5113980985,348725.20538427273,0.0,190892.09454166002,539617.2999259328
237,10153.77845,0.0,0.0,0.0,10153.77845,100.0,348632.90851754986,0.0,190263.6028805487,538896.5113980985,348725.20538427273,0.0,190892.09454166002,539617.2999259328
238,10157.18172,0.0,0.0,0.0,10157.18172,100.0,348632.90851754986,0.0,190263.6028805487,538896.5113980985,348725.20538427273,0.0,190892.09454166002,539617.2999259328
239,10160.95757,0.0,0.0,0.0,10160.95757,100.0,348632.90851754986,0.0,190263.6028805487,538896.5113980985,348725.20538427273,0.0,190892.09454166002,539617.2999259328
240,10164.76122,0.0,0.0,0.0,10164.76122,100.0,348632.90851754986,0.0,190263.6028805487,538896.5113980985,348725.20538427273,0.0,190892.09454166002,539617.2999259328
241,10168.56487,0.0,100.0,0.0,10268.56487,188.0,348632.90851754986,0.0,190263.6028805487,538896.5113980985,348725.20538427273,0.0,190892.09454166002,539617.2999259328
242,10172.36852,0.0,100.0,0.0,10272.36852,276.0,348632.90851754986,0.0,190263.6028805487,538896.5113980985,348725.20538427273,0.0,190892.09454166002,539617.2999259328
243,10176.17217,0.0,100.0,0.0,10276.17217,364.0,348632.90851754986,0.0,190263.6028805487,538896.5113980985,348725.20538427273,0.0,190892.09454166002,539617.2999259328
244,10179.82002,0.0,100.0,0.0,10279.82002,452.0,348632.90851754986,0.0,190263.6028805487,538896.5113980985,348725.20538427273,0.0,190892.09454166002,539617.2999259328
245,10183.42348,0.0,100.0,0.0,10283.42348,540.0,348632.90851754986,0.0,190263.6028805487,538896.5113980985,348725.20538427273,0.0,190892.09454166002,539617.2999259328
246,10187.02694,0.0,0.0,100.0,10087.02694,440.0,348632.90851754986,0.0,190263.6028805487,538896.5113980985,348725.20538427273,0.0,190892.09454166002,539617.2999259328
247,10190.63039,0.0,0.0,100.0,10090.63039,340.0,348632.90851754986,0.0,190263.6028805487,538896.5113980985,348725.20538427273,0.0,190892.09454166002,539617.2999259328
248,10194.23385,0.021329,0.0,100.0,10094.212521000001,240.0,348632.90851754986,0.0,190263.6028805487,538896.5113980985,348725.20538427273,0.0,190892.09454166002,539617.2999259328
249,10197.83731,0.030031,0.0,100.0,10097.807279,140.0,348632.90851754986,0.0,190263.6028805487,538896.5113980985,348725.20538427273,0.0,190892.09454166002,539617.2999259328
250,10201.44076,0.016457,0.0,80.0,10121.424303,60.0,348632.90851754986,0.0,190263.6028805487,538896.5113980985,348725.20538427273,0.0,190892.09454166002,539617.2999259328
251,10205.04422,0.03840400000000001,0.0,0.0,10205.005815999999,60.0,348632.90851754986,0.0,190263.6028805487,538896.5113980985,348725.20538427273,0.0,190892.09454166002,539617.2999259328
252,10208.64768,0.038537999999999996,100.0,0.0,10308.609142,148.0,348632.90851754986,0.0,190263.6028805487,538896.5113980985,348725.20538427273,0.0,190892.09454166002,539617.2999259328
253,10212.25113,0.034265000000000004,100.0,0.0,10312.216865,236.0,348632.90851754986,0.0,190263.6028805487,538896.5113980985,348725.20538427273,0.0,190892.09454166002,539617.2999259328
254,10215.5702,0.016286000000000002,100.0,0.0,10315.553914,324.0,348632.90851754986,0.0,190263.6028805487,538896.5113980985,348725.20538427273,0.0,190892.09454166002,539617.2999259328
255,10218.57308,0.020324000000000002,100.0,0.0,10318.552756000001,412.0,348632.90851754986,0.0,190263.6028805487,538896.5113980985,348725.20538427273,0.0,190892.09454166002,539617.2999259328
256,10221.57596,0.006958000000000001,100.0,0.0,10321.569002,500.0,348632.90851754986,0.0,190263.6028805487,538896.5113980985,348725.20538427273,0.0,190892.09454166002,539617.2999259328
257,10224.57884,0.0,0.0,100.0,10124.57884,400.0,348632.90851754986,0.0,190263.6028805487,538896.5113980985,348725.20538427273,0.0,190892.09454166002,539617.2999259328
258,10227.58172,0.0,0.0,100.0,10127.58172,300.0,348632.90851754986,0.0,190263.6028805487,538896.5113980985,348725.20538427273,0.0,190892.09454166002,539617.2999259328
259,10230.7132,0.0,0.0,100.0,10130.7132,200.0,348632.90851754986,0.0,190263.6028805487,538896.5113980985,348725.20538427273,0.0,190892.09454166002,539617.2999259328
260,10234.11646,0.0,0.0,100.0,10134.11646,100.0,348632.90851754986,0.0,190263.6028805487,538896.5113980985,348725.20538427273,0.0,190892.09454166002,539617.2999259328
261,10237.51973,0.0,0.0,0.0,10237.51973,100.0,348632.90851754986,0.0,190263.6028805487,538896.5113980985,348725.20538427273,0.0,190892.09454166002,539617.2999259328
262,10240.92299,0.0,0.0,0.0,10240.92299,100.0,348632.90851754986,0.0,190263.6028805487,538896.5113980985,348725.20538427273,0.0,190892.09454166002,539617.2999259328
263,10244.32626,0.0,0.0,0.0,10244.32626,100.0,348632.90851754986,0.0,190263.6028805487,538896.5113980985,348725.20538427273,0.0,190892.09454166002,539617.2999259328
264,10247.66193,0.0,0.0,0.0,10247.66193,100.0,348632.90851754986,0.0,190263.6028805487,538896.5113980985,348725.20538427273,0.0,190892.09454166002,539617.2999259328
265,10250.66481,0.0,100.0,0.0,10350.66481,188.0,348632.90851754986,0.0,190263.6028805487,538896.5113980985,348725.20538427273,0.0,190892.09454166002,539617.2999259328
266,10253.66769,0.0,100.0,0.0,10353.66769,276.0,348632.90851754986,0.0,190263.6028805487,538896.5113980985,348725.20538427273,0.0,190892.09454166002,539617.2999259328
267,10256.67057,0.0,100.0,0.0,10356.67057,364.0,348632.90851754986,0.0,190263.6028805487,538896.5113980985,348725.20538427273,0.0,190892.09454166002,539617.2999259328
268,10259.67345,0.0,100.0,0.0,10359.67345,452.0,348632.90851754986,0.0,190263.6028805487,538896.5113980985,348725.20538427273,0.0,190892.09454166002,539617.2999259328
269,10262.66644,0.0,100.0,0.0,10362.66644,540.0,348632.90851754986,0.0,190263.6028805487,538896.5113980985,348725.20538427273,0.0,190892.09454166002,539617.2999259328
270,10265.06874,0.0,0.0,100.0,10165.06874,440.0,348632.90851754986,0.0,190263.6028805487,538896.5113980985,348725.20538427273,0.0,190892.09454166002,539617.2999259328
271,10267.47105,0.0,0.0,100.0,10167.47105,340.0,348632.90851754986,0.0,190263.6028805487,538896.5113980985,348725.20538427273,0.0,190892.09454166002,539617.2999259328
272,10269.87335,0.023018999999999998,0.0,100.0,10169.850331,240.0,348632.90851754986,0.0,190263.6028805487,538896.5113980985,348725.20538427273,0.0,190892.09454166002,539617.2999259328
273,10272.27566,0.03151,0.0,100.0,10172.244149999999,140.0,348632.90851754986,0.0,190263.6028805487,538896.5113980985,348725.20538427273,0.0,190892.09454166002,539617.2999259328
274,10274.67796,0.037206,0.0,80.0,10194.640754,60.0,348632.90851754986,0.0,190263.6028805487,538896.5113980985,348725.20538427273,0.0,190892.09454166002,539617.2999259328
275,10277.08027,0.039987,0.0,0.0,10277.040283,60.0,348632.90851754986,0.0,190263.6028805487,538896.5113980985,348725.20538427273,0.0,190892.09454166002,539617.2999259328
276,10279.48257,0.039346,54.5454545454545,0.0,10333.988678545455,108.0,348632.90851754986,0.0,190263.6028805487,538896.5113980985,348725.20538427273,0.0,190892.09454166002,539617.2999259328
277,10281.88487,0.034091,100.0,0.0,10381.850779,196.0,348632.90851754986,0.0,190263.6028805487,538896.5113980985,348725.20538427273,0.0,190892.09454166002,539617.2999259328
278,10284.28718,0.027129,100.0,0.0,10384.260051,284.0,348632.90851754986,0.0,190263.6028805487,538896.5113980985,348725.20538427273,0.0,190892.09454166002,539617.2999259328
279,10286.68948,0.019111,100.0,0.0,10386.670369,372.0,348632.90851754986,0.0,190263.6028805487,538896.5113980985,348725.20538427273,0.0,190892.09454166002,539617.2999259328
280,10289.23428,0.006801000000000001,100.0,0.0,10389.227479000001,460.0,348632.90851754986,0.0,190263.6028805487,538896.5113980985,348725.20538427273,0.0,190892.09454166002,539617.2999259328
281,10291.83677,0.0,0.0,100.0,10191.83677,360.0,348632.90851754986,0.0,190263.6028805487,538896.5113980985,348725.20538427273,0.0,190892.09454166002,539617.2999259328
282,10294.43927,0.0,0.0,100.0,10194.43927,260.0,348632.90851754986,0.0,190263.6028805487,538896.5113980985,348725.20538427273,0.0,190892.09454166002,539617.2999259328
283,10297.04177,0.0,0.0,100.0,10197.04177,160.0,348632.90851754986,0.0,190263.6028805487,538896.5113980985,348725.20538427273,0.0,190892.09454166002,539617.2999259328
284,10299.64426,0.0,0.0,100.0,10199.64426,60.0,348632.90851754986,0.0,190263.6028805487,538896.5113980985,348725.20538427273,0.0,190892.09454166002,539617.2999259328
285,10302.13477,0.0,0.0,0.0,10302.13477,60.0,348632.90851754986,0.0,190263.6028805487,538896.5113980985,348725.20538427273,0.0,190892.09454166002,539617.2999259328
286,10304.53708,0.0,0.0,0.0,10304.53708,60.0,348632.90851754986,0.0,190263.6028805487,538896.5113980985,348725.20538427273,0.0,190892.09454166002,539617.2999259328
287,10306.93938,0.0,0.0,0.0,10306.93938,60.0,348632.90851754986,0.0,190263.6028805487,538896.5113980985,348725.20538427273,0.0,190892.09454166002,539617.2999259328
288,10309.34168,0.0,45.4545454545455,0.0,10354.796225454545,100.0,348632.90851754986,0.0,190263.6028805487,538896.5113980985,348725.20538427273,0.0,190892.09454166002,539617.2999259328
289,10311.74399,0.0,100.0,0.0,10411.74399,188.0,348632.90851754986,0.0,190263.6028805487,538896.5113980985,348725.20538427273,0.0,190892.09454166002,539617.2999259328
290,10313.90182,0.0,100.0,0.0,10413.90182,276.0,348632.90851754986,0.0,190263.6028805487,538896.5113980985,348725.20538427273,0.0,190892.09454166002,539617.2999259328
291,10315.70355,0.0,100.0,0.0,10415.70355,364.0,348632.90851754986,0.0,190263.6028805487,538896.5113980985,348725.20538427273,0.0,190892.09454166002,539617.2999259328
292,10317.50528,0.0,100.0,0.0,10417.50528,452.0,348632.90851754986,0.0,190263.6028805487,538896.5113980985,348725.20538427273,0.0,190892.09454166002,539617.2999259328
293,10319.30701,0.0,100.0,0.0,10419.30701,540.0,348632.90851754986,0.0,190263.6028805487,538896.5113980985,348725.20538427273,0.0,190892.09454166002,539617.2999259328
294,10321.10874,0.0,0.0,100.0,10221.10874,440.0,348632.90851754986,0.0,190263.6028805487,538896.5113980985,348725.20538427273,0.0,190892.09454166002,539617.2999259328
295,10322.80849,0.0,0.0,100.0,10222.80849,340.0,348632.90851754986,0.0,190263.6028805487,538896.5113980985,348725.20538427273,0.0,190892.09454166002,539617.2999259328
296,10324.20983,0.023261,0.0,100.0,10224.186569,240.0,348632.90851754986,0.0,190263.6028805487,538896.5113980985,348725.20538427273,0.0,190892.09454166002,539617.2999259328
297,10325.61117,0.029433,0.0,100.0,10225.581737,140.0,348632.90851754986,0.0,190263.6028805487,538896.5113980985,348725.20538427273,0.0,190892.09454166002,539617.2999259328
298,10327.01252,0.035531,0.0,51.7885688333336,10275.188420166667,88.2114311666664,348632.90851754986,0.0,190263.6028805487,538896.5113980985,348725.20538427273,0.0,190892.09454166002,539617.2999259328
299,10328.41386,0.039703,0.0,28.2114311666664,10300.162725833334,60.0,348632.90851754986,0.0,190263.6028805487,538896.5113980985,348725.20538427273,0.0,190892.09454166002,539617.2999259328
300,10329.79472,0.039954,54.5454545454545,0.0,10384.300220545454,108.0,348632.90851754986,0.0,190263.6028805487,538896.5113980985,348725.20538427273,0.0,190892.09454166002,539617.2999259328
301,10330.99587,0.036384,100.0,0.0,10430.959486,196.0,348632.90851754986,0.0,190263.6028805487,538896.5113980985,348725.20538427273,0.0,190892.09454166002,539617.2999259328
302,10332.19702,0.029699000000000003,100.0,0.0,10432.167320999999,284.0,348632.90851754986,0.0,190263.6028805487,538896.5113980985,348725.20538427273,0.0,190892.09454166002,539617.2999259328
303,10333.39817,0.020704,100.0,0.0,10433.377466,372.0,348632.90851754986,0.0,190263.6028805487,538896.5113980985,348725.20538427273,0.0,190892.09454166002,539617.2999259328
304,10334.59933,0.006901,100.0,0.0,10434.592428999998,460.0,348632.90851754986,0.0,190263.6028805487,538896.5113980985,348725.20538427273,0.0,190892.09454166002,539617.2999259328
305,10335.80048,0.0,0.0,100.0,10235.80048,360.0,348632.90851754986,0.0,190263.6028805487,538896.5113980985,348725.20538427273,0.0,190892.09454166002,539617.2999259328
306,10336.81145,0.0,0.0,100.0,10236.81145,260.0,348632.90851754986,0.0,190263.6028805487,538896.5113980985,348725.20538427273,0.0,190892.09454166002,539617.2999259328
307,10337.81241,0.0,0.0,100.0,10237.81241,160.0,348632.90851754986,0.0,190263.6028805487,538896.5113980985,348725.20538427273,0.0,190892.09454166002,539617.2999259328
308,10338.81337,0.0,0.0,100.0,10238.81337,60.0,348632.90851754986,0.0,190263.6028805487,538896.5113980985,348725.20538427273,0.0,190892.09454166002,539617.2999259328
309,10339.81433,0.0,0.0,0.0,10339.81433,60.0,348632.90851754986,0.0,190263.6028805487,538896.5113980985,348725.20538427273,0.0,190892.09454166002,539617.2999259328
310,10340.81529,0.0,0.0,0.0,10340.81529,60.0,348632.90851754986,0.0,190263.6028805487,538896.5113980985,348725.20538427273,0.0,190892.09454166002,539617.2999259328
311,10341.65657,0.0,0.0,0.0,10341.65657,60.0,348632.90851754986,0.0,190263.6028805487,538896.5113980985,348725.20538427273,0.0,190892.09454166002,539617.2999259328
312,10342.45733,0.0,0.0,0.0,10342.45733,60.0,348632.90851754986,0.0,190263.6028805487,538896.5113980985,348725.20538427273,0.0,190892.09454166002,539617.2999259328
313,10343.2581,0.0,0.0,0.0,10343.2581,60.0,348632.90851754986,0.0,190263.6028805487,538896.5113980985,348725.20538427273,0.0,190892.09454166002,539617.2999259328
314,10344.05887,0.0,0.0,0.0,10344.05887,60.0,348632.90851754986,0.0,190263.6028805487,538896.5113980985,348725.20538427273,0.0,190892.09454166002,539617.2999259328
315,10344.85964,0.0,0.0,0.0,10344.85964,60.0,348632.90851754986,0.0,190263.6028805487,538896.5113980985,348725.20538427273,0.0,190892.09454166002,539617.2999259328
316,10345.53122,0.0,0.0,0.0,10345.53122,60.0,348632.90851754986,0.0,190263.6028805487,538896.5113980985,348725.20538427273,0.0,190892.09454166002,539617.2999259328
317,10346.1318,0.0,0.0,0.0,10346.1318,60.0,348632.90851754986,0.0,190263.6028805487,538896.5113980985,348725.20538427273,0.0,190892.09454166002,539617.2999259328
318,10346.73238,0.0,0.0,0.0,10346.73238,60.0,348632.90851754986,0.0,190263.6028805487,538896.5113980985,348725.20538427273,0.0,190892.09454166002,539617.2999259328
319,10347.33295,0.0,0.0,0.0,10347.33295,60.0,348632.90851754986,0.0,190263.6028805487,538896.5113980985,348725.20538427273,0.0,190892.09454166002,539617.2999259328
320,10347.93353,0.023462,0.0,0.0,10347.910068000001,60.0,348632.90851754986,0.0,190263.6028805487,538896.5113980985,348725.20538427273,0.0,190892.09454166002,539617.2999259328
321,10348.53411,0.033472,0.0,0.0,10348.500638000001,60.0,348632.90851754986,0.0,190263.6028805487,538896.5113980985,348725.20538427273,0.0,190892.09454166002,539617.2999259328
322,10349.13468,0.039427000000000004,0.0,0.0,10349.095253,60.0,348632.90851754986,0.0,190263.6028805487,538896.5113980985,348725.20538427273,0.0,190892.09454166002,539617.2999259328
323,10349.73526,0.041667,0.0,0.0,10349.693593,60.0,348632.90851754986,0.0,190263.6028805487,538896.5113980985,348725.20538427273,0.0,190892.09454166002,539617.2999259328
324,10350.33583,0.041667,0.0,0.0,10350.294163,60.0,348632.90851754986,0.0,190263.6028805487,538896.5113980985,348725.20538427273,0.0,190892.09454166002,539617.2999259328
325,10350.93641,0.039209,0.0,0.0,10350.897201,60.0,348632.90851754986,0.0,190263.6028805487,538896.5113980985,348725.20538427273,0.0,190892.09454166002,539617.2999259328
326,10351.53699,0.031651,0.0,0.0,10351.505339000001,60.0,348632.90851754986,0.0,190263.6028805487,538896.5113980985,348725.20538427273,0.0,190892.09454166002,539617.2999259328
327,10352.13756,0.020273,0.0,0.0,10352.117287,60.0,348632.90851754986,0.0,190263.6028805487,538896.5113980985,348725.20538427273,0.0,190892.09454166002,539617.2999259328
328,10352.73814,0.007034,0.0,0.0,10352.731106,60.0,348632.90851754986,0.0,190263.6028805487,538896.5113980985,348725.20538427273,0.0,190892.09454166002,539617.2999259328
329,10353.33871,0.0,0.0,0.0,10353.33871,60.0,348632.90851754986,0.0,190263.6028805487,538896.5113980985,348725.20538427273,0.0,190892.09454166002,539617.2999259328
330,10353.93929,0.0,0.0,0.0,10353.93929,60.0,348632.90851754986,0.0,190263.6028805487,538896.5113980985,348725.20538427273,0.0,190892.09454166002,539617.2999259328
331,10354.53987,0.0,0.0,0.0,10354.53987,60.0,348632.90851754986,0.0,190263.6028805487,538896.5113980985,348725.20538427273,0.0,190892.09454166002,539617.2999259328
332,10355.14044,0.0,0.0,0.0,10355.14044,60.0,348632.90851754986,0.0,190263.6028805487,538896.5113980985,348725.20538427273,0.0,190892.09454166002,539617.2999259328
333,10355.74102,0.0,0.0,0.0,10355.74102,60.0,348632.90851754986,0.0,190263.6028805487,538896.5113980985,348725.20538427273,0.0,190892.09454166002,539617.2999259328
334,10356.3416,0.0,0.0,0.0,10356.3416,60.0,348632.90851754986,0.0,190263.6028805487,538896.5113980985,348725.20538427273,0.0,190892.09454166002,539617.2999259328
335,10356.94217,0.0,0.0,0.0,10356.94217,60.0,348632.90851754986,0.0,190263.6028805487,538896.5113980985,348725.20538427273,0.0,190892.09454166002,539617.2999259328
336,10357.55711,0.0,0.0,0.0,10357.55711,60.0,348632.90851754986,0.0,190263.6028805487,538896.5113980985,348725.20538427273,0.0,190892.09454166002,539617.2999259328
337,10358.55807,0.0,0.0,0.0,10358.55807,60.0,348632.90851754986,0.0,190263.6028805487,538896.5113980985,348725.20538427273,0.0,190892.09454166002,539617.2999259328
338,10359.55903,0.0,0.0,0.0,10359.55903,60.0,348632.90851754986,0.0,190263.6028805487,538896.5113980985,348725.20538427273,0.0,190892.09454166002,539617.2999259328
339,10360.55999,0.0,0.0,0.0,10360.55999,60.0,348632.90851754986,0.0,190263.6028805487,538896.5113980985,348725.20538427273,0.0,190892.09454166002,539617.2999259328
340,10361.56095,0.0,0.0,0.0,10361.56095,60.0,348632.90851754986,0.0,190263.6028805487,538896.5113980985,348725.20538427273,0.0,190892.09454166002,539617.2999259328
341,10362.56192,0.0,0.0,0.0,10362.56192,60.0,348632.90851754986,0.0,190263.6028805487,538896.5113980985,348725.20538427273,0.0,190892.09454166002,539617.2999259328
342,10363.386,0.0,0.0,0.0,10363.386,60.0,348632.90851754986,0.0,190263.6028805487,538896.5113980985,348725.20538427273,0.0,190892.09454166002,539617.2999259328
343,10364.18677,0.0,0.0,0.0,10364.18677,60.0,348632.90851754986,0.0,190263.6028805487,538896.5113980985,348725.20538427273,0.0,190892.09454166002,539617.2999259328
344,10364.98754,0.023011,0.0,0.0,10364.964529,60.0,348632.90851754986,0.0,190263.6028805487,538896.5113980985,348725.20538427273,0.0,190892.09454166002,539617.2999259328
345,10365.7883,0.031959,0.0,0.0,10365.756341,60.0,348632.90851754986,0.0,190263.6028805487,538896.5113980985,348725.20538427273,0.0,190892.09454166002,539617.2999259328
346,10366.58907,0.032654,0.0,0.0,10366.556416,60.0,348632.90851754986,0.0,190263.6028805487,538896.5113980985,348725.20538427273,0.0,190892.09454166002,539617.2999259328
347,10367.53622,0.038624000000000006,0.0,0.0,10367.497596,60.0,348632.90851754986,0.0,190263.6028805487,538896.5113980985,348725.20538427273,0.0,190892.09454166002,539617.2999259328
348,10368.53718,0.038836,0.0,0.0,10368.498344,60.0,348632.90851754986,0.0,190263.6028805487,538896.5113980985,348725.20538427273,0.0,190892.09454166002,539617.2999259328
349,10369.53814,0.035859,0.0,0.0,10369.502281000001,60.0,348632.90851754986,0.0,190263.6028805487,538896.5113980985,348725.20538427273,0.0,190892.09454166002,539617.2999259328
350,10370.5391,0.02836,0.0,0.0,10370.51074,60.0,348632.90851754986,0.0,190263.6028805487,538896.5113980985,348725.20538427273,0.0,190892.09454166002,539617.2999259328
351,10371.54006,0.019797000000000002,0.0,0.0,10371.520262999999,60.0,348632.90851754986,0.0,190263.6028805487,538896.5113980985,348725.20538427273,0.0,190892.09454166002,539617.2999259328
352,10372.54102,0.0069900000000000006,0.0,0.0,10372.53403,60.0,348632.90851754986,0.0,190263.6028805487,538896.5113980985,348725.20538427273,0.0,190892.09454166002,539617.2999259328
353,10373.54198,0.0,0.0,0.0,10373.54198,60.0,348632.90851754986,0.0,190263.6028805487,538896.5113980985,348725.20538427273,0.0,190892.09454166002,539617.2999259328
354,10374.54294,0.0,0.0,0.0,10374.54294,60.0,348632.90851754986,0.0,190263.6028805487,538896.5113980985,348725.20538427273,0.0,190892.09454166002,539617.2999259328
355,10375.5439,0.0,0.0,0.0,10375.5439,60.0,348632.90851754986,0.0,190263.6028805487,538896.5113980985,348725.20538427273,0.0,190892.09454166002,539617.2999259328
356,10376.54486,0.0,0.0,0.0,10376.54486,60.0,348632.90851754986,0.0,190263.6028805487,538896.5113980985,348725.20538427273,0.0,190892.09454166002,539617.2999259328
357,10377.28969,0.0,0.0,0.0,10377.28969,60.0,348632.90851754986,0.0,190263.6028805487,538896.5113980985,348725.20538427273,0.0,190892.09454166002,539617.2999259328
358,10377.69007,0.0,30.0748789575731,0.0,10407.764948957574,86.4658934826643,348632.90851754986,0.0,190263.6028805487,538896.5113980985,348725.20538427273,0.0,190892.09454166002,539617.2999259328
359,10378.09046,0.0,74.6238666424251,0.0,10452.714326642425,152.134896127998,348632.90851754986,0.0,190263.6028805487,538896.5113980985,348725.20538427273,0.0,190892.09454166002,539617.2999259328
360,10378.49084,0.0,74.2234866424242,0.0,10452.714326642425,217.451564373332,348632.90851754986,0.0,190263.6028805487,538896.5113980985,348725.20538427273,0.0,190892.09454166002,539617.2999259328
361,10378.89123,0.0,73.8230966424253,0.0,10452.714326642425,282.415889418666,348632.90851754986,0.0,190263.6028805487,538896.5113980985,348725.20538427273,0.0,190892.09454166002,539617.2999259328
362,10379.23673,0.0,73.477596642424,0.0,10452.714326642425,347.076174463999,348632.90851754986,0.0,190263.6028805487,538896.5113980985,348725.20538427273,0.0,190892.09454166002,539617.2999259328
363,10379.43693,0.0,73.2773966424247,0.0,10452.714326642425,411.560283509333,348632.90851754986,0.0,190263.6028805487,538896.5113980985,348725.20538427273,0.0,190892.09454166002,539617.2999259328
364,10379.63712,0.0,73.0772066424252,0.0,10452.714326642425,475.868225354667,348632.90851754986,0.0,190263.6028805487,538896.5113980985,348725.20538427273,0.0,190892.09454166002,539617.2999259328
365,10379.83731,0.0,72.8770166424238,0.0,10452.714326642425,540.0,348632.90851754986,0.0,190263.6028805487,538896.5113980985,348725.20538427273,0.0,190892.09454166002,539617.2999259328
366,10380.0375,0.0,0.0,79.8747741666666,10300.162725833334,460.125225833333,348632.90851754986,0.0,190263.6028805487,538896.5113980985,348725.20538427273,0.0,190892.09454166002,539617.2999259328
367,10380.21332,0.0,0.0,80.050594166667,10300.162725833334,380.074631666666,348632.90851754986,0.0,190263.6028805487,538896.5113980985,348725.20538427273,0.0,190892.09454166002,539617.2999259328
368,10380.21332,0.020661000000000002,0.0,80.0299331666665,10300.162725833334,300.0446985,348632.90851754986,0.0,190263.6028805487,538896.5113980985,348725.20538427273,0.0,190892.09454166002,539617.2999259328
369,10380.21332,0.03004,0.0,80.0205541666674,10300.162725833334,220.024144333329,348632.90851754986,0.0,190263.6028805487,538896.5113980985,348725.20538427273,0.0,190892.09454166002,539617.2999259328
370,10380.21332,0.036379,0.0,80.0142151666587,10300.162725833343,140.009929166667,348632.90851754986,0.0,190263.6028805487,538896.5113980985,348725.20538427273,0.0,190892.09454166002,539617.2999259328
371,10380.21332,0.040665,0.0,80.0099291666666,10300.162725833334,60.0,348632.90851754986,0.0,190263.6028805487,538896.5113980985,348725.20538427273,0.0,190892.09454166002,539617.2999259328
372,10380.21332,0.039617,72.5406236424242,0.0,10452.714326642425,123.835748805333,348632.90851754986,0.0,190263.6028805487,538896.5113980985,348725.20538427273,0.0,190892.09454166002,539617.2999259328
373,10380.21332,0.035936,72.536942642424,0.0,10452.714326642425,187.668258330668,348632.90851754986,0.0,190263.6028805487,538896.5113980985,348725.20538427273,0.0,190892.09454166002,539617.2999259328
374,10380.21332,0.027031,72.5280376424234,0.0,10452.714326642425,251.492931455999,348632.90851754986,0.0,190263.6028805487,538896.5113980985,348725.20538427273,0.0,190892.09454166002,539617.2999259328
375,10380.21332,0.013491,72.5144976424235,0.0,10452.714326642425,315.30568938133,348632.90851754986,0.0,190263.6028805487,538896.5113980985,348725.20538427273,0.0,190892.09454166002,539617.2999259328
376,10380.21332,0.005138,72.5061446424243,0.0,10452.714326642425,379.111096666664,348632.90851754986,0.0,190263.6028805487,538896.5113980985,348725.20538427273,0.0,190892.09454166002,539617.2999259328
377,10380.21332,0.0,0.0,80.050594166667,10300.162725833334,299.060502499997,348632.90851754986,0.0,190263.6028805487,538896.5113980985,348725.20538427273,0.0,190892.09454166002,539617.2999259328
378,10380.04975,0.0,0.0,79.8870241666664,10300.162725833334,219.173478333334,348632.90851754986,0.0,190263.6028805487,538896.5113980985,348725.20538427273,0.0,190892.09454166002,539617.2999259328
379,10379.84956,0.0,0.0,79.6868341666668,10300.162725833334,139.486644166665,348632.90851754986,0.0,190263.6028805487,538896.5113980985,348725.20538427273,0.0,190892.09454166002,539617.2999259328
380,10379.64937,0.0,0.0,79.4866441666654,10300.162725833334,60.0,348632.90851754986,0.0,190263.6028805487,538896.5113980985,348725.20538427273,0.0,190892.09454166002,539617.2999259328
381,10379.44917,0.0,0.0,0.0,10379.44917,60.0,348632.90851754986,0.0,190263.6028805487,538896.5113980985,348725.20538427273,0.0,190892.09454166002,539617.2999259328
382,10379.24898,0.0,20.8615689575722,0.0,10400.110548957573,78.3581806826635,348632.90851754986,0.0,190263.6028805487,538896.5113980985,348725.20538427273,0.0,190892.09454166002,539617.2999259328
383,10378.91572,0.0,73.7986066424237,0.0,10452.714326642425,143.300954527996,348632.90851754986,0.0,190263.6028805487,538896.5113980985,348725.20538427273,0.0,190892.09454166002,539617.2999259328
384,10378.51534,0.0,74.1989866424246,0.0,10452.714326642425,208.59606277333,348632.90851754986,0.0,190263.6028805487,538896.5113980985,348725.20538427273,0.0,190892.09454166002,539617.2999259328
385,10378.11495,0.0,74.5993766424253,0.0,10452.714326642425,274.243514218664,348632.90851754986,0.0,190263.6028805487,538896.5113980985,348725.20538427273,0.0,190892.09454166002,539617.2999259328
386,10377.71457,0.0,74.9997566424245,0.0,10452.714326642425,340.243300063998,348632.90851754986,0.0,190263.6028805487,538896.5113980985,348725.20538427273,0.0,190892.09454166002,539617.2999259328
387,10377.31418,0.0,75.4001466424252,0.0,10452.714326642425,406.595429109332,348632.90851754986,0.0,190263.6028805487,538896.5113980985,348725.20538427273,0.0,190892.09454166002,539617.2999259328
388,10377.01637,0.0,75.6979566424252,0.0,10452.714326642425,473.209630954666,348632.90851754986,0.0,190263.6028805487,538896.5113980985,348725.20538427273,0.0,190892.09454166002,539617.2999259328
389,10376.81618,0.0,75.8981466424248,0.0,10452.714326642425,540.0,348632.90851754986,0.0,190263.6028805487,538896.5113980985,348725.20538427273,0.0,190892.09454166002,539617.2999259328
390,10376.61599,0.0,0.0,100.0,10276.61599,440.0,348632.90851754986,0.0,190263.6028805487,538896.5113980985,348725.20538427273,0.0,190892.09454166002,539617.2999259328
391,10376.41579,0.0,0.0,78.7502723333346,10297.665517666665,361.249727666665,348632.90851754986,0.0,190263.6028805487,538896.5113980985,348725.20538427273,0.0,190892.09454166002,539617.2999259328
392,10376.2156,0.017967,0.0,76.034907166666,10300.162725833334,285.214820499999,348632.90851754986,0.0,190263.6028805487,538896.5113980985,348725.20538427273,0.0,190892.09454166002,539617.2999259328
393,10375.87127,0.031123,0.0,75.6774211666652,10300.162725833334,209.537399333334,348632.90851754986,0.0,190263.6028805487,538896.5113980985,348725.20538427273,0.0,190892.09454166002,539617.2999259328
394,10375.27069,0.03755,0.0,75.0704141666665,10300.162725833334,134.466985166668,348632.90851754986,0.0,190263.6028805487,538896.5113980985,348725.20538427273,0.0,190892.09454166002,539617.2999259328
395,10374.67012,0.040409,0.0,74.4669851666677,10300.162725833334,60.0,348632.90851754986,0.0,190263.6028805487,538896.5113980985,348725.20538427273,0.0,190892.09454166002,539617.2999259328
396,10374.06954,0.040570999999999996,78.6853576424237,0.0,10452.714326642425,129.243114725333,348632.90851754986,0.0,190263.6028805487,538896.5113980985,348725.20538427273,0.0,190892.09454166002,539617.2999259328
397,10373.46897,0.037838000000000004,79.2831946424249,0.0,10452.714326642425,199.012326010667,348632.90851754986,0.0,190263.6028805487,538896.5113980985,348725.20538427273,0.0,190892.09454166002,539617.2999259328
398,10372.95153,0.030873,79.793669642424,0.0,10452.714326642425,269.230755296,348632.90851754986,0.0,190263.6028805487,538896.5113980985,348725.20538427273,0.0,190892.09454166002,539617.2999259328
399,10372.75134,0.020715,79.9837016424244,0.0,10452.714326642425,339.616412741333,348632.90851754986,0.0,190263.6028805487,538896.5113980985,348725.20538427273,0.0,190892.09454166002,539617.2999259328
400,10372.55114,0.0074600000000000005,80.1706466424257,0.0,10452.714326642425,410.166581786668,348632.90851754986,0.0,190263.6028805487,538896.5113980985,348725.20538427273,0.0,190892.09454166002,539617.2999259328
401,10372.35095,0.0,0.0,100.0,10272.35095,310.166581786668,348632.90851754986,0.0,190263.6028805487,538896.5113980985,348725.20538427273,0.0,190892.09454166002,539617.2999259328
402,10372.15076,0.0,0.0,100.0,10272.15076,210.166581786668,348632.90851754986,0.0,190263.6028805487,538896.5113980985,348725.20538427273,0.0,190892.09454166002,539617.2999259328
403,10371.91736,0.0,0.0,79.2127176200021,10292.704642379997,130.953864166666,348632.90851754986,0.0,190263.6028805487,538896.5113980985,348725.20538427273,0.0,190892.09454166002,539617.2999259328
404,10371.11659,0.0,0.0,70.9538641666659,10300.162725833334,60.0,348632.90851754986,0.0,190263.6028805487,538896.5113980985,348725.20538427273,0.0,190892.09454166002,539617.2999259328
405,10370.31582,0.0,21.7324555999911,0.0,10392.048275599991,79.1245609279922,348632.90851754986,0.0,190263.6028805487,538896.5113980985,348725.20538427273,0.0,190892.09454166002,539617.2999259328
406,10369.51506,0.0,0.0,0.0,10369.51506,79.1245609279922,348632.90851754986,0.0,190263.6028805487,538896.5113980985,348725.20538427273,0.0,190892.09454166002,539617.2999259328
407,10368.71429,0.0,0.0,0.0,10368.71429,79.1245609279922,348632.90851754986,0.0,190263.6028805487,538896.5113980985,348725.20538427273,0.0,190892.09454166002,539617.2999259328
408,10367.91352,0.0,84.8008066424295,0.0,10452.71432664243,153.74927077333,348632.90851754986,0.0,190263.6028805487,538896.5113980985,348725.20538427273,0.0,190892.09454166002,539617.2999259328
409,10366.93199,0.0,85.7823366424254,0.0,10452.714326642425,229.237727018665,348632.90851754986,0.0,190263.6028805487,538896.5113980985,348725.20538427273,0.0,190892.09454166002,539617.2999259328
410,10365.93103,0.0,86.7832966424248,0.0,10452.714326642425,305.607028063998,348632.90851754986,0.0,190263.6028805487,538896.5113980985,348725.20538427273,0.0,190892.09454166002,539617.2999259328
411,10364.93007,0.0,87.7842566424242,0.0,10452.714326642425,382.857173909332,348632.90851754986,0.0,190263.6028805487,538896.5113980985,348725.20538427273,0.0,190892.09454166002,539617.2999259328
412,10363.92911,0.0,88.7852166424254,0.0,10452.714326642425,460.988164554666,348632.90851754986,0.0,190263.6028805487,538896.5113980985,348725.20538427273,0.0,190892.09454166002,539617.2999259328
413,10362.92815,0.0,89.7861766424248,0.0,10452.714326642425,540.0,348632.90851754986,0.0,190263.6028805487,538896.5113980985,348725.20538427273,0.0,190892.09454166002,539617.2999259328
414,10362.07745,0.0,0.0,100.0,10262.07745,440.0,348632.90851754986,0.0,190263.6028805487,538896.5113980985,348725.20538427273,0.0,190892.09454166002,539617.2999259328
415,10361.27668,0.0,0.0,100.0,10261.27668,340.0,348632.90851754986,0.0,190263.6028805487,538896.5113980985,348725.20538427273,0.0,190892.09454166002,539617.2999259328
416,10360.47591,0.015772,0.0,100.0,10260.460137999999,240.0,348632.90851754986,0.0,190263.6028805487,538896.5113980985,348725.20538427273,0.0,190892.09454166002,539617.2999259328
417,10359.67515,0.028149,0.0,63.5702336666673,10296.076767333332,176.429766333333,348632.90851754986,0.0,190263.6028805487,538896.5113980985,348725.20538427273,0.0,190892.09454166002,539617.2999259328
418,10358.87438,0.034091,0.0,58.677563166666,10300.162725833334,117.752203166667,348632.90851754986,0.0,190263.6028805487,538896.5113980985,348725.20538427273,0.0,190892.09454166002,539617.2999259328
419,10357.95385,0.038921,0.0,57.7522031666667,10300.162725833334,60.0,348632.90851754986,0.0,190263.6028805487,538896.5113980985,348725.20538427273,0.0,190892.09454166002,539617.2999259328
420,10356.95289,0.040426000000000004,61.4128339757558,0.0,10418.325297975756,114.043293898665,348632.90851754986,0.0,190263.6028805487,538896.5113980985,348725.20538427273,0.0,190892.09454166002,539617.2999259328
421,10355.95193,0.035247,96.7976436424251,0.0,10452.714326642425,199.225220303999,348632.90851754986,0.0,190263.6028805487,538896.5113980985,348725.20538427273,0.0,190892.09454166002,539617.2999259328
422,10354.95097,0.019642,97.782998642424,0.0,10452.714326642425,285.274259109332,348632.90851754986,0.0,190263.6028805487,538896.5113980985,348725.20538427273,0.0,190892.09454166002,539617.2999259328
423,10353.95001,0.01579,98.7801066424236,0.0,10452.714326642425,372.200752954665,348632.90851754986,0.0,190263.6028805487,538896.5113980985,348725.20538427273,0.0,190892.09454166002,539617.2999259328
424,10352.94905,0.006595,99.771871642426,0.0,10452.714326642425,460.0,348632.90851754986,0.0,190263.6028805487,538896.5113980985,348725.20538427273,0.0,190892.09454166002,539617.2999259328
425,10351.94809,0.0,0.0,100.0,10251.94809,360.0,348632.90851754986,0.0,190263.6028805487,538896.5113980985,348725.20538427273,0.0,190892.09454166002,539617.2999259328
426,10350.94713,0.0,0.0,100.0,10250.94713,260.0,348632.90851754986,0.0,190263.6028805487,538896.5113980985,348725.20538427273,0.0,190892.09454166002,539617.2999259328
427,10349.94617,0.0,0.0,100.0,10249.94617,160.0,348632.90851754986,0.0,190263.6028805487,538896.5113980985,348725.20538427273,0.0,190892.09454166002,539617.2999259328
428,10348.94521,0.0,0.0,100.0,10248.94521,60.0,348632.90851754986,0.0,190263.6028805487,538896.5113980985,348725.20538427273,0.0,190892.09454166002,539617.2999259328
429,10347.76796,0.0,0.0,0.0,10347.76796,60.0,348632.90851754986,0.0,190263.6028805487,538896.5113980985,348725.20538427273,0.0,190892.09454166002,539617.2999259328
430,10346.16642,0.0,0.0,0.0,10346.16642,60.0,348632.90851754986,0.0,190263.6028805487,538896.5113980985,348725.20538427273,0.0,190892.09454166002,539617.2999259328
431,10344.56489,0.0,0.0,0.0,10344.56489,60.0,348632.90851754986,0.0,190263.6028805487,538896.5113980985,348725.20538427273,0.0,190892.09454166002,539617.2999259328
432,10342.96335,0.0,45.4545454545455,0.0,10388.417895454546,100.0,348632.90851754986,0.0,190263.6028805487,538896.5113980985,348725.20538427273,0.0,190892.09454166002,539617.2999259328
433,10341.36181,0.0,100.0,0.0,10441.36181,188.0,348632.90851754986,0.0,190263.6028805487,538896.5113980985,348725.20538427273,0.0,190892.09454166002,539617.2999259328
434,10339.8168,0.0,100.0,0.0,10439.8168,276.0,348632.90851754986,0.0,190263.6028805487,538896.5113980985,348725.20538427273,0.0,190892.09454166002,539617.2999259328
435,10338.61565,0.0,100.0,0.0,10438.61565,364.0,348632.90851754986,0.0,190263.6028805487,538896.5113980985,348725.20538427273,0.0,190892.09454166002,539617.2999259328
436,10337.4145,0.0,100.0,0.0,10437.4145,452.0,348632.90851754986,0.0,190263.6028805487,538896.5113980985,348725.20538427273,0.0,190892.09454166002,539617.2999259328
437,10336.21334,0.0,100.0,0.0,10436.21334,540.0,348632.90851754986,0.0,190263.6028805487,538896.5113980985,348725.20538427273,0.0,190892.09454166002,539617.2999259328
438,10335.01219,0.0,0.0,100.0,10235.01219,440.0,348632.90851754986,0.0,190263.6028805487,538896.5113980985,348725.20538427273,0.0,190892.09454166002,539617.2999259328
439,10333.81104,0.0,0.0,100.0,10233.81104,340.0,348632.90851754986,0.0,190263.6028805487,538896.5113980985,348725.20538427273,0.0,190892.09454166002,539617.2999259328
440,10332.60989,0.02274,0.0,100.0,10232.58715,240.0,348632.90851754986,0.0,190263.6028805487,538896.5113980985,348725.20538427273,0.0,190892.09454166002,539617.2999259328
441,10331.40874,0.030703,0.0,100.0,10231.378037,140.0,348632.90851754986,0.0,190263.6028805487,538896.5113980985,348725.20538427273,0.0,190892.09454166002,539617.2999259328
442,10330.20758,0.038272,0.0,51.1963478333346,10278.972960166666,88.8036521666654,348632.90851754986,0.0,190263.6028805487,538896.5113980985,348725.20538427273,0.0,190892.09454166002,539617.2999259328
443,10329.00643,0.040052,0.0,28.8036521666654,10300.162725833334,60.0,348632.90851754986,0.0,190263.6028805487,538896.5113980985,348725.20538427273,0.0,190892.09454166002,539617.2999259328
444,10327.80528,0.038631,100.0,0.0,10427.766649000001,148.0,348632.90851754986,0.0,190263.6028805487,538896.5113980985,348725.20538427273,0.0,190892.09454166002,539617.2999259328
445,10326.43667,0.035429,100.0,0.0,10426.401241,236.0,348632.90851754986,0.0,190263.6028805487,538896.5113980985,348725.20538427273,0.0,190892.09454166002,539617.2999259328
446,10325.03533,0.029278,100.0,0.0,10425.006052,324.0,348632.90851754986,0.0,190263.6028805487,538896.5113980985,348725.20538427273,0.0,190892.09454166002,539617.2999259328
447,10323.63398,0.019056,100.0,0.0,10423.614924000001,412.0,348632.90851754986,0.0,190263.6028805487,538896.5113980985,348725.20538427273,0.0,190892.09454166002,539617.2999259328
448,10322.23264,0.007261,100.0,0.0,10422.225379,500.0,348632.90851754986,0.0,190263.6028805487,538896.5113980985,348725.20538427273,0.0,190892.09454166002,539617.2999259328
449,10320.83129,0.0,0.0,100.0,10220.83129,400.0,348632.90851754986,0.0,190263.6028805487,538896.5113980985,348725.20538427273,0.0,190892.09454166002,539617.2999259328
450,10318.74518,0.0,0.0,100.0,10218.74518,300.0,348632.90851754986,0.0,190263.6028805487,538896.5113980985,348725.20538427273,0.0,190892.09454166002,539617.2999259328
451,10316.34287,0.0,0.0,100.0,10216.34287,200.0,348632.90851754986,0.0,190263.6028805487,538896.5113980985,348725.20538427273,0.0,190892.09454166002,539617.2999259328
452,10313.94057,0.0,0.0,100.0,10213.94057,100.0,348632.90851754986,0.0,190263.6028805487,538896.5113980985,348725.20538427273,0.0,190892.09454166002,539617.2999259328
453,10311.53826,0.0,0.0,0.0,10311.53826,100.0,348632.90851754986,0.0,190263.6028805487,538896.5113980985,348725.20538427273,0.0,190892.09454166002,539617.2999259328
454,10309.13596,0.0,0.0,0.0,10309.13596,100.0,348632.90851754986,0.0,190263.6028805487,538896.5113980985,348725.20538427273,0.0,190892.09454166002,539617.2999259328
455,10306.84011,0.0,0.0,0.0,10306.84011,100.0,348632.90851754986,0.0,190263.6028805487,538896.5113980985,348725.20538427273,0.0,190892.09454166002,539617.2999259328
456,10304.638,0.0,0.0,0.0,10304.638,100.0,348632.90851754986,0.0,190263.6028805487,538896.5113980985,348725.20538427273,0.0,190892.09454166002,539617.2999259328
457,10302.43588,0.0,100.0,0.0,10402.43588,188.0,348632.90851754986,0.0,190263.6028805487,538896.5113980985,348725.20538427273,0.0,190892.09454166002,539617.2999259328
458,10300.23377,0.0,100.0,0.0,10400.23377,276.0,348632.90851754986,0.0,190263.6028805487,538896.5113980985,348725.20538427273,0.0,190892.09454166002,539617.2999259328
459,10298.03166,0.0,100.0,0.0,10398.03166,364.0,348632.90851754986,0.0,190263.6028805487,538896.5113980985,348725.20538427273,0.0,190892.09454166002,539617.2999259328
460,10295.82955,0.0,100.0,0.0,10395.82955,452.0,348632.90851754986,0.0,190263.6028805487,538896.5113980985,348725.20538427273,0.0,190892.09454166002,539617.2999259328
461,10293.62743,0.0,100.0,0.0,10393.62743,540.0,348632.90851754986,0.0,190263.6028805487,538896.5113980985,348725.20538427273,0.0,190892.09454166002,539617.2999259328
462,10291.42532,0.0,0.0,100.0,10191.42532,440.0,348632.90851754986,0.0,190263.6028805487,538896.5113980985,348725.20538427273,0.0,190892.09454166002,539617.2999259328
463,10289.22321,0.0,0.0,100.0,10189.22321,340.0,348632.90851754986,0.0,190263.6028805487,538896.5113980985,348725.20538427273,0.0,190892.09454166002,539617.2999259328
464,10287.0211,0.014128,0.0,100.0,10187.006972,240.0,348632.90851754986,0.0,190263.6028805487,538896.5113980985,348725.20538427273,0.0,190892.09454166002,539617.2999259328
465,10284.81898,0.025944,0.0,100.0,10184.793036,140.0,348632.90851754986,0.0,190263.6028805487,538896.5113980985,348725.20538427273,0.0,190892.09454166002,539617.2999259328
466,10282.61687,0.033845,0.0,80.0,10202.583025,60.0,348632.90851754986,0.0,190263.6028805487,538896.5113980985,348725.20538427273,0.0,190892.09454166002,539617.2999259328
467,10280.41476,0.036531,0.0,0.0,10280.378229,60.0,348632.90851754986,0.0,190263.6028805487,538896.5113980985,348725.20538427273,0.0,190892.09454166002,539617.2999259328
468,10278.21265,0.03628,54.5454545454545,0.0,10332.721824545453,108.0,348632.90851754986,0.0,190263.6028805487,538896.5113980985,348725.20538427273,0.0,190892.09454166002,539617.2999259328
469,10276.01053,0.034631999999999996,100.0,0.0,10375.975897999999,196.0,348632.90851754986,0.0,190263.6028805487,538896.5113980985,348725.20538427273,0.0,190892.09454166002,539617.2999259328
470,10273.80842,0.030317,100.0,0.0,10373.778102999999,284.0,348632.90851754986,0.0,190263.6028805487,538896.5113980985,348725.20538427273,0.0,190892.09454166002,539617.2999259328
471,10271.60631,0.021774,100.0,0.0,10371.584535999998,372.0,348632.90851754986,0.0,190263.6028805487,538896.5113980985,348725.20538427273,0.0,190892.09454166002,539617.2999259328
472,10269.4042,0.007614,100.0,0.0,10369.396586,460.0,348632.90851754986,0.0,190263.6028805487,538896.5113980985,348725.20538427273,0.0,190892.09454166002,539617.2999259328
473,10267.20208,0.0,0.0,100.0,10167.20208,360.0,348632.90851754986,0.0,190263.6028805487,538896.5113980985,348725.20538427273,0.0,190892.09454166002,539617.2999259328
474,10264.99997,0.0,0.0,100.0,10164.99997,260.0,348632.90851754986,0.0,190263.6028805487,538896.5113980985,348725.20538427273,0.0,190892.09454166002,539617.2999259328
475,10262.79786,0.0,0.0,100.0,10162.79786,160.0,348632.90851754986,0.0,190263.6028805487,538896.5113980985,348725.20538427273,0.0,190892.09454166002,539617.2999259328
476,10261.51898,0.0,0.0,100.0,10161.51898,60.0,348632.90851754986,0.0,190263.6028805487,538896.5113980985,348725.20538427273,0.0,190892.09454166002,539617.2999259328
477,10260.31783,0.0,0.0,0.0,10260.31783,60.0,348632.90851754986,0.0,190263.6028805487,538896.5113980985,348725.20538427273,0.0,190892.09454166002,539617.2999259328
478,10259.11668,0.0,0.0,0.0,10259.11668,60.0,348632.90851754986,0.0,190263.6028805487,538896.5113980985,348725.20538427273,0.0,190892.09454166002,539617.2999259328
479,10257.91553,0.0,0.0,0.0,10257.91553,60.0,348632.90851754986,0.0,190263.6028805487,538896.5113980985,348725.20538427273,0.0,190892.09454166002,539617.2999259328
480,10256.71438,0.0,0.0,0.0,10256.71438,60.0,348632.90851754986,0.0,190263.6028805487,538896.5113980985,348725.20538427273,0.0,190892.09454166002,539617.2999259328
481,10255.51322,0.0,0.0,0.0,10255.51322,60.0,348632.90851754986,0.0,190263.6028805487,538896.5113980985,348725.20538427273,0.0,190892.09454166002,539617.2999259328
482,10254.31207,0.0,0.0,0.0,10254.31207,60.0,348632.90851754986,0.0,190263.6028805487,538896.5113980985,348725.20538427273,0.0,190892.09454166002,539617.2999259328
483,10253.11092,0.0,0.0,0.0,10253.11092,60.0,348632.90851754986,0.0,190263.6028805487,538896.5113980985,348725.20538427273,0.0,190892.09454166002,539617.2999259328
484,10251.90977,0.0,0.0,0.0,10251.90977,60.0,348632.90851754986,0.0,190263.6028805487,538896.5113980985,348725.20538427273,0.0,190892.09454166002,539617.2999259328
485,10250.70861,0.0,0.0,0.0,10250.70861,60.0,348632.90851754986,0.0,190263.6028805487,538896.5113980985,348725.20538427273,0.0,190892.09454166002,539617.2999259328
486,10249.26017,0.0,0.0,0.0,10249.26017,60.0,348632.90851754986,0.0,190263.6028805487,538896.5113980985,348725.20538427273,0.0,190892.09454166002,539617.2999259328
487,10247.65863,0.0,0.0,0.0,10247.65863,60.0,348632.90851754986,0.0,190263.6028805487,538896.5113980985,348725.20538427273,0.0,190892.09454166002,539617.2999259328
488,10246.05709,0.018564,0.0,0.0,10246.038526,60.0,348632.90851754986,0.0,190263.6028805487,538896.5113980985,348725.20538427273,0.0,190892.09454166002,539617.2999259328
489,10244.45556,0.023871,0.0,0.0,10244.431689000001,60.0,348632.90851754986,0.0,190263.6028805487,538896.5113980985,348725.20538427273,0.0,190892.09454166002,539617.2999259328
490,10242.85402,0.015805,0.0,0.0,10242.838215000002,60.0,348632.90851754986,0.0,190263.6028805487,538896.5113980985,348725.20538427273,0.0,190892.09454166002,539617.2999259328
491,10241.15934,0.007135,0.0,0.0,10241.152205,60.0,348632.90851754986,0.0,190263.6028805487,538896.5113980985,348725.20538427273,0.0,190892.09454166002,539617.2999259328
492,10239.35761,0.006153,0.0,0.0,10239.351456999999,60.0,348632.90851754986,0.0,190263.6028805487,538896.5113980985,348725.20538427273,0.0,190892.09454166002,539617.2999259328
493,10237.55588,0.007065000000000001,0.0,0.0,10237.548815,60.0,348632.90851754986,0.0,190263.6028805487,538896.5113980985,348725.20538427273,0.0,190892.09454166002,539617.2999259328
494,10235.75415,0.005642,45.4545454545455,0.0,10281.203053454547,100.0,348632.90851754986,0.0,190263.6028805487,538896.5113980985,348725.20538427273,0.0,190892.09454166002,539617.2999259328
495,10233.95242,0.0015880000000000002,0.0,0.0,10233.950832,100.0,348632.90851754986,0.0,190263.6028805487,538896.5113980985,348725.20538427273,0.0,190892.09454166002,539617.2999259328
496,10232.27599,0.00046,0.0,0.0,10232.27553,100.0,348632.90851754986,0.0,190263.6028805487,538896.5113980985,348725.20538427273,0.0,190892.09454166002,539617.2999259328
497,10230.87465,0.0,0.0,0.0,10230.87465,100.0,348632.90851754986,0.0,190263.6028805487,538896.5113980985,348725.20538427273,0.0,190892.09454166002,539617.2999259328
498,10229.4733,0.0,0.0,0.0,10229.4733,100.0,348632.90851754986,0.0,190263.6028805487,538896.5113980985,348725.20538427273,0.0,190892.09454166002,539617.2999259328
499,10228.07196,0.0,0.0,0.0,10228.07196,100.0,348632.90851754986,0.0,190263.6028805487,538896.5113980985,348725.20538427273,0.0,190892.09454166002,539617.2999259328
500,10226.67061,0.0,0.0,0.0,10226.67061,100.0,348632.90851754986,0.0,190263.6028805487,538896.5113980985,348725.20538427273,0.0,190892.09454166002,539617.2999259328
501,10225.23712,0.0,0.0,0.0,10225.23712,100.0,348632.90851754986,0.0,190263.6028805487,538896.5113980985,348725.20538427273,0.0,190892.09454166002,539617.2999259328
502,10223.63558,0.0,0.0,0.0,10223.63558,100.0,348632.90851754986,0.0,190263.6028805487,538896.5113980985,348725.20538427273,0.0,190892.09454166002,539617.2999259328
503,10222.03405,0.0,0.0,0.0,10222.03405,100.0,348632.90851754986,0.0,190263.6028805487,538896.5113980985,348725.20538427273,0.0,190892.09454166002,539617.2999259328
504,10220.43251,0.0,0.0,0.0,10220.43251,100.0,348632.90851754986,0.0,190263.6028805487,538896.5113980985,348725.20538427273,0.0,190892.09454166002,539617.2999259328
505,10218.83098,0.0,0.0,0.0,10218.83098,100.0,348632.90851754986,0.0,190263.6028805487,538896.5113980985,348725.20538427273,0.0,190892.09454166002,539617.2999259328
506,10217.22449,0.0,0.0,0.0,10217.22449,100.0,348632.90851754986,0.0,190263.6028805487,538896.5113980985,348725.20538427273,0.0,190892.09454166002,539617.2999259328
507,10215.02238,0.0,0.0,0.0,10215.02238,100.0,348632.90851754986,0.0,190263.6028805487,538896.5113980985,348725.20538427273,0.0,190892.09454166002,539617.2999259328
508,10212.82027,0.0,0.0,0.0,10212.82027,100.0,348632.90851754986,0.0,190263.6028805487,538896.5113980985,348725.20538427273,0.0,190892.09454166002,539617.2999259328
509,10210.61816,0.0,0.0,0.0,10210.61816,100.0,348632.90851754986,0.0,190263.6028805487,538896.5113980985,348725.20538427273,0.0,190892.09454166002,539617.2999259328
510,10208.41604,0.0,0.0,0.0,10208.41604,100.0,348632.90851754986,0.0,190263.6028805487,538896.5113980985,348725.20538427273,0.0,190892.09454166002,539617.2999259328
511,10206.21393,0.0,0.0,0.0,10206.21393,100.0,348632.90851754986,0.0,190263.6028805487,538896.5113980985,348725.20538427273,0.0,190892.09454166002,539617.2999259328
512,10203.84048,0.022439,0.0,0.0,10203.818041,100.0,348632.90851754986,0.0,190263.6028805487,538896.5113980985,348725.20538427273,0.0,190892.09454166002,539617.2999259328
513,10201.43817,0.031936,0.0,0.0,10201.406234,100.0,348632.90851754986,0.0,190263.6028805487,538896.5113980985,348725.20538427273,0.0,190892.09454166002,539617.2999259328
514,10199.03587,0.03699,0.0,0.0,10198.99888,100.0,348632.90851754986,0.0,190263.6028805487,538896.5113980985,348725.20538427273,0.0,190892.09454166002,539617.2999259328
515,10196.63356,0.038874000000000006,0.0,0.0,10196.594686,100.0,348632.90851754986,0.0,190263.6028805487,538896.5113980985,348725.20538427273,0.0,190892.09454166002,539617.2999259328
516,10194.23126,0.036776,0.0,0.0,10194.194484,100.0,348632.90851754986,0.0,190263.6028805487,538896.5113980985,348725.20538427273,0.0,190892.09454166002,539617.2999259328
517,10191.82895,0.035752000000000006,0.0,0.0,10191.793198,100.0,348632.90851754986,0.0,190263.6028805487,538896.5113980985,348725.20538427273,0.0,190892.09454166002,539617.2999259328
518,10189.42665,0.029434000000000002,0.0,0.0,10189.397216,100.0,348632.90851754986,0.0,190263.6028805487,538896.5113980985,348725.20538427273,0.0,190892.09454166002,539617.2999259328
519,10187.02435,0.018954000000000002,0.0,0.0,10187.005396,100.0,348632.90851754986,0.0,190263.6028805487,538896.5113980985,348725.20538427273,0.0,190892.09454166002,539617.2999259328
520,10184.62204,0.008048999999999999,0.0,0.0,10184.613991,100.0,348632.90851754986,0.0,190263.6028805487,538896.5113980985,348725.20538427273,0.0,190892.09454166002,539617.2999259328
521,10182.21974,0.0,0.0,0.0,10182.21974,100.0,348632.90851754986,0.0,190263.6028805487,538896.5113980985,348725.20538427273,0.0,190892.09454166002,539617.2999259328
522,10179.81743,0.0,0.0,0.0,10179.81743,100.0,348632.90851754986,0.0,190263.6028805487,538896.5113980985,348725.20538427273,0.0,190892.09454166002,539617.2999259328
523,10177.41513,0.0,0.0,0.0,10177.41513,100.0,348632.90851754986,0.0,190263.6028805487,538896.5113980985,348725.20538427273,0.0,190892.09454166002,539617.2999259328
524,10175.01282,0.0,0.0,0.0,10175.01282,100.0,348632.90851754986,0.0,190263.6028805487,538896.5113980985,348725.20538427273,0.0,190892.09454166002,539617.2999259328
525,10172.61052,0.0,0.0,0.0,10172.61052,100.0,348632.90851754986,0.0,190263.6028805487,538896.5113980985,348725.20538427273,0.0,190892.09454166002,539617.2999259328
526,10170.20821,0.0,0.0,0.0,10170.20821,100.0,348632.90851754986,0.0,190263.6028805487,538896.5113980985,348725.20538427273,0.0,190892.09454166002,539617.2999259328
527,10167.88575,0.0,0.0,0.0,10167.88575,100.0,348632.90851754986,0.0,190263.6028805487,538896.5113980985,348725.20538427273,0.0,190892.09454166002,539617.2999259328
528,10165.68364,0.0,0.0,0.0,10165.68364,100.0,348632.90851754986,0.0,190263.6028805487,538896.5113980985,348725.20538427273,0.0,190892.09454166002,539617.2999259328
529,10163.48153,0.0,100.0,0.0,10263.48153,188.0,348632.90851754986,0.0,190263.6028805487,538896.5113980985,348725.20538427273,0.0,190892.09454166002,539617.2999259328
530,10161.27941,0.0,100.0,0.0,10261.27941,276.0,348632.90851754986,0.0,190263.6028805487,538896.5113980985,348725.20538427273,0.0,190892.09454166002,539617.2999259328
531,10159.0773,0.0,100.0,0.0,10259.0773,364.0,348632.90851754986,0.0,190263.6028805487,538896.5113980985,348725.20538427273,0.0,190892.09454166002,539617.2999259328
532,10157.1219,0.0,100.0,0.0,10257.1219,452.0,348632.90851754986,0.0,190263.6028805487,538896.5113980985,348725.20538427273,0.0,190892.09454166002,539617.2999259328
533,10155.92074,0.0,100.0,0.0,10255.92074,540.0,348632.90851754986,0.0,190263.6028805487,538896.5113980985,348725.20538427273,0.0,190892.09454166002,539617.2999259328
534,10154.71959,0.0,0.0,100.0,10054.71959,440.0,348632.90851754986,0.0,190263.6028805487,538896.5113980985,348725.20538427273,0.0,190892.09454166002,539617.2999259328
535,10153.51844,0.0,0.0,100.0,10053.51844,340.0,348632.90851754986,0.0,190263.6028805487,538896.5113980985,348725.20538427273,0.0,190892.09454166002,539617.2999259328
536,10152.31729,0.021059,0.0,100.0,10052.296231,240.0,348632.90851754986,0.0,190263.6028805487,538896.5113980985,348725.20538427273,0.0,190892.09454166002,539617.2999259328
537,10151.09729,0.030545000000000003,0.0,100.0,10051.066745,140.0,348632.90851754986,0.0,190263.6028805487,538896.5113980985,348725.20538427273,0.0,190892.09454166002,539617.2999259328
538,10149.69595,0.03644,0.0,80.0,10069.65951,60.0,348632.90851754986,0.0,190263.6028805487,538896.5113980985,348725.20538427273,0.0,190892.09454166002,539617.2999259328
539,10148.2946,0.039217,0.0,0.0,10148.255383,60.0,348632.90851754986,0.0,190263.6028805487,538896.5113980985,348725.20538427273,0.0,190892.09454166002,539617.2999259328
540,10146.89326,0.038357999999999996,100.0,0.0,10246.854902000001,148.0,348632.90851754986,0.0,190263.6028805487,538896.5113980985,348725.20538427273,0.0,190892.09454166002,539617.2999259328
541,10145.49191,0.0343,100.0,0.0,10245.457610000001,236.0,348632.90851754986,0.0,190263.6028805487,538896.5113980985,348725.20538427273,0.0,190892.09454166002,539617.2999259328
542,10144.09057,0.028822,100.0,0.0,10244.061748,324.0,348632.90851754986,0.0,190263.6028805487,538896.5113980985,348725.20538427273,0.0,190892.09454166002,539617.2999259328
543,10142.87776,0.021358000000000002,100.0,0.0,10242.856402,412.0,348632.90851754986,0.0,190263.6028805487,538896.5113980985,348725.20538427273,0.0,190892.09454166002,539617.2999259328
544,10141.67661,0.007967,100.0,0.0,10241.668643,500.0,348632.90851754986,0.0,190263.6028805487,538896.5113980985,348725.20538427273,0.0,190892.09454166002,539617.2999259328
545,10140.47546,0.0,0.0,100.0,10040.47546,400.0,348632.90851754986,0.0,190263.6028805487,538896.5113980985,348725.20538427273,0.0,190892.09454166002,539617.2999259328
546,10139.2743,0.0,0.0,100.0,10039.2743,300.0,348632.90851754986,0.0,190263.6028805487,538896.5113980985,348725.20538427273,0.0,190892.09454166002,539617.2999259328
547,10138.07315,0.0,0.0,100.0,10038.07315,200.0,348632.90851754986,0.0,190263.6028805487,538896.5113980985,348725.20538427273,0.0,190892.09454166002,539617.2999259328
548,10136.71396,0.0,0.0,100.0,10036.71396,100.0,348632.90851754986,0.0,190263.6028805487,538896.5113980985,348725.20538427273,0.0,190892.09454166002,539617.2999259328
549,10135.31262,0.0,0.0,0.0,10135.31262,100.0,348632.90851754986,0.0,190263.6028805487,538896.5113980985,348725.20538427273,0.0,190892.09454166002,539617.2999259328
550,10133.91128,0.0,0.0,0.0,10133.91128,100.0,348632.90851754986,0.0,190263.6028805487,538896.5113980985,348725.20538427273,0.0,190892.09454166002,539617.2999259328
551,10132.50993,0.0,0.0,0.0,10132.50993,100.0,348632.90851754986,0.0,190263.6028805487,538896.5113980985,348725.20538427273,0.0,190892.09454166002,539617.2999259328
552,10131.10859,0.0,0.0,0.0,10131.10859,100.0,348632.90851754986,0.0,190263.6028805487,538896.5113980985,348725.20538427273,0.0,190892.09454166002,539617.2999259328
553,10129.83478,0.0,100.0,0.0,10229.83478,188.0,348632.90851754986,0.0,190263.6028805487,538896.5113980985,348725.20538427273,0.0,190892.09454166002,539617.2999259328
554,10128.63363,0.0,100.0,0.0,10228.63363,276.0,348632.90851754986,0.0,190263.6028805487,538896.5113980985,348725.20538427273,0.0,190892.09454166002,539617.2999259328
555,10127.43247,0.0,100.0,0.0,10227.43247,364.0,348632.90851754986,0.0,190263.6028805487,538896.5113980985,348725.20538427273,0.0,190892.09454166002,539617.2999259328
556,10126.23132,0.0,100.0,0.0,10226.23132,452.0,348632.90851754986,0.0,190263.6028805487,538896.5113980985,348725.20538427273,0.0,190892.09454166002,539617.2999259328
557,10125.03017,0.0,100.0,0.0,10225.03017,540.0,348632.90851754986,0.0,190263.6028805487,538896.5113980985,348725.20538427273,0.0,190892.09454166002,539617.2999259328
558,10123.63495,0.0,0.0,100.0,10023.63495,440.0,348632.90851754986,0.0,190263.6028805487,538896.5113980985,348725.20538427273,0.0,190892.09454166002,539617.2999259328
559,10122.03341,0.0,0.0,100.0,10022.03341,340.0,348632.90851754986,0.0,190263.6028805487,538896.5113980985,348725.20538427273,0.0,190892.09454166002,539617.2999259328
560,10120.43187,0.022363,0.0,100.0,10020.409507,240.0,348632.90851754986,0.0,190263.6028805487,538896.5113980985,348725.20538427273,0.0,190892.09454166002,539617.2999259328
561,10118.83034,0.03148,0.0,100.0,10018.79886,140.0,348632.90851754986,0.0,190263.6028805487,538896.5113980985,348725.20538427273,0.0,190892.09454166002,539617.2999259328
562,10117.2288,0.036555,0.0,80.0,10037.192245,60.0,348632.90851754986,0.0,190263.6028805487,538896.5113980985,348725.20538427273,0.0,190892.09454166002,539617.2999259328
563,10115.6938,0.039394,0.0,0.0,10115.654406,60.0,348632.90851754986,0.0,190263.6028805487,538896.5113980985,348725.20538427273,0.0,190892.09454166002,539617.2999259328
564,10114.29246,0.037299,100.0,0.0,10214.255161000001,148.0,348632.90851754986,0.0,190263.6028805487,538896.5113980985,348725.20538427273,0.0,190892.09454166002,539617.2999259328
565,10112.89111,0.034536000000000004,100.0,0.0,10212.856574000001,236.0,348632.90851754986,0.0,190263.6028805487,538896.5113980985,348725.20538427273,0.0,190892.09454166002,539617.2999259328
566,10111.48977,0.029138,100.0,0.0,10211.460632,324.0,348632.90851754986,0.0,190263.6028805487,538896.5113980985,348725.20538427273,0.0,190892.09454166002,539617.2999259328
567,10110.08842,0.019758,100.0,0.0,10210.068662,412.0,348632.90851754986,0.0,190263.6028805487,538896.5113980985,348725.20538427273,0.0,190892.09454166002,539617.2999259328
568,10108.68708,0.007896,100.0,0.0,10208.679184,500.0,348632.90851754986,0.0,190263.6028805487,538896.5113980985,348725.20538427273,0.0,190892.09454166002,539617.2999259328
569,10107.28573,0.0,0.0,100.0,10007.28573,400.0,348632.90851754986,0.0,190263.6028805487,538896.5113980985,348725.20538427273,0.0,190892.09454166002,539617.2999259328
570,10105.88439,0.0,0.0,100.0,10005.88439,300.0,348632.90851754986,0.0,190263.6028805487,538896.5113980985,348725.20538427273,0.0,190892.09454166002,539617.2999259328
571,10104.48305,0.0,0.0,100.0,10004.48305,200.0,348632.90851754986,0.0,190263.6028805487,538896.5113980985,348725.20538427273,0.0,190892.09454166002,539617.2999259328
572,10103.0817,0.0,0.0,100.0,10003.0817,100.0,348632.90851754986,0.0,190263.6028805487,538896.5113980985,348725.20538427273,0.0,190892.09454166002,539617.2999259328
573,10101.67482,0.0,100.0,0.0,10201.67482,188.0,348632.90851754986,0.0,190263.6028805487,538896.5113980985,348725.20538427273,0.0,190892.09454166002,539617.2999259328
574,10100.07329,0.0,0.0,0.0,10100.07329,188.0,348632.90851754986,0.0,190263.6028805487,538896.5113980985,348725.20538427273,0.0,190892.09454166002,539617.2999259328
575,10098.47175,0.0,0.0,0.0,10098.47175,188.0,348632.90851754986,0.0,190263.6028805487,538896.5113980985,348725.20538427273,0.0,190892.09454166002,539617.2999259328
576,10096.87021,0.0,0.0,0.0,10096.87021,188.0,348632.90851754986,0.0,190263.6028805487,538896.5113980985,348725.20538427273,0.0,190892.09454166002,539617.2999259328
577,10095.26868,0.0,0.0,0.0,10095.26868,188.0,348632.90851754986,0.0,190263.6028805487,538896.5113980985,348725.20538427273,0.0,190892.09454166002,539617.2999259328
578,10093.66714,0.0,0.0,0.0,10093.66714,188.0,348632.90851754986,0.0,190263.6028805487,538896.5113980985,348725.20538427273,0.0,190892.09454166002,539617.2999259328
579,10092.0656,0.0,0.0,0.0,10092.0656,188.0,348632.90851754986,0.0,190263.6028805487,538896.5113980985,348725.20538427273,0.0,190892.09454166002,539617.2999259328
580,10090.46407,0.0,0.0,0.0,10090.46407,188.0,348632.90851754986,0.0,190263.6028805487,538896.5113980985,348725.20538427273,0.0,190892.09454166002,539617.2999259328
581,10088.86253,0.0,0.0,0.0,10088.86253,188.0,348632.90851754986,0.0,190263.6028805487,538896.5113980985,348725.20538427273,0.0,190892.09454166002,539617.2999259328
582,10087.261,0.0,0.0,0.0,10087.261,188.0,348632.90851754986,0.0,190263.6028805487,538896.5113980985,348725.20538427273,0.0,190892.09454166002,539617.2999259328
583,10085.65946,0.0,0.0,0.0,10085.65946,188.0,348632.90851754986,0.0,190263.6028805487,538896.5113980985,348725.20538427273,0.0,190892.09454166002,539617.2999259328
584,10083.9132,0.0011120000000000001,0.0,0.0,10083.912088000001,188.0,348632.90851754986,0.0,190263.6028805487,538896.5113980985,348725.20538427273,0.0,190892.09454166002,539617.2999259328
585,10082.11147,0.002854,0.0,0.0,10082.108616,188.0,348632.90851754986,0.0,190263.6028805487,538896.5113980985,348725.20538427273,0.0,190892.09454166002,539617.2999259328
586,10080.30974,0.002917,0.0,0.0,10080.306823,188.0,348632.90851754986,0.0,190263.6028805487,538896.5113980985,348725.20538427273,0.0,190892.09454166002,539617.2999259328
587,10078.50801,0.004076,0.0,0.0,10078.503934,188.0,348632.90851754986,0.0,190263.6028805487,538896.5113980985,348725.20538427273,0.0,190892.09454166002,539617.2999259328
588,10076.70628,0.0034070000000000003,0.0,0.0,10076.702873,188.0,348632.90851754986,0.0,190263.6028805487,538896.5113980985,348725.20538427273,0.0,190892.09454166002,539617.2999259328
589,10075.13301,0.006753,0.0,0.0,10075.126257,188.0,348632.90851754986,0.0,190263.6028805487,538896.5113980985,348725.20538427273,0.0,190892.09454166002,539617.2999259328
590,10073.73166,0.0031290000000000003,0.0,0.0,10073.728530999999,188.0,348632.90851754986,0.0,190263.6028805487,538896.5113980985,348725.20538427273,0.0,190892.09454166002,539617.2999259328
591,10072.33032,0.010908,0.0,0.0,10072.319411999999,188.0,348632.90851754986,0.0,190263.6028805487,538896.5113980985,348725.20538427273,0.0,190892.09454166002,539617.2999259328
592,10070.92897,0.0062320000000000006,0.0,0.0,10070.922738000001,188.0,348632.90851754986,0.0,190263.6028805487,538896.5113980985,348725.20538427273,0.0,190892.09454166002,539617.2999259328
593,10069.52763,0.0,0.0,0.0,10069.52763,188.0,348632.90851754986,0.0,190263.6028805487,538896.5113980985,348725.20538427273,0.0,190892.09454166002,539617.2999259328
594,10068.21001,0.0,0.0,0.0,10068.21001,188.0,348632.90851754986,0.0,190263.6028805487,538896.5113980985,348725.20538427273,0.0,190892.09454166002,539617.2999259328
595,10067.00886,0.0,0.0,0.0,10067.00886,188.0,348632.90851754986,0.0,190263.6028805487,538896.5113980985,348725.20538427273,0.0,190892.09454166002,539617.2999259328
596,10065.80771,0.0,0.0,0.0,10065.80771,188.0,348632.90851754986,0.0,190263.6028805487,538896.5113980985,348725.20538427273,0.0,190892.09454166002,539617.2999259328
597,10064.60656,0.0,0.0,0.0,10064.60656,188.0,348632.90851754986,0.0,190263.6028805487,538896.5113980985,348725.20538427273,0.0,190892.09454166002,539617.2999259328
598,10063.4054,0.0,0.0,0.0,10063.4054,188.0,348632.90851754986,0.0,190263.6028805487,538896.5113980985,348725.20538427273,0.0,190892.09454166002,539617.2999259328
599,10062.25748,0.0,0.0,0.0,10062.25748,188.0,348632.90851754986,0.0,190263.6028805487,538896.5113980985,348725.20538427273,0.0,190892.09454166002,539617.2999259328
600,10061.25652,0.0,0.0,0.0,10061.25652,188.0,348632.90851754986,0.0,190263.6028805487,538896.5113980985,348725.20538427273,0.0,190892.09454166002,539617.2999259328
601,10060.25556,0.0,0.0,0.0,10060.25556,188.0,348632.90851754986,0.0,190263.6028805487,538896.5113980985,348725.20538427273,0.0,190892.09454166002,539617.2999259328
602,10059.2546,0.0,100.0,0.0,10159.2546,276.0,348632.90851754986,0.0,190263.6028805487,538896.5113980985,348725.20538427273,0.0,190892.09454166002,539617.2999259328
603,10058.25364,0.0,100.0,0.0,10158.25364,364.0,348632.90851754986,0.0,190263.6028805487,538896.5113980985,348725.20538427273,0.0,190892.09454166002,539617.2999259328
604,10057.20722,0.0,100.0,0.0,10157.20722,452.0,348632.90851754986,0.0,190263.6028805487,538896.5113980985,348725.20538427273,0.0,190892.09454166002,539617.2999259328
605,10055.80588,0.0,100.0,0.0,10155.80588,540.0,348632.90851754986,0.0,190263.6028805487,538896.5113980985,348725.20538427273,0.0,190892.09454166002,539617.2999259328
606,10054.40453,0.0,0.0,100.0,9954.40453,440.0,348632.90851754986,0.0,190263.6028805487,538896.5113980985,348725.20538427273,0.0,190892.09454166002,539617.2999259328
607,10053.00319,0.0,0.0,100.0,9953.00319,340.0,348632.90851754986,0.0,190263.6028805487,538896.5113980985,348725.20538427273,0.0,190892.09454166002,539617.2999259328
608,10051.60185,0.020932,0.0,100.0,9951.580918,240.0,348632.90851754986,0.0,190263.6028805487,538896.5113980985,348725.20538427273,0.0,190892.09454166002,539617.2999259328
609,10050.2005,0.029469000000000002,0.0,100.0,9950.171031000002,140.0,348632.90851754986,0.0,190263.6028805487,538896.5113980985,348725.20538427273,0.0,190892.09454166002,539617.2999259328
610,10048.79916,0.035955,0.0,80.0,9968.763205000001,60.0,348632.90851754986,0.0,190263.6028805487,538896.5113980985,348725.20538427273,0.0,190892.09454166002,539617.2999259328
611,10047.39781,0.034256,0.0,0.0,10047.363554,60.0,348632.90851754986,0.0,190263.6028805487,538896.5113980985,348725.20538427273,0.0,190892.09454166002,539617.2999259328
612,10045.99647,0.038604,54.5454545454545,0.0,10100.503320545455,108.0,348632.90851754986,0.0,190263.6028805487,538896.5113980985,348725.20538427273,0.0,190892.09454166002,539617.2999259328
613,10044.59512,0.035936,100.0,0.0,10144.559184,196.0,348632.90851754986,0.0,190263.6028805487,538896.5113980985,348725.20538427273,0.0,190892.09454166002,539617.2999259328
614,10043.19378,0.03006,100.0,0.0,10143.16372,284.0,348632.90851754986,0.0,190263.6028805487,538896.5113980985,348725.20538427273,0.0,190892.09454166002,539617.2999259328
615,10041.95436,0.021143000000000002,100.0,0.0,10141.933217,372.0,348632.90851754986,0.0,190263.6028805487,538896.5113980985,348725.20538427273,0.0,190892.09454166002,539617.2999259328
616,10040.7532,0.007833,100.0,0.0,10140.745367,460.0,348632.90851754986,0.0,190263.6028805487,538896.5113980985,348725.20538427273,0.0,190892.09454166002,539617.2999259328
617,10039.55205,0.0,0.0,100.0,9939.55205,360.0,348632.90851754986,0.0,190263.6028805487,538896.5113980985,348725.20538427273,0.0,190892.09454166002,539617.2999259328
618,10038.3509,0.0,0.0,100.0,9938.3509,260.0,348632.90851754986,0.0,190263.6028805487,538896.5113980985,348725.20538427273,0.0,190892.09454166002,539617.2999259328
619,10037.14975,0.0,0.0,100.0,9937.14975,160.0,348632.90851754986,0.0,190263.6028805487,538896.5113980985,348725.20538427273,0.0,190892.09454166002,539617.2999259328
620,10035.94859,0.0,0.0,100.0,9935.94859,60.0,348632.90851754986,0.0,190263.6028805487,538896.5113980985,348725.20538427273,0.0,190892.09454166002,539617.2999259328
621,10034.74744,0.0,100.0,0.0,10134.74744,148.0,348632.90851754986,0.0,190263.6028805487,538896.5113980985,348725.20538427273,0.0,190892.09454166002,539617.2999259328
622,10033.54629,0.0,45.4545454545455,0.0,10079.000835454546,188.0,348632.90851754986,0.0,190263.6028805487,538896.5113980985,348725.20538427273,0.0,190892.09454166002,539617.2999259328
623,10032.34514,0.0,0.0,0.0,10032.34514,188.0,348632.90851754986,0.0,190263.6028805487,538896.5113980985,348725.20538427273,0.0,190892.09454166002,539617.2999259328
624,10031.14399,0.0,0.0,0.0,10031.14399,188.0,348632.90851754986,0.0,190263.6028805487,538896.5113980985,348725.20538427273,0.0,190892.09454166002,539617.2999259328
625,10029.84191,0.0,0.0,0.0,10029.84191,188.0,348632.90851754986,0.0,190263.6028805487,538896.5113980985,348725.20538427273,0.0,190892.09454166002,539617.2999259328
626,10028.44057,0.0,100.0,0.0,10128.44057,276.0,348632.90851754986,0.0,190263.6028805487,538896.5113980985,348725.20538427273,0.0,190892.09454166002,539617.2999259328
627,10027.03922,0.0,100.0,0.0,10127.03922,364.0,348632.90851754986,0.0,190263.6028805487,538896.5113980985,348725.20538427273,0.0,190892.09454166002,539617.2999259328
628,10025.63788,0.0,100.0,0.0,10125.63788,452.0,348632.90851754986,0.0,190263.6028805487,538896.5113980985,348725.20538427273,0.0,190892.09454166002,539617.2999259328
629,10024.23654,0.0,100.0,0.0,10124.23654,540.0,348632.90851754986,0.0,190263.6028805487,538896.5113980985,348725.20538427273,0.0,190892.09454166002,539617.2999259328
630,10022.76477,0.0,0.0,100.0,9922.76477,440.0,348632.90851754986,0.0,190263.6028805487,538896.5113980985,348725.20538427273,0.0,190892.09454166002,539617.2999259328
631,10021.16323,0.0,0.0,100.0,9921.16323,340.0,348632.90851754986,0.0,190263.6028805487,538896.5113980985,348725.20538427273,0.0,190892.09454166002,539617.2999259328
632,10019.5617,0.020010000000000003,0.0,100.0,9919.54169,240.0,348632.90851754986,0.0,190263.6028805487,538896.5113980985,348725.20538427273,0.0,190892.09454166002,539617.2999259328
633,10017.96016,0.030518,0.0,100.0,9917.929642000001,140.0,348632.90851754986,0.0,190263.6028805487,538896.5113980985,348725.20538427273,0.0,190892.09454166002,539617.2999259328
634,10016.35863,0.035586,0.0,80.0,9936.323044,60.0,348632.90851754986,0.0,190263.6028805487,538896.5113980985,348725.20538427273,0.0,190892.09454166002,539617.2999259328
635,10014.79701,0.037751,0.0,0.0,10014.759259,60.0,348632.90851754986,0.0,190263.6028805487,538896.5113980985,348725.20538427273,0.0,190892.09454166002,539617.2999259328
636,10013.39567,0.038488,54.5454545454545,0.0,10067.902636545454,108.0,348632.90851754986,0.0,190263.6028805487,538896.5113980985,348725.20538427273,0.0,190892.09454166002,539617.2999259328
637,10011.99432,0.03381,100.0,0.0,10111.960509999999,196.0,348632.90851754986,0.0,190263.6028805487,538896.5113980985,348725.20538427273,0.0,190892.09454166002,539617.2999259328
638,10010.59298,0.029158000000000003,100.0,0.0,10110.563822,284.0,348632.90851754986,0.0,190263.6028805487,538896.5113980985,348725.20538427273,0.0,190892.09454166002,539617.2999259328
639,10009.19163,0.021633,100.0,0.0,10109.169996999999,372.0,348632.90851754986,0.0,190263.6028805487,538896.5113980985,348725.20538427273,0.0,190892.09454166002,539617.2999259328
640,10007.78087,0.008039999999999999,100.0,0.0,10107.77283,460.0,348632.90851754986,0.0,190263.6028805487,538896.5113980985,348725.20538427273,0.0,190892.09454166002,539617.2999259328
641,10006.17933,0.0,0.0,100.0,9906.17933,360.0,348632.90851754986,0.0,190263.6028805487,538896.5113980985,348725.20538427273,0.0,190892.09454166002,539617.2999259328
642,10004.57779,0.0,0.0,100.0,9904.57779,260.0,348632.90851754986,0.0,190263.6028805487,538896.5113980985,348725.20538427273,0.0,190892.09454166002,539617.2999259328
643,10002.97626,0.0,0.0,100.0,9902.97626,160.0,348632.90851754986,0.0,190263.6028805487,538896.5113980985,348725.20538427273,0.0,190892.09454166002,539617.2999259328
644,10001.37472,0.0,0.0,100.0,9901.37472,60.0,348632.90851754986,0.0,190263.6028805487,538896.5113980985,348725.20538427273,0.0,190892.09454166002,539617.2999259328
645,9999.773186,0.0,0.0,0.0,9999.773186,60.0,348632.90851754986,0.0,190263.6028805487,538896.5113980985,348725.20538427273,0.0,190892.09454166002,539617.2999259328
646,9998.529875,0.0,0.0,0.0,9998.529875,60.0,348632.90851754986,0.0,190263.6028805487,538896.5113980985,348725.20538427273,0.0,190892.09454166002,539617.2999259328
647,9997.328723,0.0,0.0,0.0,9997.328723,60.0,348632.90851754986,0.0,190263.6028805487,538896.5113980985,348725.20538427273,0.0,190892.09454166002,539617.2999259328
648,9996.127571,0.0,0.0,0.0,9996.127571,60.0,348632.90851754986,0.0,190263.6028805487,538896.5113980985,348725.20538427273,0.0,190892.09454166002,539617.2999259328
649,9994.926418,0.0,0.0,0.0,9994.926418,60.0,348632.90851754986,0.0,190263.6028805487,538896.5113980985,348725.20538427273,0.0,190892.09454166002,539617.2999259328
650,9993.725266,0.0,0.0,0.0,9993.725266,60.0,348632.90851754986,0.0,190263.6028805487,538896.5113980985,348725.20538427273,0.0,190892.09454166002,539617.2999259328
651,9992.82134,0.0,0.0,0.0,9992.82134,60.0,348632.90851754986,0.0,190263.6028805487,538896.5113980985,348725.20538427273,0.0,190892.09454166002,539617.2999259328
652,9992.020572,0.0,0.0,0.0,9992.020572,60.0,348632.90851754986,0.0,190263.6028805487,538896.5113980985,348725.20538427273,0.0,190892.09454166002,539617.2999259328
653,9991.219804,0.0,0.0,0.0,9991.219804,60.0,348632.90851754986,0.0,190263.6028805487,538896.5113980985,348725.20538427273,0.0,190892.09454166002,539617.2999259328
654,9990.419036,0.0,0.0,0.0,9990.419036,60.0,348632.90851754986,0.0,190263.6028805487,538896.5113980985,348725.20538427273,0.0,190892.09454166002,539617.2999259328
655,9989.618268,0.0044800000000000005,0.0,0.0,9989.613788,60.0,348632.90851754986,0.0,190263.6028805487,538896.5113980985,348725.20538427273,0.0,190892.09454166002,539617.2999259328
656,9989.053726,0.02195,0.0,0.0,9989.031776,60.0,348632.90851754986,0.0,190263.6028805487,538896.5113980985,348725.20538427273,0.0,190892.09454166002,539617.2999259328
657,9988.653342,0.030928,0.0,0.0,9988.622414,60.0,348632.90851754986,0.0,190263.6028805487,538896.5113980985,348725.20538427273,0.0,190892.09454166002,539617.2999259328
658,9988.252958,0.035011,0.0,0.0,9988.217947,60.0,348632.90851754986,0.0,190263.6028805487,538896.5113980985,348725.20538427273,0.0,190892.09454166002,539617.2999259328
659,9987.852574,0.027951,0.0,0.0,9987.824623,60.0,348632.90851754986,0.0,190263.6028805487,538896.5113980985,348725.20538427273,0.0,190892.09454166002,539617.2999259328
660,9987.45219,0.012353,0.0,0.0,9987.439837,60.0,348632.90851754986,0.0,190263.6028805487,538896.5113980985,348725.20538427273,0.0,190892.09454166002,539617.2999259328
661,9986.964192,0.026095,100.0,0.0,10086.938097,148.0,348632.90851754986,0.0,190263.6028805487,538896.5113980985,348725.20538427273,0.0,190892.09454166002,539617.2999259328
662,9986.363616,0.025393000000000002,45.4545454545455,0.0,10031.792768454547,188.0,348632.90851754986,0.0,190263.6028805487,538896.5113980985,348725.20538427273,0.0,190892.09454166002,539617.2999259328
663,9985.76304,0.018867000000000002,0.0,0.0,9985.744173,188.0,348632.90851754986,0.0,190263.6028805487,538896.5113980985,348725.20538427273,0.0,190892.09454166002,539617.2999259328
664,9985.162464,0.005391,0.0,0.0,9985.157073,188.0,348632.90851754986,0.0,190263.6028805487,538896.5113980985,348725.20538427273,0.0,190892.09454166002,539617.2999259328
665,9984.561888,0.0,0.0,0.0,9984.561888,188.0,348632.90851754986,0.0,190263.6028805487,538896.5113980985,348725.20538427273,0.0,190892.09454166002,539617.2999259328
666,9984.018425,0.0,0.0,0.0,9984.018425,188.0,348632.90851754986,0.0,190263.6028805487,538896.5113980985,348725.20538427273,0.0,190892.09454166002,539617.2999259328
667,9983.618041,0.0,0.0,0.0,9983.618041,188.0,348632.90851754986,0.0,190263.6028805487,538896.5113980985,348725.20538427273,0.0,190892.09454166002,539617.2999259328
668,9983.217657,0.0,0.0,0.0,9983.217657,188.0,348632.90851754986,0.0,190263.6028805487,538896.5113980985,348725.20538427273,0.0,190892.09454166002,539617.2999259328
669,9982.817273,0.0,0.0,0.0,9982.817273,188.0,348632.90851754986,0.0,190263.6028805487,538896.5113980985,348725.20538427273,0.0,190892.09454166002,539617.2999259328
670,9982.416889,0.0,0.0,0.0,9982.416889,188.0,348632.90851754986,0.0,190263.6028805487,538896.5113980985,348725.20538427273,0.0,190892.09454166002,539617.2999259328
671,9981.989891,0.0,0.0,0.0,9981.989891,188.0,348632.90851754986,0.0,190263.6028805487,538896.5113980985,348725.20538427273,0.0,190892.09454166002,539617.2999259328
672,9981.389315,0.0,0.0,0.0,9981.389315,188.0,348632.90851754986,0.0,190263.6028805487,538896.5113980985,348725.20538427273,0.0,190892.09454166002,539617.2999259328
673,9980.788739,0.0,0.0,0.0,9980.788739,188.0,348632.90851754986,0.0,190263.6028805487,538896.5113980985,348725.20538427273,0.0,190892.09454166002,539617.2999259328
674,9980.188162,0.0,0.0,0.0,9980.188162,188.0,348632.90851754986,0.0,190263.6028805487,538896.5113980985,348725.20538427273,0.0,190892.09454166002,539617.2999259328
675,9979.587586,0.0,0.0,0.0,9979.587586,188.0,348632.90851754986,0.0,190263.6028805487,538896.5113980985,348725.20538427273,0.0,190892.09454166002,539617.2999259328
676,9978.98701,0.0,0.0,0.0,9978.98701,188.0,348632.90851754986,0.0,190263.6028805487,538896.5113980985,348725.20538427273,0.0,190892.09454166002,539617.2999259328
677,9978.58274,0.0,0.0,0.0,9978.58274,188.0,348632.90851754986,0.0,190263.6028805487,538896.5113980985,348725.20538427273,0.0,190892.09454166002,539617.2999259328
678,9978.182356,0.0,0.0,0.0,9978.182356,188.0,348632.90851754986,0.0,190263.6028805487,538896.5113980985,348725.20538427273,0.0,190892.09454166002,539617.2999259328
679,9977.781972,0.004477,0.0,0.0,9977.777495,188.0,348632.90851754986,0.0,190263.6028805487,538896.5113980985,348725.20538427273,0.0,190892.09454166002,539617.2999259328
680,9977.381588,0.020896,0.0,0.0,9977.360692,188.0,348632.90851754986,0.0,190263.6028805487,538896.5113980985,348725.20538427273,0.0,190892.09454166002,539617.2999259328
681,9976.981204,0.029927,0.0,0.0,9976.951277,188.0,348632.90851754986,0.0,190263.6028805487,538896.5113980985,348725.20538427273,0.0,190892.09454166002,539617.2999259328
682,9976.415013,0.034818,0.0,0.0,9976.380195,188.0,348632.90851754986,0.0,190263.6028805487,538896.5113980985,348725.20538427273,0.0,190892.09454166002,539617.2999259328
683,9975.814437,0.038632,0.0,0.0,9975.775805000001,188.0,348632.90851754986,0.0,190263.6028805487,538896.5113980985,348725.20538427273,0.0,190892.09454166002,539617.2999259328
684,9975.213861,0.037463,0.0,0.0,9975.176398,188.0,348632.90851754986,0.0,190263.6028805487,538896.5113980985,348725.20538427273,0.0,190892.09454166002,539617.2999259328
685,9974.613285,0.035908999999999996,0.0,0.0,9974.577376,188.0,348632.90851754986,0.0,190263.6028805487,538896.5113980985,348725.20538427273,0.0,190892.09454166002,539617.2999259328
686,9974.012709,0.029575,0.0,0.0,9973.983134,188.0,348632.90851754986,0.0,190263.6028805487,538896.5113980985,348725.20538427273,0.0,190892.09454166002,539617.2999259328
687,9973.682745,0.020225000000000003,0.0,0.0,9973.66252,188.0,348632.90851754986,0.0,190263.6028805487,538896.5113980985,348725.20538427273,0.0,190892.09454166002,539617.2999259328
688,9973.482553,0.008655,0.0,0.0,9973.473898,188.0,348632.90851754986,0.0,190263.6028805487,538896.5113980985,348725.20538427273,0.0,190892.09454166002,539617.2999259328
689,9973.282361,0.0,0.0,0.0,9973.282361,188.0,348632.90851754986,0.0,190263.6028805487,538896.5113980985,348725.20538427273,0.0,190892.09454166002,539617.2999259328
690,9973.082169,0.0,0.0,0.0,9973.082169,188.0,348632.90851754986,0.0,190263.6028805487,538896.5113980985,348725.20538427273,0.0,190892.09454166002,539617.2999259328
691,9972.881977,0.0,0.0,0.0,9972.881977,188.0,348632.90851754986,0.0,190263.6028805487,538896.5113980985,348725.20538427273,0.0,190892.09454166002,539617.2999259328
692,9972.576979,0.0,0.0,0.0,9972.576979,188.0,348632.90851754986,0.0,190263.6028805487,538896.5113980985,348725.20538427273,0.0,190892.09454166002,539617.2999259328
693,9972.176595,0.0,0.0,0.0,9972.176595,188.0,348632.90851754986,0.0,190263.6028805487,538896.5113980985,348725.20538427273,0.0,190892.09454166002,539617.2999259328
694,9971.77621,0.0,0.0,0.0,9971.77621,188.0,348632.90851754986,0.0,190263.6028805487,538896.5113980985,348725.20538427273,0.0,190892.09454166002,539617.2999259328
695,9971.375826,0.0,0.0,0.0,9971.375826,188.0,348632.90851754986,0.0,190263.6028805487,538896.5113980985,348725.20538427273,0.0,190892.09454166002,539617.2999259328
696,9970.975442,0.0,0.0,0.0,9970.975442,188.0,348632.90851754986,0.0,190263.6028805487,538896.5113980985,348725.20538427273,0.0,190892.09454166002,539617.2999259328
697,9970.723671,0.0,0.0,0.0,9970.723671,188.0,348632.90851754986,0.0,190263.6028805487,538896.5113980985,348725.20538427273,0.0,190892.09454166002,539617.2999259328
698,9970.723671,0.0,100.0,0.0,10070.723671,276.0,348632.90851754986,0.0,190263.6028805487,538896.5113980985,348725.20538427273,0.0,190892.09454166002,539617.2999259328
699,9970.723671,0.0,100.0,0.0,10070.723671,364.0,348632.90851754986,0.0,190263.6028805487,538896.5113980985,348725.20538427273,0.0,190892.09454166002,539617.2999259328
700,9970.723671,0.0,100.0,0.0,10070.723671,452.0,348632.90851754986,0.0,190263.6028805487,538896.5113980985,348725.20538427273,0.0,190892.09454166002,539617.2999259328
701,9970.723671,0.0,100.0,0.0,10070.723671,540.0,348632.90851754986,0.0,190263.6028805487,538896.5113980985,348725.20538427273,0.0,190892.09454166002,539617.2999259328
702,9970.723671,0.0,0.0,100.0,9870.723671,440.0,348632.90851754986,0.0,190263.6028805487,538896.5113980985,348725.20538427273,0.0,190892.09454166002,539617.2999259328
703,9970.723671,0.004229,0.0,100.0,9870.719442,340.0,348632.90851754986,0.0,190263.6028805487,538896.5113980985,348725.20538427273,0.0,190892.09454166002,539617.2999259328
704,9970.723671,0.020986,0.0,100.0,9870.702685,240.0,348632.90851754986,0.0,190263.6028805487,538896.5113980985,348725.20538427273,0.0,190892.09454166002,539617.2999259328
705,9970.723671,0.029071000000000003,0.0,100.0,9870.694599999999,140.0,348632.90851754986,0.0,190263.6028805487,538896.5113980985,348725.20538427273,0.0,190892.09454166002,539617.2999259328
706,9970.723671,0.032805,0.0,80.0,9890.690865999999,60.0,348632.90851754986,0.0,190263.6028805487,538896.5113980985,348725.20538427273,0.0,190892.09454166002,539617.2999259328
707,9970.723671,0.033972,0.0,0.0,9970.689699,60.0,348632.90851754986,0.0,190263.6028805487,538896.5113980985,348725.20538427273,0.0,190892.09454166002,539617.2999259328
708,9970.723671,0.038561,54.5454545454545,0.0,10025.230564545454,108.0,348632.90851754986,0.0,190263.6028805487,538896.5113980985,348725.20538427273,0.0,190892.09454166002,539617.2999259328
709,9970.723671,0.035290999999999996,100.0,0.0,10070.68838,196.0,348632.90851754986,0.0,190263.6028805487,538896.5113980985,348725.20538427273,0.0,190892.09454166002,539617.2999259328
710,9970.723671,0.029359000000000003,100.0,0.0,10070.694312,284.0,348632.90851754986,0.0,190263.6028805487,538896.5113980985,348725.20538427273,0.0,190892.09454166002,539617.2999259328
711,9970.723671,0.021293,100.0,0.0,10070.702378,372.0,348632.90851754986,0.0,190263.6028805487,538896.5113980985,348725.20538427273,0.0,190892.09454166002,539617.2999259328
712,9970.723671,0.008656,100.0,0.0,10070.715015,460.0,348632.90851754986,0.0,190263.6028805487,538896.5113980985,348725.20538427273,0.0,190892.09454166002,539617.2999259328
713,9970.723671,0.0,0.0,100.0,9870.723671,360.0,348632.90851754986,0.0,190263.6028805487,538896.5113980985,348725.20538427273,0.0,190892.09454166002,539617.2999259328
714,9970.723671,0.0,0.0,100.0,9870.723671,260.0,348632.90851754986,0.0,190263.6028805487,538896.5113980985,348725.20538427273,0.0,190892.09454166002,539617.2999259328
715,9970.723671,0.0,0.0,100.0,9870.723671,160.0,348632.90851754986,0.0,190263.6028805487,538896.5113980985,348725.20538427273,0.0,190892.09454166002,539617.2999259328
716,9970.723671,0.0,0.0,100.0,9870.723671,60.0,348632.90851754986,0.0,190263.6028805487,538896.5113980985,348725.20538427273,0.0,190892.09454166002,539617.2999259328
717,9970.723671,0.0,100.0,0.0,10070.723671,148.0,348632.90851754986,0.0,190263.6028805487,538896.5113980985,348725.20538427273,0.0,190892.09454166002,539617.2999259328
718,9970.723671,0.0,45.4545454545455,0.0,10016.178216454546,188.0,348632.90851754986,0.0,190263.6028805487,538896.5113980985,348725.20538427273,0.0,190892.09454166002,539617.2999259328
719,9970.723671,0.0,0.0,0.0,9970.723671,188.0,348632.90851754986,0.0,190263.6028805487,538896.5113980985,348725.20538427273,0.0,190892.09454166002,539617.2999259328
720,9970.723671,0.0,0.0,0.0,9970.723671,188.0,348632.90851754986,0.0,190263.6028805487,538896.5113980985,348725.20538427273,0.0,190892.09454166002,539617.2999259328
721,9970.723671,0.0,0.0,0.0,9970.723671,188.0,348632.90851754986,0.0,190263.6028805487,538896.5113980985,348725.20538427273,0.0,190892.09454166002,539617.2999259328
722,9970.723671,0.0,100.0,0.0,10070.723671,276.0,348632.90851754986,0.0,190263.6028805487,538896.5113980985,348725.20538427273,0.0,190892.09454166002,539617.2999259328
723,9970.723671,0.0,100.0,0.0,10070.723671,364.0,348632.90851754986,0.0,190263.6028805487,538896.5113980985,348725.20538427273,0.0,190892.09454166002,539617.2999259328
724,9970.723671,0.0,100.0,0.0,10070.723671,452.0,348632.90851754986,0.0,190263.6028805487,538896.5113980985,348725.20538427273,0.0,190892.09454166002,539617.2999259328
725,9970.723671,0.0,100.0,0.0,10070.723671,540.0,348632.90851754986,0.0,190263.6028805487,538896.5113980985,348725.20538427273,0.0,190892.09454166002,539617.2999259328
726,9970.723671,0.0,0.0,100.0,9870.723671,440.0,348632.90851754986,0.0,190263.6028805487,538896.5113980985,348725.20538427273,0.0,190892.09454166002,539617.2999259328
727,9970.723671,0.004309,0.0,100.0,9870.719362,340.0,348632.90851754986,0.0,190263.6028805487,538896.5113980985,348725.20538427273,0.0,190892.09454166002,539617.2999259328
728,9970.723671,0.021054,0.0,100.0,9870.702616999999,240.0,348632.90851754986,0.0,190263.6028805487,538896.5113980985,348725.20538427273,0.0,190892.09454166002,539617.2999259328
729,9970.723671,0.030137,0.0,100.0,9870.693534,140.0,348632.90851754986,0.0,190263.6028805487,538896.5113980985,348725.20538427273,0.0,190892.09454166002,539617.2999259328
730,9970.723671,0.035856,0.0,80.0,9890.687815,60.0,348632.90851754986,0.0,190263.6028805487,538896.5113980985,348725.20538427273,0.0,190892.09454166002,539617.2999259328
731,9970.723671,0.038682,0.0,0.0,9970.684989,60.0,348632.90851754986,0.0,190263.6028805487,538896.5113980985,348725.20538427273,0.0,190892.09454166002,539617.2999259328
732,9970.723671,0.038164000000000003,100.0,0.0,10070.685507,148.0,348632.90851754986,0.0,190263.6028805487,538896.5113980985,348725.20538427273,0.0,190892.09454166002,539617.2999259328
733,9970.723671,0.03395,54.5454545454545,0.0,10025.235175545455,196.0,348632.90851754986,0.0,190263.6028805487,538896.5113980985,348725.20538427273,0.0,190892.09454166002,539617.2999259328
734,9970.723671,0.028538,100.0,0.0,10070.695133,284.0,348632.90851754986,0.0,190263.6028805487,538896.5113980985,348725.20538427273,0.0,190892.09454166002,539617.2999259328
735,9970.723671,0.020986,100.0,0.0,10070.702685,372.0,348632.90851754986,0.0,190263.6028805487,538896.5113980985,348725.20538427273,0.0,190892.09454166002,539617.2999259328
736,9970.723671,0.008197,100.0,0.0,10070.715474,460.0,348632.90851754986,0.0,190263.6028805487,538896.5113980985,348725.20538427273,0.0,190892.09454166002,539617.2999259328
737,9970.723671,0.0,0.0,100.0,9870.723671,360.0,348632.90851754986,0.0,190263.6028805487,538896.5113980985,348725.20538427273,0.0,190892.09454166002,539617.2999259328
738,9970.723671,0.0,0.0,100.0,9870.723671,260.0,348632.90851754986,0.0,190263.6028805487,538896.5113980985,348725.20538427273,0.0,190892.09454166002,539617.2999259328
739,9970.723671,0.0,0.0,100.0,9870.723671,160.0,348632.90851754986,0.0,190263.6028805487,538896.5113980985,348725.20538427273,0.0,190892.09454166002,539617.2999259328
740,9970.723671,0.0,0.0,100.0,9870.723671,60.0,348632.90851754986,0.0,190263.6028805487,538896.5113980985,348725.20538427273,0.0,190892.09454166002,539617.2999259328
741,9970.723671,0.0,100.0,0.0,10070.723671,148.0,348632.90851754986,0.0,190263.6028805487,538896.5113980985,348725.20538427273,0.0,190892.09454166002,539617.2999259328
742,9970.723671,0.0,100.0,0.0,10070.723671,236.0,348632.90851754986,0.0,190263.6028805487,538896.5113980985,348725.20538427273,0.0,190892.09454166002,539617.2999259328
743,9970.723671,0.0,72.7272727272727,0.0,10043.450943727272,300.0,348632.90851754986,0.0,190263.6028805487,538896.5113980985,348725.20538427273,0.0,190892.09454166002,539617.2999259328
