time,Pload,Ppv,Pcharge,Pdischarge,Ptotal,state of charge,energy_charge_with_es,nem_charge_with_es,demand_charge_with_es,total_bill_with_es,energy_charge_without_es,nem_charge_without_es,demand_charge_without_es,total_bill_without_es
0,10234.29263,0.0,0.0,0.0,10234.29263,300.0,390245.7685574982,0.0,253185.52088709036,643431.2894445886,390494.828069131,0.0,254308.52987792,644803.3579470511
1,10234.89321,0.0,0.0,0.0,10234.89321,300.0,390245.7685574982,0.0,253185.52088709036,643431.2894445886,390494.828069131,0.0,254308.52987792,644803.3579470511
2,10235.49378,0.0,0.0,0.0,10235.49378,300.0,390245.7685574982,0.0,253185.52088709036,643431.2894445886,390494.828069131,0.0,254308.52987792,644803.3579470511
3,10235.99921,0.0,0.0,0.0,10235.99921,300.0,390245.7685574982,0.0,253185.52088709036,643431.2894445886,390494.828069131,0.0,254308.52987792,644803.3579470511
4,10236.39959,0.0,0.0,0.0,10236.39959,300.0,390245.7685574982,0.0,253185.52088709036,643431.2894445886,390494.828069131,0.0,254308.52987792,644803.3579470511
5,10236.79998,0.0004930000000000001,0.0,0.0,10236.799487,300.0,390245.7685574982,0.0,253185.52088709036,643431.2894445886,390494.828069131,0.0,254308.52987792,644803.3579470511
6,10237.20036,0.0028130000000000004,0.0,0.0,10237.197547000002,300.0,390245.7685574982,0.0,253185.52088709036,643431.2894445886,390494.828069131,0.0,254308.52987792,644803.3579470511
7,10237.60075,0.008452,0.0,0.0,10237.592298,300.0,390245.7685574982,0.0,253185.52088709036,643431.2894445886,390494.828069131,0.0,254308.52987792,644803.3579470511
8,10237.87183,0.018836,0.0,0.0,10237.852994,300.0,390245.7685574982,0.0,253185.52088709036,643431.2894445886,390494.828069131,0.0,254308.52987792,644803.3579470511
9,10237.87183,0.025787,0.0,0.0,10237.846043,300.0,390245.7685574982,0.0,253185.52088709036,643431.2894445886,390494.828069131,0.0,254308.52987792,644803.3579470511
10,10237.87183,0.031117000000000002,100.0,0.0,10337.840713,388.0,390245.7685574982,0.0,253185.52088709036,643431.2894445886,390494.828069131,0.0,254308.52987792,644803.3579470511
11,10237.87183,0.033315,100.0,0.0,10337.838515,476.0,390245.7685574982,0.0,253185.52088709036,643431.2894445886,390494.828069131,0.0,254308.52987792,644803.3579470511
12,10237.87183,0.035055,72.7272727272727,0.0,10310.564047727272,540.0,390245.7685574982,0.0,253185.52088709036,643431.2894445886,390494.828069131,0.0,254308.52987792,644803.3579470511
13,10237.76938,0.033131,0.0,100.0,10137.736249,440.0,390245.7685574982,0.0,253185.52088709036,643431.2894445886,390494.828069131,0.0,254308.52987792,644803.3579470511
14,10237.1688,0.026837,0.0,100.0,10137.141963,340.0,390245.7685574982,0.0,253185.52088709036,643431.2894445886,390494.828069131,0.0,254308.52987792,644803.3579470511
15,10236.56823,0.023827,0.0,100.0,10136.544403,240.0,390245.7685574982,0.0,253185.52088709036,643431.2894445886,390494.828069131,0.0,254308.52987792,644803.3579470511
16,10235.96765,0.013949999999999999,0.0,100.0,10135.9537,140.0,390245.7685574982,0.0,253185.52088709036,643431.2894445886,390494.828069131,0.0,254308.52987792,644803.3579470511
17,10235.36707,0.0062510000000000005,0.0,80.0,10155.360819,60.0,390245.7685574982,0.0,253185.52088709036,643431.2894445886,390494.828069131,0.0,254308.52987792,644803.3579470511
18,10234.7592,0.00084,0.0,0.0,10234.75836,60.0,390245.7685574982,0.0,253185.52088709036,643431.2894445886,390494.828069131,0.0,254308.52987792,644803.3579470511
19,10233.75824,0.0,0.0,0.0,10233.75824,60.0,390245.7685574982,0.0,253185.52088709036,643431.2894445886,390494.828069131,0.0,254308.52987792,644803.3579470511
20,10232.75728,0.0,0.0,0.0,10232.75728,60.0,390245.7685574982,0.0,253185.52088709036,643431.2894445886,390494.828069131,0.0,254308.52987792,644803.3579470511
21,10231.75632,0.0,0.0,0.0,10231.75632,60.0,390245.7685574982,0.0,253185.52088709036,643431.2894445886,390494.828069131,0.0,254308.52987792,644803.3579470511
22,10230.75536,0.0,0.0,0.0,10230.75536,60.0,390245.7685574982,0.0,253185.52088709036,643431.2894445886,390494.828069131,0.0,254308.52987792,644803.3579470511
23,10229.7544,0.0,0.0,0.0,10229.7544,60.0,390245.7685574982,0.0,253185.52088709036,643431.2894445886,390494.828069131,0.0,254308.52987792,644803.3579470511
24,10228.75343,0.0,0.0,0.0,10228.75343,60.0,390245.7685574982,0.0,253185.52088709036,643431.2894445886,390494.828069131,0.0,254308.52987792,644803.3579470511
25,10227.75247,0.0,0.0,0.0,10227.75247,60.0,390245.7685574982,0.0,253185.52088709036,643431.2894445886,390494.828069131,0.0,254308.52987792,644803.3579470511
26,10226.75151,0.0,0.0,0.0,10226.75151,60.0,390245.7685574982,0.0,253185.52088709036,643431.2894445886,390494.828069131,0.0,254308.52987792,644803.3579470511
27,10225.75055,0.0,0.0,0.0,10225.75055,60.0,390245.7685574982,0.0,253185.52088709036,643431.2894445886,390494.828069131,0.0,254308.52987792,644803.3579470511
28,10224.74959,0.0,0.0,0.0,10224.74959,60.0,390245.7685574982,0.0,253185.52088709036,643431.2894445886,390494.828069131,0.0,254308.52987792,644803.3579470511
29,10223.89148,0.00028599999999999996,0.0,0.0,10223.891194,60.0,390245.7685574982,0.0,253185.52088709036,643431.2894445886,390494.828069131,0.0,254308.52987792,644803.3579470511
30,10223.09071,0.001879,0.0,0.0,10223.088831000001,60.0,390245.7685574982,0.0,253185.52088709036,643431.2894445886,390494.828069131,0.0,254308.52987792,644803.3579470511
31,10222.28994,0.011164,45.4545454545455,0.0,10267.733321454547,100.0,390245.7685574982,0.0,253185.52088709036,643431.2894445886,390494.828069131,0.0,254308.52987792,644803.3579470511
32,10221.48917,0.021277,100.0,0.0,10321.467893000001,188.0,390245.7685574982,0.0,253185.52088709036,643431.2894445886,390494.828069131,0.0,254308.52987792,644803.3579470511
33,10220.6884,0.02847,100.0,0.0,10320.65993,276.0,390245.7685574982,0.0,253185.52088709036,643431.2894445886,390494.828069131,0.0,254308.52987792,644803.3579470511
34,10219.88764,0.032609,100.0,0.0,10319.855031000001,364.0,390245.7685574982,0.0,253185.52088709036,643431.2894445886,390494.828069131,0.0,254308.52987792,644803.3579470511
35,10219.08687,0.036491,100.0,0.0,10319.050378999998,452.0,390245.7685574982,0.0,253185.52088709036,643431.2894445886,390494.828069131,0.0,254308.52987792,644803.3579470511
36,10218.2861,0.037231,100.0,0.0,10318.248869,540.0,390245.7685574982,0.0,253185.52088709036,643431.2894445886,390494.828069131,0.0,254308.52987792,644803.3579470511
37,10217.48533,0.035156,0.0,100.0,10117.450174,440.0,390245.7685574982,0.0,253185.52088709036,643431.2894445886,390494.828069131,0.0,254308.52987792,644803.3579470511
38,10216.68456,0.029293,0.0,100.0,10116.655267,340.0,390245.7685574982,0.0,253185.52088709036,643431.2894445886,390494.828069131,0.0,254308.52987792,644803.3579470511
39,10215.88379,0.020902,0.0,100.0,10115.862888,240.0,390245.7685574982,0.0,253185.52088709036,643431.2894445886,390494.828069131,0.0,254308.52987792,644803.3579470511
40,10215.08303,0.011148,0.0,100.0,10115.071882,140.0,390245.7685574982,0.0,253185.52088709036,643431.2894445886,390494.828069131,0.0,254308.52987792,644803.3579470511
41,10214.28226,0.005618000000000001,0.0,80.0,10134.276642,60.0,390245.7685574982,0.0,253185.52088709036,643431.2894445886,390494.828069131,0.0,254308.52987792,644803.3579470511
42,10213.48149,0.001184,0.0,0.0,10213.480306,60.0,390245.7685574982,0.0,253185.52088709036,643431.2894445886,390494.828069131,0.0,254308.52987792,644803.3579470511
43,10212.68072,0.0,0.0,0.0,10212.68072,60.0,390245.7685574982,0.0,253185.52088709036,643431.2894445886,390494.828069131,0.0,254308.52987792,644803.3579470511
44,10211.82861,0.0,0.0,0.0,10211.82861,60.0,390245.7685574982,0.0,253185.52088709036,643431.2894445886,390494.828069131,0.0,254308.52987792,644803.3579470511
45,10210.82765,0.0,0.0,0.0,10210.82765,60.0,390245.7685574982,0.0,253185.52088709036,643431.2894445886,390494.828069131,0.0,254308.52987792,644803.3579470511
46,10209.82669,0.0,0.0,0.0,10209.82669,60.0,390245.7685574982,0.0,253185.52088709036,643431.2894445886,390494.828069131,0.0,254308.52987792,644803.3579470511
47,10208.82573,0.0,0.0,0.0,10208.82573,60.0,390245.7685574982,0.0,253185.52088709036,643431.2894445886,390494.828069131,0.0,254308.52987792,644803.3579470511
48,10207.82477,0.0,0.0,0.0,10207.82477,60.0,390245.7685574982,0.0,253185.52088709036,643431.2894445886,390494.828069131,0.0,254308.52987792,644803.3579470511
49,10206.88634,0.0,0.0,0.0,10206.88634,60.0,390245.7685574982,0.0,253185.52088709036,643431.2894445886,390494.828069131,0.0,254308.52987792,644803.3579470511
50,10206.48596,0.0,0.0,0.0,10206.48596,60.0,390245.7685574982,0.0,253185.52088709036,643431.2894445886,390494.828069131,0.0,254308.52987792,644803.3579470511
51,10206.08557,0.0,0.0,0.0,10206.08557,60.0,390245.7685574982,0.0,253185.52088709036,643431.2894445886,390494.828069131,0.0,254308.52987792,644803.3579470511
52,10205.68519,0.0,0.0,0.0,10205.68519,60.0,390245.7685574982,0.0,253185.52088709036,643431.2894445886,390494.828069131,0.0,254308.52987792,644803.3579470511
53,10205.2848,0.000292,0.0,0.0,10205.284507999999,60.0,390245.7685574982,0.0,253185.52088709036,643431.2894445886,390494.828069131,0.0,254308.52987792,644803.3579470511
54,10204.88442,0.001848,0.0,0.0,10204.882572,60.0,390245.7685574982,0.0,253185.52088709036,643431.2894445886,390494.828069131,0.0,254308.52987792,644803.3579470511
55,10203.91243,0.011095,0.0,0.0,10203.901335,60.0,390245.7685574982,0.0,253185.52088709036,643431.2894445886,390494.828069131,0.0,254308.52987792,644803.3579470511
56,10202.91147,0.020975,0.0,0.0,10202.890495,60.0,390245.7685574982,0.0,253185.52088709036,643431.2894445886,390494.828069131,0.0,254308.52987792,644803.3579470511
57,10201.91051,0.028022,0.0,0.0,10201.882488,60.0,390245.7685574982,0.0,253185.52088709036,643431.2894445886,390494.828069131,0.0,254308.52987792,644803.3579470511
58,10200.90955,0.033395,0.0,0.0,10200.876155,60.0,390245.7685574982,0.0,253185.52088709036,643431.2894445886,390494.828069131,0.0,254308.52987792,644803.3579470511
59,10199.90859,0.035994,0.0,0.0,10199.872596,60.0,390245.7685574982,0.0,253185.52088709036,643431.2894445886,390494.828069131,0.0,254308.52987792,644803.3579470511
60,10198.74759,0.033243,0.0,0.0,10198.714347000001,60.0,390245.7685574982,0.0,253185.52088709036,643431.2894445886,390494.828069131,0.0,254308.52987792,644803.3579470511
61,10197.54644,0.033053,0.0,0.0,10197.513387,60.0,390245.7685574982,0.0,253185.52088709036,643431.2894445886,390494.828069131,0.0,254308.52987792,644803.3579470511
62,10196.34529,0.027038,0.0,0.0,10196.318252,60.0,390245.7685574982,0.0,253185.52088709036,643431.2894445886,390494.828069131,0.0,254308.52987792,644803.3579470511
63,10195.14413,0.02119,0.0,0.0,10195.122940000001,60.0,390245.7685574982,0.0,253185.52088709036,643431.2894445886,390494.828069131,0.0,254308.52987792,644803.3579470511
64,10193.94298,0.010082,0.0,0.0,10193.932898,60.0,390245.7685574982,0.0,253185.52088709036,643431.2894445886,390494.828069131,0.0,254308.52987792,644803.3579470511
65,10192.74183,0.004939,0.0,0.0,10192.736891,60.0,390245.7685574982,0.0,253185.52088709036,643431.2894445886,390494.828069131,0.0,254308.52987792,644803.3579470511
66,10191.54068,0.000537,0.0,0.0,10191.540143,60.0,390245.7685574982,0.0,253185.52088709036,643431.2894445886,390494.828069131,0.0,254308.52987792,644803.3579470511
67,10190.33953,0.0,0.0,0.0,10190.33953,60.0,390245.7685574982,0.0,253185.52088709036,643431.2894445886,390494.828069131,0.0,254308.52987792,644803.3579470511
68,10189.13837,0.0,0.0,0.0,10189.13837,60.0,390245.7685574982,0.0,253185.52088709036,643431.2894445886,390494.828069131,0.0,254308.52987792,644803.3579470511
69,10187.93722,0.0,0.0,0.0,10187.93722,60.0,390245.7685574982,0.0,253185.52088709036,643431.2894445886,390494.828069131,0.0,254308.52987792,644803.3579470511
70,10186.8351,0.0,0.0,0.0,10186.8351,60.0,390245.7685574982,0.0,253185.52088709036,643431.2894445886,390494.828069131,0.0,254308.52987792,644803.3579470511
71,10185.83414,0.0,0.0,0.0,10185.83414,60.0,390245.7685574982,0.0,253185.52088709036,643431.2894445886,390494.828069131,0.0,254308.52987792,644803.3579470511
72,10184.83318,0.0,0.0,0.0,10184.83318,60.0,390245.7685574982,0.0,253185.52088709036,643431.2894445886,390494.828069131,0.0,254308.52987792,644803.3579470511
73,10183.83222,0.0,0.0,0.0,10183.83222,60.0,390245.7685574982,0.0,253185.52088709036,643431.2894445886,390494.828069131,0.0,254308.52987792,644803.3579470511
74,10182.83126,0.0,0.0,0.0,10182.83126,60.0,390245.7685574982,0.0,253185.52088709036,643431.2894445886,390494.828069131,0.0,254308.52987792,644803.3579470511
75,10181.69323,0.0,0.0,0.0,10181.69323,60.0,390245.7685574982,0.0,253185.52088709036,643431.2894445886,390494.828069131,0.0,254308.52987792,644803.3579470511
76,10180.29189,0.0,0.0,0.0,10180.29189,60.0,390245.7685574982,0.0,253185.52088709036,643431.2894445886,390494.828069131,0.0,254308.52987792,644803.3579470511
77,10178.89054,0.000433,0.0,0.0,10178.890107000001,60.0,390245.7685574982,0.0,253185.52088709036,643431.2894445886,390494.828069131,0.0,254308.52987792,644803.3579470511
78,10177.4892,0.002144,0.0,0.0,10177.487056,60.0,390245.7685574982,0.0,253185.52088709036,643431.2894445886,390494.828069131,0.0,254308.52987792,644803.3579470511
79,10176.08785,0.010935,0.0,0.0,10176.076915,60.0,390245.7685574982,0.0,253185.52088709036,643431.2894445886,390494.828069131,0.0,254308.52987792,644803.3579470511
80,10174.80062,0.020632,0.0,0.0,10174.779988,60.0,390245.7685574982,0.0,253185.52088709036,643431.2894445886,390494.828069131,0.0,254308.52987792,644803.3579470511
81,10173.99985,0.027864,0.0,0.0,10173.971986,60.0,390245.7685574982,0.0,253185.52088709036,643431.2894445886,390494.828069131,0.0,254308.52987792,644803.3579470511
82,10173.19908,0.033561,0.0,0.0,10173.165519,60.0,390245.7685574982,0.0,253185.52088709036,643431.2894445886,390494.828069131,0.0,254308.52987792,644803.3579470511
83,10172.39831,0.036294,0.0,0.0,10172.362016000001,60.0,390245.7685574982,0.0,253185.52088709036,643431.2894445886,390494.828069131,0.0,254308.52987792,644803.3579470511
84,10171.59755,0.035840000000000004,0.0,0.0,10171.56171,60.0,390245.7685574982,0.0,253185.52088709036,643431.2894445886,390494.828069131,0.0,254308.52987792,644803.3579470511
85,10170.78924,0.033685,0.0,0.0,10170.755555,60.0,390245.7685574982,0.0,253185.52088709036,643431.2894445886,390494.828069131,0.0,254308.52987792,644803.3579470511
86,10169.78828,0.030132000000000003,0.0,0.0,10169.758148,60.0,390245.7685574982,0.0,253185.52088709036,643431.2894445886,390494.828069131,0.0,254308.52987792,644803.3579470511
87,10168.78732,0.022633,0.0,0.0,10168.764686999999,60.0,390245.7685574982,0.0,253185.52088709036,643431.2894445886,390494.828069131,0.0,254308.52987792,644803.3579470511
88,10167.78636,0.010837,0.0,0.0,10167.775523,60.0,390245.7685574982,0.0,253185.52088709036,643431.2894445886,390494.828069131,0.0,254308.52987792,644803.3579470511
89,10166.7854,0.003174,0.0,0.0,10166.782226000001,60.0,390245.7685574982,0.0,253185.52088709036,643431.2894445886,390494.828069131,0.0,254308.52987792,644803.3579470511
90,10165.78444,0.000471,0.0,0.0,10165.783969,60.0,390245.7685574982,0.0,253185.52088709036,643431.2894445886,390494.828069131,0.0,254308.52987792,644803.3579470511
91,10164.96071,0.0,0.0,0.0,10164.96071,60.0,390245.7685574982,0.0,253185.52088709036,643431.2894445886,390494.828069131,0.0,254308.52987792,644803.3579470511
92,10164.15994,0.0,0.0,0.0,10164.15994,60.0,390245.7685574982,0.0,253185.52088709036,643431.2894445886,390494.828069131,0.0,254308.52987792,644803.3579470511
93,10163.35917,0.0,0.0,0.0,10163.35917,60.0,390245.7685574982,0.0,253185.52088709036,643431.2894445886,390494.828069131,0.0,254308.52987792,644803.3579470511
94,10162.5584,0.0,0.0,0.0,10162.5584,60.0,390245.7685574982,0.0,253185.52088709036,643431.2894445886,390494.828069131,0.0,254308.52987792,644803.3579470511
95,10161.75764,0.0,0.0,0.0,10161.75764,60.0,390245.7685574982,0.0,253185.52088709036,643431.2894445886,390494.828069131,0.0,254308.52987792,644803.3579470511
96,10160.95687,0.0,0.0,0.0,10160.95687,60.0,390245.7685574982,0.0,253185.52088709036,643431.2894445886,390494.828069131,0.0,254308.52987792,644803.3579470511
97,10160.1561,0.0,0.0,0.0,10160.1561,60.0,390245.7685574982,0.0,253185.52088709036,643431.2894445886,390494.828069131,0.0,254308.52987792,644803.3579470511
98,10159.35533,0.0,0.0,0.0,10159.35533,60.0,390245.7685574982,0.0,253185.52088709036,643431.2894445886,390494.828069131,0.0,254308.52987792,644803.3579470511
99,10158.55456,0.0,0.0,0.0,10158.55456,60.0,390245.7685574982,0.0,253185.52088709036,643431.2894445886,390494.828069131,0.0,254308.52987792,644803.3579470511
100,10157.7538,0.0,0.0,0.0,10157.7538,60.0,390245.7685574982,0.0,253185.52088709036,643431.2894445886,390494.828069131,0.0,254308.52987792,644803.3579470511
101,10157.18549,0.000601,0.0,0.0,10157.184889,60.0,390245.7685574982,0.0,253185.52088709036,643431.2894445886,390494.828069131,0.0,254308.52987792,644803.3579470511
102,10156.7851,0.002431,0.0,0.0,10156.782668999998,60.0,390245.7685574982,0.0,253185.52088709036,643431.2894445886,390494.828069131,0.0,254308.52987792,644803.3579470511
103,10156.38472,0.009548000000000001,45.4545454545455,0.0,10201.829717454546,100.0,390245.7685574982,0.0,253185.52088709036,643431.2894445886,390494.828069131,0.0,254308.52987792,644803.3579470511
104,10155.98433,0.021543,100.0,0.0,10255.962786999999,188.0,390245.7685574982,0.0,253185.52088709036,643431.2894445886,390494.828069131,0.0,254308.52987792,644803.3579470511
105,10155.58395,0.028174,100.0,0.0,10255.555776000001,276.0,390245.7685574982,0.0,253185.52088709036,643431.2894445886,390494.828069131,0.0,254308.52987792,644803.3579470511
106,10155.44075,0.033194,100.0,0.0,10255.407556,364.0,390245.7685574982,0.0,253185.52088709036,643431.2894445886,390494.828069131,0.0,254308.52987792,644803.3579470511
107,10155.64095,0.031412,100.0,0.0,10255.609538,452.0,390245.7685574982,0.0,253185.52088709036,643431.2894445886,390494.828069131,0.0,254308.52987792,644803.3579470511
108,10155.84114,0.03356,100.0,0.0,10255.80758,540.0,390245.7685574982,0.0,253185.52088709036,643431.2894445886,390494.828069131,0.0,254308.52987792,644803.3579470511
109,10156.04133,0.031678000000000005,0.0,100.0,10056.009652,440.0,390245.7685574982,0.0,253185.52088709036,643431.2894445886,390494.828069131,0.0,254308.52987792,644803.3579470511
110,10156.24152,0.024662,0.0,100.0,10056.216858,340.0,390245.7685574982,0.0,253185.52088709036,643431.2894445886,390494.828069131,0.0,254308.52987792,644803.3579470511
111,10156.38648,0.022216000000000003,0.0,100.0,10056.364264,240.0,390245.7685574982,0.0,253185.52088709036,643431.2894445886,390494.828069131,0.0,254308.52987792,644803.3579470511
112,10156.38648,0.012909,0.0,100.0,10056.373571,140.0,390245.7685574982,0.0,253185.52088709036,643431.2894445886,390494.828069131,0.0,254308.52987792,644803.3579470511
113,10156.38648,0.005027,0.0,80.0,10076.381453,60.0,390245.7685574982,0.0,253185.52088709036,643431.2894445886,390494.828069131,0.0,254308.52987792,644803.3579470511
114,10156.38648,0.001234,0.0,0.0,10156.385246,60.0,390245.7685574982,0.0,253185.52088709036,643431.2894445886,390494.828069131,0.0,254308.52987792,644803.3579470511
115,10156.38648,0.0,0.0,0.0,10156.38648,60.0,390245.7685574982,0.0,253185.52088709036,643431.2894445886,390494.828069131,0.0,254308.52987792,644803.3579470511
116,10156.41121,0.0,0.0,0.0,10156.41121,60.0,390245.7685574982,0.0,253185.52088709036,643431.2894445886,390494.828069131,0.0,254308.52987792,644803.3579470511
117,10156.61141,0.0,0.0,0.0,10156.61141,60.0,390245.7685574982,0.0,253185.52088709036,643431.2894445886,390494.828069131,0.0,254308.52987792,644803.3579470511
118,10156.8116,0.0,0.0,0.0,10156.8116,60.0,390245.7685574982,0.0,253185.52088709036,643431.2894445886,390494.828069131,0.0,254308.52987792,644803.3579470511
119,10157.01179,0.0,0.0,0.0,10157.01179,60.0,390245.7685574982,0.0,253185.52088709036,643431.2894445886,390494.828069131,0.0,254308.52987792,644803.3579470511
120,10157.21198,0.0,0.0,0.0,10157.21198,60.0,390245.7685574982,0.0,253185.52088709036,643431.2894445886,390494.828069131,0.0,254308.52987792,644803.3579470511
121,10157.41217,0.0,0.0,0.0,10157.41217,60.0,390245.7685574982,0.0,253185.52088709036,643431.2894445886,390494.828069131,0.0,254308.52987792,644803.3579470511
122,10157.61237,0.0,0.0,0.0,10157.61237,60.0,390245.7685574982,0.0,253185.52088709036,643431.2894445886,390494.828069131,0.0,254308.52987792,644803.3579470511
123,10157.81256,0.0,0.0,0.0,10157.81256,60.0,390245.7685574982,0.0,253185.52088709036,643431.2894445886,390494.828069131,0.0,254308.52987792,644803.3579470511
124,10158.01275,0.0,0.0,0.0,10158.01275,60.0,390245.7685574982,0.0,253185.52088709036,643431.2894445886,390494.828069131,0.0,254308.52987792,644803.3579470511
125,10158.21294,0.000395,0.0,0.0,10158.212545,60.0,390245.7685574982,0.0,253185.52088709036,643431.2894445886,390494.828069131,0.0,254308.52987792,644803.3579470511
126,10158.41313,0.002059,0.0,0.0,10158.411071,60.0,390245.7685574982,0.0,253185.52088709036,643431.2894445886,390494.828069131,0.0,254308.52987792,644803.3579470511
127,10158.61333,0.010888,45.4545454545455,0.0,10204.056987454545,100.0,390245.7685574982,0.0,253185.52088709036,643431.2894445886,390494.828069131,0.0,254308.52987792,644803.3579470511
128,10158.81352,0.019289,100.0,0.0,10258.794231,188.0,390245.7685574982,0.0,253185.52088709036,643431.2894445886,390494.828069131,0.0,254308.52987792,644803.3579470511
129,10159.01371,0.027924,100.0,0.0,10258.985786,276.0,390245.7685574982,0.0,253185.52088709036,643431.2894445886,390494.828069131,0.0,254308.52987792,644803.3579470511
130,10159.2139,0.030441,100.0,0.0,10259.183459,364.0,390245.7685574982,0.0,253185.52088709036,643431.2894445886,390494.828069131,0.0,254308.52987792,644803.3579470511
131,10159.41409,0.031221000000000002,100.0,0.0,10259.382869000001,452.0,390245.7685574982,0.0,253185.52088709036,643431.2894445886,390494.828069131,0.0,254308.52987792,644803.3579470511
132,10159.34744,0.031658,100.0,0.0,10259.315782,540.0,390245.7685574982,0.0,253185.52088709036,643431.2894445886,390494.828069131,0.0,254308.52987792,644803.3579470511
133,10159.14725,0.029007,0.0,100.0,10059.118243,440.0,390245.7685574982,0.0,253185.52088709036,643431.2894445886,390494.828069131,0.0,254308.52987792,644803.3579470511
134,10158.94706,0.022188,0.0,100.0,10058.924872,340.0,390245.7685574982,0.0,253185.52088709036,643431.2894445886,390494.828069131,0.0,254308.52987792,644803.3579470511
135,10158.74687,0.01754,0.0,100.0,10058.72933,240.0,390245.7685574982,0.0,253185.52088709036,643431.2894445886,390494.828069131,0.0,254308.52987792,644803.3579470511
136,10158.54667,0.013143,0.0,100.0,10058.533527,140.0,390245.7685574982,0.0,253185.52088709036,643431.2894445886,390494.828069131,0.0,254308.52987792,644803.3579470511
137,10158.24356,0.006102000000000001,0.0,80.0,10078.237458000001,60.0,390245.7685574982,0.0,253185.52088709036,643431.2894445886,390494.828069131,0.0,254308.52987792,644803.3579470511
138,10157.84318,0.001463,0.0,0.0,10157.841717,60.0,390245.7685574982,0.0,253185.52088709036,643431.2894445886,390494.828069131,0.0,254308.52987792,644803.3579470511
139,10157.44279,0.0,0.0,0.0,10157.44279,60.0,390245.7685574982,0.0,253185.52088709036,643431.2894445886,390494.828069131,0.0,254308.52987792,644803.3579470511
140,10157.04241,0.0,0.0,0.0,10157.04241,60.0,390245.7685574982,0.0,253185.52088709036,643431.2894445886,390494.828069131,0.0,254308.52987792,644803.3579470511
141,10156.64202,0.0,0.0,0.0,10156.64202,60.0,390245.7685574982,0.0,253185.52088709036,643431.2894445886,390494.828069131,0.0,254308.52987792,644803.3579470511
142,10156.31406,0.0,0.0,0.0,10156.31406,60.0,390245.7685574982,0.0,253185.52088709036,643431.2894445886,390494.828069131,0.0,254308.52987792,644803.3579470511
143,10156.11387,0.0,0.0,0.0,10156.11387,60.0,390245.7685574982,0.0,253185.52088709036,643431.2894445886,390494.828069131,0.0,254308.52987792,644803.3579470511
144,10155.91368,0.0,0.0,0.0,10155.91368,60.0,390245.7685574982,0.0,253185.52088709036,643431.2894445886,390494.828069131,0.0,254308.52987792,644803.3579470511
145,10155.71349,0.0,0.0,0.0,10155.71349,60.0,390245.7685574982,0.0,253185.52088709036,643431.2894445886,390494.828069131,0.0,254308.52987792,644803.3579470511
146,10155.51329,0.0,0.0,0.0,10155.51329,60.0,390245.7685574982,0.0,253185.52088709036,643431.2894445886,390494.828069131,0.0,254308.52987792,644803.3579470511
147,10155.3131,0.0,0.0,0.0,10155.3131,60.0,390245.7685574982,0.0,253185.52088709036,643431.2894445886,390494.828069131,0.0,254308.52987792,644803.3579470511
148,10155.11291,0.0,0.0,0.0,10155.11291,60.0,390245.7685574982,0.0,253185.52088709036,643431.2894445886,390494.828069131,0.0,254308.52987792,644803.3579470511
149,10154.91272,0.000429,0.0,0.0,10154.912291,60.0,390245.7685574982,0.0,253185.52088709036,643431.2894445886,390494.828069131,0.0,254308.52987792,644803.3579470511
150,10154.71252,0.002097,0.0,0.0,10154.710422999999,60.0,390245.7685574982,0.0,253185.52088709036,643431.2894445886,390494.828069131,0.0,254308.52987792,644803.3579470511
151,10154.51233,0.011132999999999999,45.4545454545455,0.0,10199.955742454546,100.0,390245.7685574982,0.0,253185.52088709036,643431.2894445886,390494.828069131,0.0,254308.52987792,644803.3579470511
152,10154.31214,0.01752,100.0,0.0,10254.29462,188.0,390245.7685574982,0.0,253185.52088709036,643431.2894445886,390494.828069131,0.0,254308.52987792,644803.3579470511
153,10154.11195,0.026889,100.0,0.0,10254.085061,276.0,390245.7685574982,0.0,253185.52088709036,643431.2894445886,390494.828069131,0.0,254308.52987792,644803.3579470511
154,10153.91176,0.031807,100.0,0.0,10253.879953000001,364.0,390245.7685574982,0.0,253185.52088709036,643431.2894445886,390494.828069131,0.0,254308.52987792,644803.3579470511
155,10153.71156,0.034606000000000005,100.0,0.0,10253.676954,452.0,390245.7685574982,0.0,253185.52088709036,643431.2894445886,390494.828069131,0.0,254308.52987792,644803.3579470511
156,10153.51137,0.037305,100.0,0.0,10253.474065,540.0,390245.7685574982,0.0,253185.52088709036,643431.2894445886,390494.828069131,0.0,254308.52987792,644803.3579470511
157,10153.31118,0.033436,0.0,100.0,10053.277744,440.0,390245.7685574982,0.0,253185.52088709036,643431.2894445886,390494.828069131,0.0,254308.52987792,644803.3579470511
158,10153.2921,0.023316,0.0,100.0,10053.268784,340.0,390245.7685574982,0.0,253185.52088709036,643431.2894445886,390494.828069131,0.0,254308.52987792,644803.3579470511
159,10153.2921,0.02151,0.0,100.0,10053.27059,240.0,390245.7685574982,0.0,253185.52088709036,643431.2894445886,390494.828069131,0.0,254308.52987792,644803.3579470511
160,10153.2921,0.012291,0.0,80.0,10073.279809000001,160.0,390245.7685574982,0.0,253185.52088709036,643431.2894445886,390494.828069131,0.0,254308.52987792,644803.3579470511
161,10153.2921,0.004883,0.0,100.0,10053.287217000001,60.0,390245.7685574982,0.0,253185.52088709036,643431.2894445886,390494.828069131,0.0,254308.52987792,644803.3579470511
162,10153.2921,0.001014,0.0,0.0,10153.291086000001,60.0,390245.7685574982,0.0,253185.52088709036,643431.2894445886,390494.828069131,0.0,254308.52987792,644803.3579470511
163,10153.14149,0.0,0.0,0.0,10153.14149,60.0,390245.7685574982,0.0,253185.52088709036,643431.2894445886,390494.828069131,0.0,254308.52987792,644803.3579470511
164,10152.9413,0.0,0.0,0.0,10152.9413,60.0,390245.7685574982,0.0,253185.52088709036,643431.2894445886,390494.828069131,0.0,254308.52987792,644803.3579470511
165,10152.7411,0.0,0.0,0.0,10152.7411,60.0,390245.7685574982,0.0,253185.52088709036,643431.2894445886,390494.828069131,0.0,254308.52987792,644803.3579470511
166,10152.54091,0.0,0.0,0.0,10152.54091,60.0,390245.7685574982,0.0,253185.52088709036,643431.2894445886,390494.828069131,0.0,254308.52987792,644803.3579470511
167,10152.34072,0.0,0.0,0.0,10152.34072,60.0,390245.7685574982,0.0,253185.52088709036,643431.2894445886,390494.828069131,0.0,254308.52987792,644803.3579470511
168,10152.86122,0.0,0.0,0.0,10152.86122,60.0,390245.7685574982,0.0,253185.52088709036,643431.2894445886,390494.828069131,0.0,254308.52987792,644803.3579470511
169,10153.86218,0.0,0.0,0.0,10153.86218,60.0,390245.7685574982,0.0,253185.52088709036,643431.2894445886,390494.828069131,0.0,254308.52987792,644803.3579470511
170,10154.86314,0.0,0.0,0.0,10154.86314,60.0,390245.7685574982,0.0,253185.52088709036,643431.2894445886,390494.828069131,0.0,254308.52987792,644803.3579470511
171,10155.8641,0.0,0.0,0.0,10155.8641,60.0,390245.7685574982,0.0,253185.52088709036,643431.2894445886,390494.828069131,0.0,254308.52987792,644803.3579470511
172,10156.86506,0.0,0.0,0.0,10156.86506,60.0,390245.7685574982,0.0,253185.52088709036,643431.2894445886,390494.828069131,0.0,254308.52987792,644803.3579470511
173,10158.13487,0.0007,0.0,0.0,10158.13417,60.0,390245.7685574982,0.0,253185.52088709036,643431.2894445886,390494.828069131,0.0,254308.52987792,644803.3579470511
174,10159.7364,0.003709,0.0,0.0,10159.732691,60.0,390245.7685574982,0.0,253185.52088709036,643431.2894445886,390494.828069131,0.0,254308.52987792,644803.3579470511
175,10161.33794,0.011528,45.4545454545455,0.0,10206.780957454544,100.0,390245.7685574982,0.0,253185.52088709036,643431.2894445886,390494.828069131,0.0,254308.52987792,644803.3579470511
176,10162.93948,0.019527000000000003,100.0,0.0,10262.919952999999,188.0,390245.7685574982,0.0,253185.52088709036,643431.2894445886,390494.828069131,0.0,254308.52987792,644803.3579470511
177,10164.54101,0.027809,100.0,0.0,10264.513201000002,276.0,390245.7685574982,0.0,253185.52088709036,643431.2894445886,390494.828069131,0.0,254308.52987792,644803.3579470511
178,10166.08343,0.033277,100.0,0.0,10266.050153,364.0,390245.7685574982,0.0,253185.52088709036,643431.2894445886,390494.828069131,0.0,254308.52987792,644803.3579470511
179,10167.48478,0.034657,100.0,0.0,10267.450123,452.0,390245.7685574982,0.0,253185.52088709036,643431.2894445886,390494.828069131,0.0,254308.52987792,644803.3579470511
180,10168.88612,0.03458,100.0,0.0,10268.85154,540.0,390245.7685574982,0.0,253185.52088709036,643431.2894445886,390494.828069131,0.0,254308.52987792,644803.3579470511
181,10170.28747,0.03215,0.0,100.0,10070.25532,440.0,390245.7685574982,0.0,253185.52088709036,643431.2894445886,390494.828069131,0.0,254308.52987792,644803.3579470511
182,10171.68881,0.024707,0.0,100.0,10071.664103,340.0,390245.7685574982,0.0,253185.52088709036,643431.2894445886,390494.828069131,0.0,254308.52987792,644803.3579470511
183,10173.09015,0.021693,0.0,100.0,10073.068457,240.0,390245.7685574982,0.0,253185.52088709036,643431.2894445886,390494.828069131,0.0,254308.52987792,644803.3579470511
184,10174.4915,0.012776000000000001,0.0,100.0,10074.478724,140.0,390245.7685574982,0.0,253185.52088709036,643431.2894445886,390494.828069131,0.0,254308.52987792,644803.3579470511
185,10175.89284,0.006158,0.0,80.0,10095.886682,60.0,390245.7685574982,0.0,253185.52088709036,643431.2894445886,390494.828069131,0.0,254308.52987792,644803.3579470511
186,10177.29419,0.0007059999999999999,0.0,0.0,10177.293484,60.0,390245.7685574982,0.0,253185.52088709036,643431.2894445886,390494.828069131,0.0,254308.52987792,644803.3579470511
187,10178.69553,0.0,0.0,0.0,10178.69553,60.0,390245.7685574982,0.0,253185.52088709036,643431.2894445886,390494.828069131,0.0,254308.52987792,644803.3579470511
188,10180.09688,0.0,0.0,0.0,10180.09688,60.0,390245.7685574982,0.0,253185.52088709036,643431.2894445886,390494.828069131,0.0,254308.52987792,644803.3579470511
189,10181.69653,0.0,0.0,0.0,10181.69653,60.0,390245.7685574982,0.0,253185.52088709036,643431.2894445886,390494.828069131,0.0,254308.52987792,644803.3579470511
190,10183.29806,0.0,0.0,0.0,10183.29806,60.0,390245.7685574982,0.0,253185.52088709036,643431.2894445886,390494.828069131,0.0,254308.52987792,644803.3579470511
191,10184.8996,0.0,0.0,0.0,10184.8996,60.0,390245.7685574982,0.0,253185.52088709036,643431.2894445886,390494.828069131,0.0,254308.52987792,644803.3579470511
192,10186.50114,0.0,0.0,0.0,10186.50114,60.0,390245.7685574982,0.0,253185.52088709036,643431.2894445886,390494.828069131,0.0,254308.52987792,644803.3579470511
193,10188.10267,0.0,0.0,0.0,10188.10267,60.0,390245.7685574982,0.0,253185.52088709036,643431.2894445886,390494.828069131,0.0,254308.52987792,644803.3579470511
194,10190.03983,0.0,0.0,0.0,10190.03983,60.0,390245.7685574982,0.0,253185.52088709036,643431.2894445886,390494.828069131,0.0,254308.52987792,644803.3579470511
195,10192.04175,0.0,0.0,0.0,10192.04175,60.0,390245.7685574982,0.0,253185.52088709036,643431.2894445886,390494.828069131,0.0,254308.52987792,644803.3579470511
196,10194.04367,0.0,0.0,0.0,10194.04367,60.0,390245.7685574982,0.0,253185.52088709036,643431.2894445886,390494.828069131,0.0,254308.52987792,644803.3579470511
197,10196.04559,0.00041,0.0,0.0,10196.04518,60.0,390245.7685574982,0.0,253185.52088709036,643431.2894445886,390494.828069131,0.0,254308.52987792,644803.3579470511
198,10198.04751,0.0031110000000000005,0.0,0.0,10198.044399,60.0,390245.7685574982,0.0,253185.52088709036,643431.2894445886,390494.828069131,0.0,254308.52987792,644803.3579470511
199,10200.18674,0.010731000000000001,45.4545454545455,0.0,10245.630554454545,100.0,390245.7685574982,0.0,253185.52088709036,643431.2894445886,390494.828069131,0.0,254308.52987792,644803.3579470511
200,10202.38885,0.017585,100.0,0.0,10302.371265,188.0,390245.7685574982,0.0,253185.52088709036,643431.2894445886,390494.828069131,0.0,254308.52987792,644803.3579470511
201,10204.59096,0.028187,100.0,0.0,10304.562773,276.0,390245.7685574982,0.0,253185.52088709036,643431.2894445886,390494.828069131,0.0,254308.52987792,644803.3579470511
202,10206.79307,0.031857,100.0,0.0,10306.761213,364.0,390245.7685574982,0.0,253185.52088709036,643431.2894445886,390494.828069131,0.0,254308.52987792,644803.3579470511
203,10208.99519,0.035132,100.0,0.0,10308.960057999999,452.0,390245.7685574982,0.0,253185.52088709036,643431.2894445886,390494.828069131,0.0,254308.52987792,644803.3579470511
204,10211.09049,0.035359,100.0,0.0,10311.055131000001,540.0,390245.7685574982,0.0,253185.52088709036,643431.2894445886,390494.828069131,0.0,254308.52987792,644803.3579470511
205,10213.09241,0.031675999999999996,0.0,100.0,10113.060733999999,440.0,390245.7685574982,0.0,253185.52088709036,643431.2894445886,390494.828069131,0.0,254308.52987792,644803.3579470511
206,10215.09433,0.026789,0.0,100.0,10115.067541,340.0,390245.7685574982,0.0,253185.52088709036,643431.2894445886,390494.828069131,0.0,254308.52987792,644803.3579470511
207,10217.09625,0.023395,0.0,100.0,10117.072855,240.0,390245.7685574982,0.0,253185.52088709036,643431.2894445886,390494.828069131,0.0,254308.52987792,644803.3579470511
208,10219.09817,0.014048,0.0,100.0,10119.084122,140.0,390245.7685574982,0.0,253185.52088709036,643431.2894445886,390494.828069131,0.0,254308.52987792,644803.3579470511
209,10221.10009,0.005335,0.0,80.0,10141.094755,60.0,390245.7685574982,0.0,253185.52088709036,643431.2894445886,390494.828069131,0.0,254308.52987792,644803.3579470511
210,10223.10201,0.001152,0.0,0.0,10223.100858,60.0,390245.7685574982,0.0,253185.52088709036,643431.2894445886,390494.828069131,0.0,254308.52987792,644803.3579470511
211,10225.10393,0.0,0.0,0.0,10225.10393,60.0,390245.7685574982,0.0,253185.52088709036,643431.2894445886,390494.828069131,0.0,254308.52987792,644803.3579470511
212,10227.10585,0.0,0.0,0.0,10227.10585,60.0,390245.7685574982,0.0,253185.52088709036,643431.2894445886,390494.828069131,0.0,254308.52987792,644803.3579470511
213,10229.10777,0.0,0.0,0.0,10229.10777,60.0,390245.7685574982,0.0,253185.52088709036,643431.2894445886,390494.828069131,0.0,254308.52987792,644803.3579470511
214,10231.1097,0.0,0.0,0.0,10231.1097,60.0,390245.7685574982,0.0,253185.52088709036,643431.2894445886,390494.828069131,0.0,254308.52987792,644803.3579470511
215,10233.11162,0.0,0.0,0.0,10233.11162,60.0,390245.7685574982,0.0,253185.52088709036,643431.2894445886,390494.828069131,0.0,254308.52987792,644803.3579470511
216,10235.11354,0.0,0.0,0.0,10235.11354,60.0,390245.7685574982,0.0,253185.52088709036,643431.2894445886,390494.828069131,0.0,254308.52987792,644803.3579470511
217,10237.11546,0.0,0.0,0.0,10237.11546,60.0,390245.7685574982,0.0,253185.52088709036,643431.2894445886,390494.828069131,0.0,254308.52987792,644803.3579470511
218,10239.11738,0.0,0.0,0.0,10239.11738,60.0,390245.7685574982,0.0,253185.52088709036,643431.2894445886,390494.828069131,0.0,254308.52987792,644803.3579470511
219,10241.14992,0.0,0.0,0.0,10241.14992,60.0,390245.7685574982,0.0,253185.52088709036,643431.2894445886,390494.828069131,0.0,254308.52987792,644803.3579470511
220,10243.55222,0.0,0.0,0.0,10243.55222,60.0,390245.7685574982,0.0,253185.52088709036,643431.2894445886,390494.828069131,0.0,254308.52987792,644803.3579470511
221,10245.95452,0.00045700000000000005,0.0,0.0,10245.954063,60.0,390245.7685574982,0.0,253185.52088709036,643431.2894445886,390494.828069131,0.0,254308.52987792,644803.3579470511
222,10248.35683,0.003088,0.0,0.0,10248.353742000001,60.0,390245.7685574982,0.0,253185.52088709036,643431.2894445886,390494.828069131,0.0,254308.52987792,644803.3579470511
223,10250.75913,0.009987000000000001,0.0,0.0,10250.749143000001,60.0,390245.7685574982,0.0,253185.52088709036,643431.2894445886,390494.828069131,0.0,254308.52987792,644803.3579470511
224,10253.16144,0.010676,0.0,0.0,10253.150764,60.0,390245.7685574982,0.0,253185.52088709036,643431.2894445886,390494.828069131,0.0,254308.52987792,644803.3579470511
225,10255.74874,0.019856000000000002,0.0,0.0,10255.728884,60.0,390245.7685574982,0.0,253185.52088709036,643431.2894445886,390494.828069131,0.0,254308.52987792,644803.3579470511
226,10258.35124,0.033229999999999996,0.0,0.0,10258.31801,60.0,390245.7685574982,0.0,253185.52088709036,643431.2894445886,390494.828069131,0.0,254308.52987792,644803.3579470511
227,10260.95374,0.037427999999999996,0.0,0.0,10260.916312000001,60.0,390245.7685574982,0.0,253185.52088709036,643431.2894445886,390494.828069131,0.0,254308.52987792,644803.3579470511
228,10263.55623,0.034333,0.0,0.0,10263.521897,60.0,390245.7685574982,0.0,253185.52088709036,643431.2894445886,390494.828069131,0.0,254308.52987792,644803.3579470511
229,10266.15873,0.033981000000000004,0.0,0.0,10266.124748999999,60.0,390245.7685574982,0.0,253185.52088709036,643431.2894445886,390494.828069131,0.0,254308.52987792,644803.3579470511
230,10268.76123,0.020559,0.0,0.0,10268.740671,60.0,390245.7685574982,0.0,253185.52088709036,643431.2894445886,390494.828069131,0.0,254308.52987792,644803.3579470511
231,10271.36372,0.02146,0.0,0.0,10271.34226,60.0,390245.7685574982,0.0,253185.52088709036,643431.2894445886,390494.828069131,0.0,254308.52987792,644803.3579470511
232,10273.96622,0.010571,0.0,0.0,10273.955649,60.0,390245.7685574982,0.0,253185.52088709036,643431.2894445886,390494.828069131,0.0,254308.52987792,644803.3579470511
233,10276.56872,0.0028239999999999997,0.0,0.0,10276.565896,60.0,390245.7685574982,0.0,253185.52088709036,643431.2894445886,390494.828069131,0.0,254308.52987792,644803.3579470511
234,10279.17121,0.0006640000000000001,0.0,0.0,10279.170546000001,60.0,390245.7685574982,0.0,253185.52088709036,643431.2894445886,390494.828069131,0.0,254308.52987792,644803.3579470511
235,10282.14571,0.0,0.0,0.0,10282.14571,60.0,390245.7685574982,0.0,253185.52088709036,643431.2894445886,390494.828069131,0.0,254308.52987792,644803.3579470511
236,10285.34879,0.0,0.0,0.0,10285.34879,60.0,390245.7685574982,0.0,253185.52088709036,643431.2894445886,390494.828069131,0.0,254308.52987792,644803.3579470511
237,10288.55186,0.0,0.0,0.0,10288.55186,60.0,390245.7685574982,0.0,253185.52088709036,643431.2894445886,390494.828069131,0.0,254308.52987792,644803.3579470511
238,10291.75493,0.0,0.0,0.0,10291.75493,60.0,390245.7685574982,0.0,253185.52088709036,643431.2894445886,390494.828069131,0.0,254308.52987792,644803.3579470511
239,10294.958,0.0,0.0,0.0,10294.958,60.0,390245.7685574982,0.0,253185.52088709036,643431.2894445886,390494.828069131,0.0,254308.52987792,644803.3579470511
240,10299.00259,0.0,0.0,0.0,10299.00259,60.0,390245.7685574982,0.0,253185.52088709036,643431.2894445886,390494.828069131,0.0,254308.52987792,644803.3579470511
241,10304.00739,0.0,0.0,0.0,10304.00739,60.0,390245.7685574982,0.0,253185.52088709036,643431.2894445886,390494.828069131,0.0,254308.52987792,644803.3579470511
242,10309.01219,0.0,0.0,0.0,10309.01219,60.0,390245.7685574982,0.0,253185.52088709036,643431.2894445886,390494.828069131,0.0,254308.52987792,644803.3579470511
243,10314.01699,0.0,0.0,0.0,10314.01699,60.0,390245.7685574982,0.0,253185.52088709036,643431.2894445886,390494.828069131,0.0,254308.52987792,644803.3579470511
244,10319.02179,0.0,0.0,0.0,10319.02179,60.0,390245.7685574982,0.0,253185.52088709036,643431.2894445886,390494.828069131,0.0,254308.52987792,644803.3579470511
245,10323.71159,0.0005909999999999999,0.0,0.0,10323.710999,60.0,390245.7685574982,0.0,253185.52088709036,643431.2894445886,390494.828069131,0.0,254308.52987792,644803.3579470511
246,10327.71543,0.0034100000000000003,0.0,0.0,10327.71202,60.0,390245.7685574982,0.0,253185.52088709036,643431.2894445886,390494.828069131,0.0,254308.52987792,644803.3579470511
247,10331.71927,0.011169,0.0,0.0,10331.708101,60.0,390245.7685574982,0.0,253185.52088709036,643431.2894445886,390494.828069131,0.0,254308.52987792,644803.3579470511
248,10335.72311,0.022154,0.0,0.0,10335.700956,60.0,390245.7685574982,0.0,253185.52088709036,643431.2894445886,390494.828069131,0.0,254308.52987792,644803.3579470511
249,10339.72695,0.028788,0.0,0.0,10339.698162,60.0,390245.7685574982,0.0,253185.52088709036,643431.2894445886,390494.828069131,0.0,254308.52987792,644803.3579470511
250,10343.7958,0.032791,0.0,0.0,10343.763009,60.0,390245.7685574982,0.0,253185.52088709036,643431.2894445886,390494.828069131,0.0,254308.52987792,644803.3579470511
251,10348.20002,0.035958,0.0,0.0,10348.164062,60.0,390245.7685574982,0.0,253185.52088709036,643431.2894445886,390494.828069131,0.0,254308.52987792,644803.3579470511
252,10352.60425,0.034989,0.0,0.0,10352.569261,60.0,390245.7685574982,0.0,253185.52088709036,643431.2894445886,390494.828069131,0.0,254308.52987792,644803.3579470511
253,10357.00847,0.032813,0.0,0.0,10356.975657,60.0,390245.7685574982,0.0,253185.52088709036,643431.2894445886,390494.828069131,0.0,254308.52987792,644803.3579470511
254,10361.4127,0.030678999999999998,0.0,0.0,10361.382021000001,60.0,390245.7685574982,0.0,253185.52088709036,643431.2894445886,390494.828069131,0.0,254308.52987792,644803.3579470511
255,10365.81692,0.022165,0.0,0.0,10365.794754999999,60.0,390245.7685574982,0.0,253185.52088709036,643431.2894445886,390494.828069131,0.0,254308.52987792,644803.3579470511
256,10370.22114,0.013198000000000001,0.0,0.0,10370.207942,60.0,390245.7685574982,0.0,253185.52088709036,643431.2894445886,390494.828069131,0.0,254308.52987792,644803.3579470511
257,10374.62537,0.005202,0.0,0.0,10374.620168,60.0,390245.7685574982,0.0,253185.52088709036,643431.2894445886,390494.828069131,0.0,254308.52987792,644803.3579470511
258,10379.02959,0.001105,0.0,0.0,10379.028485,60.0,390245.7685574982,0.0,253185.52088709036,643431.2894445886,390494.828069131,0.0,254308.52987792,644803.3579470511
259,10383.43382,0.0,0.0,0.0,10383.43382,60.0,390245.7685574982,0.0,253185.52088709036,643431.2894445886,390494.828069131,0.0,254308.52987792,644803.3579470511
260,10387.83804,0.0,0.0,0.0,10387.83804,60.0,390245.7685574982,0.0,253185.52088709036,643431.2894445886,390494.828069131,0.0,254308.52987792,644803.3579470511
261,10392.24227,0.0,0.0,0.0,10392.24227,60.0,390245.7685574982,0.0,253185.52088709036,643431.2894445886,390494.828069131,0.0,254308.52987792,644803.3579470511
262,10396.64649,0.0,0.0,0.0,10396.64649,60.0,390245.7685574982,0.0,253185.52088709036,643431.2894445886,390494.828069131,0.0,254308.52987792,644803.3579470511
263,10401.05072,0.0,0.0,0.0,10401.05072,60.0,390245.7685574982,0.0,253185.52088709036,643431.2894445886,390494.828069131,0.0,254308.52987792,644803.3579470511
264,10405.45494,0.0,0.0,0.0,10405.45494,60.0,390245.7685574982,0.0,253185.52088709036,643431.2894445886,390494.828069131,0.0,254308.52987792,644803.3579470511
265,10409.85917,0.0,0.0,0.0,10409.85917,60.0,390245.7685574982,0.0,253185.52088709036,643431.2894445886,390494.828069131,0.0,254308.52987792,644803.3579470511
266,10413.69862,0.0,0.0,0.0,10413.69862,60.0,390245.7685574982,0.0,253185.52088709036,643431.2894445886,390494.828069131,0.0,254308.52987792,644803.3579470511
267,10417.30207,0.0,0.0,0.0,10417.30207,60.0,390245.7685574982,0.0,253185.52088709036,643431.2894445886,390494.828069131,0.0,254308.52987792,644803.3579470511
268,10420.90553,0.0,0.0,0.0,10420.90553,60.0,390245.7685574982,0.0,253185.52088709036,643431.2894445886,390494.828069131,0.0,254308.52987792,644803.3579470511
269,10424.50899,0.000576,0.0,0.0,10424.508414,60.0,390245.7685574982,0.0,253185.52088709036,643431.2894445886,390494.828069131,0.0,254308.52987792,644803.3579470511
270,10428.11244,0.002639,0.0,0.0,10428.109801,60.0,390245.7685574982,0.0,253185.52088709036,643431.2894445886,390494.828069131,0.0,254308.52987792,644803.3579470511
271,10431.7159,0.011052,45.4545454545455,0.0,10477.159393454545,100.0,390245.7685574982,0.0,253185.52088709036,643431.2894445886,390494.828069131,0.0,254308.52987792,644803.3579470511
272,10435.31936,0.020964,100.0,0.0,10535.298396,188.0,390245.7685574982,0.0,253185.52088709036,643431.2894445886,390494.828069131,0.0,254308.52987792,644803.3579470511
273,10438.92282,0.028635999999999998,100.0,0.0,10538.894184,276.0,390245.7685574982,0.0,253185.52088709036,643431.2894445886,390494.828069131,0.0,254308.52987792,644803.3579470511
274,10442.52627,0.032653,100.0,0.0,10542.493617,364.0,390245.7685574982,0.0,253185.52088709036,643431.2894445886,390494.828069131,0.0,254308.52987792,644803.3579470511
275,10446.12973,0.035405,100.0,0.0,10546.094325,452.0,390245.7685574982,0.0,253185.52088709036,643431.2894445886,390494.828069131,0.0,254308.52987792,644803.3579470511
276,10449.81338,0.031289000000000004,100.0,0.0,10549.782091,540.0,390245.7685574982,0.0,253185.52088709036,643431.2894445886,390494.828069131,0.0,254308.52987792,644803.3579470511
277,10453.61703,0.032135,0.0,100.0,10353.584895,440.0,390245.7685574982,0.0,253185.52088709036,643431.2894445886,390494.828069131,0.0,254308.52987792,644803.3579470511
278,10457.42068,0.024988,0.0,100.0,10357.395692,340.0,390245.7685574982,0.0,253185.52088709036,643431.2894445886,390494.828069131,0.0,254308.52987792,644803.3579470511
279,10461.22433,0.011358,0.0,100.0,10361.212972,240.0,390245.7685574982,0.0,253185.52088709036,643431.2894445886,390494.828069131,0.0,254308.52987792,644803.3579470511
280,10465.02798,0.005299000000000001,0.0,100.0,10365.022681,140.0,390245.7685574982,0.0,253185.52088709036,643431.2894445886,390494.828069131,0.0,254308.52987792,644803.3579470511
281,10468.83162,0.005195,0.0,80.0,10388.826425000001,60.0,390245.7685574982,0.0,253185.52088709036,643431.2894445886,390494.828069131,0.0,254308.52987792,644803.3579470511
282,10472.63527,0.000574,0.0,0.0,10472.634696000001,60.0,390245.7685574982,0.0,253185.52088709036,643431.2894445886,390494.828069131,0.0,254308.52987792,644803.3579470511
283,10476.43892,0.0,0.0,0.0,10476.43892,60.0,390245.7685574982,0.0,253185.52088709036,643431.2894445886,390494.828069131,0.0,254308.52987792,644803.3579470511
284,10480.24257,0.0,0.0,0.0,10480.24257,60.0,390245.7685574982,0.0,253185.52088709036,643431.2894445886,390494.828069131,0.0,254308.52987792,644803.3579470511
285,10484.04622,0.0,0.0,0.0,10484.04622,60.0,390245.7685574982,0.0,253185.52088709036,643431.2894445886,390494.828069131,0.0,254308.52987792,644803.3579470511
286,10487.77309,0.0,0.0,0.0,10487.77309,60.0,390245.7685574982,0.0,253185.52088709036,643431.2894445886,390494.828069131,0.0,254308.52987792,644803.3579470511
287,10490.77597,0.0,0.0,0.0,10490.77597,60.0,390245.7685574982,0.0,253185.52088709036,643431.2894445886,390494.828069131,0.0,254308.52987792,644803.3579470511
288,10493.77885,0.0,0.0,0.0,10493.77885,60.0,390245.7685574982,0.0,253185.52088709036,643431.2894445886,390494.828069131,0.0,254308.52987792,644803.3579470511
289,10496.78173,0.0,0.0,0.0,10496.78173,60.0,390245.7685574982,0.0,253185.52088709036,643431.2894445886,390494.828069131,0.0,254308.52987792,644803.3579470511
290,10499.78461,0.0,0.0,0.0,10499.78461,60.0,390245.7685574982,0.0,253185.52088709036,643431.2894445886,390494.828069131,0.0,254308.52987792,644803.3579470511
291,10502.78749,0.0,0.0,0.0,10502.78749,60.0,390245.7685574982,0.0,253185.52088709036,643431.2894445886,390494.828069131,0.0,254308.52987792,644803.3579470511
292,10505.60149,0.0,0.0,0.0,10505.60149,60.0,390245.7685574982,0.0,253185.52088709036,643431.2894445886,390494.828069131,0.0,254308.52987792,644803.3579470511
293,10508.40417,0.000386,0.0,0.0,10508.403784,60.0,390245.7685574982,0.0,253185.52088709036,643431.2894445886,390494.828069131,0.0,254308.52987792,644803.3579470511
294,10511.20686,0.002594,0.0,0.0,10511.204266,60.0,390245.7685574982,0.0,253185.52088709036,643431.2894445886,390494.828069131,0.0,254308.52987792,644803.3579470511
295,10514.00955,0.010749000000000002,45.4545454545455,0.0,10559.453346454547,100.0,390245.7685574982,0.0,253185.52088709036,643431.2894445886,390494.828069131,0.0,254308.52987792,644803.3579470511
296,10516.81224,0.019675,100.0,0.0,10616.792565,188.0,390245.7685574982,0.0,253185.52088709036,643431.2894445886,390494.828069131,0.0,254308.52987792,644803.3579470511
297,10520.24848,0.027353000000000002,100.0,0.0,10620.221127,276.0,390245.7685574982,0.0,253185.52088709036,643431.2894445886,390494.828069131,0.0,254308.52987792,644803.3579470511
298,10523.85193,0.034003,100.0,0.0,10623.817927,364.0,390245.7685574982,0.0,253185.52088709036,643431.2894445886,390494.828069131,0.0,254308.52987792,644803.3579470511
299,10527.45539,0.033858,100.0,0.0,10627.421531999998,452.0,390245.7685574982,0.0,253185.52088709036,643431.2894445886,390494.828069131,0.0,254308.52987792,644803.3579470511
300,10531.05885,0.035363,100.0,0.0,10631.023486999999,540.0,390245.7685574982,0.0,253185.52088709036,643431.2894445886,390494.828069131,0.0,254308.52987792,644803.3579470511
301,10534.66231,0.029555,0.0,100.0,10434.632755,440.0,390245.7685574982,0.0,253185.52088709036,643431.2894445886,390494.828069131,0.0,254308.52987792,644803.3579470511
302,10538.64942,0.028347999999999998,0.0,100.0,10438.621072,340.0,390245.7685574982,0.0,253185.52088709036,643431.2894445886,390494.828069131,0.0,254308.52987792,644803.3579470511
303,10542.85346,0.022015999999999997,0.0,100.0,10442.831444,240.0,390245.7685574982,0.0,253185.52088709036,643431.2894445886,390494.828069131,0.0,254308.52987792,644803.3579470511
304,10547.05749,0.014247000000000001,0.0,100.0,10447.043243,140.0,390245.7685574982,0.0,253185.52088709036,643431.2894445886,390494.828069131,0.0,254308.52987792,644803.3579470511
305,10551.26152,0.0053040000000000006,0.0,80.0,10471.256216,60.0,390245.7685574982,0.0,253185.52088709036,643431.2894445886,390494.828069131,0.0,254308.52987792,644803.3579470511
306,10555.46556,0.001229,0.0,0.0,10555.464331000001,60.0,390245.7685574982,0.0,253185.52088709036,643431.2894445886,390494.828069131,0.0,254308.52987792,644803.3579470511
307,10559.47481,0.0,0.0,0.0,10559.47481,60.0,390245.7685574982,0.0,253185.52088709036,643431.2894445886,390494.828069131,0.0,254308.52987792,644803.3579470511
308,10563.27846,0.0,0.0,0.0,10563.27846,60.0,390245.7685574982,0.0,253185.52088709036,643431.2894445886,390494.828069131,0.0,254308.52987792,644803.3579470511
309,10567.08211,0.0,0.0,0.0,10567.08211,60.0,390245.7685574982,0.0,253185.52088709036,643431.2894445886,390494.828069131,0.0,254308.52987792,644803.3579470511
310,10570.88576,0.0,0.0,0.0,10570.88576,60.0,390245.7685574982,0.0,253185.52088709036,643431.2894445886,390494.828069131,0.0,254308.52987792,644803.3579470511
311,10574.68941,0.0,0.0,0.0,10574.68941,60.0,390245.7685574982,0.0,253185.52088709036,643431.2894445886,390494.828069131,0.0,254308.52987792,644803.3579470511
312,10578.29239,0.0,0.0,0.0,10578.29239,60.0,390245.7685574982,0.0,253185.52088709036,643431.2894445886,390494.828069131,0.0,254308.52987792,644803.3579470511
313,10581.49547,0.0,0.0,0.0,10581.49547,60.0,390245.7685574982,0.0,253185.52088709036,643431.2894445886,390494.828069131,0.0,254308.52987792,644803.3579470511
314,10584.69854,0.0,0.0,0.0,10584.69854,60.0,390245.7685574982,0.0,253185.52088709036,643431.2894445886,390494.828069131,0.0,254308.52987792,644803.3579470511
315,10587.90161,0.0,0.0,0.0,10587.90161,60.0,390245.7685574982,0.0,253185.52088709036,643431.2894445886,390494.828069131,0.0,254308.52987792,644803.3579470511
316,10591.10469,0.0,0.0,0.0,10591.10469,60.0,390245.7685574982,0.0,253185.52088709036,643431.2894445886,390494.828069131,0.0,254308.52987792,644803.3579470511
317,10594.30776,0.00039700000000000005,0.0,0.0,10594.307363,60.0,390245.7685574982,0.0,253185.52088709036,643431.2894445886,390494.828069131,0.0,254308.52987792,644803.3579470511
318,10597.51083,0.002645,0.0,0.0,10597.508184999999,60.0,390245.7685574982,0.0,253185.52088709036,643431.2894445886,390494.828069131,0.0,254308.52987792,644803.3579470511
319,10600.7139,0.010775,45.4545454545455,0.0,10646.157670454546,100.0,390245.7685574982,0.0,253185.52088709036,643431.2894445886,390494.828069131,0.0,254308.52987792,644803.3579470511
320,10603.91698,0.019954999999999997,100.0,0.0,10703.897025,188.0,390245.7685574982,0.0,253185.52088709036,643431.2894445886,390494.828069131,0.0,254308.52987792,644803.3579470511
321,10607.12005,0.025825,100.0,0.0,10707.094224999999,276.0,390245.7685574982,0.0,253185.52088709036,643431.2894445886,390494.828069131,0.0,254308.52987792,644803.3579470511
322,10610.30546,0.031625,100.0,0.0,10710.273835,364.0,390245.7685574982,0.0,253185.52088709036,643431.2894445886,390494.828069131,0.0,254308.52987792,644803.3579470511
323,10612.90795,0.034426000000000005,100.0,0.0,10712.873524,452.0,390245.7685574982,0.0,253185.52088709036,643431.2894445886,390494.828069131,0.0,254308.52987792,644803.3579470511
324,10615.51045,0.032393,100.0,0.0,10715.478057,540.0,390245.7685574982,0.0,253185.52088709036,643431.2894445886,390494.828069131,0.0,254308.52987792,644803.3579470511
325,10618.11295,0.029568999999999998,0.0,100.0,10518.083381,440.0,390245.7685574982,0.0,253185.52088709036,643431.2894445886,390494.828069131,0.0,254308.52987792,644803.3579470511
326,10620.71544,0.028417,0.0,100.0,10520.687023,340.0,390245.7685574982,0.0,253185.52088709036,643431.2894445886,390494.828069131,0.0,254308.52987792,644803.3579470511
327,10623.31794,0.023249,0.0,100.0,10523.294691000001,240.0,390245.7685574982,0.0,253185.52088709036,643431.2894445886,390494.828069131,0.0,254308.52987792,644803.3579470511
328,10625.74486,0.00864,0.0,100.0,10525.73622,140.0,390245.7685574982,0.0,253185.52088709036,643431.2894445886,390494.828069131,0.0,254308.52987792,644803.3579470511
329,10628.14716,0.005671000000000001,0.0,80.0,10548.141489,60.0,390245.7685574982,0.0,253185.52088709036,643431.2894445886,390494.828069131,0.0,254308.52987792,644803.3579470511
330,10630.54947,0.000939,0.0,0.0,10630.548531,60.0,390245.7685574982,0.0,253185.52088709036,643431.2894445886,390494.828069131,0.0,254308.52987792,644803.3579470511
331,10632.95177,0.0,0.0,0.0,10632.95177,60.0,390245.7685574982,0.0,253185.52088709036,643431.2894445886,390494.828069131,0.0,254308.52987792,644803.3579470511
332,10635.35408,0.0,0.0,0.0,10635.35408,60.0,390245.7685574982,0.0,253185.52088709036,643431.2894445886,390494.828069131,0.0,254308.52987792,644803.3579470511
333,10637.6113,0.0,0.0,0.0,10637.6113,60.0,390245.7685574982,0.0,253185.52088709036,643431.2894445886,390494.828069131,0.0,254308.52987792,644803.3579470511
334,10639.81341,0.0,0.0,0.0,10639.81341,60.0,390245.7685574982,0.0,253185.52088709036,643431.2894445886,390494.828069131,0.0,254308.52987792,644803.3579470511
335,10642.01552,0.0,0.0,0.0,10642.01552,60.0,390245.7685574982,0.0,253185.52088709036,643431.2894445886,390494.828069131,0.0,254308.52987792,644803.3579470511
336,10644.21764,0.0,0.0,0.0,10644.21764,60.0,390245.7685574982,0.0,253185.52088709036,643431.2894445886,390494.828069131,0.0,254308.52987792,644803.3579470511
337,10646.41975,0.0,0.0,0.0,10646.41975,60.0,390245.7685574982,0.0,253185.52088709036,643431.2894445886,390494.828069131,0.0,254308.52987792,644803.3579470511
338,10648.62186,0.0,0.0,0.0,10648.62186,60.0,390245.7685574982,0.0,253185.52088709036,643431.2894445886,390494.828069131,0.0,254308.52987792,644803.3579470511
339,10650.82397,0.0,0.0,0.0,10650.82397,60.0,390245.7685574982,0.0,253185.52088709036,643431.2894445886,390494.828069131,0.0,254308.52987792,644803.3579470511
340,10653.02609,0.0,75.0638830724383,0.0,10728.089973072438,126.056217103746,390245.7685574982,0.0,253185.52088709036,643431.2894445886,390494.828069131,0.0,254308.52987792,644803.3579470511
341,10655.2282,0.000222,25.201302875042,0.0,10680.429280875042,148.233363633783,390245.7685574982,0.0,253185.52088709036,643431.2894445886,390494.828069131,0.0,254308.52987792,644803.3579470511
342,10657.43031,0.002004,70.6616670724379,0.0,10728.089973072438,210.415630657528,390245.7685574982,0.0,253185.52088709036,643431.2894445886,390494.828069131,0.0,254308.52987792,644803.3579470511
343,10659.71651,0.011442,68.3849050724384,0.0,10728.089973072438,270.594347121274,390245.7685574982,0.0,253185.52088709036,643431.2894445886,390494.828069131,0.0,254308.52987792,644803.3579470511
344,10662.11881,0.020904,65.9920670724387,0.0,10728.089973072438,328.66736614502,390245.7685574982,0.0,253185.52088709036,643431.2894445886,390494.828069131,0.0,254308.52987792,644803.3579470511
345,10664.52111,0.026566,63.5954290724385,0.0,10728.089973072438,384.631343728766,390245.7685574982,0.0,253185.52088709036,643431.2894445886,390494.828069131,0.0,254308.52987792,644803.3579470511
346,10666.92342,0.031546,61.1980990724387,0.0,10728.089973072438,438.485670912512,390245.7685574982,0.0,253185.52088709036,643431.2894445886,390494.828069131,0.0,254308.52987792,644803.3579470511
347,10669.32572,0.035116999999999995,58.7993700724364,0.0,10728.089973072438,490.229116576256,390245.7685574982,0.0,253185.52088709036,643431.2894445886,390494.828069131,0.0,254308.52987792,644803.3579470511
348,10671.56729,0.035139000000000004,56.5578220724365,0.0,10728.089973072438,540.0,390245.7685574982,0.0,253185.52088709036,643431.2894445886,390494.828069131,0.0,254308.52987792,644803.3579470511
349,10673.36901,0.032505000000000006,0.0,100.0,10573.336505000001,440.0,390245.7685574982,0.0,253185.52088709036,643431.2894445886,390494.828069131,0.0,254308.52987792,644803.3579470511
350,10675.17074,0.029825,0.0,100.0,10575.140915,340.0,390245.7685574982,0.0,253185.52088709036,643431.2894445886,390494.828069131,0.0,254308.52987792,644803.3579470511
351,10676.97247,0.022529,0.0,80.5575371399317,10596.392403860069,259.442462860068,390245.7685574982,0.0,253185.52088709036,643431.2894445886,390494.828069131,0.0,254308.52987792,644803.3579470511
352,10678.7742,0.013686,0.0,27.157033999998,10651.603480000002,232.28542886007,390245.7685574982,0.0,253185.52088709036,643431.2894445886,390494.828069131,0.0,254308.52987792,644803.3579470511
353,10680.55285,0.0046440000000000006,0.0,28.9447259999979,10651.603480000002,203.340702860072,390245.7685574982,0.0,253185.52088709036,643431.2894445886,390494.828069131,0.0,254308.52987792,644803.3579470511
354,10682.15438,0.000505,0.0,30.5503949999984,10651.603480000002,172.790307860074,390245.7685574982,0.0,253185.52088709036,643431.2894445886,390494.828069131,0.0,254308.52987792,644803.3579470511
355,10683.75592,0.0,0.0,32.152439999998,10651.603480000002,140.637867860076,390245.7685574982,0.0,253185.52088709036,643431.2894445886,390494.828069131,0.0,254308.52987792,644803.3579470511
356,10685.35746,0.0,0.0,33.7539799999977,10651.603480000002,106.883887860078,390245.7685574982,0.0,253185.52088709036,643431.2894445886,390494.828069131,0.0,254308.52987792,644803.3579470511
357,10686.95899,0.0,41.1309830724385,0.0,10728.089973072438,143.079152963824,390245.7685574982,0.0,253185.52088709036,643431.2894445886,390494.828069131,0.0,254308.52987792,644803.3579470511
358,10688.56053,0.0,39.5294430724371,0.0,10728.089973072438,177.865062867569,390245.7685574982,0.0,253185.52088709036,643431.2894445886,390494.828069131,0.0,254308.52987792,644803.3579470511
359,10689.96929,0.0,38.1206830724386,0.0,10728.089973072438,211.411263971315,390245.7685574982,0.0,253185.52088709036,643431.2894445886,390494.828069131,0.0,254308.52987792,644803.3579470511
360,10691.37064,0.0,36.7193330724385,0.0,10728.089973072438,243.724277075061,390245.7685574982,0.0,253185.52088709036,643431.2894445886,390494.828069131,0.0,254308.52987792,644803.3579470511
361,10692.77198,0.0,35.3179930724382,0.0,10728.089973072438,274.804110978806,390245.7685574982,0.0,253185.52088709036,643431.2894445886,390494.828069131,0.0,254308.52987792,644803.3579470511
362,10694.17332,0.0,33.9166530724378,0.0,10728.089973072438,304.650765682552,390245.7685574982,0.0,253185.52088709036,643431.2894445886,390494.828069131,0.0,254308.52987792,644803.3579470511
363,10695.57467,0.0,32.5153030724377,0.0,10728.089973072438,333.264232386297,390245.7685574982,0.0,253185.52088709036,643431.2894445886,390494.828069131,0.0,254308.52987792,644803.3579470511
364,10696.97601,0.0,31.1139630724374,0.0,10728.089973072438,360.644519890042,390245.7685574982,0.0,253185.52088709036,643431.2894445886,390494.828069131,0.0,254308.52987792,644803.3579470511
365,10698.37736,0.00022500000000000002,29.7128380724371,0.0,10728.089973072438,386.791817393786,390245.7685574982,0.0,253185.52088709036,643431.2894445886,390494.828069131,0.0,254308.52987792,644803.3579470511
366,10699.7787,0.002819,28.3140920724363,0.0,10728.089973072438,411.70821841753,390245.7685574982,0.0,253185.52088709036,643431.2894445886,390494.828069131,0.0,254308.52987792,644803.3579470511
367,10701.18005,0.011067,26.9209900724363,0.0,10728.089973072438,435.398689681274,390245.7685574982,0.0,253185.52088709036,643431.2894445886,390494.828069131,0.0,254308.52987792,644803.3579470511
368,10702.58139,0.020489999999999998,25.5290730724391,0.0,10728.089973072438,457.864273985021,390245.7685574982,0.0,253185.52088709036,643431.2894445886,390494.828069131,0.0,254308.52987792,644803.3579470511
369,10703.58741,0.028885,24.5314480724373,0.0,10728.089973072438,479.451948288766,390245.7685574982,0.0,253185.52088709036,643431.2894445886,390494.828069131,0.0,254308.52987792,644803.3579470511
370,10704.38818,0.031855,23.7336480724371,0.0,10728.089973072438,500.33755859251,390245.7685574982,0.0,253185.52088709036,643431.2894445886,390494.828069131,0.0,254308.52987792,644803.3579470511
371,10705.18895,0.034451,22.9354740724375,0.0,10728.089973072438,520.520775776255,390245.7685574982,0.0,253185.52088709036,643431.2894445886,390494.828069131,0.0,254308.52987792,644803.3579470511
372,10705.98972,0.035229,22.1354820724373,0.0,10728.089973072438,540.0,390245.7685574982,0.0,253185.52088709036,643431.2894445886,390494.828069131,0.0,254308.52987792,644803.3579470511
373,10706.79049,0.03293,0.0,55.1540799999984,10651.603480000002,484.845920000002,390245.7685574982,0.0,253185.52088709036,643431.2894445886,390494.828069131,0.0,254308.52987792,644803.3579470511
374,10707.38871,0.031727,0.0,55.7535029999981,10651.603480000002,429.092417000003,390245.7685574982,0.0,253185.52088709036,643431.2894445886,390494.828069131,0.0,254308.52987792,644803.3579470511
375,10707.78909,0.023008,0.0,56.1626019999985,10651.603480000002,372.929815000005,390245.7685574982,0.0,253185.52088709036,643431.2894445886,390494.828069131,0.0,254308.52987792,644803.3579470511
376,10708.18948,0.011081,0.0,56.574918999997,10651.603480000002,316.354896000008,390245.7685574982,0.0,253185.52088709036,643431.2894445886,390494.828069131,0.0,254308.52987792,644803.3579470511
377,10708.58986,0.004357000000000001,0.0,56.9820229999987,10651.603480000002,259.372873000009,390245.7685574982,0.0,253185.52088709036,643431.2894445886,390494.828069131,0.0,254308.52987792,644803.3579470511
378,10708.99024,0.0005729999999999999,0.0,57.3861869999982,10651.603480000002,201.986686000011,390245.7685574982,0.0,253185.52088709036,643431.2894445886,390494.828069131,0.0,254308.52987792,644803.3579470511
379,10709.4614,0.0,0.0,57.8579199999986,10651.603480000002,144.128766000009,390245.7685574982,0.0,253185.52088709036,643431.2894445886,390494.828069131,0.0,254308.52987792,644803.3579470511
380,10710.06198,0.0,0.0,58.4584999999988,10651.603480000002,85.6702660000101,390245.7685574982,0.0,253185.52088709036,643431.2894445886,390494.828069131,0.0,254308.52987792,644803.3579470511
381,10710.66255,0.0,17.4274230724386,0.0,10728.089973072438,101.006398303756,390245.7685574982,0.0,253185.52088709036,643431.2894445886,390494.828069131,0.0,254308.52987792,644803.3579470511
382,10711.26313,0.0,16.8268430724384,0.0,10728.089973072438,115.814020207502,390245.7685574982,0.0,253185.52088709036,643431.2894445886,390494.828069131,0.0,254308.52987792,644803.3579470511
383,10711.86371,0.0,16.2262630724381,0.0,10728.089973072438,130.093131711247,390245.7685574982,0.0,253185.52088709036,643431.2894445886,390494.828069131,0.0,254308.52987792,644803.3579470511
384,10712.42401,0.0,15.6659630724371,0.0,10728.089973072438,143.879179214992,390245.7685574982,0.0,253185.52088709036,643431.2894445886,390494.828069131,0.0,254308.52987792,644803.3579470511
385,10712.82439,0.0,15.2655830724379,0.0,10728.089973072438,157.312892318737,390245.7685574982,0.0,253185.52088709036,643431.2894445886,390494.828069131,0.0,254308.52987792,644803.3579470511
386,10713.22478,0.0,14.8651930724373,0.0,10728.089973072438,170.394262222482,390245.7685574982,0.0,253185.52088709036,643431.2894445886,390494.828069131,0.0,254308.52987792,644803.3579470511
387,10713.62516,0.0,14.4648130724381,0.0,10728.089973072438,183.123297726227,390245.7685574982,0.0,253185.52088709036,643431.2894445886,390494.828069131,0.0,254308.52987792,644803.3579470511
388,10714.02555,0.0,14.0644230724374,0.0,10728.089973072438,195.499990029972,390245.7685574982,0.0,253185.52088709036,643431.2894445886,390494.828069131,0.0,254308.52987792,644803.3579470511
389,10714.42593,0.00015,13.6641930724381,0.0,10728.089973072438,207.524479933718,390245.7685574982,0.0,253185.52088709036,643431.2894445886,390494.828069131,0.0,254308.52987792,644803.3579470511
390,10714.82631,0.0020099999999999996,13.2656730724375,0.0,10728.089973072438,219.198272237461,390245.7685574982,0.0,253185.52088709036,643431.2894445886,390494.828069131,0.0,254308.52987792,644803.3579470511
391,10715.2267,0.011334,12.8746070724392,0.0,10728.089973072438,230.527926461208,390245.7685574982,0.0,253185.52088709036,643431.2894445886,390494.828069131,0.0,254308.52987792,644803.3579470511
392,10715.62708,0.020992999999999998,12.4838860724376,0.0,10728.089973072438,241.513746204952,390245.7685574982,0.0,253185.52088709036,643431.2894445886,390494.828069131,0.0,254308.52987792,644803.3579470511
393,10716.02747,0.029043,12.0915460724373,0.0,10728.089973072438,252.154306748697,390245.7685574982,0.0,253185.52088709036,643431.2894445886,390494.828069131,0.0,254308.52987792,644803.3579470511
394,10716.42785,0.034006,11.6961290724375,0.0,10728.089973072438,262.446900332442,390245.7685574982,0.0,253185.52088709036,643431.2894445886,390494.828069131,0.0,254308.52987792,644803.3579470511
395,10716.82823,0.033246000000000005,11.2949890724394,0.0,10728.089973072438,272.386490716189,390245.7685574982,0.0,253185.52088709036,643431.2894445886,390494.828069131,0.0,254308.52987792,644803.3579470511
396,10717.22862,0.035277,10.8966300724387,0.0,10728.089973072438,281.975525179935,390245.7685574982,0.0,253185.52088709036,643431.2894445886,390494.828069131,0.0,254308.52987792,644803.3579470511
397,10717.629,0.035538,10.496511072437,0.0,10728.089973072438,291.212454923679,390245.7685574982,0.0,253185.52088709036,643431.2894445886,390494.828069131,0.0,254308.52987792,644803.3579470511
398,10718.02939,0.022965,10.0835480724381,0.0,10728.089973072438,300.085977227425,390245.7685574982,0.0,253185.52088709036,643431.2894445886,390494.828069131,0.0,254308.52987792,644803.3579470511
399,10718.42977,0.021460999999999997,9.68166407243734,0.0,10728.089973072438,308.60584161117,390245.7685574982,0.0,253185.52088709036,643431.2894445886,390494.828069131,0.0,254308.52987792,644803.3579470511
400,10718.97912,0.013207000000000002,9.12406007243771,0.0,10728.089973072438,316.635014474915,390245.7685574982,0.0,253185.52088709036,643431.2894445886,390494.828069131,0.0,254308.52987792,644803.3579470511
401,10719.5797,0.004463,8.51473607243679,0.0,10728.089973072438,324.127982218659,390245.7685574982,0.0,253185.52088709036,643431.2894445886,390494.828069131,0.0,254308.52987792,644803.3579470511
402,10720.18027,0.00071,7.91041307243722,0.0,10728.089973072438,331.089145722404,390245.7685574982,0.0,253185.52088709036,643431.2894445886,390494.828069131,0.0,254308.52987792,644803.3579470511
403,10720.78085,0.0,7.30912307243852,0.0,10728.089973072438,337.52117402615,390245.7685574982,0.0,253185.52088709036,643431.2894445886,390494.828069131,0.0,254308.52987792,644803.3579470511
404,10721.38143,0.0,6.70854307243826,0.0,10728.089973072438,343.424691929896,390245.7685574982,0.0,253185.52088709036,643431.2894445886,390494.828069131,0.0,254308.52987792,644803.3579470511
405,10721.86353,0.0,6.22644307243718,0.0,10728.089973072438,348.90396183364,390245.7685574982,0.0,253185.52088709036,643431.2894445886,390494.828069131,0.0,254308.52987792,644803.3579470511
406,10722.26392,0.0,5.8260530724383,0.0,10728.089973072438,354.030888537386,390245.7685574982,0.0,253185.52088709036,643431.2894445886,390494.828069131,0.0,254308.52987792,644803.3579470511
407,10722.6643,0.0,5.42567307243735,0.0,10728.089973072438,358.805480841131,390245.7685574982,0.0,253185.52088709036,643431.2894445886,390494.828069131,0.0,254308.52987792,644803.3579470511
408,10723.06469,0.0,5.02528307243847,0.0,10728.089973072438,363.227729944877,390245.7685574982,0.0,253185.52088709036,643431.2894445886,390494.828069131,0.0,254308.52987792,644803.3579470511
409,10723.46507,0.0,4.62490307243752,0.0,10728.089973072438,367.297644648622,390245.7685574982,0.0,253185.52088709036,643431.2894445886,390494.828069131,0.0,254308.52987792,644803.3579470511
410,10723.86546,0.0,4.22451307243682,0.0,10728.089973072438,371.015216152366,390245.7685574982,0.0,253185.52088709036,643431.2894445886,390494.828069131,0.0,254308.52987792,644803.3579470511
411,10724.26584,0.0,3.82413307243769,0.0,10728.089973072438,374.380453256111,390245.7685574982,0.0,253185.52088709036,643431.2894445886,390494.828069131,0.0,254308.52987792,644803.3579470511
412,10724.66622,0.0,3.42375307243856,0.0,10728.089973072438,377.393355959857,390245.7685574982,0.0,253185.52088709036,643431.2894445886,390494.828069131,0.0,254308.52987792,644803.3579470511
413,10725.06661,0.000308,3.02367107243845,0.0,10728.089973072438,380.054186503603,390245.7685574982,0.0,253185.52088709036,643431.2894445886,390494.828069131,0.0,254308.52987792,644803.3579470511
414,10725.46699,0.002901,2.62588407243675,0.0,10728.089973072438,382.364964487347,390245.7685574982,0.0,253185.52088709036,643431.2894445886,390494.828069131,0.0,254308.52987792,644803.3579470511
415,10725.80991,0.011113,2.29117607243825,0.0,10728.089973072438,384.381199431093,390245.7685574982,0.0,253185.52088709036,643431.2894445886,390494.828069131,0.0,254308.52987792,644803.3579470511
416,10726.0101,0.019861,2.09973407243888,0.0,10728.089973072438,386.228965414839,390245.7685574982,0.0,253185.52088709036,643431.2894445886,390494.828069131,0.0,254308.52987792,644803.3579470511
417,10726.21029,0.026117,1.90580007243625,0.0,10728.089973072438,387.906069478583,390245.7685574982,0.0,253185.52088709036,643431.2894445886,390494.828069131,0.0,254308.52987792,644803.3579470511
418,10726.41048,0.031431,1.71092407243668,0.0,10728.089973072438,389.411682662327,390245.7685574982,0.0,253185.52088709036,643431.2894445886,390494.828069131,0.0,254308.52987792,644803.3579470511
419,10726.61068,0.036759,1.51605207243847,0.0,10728.089973072438,390.745808486386,390245.7685574982,0.0,253185.52088709036,643431.2894445886,390494.828069131,0.0,254308.52987792,644803.3579470511
420,10726.75693,0.036526,1.36956907243803,0.0,10728.089973072438,391.951029270131,390245.7685574982,0.0,253185.52088709036,643431.2894445886,390494.828069131,0.0,254308.52987792,644803.3579470511
421,10726.55674,0.034775,1.56800807243781,0.0,10728.089973072438,393.330876373876,390245.7685574982,0.0,253185.52088709036,643431.2894445886,390494.828069131,0.0,254308.52987792,644803.3579470511
422,10726.35655,0.029898,1.76332107243798,0.0,10728.089973072438,394.882598917622,390245.7685574982,0.0,253185.52088709036,643431.2894445886,390494.828069131,0.0,254308.52987792,644803.3579470511
423,10726.15636,0.021421,1.95503407243632,0.0,10728.089973072438,396.603028901366,390245.7685574982,0.0,253185.52088709036,643431.2894445886,390494.828069131,0.0,254308.52987792,644803.3579470511
424,10725.95617,0.014398999999999999,2.14820207243793,0.0,10728.089973072438,398.493446725111,390245.7685574982,0.0,253185.52088709036,643431.2894445886,390494.828069131,0.0,254308.52987792,644803.3579470511
425,10725.75597,0.004951,2.33895407243836,0.0,10728.089973072438,400.551726308857,390245.7685574982,0.0,253185.52088709036,643431.2894445886,390494.828069131,0.0,254308.52987792,644803.3579470511
426,10725.16246,0.0005809999999999999,2.9280940724384,0.0,10728.089973072438,403.128449092601,390245.7685574982,0.0,253185.52088709036,643431.2894445886,390494.828069131,0.0,254308.52987792,644803.3579470511
427,10724.56189,0.0,3.52808307243686,0.0,10728.089973072438,406.233162196346,390245.7685574982,0.0,253185.52088709036,643431.2894445886,390494.828069131,0.0,254308.52987792,644803.3579470511
428,10723.96131,0.0,4.12866307243712,0.0,10728.089973072438,409.86638570009,390245.7685574982,0.0,253185.52088709036,643431.2894445886,390494.828069131,0.0,254308.52987792,644803.3579470511
429,10723.36074,0.0,4.72923307243764,0.0,10728.089973072438,414.028110803835,390245.7685574982,0.0,253185.52088709036,643431.2894445886,390494.828069131,0.0,254308.52987792,644803.3579470511
430,10722.76016,0.0,5.3298130724379,0.0,10728.089973072438,418.718346307579,390245.7685574982,0.0,253185.52088709036,643431.2894445886,390494.828069131,0.0,254308.52987792,644803.3579470511
431,10722.15958,0.0,5.93039307243816,0.0,10728.089973072438,423.937092211325,390245.7685574982,0.0,253185.52088709036,643431.2894445886,390494.828069131,0.0,254308.52987792,644803.3579470511
432,10721.55901,0.0,6.53096307243686,0.0,10728.089973072438,429.684339715069,390245.7685574982,0.0,253185.52088709036,643431.2894445886,390494.828069131,0.0,254308.52987792,644803.3579470511
433,10720.95843,0.0,7.13154307243713,0.0,10728.089973072438,435.960097618813,390245.7685574982,0.0,253185.52088709036,643431.2894445886,390494.828069131,0.0,254308.52987792,644803.3579470511
434,10720.35785,0.0,7.73212307243739,0.0,10728.089973072438,442.764365922557,390245.7685574982,0.0,253185.52088709036,643431.2894445886,390494.828069131,0.0,254308.52987792,644803.3579470511
435,10719.75728,0.0,8.33269307243791,0.0,10728.089973072438,450.097135826303,390245.7685574982,0.0,253185.52088709036,643431.2894445886,390494.828069131,0.0,254308.52987792,644803.3579470511
436,10719.1567,0.0,8.93327307243817,0.0,10728.089973072438,457.958416130048,390245.7685574982,0.0,253185.52088709036,643431.2894445886,390494.828069131,0.0,254308.52987792,644803.3579470511
437,10718.55613,0.000257,9.53410007243656,0.0,10728.089973072438,466.348424193792,390245.7685574982,0.0,253185.52088709036,643431.2894445886,390494.828069131,0.0,254308.52987792,644803.3579470511
438,10717.95555,0.002381,10.1368040724374,0.0,10728.089973072438,475.268811777537,390245.7685574982,0.0,253185.52088709036,643431.2894445886,390494.828069131,0.0,254308.52987792,644803.3579470511
439,10717.35497,0.011016,10.7460190724378,0.0,10728.089973072438,484.725308561283,390245.7685574982,0.0,253185.52088709036,643431.2894445886,390494.828069131,0.0,254308.52987792,644803.3579470511
440,10716.7544,0.019245,11.3548180724374,0.0,10728.089973072438,494.717548465022,390245.7685574982,0.0,253185.52088709036,643431.2894445886,390494.828069131,0.0,254308.52987792,644803.3579470511
441,10716.15382,0.020686,11.956839072438,0.0,10728.089973072438,505.239566848766,390245.7685574982,0.0,253185.52088709036,643431.2894445886,390494.828069131,0.0,254308.52987792,644803.3579470511
442,10715.55325,0.030669000000000002,12.5673920724366,0.0,10728.089973072438,516.29887187251,390245.7685574982,0.0,253185.52088709036,643431.2894445886,390494.828069131,0.0,254308.52987792,644803.3579470511
443,10714.95267,0.034215,13.1715180724368,0.0,10728.089973072438,527.889807776256,390245.7685574982,0.0,253185.52088709036,643431.2894445886,390494.828069131,0.0,254308.52987792,644803.3579470511
444,10714.35209,0.023699,13.7615820724363,0.0,10728.089973072438,540.0,390245.7685574982,0.0,253185.52088709036,643431.2894445886,390494.828069131,0.0,254308.52987792,644803.3579470511
445,10713.75152,0.028111,0.0,62.1199289999986,10651.603480000002,477.880071000001,390245.7685574982,0.0,253185.52088709036,643431.2894445886,390494.828069131,0.0,254308.52987792,644803.3579470511
446,10713.15094,0.022253000000000002,0.0,61.5252069999988,10651.603480000002,416.354864000003,390245.7685574982,0.0,253185.52088709036,643431.2894445886,390494.828069131,0.0,254308.52987792,644803.3579470511
447,10712.55037,0.013446999999999999,0.0,60.9334429999999,10651.603480000002,355.421421000003,390245.7685574982,0.0,253185.52088709036,643431.2894445886,390494.828069131,0.0,254308.52987792,644803.3579470511
448,10711.94979,0.011389,0.0,60.3349209999997,10651.603480000002,295.086500000003,390245.7685574982,0.0,253185.52088709036,643431.2894445886,390494.828069131,0.0,254308.52987792,644803.3579470511
449,10711.34921,0.0038079999999999998,0.0,59.7419219999992,10651.603480000002,235.344578000004,390245.7685574982,0.0,253185.52088709036,643431.2894445886,390494.828069131,0.0,254308.52987792,644803.3579470511
450,10710.74864,0.000652,0.0,59.1445079999976,10651.603480000002,176.200069999999,390245.7685574982,0.0,253185.52088709036,643431.2894445886,390494.828069131,0.0,254308.52987792,644803.3579470511
451,10710.1039,0.0,0.0,58.5004199999967,10651.603480000003,117.699649999999,390245.7685574982,0.0,253185.52088709036,643431.2894445886,390494.828069131,0.0,254308.52987792,644803.3579470511
452,10709.30313,0.0,0.0,57.6996499999987,10651.603480000002,60.0,390245.7685574982,0.0,253185.52088709036,643431.2894445886,390494.828069131,0.0,254308.52987792,644803.3579470511
453,10708.50236,0.0,19.5876130724373,0.0,10728.089973072438,77.2370995037448,390245.7685574982,0.0,253185.52088709036,643431.2894445886,390494.828069131,0.0,254308.52987792,644803.3579470511
454,10707.7016,0.0,20.3883730724374,0.0,10728.089973072438,95.1788678074897,390245.7685574982,0.0,253185.52088709036,643431.2894445886,390494.828069131,0.0,254308.52987792,644803.3579470511
455,10706.90083,0.0,21.1891430724215,0.0,10728.089973072421,113.825313711221,390245.7685574982,0.0,253185.52088709036,643431.2894445886,390494.828069131,0.0,254308.52987792,644803.3579470511
456,10706.10006,0.0,21.989913072437,0.0,10728.089973072438,133.176437214965,390245.7685574982,0.0,253185.52088709036,643431.2894445886,390494.828069131,0.0,254308.52987792,644803.3579470511
457,10705.29929,0.0,22.7906830724369,0.0,10728.089973072438,153.23223831871,390245.7685574982,0.0,253185.52088709036,643431.2894445886,390494.828069131,0.0,254308.52987792,644803.3579470511
458,10704.49852,0.0,23.5914530724385,0.0,10728.089973072438,173.992717022456,390245.7685574982,0.0,253185.52088709036,643431.2894445886,390494.828069131,0.0,254308.52987792,644803.3579470511
459,10703.69776,0.0,24.3922130724386,0.0,10728.089973072438,195.457864526202,390245.7685574982,0.0,253185.52088709036,643431.2894445886,390494.828069131,0.0,254308.52987792,644803.3579470511
460,10702.89699,0.0,25.1929830724384,0.0,10728.089973072438,217.627689629947,390245.7685574982,0.0,253185.52088709036,643431.2894445886,390494.828069131,0.0,254308.52987792,644803.3579470511
461,10702.09622,0.000157,25.9939100724387,0.0,10728.089973072438,240.502330493693,390245.7685574982,0.0,253185.52088709036,643431.2894445886,390494.828069131,0.0,254308.52987792,644803.3579470511
462,10701.29545,0.002036,26.796559072438,0.0,10728.089973072438,264.083302477439,390245.7685574982,0.0,253185.52088709036,643431.2894445886,390494.828069131,0.0,254308.52987792,644803.3579470511
463,10700.49468,0.011122,27.6064150724378,0.0,10728.089973072438,288.376947741184,390245.7685574982,0.0,253185.52088709036,643431.2894445886,390494.828069131,0.0,254308.52987792,644803.3579470511
464,10699.69391,0.021555,28.4176180724371,0.0,10728.089973072438,313.384451644929,390245.7685574982,0.0,253185.52088709036,643431.2894445886,390494.828069131,0.0,254308.52987792,644803.3579470511
465,10698.89315,0.028869,29.2256920724376,0.0,10728.089973072438,339.103060668674,390245.7685574982,0.0,253185.52088709036,643431.2894445886,390494.828069131,0.0,254308.52987792,644803.3579470511
466,10698.09238,0.034286000000000004,30.0318790724377,0.0,10728.089973072438,365.531114252419,390245.7685574982,0.0,253185.52088709036,643431.2894445886,390494.828069131,0.0,254308.52987792,644803.3579470511
467,10696.9859,0.034872,31.1389450724382,0.0,10728.089973072438,392.933385916165,390245.7685574982,0.0,253185.52088709036,643431.2894445886,390494.828069131,0.0,254308.52987792,644803.3579470511
468,10695.78475,0.035368000000000004,32.3405910724377,0.0,10728.089973072438,421.39310605991,390245.7685574982,0.0,253185.52088709036,643431.2894445886,390494.828069131,0.0,254308.52987792,644803.3579470511
469,10694.5836,0.032031,0.0,94.2372560599217,10600.314312940078,327.155849999988,390245.7685574982,0.0,253185.52088709036,643431.2894445886,390494.828069131,0.0,254308.52987792,644803.3579470511
470,10693.38245,0.028766,0.0,41.7502039999981,10651.603480000002,285.40564599999,390245.7685574982,0.0,253185.52088709036,643431.2894445886,390494.828069131,0.0,254308.52987792,644803.3579470511
471,10692.1813,0.025321000000000003,0.0,40.5524989999994,10651.603480000002,244.853146999991,390245.7685574982,0.0,253185.52088709036,643431.2894445886,390494.828069131,0.0,254308.52987792,644803.3579470511
472,10690.98014,0.012994,0.0,39.3636659999975,10651.603480000002,205.489480999993,390245.7685574982,0.0,253185.52088709036,643431.2894445886,390494.828069131,0.0,254308.52987792,644803.3579470511
473,10689.77899,0.004934999999999999,0.0,38.1705749999983,10651.603480000002,167.318905999995,390245.7685574982,0.0,253185.52088709036,643431.2894445886,390494.828069131,0.0,254308.52987792,644803.3579470511
474,10688.57784,0.000714,0.0,36.9736459999986,10651.603480000002,130.345259999996,390245.7685574982,0.0,253185.52088709036,643431.2894445886,390494.828069131,0.0,254308.52987792,644803.3579470511
475,10687.37669,0.0,0.0,35.7732099999976,10651.603480000002,94.5720499999989,390245.7685574982,0.0,253185.52088709036,643431.2894445886,390494.828069131,0.0,254308.52987792,644803.3579470511
476,10686.17553,0.0,0.0,34.5720499999989,10651.603480000002,60.0,390245.7685574982,0.0,253185.52088709036,643431.2894445886,390494.828069131,0.0,254308.52987792,644803.3579470511
477,10684.97438,0.0,0.0,0.0,10684.97438,60.0,390245.7685574982,0.0,253185.52088709036,643431.2894445886,390494.828069131,0.0,254308.52987792,644803.3579470511
478,10683.77323,0.0,0.0,0.0,10683.77323,60.0,390245.7685574982,0.0,253185.52088709036,643431.2894445886,390494.828069131,0.0,254308.52987792,644803.3579470511
479,10682.57208,0.0,0.0,0.0,10682.57208,60.0,390245.7685574982,0.0,253185.52088709036,643431.2894445886,390494.828069131,0.0,254308.52987792,644803.3579470511
480,10681.37093,0.0,0.0,0.0,10681.37093,60.0,390245.7685574982,0.0,253185.52088709036,643431.2894445886,390494.828069131,0.0,254308.52987792,644803.3579470511
481,10680.16977,0.0,0.0,0.0,10680.16977,60.0,390245.7685574982,0.0,253185.52088709036,643431.2894445886,390494.828069131,0.0,254308.52987792,644803.3579470511
482,10678.96862,0.0,0.0,0.0,10678.96862,60.0,390245.7685574982,0.0,253185.52088709036,643431.2894445886,390494.828069131,0.0,254308.52987792,644803.3579470511
483,10677.76747,0.0,38.3360118025683,0.0,10716.10348180257,93.7356903862601,390245.7685574982,0.0,253185.52088709036,643431.2894445886,390494.828069131,0.0,254308.52987792,644803.3579470511
484,10676.56632,0.0,51.5236530724689,0.0,10728.089973072469,139.076505090033,390245.7685574982,0.0,253185.52088709036,643431.2894445886,390494.828069131,0.0,254308.52987792,644803.3579470511
485,10675.36516,0.000301,52.7251140724384,0.0,10728.089973072438,185.474605473779,390245.7685574982,0.0,253185.52088709036,643431.2894445886,390494.828069131,0.0,254308.52987792,644803.3579470511
486,10674.16401,0.0027069999999999998,53.9286700724369,0.0,10728.089973072438,232.931835137523,390245.7685574982,0.0,253185.52088709036,643431.2894445886,390494.828069131,0.0,254308.52987792,644803.3579470511
487,10672.96286,0.010979,55.1380920724387,0.0,10728.089973072438,281.453356161269,390245.7685574982,0.0,253185.52088709036,643431.2894445886,390494.828069131,0.0,254308.52987792,644803.3579470511
488,10671.76171,0.020995,56.3492580724378,0.0,10728.089973072438,331.040703265014,390245.7685574982,0.0,253185.52088709036,643431.2894445886,390494.828069131,0.0,254308.52987792,644803.3579470511
489,10670.56055,0.02459,57.5540130724385,0.0,10728.089973072438,381.68823476876,390245.7685574982,0.0,253185.52088709036,643431.2894445886,390494.828069131,0.0,254308.52987792,644803.3579470511
490,10669.3594,0.031913000000000004,58.7624860724391,0.0,10728.089973072438,433.399222512507,390245.7685574982,0.0,253185.52088709036,643431.2894445886,390494.828069131,0.0,254308.52987792,644803.3579470511
491,10668.15825,0.036643,59.9683660724368,0.0,10728.089973072438,486.171384656251,390245.7685574982,0.0,253185.52088709036,643431.2894445886,390494.828069131,0.0,254308.52987792,644803.3579470511
492,10666.9571,0.036008000000000005,61.1688810724372,0.0,10728.089973072438,540.0,390245.7685574982,0.0,253185.52088709036,643431.2894445886,390494.828069131,0.0,254308.52987792,644803.3579470511
493,10665.75595,0.033073,0.0,100.0,10565.722877,440.0,390245.7685574982,0.0,253185.52088709036,643431.2894445886,390494.828069131,0.0,254308.52987792,644803.3579470511
494,10664.55479,0.029826000000000002,0.0,100.0,10564.524964,340.0,390245.7685574982,0.0,253185.52088709036,643431.2894445886,390494.828069131,0.0,254308.52987792,644803.3579470511
495,10663.35364,0.021120999999999997,0.0,100.0,10563.332519,240.0,390245.7685574982,0.0,253185.52088709036,643431.2894445886,390494.828069131,0.0,254308.52987792,644803.3579470511
496,10662.15249,0.014044000000000001,0.0,100.0,10562.138446,139.999999999991,390245.7685574982,0.0,253185.52088709036,643431.2894445886,390494.828069131,0.0,254308.52987792,644803.3579470511
497,10660.95134,0.004914,0.0,59.1640009999979,10601.782425000003,80.8359989999935,390245.7685574982,0.0,253185.52088709036,643431.2894445886,390494.828069131,0.0,254308.52987792,644803.3579470511
498,10659.75018,0.000651,0.0,8.14604899999722,10651.603480000002,72.6899499999963,390245.7685574982,0.0,253185.52088709036,643431.2894445886,390494.828069131,0.0,254308.52987792,644803.3579470511
499,10658.54903,0.0,0.0,6.94554999999855,10651.603480000002,65.7443999999978,390245.7685574982,0.0,253185.52088709036,643431.2894445886,390494.828069131,0.0,254308.52987792,644803.3579470511
500,10657.34788,0.0,0.0,5.74439999999777,10651.603480000002,60.0,390245.7685574982,0.0,253185.52088709036,643431.2894445886,390494.828069131,0.0,254308.52987792,644803.3579470511
501,10656.14673,0.0,0.0,0.0,10656.14673,60.0,390245.7685574982,0.0,253185.52088709036,643431.2894445886,390494.828069131,0.0,254308.52987792,644803.3579470511
502,10654.94558,0.0,0.0,0.0,10654.94558,60.0,390245.7685574982,0.0,253185.52088709036,643431.2894445886,390494.828069131,0.0,254308.52987792,644803.3579470511
503,10653.18624,0.0,0.0,0.0,10653.18624,60.0,390245.7685574982,0.0,253185.52088709036,643431.2894445886,390494.828069131,0.0,254308.52987792,644803.3579470511
504,10651.18432,0.0,0.0,0.0,10651.18432,60.0,390245.7685574982,0.0,253185.52088709036,643431.2894445886,390494.828069131,0.0,254308.52987792,644803.3579470511
505,10649.1824,0.0,0.0,0.0,10649.1824,60.0,390245.7685574982,0.0,253185.52088709036,643431.2894445886,390494.828069131,0.0,254308.52987792,644803.3579470511
506,10647.18048,0.0,0.0,0.0,10647.18048,60.0,390245.7685574982,0.0,253185.52088709036,643431.2894445886,390494.828069131,0.0,254308.52987792,644803.3579470511
507,10645.17856,0.0,0.0,0.0,10645.17856,60.0,390245.7685574982,0.0,253185.52088709036,643431.2894445886,390494.828069131,0.0,254308.52987792,644803.3579470511
508,10642.95855,0.0,0.0,0.0,10642.95855,60.0,390245.7685574982,0.0,253185.52088709036,643431.2894445886,390494.828069131,0.0,254308.52987792,644803.3579470511
509,10640.55624,0.000174,0.0,0.0,10640.556066,60.0,390245.7685574982,0.0,253185.52088709036,643431.2894445886,390494.828069131,0.0,254308.52987792,644803.3579470511
510,10638.15394,0.0027890000000000002,0.0,0.0,10638.151151,60.0,390245.7685574982,0.0,253185.52088709036,643431.2894445886,390494.828069131,0.0,254308.52987792,644803.3579470511
511,10635.75163,0.009103,54.3034522372304,0.0,10690.045979237231,107.787037968763,390245.7685574982,0.0,253185.52088709036,643431.2894445886,390494.828069131,0.0,254308.52987792,644803.3579470511
512,10633.34933,0.019731000000000002,94.7603740724389,0.0,10728.089973072438,191.176167152509,390245.7685574982,0.0,253185.52088709036,643431.2894445886,390494.828069131,0.0,254308.52987792,644803.3579470511
513,10631.02557,0.027271,97.0916740724388,0.0,10728.089973072438,276.616840336255,390245.7685574982,0.0,253185.52088709036,643431.2894445886,390494.828069131,0.0,254308.52987792,644803.3579470511
514,10628.82346,0.032532,99.2990450724374,0.0,10728.089973072438,364.0,390245.7685574982,0.0,253185.52088709036,643431.2894445886,390494.828069131,0.0,254308.52987792,644803.3579470511
515,10626.62135,0.035018,100.0,0.0,10726.586331999999,452.0,390245.7685574982,0.0,253185.52088709036,643431.2894445886,390494.828069131,0.0,254308.52987792,644803.3579470511
516,10624.41923,0.035511,100.0,0.0,10724.383719,540.0,390245.7685574982,0.0,253185.52088709036,643431.2894445886,390494.828069131,0.0,254308.52987792,644803.3579470511
517,10622.21712,0.033787,0.0,100.0,10522.183332999999,440.0,390245.7685574982,0.0,253185.52088709036,643431.2894445886,390494.828069131,0.0,254308.52987792,644803.3579470511
518,10619.96696,0.021225,0.0,100.0,10519.945735,340.0,390245.7685574982,0.0,253185.52088709036,643431.2894445886,390494.828069131,0.0,254308.52987792,644803.3579470511
519,10617.56466,0.014133,0.0,100.0,10517.550527,240.0,390245.7685574982,0.0,253185.52088709036,643431.2894445886,390494.828069131,0.0,254308.52987792,644803.3579470511
520,10615.16235,0.004813,0.0,100.0,10515.157537000001,140.0,390245.7685574982,0.0,253185.52088709036,643431.2894445886,390494.828069131,0.0,254308.52987792,644803.3579470511
521,10612.76005,0.003101,0.0,80.0,10532.756949,60.0,390245.7685574982,0.0,253185.52088709036,643431.2894445886,390494.828069131,0.0,254308.52987792,644803.3579470511
522,10610.35774,0.00026900000000000003,0.0,0.0,10610.357471,60.0,390245.7685574982,0.0,253185.52088709036,643431.2894445886,390494.828069131,0.0,254308.52987792,644803.3579470511
523,10607.95544,0.0,0.0,0.0,10607.95544,60.0,390245.7685574982,0.0,253185.52088709036,643431.2894445886,390494.828069131,0.0,254308.52987792,644803.3579470511
524,10605.55313,0.0,0.0,0.0,10605.55313,60.0,390245.7685574982,0.0,253185.52088709036,643431.2894445886,390494.828069131,0.0,254308.52987792,644803.3579470511
525,10603.15083,0.0,0.0,0.0,10603.15083,60.0,390245.7685574982,0.0,253185.52088709036,643431.2894445886,390494.828069131,0.0,254308.52987792,644803.3579470511
526,10600.74853,0.0,0.0,0.0,10600.74853,60.0,390245.7685574982,0.0,253185.52088709036,643431.2894445886,390494.828069131,0.0,254308.52987792,644803.3579470511
527,10598.34622,0.0,0.0,0.0,10598.34622,60.0,390245.7685574982,0.0,253185.52088709036,643431.2894445886,390494.828069131,0.0,254308.52987792,644803.3579470511
528,10595.94392,0.0,0.0,0.0,10595.94392,60.0,390245.7685574982,0.0,253185.52088709036,643431.2894445886,390494.828069131,0.0,254308.52987792,644803.3579470511
529,10594.10333,0.0,0.0,0.0,10594.10333,60.0,390245.7685574982,0.0,253185.52088709036,643431.2894445886,390494.828069131,0.0,254308.52987792,644803.3579470511
530,10592.3016,0.0,0.0,0.0,10592.3016,60.0,390245.7685574982,0.0,253185.52088709036,643431.2894445886,390494.828069131,0.0,254308.52987792,644803.3579470511
531,10590.49987,0.0,0.0,0.0,10590.49987,60.0,390245.7685574982,0.0,253185.52088709036,643431.2894445886,390494.828069131,0.0,254308.52987792,644803.3579470511
532,10588.69814,0.0,0.0,0.0,10588.69814,60.0,390245.7685574982,0.0,253185.52088709036,643431.2894445886,390494.828069131,0.0,254308.52987792,644803.3579470511
533,10586.89641,0.00045000000000000004,0.0,0.0,10586.89596,60.0,390245.7685574982,0.0,253185.52088709036,643431.2894445886,390494.828069131,0.0,254308.52987792,644803.3579470511
534,10585.25142,0.002022,0.0,0.0,10585.249398,60.0,390245.7685574982,0.0,253185.52088709036,643431.2894445886,390494.828069131,0.0,254308.52987792,644803.3579470511
535,10583.64989,0.007038,45.4545454545455,0.0,10629.097397454547,100.0,390245.7685574982,0.0,253185.52088709036,643431.2894445886,390494.828069131,0.0,254308.52987792,644803.3579470511
536,10582.04835,0.0058070000000000005,100.0,0.0,10682.042543,188.0,390245.7685574982,0.0,253185.52088709036,643431.2894445886,390494.828069131,0.0,254308.52987792,644803.3579470511
537,10580.44681,0.020925000000000003,100.0,0.0,10680.425884999999,276.0,390245.7685574982,0.0,253185.52088709036,643431.2894445886,390494.828069131,0.0,254308.52987792,644803.3579470511
538,10578.84528,0.015295,100.0,0.0,10678.829985,364.0,390245.7685574982,0.0,253185.52088709036,643431.2894445886,390494.828069131,0.0,254308.52987792,644803.3579470511
539,10577.36998,0.030780000000000002,100.0,0.0,10677.3392,452.0,390245.7685574982,0.0,253185.52088709036,643431.2894445886,390494.828069131,0.0,254308.52987792,644803.3579470511
540,10575.96864,0.02465,100.0,0.0,10675.94399,540.0,390245.7685574982,0.0,253185.52088709036,643431.2894445886,390494.828069131,0.0,254308.52987792,644803.3579470511
541,10574.56729,0.021221,0.0,100.0,10474.546069,440.0,390245.7685574982,0.0,253185.52088709036,643431.2894445886,390494.828069131,0.0,254308.52987792,644803.3579470511
542,10573.16595,0.030296,0.0,100.0,10473.135654,340.0,390245.7685574982,0.0,253185.52088709036,643431.2894445886,390494.828069131,0.0,254308.52987792,644803.3579470511
543,10571.7646,0.019781,0.0,100.0,10471.744819,240.0,390245.7685574982,0.0,253185.52088709036,643431.2894445886,390494.828069131,0.0,254308.52987792,644803.3579470511
544,10570.17178,0.016299,0.0,100.0,10470.155481,140.0,390245.7685574982,0.0,253185.52088709036,643431.2894445886,390494.828069131,0.0,254308.52987792,644803.3579470511
545,10568.37005,0.004618000000000001,0.0,80.0,10488.365431999999,60.0,390245.7685574982,0.0,253185.52088709036,643431.2894445886,390494.828069131,0.0,254308.52987792,644803.3579470511
546,10566.56832,0.000826,0.0,0.0,10566.567494,60.0,390245.7685574982,0.0,253185.52088709036,643431.2894445886,390494.828069131,0.0,254308.52987792,644803.3579470511
547,10564.7666,0.0,0.0,0.0,10564.7666,60.0,390245.7685574982,0.0,253185.52088709036,643431.2894445886,390494.828069131,0.0,254308.52987792,644803.3579470511
548,10562.96487,0.0,0.0,0.0,10562.96487,60.0,390245.7685574982,0.0,253185.52088709036,643431.2894445886,390494.828069131,0.0,254308.52987792,644803.3579470511
549,10561.22838,0.0,0.0,0.0,10561.22838,60.0,390245.7685574982,0.0,253185.52088709036,643431.2894445886,390494.828069131,0.0,254308.52987792,644803.3579470511
550,10559.62684,0.0,0.0,0.0,10559.62684,60.0,390245.7685574982,0.0,253185.52088709036,643431.2894445886,390494.828069131,0.0,254308.52987792,644803.3579470511
551,10558.02531,0.0,0.0,0.0,10558.02531,60.0,390245.7685574982,0.0,253185.52088709036,643431.2894445886,390494.828069131,0.0,254308.52987792,644803.3579470511
552,10556.42377,0.0,0.0,0.0,10556.42377,60.0,390245.7685574982,0.0,253185.52088709036,643431.2894445886,390494.828069131,0.0,254308.52987792,644803.3579470511
553,10554.82223,0.0,0.0,0.0,10554.82223,60.0,390245.7685574982,0.0,253185.52088709036,643431.2894445886,390494.828069131,0.0,254308.52987792,644803.3579470511
554,10553.25544,0.0,0.0,0.0,10553.25544,60.0,390245.7685574982,0.0,253185.52088709036,643431.2894445886,390494.828069131,0.0,254308.52987792,644803.3579470511
555,10551.85409,0.0,0.0,0.0,10551.85409,60.0,390245.7685574982,0.0,253185.52088709036,643431.2894445886,390494.828069131,0.0,254308.52987792,644803.3579470511
556,10550.45275,0.0,0.0,0.0,10550.45275,60.0,390245.7685574982,0.0,253185.52088709036,643431.2894445886,390494.828069131,0.0,254308.52987792,644803.3579470511
557,10549.0514,0.000359,0.0,0.0,10549.051041,60.0,390245.7685574982,0.0,253185.52088709036,643431.2894445886,390494.828069131,0.0,254308.52987792,644803.3579470511
558,10547.65006,0.0032500000000000003,0.0,0.0,10547.64681,60.0,390245.7685574982,0.0,253185.52088709036,643431.2894445886,390494.828069131,0.0,254308.52987792,644803.3579470511
559,10546.24871,0.011787,0.0,0.0,10546.236923,60.0,390245.7685574982,0.0,253185.52088709036,643431.2894445886,390494.828069131,0.0,254308.52987792,644803.3579470511
560,10544.84737,0.020491,0.0,0.0,10544.826879,60.0,390245.7685574982,0.0,253185.52088709036,643431.2894445886,390494.828069131,0.0,254308.52987792,644803.3579470511
561,10543.44603,0.027803,0.0,0.0,10543.418226999998,60.0,390245.7685574982,0.0,253185.52088709036,643431.2894445886,390494.828069131,0.0,254308.52987792,644803.3579470511
562,10542.04468,0.032588,0.0,0.0,10542.012092,60.0,390245.7685574982,0.0,253185.52088709036,643431.2894445886,390494.828069131,0.0,254308.52987792,644803.3579470511
563,10540.64334,0.037239,0.0,0.0,10540.606101000001,60.0,390245.7685574982,0.0,253185.52088709036,643431.2894445886,390494.828069131,0.0,254308.52987792,644803.3579470511
564,10539.24199,0.030106,0.0,0.0,10539.211884,60.0,390245.7685574982,0.0,253185.52088709036,643431.2894445886,390494.828069131,0.0,254308.52987792,644803.3579470511
565,10536.79706,0.033299999999999996,0.0,0.0,10536.763760000002,60.0,390245.7685574982,0.0,253185.52088709036,643431.2894445886,390494.828069131,0.0,254308.52987792,644803.3579470511
566,10534.19456,0.03029,0.0,0.0,10534.16427,60.0,390245.7685574982,0.0,253185.52088709036,643431.2894445886,390494.828069131,0.0,254308.52987792,644803.3579470511
567,10531.59207,0.019417000000000004,0.0,0.0,10531.572653000001,60.0,390245.7685574982,0.0,253185.52088709036,643431.2894445886,390494.828069131,0.0,254308.52987792,644803.3579470511
568,10528.98957,0.011550000000000001,0.0,0.0,10528.97802,60.0,390245.7685574982,0.0,253185.52088709036,643431.2894445886,390494.828069131,0.0,254308.52987792,644803.3579470511
569,10526.38707,0.004633,0.0,0.0,10526.382437,60.0,390245.7685574982,0.0,253185.52088709036,643431.2894445886,390494.828069131,0.0,254308.52987792,644803.3579470511
570,10523.64114,0.000471,0.0,0.0,10523.640669,60.0,390245.7685574982,0.0,253185.52088709036,643431.2894445886,390494.828069131,0.0,254308.52987792,644803.3579470511
571,10520.83846,0.0,0.0,0.0,10520.83846,60.0,390245.7685574982,0.0,253185.52088709036,643431.2894445886,390494.828069131,0.0,254308.52987792,644803.3579470511
572,10518.03577,0.0,0.0,0.0,10518.03577,60.0,390245.7685574982,0.0,253185.52088709036,643431.2894445886,390494.828069131,0.0,254308.52987792,644803.3579470511
573,10515.23308,0.0,0.0,0.0,10515.23308,60.0,390245.7685574982,0.0,253185.52088709036,643431.2894445886,390494.828069131,0.0,254308.52987792,644803.3579470511
574,10512.43039,0.0,0.0,0.0,10512.43039,60.0,390245.7685574982,0.0,253185.52088709036,643431.2894445886,390494.828069131,0.0,254308.52987792,644803.3579470511
575,10509.9665,0.0,0.0,0.0,10509.9665,60.0,390245.7685574982,0.0,253185.52088709036,643431.2894445886,390494.828069131,0.0,254308.52987792,644803.3579470511
576,10507.76438,0.0,0.0,0.0,10507.76438,60.0,390245.7685574982,0.0,253185.52088709036,643431.2894445886,390494.828069131,0.0,254308.52987792,644803.3579470511
577,10505.56227,0.0,0.0,0.0,10505.56227,60.0,390245.7685574982,0.0,253185.52088709036,643431.2894445886,390494.828069131,0.0,254308.52987792,644803.3579470511
578,10503.36016,0.0,0.0,0.0,10503.36016,60.0,390245.7685574982,0.0,253185.52088709036,643431.2894445886,390494.828069131,0.0,254308.52987792,644803.3579470511
579,10501.15805,0.0,0.0,0.0,10501.15805,60.0,390245.7685574982,0.0,253185.52088709036,643431.2894445886,390494.828069131,0.0,254308.52987792,644803.3579470511
580,10498.95593,0.0,0.0,0.0,10498.95593,60.0,390245.7685574982,0.0,253185.52088709036,643431.2894445886,390494.828069131,0.0,254308.52987792,644803.3579470511
581,10496.75382,9.400000000000001e-05,0.0,0.0,10496.753725999999,60.0,390245.7685574982,0.0,253185.52088709036,643431.2894445886,390494.828069131,0.0,254308.52987792,644803.3579470511
582,10494.55171,0.002718,0.0,0.0,10494.548992,60.0,390245.7685574982,0.0,253185.52088709036,643431.2894445886,390494.828069131,0.0,254308.52987792,644803.3579470511
583,10492.3496,0.010448,0.0,0.0,10492.339151999999,60.0,390245.7685574982,0.0,253185.52088709036,643431.2894445886,390494.828069131,0.0,254308.52987792,644803.3579470511
584,10490.14748,0.021544,0.0,0.0,10490.125936,60.0,390245.7685574982,0.0,253185.52088709036,643431.2894445886,390494.828069131,0.0,254308.52987792,644803.3579470511
585,10487.9973,0.026552,0.0,0.0,10487.970748000002,60.0,390245.7685574982,0.0,253185.52088709036,643431.2894445886,390494.828069131,0.0,254308.52987792,644803.3579470511
586,10485.99538,0.031932,0.0,0.0,10485.963448,60.0,390245.7685574982,0.0,253185.52088709036,643431.2894445886,390494.828069131,0.0,254308.52987792,644803.3579470511
587,10483.99346,0.03757,0.0,0.0,10483.95589,60.0,390245.7685574982,0.0,253185.52088709036,643431.2894445886,390494.828069131,0.0,254308.52987792,644803.3579470511
588,10481.99154,0.031987,0.0,0.0,10481.959553,60.0,390245.7685574982,0.0,253185.52088709036,643431.2894445886,390494.828069131,0.0,254308.52987792,644803.3579470511
589,10479.98962,0.035658999999999996,0.0,0.0,10479.953961000001,60.0,390245.7685574982,0.0,253185.52088709036,643431.2894445886,390494.828069131,0.0,254308.52987792,644803.3579470511
590,10478.052,0.019263000000000002,0.0,0.0,10478.032737,60.0,390245.7685574982,0.0,253185.52088709036,643431.2894445886,390494.828069131,0.0,254308.52987792,644803.3579470511
591,10476.65065,0.021242999999999998,0.0,0.0,10476.629407,60.0,390245.7685574982,0.0,253185.52088709036,643431.2894445886,390494.828069131,0.0,254308.52987792,644803.3579470511
592,10475.24931,0.012750000000000001,0.0,0.0,10475.23656,60.0,390245.7685574982,0.0,253185.52088709036,643431.2894445886,390494.828069131,0.0,254308.52987792,644803.3579470511
593,10473.84797,0.004886000000000001,0.0,0.0,10473.843084,60.0,390245.7685574982,0.0,253185.52088709036,643431.2894445886,390494.828069131,0.0,254308.52987792,644803.3579470511
594,10472.44662,0.00016600000000000002,0.0,0.0,10472.446454,60.0,390245.7685574982,0.0,253185.52088709036,643431.2894445886,390494.828069131,0.0,254308.52987792,644803.3579470511
595,10471.04528,0.0,0.0,0.0,10471.04528,60.0,390245.7685574982,0.0,253185.52088709036,643431.2894445886,390494.828069131,0.0,254308.52987792,644803.3579470511
596,10469.64393,0.0,0.0,0.0,10469.64393,60.0,390245.7685574982,0.0,253185.52088709036,643431.2894445886,390494.828069131,0.0,254308.52987792,644803.3579470511
597,10468.24259,0.0,0.0,0.0,10468.24259,60.0,390245.7685574982,0.0,253185.52088709036,643431.2894445886,390494.828069131,0.0,254308.52987792,644803.3579470511
598,10466.84124,0.0,0.0,0.0,10466.84124,60.0,390245.7685574982,0.0,253185.52088709036,643431.2894445886,390494.828069131,0.0,254308.52987792,644803.3579470511
599,10465.4399,0.0,0.0,0.0,10465.4399,60.0,390245.7685574982,0.0,253185.52088709036,643431.2894445886,390494.828069131,0.0,254308.52987792,644803.3579470511
600,10464.03856,0.0,0.0,0.0,10464.03856,60.0,390245.7685574982,0.0,253185.52088709036,643431.2894445886,390494.828069131,0.0,254308.52987792,644803.3579470511
601,10462.63721,0.0,0.0,0.0,10462.63721,60.0,390245.7685574982,0.0,253185.52088709036,643431.2894445886,390494.828069131,0.0,254308.52987792,644803.3579470511
602,10461.23587,0.0,0.0,0.0,10461.23587,60.0,390245.7685574982,0.0,253185.52088709036,643431.2894445886,390494.828069131,0.0,254308.52987792,644803.3579470511
603,10459.83452,0.0,0.0,0.0,10459.83452,60.0,390245.7685574982,0.0,253185.52088709036,643431.2894445886,390494.828069131,0.0,254308.52987792,644803.3579470511
604,10458.43318,0.0,0.0,0.0,10458.43318,60.0,390245.7685574982,0.0,253185.52088709036,643431.2894445886,390494.828069131,0.0,254308.52987792,644803.3579470511
605,10457.03183,2.6e-05,0.0,0.0,10457.031804,60.0,390245.7685574982,0.0,253185.52088709036,643431.2894445886,390494.828069131,0.0,254308.52987792,644803.3579470511
606,10455.63049,0.00282,0.0,0.0,10455.62767,60.0,390245.7685574982,0.0,253185.52088709036,643431.2894445886,390494.828069131,0.0,254308.52987792,644803.3579470511
607,10454.22915,0.009534,45.4545454545455,0.0,10499.674161454544,100.0,390245.7685574982,0.0,253185.52088709036,643431.2894445886,390494.828069131,0.0,254308.52987792,644803.3579470511
608,10452.8278,0.014984,100.0,0.0,10552.812816,188.0,390245.7685574982,0.0,253185.52088709036,643431.2894445886,390494.828069131,0.0,254308.52987792,644803.3579470511
609,10451.42646,0.031025,100.0,0.0,10551.395435,276.0,390245.7685574982,0.0,253185.52088709036,643431.2894445886,390494.828069131,0.0,254308.52987792,644803.3579470511
610,10450.02511,0.030598,100.0,0.0,10549.994512000001,364.0,390245.7685574982,0.0,253185.52088709036,643431.2894445886,390494.828069131,0.0,254308.52987792,644803.3579470511
611,10448.72339,0.035898000000000006,100.0,0.0,10548.687492,452.0,390245.7685574982,0.0,253185.52088709036,643431.2894445886,390494.828069131,0.0,254308.52987792,644803.3579470511
612,10447.52224,0.033543,100.0,0.0,10547.488697,540.0,390245.7685574982,0.0,253185.52088709036,643431.2894445886,390494.828069131,0.0,254308.52987792,644803.3579470511
613,10446.32109,0.020559,0.0,100.0,10346.300530999999,440.0,390245.7685574982,0.0,253185.52088709036,643431.2894445886,390494.828069131,0.0,254308.52987792,644803.3579470511
614,10445.11994,0.022216000000000003,0.0,100.0,10345.097724000001,340.0,390245.7685574982,0.0,253185.52088709036,643431.2894445886,390494.828069131,0.0,254308.52987792,644803.3579470511
615,10443.91878,0.012757,0.0,100.0,10343.906023,240.0,390245.7685574982,0.0,253185.52088709036,643431.2894445886,390494.828069131,0.0,254308.52987792,644803.3579470511
616,10442.71763,0.006397000000000001,0.0,100.0,10342.711233,140.0,390245.7685574982,0.0,253185.52088709036,643431.2894445886,390494.828069131,0.0,254308.52987792,644803.3579470511
617,10441.51648,0.0028239999999999997,0.0,80.0,10361.513656000001,60.0,390245.7685574982,0.0,253185.52088709036,643431.2894445886,390494.828069131,0.0,254308.52987792,644803.3579470511
618,10440.31533,0.000745,0.0,0.0,10440.314585,60.0,390245.7685574982,0.0,253185.52088709036,643431.2894445886,390494.828069131,0.0,254308.52987792,644803.3579470511
619,10439.11418,0.0,0.0,0.0,10439.11418,60.0,390245.7685574982,0.0,253185.52088709036,643431.2894445886,390494.828069131,0.0,254308.52987792,644803.3579470511
620,10437.91302,0.0,0.0,0.0,10437.91302,60.0,390245.7685574982,0.0,253185.52088709036,643431.2894445886,390494.828069131,0.0,254308.52987792,644803.3579470511
621,10436.71187,0.0,0.0,0.0,10436.71187,60.0,390245.7685574982,0.0,253185.52088709036,643431.2894445886,390494.828069131,0.0,254308.52987792,644803.3579470511
622,10435.51072,0.0,0.0,0.0,10435.51072,60.0,390245.7685574982,0.0,253185.52088709036,643431.2894445886,390494.828069131,0.0,254308.52987792,644803.3579470511
623,10434.30957,0.0,0.0,0.0,10434.30957,60.0,390245.7685574982,0.0,253185.52088709036,643431.2894445886,390494.828069131,0.0,254308.52987792,644803.3579470511
624,10433.10841,0.0,0.0,0.0,10433.10841,60.0,390245.7685574982,0.0,253185.52088709036,643431.2894445886,390494.828069131,0.0,254308.52987792,644803.3579470511
625,10431.90726,0.0,0.0,0.0,10431.90726,60.0,390245.7685574982,0.0,253185.52088709036,643431.2894445886,390494.828069131,0.0,254308.52987792,644803.3579470511
626,10430.68173,0.0,0.0,0.0,10430.68173,60.0,390245.7685574982,0.0,253185.52088709036,643431.2894445886,390494.828069131,0.0,254308.52987792,644803.3579470511
627,10428.88,0.0,0.0,0.0,10428.88,60.0,390245.7685574982,0.0,253185.52088709036,643431.2894445886,390494.828069131,0.0,254308.52987792,644803.3579470511
628,10427.07828,0.0,0.0,0.0,10427.07828,60.0,390245.7685574982,0.0,253185.52088709036,643431.2894445886,390494.828069131,0.0,254308.52987792,644803.3579470511
629,10425.27655,0.00034,0.0,0.0,10425.27621,60.0,390245.7685574982,0.0,253185.52088709036,643431.2894445886,390494.828069131,0.0,254308.52987792,644803.3579470511
630,10423.47482,0.002431,0.0,0.0,10423.472388999999,60.0,390245.7685574982,0.0,253185.52088709036,643431.2894445886,390494.828069131,0.0,254308.52987792,644803.3579470511
631,10421.67309,0.012099,45.4545454545455,0.0,10467.115536454547,100.0,390245.7685574982,0.0,253185.52088709036,643431.2894445886,390494.828069131,0.0,254308.52987792,644803.3579470511
632,10419.87136,0.021286000000000003,100.0,0.0,10519.850074,188.0,390245.7685574982,0.0,253185.52088709036,643431.2894445886,390494.828069131,0.0,254308.52987792,644803.3579470511
633,10418.06963,0.031315,100.0,0.0,10518.038315,276.0,390245.7685574982,0.0,253185.52088709036,643431.2894445886,390494.828069131,0.0,254308.52987792,644803.3579470511
634,10416.26791,0.033142000000000005,100.0,0.0,10516.234768,364.0,390245.7685574982,0.0,253185.52088709036,643431.2894445886,390494.828069131,0.0,254308.52987792,644803.3579470511
635,10414.46618,0.038583,100.0,0.0,10514.427597,452.0,390245.7685574982,0.0,253185.52088709036,643431.2894445886,390494.828069131,0.0,254308.52987792,644803.3579470511
636,10412.66445,0.036109,100.0,0.0,10512.628341,540.0,390245.7685574982,0.0,253185.52088709036,643431.2894445886,390494.828069131,0.0,254308.52987792,644803.3579470511
637,10411.15736,0.033031,0.0,100.0,10311.124328999998,440.0,390245.7685574982,0.0,253185.52088709036,643431.2894445886,390494.828069131,0.0,254308.52987792,644803.3579470511
638,10409.75601,0.017446000000000003,0.0,100.0,10309.738564,340.0,390245.7685574982,0.0,253185.52088709036,643431.2894445886,390494.828069131,0.0,254308.52987792,644803.3579470511
639,10408.35467,0.014401,0.0,100.0,10308.340269,240.0,390245.7685574982,0.0,253185.52088709036,643431.2894445886,390494.828069131,0.0,254308.52987792,644803.3579470511
640,10406.95332,0.011988,0.0,100.0,10306.941332,140.0,390245.7685574982,0.0,253185.52088709036,643431.2894445886,390494.828069131,0.0,254308.52987792,644803.3579470511
641,10405.55198,0.003298,0.0,80.0,10325.548682,60.0,390245.7685574982,0.0,253185.52088709036,643431.2894445886,390494.828069131,0.0,254308.52987792,644803.3579470511
642,10404.26745,0.000484,0.0,0.0,10404.266966,60.0,390245.7685574982,0.0,253185.52088709036,643431.2894445886,390494.828069131,0.0,254308.52987792,644803.3579470511
643,10403.0663,0.0,0.0,0.0,10403.0663,60.0,390245.7685574982,0.0,253185.52088709036,643431.2894445886,390494.828069131,0.0,254308.52987792,644803.3579470511
644,10401.86515,0.0,0.0,0.0,10401.86515,60.0,390245.7685574982,0.0,253185.52088709036,643431.2894445886,390494.828069131,0.0,254308.52987792,644803.3579470511
645,10400.664,0.0,0.0,0.0,10400.664,60.0,390245.7685574982,0.0,253185.52088709036,643431.2894445886,390494.828069131,0.0,254308.52987792,644803.3579470511
646,10399.46284,0.0,0.0,0.0,10399.46284,60.0,390245.7685574982,0.0,253185.52088709036,643431.2894445886,390494.828069131,0.0,254308.52987792,644803.3579470511
647,10398.08906,0.0,0.0,0.0,10398.08906,60.0,390245.7685574982,0.0,253185.52088709036,643431.2894445886,390494.828069131,0.0,254308.52987792,644803.3579470511
648,10396.48752,0.0,0.0,0.0,10396.48752,60.0,390245.7685574982,0.0,253185.52088709036,643431.2894445886,390494.828069131,0.0,254308.52987792,644803.3579470511
649,10394.88598,0.0,0.0,0.0,10394.88598,60.0,390245.7685574982,0.0,253185.52088709036,643431.2894445886,390494.828069131,0.0,254308.52987792,644803.3579470511
650,10393.28445,0.0,0.0,0.0,10393.28445,60.0,390245.7685574982,0.0,253185.52088709036,643431.2894445886,390494.828069131,0.0,254308.52987792,644803.3579470511
651,10391.68291,0.0,0.0,0.0,10391.68291,60.0,390245.7685574982,0.0,253185.52088709036,643431.2894445886,390494.828069131,0.0,254308.52987792,644803.3579470511
652,10390.08137,0.0,0.0,0.0,10390.08137,60.0,390245.7685574982,0.0,253185.52088709036,643431.2894445886,390494.828069131,0.0,254308.52987792,644803.3579470511
653,10388.47984,0.00035,0.0,0.0,10388.47949,60.0,390245.7685574982,0.0,253185.52088709036,643431.2894445886,390494.828069131,0.0,254308.52987792,644803.3579470511
654,10386.8783,0.002703,0.0,0.0,10386.875597,60.0,390245.7685574982,0.0,253185.52088709036,643431.2894445886,390494.828069131,0.0,254308.52987792,644803.3579470511
655,10385.27676,0.006201,45.4545454545455,0.0,10430.725104454546,100.0,390245.7685574982,0.0,253185.52088709036,643431.2894445886,390494.828069131,0.0,254308.52987792,644803.3579470511
656,10383.67523,0.012871,100.0,0.0,10483.662359,188.0,390245.7685574982,0.0,253185.52088709036,643431.2894445886,390494.828069131,0.0,254308.52987792,644803.3579470511
657,10382.04837,0.022992000000000002,100.0,0.0,10482.025378,276.0,390245.7685574982,0.0,253185.52088709036,643431.2894445886,390494.828069131,0.0,254308.52987792,644803.3579470511
658,10380.24664,0.025877,100.0,0.0,10480.220763,364.0,390245.7685574982,0.0,253185.52088709036,643431.2894445886,390494.828069131,0.0,254308.52987792,644803.3579470511
659,10378.44492,0.021384,100.0,0.0,10478.423536,452.0,390245.7685574982,0.0,253185.52088709036,643431.2894445886,390494.828069131,0.0,254308.52987792,644803.3579470511
660,10376.64319,0.0234,100.0,0.0,10476.61979,540.0,390245.7685574982,0.0,253185.52088709036,643431.2894445886,390494.828069131,0.0,254308.52987792,644803.3579470511
661,10374.84146,0.019029,0.0,100.0,10274.822431,440.0,390245.7685574982,0.0,253185.52088709036,643431.2894445886,390494.828069131,0.0,254308.52987792,644803.3579470511
662,10373.03973,0.02091,0.0,100.0,10273.018820000001,340.0,390245.7685574982,0.0,253185.52088709036,643431.2894445886,390494.828069131,0.0,254308.52987792,644803.3579470511
663,10371.62802,0.020314000000000002,0.0,100.0,10271.607706,240.0,390245.7685574982,0.0,253185.52088709036,643431.2894445886,390494.828069131,0.0,254308.52987792,644803.3579470511
664,10370.22668,0.012253,0.0,100.0,10270.214426999999,140.0,390245.7685574982,0.0,253185.52088709036,643431.2894445886,390494.828069131,0.0,254308.52987792,644803.3579470511
665,10368.82534,0.004234,0.0,80.0,10288.821106,60.0,390245.7685574982,0.0,253185.52088709036,643431.2894445886,390494.828069131,0.0,254308.52987792,644803.3579470511
666,10367.42399,0.0005610000000000001,0.0,0.0,10367.423428999999,60.0,390245.7685574982,0.0,253185.52088709036,643431.2894445886,390494.828069131,0.0,254308.52987792,644803.3579470511
667,10366.02265,0.0,0.0,0.0,10366.02265,60.0,390245.7685574982,0.0,253185.52088709036,643431.2894445886,390494.828069131,0.0,254308.52987792,644803.3579470511
668,10364.6213,0.0,0.0,0.0,10364.6213,60.0,390245.7685574982,0.0,253185.52088709036,643431.2894445886,390494.828069131,0.0,254308.52987792,644803.3579470511
669,10363.21996,0.0,0.0,0.0,10363.21996,60.0,390245.7685574982,0.0,253185.52088709036,643431.2894445886,390494.828069131,0.0,254308.52987792,644803.3579470511
670,10361.81861,0.0,0.0,0.0,10361.81861,60.0,390245.7685574982,0.0,253185.52088709036,643431.2894445886,390494.828069131,0.0,254308.52987792,644803.3579470511
671,10360.41727,0.0,0.0,0.0,10360.41727,60.0,390245.7685574982,0.0,253185.52088709036,643431.2894445886,390494.828069131,0.0,254308.52987792,644803.3579470511
672,10359.01593,0.0,0.0,0.0,10359.01593,60.0,390245.7685574982,0.0,253185.52088709036,643431.2894445886,390494.828069131,0.0,254308.52987792,644803.3579470511
673,10353.72826,0.0,0.0,0.0,10353.72826,60.0,390245.7685574982,0.0,253185.52088709036,643431.2894445886,390494.828069131,0.0,254308.52987792,644803.3579470511
674,10346.52135,0.0,0.0,0.0,10346.52135,60.0,390245.7685574982,0.0,253185.52088709036,643431.2894445886,390494.828069131,0.0,254308.52987792,644803.3579470511
675,10339.31444,0.0,0.0,0.0,10339.31444,60.0,390245.7685574982,0.0,253185.52088709036,643431.2894445886,390494.828069131,0.0,254308.52987792,644803.3579470511
676,10332.10752,0.0,0.0,0.0,10332.10752,60.0,390245.7685574982,0.0,253185.52088709036,643431.2894445886,390494.828069131,0.0,254308.52987792,644803.3579470511
677,10324.90061,0.00019,0.0,0.0,10324.90042,60.0,390245.7685574982,0.0,253185.52088709036,643431.2894445886,390494.828069131,0.0,254308.52987792,644803.3579470511
678,10316.34805,0.00264,0.0,0.0,10316.34541,60.0,390245.7685574982,0.0,253185.52088709036,643431.2894445886,390494.828069131,0.0,254308.52987792,644803.3579470511
679,10306.53864,0.009782,45.4545454545455,0.0,10351.983403454547,100.0,390245.7685574982,0.0,253185.52088709036,643431.2894445886,390494.828069131,0.0,254308.52987792,644803.3579470511
680,10296.72923,0.01341,100.0,0.0,10396.715820000001,188.0,390245.7685574982,0.0,253185.52088709036,643431.2894445886,390494.828069131,0.0,254308.52987792,644803.3579470511
681,10286.91982,0.014661,100.0,0.0,10386.905159,276.0,390245.7685574982,0.0,253185.52088709036,643431.2894445886,390494.828069131,0.0,254308.52987792,644803.3579470511
682,10277.11041,0.025758,100.0,0.0,10377.084652,364.0,390245.7685574982,0.0,253185.52088709036,643431.2894445886,390494.828069131,0.0,254308.52987792,644803.3579470511
683,10267.44702,0.030747,100.0,0.0,10367.416272999999,452.0,390245.7685574982,0.0,253185.52088709036,643431.2894445886,390494.828069131,0.0,254308.52987792,644803.3579470511
684,10258.038,0.022237,100.0,0.0,10358.015763000001,540.0,390245.7685574982,0.0,253185.52088709036,643431.2894445886,390494.828069131,0.0,254308.52987792,644803.3579470511
685,10248.62897,0.026416000000000002,0.0,100.0,10148.602554,440.0,390245.7685574982,0.0,253185.52088709036,643431.2894445886,390494.828069131,0.0,254308.52987792,644803.3579470511
686,10239.21995,0.01614,0.0,100.0,10139.20381,340.0,390245.7685574982,0.0,253185.52088709036,643431.2894445886,390494.828069131,0.0,254308.52987792,644803.3579470511
687,10229.81092,0.019875,0.0,100.0,10129.791045,240.0,390245.7685574982,0.0,253185.52088709036,643431.2894445886,390494.828069131,0.0,254308.52987792,644803.3579470511
688,10220.52943,0.0105,0.0,100.0,10120.51893,140.0,390245.7685574982,0.0,253185.52088709036,643431.2894445886,390494.828069131,0.0,254308.52987792,644803.3579470511
689,10211.72098,0.0025550000000000004,0.0,80.0,10131.718425000001,60.0,390245.7685574982,0.0,253185.52088709036,643431.2894445886,390494.828069131,0.0,254308.52987792,644803.3579470511
690,10202.91253,0.000213,0.0,0.0,10202.912317,60.0,390245.7685574982,0.0,253185.52088709036,643431.2894445886,390494.828069131,0.0,254308.52987792,644803.3579470511
691,10194.10408,0.0,0.0,0.0,10194.10408,60.0,390245.7685574982,0.0,253185.52088709036,643431.2894445886,390494.828069131,0.0,254308.52987792,644803.3579470511
692,10185.29563,0.0,0.0,0.0,10185.29563,60.0,390245.7685574982,0.0,253185.52088709036,643431.2894445886,390494.828069131,0.0,254308.52987792,644803.3579470511
693,10176.52321,0.0,0.0,0.0,10176.52321,60.0,390245.7685574982,0.0,253185.52088709036,643431.2894445886,390494.828069131,0.0,254308.52987792,644803.3579470511
694,10168.31534,0.0,0.0,0.0,10168.31534,60.0,390245.7685574982,0.0,253185.52088709036,643431.2894445886,390494.828069131,0.0,254308.52987792,644803.3579470511
695,10160.10747,0.0,0.0,0.0,10160.10747,60.0,390245.7685574982,0.0,253185.52088709036,643431.2894445886,390494.828069131,0.0,254308.52987792,644803.3579470511
696,10151.89959,0.0,0.0,0.0,10151.89959,60.0,390245.7685574982,0.0,253185.52088709036,643431.2894445886,390494.828069131,0.0,254308.52987792,644803.3579470511
697,10143.69172,0.0,0.0,0.0,10143.69172,60.0,390245.7685574982,0.0,253185.52088709036,643431.2894445886,390494.828069131,0.0,254308.52987792,644803.3579470511
698,10135.48384,0.0,0.0,0.0,10135.48384,60.0,390245.7685574982,0.0,253185.52088709036,643431.2894445886,390494.828069131,0.0,254308.52987792,644803.3579470511
699,10133.27219,0.0,0.0,0.0,10133.27219,60.0,390245.7685574982,0.0,253185.52088709036,643431.2894445886,390494.828069131,0.0,254308.52987792,644803.3579470511
700,10131.67066,0.0,0.0,0.0,10131.67066,60.0,390245.7685574982,0.0,253185.52088709036,643431.2894445886,390494.828069131,0.0,254308.52987792,644803.3579470511
701,10130.06912,0.000154,0.0,0.0,10130.068966,60.0,390245.7685574982,0.0,253185.52088709036,643431.2894445886,390494.828069131,0.0,254308.52987792,644803.3579470511
702,10128.46758,0.002609,0.0,0.0,10128.464971000001,60.0,390245.7685574982,0.0,253185.52088709036,643431.2894445886,390494.828069131,0.0,254308.52987792,644803.3579470511
703,10126.86605,0.010761,45.4545454545455,0.0,10172.309834454547,100.0,390245.7685574982,0.0,253185.52088709036,643431.2894445886,390494.828069131,0.0,254308.52987792,644803.3579470511
704,10125.26451,0.019963,100.0,0.0,10225.244547,188.0,390245.7685574982,0.0,253185.52088709036,643431.2894445886,390494.828069131,0.0,254308.52987792,644803.3579470511
705,10123.66297,0.022940000000000002,100.0,0.0,10223.640029999999,276.0,390245.7685574982,0.0,253185.52088709036,643431.2894445886,390494.828069131,0.0,254308.52987792,644803.3579470511
706,10122.06144,0.033354999999999996,100.0,0.0,10222.028085,364.0,390245.7685574982,0.0,253185.52088709036,643431.2894445886,390494.828069131,0.0,254308.52987792,644803.3579470511
707,10120.4599,0.037177999999999996,100.0,0.0,10220.422722,452.0,390245.7685574982,0.0,253185.52088709036,643431.2894445886,390494.828069131,0.0,254308.52987792,644803.3579470511
708,10118.85837,0.037221,100.0,0.0,10218.821149,540.0,390245.7685574982,0.0,253185.52088709036,643431.2894445886,390494.828069131,0.0,254308.52987792,644803.3579470511
709,10117.13612,0.034336,0.0,100.0,10017.101783999999,440.0,390245.7685574982,0.0,253185.52088709036,643431.2894445886,390494.828069131,0.0,254308.52987792,644803.3579470511
710,10115.3344,0.030791000000000002,0.0,100.0,10015.303609,340.0,390245.7685574982,0.0,253185.52088709036,643431.2894445886,390494.828069131,0.0,254308.52987792,644803.3579470511
711,10113.53267,0.023352,0.0,100.0,10013.509318,240.0,390245.7685574982,0.0,253185.52088709036,643431.2894445886,390494.828069131,0.0,254308.52987792,644803.3579470511
712,10111.73094,0.014221000000000001,0.0,100.0,10011.716719,140.0,390245.7685574982,0.0,253185.52088709036,643431.2894445886,390494.828069131,0.0,254308.52987792,644803.3579470511
713,10109.92921,0.003657,0.0,80.0,10029.925553000001,60.0,390245.7685574982,0.0,253185.52088709036,643431.2894445886,390494.828069131,0.0,254308.52987792,644803.3579470511
714,10107.94707,0.00027800000000000004,0.0,0.0,10107.946792,60.0,390245.7685574982,0.0,253185.52088709036,643431.2894445886,390494.828069131,0.0,254308.52987792,644803.3579470511
715,10105.74496,0.0,0.0,0.0,10105.74496,60.0,390245.7685574982,0.0,253185.52088709036,643431.2894445886,390494.828069131,0.0,254308.52987792,644803.3579470511
716,10103.54285,0.0,0.0,0.0,10103.54285,60.0,390245.7685574982,0.0,253185.52088709036,643431.2894445886,390494.828069131,0.0,254308.52987792,644803.3579470511
717,10101.34074,0.0,0.0,0.0,10101.34074,60.0,390245.7685574982,0.0,253185.52088709036,643431.2894445886,390494.828069131,0.0,254308.52987792,644803.3579470511
718,10099.13862,0.0,0.0,0.0,10099.13862,60.0,390245.7685574982,0.0,253185.52088709036,643431.2894445886,390494.828069131,0.0,254308.52987792,644803.3579470511
719,10097.11563,0.0,0.0,0.0,10097.11563,60.0,390245.7685574982,0.0,253185.52088709036,643431.2894445886,390494.828069131,0.0,254308.52987792,644803.3579470511
720,10095.51409,0.0,0.0,0.0,10095.51409,60.0,390245.7685574982,0.0,253185.52088709036,643431.2894445886,390494.828069131,0.0,254308.52987792,644803.3579470511
721,10093.91255,0.0,0.0,0.0,10093.91255,60.0,390245.7685574982,0.0,253185.52088709036,643431.2894445886,390494.828069131,0.0,254308.52987792,644803.3579470511
722,10092.31102,0.0,0.0,0.0,10092.31102,60.0,390245.7685574982,0.0,253185.52088709036,643431.2894445886,390494.828069131,0.0,254308.52987792,644803.3579470511
723,10090.70948,0.0,0.0,0.0,10090.70948,60.0,390245.7685574982,0.0,253185.52088709036,643431.2894445886,390494.828069131,0.0,254308.52987792,644803.3579470511
724,10089.04953,0.0,0.0,0.0,10089.04953,60.0,390245.7685574982,0.0,253185.52088709036,643431.2894445886,390494.828069131,0.0,254308.52987792,644803.3579470511
725,10087.04761,0.00011300000000000001,0.0,0.0,10087.047497,60.0,390245.7685574982,0.0,253185.52088709036,643431.2894445886,390494.828069131,0.0,254308.52987792,644803.3579470511
726,10085.04569,0.002306,0.0,0.0,10085.043384,60.0,390245.7685574982,0.0,253185.52088709036,643431.2894445886,390494.828069131,0.0,254308.52987792,644803.3579470511
727,10083.04377,0.011737000000000001,0.0,0.0,10083.032033,60.0,390245.7685574982,0.0,253185.52088709036,643431.2894445886,390494.828069131,0.0,254308.52987792,644803.3579470511
728,10081.04185,0.022254000000000003,0.0,0.0,10081.019596,60.0,390245.7685574982,0.0,253185.52088709036,643431.2894445886,390494.828069131,0.0,254308.52987792,644803.3579470511
729,10079.03993,0.029603,0.0,0.0,10079.010327,60.0,390245.7685574982,0.0,253185.52088709036,643431.2894445886,390494.828069131,0.0,254308.52987792,644803.3579470511
730,10076.83912,0.033763,0.0,0.0,10076.805357000001,60.0,390245.7685574982,0.0,253185.52088709036,643431.2894445886,390494.828069131,0.0,254308.52987792,644803.3579470511
731,10074.637,0.03469,0.0,0.0,10074.60231,60.0,390245.7685574982,0.0,253185.52088709036,643431.2894445886,390494.828069131,0.0,254308.52987792,644803.3579470511
732,10072.43489,0.035124,0.0,0.0,10072.399766,60.0,390245.7685574982,0.0,253185.52088709036,643431.2894445886,390494.828069131,0.0,254308.52987792,644803.3579470511
733,10070.23278,0.029634,0.0,0.0,10070.203146,60.0,390245.7685574982,0.0,253185.52088709036,643431.2894445886,390494.828069131,0.0,254308.52987792,644803.3579470511
734,10068.03067,0.024915,0.0,0.0,10068.005755,60.0,390245.7685574982,0.0,253185.52088709036,643431.2894445886,390494.828069131,0.0,254308.52987792,644803.3579470511
735,10056.39833,0.0207,0.0,0.0,10056.37763,60.0,390245.7685574982,0.0,253185.52088709036,643431.2894445886,390494.828069131,0.0,254308.52987792,644803.3579470511
736,10042.98546,0.010844,0.0,0.0,10042.974616,60.0,390245.7685574982,0.0,253185.52088709036,643431.2894445886,390494.828069131,0.0,254308.52987792,644803.3579470511
737,10029.5726,0.004116,0.0,0.0,10029.568484,60.0,390245.7685574982,0.0,253185.52088709036,643431.2894445886,390494.828069131,0.0,254308.52987792,644803.3579470511
738,10016.15973,0.000519,0.0,0.0,10016.159211,60.0,390245.7685574982,0.0,253185.52088709036,643431.2894445886,390494.828069131,0.0,254308.52987792,644803.3579470511
739,10002.74686,0.0,0.0,0.0,10002.74686,60.0,390245.7685574982,0.0,253185.52088709036,643431.2894445886,390494.828069131,0.0,254308.52987792,644803.3579470511
740,9993.884596,0.0,0.0,0.0,9993.884596,60.0,390245.7685574982,0.0,253185.52088709036,643431.2894445886,390494.828069131,0.0,254308.52987792,644803.3579470511
741,9987.078066,0.0,100.0,0.0,10087.078066,148.0,390245.7685574982,0.0,253185.52088709036,643431.2894445886,390494.828069131,0.0,254308.52987792,644803.3579470511
742,9980.271537,0.0,100.0,0.0,10080.271537,236.0,390245.7685574982,0.0,253185.52088709036,643431.2894445886,390494.828069131,0.0,254308.52987792,644803.3579470511
743,9973.465007,0.0,72.7272727272727,0.0,10046.192279727273,300.0,390245.7685574982,0.0,253185.52088709036,643431.2894445886,390494.828069131,0.0,254308.52987792,644803.3579470511
