time,Pload,Ppv,Pcharge,Pdischarge,Ptotal,state of charge,energy_charge_with_es,nem_charge_with_es,demand_charge_with_es,total_bill_with_es,energy_charge_without_es,nem_charge_without_es,demand_charge_without_es,total_bill_without_es
0,9505.581224,0.0,992.665848830304,0.0,10498.247072830303,2873.54594697067,335176.73484680103,0.0,179945.78826714493,515122.52311394596,335819.605181817,0.0,184134.85049733997,519954.455679157
1,9504.380072,0.0,825.515969351514,0.0,10329.896041351514,3600.0,335176.73484680103,0.0,179945.78826714493,515122.52311394596,335819.605181817,0.0,184134.85049733997,519954.455679157
2,9503.17892,0.0,0.0,0.0,9503.17892,3600.0,335176.73484680103,0.0,179945.78826714493,515122.52311394596,335819.605181817,0.0,184134.85049733997,519954.455679157
3,9501.977768,0.0,0.0,0.0,9501.977768,3600.0,335176.73484680103,0.0,179945.78826714493,515122.52311394596,335819.605181817,0.0,184134.85049733997,519954.455679157
4,9500.776615,0.0,0.0,0.0,9500.776615,3600.0,335176.73484680103,0.0,179945.78826714493,515122.52311394596,335819.605181817,0.0,184134.85049733997,519954.455679157
5,9499.575463,0.0,0.0,0.0,9499.575463,3600.0,335176.73484680103,0.0,179945.78826714493,515122.52311394596,335819.605181817,0.0,184134.85049733997,519954.455679157
6,9498.374311,0.000578,0.0,20.1091953333344,9478.264537666666,3579.89080466667,335176.73484680103,0.0,179945.78826714493,515122.52311394596,335819.605181817,0.0,184134.85049733997,519954.455679157
7,9496.792558,0.006978,0.0,166.201587333331,9330.583992666669,3413.68921733333,335176.73484680103,0.0,179945.78826714493,515122.52311394596,335819.605181817,0.0,184134.85049733997,519954.455679157
8,9495.191022,0.011757,0.0,1000.0,8495.179265,2413.68921733333,335176.73484680103,0.0,179945.78826714493,515122.52311394596,335819.605181817,0.0,184134.85049733997,519954.455679157
9,9493.589486,0.021525,0.0,1000.0,8493.567961,1413.68921733333,335176.73484680103,0.0,179945.78826714493,515122.52311394596,335819.605181817,0.0,184134.85049733997,519954.455679157
10,9491.987949,0.034194,0.0,13.6892173333345,9478.264537666666,1400.0,335176.73484680103,0.0,179945.78826714493,515122.52311394596,335819.605181817,0.0,184134.85049733997,519954.455679157
11,9490.386413,0.021471,0.0,1000.0,8490.364942,400.0,335176.73484680103,0.0,179945.78826714493,515122.52311394596,335819.605181817,0.0,184134.85049733997,519954.455679157
12,9489.104477,0.015049,1000.0,0.0,10489.089428000001,1280.0,335176.73484680103,0.0,179945.78826714493,515122.52311394596,335819.605181817,0.0,184134.85049733997,519954.455679157
13,9487.903325,0.013417,1000.0,0.0,10487.889908,2160.0,335176.73484680103,0.0,179945.78826714493,515122.52311394596,335819.605181817,0.0,184134.85049733997,519954.455679157
14,9486.702173,0.011845000000000001,636.363636363636,0.0,10123.053964363635,2720.0,335176.73484680103,0.0,179945.78826714493,515122.52311394596,335819.605181817,0.0,184134.85049733997,519954.455679157
15,9485.50102,0.00451,0.0,0.0,9485.496509999999,2720.0,335176.73484680103,0.0,179945.78826714493,515122.52311394596,335819.605181817,0.0,184134.85049733997,519954.455679157
16,9484.299868,0.011351000000000002,1000.0,0.0,10484.288517,3600.0,335176.73484680103,0.0,179945.78826714493,515122.52311394596,335819.605181817,0.0,184134.85049733997,519954.455679157
17,9482.969415,0.003017,0.0,1000.0,8482.966397999999,2600.0,335176.73484680103,0.0,179945.78826714493,515122.52311394596,335819.605181817,0.0,184134.85049733997,519954.455679157
18,9481.568071,0.0,0.0,1000.0,8481.568071,1600.0,335176.73484680103,0.0,179945.78826714493,515122.52311394596,335819.605181817,0.0,184134.85049733997,519954.455679157
19,9480.166727,0.0,0.0,1000.0,8480.166727,600.0,335176.73484680103,0.0,179945.78826714493,515122.52311394596,335819.605181817,0.0,184134.85049733997,519954.455679157
20,9478.765382,0.0,0.0,200.0,9278.765382,400.0,335176.73484680103,0.0,179945.78826714493,515122.52311394596,335819.605181817,0.0,184134.85049733997,519954.455679157
21,9477.364038,0.0,0.0,0.0,9477.364038,400.0,335176.73484680103,0.0,179945.78826714493,515122.52311394596,335819.605181817,0.0,184134.85049733997,519954.455679157
22,9476.160295,0.0,0.0,0.0,9476.160295,400.0,335176.73484680103,0.0,179945.78826714493,515122.52311394596,335819.605181817,0.0,184134.85049733997,519954.455679157
23,9475.159335,0.0,0.0,0.0,9475.159335,400.0,335176.73484680103,0.0,179945.78826714493,515122.52311394596,335819.605181817,0.0,184134.85049733997,519954.455679157
24,9474.158375,0.0,0.0,0.0,9474.158375,400.0,335176.73484680103,0.0,179945.78826714493,515122.52311394596,335819.605181817,0.0,184134.85049733997,519954.455679157
25,9473.157414,0.0,0.0,0.0,9473.157414,400.0,335176.73484680103,0.0,179945.78826714493,515122.52311394596,335819.605181817,0.0,184134.85049733997,519954.455679157
26,9472.156454,0.0,0.0,0.0,9472.156454,400.0,335176.73484680103,0.0,179945.78826714493,515122.52311394596,335819.605181817,0.0,184134.85049733997,519954.455679157
27,9471.292096,0.0,0.0,0.0,9471.292096,400.0,335176.73484680103,0.0,179945.78826714493,515122.52311394596,335819.605181817,0.0,184134.85049733997,519954.455679157
28,9470.691519,0.0,0.0,0.0,9470.691519,400.0,335176.73484680103,0.0,179945.78826714493,515122.52311394596,335819.605181817,0.0,184134.85049733997,519954.455679157
29,9470.090943,0.0,0.0,0.0,9470.090943,400.0,335176.73484680103,0.0,179945.78826714493,515122.52311394596,335819.605181817,0.0,184134.85049733997,519954.455679157
30,9469.490367,4.4999999999999996e-05,0.0,0.0,9469.490322,400.0,335176.73484680103,0.0,179945.78826714493,515122.52311394596,335819.605181817,0.0,184134.85049733997,519954.455679157
31,9468.889791,0.002989,0.0,0.0,9468.886801999999,400.0,335176.73484680103,0.0,179945.78826714493,515122.52311394596,335819.605181817,0.0,184134.85049733997,519954.455679157
32,9468.10021,0.020582,0.0,0.0,9468.079628000001,400.0,335176.73484680103,0.0,179945.78826714493,515122.52311394596,335819.605181817,0.0,184134.85049733997,519954.455679157
33,9466.498674,0.024165,0.0,0.0,9466.474509,400.0,335176.73484680103,0.0,179945.78826714493,515122.52311394596,335819.605181817,0.0,184134.85049733997,519954.455679157
34,9464.897137,0.020451,0.0,0.0,9464.876686,400.0,335176.73484680103,0.0,179945.78826714493,515122.52311394596,335819.605181817,0.0,184134.85049733997,519954.455679157
35,9463.295601,0.030295000000000002,0.0,0.0,9463.265306,400.0,335176.73484680103,0.0,179945.78826714493,515122.52311394596,335819.605181817,0.0,184134.85049733997,519954.455679157
36,9461.694065,0.02538,0.0,0.0,9461.668685,400.0,335176.73484680103,0.0,179945.78826714493,515122.52311394596,335819.605181817,0.0,184134.85049733997,519954.455679157
37,9460.150937,0.004573000000000001,0.0,0.0,9460.146364,400.0,335176.73484680103,0.0,179945.78826714493,515122.52311394596,335819.605181817,0.0,184134.85049733997,519954.455679157
38,9460.150937,0.009347,0.0,0.0,9460.141590000001,400.0,335176.73484680103,0.0,179945.78826714493,515122.52311394596,335819.605181817,0.0,184134.85049733997,519954.455679157
39,9460.150937,0.011755000000000002,0.0,0.0,9460.139182,400.0,335176.73484680103,0.0,179945.78826714493,515122.52311394596,335819.605181817,0.0,184134.85049733997,519954.455679157
40,9460.150937,0.002949,0.0,0.0,9460.147988,400.0,335176.73484680103,0.0,179945.78826714493,515122.52311394596,335819.605181817,0.0,184134.85049733997,519954.455679157
41,9460.150937,0.0033940000000000003,0.0,0.0,9460.147543000001,400.0,335176.73484680103,0.0,179945.78826714493,515122.52311394596,335819.605181817,0.0,184134.85049733997,519954.455679157
42,9460.150937,0.0,0.0,0.0,9460.150937,400.0,335176.73484680103,0.0,179945.78826714493,515122.52311394596,335819.605181817,0.0,184134.85049733997,519954.455679157
43,9463.336817,0.0,0.0,0.0,9463.336817,400.0,335176.73484680103,0.0,179945.78826714493,515122.52311394596,335819.605181817,0.0,184134.85049733997,519954.455679157
44,9466.940274,0.0,0.0,0.0,9466.940274,400.0,335176.73484680103,0.0,179945.78826714493,515122.52311394596,335819.605181817,0.0,184134.85049733997,519954.455679157
45,9470.543731,0.0,0.0,0.0,9470.543731,400.0,335176.73484680103,0.0,179945.78826714493,515122.52311394596,335819.605181817,0.0,184134.85049733997,519954.455679157
46,9474.147187,0.0,0.0,0.0,9474.147187,400.0,335176.73484680103,0.0,179945.78826714493,515122.52311394596,335819.605181817,0.0,184134.85049733997,519954.455679157
47,9477.750644,0.0,0.0,0.0,9477.750644,400.0,335176.73484680103,0.0,179945.78826714493,515122.52311394596,335819.605181817,0.0,184134.85049733997,519954.455679157
48,9481.061114,0.0,0.0,0.0,9481.061114,400.0,335176.73484680103,0.0,179945.78826714493,515122.52311394596,335819.605181817,0.0,184134.85049733997,519954.455679157
49,9484.264187,0.0,0.0,0.0,9484.264187,400.0,335176.73484680103,0.0,179945.78826714493,515122.52311394596,335819.605181817,0.0,184134.85049733997,519954.455679157
50,9487.46726,0.0,0.0,0.0,9487.46726,400.0,335176.73484680103,0.0,179945.78826714493,515122.52311394596,335819.605181817,0.0,184134.85049733997,519954.455679157
51,9490.670332,0.0,0.0,0.0,9490.670332,400.0,335176.73484680103,0.0,179945.78826714493,515122.52311394596,335819.605181817,0.0,184134.85049733997,519954.455679157
52,9493.873405,0.0,0.0,0.0,9493.873405,400.0,335176.73484680103,0.0,179945.78826714493,515122.52311394596,335819.605181817,0.0,184134.85049733997,519954.455679157
53,9495.336573,0.0,0.0,0.0,9495.336573,400.0,335176.73484680103,0.0,179945.78826714493,515122.52311394596,335819.605181817,0.0,184134.85049733997,519954.455679157
54,9495.536765,4.7000000000000004e-05,0.0,0.0,9495.536718000001,400.0,335176.73484680103,0.0,179945.78826714493,515122.52311394596,335819.605181817,0.0,184134.85049733997,519954.455679157
55,9495.736957,0.0012,0.0,0.0,9495.735756999999,400.0,335176.73484680103,0.0,179945.78826714493,515122.52311394596,335819.605181817,0.0,184134.85049733997,519954.455679157
56,9495.937149,0.0059429999999999995,0.0,0.0,9495.931206,400.0,335176.73484680103,0.0,179945.78826714493,515122.52311394596,335819.605181817,0.0,184134.85049733997,519954.455679157
57,9496.137341,0.013970000000000002,0.0,0.0,9496.123371,400.0,335176.73484680103,0.0,179945.78826714493,515122.52311394596,335819.605181817,0.0,184134.85049733997,519954.455679157
58,9496.337533,0.010072,0.0,0.0,9496.327461,400.0,335176.73484680103,0.0,179945.78826714493,515122.52311394596,335819.605181817,0.0,184134.85049733997,519954.455679157
59,9496.537726,0.01211,0.0,0.0,9496.525616,400.0,335176.73484680103,0.0,179945.78826714493,515122.52311394596,335819.605181817,0.0,184134.85049733997,519954.455679157
60,9496.737918,0.019439,0.0,0.0,9496.718479000001,400.0,335176.73484680103,0.0,179945.78826714493,515122.52311394596,335819.605181817,0.0,184134.85049733997,519954.455679157
61,9496.93811,0.022935,0.0,0.0,9496.915174999998,400.0,335176.73484680103,0.0,179945.78826714493,515122.52311394596,335819.605181817,0.0,184134.85049733997,519954.455679157
62,9497.138302,0.020589,0.0,0.0,9497.117713,400.0,335176.73484680103,0.0,179945.78826714493,515122.52311394596,335819.605181817,0.0,184134.85049733997,519954.455679157
63,9497.2835,0.013726,0.0,0.0,9497.269774,400.0,335176.73484680103,0.0,179945.78826714493,515122.52311394596,335819.605181817,0.0,184134.85049733997,519954.455679157
64,9497.2835,0.006091,0.0,0.0,9497.277409,400.0,335176.73484680103,0.0,179945.78826714493,515122.52311394596,335819.605181817,0.0,184134.85049733997,519954.455679157
65,9497.2835,0.002306,0.0,0.0,9497.281194,400.0,335176.73484680103,0.0,179945.78826714493,515122.52311394596,335819.605181817,0.0,184134.85049733997,519954.455679157
66,9497.2835,0.0,0.0,0.0,9497.2835,400.0,335176.73484680103,0.0,179945.78826714493,515122.52311394596,335819.605181817,0.0,184134.85049733997,519954.455679157
67,9497.2835,0.0,0.0,0.0,9497.2835,400.0,335176.73484680103,0.0,179945.78826714493,515122.52311394596,335819.605181817,0.0,184134.85049733997,519954.455679157
68,9497.307994,0.0,0.0,0.0,9497.307994,400.0,335176.73484680103,0.0,179945.78826714493,515122.52311394596,335819.605181817,0.0,184134.85049733997,519954.455679157
69,9497.508186,0.0,0.0,0.0,9497.508186,400.0,335176.73484680103,0.0,179945.78826714493,515122.52311394596,335819.605181817,0.0,184134.85049733997,519954.455679157
70,9497.708378,0.0,0.0,0.0,9497.708378,400.0,335176.73484680103,0.0,179945.78826714493,515122.52311394596,335819.605181817,0.0,184134.85049733997,519954.455679157
71,9497.90857,0.0,1000.0,0.0,10497.90857,1280.0,335176.73484680103,0.0,179945.78826714493,515122.52311394596,335819.605181817,0.0,184134.85049733997,519954.455679157
72,9498.108762,0.0,1000.0,0.0,10498.108762,2160.0,335176.73484680103,0.0,179945.78826714493,515122.52311394596,335819.605181817,0.0,184134.85049733997,519954.455679157
73,9498.308954,0.0,637.226285533332,0.0,10135.535239533332,2720.75913126933,335176.73484680103,0.0,179945.78826714493,515122.52311394596,335819.605181817,0.0,184134.85049733997,519954.455679157
74,9498.509146,0.0,0.0,0.0,9498.509146,2720.75913126933,335176.73484680103,0.0,179945.78826714493,515122.52311394596,335819.605181817,0.0,184134.85049733997,519954.455679157
75,9498.709338,0.0,0.0,0.0,9498.709338,2720.75913126933,335176.73484680103,0.0,179945.78826714493,515122.52311394596,335819.605181817,0.0,184134.85049733997,519954.455679157
76,9498.90953,0.0,0.0,0.0,9498.90953,2720.75913126933,335176.73484680103,0.0,179945.78826714493,515122.52311394596,335819.605181817,0.0,184134.85049733997,519954.455679157
77,9499.109722,0.0,999.137350830304,0.0,10498.247072830303,3600.0,335176.73484680103,0.0,179945.78826714493,515122.52311394596,335819.605181817,0.0,184134.85049733997,519954.455679157
78,9499.309914,0.00046600000000000005,0.0,21.044910333334,9478.264537666666,3578.95508966667,335176.73484680103,0.0,179945.78826714493,515122.52311394596,335819.605181817,0.0,184134.85049733997,519954.455679157
79,9499.510106,0.011081,0.0,1000.0,8499.499025,2578.95508966667,335176.73484680103,0.0,179945.78826714493,515122.52311394596,335819.605181817,0.0,184134.85049733997,519954.455679157
80,9499.710298,0.024396,0.0,21.4213643333333,9478.264537666666,2557.53372533333,335176.73484680103,0.0,179945.78826714493,515122.52311394596,335819.605181817,0.0,184134.85049733997,519954.455679157
81,9499.91049,0.034943,0.0,1000.0,8499.875547,1557.53372533333,335176.73484680103,0.0,179945.78826714493,515122.52311394596,335819.605181817,0.0,184134.85049733997,519954.455679157
82,9500.110682,0.039902,0.0,157.533725333333,9342.537054666667,1400.0,335176.73484680103,0.0,179945.78826714493,515122.52311394596,335819.605181817,0.0,184134.85049733997,519954.455679157
83,9500.310875,0.041667,0.0,1000.0,8500.269208,400.0,335176.73484680103,0.0,179945.78826714493,515122.52311394596,335819.605181817,0.0,184134.85049733997,519954.455679157
84,9502.109306,0.041667,996.179433830303,0.0,10498.247072830303,1276.63790177067,335176.73484680103,0.0,179945.78826714493,515122.52311394596,335819.605181817,0.0,184134.85049733997,519954.455679157
85,9504.711802,0.041667,993.576937830303,0.0,10498.247072830303,2150.98560706133,335176.73484680103,0.0,179945.78826714493,515122.52311394596,335819.605181817,0.0,184134.85049733997,519954.455679157
86,9507.314299,0.036526,660.861837872728,0.0,10168.139610872728,2732.54402438933,335176.73484680103,0.0,179945.78826714493,515122.52311394596,335819.605181817,0.0,184134.85049733997,519954.455679157
87,9509.916795,0.028571000000000003,0.0,0.0,9509.888223999998,2732.54402438933,335176.73484680103,0.0,179945.78826714493,515122.52311394596,335819.605181817,0.0,184134.85049733997,519954.455679157
88,9512.519292,0.017646000000000002,985.745426830303,0.0,10498.247072830303,3600.0,335176.73484680103,0.0,179945.78826714493,515122.52311394596,335819.605181817,0.0,184134.85049733997,519954.455679157
89,9515.635222,0.004803,0.0,1000.0,8515.630419000001,2600.0,335176.73484680103,0.0,179945.78826714493,515122.52311394596,335819.605181817,0.0,184134.85049733997,519954.455679157
90,9519.238679,0.0,0.0,1000.0,8519.238679,1600.0,335176.73484680103,0.0,179945.78826714493,515122.52311394596,335819.605181817,0.0,184134.85049733997,519954.455679157
91,9522.842136,0.0,0.0,1000.0,8522.842136,600.0,335176.73484680103,0.0,179945.78826714493,515122.52311394596,335819.605181817,0.0,184134.85049733997,519954.455679157
92,9526.445593,0.0,0.0,200.0,9326.445593,400.0,335176.73484680103,0.0,179945.78826714493,515122.52311394596,335819.605181817,0.0,184134.85049733997,519954.455679157
93,9530.049049,0.0,0.0,0.0,9530.049049,400.0,335176.73484680103,0.0,179945.78826714493,515122.52311394596,335819.605181817,0.0,184134.85049733997,519954.455679157
94,9533.363759,0.0,0.0,0.0,9533.363759,400.0,335176.73484680103,0.0,179945.78826714493,515122.52311394596,335819.605181817,0.0,184134.85049733997,519954.455679157
95,9536.166447,0.0,0.0,0.0,9536.166447,400.0,335176.73484680103,0.0,179945.78826714493,515122.52311394596,335819.605181817,0.0,184134.85049733997,519954.455679157
96,9538.969136,0.0,959.277936830304,0.0,10498.247072830303,1244.16458441067,335176.73484680103,0.0,179945.78826714493,515122.52311394596,335819.605181817,0.0,184134.85049733997,519954.455679157
97,9541.771825,0.0,956.475247830303,0.0,10498.247072830303,2085.86280250133,335176.73484680103,0.0,179945.78826714493,515122.52311394596,335819.605181817,0.0,184134.85049733997,519954.455679157
98,9544.574513,0.0,769.156961872726,0.0,10313.731474872726,2762.72092894933,335176.73484680103,0.0,179945.78826714493,515122.52311394596,335819.605181817,0.0,184134.85049733997,519954.455679157
99,9546.793583,0.0,0.0,0.0,9546.793583,2762.72092894933,335176.73484680103,0.0,179945.78826714493,515122.52311394596,335819.605181817,0.0,184134.85049733997,519954.455679157
100,9546.793583,0.0,0.0,0.0,9546.793583,2762.72092894933,335176.73484680103,0.0,179945.78826714493,515122.52311394596,335819.605181817,0.0,184134.85049733997,519954.455679157
101,9546.793583,0.0,951.453489830303,0.0,10498.247072830303,3600.0,335176.73484680103,0.0,179945.78826714493,515122.52311394596,335819.605181817,0.0,184134.85049733997,519954.455679157
102,9546.793583,0.0008,0.0,1000.0,8546.792783,2600.0,335176.73484680103,0.0,179945.78826714493,515122.52311394596,335819.605181817,0.0,184134.85049733997,519954.455679157
103,9546.793583,0.009958999999999999,0.0,1000.0,8546.783624,1600.0,335176.73484680103,0.0,179945.78826714493,515122.52311394596,335819.605181817,0.0,184134.85049733997,519954.455679157
104,9546.72646,0.023256000000000002,0.0,1000.0,8546.703204,600.0,335176.73484680103,0.0,179945.78826714493,515122.52311394596,335819.605181817,0.0,184134.85049733997,519954.455679157
105,9545.525308,0.027932,0.0,69.145263333332,9476.352112666667,530.854736666668,335176.73484680103,0.0,179945.78826714493,515122.52311394596,335819.605181817,0.0,184134.85049733997,519954.455679157
106,9544.324155,0.03354,0.0,66.0260773333339,9478.264537666666,464.828659333334,335176.73484680103,0.0,179945.78826714493,515122.52311394596,335819.605181817,0.0,184134.85049733997,519954.455679157
107,9543.123003,0.029806000000000003,0.0,64.8286593333341,9478.264537666666,400.0,335176.73484680103,0.0,179945.78826714493,515122.52311394596,335819.605181817,0.0,184134.85049733997,519954.455679157
108,9541.921851,0.034707999999999996,956.359929830303,0.0,10498.247072830303,1241.59673825067,335176.73484680103,0.0,179945.78826714493,515122.52311394596,335819.605181817,0.0,184134.85049733997,519954.455679157
109,9540.720699,0.038829999999999996,957.565203830303,0.0,10498.247072830303,2084.25411762133,335176.73484680103,0.0,179945.78826714493,515122.52311394596,335819.605181817,0.0,184134.85049733997,519954.455679157
110,9539.700426,0.035526,761.872808872726,0.0,10301.537708872725,2754.70218942933,335176.73484680103,0.0,179945.78826714493,515122.52311394596,335819.605181817,0.0,184134.85049733997,519954.455679157
111,9538.699465,0.027823,0.0,0.0,9538.671642,2754.70218942933,335176.73484680103,0.0,179945.78826714493,515122.52311394596,335819.605181817,0.0,184134.85049733997,519954.455679157
112,9537.698505,0.017126000000000002,960.565693830304,0.0,10498.247072830303,3600.0,335176.73484680103,0.0,179945.78826714493,515122.52311394596,335819.605181817,0.0,184134.85049733997,519954.455679157
113,9536.697545,0.004392,0.0,1000.0,8536.693153,2600.0,335176.73484680103,0.0,179945.78826714493,515122.52311394596,335819.605181817,0.0,184134.85049733997,519954.455679157
114,9535.696585,0.0,0.0,1000.0,8535.696585,1600.0,335176.73484680103,0.0,179945.78826714493,515122.52311394596,335819.605181817,0.0,184134.85049733997,519954.455679157
115,9534.244486,0.0,0.0,1000.0,8534.244486,600.0,335176.73484680103,0.0,179945.78826714493,515122.52311394596,335819.605181817,0.0,184134.85049733997,519954.455679157
116,9532.64295,0.0,0.0,200.0,9332.64295,400.0,335176.73484680103,0.0,179945.78826714493,515122.52311394596,335819.605181817,0.0,184134.85049733997,519954.455679157
117,9531.041413,0.0,0.0,0.0,9531.041413,400.0,335176.73484680103,0.0,179945.78826714493,515122.52311394596,335819.605181817,0.0,184134.85049733997,519954.455679157
118,9529.439877,0.0,0.0,0.0,9529.439877,400.0,335176.73484680103,0.0,179945.78826714493,515122.52311394596,335819.605181817,0.0,184134.85049733997,519954.455679157
119,9527.83834,0.0,0.0,0.0,9527.83834,400.0,335176.73484680103,0.0,179945.78826714493,515122.52311394596,335819.605181817,0.0,184134.85049733997,519954.455679157
120,9526.596443,0.0,971.650629830303,0.0,10498.247072830303,1255.05255425067,335176.73484680103,0.0,179945.78826714493,515122.52311394596,335819.605181817,0.0,184134.85049733997,519954.455679157
121,9525.595483,0.0,972.651589830304,0.0,10498.247072830303,2110.98595330133,335176.73484680103,0.0,179945.78826714493,515122.52311394596,335819.605181817,0.0,184134.85049733997,519954.455679157
122,9524.594523,0.0,715.495365872727,0.0,10240.089888872726,2740.62187526933,335176.73484680103,0.0,179945.78826714493,515122.52311394596,335819.605181817,0.0,184134.85049733997,519954.455679157
123,9523.593563,0.0,0.0,0.0,9523.593563,2740.62187526933,335176.73484680103,0.0,179945.78826714493,515122.52311394596,335819.605181817,0.0,184134.85049733997,519954.455679157
124,9522.592602,0.0,0.0,0.0,9522.592602,2740.62187526933,335176.73484680103,0.0,179945.78826714493,515122.52311394596,335819.605181817,0.0,184134.85049733997,519954.455679157
125,9521.681022,0.0,976.566050830303,0.0,10498.247072830303,3600.0,335176.73484680103,0.0,179945.78826714493,515122.52311394596,335819.605181817,0.0,184134.85049733997,519954.455679157
126,9520.880254,0.000598,0.0,119.574093333333,9401.305562666666,3480.42590666667,335176.73484680103,0.0,179945.78826714493,515122.52311394596,335819.605181817,0.0,184134.85049733997,519954.455679157
127,9520.079486,0.008683,0.0,1000.0,8520.070803,2480.42590666667,335176.73484680103,0.0,179945.78826714493,515122.52311394596,335819.605181817,0.0,184134.85049733997,519954.455679157
128,9519.278717,0.021367999999999998,0.0,40.9928113333335,9478.264537666666,2439.43309533333,335176.73484680103,0.0,179945.78826714493,515122.52311394596,335819.605181817,0.0,184134.85049733997,519954.455679157
129,9518.477949,0.031894,0.0,1000.0,8518.446055,1439.43309533333,335176.73484680103,0.0,179945.78826714493,515122.52311394596,335819.605181817,0.0,184134.85049733997,519954.455679157
130,9517.736061,0.038428,0.0,39.4330953333338,9478.264537666666,1400.0,335176.73484680103,0.0,179945.78826714493,515122.52311394596,335819.605181817,0.0,184134.85049733997,519954.455679157
131,9517.135485,0.041188,0.0,1000.0,8517.094297000001,400.0,335176.73484680103,0.0,179945.78826714493,515122.52311394596,335819.605181817,0.0,184134.85049733997,519954.455679157
132,9516.534909,0.041075,981.753238830303,0.0,10498.247072830303,1263.94285017067,335176.73484680103,0.0,179945.78826714493,515122.52311394596,335819.605181817,0.0,184134.85049733997,519954.455679157
133,9515.934333,0.039206000000000005,982.351945830304,0.0,10498.247072830303,2128.41256250133,335176.73484680103,0.0,179945.78826714493,515122.52311394596,335819.605181817,0.0,184134.85049733997,519954.455679157
134,9515.333757,0.034789,687.899459872728,0.0,10203.198427872729,2733.76408718933,335176.73484680103,0.0,179945.78826714493,515122.52311394596,335819.605181817,0.0,184134.85049733997,519954.455679157
135,9514.7048,0.026699,0.0,0.0,9514.678101,2733.76408718933,335176.73484680103,0.0,179945.78826714493,515122.52311394596,335819.605181817,0.0,184134.85049733997,519954.455679157
136,9513.904032,0.015951,984.358991830302,0.0,10498.247072830303,3600.0,335176.73484680103,0.0,179945.78826714493,515122.52311394596,335819.605181817,0.0,184134.85049733997,519954.455679157
137,9513.103264,0.003538,0.0,1000.0,8513.099725999999,2600.0,335176.73484680103,0.0,179945.78826714493,515122.52311394596,335819.605181817,0.0,184134.85049733997,519954.455679157
138,9512.302496,0.0,0.0,1000.0,8512.302496,1600.0,335176.73484680103,0.0,179945.78826714493,515122.52311394596,335819.605181817,0.0,184134.85049733997,519954.455679157
139,9511.501728,0.0,0.0,1000.0,8511.501728,600.0,335176.73484680103,0.0,179945.78826714493,515122.52311394596,335819.605181817,0.0,184134.85049733997,519954.455679157
140,9510.700959,0.0,0.0,200.0,9310.700959,400.0,335176.73484680103,0.0,179945.78826714493,515122.52311394596,335819.605181817,0.0,184134.85049733997,519954.455679157
141,9510.098264,0.0,0.0,0.0,9510.098264,400.0,335176.73484680103,0.0,179945.78826714493,515122.52311394596,335819.605181817,0.0,184134.85049733997,519954.455679157
142,9509.497687,0.0,0.0,0.0,9509.497687,400.0,335176.73484680103,0.0,179945.78826714493,515122.52311394596,335819.605181817,0.0,184134.85049733997,519954.455679157
143,9508.897111,0.0,989.349961830303,0.0,10498.247072830303,1270.62796641067,335176.73484680103,0.0,179945.78826714493,515122.52311394596,335819.605181817,0.0,184134.85049733997,519954.455679157
144,9508.296535,0.0,989.950537830304,0.0,10498.247072830303,2141.78443970133,335176.73484680103,0.0,179945.78826714493,515122.52311394596,335819.605181817,0.0,184134.85049733997,519954.455679157
145,9507.695959,0.0,663.341569872726,0.0,10171.037528872726,2725.52502118933,335176.73484680103,0.0,179945.78826714493,515122.52311394596,335819.605181817,0.0,184134.85049733997,519954.455679157
146,9506.92781,0.0,0.0,0.0,9506.92781,2725.52502118933,335176.73484680103,0.0,179945.78826714493,515122.52311394596,335819.605181817,0.0,184134.85049733997,519954.455679157
147,9506.127042,0.0,0.0,0.0,9506.127042,2725.52502118933,335176.73484680103,0.0,179945.78826714493,515122.52311394596,335819.605181817,0.0,184134.85049733997,519954.455679157
148,9505.326274,0.0,0.0,0.0,9505.326274,2725.52502118933,335176.73484680103,0.0,179945.78826714493,515122.52311394596,335819.605181817,0.0,184134.85049733997,519954.455679157
149,9504.525506,0.0,993.721566830303,0.0,10498.247072830303,3600.0,335176.73484680103,0.0,179945.78826714493,515122.52311394596,335819.605181817,0.0,184134.85049733997,519954.455679157
150,9503.724738,0.0006550000000000001,0.0,1000.0,8503.724083000001,2600.0,335176.73484680103,0.0,179945.78826714493,515122.52311394596,335819.605181817,0.0,184134.85049733997,519954.455679157
151,9503.061042,0.009869,0.0,1000.0,8503.051173,1600.0,335176.73484680103,0.0,179945.78826714493,515122.52311394596,335819.605181817,0.0,184134.85049733997,519954.455679157
152,9502.460466,0.021674,0.0,1000.0,8502.438792,600.0,335176.73484680103,0.0,179945.78826714493,515122.52311394596,335819.605181817,0.0,184134.85049733997,519954.455679157
153,9501.85989,0.031398,0.0,154.68900933333,9347.139482666671,445.31099066667,335176.73484680103,0.0,179945.78826714493,515122.52311394596,335819.605181817,0.0,184134.85049733997,519954.455679157
154,9501.259314,0.038093,0.0,22.9566833333356,9478.264537666666,422.354307333335,335176.73484680103,0.0,179945.78826714493,515122.52311394596,335819.605181817,0.0,184134.85049733997,519954.455679157
155,9500.658738,0.039893000000000005,0.0,22.3543073333349,9478.264537666666,400.0,335176.73484680103,0.0,179945.78826714493,515122.52311394596,335819.605181817,0.0,184134.85049733997,519954.455679157
156,9499.845016,0.040653,998.442709830304,0.0,10498.247072830303,1278.62958465067,335176.73484680103,0.0,179945.78826714493,515122.52311394596,335819.605181817,0.0,184134.85049733997,519954.455679157
157,9498.844056,0.037639000000000006,999.440655830304,0.0,10498.247072830303,2158.13736178133,335176.73484680103,0.0,179945.78826714493,515122.52311394596,335819.605181817,0.0,184134.85049733997,519954.455679157
158,9497.843095,0.033299,638.480270703029,0.0,10136.290066703028,2720.0,335176.73484680103,0.0,179945.78826714493,515122.52311394596,335819.605181817,0.0,184134.85049733997,519954.455679157
159,9496.842135,0.026474,0.0,0.0,9496.815661,2720.0,335176.73484680103,0.0,179945.78826714493,515122.52311394596,335819.605181817,0.0,184134.85049733997,519954.455679157
160,9495.841175,0.016272,1000.0,0.0,10495.824902999999,3600.0,335176.73484680103,0.0,179945.78826714493,515122.52311394596,335819.605181817,0.0,184134.85049733997,519954.455679157
161,9494.916288,0.004221,0.0,1000.0,8494.912067000001,2600.0,335176.73484680103,0.0,179945.78826714493,515122.52311394596,335819.605181817,0.0,184134.85049733997,519954.455679157
162,9494.11552,0.0,0.0,1000.0,8494.11552,1600.0,335176.73484680103,0.0,179945.78826714493,515122.52311394596,335819.605181817,0.0,184134.85049733997,519954.455679157
163,9493.314751,0.0,0.0,1000.0,8493.314751,600.0,335176.73484680103,0.0,179945.78826714493,515122.52311394596,335819.605181817,0.0,184134.85049733997,519954.455679157
164,9492.513983,0.0,0.0,200.0,9292.513983,400.0,335176.73484680103,0.0,179945.78826714493,515122.52311394596,335819.605181817,0.0,184134.85049733997,519954.455679157
165,9491.713215,0.0,1000.0,0.0,10491.713215,1280.0,335176.73484680103,0.0,179945.78826714493,515122.52311394596,335819.605181817,0.0,184134.85049733997,519954.455679157
166,9490.912447,0.0,1000.0,0.0,10490.912447,2160.0,335176.73484680103,0.0,179945.78826714493,515122.52311394596,335819.605181817,0.0,184134.85049733997,519954.455679157
167,9490.111679,0.0,636.363636363636,0.0,10126.475315363636,2720.0,335176.73484680103,0.0,179945.78826714493,515122.52311394596,335819.605181817,0.0,184134.85049733997,519954.455679157
168,9489.31091,0.0,0.0,0.0,9489.31091,2720.0,335176.73484680103,0.0,179945.78826714493,515122.52311394596,335819.605181817,0.0,184134.85049733997,519954.455679157
169,9488.510142,0.0,0.0,0.0,9488.510142,2720.0,335176.73484680103,0.0,179945.78826714493,515122.52311394596,335819.605181817,0.0,184134.85049733997,519954.455679157
170,9487.709374,0.0,0.0,0.0,9487.709374,2720.0,335176.73484680103,0.0,179945.78826714493,515122.52311394596,335819.605181817,0.0,184134.85049733997,519954.455679157
171,9486.908606,0.0,0.0,0.0,9486.908606,2720.0,335176.73484680103,0.0,179945.78826714493,515122.52311394596,335819.605181817,0.0,184134.85049733997,519954.455679157
172,9486.107838,0.0,0.0,0.0,9486.107838,2720.0,335176.73484680103,0.0,179945.78826714493,515122.52311394596,335819.605181817,0.0,184134.85049733997,519954.455679157
173,9485.30707,0.0,1000.0,0.0,10485.30707,3600.0,335176.73484680103,0.0,179945.78826714493,515122.52311394596,335819.605181817,0.0,184134.85049733997,519954.455679157
174,9484.506301,0.0007199999999999999,0.0,6.24104333333344,9478.264537666666,3593.75895666667,335176.73484680103,0.0,179945.78826714493,515122.52311394596,335819.605181817,0.0,184134.85049733997,519954.455679157
175,9483.705533,0.009569000000000001,0.0,1000.0,8483.695964,2593.75895666667,335176.73484680103,0.0,179945.78826714493,515122.52311394596,335819.605181817,0.0,184134.85049733997,519954.455679157
176,9482.904765,0.021469000000000002,0.0,1000.0,8482.883296,1593.75895666667,335176.73484680103,0.0,179945.78826714493,515122.52311394596,335819.605181817,0.0,184134.85049733997,519954.455679157
177,9482.658293,0.031023000000000002,0.0,1000.0,8482.62727,593.758956666667,335176.73484680103,0.0,179945.78826714493,515122.52311394596,335819.605181817,0.0,184134.85049733997,519954.455679157
178,9482.458101,0.03689,0.0,4.15667333333477,9478.264537666666,589.602283333332,335176.73484680103,0.0,179945.78826714493,515122.52311394596,335819.605181817,0.0,184134.85049733997,519954.455679157
179,9482.257909,0.039389,0.0,189.602283333332,9292.616236666669,400.0,335176.73484680103,0.0,179945.78826714493,515122.52311394596,335819.605181817,0.0,184134.85049733997,519954.455679157
180,9482.057717,0.039916,1000.0,0.0,10482.017801,1280.0,335176.73484680103,0.0,179945.78826714493,515122.52311394596,335819.605181817,0.0,184134.85049733997,519954.455679157
181,9481.857525,0.03795900000000001,1000.0,0.0,10481.819566,2160.0,335176.73484680103,0.0,179945.78826714493,515122.52311394596,335819.605181817,0.0,184134.85049733997,519954.455679157
182,9481.965864,0.031222000000000003,636.363636363636,0.0,10118.298278363636,2720.0,335176.73484680103,0.0,179945.78826714493,515122.52311394596,335819.605181817,0.0,184134.85049733997,519954.455679157
183,9482.166056,0.018955,0.0,0.0,9482.147101,2720.0,335176.73484680103,0.0,179945.78826714493,515122.52311394596,335819.605181817,0.0,184134.85049733997,519954.455679157
184,9482.366248,0.014951,1000.0,0.0,10482.351297000001,3600.0,335176.73484680103,0.0,179945.78826714493,515122.52311394596,335819.605181817,0.0,184134.85049733997,519954.455679157
185,9482.56644,0.003353,0.0,200.0,9282.563087,3400.0,335176.73484680103,0.0,179945.78826714493,515122.52311394596,335819.605181817,0.0,184134.85049733997,519954.455679157
186,9482.766633,0.0,0.0,1000.0,8482.766633,2400.0,335176.73484680103,0.0,179945.78826714493,515122.52311394596,335819.605181817,0.0,184134.85049733997,519954.455679157
187,9482.966825,0.0,0.0,1000.0,8482.966825,1400.0,335176.73484680103,0.0,179945.78826714493,515122.52311394596,335819.605181817,0.0,184134.85049733997,519954.455679157
188,9483.167017,0.0,0.0,1000.0,8483.167017,400.0,335176.73484680103,0.0,179945.78826714493,515122.52311394596,335819.605181817,0.0,184134.85049733997,519954.455679157
189,9483.367209,0.0,0.0,0.0,9483.367209,400.0,335176.73484680103,0.0,179945.78826714493,515122.52311394596,335819.605181817,0.0,184134.85049733997,519954.455679157
190,9483.567401,0.0,0.0,0.0,9483.567401,400.0,335176.73484680103,0.0,179945.78826714493,515122.52311394596,335819.605181817,0.0,184134.85049733997,519954.455679157
191,9483.767593,0.0,0.0,0.0,9483.767593,400.0,335176.73484680103,0.0,179945.78826714493,515122.52311394596,335819.605181817,0.0,184134.85049733997,519954.455679157
192,9483.874519,0.0,1000.0,0.0,10483.874519,1280.0,335176.73484680103,0.0,179945.78826714493,515122.52311394596,335819.605181817,0.0,184134.85049733997,519954.455679157
193,9483.874519,0.0,1000.0,0.0,10483.874519,2160.0,335176.73484680103,0.0,179945.78826714493,515122.52311394596,335819.605181817,0.0,184134.85049733997,519954.455679157
194,9483.874519,0.0,636.363636363636,0.0,10120.238155363637,2720.0,335176.73484680103,0.0,179945.78826714493,515122.52311394596,335819.605181817,0.0,184134.85049733997,519954.455679157
195,9483.874519,0.0,0.0,0.0,9483.874519,2720.0,335176.73484680103,0.0,179945.78826714493,515122.52311394596,335819.605181817,0.0,184134.85049733997,519954.455679157
196,9483.874519,0.0,0.0,0.0,9483.874519,2720.0,335176.73484680103,0.0,179945.78826714493,515122.52311394596,335819.605181817,0.0,184134.85049733997,519954.455679157
197,9483.874519,0.0,0.0,0.0,9483.874519,2720.0,335176.73484680103,0.0,179945.78826714493,515122.52311394596,335819.605181817,0.0,184134.85049733997,519954.455679157
198,9483.874519,0.00047,0.0,0.0,9483.874049,2720.0,335176.73484680103,0.0,179945.78826714493,515122.52311394596,335819.605181817,0.0,184134.85049733997,519954.455679157
199,9483.874519,0.005569,0.0,0.0,9483.86895,2720.0,335176.73484680103,0.0,179945.78826714493,515122.52311394596,335819.605181817,0.0,184134.85049733997,519954.455679157
200,9483.874519,0.018765999999999998,0.0,0.0,9483.855753000002,2720.0,335176.73484680103,0.0,179945.78826714493,515122.52311394596,335819.605181817,0.0,184134.85049733997,519954.455679157
201,9483.874519,0.030010000000000002,0.0,0.0,9483.844509,2720.0,335176.73484680103,0.0,179945.78826714493,515122.52311394596,335819.605181817,0.0,184134.85049733997,519954.455679157
202,9483.842253,0.036963,0.0,0.0,9483.80529,2720.0,335176.73484680103,0.0,179945.78826714493,515122.52311394596,335819.605181817,0.0,184134.85049733997,519954.455679157
203,9483.642061,0.037683999999999995,0.0,0.0,9483.604377,2720.0,335176.73484680103,0.0,179945.78826714493,515122.52311394596,335819.605181817,0.0,184134.85049733997,519954.455679157
204,9483.441869,0.037137,0.0,0.0,9483.404732,2720.0,335176.73484680103,0.0,179945.78826714493,515122.52311394596,335819.605181817,0.0,184134.85049733997,519954.455679157
205,9483.241676,0.02971,0.0,0.0,9483.211965999999,2720.0,335176.73484680103,0.0,179945.78826714493,515122.52311394596,335819.605181817,0.0,184134.85049733997,519954.455679157
206,9483.041484,0.020758,0.0,0.0,9483.020725999999,2720.0,335176.73484680103,0.0,179945.78826714493,515122.52311394596,335819.605181817,0.0,184134.85049733997,519954.455679157
207,9482.841292,0.019286,0.0,0.0,9482.822005999999,2720.0,335176.73484680103,0.0,179945.78826714493,515122.52311394596,335819.605181817,0.0,184134.85049733997,519954.455679157
208,9482.6411,0.0063230000000000005,0.0,0.0,9482.634777000001,2720.0,335176.73484680103,0.0,179945.78826714493,515122.52311394596,335819.605181817,0.0,184134.85049733997,519954.455679157
209,9482.440908,0.002232,0.0,0.0,9482.438676,2720.0,335176.73484680103,0.0,179945.78826714493,515122.52311394596,335819.605181817,0.0,184134.85049733997,519954.455679157
210,9482.240716,0.0,0.0,0.0,9482.240716,2720.0,335176.73484680103,0.0,179945.78826714493,515122.52311394596,335819.605181817,0.0,184134.85049733997,519954.455679157
211,9482.040524,0.0,0.0,0.0,9482.040524,2720.0,335176.73484680103,0.0,179945.78826714493,515122.52311394596,335819.605181817,0.0,184134.85049733997,519954.455679157
212,9481.840332,0.0,0.0,0.0,9481.840332,2720.0,335176.73484680103,0.0,179945.78826714493,515122.52311394596,335819.605181817,0.0,184134.85049733997,519954.455679157
213,9481.468682,0.0,0.0,0.0,9481.468682,2720.0,335176.73484680103,0.0,179945.78826714493,515122.52311394596,335819.605181817,0.0,184134.85049733997,519954.455679157
214,9481.068297,0.0,0.0,0.0,9481.068297,2720.0,335176.73484680103,0.0,179945.78826714493,515122.52311394596,335819.605181817,0.0,184134.85049733997,519954.455679157
215,9480.667913,0.0,0.0,0.0,9480.667913,2720.0,335176.73484680103,0.0,179945.78826714493,515122.52311394596,335819.605181817,0.0,184134.85049733997,519954.455679157
216,9480.267529,0.0,0.0,0.0,9480.267529,2720.0,335176.73484680103,0.0,179945.78826714493,515122.52311394596,335819.605181817,0.0,184134.85049733997,519954.455679157
217,9479.867145,0.0,0.0,0.0,9479.867145,2720.0,335176.73484680103,0.0,179945.78826714493,515122.52311394596,335819.605181817,0.0,184134.85049733997,519954.455679157
218,9479.60772,0.0,0.0,0.0,9479.60772,2720.0,335176.73484680103,0.0,179945.78826714493,515122.52311394596,335819.605181817,0.0,184134.85049733997,519954.455679157
219,9479.407528,0.0,0.0,0.0,9479.407528,2720.0,335176.73484680103,0.0,179945.78826714493,515122.52311394596,335819.605181817,0.0,184134.85049733997,519954.455679157
220,9479.207336,0.0,0.0,0.0,9479.207336,2720.0,335176.73484680103,0.0,179945.78826714493,515122.52311394596,335819.605181817,0.0,184134.85049733997,519954.455679157
221,9479.007144,0.0,0.0,0.0,9479.007144,2720.0,335176.73484680103,0.0,179945.78826714493,515122.52311394596,335819.605181817,0.0,184134.85049733997,519954.455679157
222,9478.806952,0.0007930000000000001,0.0,0.0,9478.806159000002,2720.0,335176.73484680103,0.0,179945.78826714493,515122.52311394596,335819.605181817,0.0,184134.85049733997,519954.455679157
223,9478.496301,0.0105,0.0,0.0,9478.485800999999,2720.0,335176.73484680103,0.0,179945.78826714493,515122.52311394596,335819.605181817,0.0,184134.85049733997,519954.455679157
224,9478.095917,0.023350000000000003,0.0,0.0,9478.072567000001,2720.0,335176.73484680103,0.0,179945.78826714493,515122.52311394596,335819.605181817,0.0,184134.85049733997,519954.455679157
225,9477.695533,0.032711,0.0,0.0,9477.662822,2720.0,335176.73484680103,0.0,179945.78826714493,515122.52311394596,335819.605181817,0.0,184134.85049733997,519954.455679157
226,9477.295148,0.038336,0.0,0.0,9477.256812,2720.0,335176.73484680103,0.0,179945.78826714493,515122.52311394596,335819.605181817,0.0,184134.85049733997,519954.455679157
227,9476.894764,0.041667,0.0,0.0,9476.853097000001,2720.0,335176.73484680103,0.0,179945.78826714493,515122.52311394596,335819.605181817,0.0,184134.85049733997,519954.455679157
228,9476.574339,0.041667,0.0,0.0,9476.532672000001,2720.0,335176.73484680103,0.0,179945.78826714493,515122.52311394596,335819.605181817,0.0,184134.85049733997,519954.455679157
229,9476.374147,0.040987,0.0,0.0,9476.33316,2720.0,335176.73484680103,0.0,179945.78826714493,515122.52311394596,335819.605181817,0.0,184134.85049733997,519954.455679157
230,9476.173955,0.036669,0.0,0.0,9476.137286000001,2720.0,335176.73484680103,0.0,179945.78826714493,515122.52311394596,335819.605181817,0.0,184134.85049733997,519954.455679157
231,9475.973763,0.028396,0.0,0.0,9475.945367,2720.0,335176.73484680103,0.0,179945.78826714493,515122.52311394596,335819.605181817,0.0,184134.85049733997,519954.455679157
232,9475.773571,0.017174,0.0,0.0,9475.756397,2720.0,335176.73484680103,0.0,179945.78826714493,515122.52311394596,335819.605181817,0.0,184134.85049733997,519954.455679157
233,9475.573379,0.0044150000000000005,0.0,0.0,9475.568964,2720.0,335176.73484680103,0.0,179945.78826714493,515122.52311394596,335819.605181817,0.0,184134.85049733997,519954.455679157
234,9475.373187,0.0,0.0,0.0,9475.373187,2720.0,335176.73484680103,0.0,179945.78826714493,515122.52311394596,335819.605181817,0.0,184134.85049733997,519954.455679157
235,9475.172995,0.0,0.0,0.0,9475.172995,2720.0,335176.73484680103,0.0,179945.78826714493,515122.52311394596,335819.605181817,0.0,184134.85049733997,519954.455679157
236,9474.972803,0.0,0.0,0.0,9474.972803,2720.0,335176.73484680103,0.0,179945.78826714493,515122.52311394596,335819.605181817,0.0,184134.85049733997,519954.455679157
237,9474.772611,0.0,0.0,0.0,9474.772611,2720.0,335176.73484680103,0.0,179945.78826714493,515122.52311394596,335819.605181817,0.0,184134.85049733997,519954.455679157
238,9474.591378,0.0,0.0,0.0,9474.591378,2720.0,335176.73484680103,0.0,179945.78826714493,515122.52311394596,335819.605181817,0.0,184134.85049733997,519954.455679157
239,9474.591378,0.0,0.0,0.0,9474.591378,2720.0,335176.73484680103,0.0,179945.78826714493,515122.52311394596,335819.605181817,0.0,184134.85049733997,519954.455679157
240,9474.591378,0.0,0.0,0.0,9474.591378,2720.0,335176.73484680103,0.0,179945.78826714493,515122.52311394596,335819.605181817,0.0,184134.85049733997,519954.455679157
241,9474.591378,0.0,0.0,0.0,9474.591378,2720.0,335176.73484680103,0.0,179945.78826714493,515122.52311394596,335819.605181817,0.0,184134.85049733997,519954.455679157
242,9474.591378,0.0,0.0,0.0,9474.591378,2720.0,335176.73484680103,0.0,179945.78826714493,515122.52311394596,335819.605181817,0.0,184134.85049733997,519954.455679157
243,9474.591378,0.0,0.0,0.0,9474.591378,2720.0,335176.73484680103,0.0,179945.78826714493,515122.52311394596,335819.605181817,0.0,184134.85049733997,519954.455679157
244,9475.911939,0.0,0.0,0.0,9475.911939,2720.0,335176.73484680103,0.0,179945.78826714493,515122.52311394596,335819.605181817,0.0,184134.85049733997,519954.455679157
245,9477.313283,0.0,1000.0,0.0,10477.313283,3600.0,335176.73484680103,0.0,179945.78826714493,515122.52311394596,335819.605181817,0.0,184134.85049733997,519954.455679157
246,9478.714628,0.000948,0.0,0.449142333332929,9478.264537666666,3599.55085766667,335176.73484680103,0.0,179945.78826714493,515122.52311394596,335819.605181817,0.0,184134.85049733997,519954.455679157
247,9480.115972,0.011121,0.0,1000.0,8480.104851,2599.55085766667,335176.73484680103,0.0,179945.78826714493,515122.52311394596,335819.605181817,0.0,184134.85049733997,519954.455679157
248,9481.517316,0.023829,0.0,3.22894933333373,9478.264537666666,2596.32190833333,335176.73484680103,0.0,179945.78826714493,515122.52311394596,335819.605181817,0.0,184134.85049733997,519954.455679157
249,9483.076812,0.03251,0.0,196.321908333333,9286.722393666667,2400.0,335176.73484680103,0.0,179945.78826714493,515122.52311394596,335819.605181817,0.0,184134.85049733997,519954.455679157
250,9484.678349,0.037706,0.0,1000.0,8484.640643,1400.0,335176.73484680103,0.0,179945.78826714493,515122.52311394596,335819.605181817,0.0,184134.85049733997,519954.455679157
251,9486.279885,0.041149000000000005,0.0,1000.0,8486.238736,400.0,335176.73484680103,0.0,179945.78826714493,515122.52311394596,335819.605181817,0.0,184134.85049733997,519954.455679157
252,9487.881422,0.041667,1000.0,0.0,10487.839755,1280.0,335176.73484680103,0.0,179945.78826714493,515122.52311394596,335819.605181817,0.0,184134.85049733997,519954.455679157
253,9489.482958,0.039798,1000.0,0.0,10489.44316,2160.0,335176.73484680103,0.0,179945.78826714493,515122.52311394596,335819.605181817,0.0,184134.85049733997,519954.455679157
254,9491.084494,0.033949,636.363636363636,0.0,10127.414181363636,2720.0,335176.73484680103,0.0,179945.78826714493,515122.52311394596,335819.605181817,0.0,184134.85049733997,519954.455679157
255,9492.686031,0.026436,0.0,0.0,9492.659595,2720.0,335176.73484680103,0.0,179945.78826714493,515122.52311394596,335819.605181817,0.0,184134.85049733997,519954.455679157
256,9494.287567,0.016205999999999998,1000.0,0.0,10494.271361,3600.0,335176.73484680103,0.0,179945.78826714493,515122.52311394596,335819.605181817,0.0,184134.85049733997,519954.455679157
257,9495.889103,0.004236,0.0,1000.0,8495.884866999999,2600.0,335176.73484680103,0.0,179945.78826714493,515122.52311394596,335819.605181817,0.0,184134.85049733997,519954.455679157
258,9497.49064,0.0,0.0,1000.0,8497.49064,1600.0,335176.73484680103,0.0,179945.78826714493,515122.52311394596,335819.605181817,0.0,184134.85049733997,519954.455679157
259,9498.897872,0.0,0.0,200.0,9298.897872,1400.0,335176.73484680103,0.0,179945.78826714493,515122.52311394596,335819.605181817,0.0,184134.85049733997,519954.455679157
260,9500.099024,0.0,0.0,1000.0,8500.099024,400.0,335176.73484680103,0.0,179945.78826714493,515122.52311394596,335819.605181817,0.0,184134.85049733997,519954.455679157
261,9501.300176,0.0,0.0,0.0,9501.300176,400.0,335176.73484680103,0.0,179945.78826714493,515122.52311394596,335819.605181817,0.0,184134.85049733997,519954.455679157
262,9502.501329,0.0,0.0,0.0,9502.501329,400.0,335176.73484680103,0.0,179945.78826714493,515122.52311394596,335819.605181817,0.0,184134.85049733997,519954.455679157
263,9503.702481,0.0,0.0,0.0,9503.702481,400.0,335176.73484680103,0.0,179945.78826714493,515122.52311394596,335819.605181817,0.0,184134.85049733997,519954.455679157
264,9505.236894,0.0,993.010178830304,0.0,10498.247072830303,1273.84895737067,335176.73484680103,0.0,179945.78826714493,515122.52311394596,335819.605181817,0.0,184134.85049733997,519954.455679157
265,9507.439007,0.0,990.808065830302,0.0,10498.247072830303,2145.76005530133,335176.73484680103,0.0,179945.78826714493,515122.52311394596,335819.605181817,0.0,184134.85049733997,519954.455679157
266,9509.641119,0.0,670.762689872727,0.0,10180.403808872727,2736.03122238933,335176.73484680103,0.0,179945.78826714493,515122.52311394596,335819.605181817,0.0,184134.85049733997,519954.455679157
267,9511.843232,0.0,0.0,0.0,9511.843232,2736.03122238933,335176.73484680103,0.0,179945.78826714493,515122.52311394596,335819.605181817,0.0,184134.85049733997,519954.455679157
268,9514.045344,0.0,0.0,0.0,9514.045344,2736.03122238933,335176.73484680103,0.0,179945.78826714493,515122.52311394596,335819.605181817,0.0,184134.85049733997,519954.455679157
269,9516.464371,0.0,981.782701830303,0.0,10498.247072830303,3600.0,335176.73484680103,0.0,179945.78826714493,515122.52311394596,335819.605181817,0.0,184134.85049733997,519954.455679157
270,9519.867635,0.0009360000000000001,0.0,41.6021613333342,9478.264537666666,3558.39783866666,335176.73484680103,0.0,179945.78826714493,515122.52311394596,335819.605181817,0.0,184134.85049733997,519954.455679157
271,9523.2709,0.010695,0.0,1000.0,8523.260204999999,2558.39783866666,335176.73484680103,0.0,179945.78826714493,515122.52311394596,335819.605181817,0.0,184134.85049733997,519954.455679157
272,9526.674165,0.022981,0.0,1000.0,8526.651184,1558.39783866666,335176.73484680103,0.0,179945.78826714493,515122.52311394596,335819.605181817,0.0,184134.85049733997,519954.455679157
273,9530.07743,0.032116,0.0,51.7807763333331,9478.264537666666,1506.61706233333,335176.73484680103,0.0,179945.78826714493,515122.52311394596,335819.605181817,0.0,184134.85049733997,519954.455679157
274,9533.480694,0.037093,0.0,106.617062333331,9426.826538666668,1400.0,335176.73484680103,0.0,179945.78826714493,515122.52311394596,335819.605181817,0.0,184134.85049733997,519954.455679157
275,9536.883959,0.041386000000000006,0.0,1000.0,8536.842573,400.0,335176.73484680103,0.0,179945.78826714493,515122.52311394596,335819.605181817,0.0,184134.85049733997,519954.455679157
276,9540.287224,0.041667,958.001515830303,0.0,10498.247072830303,1243.04133393067,335176.73484680103,0.0,179945.78826714493,515122.52311394596,335819.605181817,0.0,184134.85049733997,519954.455679157
277,9543.690489,0.037812,954.594395830303,0.0,10498.247072830303,2083.08440226133,335176.73484680103,0.0,179945.78826714493,515122.52311394596,335819.605181817,0.0,184134.85049733997,519954.455679157
278,9547.093753,0.033725000000000005,779.229754872726,0.0,10326.289782872725,2768.80658654933,335176.73484680103,0.0,179945.78826714493,515122.52311394596,335819.605181817,0.0,184134.85049733997,519954.455679157
279,9550.497018,0.025873999999999998,0.0,0.0,9550.471144,2768.80658654933,335176.73484680103,0.0,179945.78826714493,515122.52311394596,335819.605181817,0.0,184134.85049733997,519954.455679157
280,9553.724938,0.015835000000000002,944.537969830304,0.0,10498.247072830303,3600.0,335176.73484680103,0.0,179945.78826714493,515122.52311394596,335819.605181817,0.0,184134.85049733997,519954.455679157
281,9556.928011,0.004352000000000001,0.0,1000.0,8556.923659,2600.0,335176.73484680103,0.0,179945.78826714493,515122.52311394596,335819.605181817,0.0,184134.85049733997,519954.455679157
282,9560.131084,0.0,0.0,200.0,9360.131084,2400.0,335176.73484680103,0.0,179945.78826714493,515122.52311394596,335819.605181817,0.0,184134.85049733997,519954.455679157
283,9563.334156,0.0,0.0,1000.0,8563.334156,1400.0,335176.73484680103,0.0,179945.78826714493,515122.52311394596,335819.605181817,0.0,184134.85049733997,519954.455679157
284,9566.537229,0.0,0.0,1000.0,8566.537229,400.0,335176.73484680103,0.0,179945.78826714493,515122.52311394596,335819.605181817,0.0,184134.85049733997,519954.455679157
285,9569.016078,0.0,0.0,0.0,9569.016078,400.0,335176.73484680103,0.0,179945.78826714493,515122.52311394596,335819.605181817,0.0,184134.85049733997,519954.455679157
286,9571.21819,0.0,0.0,0.0,9571.21819,400.0,335176.73484680103,0.0,179945.78826714493,515122.52311394596,335819.605181817,0.0,184134.85049733997,519954.455679157
287,9573.420303,0.0,0.0,0.0,9573.420303,400.0,335176.73484680103,0.0,179945.78826714493,515122.52311394596,335819.605181817,0.0,184134.85049733997,519954.455679157
288,9575.622415,0.0,922.624657830303,0.0,10498.247072830303,1211.90969889067,335176.73484680103,0.0,179945.78826714493,515122.52311394596,335819.605181817,0.0,184134.85049733997,519954.455679157
289,9577.824528,0.0,920.422544830304,0.0,10498.247072830303,2021.88153834133,335176.73484680103,0.0,179945.78826714493,515122.52311394596,335819.605181817,0.0,184134.85049733997,519954.455679157
290,9580.71271,0.0,885.991864872725,0.0,10466.704574872725,2801.55437942933,335176.73484680103,0.0,179945.78826714493,515122.52311394596,335819.605181817,0.0,184134.85049733997,519954.455679157
291,9584.115975,0.0,0.0,0.0,9584.115975,2801.55437942933,335176.73484680103,0.0,179945.78826714493,515122.52311394596,335819.605181817,0.0,184134.85049733997,519954.455679157
292,9587.519239,0.0,0.0,0.0,9587.519239,2801.55437942933,335176.73484680103,0.0,179945.78826714493,515122.52311394596,335819.605181817,0.0,184134.85049733997,519954.455679157
293,9590.922504,0.0,907.324568830303,0.0,10498.247072830303,3600.0,335176.73484680103,0.0,179945.78826714493,515122.52311394596,335819.605181817,0.0,184134.85049733997,519954.455679157
294,9594.325769,0.00101,0.0,1000.0,8594.324759,2600.0,335176.73484680103,0.0,179945.78826714493,515122.52311394596,335819.605181817,0.0,184134.85049733997,519954.455679157
295,9597.142118,0.01065,0.0,118.866930333334,9478.264537666666,2481.13306966667,335176.73484680103,0.0,179945.78826714493,515122.52311394596,335819.605181817,0.0,184134.85049733997,519954.455679157
296,9599.144038,0.022768,0.0,120.856732333334,9478.264537666666,2360.27633733333,335176.73484680103,0.0,179945.78826714493,515122.52311394596,335819.605181817,0.0,184134.85049733997,519954.455679157
297,9601.145959,0.031782,0.0,122.849639333333,9478.264537666666,2237.426698,335176.73484680103,0.0,179945.78826714493,515122.52311394596,335819.605181817,0.0,184134.85049733997,519954.455679157
298,9603.147879,0.037035,0.0,1000.0,8603.110844,1237.426698,335176.73484680103,0.0,179945.78826714493,515122.52311394596,335819.605181817,0.0,184134.85049733997,519954.455679157
299,9605.1498,0.03961,0.0,837.426697999999,8767.683492,400.0,335176.73484680103,0.0,179945.78826714493,515122.52311394596,335819.605181817,0.0,184134.85049733997,519954.455679157
300,9607.258411,0.040176,891.028837830303,0.0,10498.247072830303,1184.10537729067,335176.73484680103,0.0,179945.78826714493,515122.52311394596,335819.605181817,0.0,184134.85049733997,519954.455679157
301,9609.660715,0.03720300000000001,888.623560830303,0.0,10498.247072830303,1966.09411082133,335176.73484680103,0.0,179945.78826714493,515122.52311394596,335819.605181817,0.0,184134.85049733997,519954.455679157
302,9612.06302,0.034152,886.218204830304,0.0,10498.247072830303,2745.966131072,335176.73484680103,0.0,179945.78826714493,515122.52311394596,335819.605181817,0.0,184134.85049733997,519954.455679157
303,9614.465324,0.011656000000000001,89.1086110424226,0.0,9703.562279042422,2824.38170878933,335176.73484680103,0.0,179945.78826714493,515122.52311394596,335819.605181817,0.0,184134.85049733997,519954.455679157
304,9616.867629,0.004978,881.384421830304,0.0,10498.247072830303,3600.0,335176.73484680103,0.0,179945.78826714493,515122.52311394596,335819.605181817,0.0,184134.85049733997,519954.455679157
305,9619.315624,0.0026309999999999997,0.0,200.0,9419.312993000001,3400.0,335176.73484680103,0.0,179945.78826714493,515122.52311394596,335819.605181817,0.0,184134.85049733997,519954.455679157
306,9622.118313,0.0,0.0,1000.0,8622.118313,2400.0,335176.73484680103,0.0,179945.78826714493,515122.52311394596,335819.605181817,0.0,184134.85049733997,519954.455679157
307,9624.921001,0.0,0.0,1000.0,8624.921001,1400.0,335176.73484680103,0.0,179945.78826714493,515122.52311394596,335819.605181817,0.0,184134.85049733997,519954.455679157
308,9627.72369,0.0,0.0,1000.0,8627.72369,400.0,335176.73484680103,0.0,179945.78826714493,515122.52311394596,335819.605181817,0.0,184134.85049733997,519954.455679157
309,9630.526379,0.0,0.0,0.0,9630.526379,400.0,335176.73484680103,0.0,179945.78826714493,515122.52311394596,335819.605181817,0.0,184134.85049733997,519954.455679157
310,9633.329067,0.0,0.0,0.0,9633.329067,400.0,335176.73484680103,0.0,179945.78826714493,515122.52311394596,335819.605181817,0.0,184134.85049733997,519954.455679157
311,9636.131756,0.0,0.0,0.0,9636.131756,400.0,335176.73484680103,0.0,179945.78826714493,515122.52311394596,335819.605181817,0.0,184134.85049733997,519954.455679157
312,9638.934444,0.0,859.312628830303,0.0,10498.247072830303,1156.19511337067,335176.73484680103,0.0,179945.78826714493,515122.52311394596,335819.605181817,0.0,184134.85049733997,519954.455679157
313,9641.737133,0.0,856.509939830303,0.0,10498.247072830303,1909.92386042133,335176.73484680103,0.0,179945.78826714493,515122.52311394596,335819.605181817,0.0,184134.85049733997,519954.455679157
314,9644.539822,0.0,227.140009042426,0.0,9871.679831042427,2109.80706837867,335176.73484680103,0.0,179945.78826714493,515122.52311394596,335819.605181817,0.0,184134.85049733997,519954.455679157
315,9647.34251,0.0,0.0,0.0,9647.34251,2109.80706837867,335176.73484680103,0.0,179945.78826714493,515122.52311394596,335819.605181817,0.0,184134.85049733997,519954.455679157
316,9650.145199,0.0,848.101873830303,0.0,10498.247072830303,2856.13671734933,335176.73484680103,0.0,179945.78826714493,515122.52311394596,335819.605181817,0.0,184134.85049733997,519954.455679157
317,9652.947888,0.0,845.299184830303,0.0,10498.247072830303,3600.0,335176.73484680103,0.0,179945.78826714493,515122.52311394596,335819.605181817,0.0,184134.85049733997,519954.455679157
318,9655.750576,0.0005340000000000001,0.0,177.485504333334,9478.264537666666,3422.51449566667,335176.73484680103,0.0,179945.78826714493,515122.52311394596,335819.605181817,0.0,184134.85049733997,519954.455679157
319,9658.553265,0.007827,0.0,1000.0,8658.545438000001,2422.51449566667,335176.73484680103,0.0,179945.78826714493,515122.52311394596,335819.605181817,0.0,184134.85049733997,519954.455679157
320,9661.355953,0.014862,0.0,183.076553333334,9478.264537666666,2239.43794233333,335176.73484680103,0.0,179945.78826714493,515122.52311394596,335819.605181817,0.0,184134.85049733997,519954.455679157
321,9664.158642,0.026012,0.0,185.868092333334,9478.264537666666,2053.56985,335176.73484680103,0.0,179945.78826714493,515122.52311394596,335819.605181817,0.0,184134.85049733997,519954.455679157
322,9666.961331,0.035863,0.0,653.569849999998,9013.355618000003,1400.0,335176.73484680103,0.0,179945.78826714493,515122.52311394596,335819.605181817,0.0,184134.85049733997,519954.455679157
323,9669.764019,0.04001,0.0,1000.0,8669.724009,400.0,335176.73484680103,0.0,179945.78826714493,515122.52311394596,335819.605181817,0.0,184134.85049733997,519954.455679157
324,9672.566708,0.041604,825.721968830303,0.0,10498.247072830303,1126.63533257067,335176.73484680103,0.0,179945.78826714493,515122.52311394596,335819.605181817,0.0,184134.85049733997,519954.455679157
325,9675.369397,0.036591,822.914266830303,0.0,10498.247072830303,1850.79988738133,335176.73484680103,0.0,179945.78826714493,515122.52311394596,335819.605181817,0.0,184134.85049733997,519954.455679157
326,9678.879352,0.024440000000000003,361.599024042424,0.0,10040.453936042424,2169.00702853867,335176.73484680103,0.0,179945.78826714493,515122.52311394596,335819.605181817,0.0,184134.85049733997,519954.455679157
327,9683.083385,0.004370000000000001,815.168057830304,0.0,10498.247072830303,2886.35491942933,335176.73484680103,0.0,179945.78826714493,515122.52311394596,335819.605181817,0.0,184134.85049733997,519954.455679157
328,9687.287418,0.0006640000000000001,810.960318830303,0.0,10498.247072830303,3600.0,335176.73484680103,0.0,179945.78826714493,515122.52311394596,335819.605181817,0.0,184134.85049733997,519954.455679157
329,9691.491451,0.001042,0.0,982.569053666666,8708.921355333334,2617.43094633333,335176.73484680103,0.0,179945.78826714493,515122.52311394596,335819.605181817,0.0,184134.85049733997,519954.455679157
330,9695.695484,0.0,0.0,217.430946333334,9478.264537666666,2400.0,335176.73484680103,0.0,179945.78826714493,515122.52311394596,335819.605181817,0.0,184134.85049733997,519954.455679157
331,9700.040593,0.0,0.0,1000.0,8700.040593,1400.0,335176.73484680103,0.0,179945.78826714493,515122.52311394596,335819.605181817,0.0,184134.85049733997,519954.455679157
332,9704.64501,0.0,0.0,1000.0,8704.64501,400.0,335176.73484680103,0.0,179945.78826714493,515122.52311394596,335819.605181817,0.0,184134.85049733997,519954.455679157
333,9709.249427,0.0,0.0,0.0,9709.249427,400.0,335176.73484680103,0.0,179945.78826714493,515122.52311394596,335819.605181817,0.0,184134.85049733997,519954.455679157
334,9713.853844,0.0,0.0,0.0,9713.853844,400.0,335176.73484680103,0.0,179945.78826714493,515122.52311394596,335819.605181817,0.0,184134.85049733997,519954.455679157
335,9718.458261,0.0,0.0,0.0,9718.458261,400.0,335176.73484680103,0.0,179945.78826714493,515122.52311394596,335819.605181817,0.0,184134.85049733997,519954.455679157
336,9723.062678,0.0,0.0,0.0,9723.062678,400.0,335176.73484680103,0.0,179945.78826714493,515122.52311394596,335819.605181817,0.0,184134.85049733997,519954.455679157
337,9727.667095,0.0,770.579977830303,0.0,10498.247072830303,1078.11038049067,335176.73484680103,0.0,179945.78826714493,515122.52311394596,335819.605181817,0.0,184134.85049733997,519954.455679157
338,9732.271512,0.0,595.559787042424,0.0,10327.831299042424,1602.202993088,335176.73484680103,0.0,179945.78826714493,515122.52311394596,335819.605181817,0.0,184134.85049733997,519954.455679157
339,9736.875929,0.0,761.371143830303,0.0,10498.247072830303,2272.20959965867,335176.73484680103,0.0,179945.78826714493,515122.52311394596,335819.605181817,0.0,184134.85049733997,519954.455679157
340,9741.480346,0.0,756.766726830303,0.0,10498.247072830303,2938.16431926933,335176.73484680103,0.0,179945.78826714493,515122.52311394596,335819.605181817,0.0,184134.85049733997,519954.455679157
341,9746.161072,0.0,752.086000830303,0.0,10498.247072830303,3600.0,335176.73484680103,0.0,179945.78826714493,515122.52311394596,335819.605181817,0.0,184134.85049733997,519954.455679157
342,9752.367025,0.00161,0.0,274.100877333334,9478.264537666666,3325.89912266667,335176.73484680103,0.0,179945.78826714493,515122.52311394596,335819.605181817,0.0,184134.85049733997,519954.455679157
343,9758.572979,0.011302,0.0,280.297139333334,9478.264537666666,3045.60198333333,335176.73484680103,0.0,179945.78826714493,515122.52311394596,335819.605181817,0.0,184134.85049733997,519954.455679157
344,9764.778932,0.022049,0.0,1000.0,8764.756883,2045.60198333333,335176.73484680103,0.0,179945.78826714493,515122.52311394596,335819.605181817,0.0,184134.85049733997,519954.455679157
345,9770.984885,0.031254000000000004,0.0,343.735171999999,9427.218459000002,1701.86681133333,335176.73484680103,0.0,179945.78826714493,515122.52311394596,335819.605181817,0.0,184134.85049733997,519954.455679157
346,9777.190839,0.037215000000000005,0.0,1000.0,8777.153624,701.866811333333,335176.73484680103,0.0,179945.78826714493,515122.52311394596,335819.605181817,0.0,184134.85049733997,519954.455679157
347,9780.170638,0.039289000000000004,0.0,301.866811333333,9478.264537666666,400.0,335176.73484680103,0.0,179945.78826714493,515122.52311394596,335819.605181817,0.0,184134.85049733997,519954.455679157
348,9782.773135,0.039271,715.513208830303,0.0,10498.247072830303,1029.65162377067,335176.73484680103,0.0,179945.78826714493,515122.52311394596,335819.605181817,0.0,184134.85049733997,519954.455679157
349,9785.375632,0.038873,712.910313830303,0.0,10498.247072830303,1657.01269994133,335176.73484680103,0.0,179945.78826714493,515122.52311394596,335819.605181817,0.0,184134.85049733997,519954.455679157
350,9787.978128,0.033328,710.302272830302,0.0,10498.247072830303,2282.078700032,335176.73484680103,0.0,179945.78826714493,515122.52311394596,335819.605181817,0.0,184134.85049733997,519954.455679157
351,9790.580625,0.026201000000000002,707.692648830303,0.0,10498.247072830303,2904.84823100267,335176.73484680103,0.0,179945.78826714493,515122.52311394596,335819.605181817,0.0,184134.85049733997,519954.455679157
352,9793.629314,0.014711,704.632469830303,0.0,10498.247072830303,3524.92480445333,335176.73484680103,0.0,179945.78826714493,515122.52311394596,335819.605181817,0.0,184134.85049733997,519954.455679157
353,9796.832387,0.004275,0.0,1000.0,8796.828112000001,2524.92480445333,335176.73484680103,0.0,179945.78826714493,515122.52311394596,335819.605181817,0.0,184134.85049733997,519954.455679157
354,9800.035459,0.0,0.0,321.770921333335,9478.264537666666,2203.15388312,335176.73484680103,0.0,179945.78826714493,515122.52311394596,335819.605181817,0.0,184134.85049733997,519954.455679157
355,9803.238532,0.0,0.0,803.15388312,9000.08464888,1400.0,335176.73484680103,0.0,179945.78826714493,515122.52311394596,335819.605181817,0.0,184134.85049733997,519954.455679157
356,9806.441605,0.0,0.0,1000.0,8806.441605,400.0,335176.73484680103,0.0,179945.78826714493,515122.52311394596,335819.605181817,0.0,184134.85049733997,519954.455679157
357,9809.762909,0.0,0.0,0.0,9809.762909,400.0,335176.73484680103,0.0,179945.78826714493,515122.52311394596,335819.605181817,0.0,184134.85049733997,519954.455679157
358,9813.166173,0.0,0.0,0.0,9813.166173,400.0,335176.73484680103,0.0,179945.78826714493,515122.52311394596,335819.605181817,0.0,184134.85049733997,519954.455679157
359,9816.569438,0.0,0.0,0.0,9816.569438,400.0,335176.73484680103,0.0,179945.78826714493,515122.52311394596,335819.605181817,0.0,184134.85049733997,519954.455679157
360,9819.972703,0.0,0.0,0.0,9819.972703,400.0,335176.73484680103,0.0,179945.78826714493,515122.52311394596,335819.605181817,0.0,184134.85049733997,519954.455679157
361,9823.375968,0.0,0.0,0.0,9823.375968,400.0,335176.73484680103,0.0,179945.78826714493,515122.52311394596,335819.605181817,0.0,184134.85049733997,519954.455679157
362,9826.428308,0.0,0.0,0.0,9826.428308,400.0,335176.73484680103,0.0,179945.78826714493,515122.52311394596,335819.605181817,0.0,184134.85049733997,519954.455679157
363,9829.030804,0.0,0.0,0.0,9829.030804,400.0,335176.73484680103,0.0,179945.78826714493,515122.52311394596,335819.605181817,0.0,184134.85049733997,519954.455679157
364,9831.633301,0.0,0.0,0.0,9831.633301,400.0,335176.73484680103,0.0,179945.78826714493,515122.52311394596,335819.605181817,0.0,184134.85049733997,519954.455679157
365,9834.235797,0.0,0.0,0.0,9834.235797,400.0,335176.73484680103,0.0,179945.78826714493,515122.52311394596,335819.605181817,0.0,184134.85049733997,519954.455679157
366,9836.838294,0.0008179999999999999,0.0,0.0,9836.837475999999,400.0,335176.73484680103,0.0,179945.78826714493,515122.52311394596,335819.605181817,0.0,184134.85049733997,519954.455679157
367,9839.326328,0.005989,0.0,0.0,9839.320339,400.0,335176.73484680103,0.0,179945.78826714493,515122.52311394596,335819.605181817,0.0,184134.85049733997,519954.455679157
368,9841.52844,0.00949,0.0,0.0,9841.51895,400.0,335176.73484680103,0.0,179945.78826714493,515122.52311394596,335819.605181817,0.0,184134.85049733997,519954.455679157
369,9843.730553,0.019199,0.0,0.0,9843.711354,400.0,335176.73484680103,0.0,179945.78826714493,515122.52311394596,335819.605181817,0.0,184134.85049733997,519954.455679157
370,9845.932665,0.037232999999999995,0.0,0.0,9845.895432000001,400.0,335176.73484680103,0.0,179945.78826714493,515122.52311394596,335819.605181817,0.0,184134.85049733997,519954.455679157
371,9848.134778,0.041667,0.0,0.0,9848.093111,400.0,335176.73484680103,0.0,179945.78826714493,515122.52311394596,335819.605181817,0.0,184134.85049733997,519954.455679157
372,9850.390353,0.041667,0.0,0.0,9850.348686000001,400.0,335176.73484680103,0.0,179945.78826714493,515122.52311394596,335819.605181817,0.0,184134.85049733997,519954.455679157
373,9852.99285,0.039173,0.0,0.0,9852.953677000001,400.0,335176.73484680103,0.0,179945.78826714493,515122.52311394596,335819.605181817,0.0,184134.85049733997,519954.455679157
374,9855.595346,0.020634,0.0,0.0,9855.574712,400.0,335176.73484680103,0.0,179945.78826714493,515122.52311394596,335819.605181817,0.0,184134.85049733997,519954.455679157
375,9858.197843,0.011212,0.0,0.0,9858.186631,400.0,335176.73484680103,0.0,179945.78826714493,515122.52311394596,335819.605181817,0.0,184134.85049733997,519954.455679157
376,9860.800339,0.004965,0.0,0.0,9860.795374,400.0,335176.73484680103,0.0,179945.78826714493,515122.52311394596,335819.605181817,0.0,184134.85049733997,519954.455679157
377,9863.402836,0.000785,0.0,0.0,9863.402051,400.0,335176.73484680103,0.0,179945.78826714493,515122.52311394596,335819.605181817,0.0,184134.85049733997,519954.455679157
378,9865.808909,0.0,0.0,0.0,9865.808909,400.0,335176.73484680103,0.0,179945.78826714493,515122.52311394596,335819.605181817,0.0,184134.85049733997,519954.455679157
379,9868.211213,0.0,0.0,0.0,9868.211213,400.0,335176.73484680103,0.0,179945.78826714493,515122.52311394596,335819.605181817,0.0,184134.85049733997,519954.455679157
380,9870.613518,0.0,0.0,0.0,9870.613518,400.0,335176.73484680103,0.0,179945.78826714493,515122.52311394596,335819.605181817,0.0,184134.85049733997,519954.455679157
381,9873.015822,0.0,0.0,0.0,9873.015822,400.0,335176.73484680103,0.0,179945.78826714493,515122.52311394596,335819.605181817,0.0,184134.85049733997,519954.455679157
382,9875.418127,0.0,0.0,0.0,9875.418127,400.0,335176.73484680103,0.0,179945.78826714493,515122.52311394596,335819.605181817,0.0,184134.85049733997,519954.455679157
383,9877.654508,0.0,0.0,0.0,9877.654508,400.0,335176.73484680103,0.0,179945.78826714493,515122.52311394596,335819.605181817,0.0,184134.85049733997,519954.455679157
384,9879.85662,0.0,0.0,0.0,9879.85662,400.0,335176.73484680103,0.0,179945.78826714493,515122.52311394596,335819.605181817,0.0,184134.85049733997,519954.455679157
385,9882.058733,0.0,0.0,0.0,9882.058733,400.0,335176.73484680103,0.0,179945.78826714493,515122.52311394596,335819.605181817,0.0,184134.85049733997,519954.455679157
386,9884.260845,0.0,0.0,0.0,9884.260845,400.0,335176.73484680103,0.0,179945.78826714493,515122.52311394596,335819.605181817,0.0,184134.85049733997,519954.455679157
387,9886.462958,0.0,0.0,0.0,9886.462958,400.0,335176.73484680103,0.0,179945.78826714493,515122.52311394596,335819.605181817,0.0,184134.85049733997,519954.455679157
388,9888.66507,0.0,0.0,0.0,9888.66507,400.0,335176.73484680103,0.0,179945.78826714493,515122.52311394596,335819.605181817,0.0,184134.85049733997,519954.455679157
389,9890.867183,0.0,0.0,0.0,9890.867183,400.0,335176.73484680103,0.0,179945.78826714493,515122.52311394596,335819.605181817,0.0,184134.85049733997,519954.455679157
390,9893.069295,0.000194,0.0,0.0,9893.069101,400.0,335176.73484680103,0.0,179945.78826714493,515122.52311394596,335819.605181817,0.0,184134.85049733997,519954.455679157
391,9895.271408,0.005196,0.0,0.0,9895.266212,400.0,335176.73484680103,0.0,179945.78826714493,515122.52311394596,335819.605181817,0.0,184134.85049733997,519954.455679157
392,9897.47352,0.022365,0.0,0.0,9897.451154999999,400.0,335176.73484680103,0.0,179945.78826714493,515122.52311394596,335819.605181817,0.0,184134.85049733997,519954.455679157
393,9899.780557,0.02924,0.0,0.0,9899.751317,400.0,335176.73484680103,0.0,179945.78826714493,515122.52311394596,335819.605181817,0.0,184134.85049733997,519954.455679157
394,9902.182861,0.036456,0.0,0.0,9902.146405,400.0,335176.73484680103,0.0,179945.78826714493,515122.52311394596,335819.605181817,0.0,184134.85049733997,519954.455679157
395,9904.585166,0.032574,0.0,0.0,9904.552592,400.0,335176.73484680103,0.0,179945.78826714493,515122.52311394596,335819.605181817,0.0,184134.85049733997,519954.455679157
396,9906.98747,0.025477,0.0,0.0,9906.961993,400.0,335176.73484680103,0.0,179945.78826714493,515122.52311394596,335819.605181817,0.0,184134.85049733997,519954.455679157
397,9909.389775,0.016925000000000003,0.0,0.0,9909.37285,400.0,335176.73484680103,0.0,179945.78826714493,515122.52311394596,335819.605181817,0.0,184134.85049733997,519954.455679157
398,9911.866504,0.020202,0.0,0.0,9911.846302,400.0,335176.73484680103,0.0,179945.78826714493,515122.52311394596,335819.605181817,0.0,184134.85049733997,519954.455679157
399,9914.469,0.002315,0.0,0.0,9914.466685,400.0,335176.73484680103,0.0,179945.78826714493,515122.52311394596,335819.605181817,0.0,184134.85049733997,519954.455679157
400,9917.071497,0.0040030000000000005,0.0,0.0,9917.067494,400.0,335176.73484680103,0.0,179945.78826714493,515122.52311394596,335819.605181817,0.0,184134.85049733997,519954.455679157
401,9919.673993,0.000594,0.0,0.0,9919.673399000001,400.0,335176.73484680103,0.0,179945.78826714493,515122.52311394596,335819.605181817,0.0,184134.85049733997,519954.455679157
402,9922.27649,0.0,307.078704381817,0.0,10229.355194381817,670.229259855999,335176.73484680103,0.0,179945.78826714493,515122.52311394596,335819.605181817,0.0,184134.85049733997,519954.455679157
403,9924.835062,0.0,0.0,0.0,9924.835062,670.229259855999,335176.73484680103,0.0,179945.78826714493,515122.52311394596,335819.605181817,0.0,184134.85049733997,519954.455679157
404,9927.237367,0.0,0.0,0.0,9927.237367,670.229259855999,335176.73484680103,0.0,179945.78826714493,515122.52311394596,335819.605181817,0.0,184134.85049733997,519954.455679157
405,9929.639671,0.0,0.0,0.0,9929.639671,670.229259855999,335176.73484680103,0.0,179945.78826714493,515122.52311394596,335819.605181817,0.0,184134.85049733997,519954.455679157
406,9932.041976,0.0,0.0,0.0,9932.041976,670.229259855999,335176.73484680103,0.0,179945.78826714493,515122.52311394596,335819.605181817,0.0,184134.85049733997,519954.455679157
407,9934.44428,0.0,0.0,0.0,9934.44428,670.229259855999,335176.73484680103,0.0,179945.78826714493,515122.52311394596,335819.605181817,0.0,184134.85049733997,519954.455679157
408,9936.860009,0.0,561.387063830303,0.0,10498.247072830303,1164.24987602667,335176.73484680103,0.0,179945.78826714493,515122.52311394596,335819.605181817,0.0,184134.85049733997,519954.455679157
409,9939.462506,0.0,558.784566830303,0.0,10498.247072830303,1655.98029483733,335176.73484680103,0.0,179945.78826714493,515122.52311394596,335819.605181817,0.0,184134.85049733997,519954.455679157
410,9942.065003,0.0,556.182069830304,0.0,10498.247072830303,2145.420516288,335176.73484680103,0.0,179945.78826714493,515122.52311394596,335819.605181817,0.0,184134.85049733997,519954.455679157
411,9944.667499,0.0,553.579573830304,0.0,10498.247072830303,2632.57054125867,335176.73484680103,0.0,179945.78826714493,515122.52311394596,335819.605181817,0.0,184134.85049733997,519954.455679157
412,9947.269996,0.0,550.977076830302,0.0,10498.247072830303,3117.43036886933,335176.73484680103,0.0,179945.78826714493,515122.52311394596,335819.605181817,0.0,184134.85049733997,519954.455679157
413,9949.872492,0.0,548.374580830303,0.0,10498.247072830303,3600.0,335176.73484680103,0.0,179945.78826714493,515122.52311394596,335819.605181817,0.0,184134.85049733997,519954.455679157
414,9951.925638,0.001039,0.0,473.660061333334,9478.264537666666,3126.33993866667,335176.73484680103,0.0,179945.78826714493,515122.52311394596,335819.605181817,0.0,184134.85049733997,519954.455679157
415,9953.927559,0.007316,0.0,803.787781333329,9150.132461666672,2322.55215733334,335176.73484680103,0.0,179945.78826714493,515122.52311394596,335819.605181817,0.0,184134.85049733997,519954.455679157
416,9955.929479,0.022846,0.0,477.642095333335,9478.264537666666,1844.910062,335176.73484680103,0.0,179945.78826714493,515122.52311394596,335819.605181817,0.0,184134.85049733997,519954.455679157
417,9957.9314,0.032247,0.0,479.634615333334,9478.264537666666,1365.27544666667,335176.73484680103,0.0,179945.78826714493,515122.52311394596,335819.605181817,0.0,184134.85049733997,519954.455679157
418,9959.93332,0.034252000000000005,0.0,481.634530333335,9478.264537666666,883.640916333334,335176.73484680103,0.0,179945.78826714493,515122.52311394596,335819.605181817,0.0,184134.85049733997,519954.455679157
419,9961.935241,0.029787,0.0,483.640916333334,9478.264537666666,400.0,335176.73484680103,0.0,179945.78826714493,515122.52311394596,335819.605181817,0.0,184134.85049733997,519954.455679157
420,9963.937161,0.039827,534.349738830304,0.0,10498.247072830303,870.227770170668,335176.73484680103,0.0,179945.78826714493,515122.52311394596,335819.605181817,0.0,184134.85049733997,519954.455679157
421,9965.939082,0.041667,532.349657830302,0.0,10498.247072830303,1338.69546906133,335176.73484680103,0.0,179945.78826714493,515122.52311394596,335819.605181817,0.0,184134.85049733997,519954.455679157
422,9967.941002,0.03154,530.337610830304,0.0,10498.247072830303,1805.392566592,335176.73484680103,0.0,179945.78826714493,515122.52311394596,335819.605181817,0.0,184134.85049733997,519954.455679157
423,9969.942922,0.017265000000000003,528.321415830304,0.0,10498.247072830303,2270.31541252267,335176.73484680103,0.0,179945.78826714493,515122.52311394596,335819.605181817,0.0,184134.85049733997,519954.455679157
424,9971.21214,0.012915,527.047847830303,0.0,10498.247072830303,2734.11751861333,335176.73484680103,0.0,179945.78826714493,515122.52311394596,335819.605181817,0.0,184134.85049733997,519954.455679157
425,9972.012908,0.0046570000000000005,0.0,493.743713333335,9478.264537666666,2240.37380528,335176.73484680103,0.0,179945.78826714493,515122.52311394596,335819.605181817,0.0,184134.85049733997,519954.455679157
426,9972.813676,0.0,0.0,494.549138333334,9478.264537666666,1745.82466694667,335176.73484680103,0.0,179945.78826714493,515122.52311394596,335819.605181817,0.0,184134.85049733997,519954.455679157
427,9973.614444,0.0,0.0,849.673991613331,9123.940452386669,896.150675333334,335176.73484680103,0.0,179945.78826714493,515122.52311394596,335819.605181817,0.0,184134.85049733997,519954.455679157
428,9974.415213,0.0,0.0,496.150675333334,9478.264537666666,400.0,335176.73484680103,0.0,179945.78826714493,515122.52311394596,335819.605181817,0.0,184134.85049733997,519954.455679157
429,9975.399215,0.0,17.0233425515165,0.0,9992.422557551516,414.980541445335,335176.73484680103,0.0,179945.78826714493,515122.52311394596,335819.605181817,0.0,184134.85049733997,519954.455679157
430,9976.600368,0.0,0.0,0.0,9976.600368,414.980541445335,335176.73484680103,0.0,179945.78826714493,515122.52311394596,335819.605181817,0.0,184134.85049733997,519954.455679157
431,9977.80152,0.0,520.445552830302,0.0,10498.247072830303,872.972627936001,335176.73484680103,0.0,179945.78826714493,515122.52311394596,335819.605181817,0.0,184134.85049733997,519954.455679157
432,9979.002672,0.0,519.244400830303,0.0,10498.247072830303,1329.90770066667,335176.73484680103,0.0,179945.78826714493,515122.52311394596,335819.605181817,0.0,184134.85049733997,519954.455679157
433,9980.203825,0.0,518.043247830303,0.0,10498.247072830303,1785.78575875733,335176.73484680103,0.0,179945.78826714493,515122.52311394596,335819.605181817,0.0,184134.85049733997,519954.455679157
434,9981.343859,0.0,516.903213830303,0.0,10498.247072830303,2240.660586928,335176.73484680103,0.0,179945.78826714493,515122.52311394596,335819.605181817,0.0,184134.85049733997,519954.455679157
435,9982.34482,0.0,515.902252830303,0.0,10498.247072830303,2694.65456941867,335176.73484680103,0.0,179945.78826714493,515122.52311394596,335819.605181817,0.0,184134.85049733997,519954.455679157
436,9983.34578,0.0,514.901292830304,0.0,10498.247072830303,3147.76770710933,335176.73484680103,0.0,179945.78826714493,515122.52311394596,335819.605181817,0.0,184134.85049733997,519954.455679157
437,9984.34674,0.0,513.900332830302,0.0,10498.247072830303,3600.0,335176.73484680103,0.0,179945.78826714493,515122.52311394596,335819.605181817,0.0,184134.85049733997,519954.455679157
438,9985.3477,0.000753,0.0,507.082409333334,9478.264537666666,3092.91759066667,335176.73484680103,0.0,179945.78826714493,515122.52311394596,335819.605181817,0.0,184134.85049733997,519954.455679157
439,9986.379278,0.004844,0.0,648.50765833333,9337.866775666671,2444.40993233334,335176.73484680103,0.0,179945.78826714493,515122.52311394596,335819.605181817,0.0,184134.85049733997,519954.455679157
440,9987.58043,0.010236,0.0,509.305656333334,9478.264537666666,1935.104276,335176.73484680103,0.0,179945.78826714493,515122.52311394596,335819.605181817,0.0,184134.85049733997,519954.455679157
441,9988.781583,0.013746000000000001,0.0,510.503299333333,9478.264537666666,1424.60097666667,335176.73484680103,0.0,179945.78826714493,515122.52311394596,335819.605181817,0.0,184134.85049733997,519954.455679157
442,9989.982735,0.015515000000000001,0.0,511.702682333334,9478.264537666666,912.898294333334,335176.73484680103,0.0,179945.78826714493,515122.52311394596,335819.605181817,0.0,184134.85049733997,519954.455679157
443,9991.183887,0.021055,0.0,512.898294333334,9478.264537666666,400.0,335176.73484680103,0.0,179945.78826714493,515122.52311394596,335819.605181817,0.0,184134.85049733997,519954.455679157
444,9992.384804,0.022315,505.884583830304,0.0,10498.247072830303,845.178433770668,335176.73484680103,0.0,179945.78826714493,515122.52311394596,335819.605181817,0.0,184134.85049733997,519954.455679157
445,9993.185572,0.014487,505.075987830303,0.0,10498.247072830303,1289.64530306133,335176.73484680103,0.0,179945.78826714493,515122.52311394596,335819.605181817,0.0,184134.85049733997,519954.455679157
446,9993.98634,0.010555,504.271287830305,0.0,10498.247072830303,1733.404036352,335176.73484680103,0.0,179945.78826714493,515122.52311394596,335819.605181817,0.0,184134.85049733997,519954.455679157
447,9994.787108,0.006269,503.466233830302,0.0,10498.247072830303,2176.45432212267,335176.73484680103,0.0,179945.78826714493,515122.52311394596,335819.605181817,0.0,184134.85049733997,519954.455679157
448,9995.587877,0.0028980000000000004,502.662093830304,0.0,10498.247072830303,2618.79696469334,335176.73484680103,0.0,179945.78826714493,515122.52311394596,335819.605181817,0.0,184134.85049733997,519954.455679157
449,9996.388645,0.0014570000000000002,0.0,518.122650333335,9478.264537666666,2100.67431436,335176.73484680103,0.0,179945.78826714493,515122.52311394596,335819.605181817,0.0,184134.85049733997,519954.455679157
450,9997.019603,0.0,0.0,518.755065333335,9478.264537666666,1581.91924902667,335176.73484680103,0.0,179945.78826714493,515122.52311394596,335819.605181817,0.0,184134.85049733997,519954.455679157
451,9997.620179,0.0,0.0,661.963031693333,9335.657147306667,919.956217333334,335176.73484680103,0.0,179945.78826714493,515122.52311394596,335819.605181817,0.0,184134.85049733997,519954.455679157
452,9998.220755,0.0,0.0,519.956217333334,9478.264537666666,400.0,335176.73484680103,0.0,179945.78826714493,515122.52311394596,335819.605181817,0.0,184134.85049733997,519954.455679157
453,9998.821331,0.0,0.0,0.0,9998.821331,400.0,335176.73484680103,0.0,179945.78826714493,515122.52311394596,335819.605181817,0.0,184134.85049733997,519954.455679157
454,9999.421907,0.0,166.582806551511,0.0,10166.00471355151,546.59286976533,335176.73484680103,0.0,179945.78826714493,515122.52311394596,335819.605181817,0.0,184134.85049733997,519954.455679157
455,10000.16179,0.0,498.085282830303,0.0,10498.247072830303,984.907918655997,335176.73484680103,0.0,179945.78826714493,515122.52311394596,335819.605181817,0.0,184134.85049733997,519954.455679157
456,10000.96256,0.0,497.284512830303,0.0,10498.247072830303,1422.51828994666,335176.73484680103,0.0,179945.78826714493,515122.52311394596,335819.605181817,0.0,184134.85049733997,519954.455679157
457,10001.76333,0.0,496.483742830304,0.0,10498.247072830303,1859.42398363733,335176.73484680103,0.0,179945.78826714493,515122.52311394596,335819.605181817,0.0,184134.85049733997,519954.455679157
458,10002.5641,0.0,495.682972830304,0.0,10498.247072830303,2295.624999728,335176.73484680103,0.0,179945.78826714493,515122.52311394596,335819.605181817,0.0,184134.85049733997,519954.455679157
459,10003.36487,0.0,494.882202830304,0.0,10498.247072830303,2731.12133821867,335176.73484680103,0.0,179945.78826714493,515122.52311394596,335819.605181817,0.0,184134.85049733997,519954.455679157
460,10004.16563,0.0,494.081442830304,0.0,10498.247072830303,3165.91300790933,335176.73484680103,0.0,179945.78826714493,515122.52311394596,335819.605181817,0.0,184134.85049733997,519954.455679157
461,10004.9664,0.0,493.280672830304,0.0,10498.247072830303,3600.0,335176.73484680103,0.0,179945.78826714493,515122.52311394596,335819.605181817,0.0,184134.85049733997,519954.455679157
462,10005.76717,0.000348,0.0,527.502284333334,9478.264537666666,3072.49771566667,335176.73484680103,0.0,179945.78826714493,515122.52311394596,335819.605181817,0.0,184134.85049733997,519954.455679157
463,10006.56794,0.002009,0.0,528.301393333335,9478.264537666666,2544.19632233333,335176.73484680103,0.0,179945.78826714493,515122.52311394596,335819.605181817,0.0,184134.85049733997,519954.455679157
464,10007.36871,0.005755,0.0,529.098417333335,9478.264537666666,2015.097905,335176.73484680103,0.0,179945.78826714493,515122.52311394596,335819.605181817,0.0,184134.85049733997,519954.455679157
465,10007.93454,0.013381,0.0,529.656621333334,9478.264537666666,1485.44128366666,335176.73484680103,0.0,179945.78826714493,515122.52311394596,335819.605181817,0.0,184134.85049733997,519954.455679157
466,10008.13474,0.024806,0.0,529.845396333334,9478.264537666666,955.595887333329,335176.73484680103,0.0,179945.78826714493,515122.52311394596,335819.605181817,0.0,184134.85049733997,519954.455679157
467,10008.33493,0.026468000000000002,0.0,530.043924333335,9478.264537666666,425.551962999994,335176.73484680103,0.0,179945.78826714493,515122.52311394596,335819.605181817,0.0,184134.85049733997,519954.455679157
468,10008.53512,0.03032,489.742272830303,0.0,10498.247072830303,856.525163090661,335176.73484680103,0.0,179945.78826714493,515122.52311394596,335819.605181817,0.0,184134.85049733997,519954.455679157
469,10008.73531,0.041667,489.553429830303,0.0,10498.247072830303,1287.33218134133,335176.73484680103,0.0,179945.78826714493,515122.52311394596,335819.605181817,0.0,184134.85049733997,519954.455679157
470,10008.88769,0.02212,489.381502830303,0.0,10498.247072830303,1717.98790383199,335176.73484680103,0.0,179945.78826714493,515122.52311394596,335819.605181817,0.0,184134.85049733997,519954.455679157
471,10008.88769,0.007427,489.366809830304,0.0,10498.247072830303,2148.63069648266,335176.73484680103,0.0,179945.78826714493,515122.52311394596,335819.605181817,0.0,184134.85049733997,519954.455679157
472,10008.88769,0.003317,489.362699830304,0.0,10498.247072830303,2579.26987233333,335176.73484680103,0.0,179945.78826714493,515122.52311394596,335819.605181817,0.0,184134.85049733997,519954.455679157
473,10008.88769,0.0013100000000000002,0.0,587.165595333327,9421.720784666673,1992.104277,335176.73484680103,0.0,179945.78826714493,515122.52311394596,335819.605181817,0.0,184134.85049733997,519954.455679157
474,10008.88769,0.0,0.0,530.623152333334,9478.264537666666,1461.48112466667,335176.73484680103,0.0,179945.78826714493,515122.52311394596,335819.605181817,0.0,184134.85049733997,519954.455679157
475,10008.905,0.0,0.0,530.640462333335,9478.264537666666,930.840662333334,335176.73484680103,0.0,179945.78826714493,515122.52311394596,335819.605181817,0.0,184134.85049733997,519954.455679157
476,10009.1052,0.0,0.0,530.840662333334,9478.264537666666,400.0,335176.73484680103,0.0,179945.78826714493,515122.52311394596,335819.605181817,0.0,184134.85049733997,519954.455679157
477,10009.30539,0.0,0.0,0.0,10009.30539,400.0,335176.73484680103,0.0,179945.78826714493,515122.52311394596,335819.605181817,0.0,184134.85049733997,519954.455679157
478,10009.50558,0.0,488.741492830304,0.0,10498.247072830303,830.092513690668,335176.73484680103,0.0,179945.78826714493,515122.52311394596,335819.605181817,0.0,184134.85049733997,519954.455679157
479,10009.70577,0.0,488.541302830303,0.0,10498.247072830303,1260.00886018133,335176.73484680103,0.0,179945.78826714493,515122.52311394596,335819.605181817,0.0,184134.85049733997,519954.455679157
480,10009.90596,0.0,488.341112830303,0.0,10498.247072830303,1689.749039472,335176.73484680103,0.0,179945.78826714493,515122.52311394596,335819.605181817,0.0,184134.85049733997,519954.455679157
481,10010.10616,0.0,488.140912830304,0.0,10498.247072830303,2119.31304276267,335176.73484680103,0.0,179945.78826714493,515122.52311394596,335819.605181817,0.0,184134.85049733997,519954.455679157
482,10010.30635,0.0,219.977796551512,0.0,10230.284146551512,2312.893503728,335176.73484680103,0.0,179945.78826714493,515122.52311394596,335819.605181817,0.0,184134.85049733997,519954.455679157
483,10010.50654,0.0,487.740532830303,0.0,10498.247072830303,2742.10517261867,335176.73484680103,0.0,179945.78826714493,515122.52311394596,335819.605181817,0.0,184134.85049733997,519954.455679157
484,10010.70673,0.0,487.540342830303,0.0,10498.247072830303,3171.14067430933,335176.73484680103,0.0,179945.78826714493,515122.52311394596,335819.605181817,0.0,184134.85049733997,519954.455679157
485,10010.90693,0.0,487.340142830304,0.0,10498.247072830303,3600.0,335176.73484680103,0.0,179945.78826714493,515122.52311394596,335819.605181817,0.0,184134.85049733997,519954.455679157
486,10011.10712,0.001107,0.0,532.841475333335,9478.264537666666,3067.15852466667,335176.73484680103,0.0,179945.78826714493,515122.52311394596,335819.605181817,0.0,184134.85049733997,519954.455679157
487,10011.30731,0.008894,0.0,533.033878333328,9478.264537666671,2534.12464633334,335176.73484680103,0.0,179945.78826714493,515122.52311394596,335819.605181817,0.0,184134.85049733997,519954.455679157
488,10011.5075,0.018279,0.0,533.224683333334,9478.264537666666,2000.899963,335176.73484680103,0.0,179945.78826714493,515122.52311394596,335819.605181817,0.0,184134.85049733997,519954.455679157
489,10011.70769,0.019219,0.0,533.423933333333,9478.264537666666,1467.47602966667,335176.73484680103,0.0,179945.78826714493,515122.52311394596,335819.605181817,0.0,184134.85049733997,519954.455679157
490,10011.90789,0.0051010000000000005,0.0,533.638251333334,9478.264537666666,933.837778333334,335176.73484680103,0.0,179945.78826714493,515122.52311394596,335819.605181817,0.0,184134.85049733997,519954.455679157
491,10012.10808,0.005764,0.0,533.837778333334,9478.264537666666,400.0,335176.73484680103,0.0,179945.78826714493,515122.52311394596,335819.605181817,0.0,184134.85049733997,519954.455679157
492,10012.30827,0.009659000000000001,485.948461830303,0.0,10498.247072830303,827.634646410667,335176.73484680103,0.0,179945.78826714493,515122.52311394596,335819.605181817,0.0,184134.85049733997,519954.455679157
493,10012.50846,0.013432000000000001,485.752044830304,0.0,10498.247072830303,1255.09644586133,335176.73484680103,0.0,179945.78826714493,515122.52311394596,335819.605181817,0.0,184134.85049733997,519954.455679157
494,10012.70865,0.022912,485.561334830303,0.0,10498.247072830303,1682.390420512,335176.73484680103,0.0,179945.78826714493,515122.52311394596,335819.605181817,0.0,184134.85049733997,519954.455679157
495,10012.90885,0.020616,485.358838830303,0.0,10498.247072830303,2109.50619868267,335176.73484680103,0.0,179945.78826714493,515122.52311394596,335819.605181817,0.0,184134.85049733997,519954.455679157
496,10012.91803,0.012342,485.341384830303,0.0,10498.247072830303,2536.60661733334,335176.73484680103,0.0,179945.78826714493,515122.52311394596,335819.605181817,0.0,184134.85049733997,519954.455679157
497,10012.71784,0.005395,0.0,534.447907333333,9478.264537666666,2002.15871,335176.73484680103,0.0,179945.78826714493,515122.52311394596,335819.605181817,0.0,184134.85049733997,519954.455679157
498,10012.51765,3.7e-05,0.0,534.253075333334,9478.264537666666,1467.90563466667,335176.73484680103,0.0,179945.78826714493,515122.52311394596,335819.605181817,0.0,184134.85049733997,519954.455679157
499,10012.31745,0.0,0.0,534.052912333334,9478.264537666666,933.852722333335,335176.73484680103,0.0,179945.78826714493,515122.52311394596,335819.605181817,0.0,184134.85049733997,519954.455679157
500,10012.11726,0.0,0.0,533.852722333335,9478.264537666666,400.0,335176.73484680103,0.0,179945.78826714493,515122.52311394596,335819.605181817,0.0,184134.85049733997,519954.455679157
501,10011.78706,0.0,0.0,0.0,10011.78706,400.0,335176.73484680103,0.0,179945.78826714493,515122.52311394596,335819.605181817,0.0,184134.85049733997,519954.455679157
502,10011.18649,0.0,210.123406551513,0.0,10221.309896551513,584.908597765331,335176.73484680103,0.0,179945.78826714493,515122.52311394596,335819.605181817,0.0,184134.85049733997,519954.455679157
503,10010.58591,0.0,487.661162830304,0.0,10498.247072830303,1014.050421056,335176.73484680103,0.0,179945.78826714493,515122.52311394596,335819.605181817,0.0,184134.85049733997,519954.455679157
504,10009.98534,0.0,488.261732830304,0.0,10498.247072830303,1443.72074594667,335176.73484680103,0.0,179945.78826714493,515122.52311394596,335819.605181817,0.0,184134.85049733997,519954.455679157
505,10009.38476,0.0,488.862312830302,0.0,10498.247072830303,1873.91958123733,335176.73484680103,0.0,179945.78826714493,515122.52311394596,335819.605181817,0.0,184134.85049733997,519954.455679157
506,10008.78418,0.0,489.462892830303,0.0,10498.247072830303,2304.646926928,335176.73484680103,0.0,179945.78826714493,515122.52311394596,335819.605181817,0.0,184134.85049733997,519954.455679157
507,10008.18361,0.0,490.063462830303,0.0,10498.247072830303,2735.90277421867,335176.73484680103,0.0,179945.78826714493,515122.52311394596,335819.605181817,0.0,184134.85049733997,519954.455679157
508,10007.58303,0.0,490.664042830304,0.0,10498.247072830303,3167.68713190933,335176.73484680103,0.0,179945.78826714493,515122.52311394596,335819.605181817,0.0,184134.85049733997,519954.455679157
509,10006.98245,0.0,491.264622830304,0.0,10498.247072830303,3600.0,335176.73484680103,0.0,179945.78826714493,515122.52311394596,335819.605181817,0.0,184134.85049733997,519954.455679157
510,10006.38188,0.001107,0.0,528.116235333335,9478.264537666666,3071.88376466667,335176.73484680103,0.0,179945.78826714493,515122.52311394596,335819.605181817,0.0,184134.85049733997,519954.455679157
511,10005.78531,0.0021360000000000003,0.0,527.518636333334,9478.264537666666,2544.36512833333,335176.73484680103,0.0,179945.78826714493,515122.52311394596,335819.605181817,0.0,184134.85049733997,519954.455679157
512,10005.38492,0.008716,0.0,527.111666333334,9478.264537666666,2017.253462,335176.73484680103,0.0,179945.78826714493,515122.52311394596,335819.605181817,0.0,184134.85049733997,519954.455679157
513,10004.98454,0.020111999999999998,0.0,526.699890333333,9478.264537666666,1490.55357166666,335176.73484680103,0.0,179945.78826714493,515122.52311394596,335819.605181817,0.0,184134.85049733997,519954.455679157
514,10004.58415,0.019659,0.0,526.299953333335,9478.264537666666,964.253618333329,335176.73484680103,0.0,179945.78826714493,515122.52311394596,335819.605181817,0.0,184134.85049733997,519954.455679157
515,10004.18377,0.031935,0.0,525.887297333333,9478.264537666666,438.366320999996,335176.73484680103,0.0,179945.78826714493,515122.52311394596,335819.605181817,0.0,184134.85049733997,519954.455679157
516,10003.78339,0.027503,494.491185830302,0.0,10498.247072830303,873.518564530662,335176.73484680103,0.0,179945.78826714493,515122.52311394596,335819.605181817,0.0,184134.85049733997,519954.455679157
517,10003.383,0.029582999999999998,494.893655830303,0.0,10498.247072830303,1309.02498166133,335176.73484680103,0.0,179945.78826714493,515122.52311394596,335819.605181817,0.0,184134.85049733997,519954.455679157
518,10002.98262,0.023646999999999998,495.288099830303,0.0,10498.247072830303,1744.87850951199,335176.73484680103,0.0,179945.78826714493,515122.52311394596,335819.605181817,0.0,184134.85049733997,519954.455679157
519,10002.58223,0.010048,495.674890830303,0.0,10498.247072830303,2181.07241344266,335176.73484680103,0.0,179945.78826714493,515122.52311394596,335819.605181817,0.0,184134.85049733997,519954.455679157
520,10002.18185,0.010989,496.076211830303,0.0,10498.247072830303,2617.61947985333,335176.73484680103,0.0,179945.78826714493,515122.52311394596,335819.605181817,0.0,184134.85049733997,519954.455679157
521,10001.78147,0.0026709999999999998,0.0,649.471122853328,9352.307676146671,1968.148357,335176.73484680103,0.0,179945.78826714493,515122.52311394596,335819.605181817,0.0,184134.85049733997,519954.455679157
522,10001.38108,0.00012,0.0,523.116422333333,9478.264537666666,1445.03193466667,335176.73484680103,0.0,179945.78826714493,515122.52311394596,335819.605181817,0.0,184134.85049733997,519954.455679157
523,10000.9807,0.0,0.0,522.716162333334,9478.264537666666,922.315772333333,335176.73484680103,0.0,179945.78826714493,515122.52311394596,335819.605181817,0.0,184134.85049733997,519954.455679157
524,10000.58031,0.0,0.0,522.315772333333,9478.264537666666,400.0,335176.73484680103,0.0,179945.78826714493,515122.52311394596,335819.605181817,0.0,184134.85049733997,519954.455679157
525,10000.17993,0.0,0.0,0.0,10000.17993,400.0,335176.73484680103,0.0,179945.78826714493,515122.52311394596,335819.605181817,0.0,184134.85049733997,519954.455679157
526,9999.779545,0.0,0.0,0.0,9999.779545,400.0,335176.73484680103,0.0,179945.78826714493,515122.52311394596,335819.605181817,0.0,184134.85049733997,519954.455679157
527,9999.266464,0.0,0.0,0.0,9999.266464,400.0,335176.73484680103,0.0,179945.78826714493,515122.52311394596,335819.605181817,0.0,184134.85049733997,519954.455679157
528,9998.665888,0.0,0.0,0.0,9998.665888,400.0,335176.73484680103,0.0,179945.78826714493,515122.52311394596,335819.605181817,0.0,184134.85049733997,519954.455679157
529,9998.065312,0.0,0.0,0.0,9998.065312,400.0,335176.73484680103,0.0,179945.78826714493,515122.52311394596,335819.605181817,0.0,184134.85049733997,519954.455679157
530,9997.464736,0.0,0.0,0.0,9997.464736,400.0,335176.73484680103,0.0,179945.78826714493,515122.52311394596,335819.605181817,0.0,184134.85049733997,519954.455679157
531,9996.86416,0.0,0.0,0.0,9996.86416,400.0,335176.73484680103,0.0,179945.78826714493,515122.52311394596,335819.605181817,0.0,184134.85049733997,519954.455679157
532,9996.181387,0.0,0.0,0.0,9996.181387,400.0,335176.73484680103,0.0,179945.78826714493,515122.52311394596,335819.605181817,0.0,184134.85049733997,519954.455679157
533,9995.380619,0.0,0.0,0.0,9995.380619,400.0,335176.73484680103,0.0,179945.78826714493,515122.52311394596,335819.605181817,0.0,184134.85049733997,519954.455679157
534,9994.579851,0.001231,0.0,0.0,9994.57862,400.0,335176.73484680103,0.0,179945.78826714493,515122.52311394596,335819.605181817,0.0,184134.85049733997,519954.455679157
535,9993.779083,0.010917,0.0,0.0,9993.768166,400.0,335176.73484680103,0.0,179945.78826714493,515122.52311394596,335819.605181817,0.0,184134.85049733997,519954.455679157
536,9992.978314,0.022941,0.0,0.0,9992.955373,400.0,335176.73484680103,0.0,179945.78826714493,515122.52311394596,335819.605181817,0.0,184134.85049733997,519954.455679157
537,9992.177546,0.032310000000000005,0.0,0.0,9992.145236,400.0,335176.73484680103,0.0,179945.78826714493,515122.52311394596,335819.605181817,0.0,184134.85049733997,519954.455679157
538,9991.376778,0.040097,0.0,0.0,9991.336681,400.0,335176.73484680103,0.0,179945.78826714493,515122.52311394596,335819.605181817,0.0,184134.85049733997,519954.455679157
539,9990.57601,0.041267000000000005,0.0,0.0,9990.534743,400.0,335176.73484680103,0.0,179945.78826714493,515122.52311394596,335819.605181817,0.0,184134.85049733997,519954.455679157
540,9989.775242,0.040820999999999996,0.0,0.0,9989.734421,400.0,335176.73484680103,0.0,179945.78826714493,515122.52311394596,335819.605181817,0.0,184134.85049733997,519954.455679157
541,9988.974473,0.037283000000000004,0.0,0.0,9988.93719,400.0,335176.73484680103,0.0,179945.78826714493,515122.52311394596,335819.605181817,0.0,184134.85049733997,519954.455679157
542,9988.131312,0.028394,0.0,0.0,9988.102917999999,400.0,335176.73484680103,0.0,179945.78826714493,515122.52311394596,335819.605181817,0.0,184134.85049733997,519954.455679157
543,9986.930159,0.02583,0.0,0.0,9986.904328999999,400.0,335176.73484680103,0.0,179945.78826714493,515122.52311394596,335819.605181817,0.0,184134.85049733997,519954.455679157
544,9985.729007,0.016985,0.0,0.0,9985.712022,400.0,335176.73484680103,0.0,179945.78826714493,515122.52311394596,335819.605181817,0.0,184134.85049733997,519954.455679157
545,9984.527855,0.004235,0.0,0.0,9984.52362,400.0,335176.73484680103,0.0,179945.78826714493,515122.52311394596,335819.605181817,0.0,184134.85049733997,519954.455679157
546,9983.326703,0.0,0.0,0.0,9983.326703,400.0,335176.73484680103,0.0,179945.78826714493,515122.52311394596,335819.605181817,0.0,184134.85049733997,519954.455679157
547,9982.12555,0.0,0.0,0.0,9982.12555,400.0,335176.73484680103,0.0,179945.78826714493,515122.52311394596,335819.605181817,0.0,184134.85049733997,519954.455679157
548,9981.115287,0.0,0.0,0.0,9981.115287,400.0,335176.73484680103,0.0,179945.78826714493,515122.52311394596,335819.605181817,0.0,184134.85049733997,519954.455679157
549,9980.114327,0.0,0.0,0.0,9980.114327,400.0,335176.73484680103,0.0,179945.78826714493,515122.52311394596,335819.605181817,0.0,184134.85049733997,519954.455679157
550,9979.113367,0.0,0.0,0.0,9979.113367,400.0,335176.73484680103,0.0,179945.78826714493,515122.52311394596,335819.605181817,0.0,184134.85049733997,519954.455679157
551,9978.112406,0.0,0.0,0.0,9978.112406,400.0,335176.73484680103,0.0,179945.78826714493,515122.52311394596,335819.605181817,0.0,184134.85049733997,519954.455679157
552,9977.111446,0.0,0.0,0.0,9977.111446,400.0,335176.73484680103,0.0,179945.78826714493,515122.52311394596,335819.605181817,0.0,184134.85049733997,519954.455679157
553,9975.950097,0.0,0.0,0.0,9975.950097,400.0,335176.73484680103,0.0,179945.78826714493,515122.52311394596,335819.605181817,0.0,184134.85049733997,519954.455679157
554,9974.748945,0.0,0.0,0.0,9974.748945,400.0,335176.73484680103,0.0,179945.78826714493,515122.52311394596,335819.605181817,0.0,184134.85049733997,519954.455679157
555,9973.547792,0.0,0.0,0.0,9973.547792,400.0,335176.73484680103,0.0,179945.78826714493,515122.52311394596,335819.605181817,0.0,184134.85049733997,519954.455679157
556,9972.34664,0.0,0.0,0.0,9972.34664,400.0,335176.73484680103,0.0,179945.78826714493,515122.52311394596,335819.605181817,0.0,184134.85049733997,519954.455679157
557,9971.145488,0.0,0.0,0.0,9971.145488,400.0,335176.73484680103,0.0,179945.78826714493,515122.52311394596,335819.605181817,0.0,184134.85049733997,519954.455679157
558,9969.814446,0.001305,0.0,0.0,9969.813141,400.0,335176.73484680103,0.0,179945.78826714493,515122.52311394596,335819.605181817,0.0,184134.85049733997,519954.455679157
559,9968.413102,0.011625,0.0,0.0,9968.401477000001,400.0,335176.73484680103,0.0,179945.78826714493,515122.52311394596,335819.605181817,0.0,184134.85049733997,519954.455679157
560,9967.011758,0.023784,0.0,0.0,9966.987974,400.0,335176.73484680103,0.0,179945.78826714493,515122.52311394596,335819.605181817,0.0,184134.85049733997,519954.455679157
561,9965.610413,0.033551000000000004,0.0,0.0,9965.576862,400.0,335176.73484680103,0.0,179945.78826714493,515122.52311394596,335819.605181817,0.0,184134.85049733997,519954.455679157
562,9964.209069,0.038776000000000005,0.0,0.0,9964.170293000001,400.0,335176.73484680103,0.0,179945.78826714493,515122.52311394596,335819.605181817,0.0,184134.85049733997,519954.455679157
563,9963.006504,0.040834,0.0,0.0,9962.965670000001,400.0,335176.73484680103,0.0,179945.78826714493,515122.52311394596,335819.605181817,0.0,184134.85049733997,519954.455679157
564,9962.005543,0.041667,0.0,0.0,9961.963876,400.0,335176.73484680103,0.0,179945.78826714493,515122.52311394596,335819.605181817,0.0,184134.85049733997,519954.455679157
565,9961.004583,0.040767000000000005,0.0,0.0,9960.963816,400.0,335176.73484680103,0.0,179945.78826714493,515122.52311394596,335819.605181817,0.0,184134.85049733997,519954.455679157
566,9960.003623,0.035539,0.0,0.0,9959.968084,400.0,335176.73484680103,0.0,179945.78826714493,515122.52311394596,335819.605181817,0.0,184134.85049733997,519954.455679157
567,9959.002663,0.027411,0.0,0.0,9958.975252,400.0,335176.73484680103,0.0,179945.78826714493,515122.52311394596,335819.605181817,0.0,184134.85049733997,519954.455679157
568,9958.070592,0.016634,0.0,0.0,9958.053958,400.0,335176.73484680103,0.0,179945.78826714493,515122.52311394596,335819.605181817,0.0,184134.85049733997,519954.455679157
569,9957.269824,0.0049180000000000005,0.0,0.0,9957.264906,400.0,335176.73484680103,0.0,179945.78826714493,515122.52311394596,335819.605181817,0.0,184134.85049733997,519954.455679157
570,9956.469056,0.0,0.0,0.0,9956.469056,400.0,335176.73484680103,0.0,179945.78826714493,515122.52311394596,335819.605181817,0.0,184134.85049733997,519954.455679157
571,9955.668288,0.0,0.0,0.0,9955.668288,400.0,335176.73484680103,0.0,179945.78826714493,515122.52311394596,335819.605181817,0.0,184134.85049733997,519954.455679157
572,9954.867519,0.0,0.0,0.0,9954.867519,400.0,335176.73484680103,0.0,179945.78826714493,515122.52311394596,335819.605181817,0.0,184134.85049733997,519954.455679157
573,9953.989972,0.0,328.71758038182,0.0,10282.70755238182,689.271470736001,335176.73484680103,0.0,179945.78826714493,515122.52311394596,335819.605181817,0.0,184134.85049733997,519954.455679157
574,9952.788819,0.0,0.0,0.0,9952.788819,689.271470736001,335176.73484680103,0.0,179945.78826714493,515122.52311394596,335819.605181817,0.0,184134.85049733997,519954.455679157
575,9951.587667,0.0,0.0,0.0,9951.587667,689.271470736001,335176.73484680103,0.0,179945.78826714493,515122.52311394596,335819.605181817,0.0,184134.85049733997,519954.455679157
576,9950.386515,0.0,547.860557830303,0.0,10498.247072830303,1171.38876162667,335176.73484680103,0.0,179945.78826714493,515122.52311394596,335819.605181817,0.0,184134.85049733997,519954.455679157
577,9949.185363,0.0,549.061709830303,0.0,10498.247072830303,1654.56306627733,335176.73484680103,0.0,179945.78826714493,515122.52311394596,335819.605181817,0.0,184134.85049733997,519954.455679157
578,9947.96843,0.0,550.278642830302,0.0,10498.247072830303,2138.808271968,335176.73484680103,0.0,179945.78826714493,515122.52311394596,335819.605181817,0.0,184134.85049733997,519954.455679157
579,9946.366894,0.0,551.880178830303,0.0,10498.247072830303,2624.46282933867,335176.73484680103,0.0,179945.78826714493,515122.52311394596,335819.605181817,0.0,184134.85049733997,519954.455679157
580,9944.765358,0.0,553.481714830303,0.0,10498.247072830303,3111.52673838933,335176.73484680103,0.0,179945.78826714493,515122.52311394596,335819.605181817,0.0,184134.85049733997,519954.455679157
581,9943.163821,0.0,555.083251830303,0.0,10498.247072830303,3600.0,335176.73484680103,0.0,179945.78826714493,515122.52311394596,335819.605181817,0.0,184134.85049733997,519954.455679157
582,9941.562285,0.001382,0.0,463.296365333334,9478.264537666666,3136.70363466667,335176.73484680103,0.0,179945.78826714493,515122.52311394596,335819.605181817,0.0,184134.85049733997,519954.455679157
583,9939.960749,0.011589,0.0,461.684622333334,9478.264537666666,2675.01901233333,335176.73484680103,0.0,179945.78826714493,515122.52311394596,335819.605181817,0.0,184134.85049733997,519954.455679157
584,9938.18163,0.023314,0.0,906.191588333331,9031.966727666668,1768.827424,335176.73484680103,0.0,179945.78826714493,515122.52311394596,335819.605181817,0.0,184134.85049733997,519954.455679157
585,9936.379902,0.032741,0.0,458.082623333334,9478.264537666666,1310.74480066667,335176.73484680103,0.0,179945.78826714493,515122.52311394596,335819.605181817,0.0,184134.85049733997,519954.455679157
586,9934.578173,0.039075000000000006,0.0,456.274560333333,9478.264537666666,854.470240333334,335176.73484680103,0.0,179945.78826714493,515122.52311394596,335819.605181817,0.0,184134.85049733997,519954.455679157
587,9932.776445,0.041667,0.0,454.470240333334,9478.264537666666,400.0,335176.73484680103,0.0,179945.78826714493,515122.52311394596,335819.605181817,0.0,184134.85049733997,519954.455679157
588,9930.974717,0.041667,567.314022830304,0.0,10498.247072830303,899.236340090667,335176.73484680103,0.0,179945.78826714493,515122.52311394596,335819.605181817,0.0,184134.85049733997,519954.455679157
589,9928.878824,0.040374,569.408622830304,0.0,10498.247072830303,1400.31592818133,335176.73484680103,0.0,179945.78826714493,515122.52311394596,335819.605181817,0.0,184134.85049733997,519954.455679157
590,9926.676711,0.034935,571.605296830303,0.0,10498.247072830303,1903.328589392,335176.73484680103,0.0,179945.78826714493,515122.52311394596,335819.605181817,0.0,184134.85049733997,519954.455679157
591,9924.474599,0.027315000000000002,573.799788830303,0.0,10498.247072830303,2408.27240356267,335176.73484680103,0.0,179945.78826714493,515122.52311394596,335819.605181817,0.0,184134.85049733997,519954.455679157
592,9922.272486,0.015446,575.990032830303,0.0,10498.247072830303,2915.14363245334,335176.73484680103,0.0,179945.78826714493,515122.52311394596,335819.605181817,0.0,184134.85049733997,519954.455679157
593,9920.070374,0.003991,0.0,641.708781786667,9278.357601213334,2273.43485066667,335176.73484680103,0.0,179945.78826714493,515122.52311394596,335819.605181817,0.0,184134.85049733997,519954.455679157
594,9917.984844,0.0,0.0,1000.0,8917.984844,1273.43485066667,335176.73484680103,0.0,179945.78826714493,515122.52311394596,335819.605181817,0.0,184134.85049733997,519954.455679157
595,9915.982923,0.0,0.0,437.718385333334,9478.264537666666,835.716465333335,335176.73484680103,0.0,179945.78826714493,515122.52311394596,335819.605181817,0.0,184134.85049733997,519954.455679157
596,9913.981003,0.0,0.0,435.716465333335,9478.264537666666,400.0,335176.73484680103,0.0,179945.78826714493,515122.52311394596,335819.605181817,0.0,184134.85049733997,519954.455679157
597,9911.979082,0.0,0.0,0.0,9911.979082,400.0,335176.73484680103,0.0,179945.78826714493,515122.52311394596,335819.605181817,0.0,184134.85049733997,519954.455679157
598,9909.977162,0.0,0.0,0.0,9909.977162,400.0,335176.73484680103,0.0,179945.78826714493,515122.52311394596,335819.605181817,0.0,184134.85049733997,519954.455679157
599,9907.803076,0.0,590.443996830303,0.0,10498.247072830303,919.590717210667,335176.73484680103,0.0,179945.78826714493,515122.52311394596,335819.605181817,0.0,184134.85049733997,519954.455679157
600,9905.400772,0.0,46.2762813818158,0.0,9951.677053381816,960.313844826665,335176.73484680103,0.0,179945.78826714493,515122.52311394596,335819.605181817,0.0,184134.85049733997,519954.455679157
601,9902.998467,0.0,595.248605830304,0.0,10498.247072830303,1484.13261795733,335176.73484680103,0.0,179945.78826714493,515122.52311394596,335819.605181817,0.0,184134.85049733997,519954.455679157
602,9900.596163,0.0,597.650909830303,0.0,10498.247072830303,2010.065418608,335176.73484680103,0.0,179945.78826714493,515122.52311394596,335819.605181817,0.0,184134.85049733997,519954.455679157
603,9898.193858,0.0,600.053214830303,0.0,10498.247072830303,2538.11224765867,335176.73484680103,0.0,179945.78826714493,515122.52311394596,335819.605181817,0.0,184134.85049733997,519954.455679157
604,9895.902719,0.0,602.344353830304,0.0,10498.247072830303,3068.17527902933,335176.73484680103,0.0,179945.78826714493,515122.52311394596,335819.605181817,0.0,184134.85049733997,519954.455679157
605,9893.900799,0.0,604.346273830304,0.0,10498.247072830303,3600.0,335176.73484680103,0.0,179945.78826714493,515122.52311394596,335819.605181817,0.0,184134.85049733997,519954.455679157
606,9891.898878,0.00149,0.0,1000.0,8891.897388,2600.0,335176.73484680103,0.0,179945.78826714493,515122.52311394596,335819.605181817,0.0,184134.85049733997,519954.455679157
607,9889.896958,0.011627,0.0,411.620793333333,9478.264537666666,2188.37920666667,335176.73484680103,0.0,179945.78826714493,515122.52311394596,335819.605181817,0.0,184134.85049733997,519954.455679157
608,9887.895037,0.023379999999999998,0.0,409.607119333334,9478.264537666666,1778.77208733333,335176.73484680103,0.0,179945.78826714493,515122.52311394596,335819.605181817,0.0,184134.85049733997,519954.455679157
609,9885.943283,0.032383,0.0,568.298547666664,9317.612352333337,1210.47353966667,335176.73484680103,0.0,179945.78826714493,515122.52311394596,335819.605181817,0.0,184134.85049733997,519954.455679157
610,9884.341746,0.038077,0.0,406.039131333335,9478.264537666666,804.434408333334,335176.73484680103,0.0,179945.78826714493,515122.52311394596,335819.605181817,0.0,184134.85049733997,519954.455679157
611,9882.74021,0.041264,0.0,404.434408333334,9478.264537666666,400.0,335176.73484680103,0.0,179945.78826714493,515122.52311394596,335819.605181817,0.0,184134.85049733997,519954.455679157
612,9881.138674,0.040263,617.148661830304,0.0,10498.247072830303,943.090822410668,335176.73484680103,0.0,179945.78826714493,515122.52311394596,335819.605181817,0.0,184134.85049733997,519954.455679157
613,9879.537137,0.034651,618.744586830304,0.0,10498.247072830303,1487.58605882134,335176.73484680103,0.0,179945.78826714493,515122.52311394596,335819.605181817,0.0,184134.85049733997,519954.455679157
614,9877.935601,0.031181999999999998,620.342653830305,0.0,10498.247072830303,2033.487594192,335176.73484680103,0.0,179945.78826714493,515122.52311394596,335819.605181817,0.0,184134.85049733997,519954.455679157
615,9876.139289,0.023544000000000002,622.131327830302,0.0,10498.247072830303,2580.96316268267,335176.73484680103,0.0,179945.78826714493,515122.52311394596,335819.605181817,0.0,184134.85049733997,519954.455679157
616,9874.337561,0.010575,623.920086830303,0.0,10498.247072830303,3130.01283909334,335176.73484680103,0.0,179945.78826714493,515122.52311394596,335819.605181817,0.0,184134.85049733997,519954.455679157
617,9872.535833,0.003077,0.0,1000.0,8872.532756,2130.01283909334,335176.73484680103,0.0,179945.78826714493,515122.52311394596,335819.605181817,0.0,184134.85049733997,519954.455679157
618,9870.734104,7.000000000000001e-05,0.0,392.469496333333,9478.264537666666,1737.54334276,335176.73484680103,0.0,179945.78826714493,515122.52311394596,335819.605181817,0.0,184134.85049733997,519954.455679157
619,9868.932376,0.0,0.0,948.677233426669,8920.25514257333,788.866109333334,335176.73484680103,0.0,179945.78826714493,515122.52311394596,335819.605181817,0.0,184134.85049733997,519954.455679157
620,9867.130647,0.0,0.0,388.866109333334,9478.264537666666,400.0,335176.73484680103,0.0,179945.78826714493,515122.52311394596,335819.605181817,0.0,184134.85049733997,519954.455679157
621,9865.328919,0.0,0.0,0.0,9865.328919,400.0,335176.73484680103,0.0,179945.78826714493,515122.52311394596,335819.605181817,0.0,184134.85049733997,519954.455679157
622,9863.527191,0.0,0.0,0.0,9863.527191,400.0,335176.73484680103,0.0,179945.78826714493,515122.52311394596,335819.605181817,0.0,184134.85049733997,519954.455679157
623,9861.725462,0.0,0.0,0.0,9861.725462,400.0,335176.73484680103,0.0,179945.78826714493,515122.52311394596,335819.605181817,0.0,184134.85049733997,519954.455679157
624,9859.923734,0.0,638.323338830303,0.0,10498.247072830303,961.724538170667,335176.73484680103,0.0,179945.78826714493,515122.52311394596,335819.605181817,0.0,184134.85049733997,519954.455679157
625,9858.122005,0.0,419.52274421212,0.0,10277.644749212119,1330.90455307733,335176.73484680103,0.0,179945.78826714493,515122.52311394596,335819.605181817,0.0,184134.85049733997,519954.455679157
626,9856.320277,0.0,641.926795830303,0.0,10498.247072830303,1895.800133408,335176.73484680103,0.0,179945.78826714493,515122.52311394596,335819.605181817,0.0,184134.85049733997,519954.455679157
627,9854.518549,0.0,643.728523830303,0.0,10498.247072830303,2462.28123437867,335176.73484680103,0.0,179945.78826714493,515122.52311394596,335819.605181817,0.0,184134.85049733997,519954.455679157
628,9852.71682,0.0,645.530252830304,0.0,10498.247072830303,3030.34785686933,335176.73484680103,0.0,179945.78826714493,515122.52311394596,335819.605181817,0.0,184134.85049733997,519954.455679157
629,9850.915092,0.0,647.331980830304,0.0,10498.247072830303,3600.0,335176.73484680103,0.0,179945.78826714493,515122.52311394596,335819.605181817,0.0,184134.85049733997,519954.455679157
630,9849.42319,0.001345,0.0,1000.0,8849.421844999999,2600.0,335176.73484680103,0.0,179945.78826714493,515122.52311394596,335819.605181817,0.0,184134.85049733997,519954.455679157
631,9848.222038,0.006728,0.0,732.310733666662,9115.904576333338,1867.68926633334,335176.73484680103,0.0,179945.78826714493,515122.52311394596,335819.605181817,0.0,184134.85049733997,519954.455679157
632,9847.020886,0.009254,0.0,368.747094333334,9478.264537666666,1498.942172,335176.73484680103,0.0,179945.78826714493,515122.52311394596,335819.605181817,0.0,184134.85049733997,519954.455679157
633,9845.819733,0.014603,0.0,367.540592333335,9478.264537666666,1131.40157966667,335176.73484680103,0.0,179945.78826714493,515122.52311394596,335819.605181817,0.0,184134.85049733997,519954.455679157
634,9844.618581,0.015897,0.0,366.338146333335,9478.264537666666,765.063433333335,335176.73484680103,0.0,179945.78826714493,515122.52311394596,335819.605181817,0.0,184134.85049733997,519954.455679157
635,9843.344653,0.016682,0.0,365.063433333335,9478.264537666666,400.0,335176.73484680103,0.0,179945.78826714493,515122.52311394596,335819.605181817,0.0,184134.85049733997,519954.455679157
636,9841.943309,0.016396,656.320159830304,0.0,10498.247072830303,977.561740650668,335176.73484680103,0.0,179945.78826714493,515122.52311394596,335819.605181817,0.0,184134.85049733997,519954.455679157
637,9840.541964,0.015317,657.720425830303,0.0,10498.247072830303,1556.35571538133,335176.73484680103,0.0,179945.78826714493,515122.52311394596,335819.605181817,0.0,184134.85049733997,519954.455679157
638,9839.14062,0.017943999999999998,659.124396830302,0.0,10498.247072830303,2136.385184592,335176.73484680103,0.0,179945.78826714493,515122.52311394596,335819.605181817,0.0,184134.85049733997,519954.455679157
639,9837.739276,0.010812,660.518608830303,0.0,10498.247072830303,2717.64156036267,335176.73484680103,0.0,179945.78826714493,515122.52311394596,335819.605181817,0.0,184134.85049733997,519954.455679157
640,9836.168828,0.007744,662.085988830304,0.0,10498.247072830303,3300.27723053333,335176.73484680103,0.0,179945.78826714493,515122.52311394596,335819.605181817,0.0,184134.85049733997,519954.455679157
641,9833.966716,0.003243,0.0,1000.0,8833.963473000002,2300.27723053333,335176.73484680103,0.0,179945.78826714493,515122.52311394596,335819.605181817,0.0,184134.85049733997,519954.455679157
642,9831.764603,3e-05,0.0,1000.0,8831.764573,1300.27723053333,335176.73484680103,0.0,179945.78826714493,515122.52311394596,335819.605181817,0.0,184134.85049733997,519954.455679157
643,9829.562491,0.0,0.0,551.181390200001,9278.3811008,749.095840333333,335176.73484680103,0.0,179945.78826714493,515122.52311394596,335819.605181817,0.0,184134.85049733997,519954.455679157
644,9827.360378,0.0,0.0,349.095840333333,9478.264537666666,400.0,335176.73484680103,0.0,179945.78826714493,515122.52311394596,335819.605181817,0.0,184134.85049733997,519954.455679157
645,9825.170042,0.0,0.0,0.0,9825.170042,400.0,335176.73484680103,0.0,179945.78826714493,515122.52311394596,335819.605181817,0.0,184134.85049733997,519954.455679157
646,9823.168121,0.0,0.0,0.0,9823.168121,400.0,335176.73484680103,0.0,179945.78826714493,515122.52311394596,335819.605181817,0.0,184134.85049733997,519954.455679157
647,9821.166201,0.0,0.0,0.0,9821.166201,400.0,335176.73484680103,0.0,179945.78826714493,515122.52311394596,335819.605181817,0.0,184134.85049733997,519954.455679157
648,9819.16428,0.0,679.082792830302,0.0,10498.247072830303,997.592857690666,335176.73484680103,0.0,179945.78826714493,515122.52311394596,335819.605181817,0.0,184134.85049733997,519954.455679157
649,9817.16236,0.0,211.77780621212,0.0,10028.94016621212,1183.95732715733,335176.73484680103,0.0,179945.78826714493,515122.52311394596,335819.605181817,0.0,184134.85049733997,519954.455679157
650,9815.160439,0.0,683.086633830304,0.0,10498.247072830303,1785.073564928,335176.73484680103,0.0,179945.78826714493,515122.52311394596,335819.605181817,0.0,184134.85049733997,519954.455679157
651,9812.977051,0.0,685.270021830303,0.0,10498.247072830303,2388.11118413867,335176.73484680103,0.0,179945.78826714493,515122.52311394596,335819.605181817,0.0,184134.85049733997,519954.455679157
652,9810.774938,0.0,687.472134830303,0.0,10498.247072830303,2993.08666278933,335176.73484680103,0.0,179945.78826714493,515122.52311394596,335819.605181817,0.0,184134.85049733997,519954.455679157
653,9808.572826,0.0,689.674246830304,0.0,10498.247072830303,3600.0,335176.73484680103,0.0,179945.78826714493,515122.52311394596,335819.605181817,0.0,184134.85049733997,519954.455679157
654,9806.370713,0.000431,0.0,1000.0,8806.370282,2600.0,335176.73484680103,0.0,179945.78826714493,515122.52311394596,335819.605181817,0.0,184134.85049733997,519954.455679157
655,9804.168601,0.0024089999999999997,0.0,325.901654333333,9478.264537666666,2274.09834566667,335176.73484680103,0.0,179945.78826714493,515122.52311394596,335819.605181817,0.0,184134.85049733997,519954.455679157
656,9802.117457,0.003468,0.0,323.849451333333,9478.264537666666,1950.24889433333,335176.73484680103,0.0,179945.78826714493,515122.52311394596,335819.605181817,0.0,184134.85049733997,519954.455679157
657,9800.115536,0.007161,0.0,321.843837333334,9478.264537666666,1628.405057,335176.73484680103,0.0,179945.78826714493,515122.52311394596,335819.605181817,0.0,184134.85049733997,519954.455679157
658,9798.113616,0.01358,0.0,910.572747666667,8887.527288333333,717.832309333333,335176.73484680103,0.0,179945.78826714493,515122.52311394596,335819.605181817,0.0,184134.85049733997,519954.455679157
659,9796.111695,0.014848000000000002,0.0,317.832309333333,9478.264537666666,400.0,335176.73484680103,0.0,179945.78826714493,515122.52311394596,335819.605181817,0.0,184134.85049733997,519954.455679157
660,9794.109775,0.012782,704.150079830302,0.0,10498.247072830303,1019.65207025067,335176.73484680103,0.0,179945.78826714493,515122.52311394596,335819.605181817,0.0,184134.85049733997,519954.455679157
661,9792.228323,0.014885,706.033634830304,0.0,10498.247072830303,1640.96166890133,335176.73484680103,0.0,179945.78826714493,515122.52311394596,335819.605181817,0.0,184134.85049733997,519954.455679157
662,9790.426595,0.006186,707.826663830303,0.0,10498.247072830303,2263.849133072,335176.73484680103,0.0,179945.78826714493,515122.52311394596,335819.605181817,0.0,184134.85049733997,519954.455679157
663,9788.624866,0.00222,709.624426830303,0.0,10498.247072830303,2888.31862868267,335176.73484680103,0.0,179945.78826714493,515122.52311394596,335819.605181817,0.0,184134.85049733997,519954.455679157
664,9786.823138,0.001471,711.425405830303,0.0,10498.247072830303,3514.37298581333,335176.73484680103,0.0,179945.78826714493,515122.52311394596,335819.605181817,0.0,184134.85049733997,519954.455679157
665,9785.021409,0.000999,0.0,1000.0,8785.020410000001,2514.37298581333,335176.73484680103,0.0,179945.78826714493,515122.52311394596,335819.605181817,0.0,184134.85049733997,519954.455679157
666,9783.399618,0.0,0.0,1000.0,8783.399618,1514.37298581333,335176.73484680103,0.0,179945.78826714493,515122.52311394596,335819.605181817,0.0,184134.85049733997,519954.455679157
667,9781.998274,0.0,0.0,812.040593480001,8969.957680519998,702.332392333334,335176.73484680103,0.0,179945.78826714493,515122.52311394596,335819.605181817,0.0,184134.85049733997,519954.455679157
668,9780.59693,0.0,0.0,302.332392333334,9478.264537666666,400.0,335176.73484680103,0.0,179945.78826714493,515122.52311394596,335819.605181817,0.0,184134.85049733997,519954.455679157
669,9779.195585,0.0,0.0,0.0,9779.195585,400.0,335176.73484680103,0.0,179945.78826714493,515122.52311394596,335819.605181817,0.0,184134.85049733997,519954.455679157
670,9777.794241,0.0,0.0,0.0,9777.794241,400.0,335176.73484680103,0.0,179945.78826714493,515122.52311394596,335819.605181817,0.0,184134.85049733997,519954.455679157
671,9776.392897,0.0,0.0,0.0,9776.392897,400.0,335176.73484680103,0.0,179945.78826714493,515122.52311394596,335819.605181817,0.0,184134.85049733997,519954.455679157
672,9774.991552,0.0,0.0,0.0,9774.991552,400.0,335176.73484680103,0.0,179945.78826714493,515122.52311394596,335819.605181817,0.0,184134.85049733997,519954.455679157
673,9773.590208,0.0,724.656864830304,0.0,10498.247072830303,1037.69804105067,335176.73484680103,0.0,179945.78826714493,515122.52311394596,335819.605181817,0.0,184134.85049733997,519954.455679157
674,9772.188864,0.0,724.865948042423,0.0,10497.054812042423,1675.580075328,335176.73484680103,0.0,179945.78826714493,515122.52311394596,335819.605181817,0.0,184134.85049733997,519954.455679157
675,9770.787519,0.0,727.459553830304,0.0,10498.247072830303,2315.74448269867,335176.73484680103,0.0,179945.78826714493,515122.52311394596,335819.605181817,0.0,184134.85049733997,519954.455679157
676,9769.357206,0.0,728.889866830303,0.0,10498.247072830303,2957.16756550933,335176.73484680103,0.0,179945.78826714493,515122.52311394596,335819.605181817,0.0,184134.85049733997,519954.455679157
677,9767.75567,0.0,730.491402830303,0.0,10498.247072830303,3600.0,335176.73484680103,0.0,179945.78826714493,515122.52311394596,335819.605181817,0.0,184134.85049733997,519954.455679157
678,9766.154133,0.001082,0.0,350.788694999999,9415.364356,3249.211305,335176.73484680103,0.0,179945.78826714493,515122.52311394596,335819.605181817,0.0,184134.85049733997,519954.455679157
679,9764.552597,0.010943,0.0,1000.0,8764.541654,2249.211305,335176.73484680103,0.0,179945.78826714493,515122.52311394596,335819.605181817,0.0,184134.85049733997,519954.455679157
680,9762.951061,0.021391,0.0,284.665132333334,9478.264537666666,1964.54617266667,335176.73484680103,0.0,179945.78826714493,515122.52311394596,335819.605181817,0.0,184134.85049733997,519954.455679157
681,9761.349524,0.009435,0.0,283.075551333333,9478.264537666666,1681.47062133333,335176.73484680103,0.0,179945.78826714493,515122.52311394596,335819.605181817,0.0,184134.85049733997,519954.455679157
682,9759.747988,0.012829,0.0,281.470621333334,9478.264537666666,1400.0,335176.73484680103,0.0,179945.78826714493,515122.52311394596,335819.605181817,0.0,184134.85049733997,519954.455679157
683,9758.146452,0.040087000000000005,0.0,1000.0,8758.106365000001,400.0,335176.73484680103,0.0,179945.78826714493,515122.52311394596,335819.605181817,0.0,184134.85049733997,519954.455679157
684,9756.544915,0.036997,741.739154830302,0.0,10498.247072830303,1052.73045625067,335176.73484680103,0.0,179945.78826714493,515122.52311394596,335819.605181817,0.0,184134.85049733997,519954.455679157
685,9754.943379,0.014988,743.318681830304,0.0,10498.247072830303,1706.85089626133,335176.73484680103,0.0,179945.78826714493,515122.52311394596,335819.605181817,0.0,184134.85049733997,519954.455679157
686,9753.341843,0.031072,658.251811042423,0.0,10411.562582042423,2286.11248997867,335176.73484680103,0.0,179945.78826714493,515122.52311394596,335819.605181817,0.0,184134.85049733997,519954.455679157
687,9752.24479,0.030859,746.033141830303,0.0,10498.247072830303,2942.62165478933,335176.73484680103,0.0,179945.78826714493,515122.52311394596,335819.605181817,0.0,184134.85049733997,519954.455679157
688,9751.24383,0.017603999999999998,747.020846830304,0.0,10498.247072830303,3600.0,335176.73484680103,0.0,179945.78826714493,515122.52311394596,335819.605181817,0.0,184134.85049733997,519954.455679157
689,9750.24287,0.004715,0.0,1000.0,8750.238155000001,2600.0,335176.73484680103,0.0,179945.78826714493,515122.52311394596,335819.605181817,0.0,184134.85049733997,519954.455679157
690,9749.24191,0.000127,0.0,1000.0,8749.241783000001,1600.0,335176.73484680103,0.0,179945.78826714493,515122.52311394596,335819.605181817,0.0,184134.85049733997,519954.455679157
691,9748.240949,0.0,0.0,930.886886666665,8817.354062333334,669.113113333335,335176.73484680103,0.0,179945.78826714493,515122.52311394596,335819.605181817,0.0,184134.85049733997,519954.455679157
692,9747.377651,0.0,0.0,269.113113333335,9478.264537666666,400.0,335176.73484680103,0.0,179945.78826714493,515122.52311394596,335819.605181817,0.0,184134.85049733997,519954.455679157
693,9746.576882,0.0,0.0,0.0,9746.576882,400.0,335176.73484680103,0.0,179945.78826714493,515122.52311394596,335819.605181817,0.0,184134.85049733997,519954.455679157
694,9745.776114,0.0,0.0,0.0,9745.776114,400.0,335176.73484680103,0.0,179945.78826714493,515122.52311394596,335819.605181817,0.0,184134.85049733997,519954.455679157
695,9744.975346,0.0,0.0,0.0,9744.975346,400.0,335176.73484680103,0.0,179945.78826714493,515122.52311394596,335819.605181817,0.0,184134.85049733997,519954.455679157
696,9744.174578,0.0,0.0,0.0,9744.174578,400.0,335176.73484680103,0.0,179945.78826714493,515122.52311394596,335819.605181817,0.0,184134.85049733997,519954.455679157
697,9743.37381,0.0,0.0,0.0,9743.37381,400.0,335176.73484680103,0.0,179945.78826714493,515122.52311394596,335819.605181817,0.0,184134.85049733997,519954.455679157
698,9742.573042,0.0,0.0,0.0,9742.573042,400.0,335176.73484680103,0.0,179945.78826714493,515122.52311394596,335819.605181817,0.0,184134.85049733997,519954.455679157
699,9741.772273,0.0,0.0,0.0,9741.772273,400.0,335176.73484680103,0.0,179945.78826714493,515122.52311394596,335819.605181817,0.0,184134.85049733997,519954.455679157
700,9740.971505,0.0,0.0,0.0,9740.971505,400.0,335176.73484680103,0.0,179945.78826714493,515122.52311394596,335819.605181817,0.0,184134.85049733997,519954.455679157
701,9740.170737,0.0,0.0,0.0,9740.170737,400.0,335176.73484680103,0.0,179945.78826714493,515122.52311394596,335819.605181817,0.0,184134.85049733997,519954.455679157
702,9739.063322,0.0016359999999999999,0.0,0.0,9739.061686,400.0,335176.73484680103,0.0,179945.78826714493,515122.52311394596,335819.605181817,0.0,184134.85049733997,519954.455679157
703,9737.461785,0.01244,0.0,0.0,9737.449344999999,400.0,335176.73484680103,0.0,179945.78826714493,515122.52311394596,335819.605181817,0.0,184134.85049733997,519954.455679157
704,9735.860249,0.022844000000000003,0.0,0.0,9735.837405,400.0,335176.73484680103,0.0,179945.78826714493,515122.52311394596,335819.605181817,0.0,184134.85049733997,519954.455679157
705,9734.258713,0.032903,0.0,0.0,9734.22581,400.0,335176.73484680103,0.0,179945.78826714493,515122.52311394596,335819.605181817,0.0,184134.85049733997,519954.455679157
706,9732.657176,0.038095,0.0,0.0,9732.619081,400.0,335176.73484680103,0.0,179945.78826714493,515122.52311394596,335819.605181817,0.0,184134.85049733997,519954.455679157
707,9731.194126,0.040977,0.0,0.0,9731.153149,400.0,335176.73484680103,0.0,179945.78826714493,515122.52311394596,335819.605181817,0.0,184134.85049733997,519954.455679157
708,9730.193166,0.041261000000000006,0.0,0.0,9730.151904999999,400.0,335176.73484680103,0.0,179945.78826714493,515122.52311394596,335819.605181817,0.0,184134.85049733997,519954.455679157
709,9729.192205,0.039783,0.0,0.0,9729.152422,400.0,335176.73484680103,0.0,179945.78826714493,515122.52311394596,335819.605181817,0.0,184134.85049733997,519954.455679157
710,9728.191245,0.034525,0.0,0.0,9728.15672,400.0,335176.73484680103,0.0,179945.78826714493,515122.52311394596,335819.605181817,0.0,184134.85049733997,519954.455679157
711,9727.190285,0.026709,0.0,0.0,9727.163576,400.0,335176.73484680103,0.0,179945.78826714493,515122.52311394596,335819.605181817,0.0,184134.85049733997,519954.455679157
712,9726.204987,0.016386,0.0,0.0,9726.188601,400.0,335176.73484680103,0.0,179945.78826714493,515122.52311394596,335819.605181817,0.0,184134.85049733997,519954.455679157
713,9725.404219,0.0044480000000000006,0.0,0.0,9725.399771,400.0,335176.73484680103,0.0,179945.78826714493,515122.52311394596,335819.605181817,0.0,184134.85049733997,519954.455679157
714,9724.60345,0.0,0.0,0.0,9724.60345,400.0,335176.73484680103,0.0,179945.78826714493,515122.52311394596,335819.605181817,0.0,184134.85049733997,519954.455679157
715,9723.802682,0.0,0.0,0.0,9723.802682,400.0,335176.73484680103,0.0,179945.78826714493,515122.52311394596,335819.605181817,0.0,184134.85049733997,519954.455679157
716,9723.001914,0.0,0.0,0.0,9723.001914,400.0,335176.73484680103,0.0,179945.78826714493,515122.52311394596,335819.605181817,0.0,184134.85049733997,519954.455679157
717,9722.201146,0.0,0.0,0.0,9722.201146,400.0,335176.73484680103,0.0,179945.78826714493,515122.52311394596,335819.605181817,0.0,184134.85049733997,519954.455679157
718,9719.917543,0.0,0.0,0.0,9719.917543,400.0,335176.73484680103,0.0,179945.78826714493,515122.52311394596,335819.605181817,0.0,184134.85049733997,519954.455679157
719,9717.515239,0.0,0.0,0.0,9717.515239,400.0,335176.73484680103,0.0,179945.78826714493,515122.52311394596,335819.605181817,0.0,184134.85049733997,519954.455679157
720,9715.112934,0.0,0.0,0.0,9715.112934,400.0,335176.73484680103,0.0,179945.78826714493,515122.52311394596,335819.605181817,0.0,184134.85049733997,519954.455679157
721,9712.71063,0.0,0.0,0.0,9712.71063,400.0,335176.73484680103,0.0,179945.78826714493,515122.52311394596,335819.605181817,0.0,184134.85049733997,519954.455679157
722,9710.308325,0.0,0.0,0.0,9710.308325,400.0,335176.73484680103,0.0,179945.78826714493,515122.52311394596,335819.605181817,0.0,184134.85049733997,519954.455679157
723,9708.835147,0.0,0.0,0.0,9708.835147,400.0,335176.73484680103,0.0,179945.78826714493,515122.52311394596,335819.605181817,0.0,184134.85049733997,519954.455679157
724,9707.633995,0.0,0.0,0.0,9707.633995,400.0,335176.73484680103,0.0,179945.78826714493,515122.52311394596,335819.605181817,0.0,184134.85049733997,519954.455679157
725,9706.432843,0.0,0.0,0.0,9706.432843,400.0,335176.73484680103,0.0,179945.78826714493,515122.52311394596,335819.605181817,0.0,184134.85049733997,519954.455679157
726,9705.231691,0.001694,0.0,0.0,9705.229997,400.0,335176.73484680103,0.0,179945.78826714493,515122.52311394596,335819.605181817,0.0,184134.85049733997,519954.455679157
727,9704.030538,0.012625,0.0,0.0,9704.017913000001,400.0,335176.73484680103,0.0,179945.78826714493,515122.52311394596,335819.605181817,0.0,184134.85049733997,519954.455679157
728,9702.580677,0.025102,0.0,0.0,9702.555575,400.0,335176.73484680103,0.0,179945.78826714493,515122.52311394596,335819.605181817,0.0,184134.85049733997,519954.455679157
729,9700.97914,0.027642,0.0,0.0,9700.951498,400.0,335176.73484680103,0.0,179945.78826714493,515122.52311394596,335819.605181817,0.0,184134.85049733997,519954.455679157
730,9699.377604,0.019132000000000003,0.0,0.0,9699.358472,400.0,335176.73484680103,0.0,179945.78826714493,515122.52311394596,335819.605181817,0.0,184134.85049733997,519954.455679157
731,9697.776068,0.036765,0.0,0.0,9697.739302999998,400.0,335176.73484680103,0.0,179945.78826714493,515122.52311394596,335819.605181817,0.0,184134.85049733997,519954.455679157
732,9696.174531,0.016364999999999998,0.0,0.0,9696.158166000001,400.0,335176.73484680103,0.0,179945.78826714493,515122.52311394596,335819.605181817,0.0,184134.85049733997,519954.455679157
733,9694.572995,0.036103,0.0,0.0,9694.536892,400.0,335176.73484680103,0.0,179945.78826714493,515122.52311394596,335819.605181817,0.0,184134.85049733997,519954.455679157
734,9692.971459,0.019101,0.0,0.0,9692.952358,400.0,335176.73484680103,0.0,179945.78826714493,515122.52311394596,335819.605181817,0.0,184134.85049733997,519954.455679157
735,9691.369922,0.028724,0.0,0.0,9691.341198,400.0,335176.73484680103,0.0,179945.78826714493,515122.52311394596,335819.605181817,0.0,184134.85049733997,519954.455679157
736,9689.768386,0.013159,0.0,0.0,9689.755227,400.0,335176.73484680103,0.0,179945.78826714493,515122.52311394596,335819.605181817,0.0,184134.85049733997,519954.455679157
737,9688.16685,0.0051849999999999995,0.0,0.0,9688.161665,400.0,335176.73484680103,0.0,179945.78826714493,515122.52311394596,335819.605181817,0.0,184134.85049733997,519954.455679157
738,9686.628668,7.3e-05,0.0,0.0,9686.628595,400.0,335176.73484680103,0.0,179945.78826714493,515122.52311394596,335819.605181817,0.0,184134.85049733997,519954.455679157
739,9685.227324,0.0,182.332910521211,0.0,9867.56023452121,560.452961258665,335176.73484680103,0.0,179945.78826714493,515122.52311394596,335819.605181817,0.0,184134.85049733997,519954.455679157
740,9683.82598,0.0,0.0,0.0,9683.82598,560.452961258665,335176.73484680103,0.0,179945.78826714493,515122.52311394596,335819.605181817,0.0,184134.85049733997,519954.455679157
741,9682.424635,0.0,0.0,0.0,9682.424635,560.452961258665,335176.73484680103,0.0,179945.78826714493,515122.52311394596,335819.605181817,0.0,184134.85049733997,519954.455679157
742,9681.023291,0.0,817.223781830304,0.0,10498.247072830303,1279.60988926933,335176.73484680103,0.0,179945.78826714493,515122.52311394596,335819.605181817,0.0,184134.85049733997,519954.455679157
743,9679.621947,0.0,818.625125830304,0.0,10498.247072830303,2000.0,335176.73484680103,0.0,179945.78826714493,515122.52311394596,335819.605181817,0.0,184134.85049733997,519954.455679157
