time,Pload,Ppv,Pcharge,Pdischarge,Ptotal,state of charge,energy_charge_with_es,nem_charge_with_es,demand_charge_with_es,total_bill_with_es,energy_charge_without_es,nem_charge_without_es,demand_charge_without_es,total_bill_without_es
0,9815.796579,0.0,73.7720872090886,0.0,9889.568666209088,464.919436743998,298353.8651690292,0.0,179557.10604869627,477910.9712177255,298449.3946700492,0.0,180435.14640643,478884.5410764792
1,9808.189281,0.0,44.4097309727296,0.0,9852.59901197273,504.0,298353.8651690292,0.0,179557.10604869627,477910.9712177255,298449.3946700492,0.0,180435.14640643,478884.5410764792
2,9800.581984,0.0,0.0,0.0,9800.581984,504.0,298353.8651690292,0.0,179557.10604869627,477910.9712177255,298449.3946700492,0.0,180435.14640643,478884.5410764792
3,9792.974686,0.0,0.0,0.0,9792.974686,504.0,298353.8651690292,0.0,179557.10604869627,477910.9712177255,298449.3946700492,0.0,180435.14640643,478884.5410764792
4,9785.367388,0.0,100.0,0.0,9885.367388,592.0,298353.8651690292,0.0,179557.10604869627,477910.9712177255,298449.3946700492,0.0,180435.14640643,478884.5410764792
5,9777.760091,0.0,100.0,0.0,9877.760091,680.0,298353.8651690292,0.0,179557.10604869627,477910.9712177255,298449.3946700492,0.0,180435.14640643,478884.5410764792
6,9770.152793,0.0,0.0,100.0,9670.152793,580.0,298353.8651690292,0.0,179557.10604869627,477910.9712177255,298449.3946700492,0.0,180435.14640643,478884.5410764792
7,9762.545495,0.003138,0.0,100.0,9662.542357,480.0,298353.8651690292,0.0,179557.10604869627,477910.9712177255,298449.3946700492,0.0,180435.14640643,478884.5410764792
8,9754.938198,0.012353,0.0,100.0,9654.925845,380.0,298353.8651690292,0.0,179557.10604869627,477910.9712177255,298449.3946700492,0.0,180435.14640643,478884.5410764792
9,9748.239536,0.022221,0.0,100.0,9648.217315,280.0,298353.8651690292,0.0,179557.10604869627,477910.9712177255,298449.3946700492,0.0,180435.14640643,478884.5410764792
10,9741.833391,0.024286000000000002,0.0,100.0,9641.809105,180.0,298353.8651690292,0.0,179557.10604869627,477910.9712177255,298449.3946700492,0.0,180435.14640643,478884.5410764792
11,9735.427245,0.040151000000000006,0.0,100.0,9635.387094000002,80.0,298353.8651690292,0.0,179557.10604869627,477910.9712177255,298449.3946700492,0.0,180435.14640643,478884.5410764792
12,9729.0211,0.038328,54.5454545454545,0.0,9783.528226545453,128.0,298353.8651690292,0.0,179557.10604869627,477910.9712177255,298449.3946700492,0.0,180435.14640643,478884.5410764792
13,9722.614955,0.026187000000000002,100.0,0.0,9822.588768,216.0,298353.8651690292,0.0,179557.10604869627,477910.9712177255,298449.3946700492,0.0,180435.14640643,478884.5410764792
14,9716.208809,0.019928,100.0,0.0,9816.188881,304.0,298353.8651690292,0.0,179557.10604869627,477910.9712177255,298449.3946700492,0.0,180435.14640643,478884.5410764792
15,9709.802664,0.017484000000000003,100.0,0.0,9809.78518,392.0,298353.8651690292,0.0,179557.10604869627,477910.9712177255,298449.3946700492,0.0,180435.14640643,478884.5410764792
16,9703.396518,0.005292,100.0,0.0,9803.391226,480.0,298353.8651690292,0.0,179557.10604869627,477910.9712177255,298449.3946700492,0.0,180435.14640643,478884.5410764792
17,9696.990373,0.000262,0.0,100.0,9596.990111000001,380.0,298353.8651690292,0.0,179557.10604869627,477910.9712177255,298449.3946700492,0.0,180435.14640643,478884.5410764792
18,9690.584227,0.0,0.0,100.0,9590.584227,280.0,298353.8651690292,0.0,179557.10604869627,477910.9712177255,298449.3946700492,0.0,180435.14640643,478884.5410764792
19,9684.992039,0.0,0.0,100.0,9584.992039,180.0,298353.8651690292,0.0,179557.10604869627,477910.9712177255,298449.3946700492,0.0,180435.14640643,478884.5410764792
20,9680.387622,0.0,0.0,100.0,9580.387622,80.0,298353.8651690292,0.0,179557.10604869627,477910.9712177255,298449.3946700492,0.0,180435.14640643,478884.5410764792
21,9675.783205,0.0,0.0,0.0,9675.783205,80.0,298353.8651690292,0.0,179557.10604869627,477910.9712177255,298449.3946700492,0.0,180435.14640643,478884.5410764792
22,9671.178788,0.0,0.0,0.0,9671.178788,80.0,298353.8651690292,0.0,179557.10604869627,477910.9712177255,298449.3946700492,0.0,180435.14640643,478884.5410764792
23,9666.574371,0.0,0.0,0.0,9666.574371,80.0,298353.8651690292,0.0,179557.10604869627,477910.9712177255,298449.3946700492,0.0,180435.14640643,478884.5410764792
24,9662.749172,0.0,0.0,0.0,9662.749172,80.0,298353.8651690292,0.0,179557.10604869627,477910.9712177255,298449.3946700492,0.0,180435.14640643,478884.5410764792
25,9660.747252,0.0,0.0,0.0,9660.747252,80.0,298353.8651690292,0.0,179557.10604869627,477910.9712177255,298449.3946700492,0.0,180435.14640643,478884.5410764792
26,9658.745331,0.0,0.0,0.0,9658.745331,80.0,298353.8651690292,0.0,179557.10604869627,477910.9712177255,298449.3946700492,0.0,180435.14640643,478884.5410764792
27,9656.743411,0.0,0.0,0.0,9656.743411,80.0,298353.8651690292,0.0,179557.10604869627,477910.9712177255,298449.3946700492,0.0,180435.14640643,478884.5410764792
28,9654.741491,0.0,0.0,0.0,9654.741491,80.0,298353.8651690292,0.0,179557.10604869627,477910.9712177255,298449.3946700492,0.0,180435.14640643,478884.5410764792
29,9652.32741,0.0,0.0,0.0,9652.32741,80.0,298353.8651690292,0.0,179557.10604869627,477910.9712177255,298449.3946700492,0.0,180435.14640643,478884.5410764792
30,9647.522801,0.0,0.0,0.0,9647.522801,80.0,298353.8651690292,0.0,179557.10604869627,477910.9712177255,298449.3946700492,0.0,180435.14640643,478884.5410764792
31,9642.718192,0.006097000000000001,0.0,0.0,9642.712095,80.0,298353.8651690292,0.0,179557.10604869627,477910.9712177255,298449.3946700492,0.0,180435.14640643,478884.5410764792
32,9637.913583,0.018239000000000002,0.0,0.0,9637.895343999999,80.0,298353.8651690292,0.0,179557.10604869627,477910.9712177255,298449.3946700492,0.0,180435.14640643,478884.5410764792
33,9633.108974,0.028711,0.0,0.0,9633.080263,80.0,298353.8651690292,0.0,179557.10604869627,477910.9712177255,298449.3946700492,0.0,180435.14640643,478884.5410764792
34,9628.304365,0.030102,0.0,0.0,9628.274263,80.0,298353.8651690292,0.0,179557.10604869627,477910.9712177255,298449.3946700492,0.0,180435.14640643,478884.5410764792
35,9620.114508,0.038951,0.0,0.0,9620.075557,80.0,298353.8651690292,0.0,179557.10604869627,477910.9712177255,298449.3946700492,0.0,180435.14640643,478884.5410764792
36,9611.906634,0.029160000000000002,0.0,0.0,9611.877474,80.0,298353.8651690292,0.0,179557.10604869627,477910.9712177255,298449.3946700492,0.0,180435.14640643,478884.5410764792
37,9603.69876,0.036291,0.0,0.0,9603.662468999999,80.0,298353.8651690292,0.0,179557.10604869627,477910.9712177255,298449.3946700492,0.0,180435.14640643,478884.5410764792
38,9595.490887,0.031957,0.0,0.0,9595.45893,80.0,298353.8651690292,0.0,179557.10604869627,477910.9712177255,298449.3946700492,0.0,180435.14640643,478884.5410764792
39,9587.283013,0.028915,0.0,0.0,9587.254098,80.0,298353.8651690292,0.0,179557.10604869627,477910.9712177255,298449.3946700492,0.0,180435.14640643,478884.5410764792
40,9581.941889,0.015981,0.0,0.0,9581.925908,80.0,298353.8651690292,0.0,179557.10604869627,477910.9712177255,298449.3946700492,0.0,180435.14640643,478884.5410764792
41,9577.13728,0.0017250000000000002,0.0,0.0,9577.135555,80.0,298353.8651690292,0.0,179557.10604869627,477910.9712177255,298449.3946700492,0.0,180435.14640643,478884.5410764792
42,9572.332671,0.0,0.0,0.0,9572.332671,80.0,298353.8651690292,0.0,179557.10604869627,477910.9712177255,298449.3946700492,0.0,180435.14640643,478884.5410764792
43,9567.528062,0.0,0.0,0.0,9567.528062,80.0,298353.8651690292,0.0,179557.10604869627,477910.9712177255,298449.3946700492,0.0,180435.14640643,478884.5410764792
44,9562.723453,0.0,0.0,0.0,9562.723453,80.0,298353.8651690292,0.0,179557.10604869627,477910.9712177255,298449.3946700492,0.0,180435.14640643,478884.5410764792
45,9554.189266,0.0,0.0,0.0,9554.189266,80.0,298353.8651690292,0.0,179557.10604869627,477910.9712177255,298449.3946700492,0.0,180435.14640643,478884.5410764792
46,9543.979472,0.0,0.0,0.0,9543.979472,80.0,298353.8651690292,0.0,179557.10604869627,477910.9712177255,298449.3946700492,0.0,180435.14640643,478884.5410764792
47,9533.769677,0.0,0.0,0.0,9533.769677,80.0,298353.8651690292,0.0,179557.10604869627,477910.9712177255,298449.3946700492,0.0,180435.14640643,478884.5410764792
48,9523.559883,0.0,0.0,0.0,9523.559883,80.0,298353.8651690292,0.0,179557.10604869627,477910.9712177255,298449.3946700492,0.0,180435.14640643,478884.5410764792
49,9513.350089,0.0,0.0,0.0,9513.350089,80.0,298353.8651690292,0.0,179557.10604869627,477910.9712177255,298449.3946700492,0.0,180435.14640643,478884.5410764792
50,9507.553234,0.0,0.0,0.0,9507.553234,80.0,298353.8651690292,0.0,179557.10604869627,477910.9712177255,298449.3946700492,0.0,180435.14640643,478884.5410764792
51,9505.551313,0.0,0.0,0.0,9505.551313,80.0,298353.8651690292,0.0,179557.10604869627,477910.9712177255,298449.3946700492,0.0,180435.14640643,478884.5410764792
52,9503.549393,0.0,0.0,0.0,9503.549393,80.0,298353.8651690292,0.0,179557.10604869627,477910.9712177255,298449.3946700492,0.0,180435.14640643,478884.5410764792
53,9501.547473,0.0,0.0,0.0,9501.547473,80.0,298353.8651690292,0.0,179557.10604869627,477910.9712177255,298449.3946700492,0.0,180435.14640643,478884.5410764792
54,9499.545552,0.0,0.0,0.0,9499.545552,80.0,298353.8651690292,0.0,179557.10604869627,477910.9712177255,298449.3946700492,0.0,180435.14640643,478884.5410764792
55,9493.918389,0.001666,0.0,0.0,9493.916723,80.0,298353.8651690292,0.0,179557.10604869627,477910.9712177255,298449.3946700492,0.0,180435.14640643,478884.5410764792
56,9482.507443,0.007726,0.0,0.0,9482.499717,80.0,298353.8651690292,0.0,179557.10604869627,477910.9712177255,298449.3946700492,0.0,180435.14640643,478884.5410764792
57,9471.096496,0.029688,0.0,0.0,9471.066808,80.0,298353.8651690292,0.0,179557.10604869627,477910.9712177255,298449.3946700492,0.0,180435.14640643,478884.5410764792
58,9459.68555,0.032404,0.0,0.0,9459.653146,80.0,298353.8651690292,0.0,179557.10604869627,477910.9712177255,298449.3946700492,0.0,180435.14640643,478884.5410764792
59,9448.274603,0.04109,0.0,0.0,9448.233513,80.0,298353.8651690292,0.0,179557.10604869627,477910.9712177255,298449.3946700492,0.0,180435.14640643,478884.5410764792
60,9438.96214,0.041099,0.0,0.0,9438.921041,80.0,298353.8651690292,0.0,179557.10604869627,477910.9712177255,298449.3946700492,0.0,180435.14640643,478884.5410764792
61,9436.559836,0.031307,0.0,0.0,9436.528529000001,80.0,298353.8651690292,0.0,179557.10604869627,477910.9712177255,298449.3946700492,0.0,180435.14640643,478884.5410764792
62,9434.157531,0.029527,0.0,0.0,9434.128004,80.0,298353.8651690292,0.0,179557.10604869627,477910.9712177255,298449.3946700492,0.0,180435.14640643,478884.5410764792
63,9431.755227,0.022421,0.0,0.0,9431.732806,80.0,298353.8651690292,0.0,179557.10604869627,477910.9712177255,298449.3946700492,0.0,180435.14640643,478884.5410764792
64,9429.352922,0.008221000000000001,0.0,0.0,9429.344701,80.0,298353.8651690292,0.0,179557.10604869627,477910.9712177255,298449.3946700492,0.0,180435.14640643,478884.5410764792
65,9426.644088,0.000723,0.0,0.0,9426.643365,80.0,298353.8651690292,0.0,179557.10604869627,477910.9712177255,298449.3946700492,0.0,180435.14640643,478884.5410764792
66,9420.438135,0.0,0.0,0.0,9420.438135,80.0,298353.8651690292,0.0,179557.10604869627,477910.9712177255,298449.3946700492,0.0,180435.14640643,478884.5410764792
67,9414.232181,0.0,0.0,0.0,9414.232181,80.0,298353.8651690292,0.0,179557.10604869627,477910.9712177255,298449.3946700492,0.0,180435.14640643,478884.5410764792
68,9408.026228,0.0,0.0,0.0,9408.026228,80.0,298353.8651690292,0.0,179557.10604869627,477910.9712177255,298449.3946700492,0.0,180435.14640643,478884.5410764792
69,9401.820275,0.0,0.0,0.0,9401.820275,80.0,298353.8651690292,0.0,179557.10604869627,477910.9712177255,298449.3946700492,0.0,180435.14640643,478884.5410764792
70,9395.614321,0.0,0.0,0.0,9395.614321,80.0,298353.8651690292,0.0,179557.10604869627,477910.9712177255,298449.3946700492,0.0,180435.14640643,478884.5410764792
71,9389.780019,0.0,81.8181818181818,0.0,9471.598200818182,152.0,298353.8651690292,0.0,179557.10604869627,477910.9712177255,298449.3946700492,0.0,180435.14640643,478884.5410764792
72,9383.974449,0.0,100.0,0.0,9483.974449,240.0,298353.8651690292,0.0,179557.10604869627,477910.9712177255,298449.3946700492,0.0,180435.14640643,478884.5410764792
73,9378.16888,0.0,100.0,0.0,9478.16888,328.0,298353.8651690292,0.0,179557.10604869627,477910.9712177255,298449.3946700492,0.0,180435.14640643,478884.5410764792
74,9372.363311,0.0,100.0,0.0,9472.363311,416.0,298353.8651690292,0.0,179557.10604869627,477910.9712177255,298449.3946700492,0.0,180435.14640643,478884.5410764792
75,9366.557741,0.0,100.0,0.0,9466.557741,504.0,298353.8651690292,0.0,179557.10604869627,477910.9712177255,298449.3946700492,0.0,180435.14640643,478884.5410764792
76,9360.286196,0.0,100.0,0.0,9460.286196,592.0,298353.8651690292,0.0,179557.10604869627,477910.9712177255,298449.3946700492,0.0,180435.14640643,478884.5410764792
77,9353.88005,0.0,100.0,0.0,9453.88005,680.0,298353.8651690292,0.0,179557.10604869627,477910.9712177255,298449.3946700492,0.0,180435.14640643,478884.5410764792
78,9347.473905,0.0,0.0,100.0,9247.473905,580.0,298353.8651690292,0.0,179557.10604869627,477910.9712177255,298449.3946700492,0.0,180435.14640643,478884.5410764792
79,9341.06776,0.005055,0.0,100.0,9241.062705,480.0,298353.8651690292,0.0,179557.10604869627,477910.9712177255,298449.3946700492,0.0,180435.14640643,478884.5410764792
80,9334.661614,0.021242,0.0,100.0,9234.640372,380.0,298353.8651690292,0.0,179557.10604869627,477910.9712177255,298449.3946700492,0.0,180435.14640643,478884.5410764792
81,9331.251284,0.031760000000000004,0.0,100.0,9231.219524,280.0,298353.8651690292,0.0,179557.10604869627,477910.9712177255,298449.3946700492,0.0,180435.14640643,478884.5410764792
82,9329.649747,0.038914000000000004,0.0,100.0,9229.610832999999,180.0,298353.8651690292,0.0,179557.10604869627,477910.9712177255,298449.3946700492,0.0,180435.14640643,478884.5410764792
83,9328.048211,0.041667,0.0,100.0,9228.006544,80.0,298353.8651690292,0.0,179557.10604869627,477910.9712177255,298449.3946700492,0.0,180435.14640643,478884.5410764792
84,9326.446675,0.041667,54.5454545454545,0.0,9380.950462545454,128.0,298353.8651690292,0.0,179557.10604869627,477910.9712177255,298449.3946700492,0.0,180435.14640643,478884.5410764792
85,9324.845138,0.039411,100.0,0.0,9424.805727,216.0,298353.8651690292,0.0,179557.10604869627,477910.9712177255,298449.3946700492,0.0,180435.14640643,478884.5410764792
86,9323.432254,0.034739,100.0,0.0,9423.397514999999,304.0,298353.8651690292,0.0,179557.10604869627,477910.9712177255,298449.3946700492,0.0,180435.14640643,478884.5410764792
87,9322.231101,0.024659,100.0,0.0,9422.206441999999,392.0,298353.8651690292,0.0,179557.10604869627,477910.9712177255,298449.3946700492,0.0,180435.14640643,478884.5410764792
88,9321.029949,0.015609,100.0,0.0,9421.01434,480.0,298353.8651690292,0.0,179557.10604869627,477910.9712177255,298449.3946700492,0.0,180435.14640643,478884.5410764792
89,9319.828797,0.0020859999999999997,0.0,100.0,9219.826711,380.0,298353.8651690292,0.0,179557.10604869627,477910.9712177255,298449.3946700492,0.0,180435.14640643,478884.5410764792
90,9318.627644,0.0,0.0,100.0,9218.627644,280.0,298353.8651690292,0.0,179557.10604869627,477910.9712177255,298449.3946700492,0.0,180435.14640643,478884.5410764792
91,9317.426492,0.0,0.0,100.0,9217.426492,180.0,298353.8651690292,0.0,179557.10604869627,477910.9712177255,298449.3946700492,0.0,180435.14640643,478884.5410764792
92,9316.22534,0.0,0.0,100.0,9216.22534,80.0,298353.8651690292,0.0,179557.10604869627,477910.9712177255,298449.3946700492,0.0,180435.14640643,478884.5410764792
93,9315.024188,0.0,0.0,0.0,9315.024188,80.0,298353.8651690292,0.0,179557.10604869627,477910.9712177255,298449.3946700492,0.0,180435.14640643,478884.5410764792
94,9313.823035,0.0,0.0,0.0,9313.823035,80.0,298353.8651690292,0.0,179557.10604869627,477910.9712177255,298449.3946700492,0.0,180435.14640643,478884.5410764792
95,9312.621883,0.0,81.8181818181818,0.0,9394.440064818182,152.0,298353.8651690292,0.0,179557.10604869627,477910.9712177255,298449.3946700492,0.0,180435.14640643,478884.5410764792
96,9311.420731,0.0,100.0,0.0,9411.420731,240.0,298353.8651690292,0.0,179557.10604869627,477910.9712177255,298449.3946700492,0.0,180435.14640643,478884.5410764792
97,9310.219579,0.0,100.0,0.0,9410.219579,328.0,298353.8651690292,0.0,179557.10604869627,477910.9712177255,298449.3946700492,0.0,180435.14640643,478884.5410764792
98,9309.018426,0.0,100.0,0.0,9409.018426,416.0,298353.8651690292,0.0,179557.10604869627,477910.9712177255,298449.3946700492,0.0,180435.14640643,478884.5410764792
99,9307.817274,0.0,100.0,0.0,9407.817274,504.0,298353.8651690292,0.0,179557.10604869627,477910.9712177255,298449.3946700492,0.0,180435.14640643,478884.5410764792
100,9306.616122,0.0,100.0,0.0,9406.616122,592.0,298353.8651690292,0.0,179557.10604869627,477910.9712177255,298449.3946700492,0.0,180435.14640643,478884.5410764792
101,9305.417796,0.0,100.0,0.0,9405.417796,680.0,298353.8651690292,0.0,179557.10604869627,477910.9712177255,298449.3946700492,0.0,180435.14640643,478884.5410764792
102,9304.416836,0.0,0.0,100.0,9204.416836,580.0,298353.8651690292,0.0,179557.10604869627,477910.9712177255,298449.3946700492,0.0,180435.14640643,478884.5410764792
103,9303.415875,0.001539,0.0,100.0,9203.414336,480.0,298353.8651690292,0.0,179557.10604869627,477910.9712177255,298449.3946700492,0.0,180435.14640643,478884.5410764792
104,9302.414915,0.007254,0.0,100.0,9202.407661,380.0,298353.8651690292,0.0,179557.10604869627,477910.9712177255,298449.3946700492,0.0,180435.14640643,478884.5410764792
105,9301.413955,0.024089,0.0,100.0,9201.389866,280.0,298353.8651690292,0.0,179557.10604869627,477910.9712177255,298449.3946700492,0.0,180435.14640643,478884.5410764792
106,9300.412995,0.026966999999999998,0.0,100.0,9200.386028,180.0,298353.8651690292,0.0,179557.10604869627,477910.9712177255,298449.3946700492,0.0,180435.14640643,478884.5410764792
107,9299.757071,0.041667,0.0,100.0,9199.715404,80.0,298353.8651690292,0.0,179557.10604869627,477910.9712177255,298449.3946700492,0.0,180435.14640643,478884.5410764792
108,9299.156495,0.022286999999999998,54.5454545454545,0.0,9353.679662545454,128.0,298353.8651690292,0.0,179557.10604869627,477910.9712177255,298449.3946700492,0.0,180435.14640643,478884.5410764792
109,9298.555919,0.012511,100.0,0.0,9398.543408,216.0,298353.8651690292,0.0,179557.10604869627,477910.9712177255,298449.3946700492,0.0,180435.14640643,478884.5410764792
110,9297.955343,0.009738,100.0,0.0,9397.945604999999,304.0,298353.8651690292,0.0,179557.10604869627,477910.9712177255,298449.3946700492,0.0,180435.14640643,478884.5410764792
111,9297.354767,0.007363000000000001,100.0,0.0,9397.347404,392.0,298353.8651690292,0.0,179557.10604869627,477910.9712177255,298449.3946700492,0.0,180435.14640643,478884.5410764792
112,9296.754191,0.014092,100.0,0.0,9396.740099,480.0,298353.8651690292,0.0,179557.10604869627,477910.9712177255,298449.3946700492,0.0,180435.14640643,478884.5410764792
113,9296.153614,0.000872,0.0,100.0,9196.152742,380.0,298353.8651690292,0.0,179557.10604869627,477910.9712177255,298449.3946700492,0.0,180435.14640643,478884.5410764792
114,9295.553038,0.0,0.0,100.0,9195.553038,280.0,298353.8651690292,0.0,179557.10604869627,477910.9712177255,298449.3946700492,0.0,180435.14640643,478884.5410764792
115,9294.952462,0.0,0.0,100.0,9194.952462,180.0,298353.8651690292,0.0,179557.10604869627,477910.9712177255,298449.3946700492,0.0,180435.14640643,478884.5410764792
116,9294.351886,0.0,0.0,100.0,9194.351886,80.0,298353.8651690292,0.0,179557.10604869627,477910.9712177255,298449.3946700492,0.0,180435.14640643,478884.5410764792
117,9293.75131,0.0,0.0,0.0,9293.75131,80.0,298353.8651690292,0.0,179557.10604869627,477910.9712177255,298449.3946700492,0.0,180435.14640643,478884.5410764792
118,9293.150734,0.0,0.0,0.0,9293.150734,80.0,298353.8651690292,0.0,179557.10604869627,477910.9712177255,298449.3946700492,0.0,180435.14640643,478884.5410764792
119,9292.550158,0.0,81.8181818181818,0.0,9374.368339818182,152.0,298353.8651690292,0.0,179557.10604869627,477910.9712177255,298449.3946700492,0.0,180435.14640643,478884.5410764792
120,9291.949582,0.0,100.0,0.0,9391.949582,240.0,298353.8651690292,0.0,179557.10604869627,477910.9712177255,298449.3946700492,0.0,180435.14640643,478884.5410764792
121,9291.349005,0.0,100.0,0.0,9391.349005,328.0,298353.8651690292,0.0,179557.10604869627,477910.9712177255,298449.3946700492,0.0,180435.14640643,478884.5410764792
122,9290.748429,0.0,100.0,0.0,9390.748429,416.0,298353.8651690292,0.0,179557.10604869627,477910.9712177255,298449.3946700492,0.0,180435.14640643,478884.5410764792
123,9290.147853,0.0,100.0,0.0,9390.147853,504.0,298353.8651690292,0.0,179557.10604869627,477910.9712177255,298449.3946700492,0.0,180435.14640643,478884.5410764792
124,9289.547277,0.0,100.0,0.0,9389.547277,592.0,298353.8651690292,0.0,179557.10604869627,477910.9712177255,298449.3946700492,0.0,180435.14640643,478884.5410764792
125,9288.946701,0.0,100.0,0.0,9388.946701,680.0,298353.8651690292,0.0,179557.10604869627,477910.9712177255,298449.3946700492,0.0,180435.14640643,478884.5410764792
126,9288.346125,0.0,0.0,100.0,9188.346125,580.0,298353.8651690292,0.0,179557.10604869627,477910.9712177255,298449.3946700492,0.0,180435.14640643,478884.5410764792
127,9287.846587,0.002598,0.0,100.0,9187.843989,480.0,298353.8651690292,0.0,179557.10604869627,477910.9712177255,298449.3946700492,0.0,180435.14640643,478884.5410764792
128,9287.646395,0.013725,0.0,100.0,9187.632669999999,380.0,298353.8651690292,0.0,179557.10604869627,477910.9712177255,298449.3946700492,0.0,180435.14640643,478884.5410764792
129,9287.446203,0.026847000000000003,0.0,100.0,9187.419356,280.0,298353.8651690292,0.0,179557.10604869627,477910.9712177255,298449.3946700492,0.0,180435.14640643,478884.5410764792
130,9287.246011,0.038661,0.0,100.0,9187.207349999999,180.0,298353.8651690292,0.0,179557.10604869627,477910.9712177255,298449.3946700492,0.0,180435.14640643,478884.5410764792
131,9287.045819,0.041667,0.0,100.0,9187.004152000001,80.0,298353.8651690292,0.0,179557.10604869627,477910.9712177255,298449.3946700492,0.0,180435.14640643,478884.5410764792
132,9286.865646,0.039267,54.5454545454545,0.0,9341.371833545454,128.0,298353.8651690292,0.0,179557.10604869627,477910.9712177255,298449.3946700492,0.0,180435.14640643,478884.5410764792
133,9286.865646,0.039966,100.0,0.0,9386.82568,216.0,298353.8651690292,0.0,179557.10604869627,477910.9712177255,298449.3946700492,0.0,180435.14640643,478884.5410764792
134,9286.865646,0.034790999999999996,100.0,0.0,9386.830855,304.0,298353.8651690292,0.0,179557.10604869627,477910.9712177255,298449.3946700492,0.0,180435.14640643,478884.5410764792
135,9286.865646,0.027671,100.0,0.0,9386.837975,392.0,298353.8651690292,0.0,179557.10604869627,477910.9712177255,298449.3946700492,0.0,180435.14640643,478884.5410764792
136,9286.865646,0.015905,100.0,0.0,9386.849741,480.0,298353.8651690292,0.0,179557.10604869627,477910.9712177255,298449.3946700492,0.0,180435.14640643,478884.5410764792
137,9286.865646,0.002357,0.0,100.0,9186.863289,380.0,298353.8651690292,0.0,179557.10604869627,477910.9712177255,298449.3946700492,0.0,180435.14640643,478884.5410764792
138,9286.675934,0.0,0.0,100.0,9186.675934,280.0,298353.8651690292,0.0,179557.10604869627,477910.9712177255,298449.3946700492,0.0,180435.14640643,478884.5410764792
139,9286.475742,0.0,0.0,100.0,9186.475742,180.0,298353.8651690292,0.0,179557.10604869627,477910.9712177255,298449.3946700492,0.0,180435.14640643,478884.5410764792
140,9286.27555,0.0,0.0,100.0,9186.27555,80.0,298353.8651690292,0.0,179557.10604869627,477910.9712177255,298449.3946700492,0.0,180435.14640643,478884.5410764792
141,9286.075358,0.0,0.0,0.0,9286.075358,80.0,298353.8651690292,0.0,179557.10604869627,477910.9712177255,298449.3946700492,0.0,180435.14640643,478884.5410764792
142,9285.875166,0.0,0.0,0.0,9285.875166,80.0,298353.8651690292,0.0,179557.10604869627,477910.9712177255,298449.3946700492,0.0,180435.14640643,478884.5410764792
143,9285.834186,0.0,81.8181818181818,0.0,9367.652367818182,152.0,298353.8651690292,0.0,179557.10604869627,477910.9712177255,298449.3946700492,0.0,180435.14640643,478884.5410764792
144,9285.834186,0.0,100.0,0.0,9385.834186,240.0,298353.8651690292,0.0,179557.10604869627,477910.9712177255,298449.3946700492,0.0,180435.14640643,478884.5410764792
145,9285.834186,0.0,100.0,0.0,9385.834186,328.0,298353.8651690292,0.0,179557.10604869627,477910.9712177255,298449.3946700492,0.0,180435.14640643,478884.5410764792
146,9285.834186,0.0,100.0,0.0,9385.834186,416.0,298353.8651690292,0.0,179557.10604869627,477910.9712177255,298449.3946700492,0.0,180435.14640643,478884.5410764792
147,9285.834186,0.0,100.0,0.0,9385.834186,504.0,298353.8651690292,0.0,179557.10604869627,477910.9712177255,298449.3946700492,0.0,180435.14640643,478884.5410764792
148,9285.705474,0.0,100.0,0.0,9385.705474,592.0,298353.8651690292,0.0,179557.10604869627,477910.9712177255,298449.3946700492,0.0,180435.14640643,478884.5410764792
149,9285.505282,0.0,100.0,0.0,9385.505282,680.0,298353.8651690292,0.0,179557.10604869627,477910.9712177255,298449.3946700492,0.0,180435.14640643,478884.5410764792
150,9285.30509,0.0,0.0,100.0,9185.30509,580.0,298353.8651690292,0.0,179557.10604869627,477910.9712177255,298449.3946700492,0.0,180435.14640643,478884.5410764792
151,9285.104898,0.006785,0.0,100.0,9185.098113,480.0,298353.8651690292,0.0,179557.10604869627,477910.9712177255,298449.3946700492,0.0,180435.14640643,478884.5410764792
152,9284.904706,0.019710000000000002,0.0,100.0,9184.884995999999,380.0,298353.8651690292,0.0,179557.10604869627,477910.9712177255,298449.3946700492,0.0,180435.14640643,478884.5410764792
153,9284.802726,0.028332000000000003,0.0,100.0,9184.774394,280.0,298353.8651690292,0.0,179557.10604869627,477910.9712177255,298449.3946700492,0.0,180435.14640643,478884.5410764792
154,9284.802726,0.034129,0.0,100.0,9184.768597,180.0,298353.8651690292,0.0,179557.10604869627,477910.9712177255,298449.3946700492,0.0,180435.14640643,478884.5410764792
155,9284.802726,0.038020000000000005,0.0,100.0,9184.764706,80.0,298353.8651690292,0.0,179557.10604869627,477910.9712177255,298449.3946700492,0.0,180435.14640643,478884.5410764792
156,9284.802726,0.036366,54.5454545454545,0.0,9339.311814545454,128.0,298353.8651690292,0.0,179557.10604869627,477910.9712177255,298449.3946700492,0.0,180435.14640643,478884.5410764792
157,9284.802726,0.034551000000000005,100.0,0.0,9384.768175,216.0,298353.8651690292,0.0,179557.10604869627,477910.9712177255,298449.3946700492,0.0,180435.14640643,478884.5410764792
158,9284.735014,0.027616,100.0,0.0,9384.707398,304.0,298353.8651690292,0.0,179557.10604869627,477910.9712177255,298449.3946700492,0.0,180435.14640643,478884.5410764792
159,9284.534822,0.0169,100.0,0.0,9384.517921999999,392.0,298353.8651690292,0.0,179557.10604869627,477910.9712177255,298449.3946700492,0.0,180435.14640643,478884.5410764792
160,9284.334629,0.014813000000000002,100.0,0.0,9384.319816000001,480.0,298353.8651690292,0.0,179557.10604869627,477910.9712177255,298449.3946700492,0.0,180435.14640643,478884.5410764792
161,9284.134437,0.0013830000000000001,0.0,100.0,9184.133054,380.0,298353.8651690292,0.0,179557.10604869627,477910.9712177255,298449.3946700492,0.0,180435.14640643,478884.5410764792
162,9283.934245,0.0,0.0,100.0,9183.934245,280.0,298353.8651690292,0.0,179557.10604869627,477910.9712177255,298449.3946700492,0.0,180435.14640643,478884.5410764792
163,9283.734053,0.0,0.0,100.0,9183.734053,180.0,298353.8651690292,0.0,179557.10604869627,477910.9712177255,298449.3946700492,0.0,180435.14640643,478884.5410764792
164,9283.533861,0.0,0.0,100.0,9183.533861,80.0,298353.8651690292,0.0,179557.10604869627,477910.9712177255,298449.3946700492,0.0,180435.14640643,478884.5410764792
165,9283.333669,0.0,0.0,0.0,9283.333669,80.0,298353.8651690292,0.0,179557.10604869627,477910.9712177255,298449.3946700492,0.0,180435.14640643,478884.5410764792
166,9283.133477,0.0,0.0,0.0,9283.133477,80.0,298353.8651690292,0.0,179557.10604869627,477910.9712177255,298449.3946700492,0.0,180435.14640643,478884.5410764792
167,9282.933285,0.0,81.8181818181818,0.0,9364.751466818181,152.0,298353.8651690292,0.0,179557.10604869627,477910.9712177255,298449.3946700492,0.0,180435.14640643,478884.5410764792
168,9282.733093,0.0,100.0,0.0,9382.733093,240.0,298353.8651690292,0.0,179557.10604869627,477910.9712177255,298449.3946700492,0.0,180435.14640643,478884.5410764792
169,9282.532901,0.0,100.0,0.0,9382.532901,328.0,298353.8651690292,0.0,179557.10604869627,477910.9712177255,298449.3946700492,0.0,180435.14640643,478884.5410764792
170,9282.332709,0.0,100.0,0.0,9382.332709,416.0,298353.8651690292,0.0,179557.10604869627,477910.9712177255,298449.3946700492,0.0,180435.14640643,478884.5410764792
171,9282.132517,0.0,100.0,0.0,9382.132517,504.0,298353.8651690292,0.0,179557.10604869627,477910.9712177255,298449.3946700492,0.0,180435.14640643,478884.5410764792
172,9281.932325,0.0,100.0,0.0,9381.932325,592.0,298353.8651690292,0.0,179557.10604869627,477910.9712177255,298449.3946700492,0.0,180435.14640643,478884.5410764792
173,9281.732133,0.0,100.0,0.0,9381.732133,680.0,298353.8651690292,0.0,179557.10604869627,477910.9712177255,298449.3946700492,0.0,180435.14640643,478884.5410764792
174,9281.708345,0.0,0.0,100.0,9181.708345,580.0,298353.8651690292,0.0,179557.10604869627,477910.9712177255,298449.3946700492,0.0,180435.14640643,478884.5410764792
175,9281.708345,0.006638,0.0,100.0,9181.701706999998,480.0,298353.8651690292,0.0,179557.10604869627,477910.9712177255,298449.3946700492,0.0,180435.14640643,478884.5410764792
176,9281.708345,0.020001,0.0,100.0,9181.688343999998,380.0,298353.8651690292,0.0,179557.10604869627,477910.9712177255,298449.3946700492,0.0,180435.14640643,478884.5410764792
177,9281.708345,0.028086,0.0,100.0,9181.680258999999,280.0,298353.8651690292,0.0,179557.10604869627,477910.9712177255,298449.3946700492,0.0,180435.14640643,478884.5410764792
178,9281.708345,0.036759,0.0,100.0,9181.671585999999,180.0,298353.8651690292,0.0,179557.10604869627,477910.9712177255,298449.3946700492,0.0,180435.14640643,478884.5410764792
179,9281.562441,0.036872999999999996,0.0,100.0,9181.525568000001,80.0,298353.8651690292,0.0,179557.10604869627,477910.9712177255,298449.3946700492,0.0,180435.14640643,478884.5410764792
180,9281.362249,0.040805999999999995,54.5454545454545,0.0,9335.866897545453,128.0,298353.8651690292,0.0,179557.10604869627,477910.9712177255,298449.3946700492,0.0,180435.14640643,478884.5410764792
181,9281.162057,0.039436,100.0,0.0,9381.122621,216.0,298353.8651690292,0.0,179557.10604869627,477910.9712177255,298449.3946700492,0.0,180435.14640643,478884.5410764792
182,9280.961865,0.033085,100.0,0.0,9380.92878,304.0,298353.8651690292,0.0,179557.10604869627,477910.9712177255,298449.3946700492,0.0,180435.14640643,478884.5410764792
183,9280.761673,0.025973,100.0,0.0,9380.735700000001,392.0,298353.8651690292,0.0,179557.10604869627,477910.9712177255,298449.3946700492,0.0,180435.14640643,478884.5410764792
184,9280.676885,0.015528,100.0,0.0,9380.661357,480.0,298353.8651690292,0.0,179557.10604869627,477910.9712177255,298449.3946700492,0.0,180435.14640643,478884.5410764792
185,9280.676885,0.0020440000000000002,0.0,100.0,9180.674841,380.0,298353.8651690292,0.0,179557.10604869627,477910.9712177255,298449.3946700492,0.0,180435.14640643,478884.5410764792
186,9280.676885,0.0,0.0,100.0,9180.676885,280.0,298353.8651690292,0.0,179557.10604869627,477910.9712177255,298449.3946700492,0.0,180435.14640643,478884.5410764792
187,9280.676885,0.0,0.0,100.0,9180.676885,180.0,298353.8651690292,0.0,179557.10604869627,477910.9712177255,298449.3946700492,0.0,180435.14640643,478884.5410764792
188,9280.676885,0.0,0.0,100.0,9180.676885,80.0,298353.8651690292,0.0,179557.10604869627,477910.9712177255,298449.3946700492,0.0,180435.14640643,478884.5410764792
189,9281.016505,0.0,0.0,0.0,9281.016505,80.0,298353.8651690292,0.0,179557.10604869627,477910.9712177255,298449.3946700492,0.0,180435.14640643,478884.5410764792
190,9281.817273,0.0,0.0,0.0,9281.817273,80.0,298353.8651690292,0.0,179557.10604869627,477910.9712177255,298449.3946700492,0.0,180435.14640643,478884.5410764792
191,9282.618042,0.0,0.0,0.0,9282.618042,80.0,298353.8651690292,0.0,179557.10604869627,477910.9712177255,298449.3946700492,0.0,180435.14640643,478884.5410764792
192,9283.41881,0.0,0.0,0.0,9283.41881,80.0,298353.8651690292,0.0,179557.10604869627,477910.9712177255,298449.3946700492,0.0,180435.14640643,478884.5410764792
193,9284.219578,0.0,0.0,0.0,9284.219578,80.0,298353.8651690292,0.0,179557.10604869627,477910.9712177255,298449.3946700492,0.0,180435.14640643,478884.5410764792
194,9285.183562,0.0,0.0,0.0,9285.183562,80.0,298353.8651690292,0.0,179557.10604869627,477910.9712177255,298449.3946700492,0.0,180435.14640643,478884.5410764792
195,9286.584906,0.0,0.0,0.0,9286.584906,80.0,298353.8651690292,0.0,179557.10604869627,477910.9712177255,298449.3946700492,0.0,180435.14640643,478884.5410764792
196,9287.98625,0.0,0.0,0.0,9287.98625,80.0,298353.8651690292,0.0,179557.10604869627,477910.9712177255,298449.3946700492,0.0,180435.14640643,478884.5410764792
197,9289.387594,0.0,0.0,0.0,9289.387594,80.0,298353.8651690292,0.0,179557.10604869627,477910.9712177255,298449.3946700492,0.0,180435.14640643,478884.5410764792
198,9290.788939,0.0,0.0,0.0,9290.788939,80.0,298353.8651690292,0.0,179557.10604869627,477910.9712177255,298449.3946700492,0.0,180435.14640643,478884.5410764792
199,9292.166378,0.006546000000000001,0.0,0.0,9292.159832,80.0,298353.8651690292,0.0,179557.10604869627,477910.9712177255,298449.3946700492,0.0,180435.14640643,478884.5410764792
200,9293.36753,0.020507,0.0,0.0,9293.347023,80.0,298353.8651690292,0.0,179557.10604869627,477910.9712177255,298449.3946700492,0.0,180435.14640643,478884.5410764792
201,9294.568682,0.029935,0.0,0.0,9294.538746999999,80.0,298353.8651690292,0.0,179557.10604869627,477910.9712177255,298449.3946700492,0.0,180435.14640643,478884.5410764792
202,9295.769835,0.036265,0.0,0.0,9295.733569999999,80.0,298353.8651690292,0.0,179557.10604869627,477910.9712177255,298449.3946700492,0.0,180435.14640643,478884.5410764792
203,9296.970987,0.039861,0.0,0.0,9296.931126000001,80.0,298353.8651690292,0.0,179557.10604869627,477910.9712177255,298449.3946700492,0.0,180435.14640643,478884.5410764792
204,9298.172139,0.040739,0.0,0.0,9298.1314,80.0,298353.8651690292,0.0,179557.10604869627,477910.9712177255,298449.3946700492,0.0,180435.14640643,478884.5410764792
205,9299.373291,0.038927,0.0,0.0,9299.334364,80.0,298353.8651690292,0.0,179557.10604869627,477910.9712177255,298449.3946700492,0.0,180435.14640643,478884.5410764792
206,9300.574444,0.034078000000000004,0.0,0.0,9300.540366,80.0,298353.8651690292,0.0,179557.10604869627,477910.9712177255,298449.3946700492,0.0,180435.14640643,478884.5410764792
207,9301.775596,0.025242,0.0,0.0,9301.750354,80.0,298353.8651690292,0.0,179557.10604869627,477910.9712177255,298449.3946700492,0.0,180435.14640643,478884.5410764792
208,9302.976748,0.015499,0.0,0.0,9302.961249,80.0,298353.8651690292,0.0,179557.10604869627,477910.9712177255,298449.3946700492,0.0,180435.14640643,478884.5410764792
209,9304.1779,0.002496,0.0,0.0,9304.175404000001,80.0,298353.8651690292,0.0,179557.10604869627,477910.9712177255,298449.3946700492,0.0,180435.14640643,478884.5410764792
210,9305.379053,0.0,0.0,0.0,9305.379053,80.0,298353.8651690292,0.0,179557.10604869627,477910.9712177255,298449.3946700492,0.0,180435.14640643,478884.5410764792
211,9306.580205,0.0,0.0,0.0,9306.580205,80.0,298353.8651690292,0.0,179557.10604869627,477910.9712177255,298449.3946700492,0.0,180435.14640643,478884.5410764792
212,9307.781357,0.0,0.0,0.0,9307.781357,80.0,298353.8651690292,0.0,179557.10604869627,477910.9712177255,298449.3946700492,0.0,180435.14640643,478884.5410764792
213,9308.98251,0.0,0.0,0.0,9308.98251,80.0,298353.8651690292,0.0,179557.10604869627,477910.9712177255,298449.3946700492,0.0,180435.14640643,478884.5410764792
214,9310.183662,0.0,0.0,0.0,9310.183662,80.0,298353.8651690292,0.0,179557.10604869627,477910.9712177255,298449.3946700492,0.0,180435.14640643,478884.5410764792
215,9311.782607,0.0,0.0,0.0,9311.782607,80.0,298353.8651690292,0.0,179557.10604869627,477910.9712177255,298449.3946700492,0.0,180435.14640643,478884.5410764792
216,9313.584336,0.0,0.0,0.0,9313.584336,80.0,298353.8651690292,0.0,179557.10604869627,477910.9712177255,298449.3946700492,0.0,180435.14640643,478884.5410764792
217,9315.386064,0.0,0.0,0.0,9315.386064,80.0,298353.8651690292,0.0,179557.10604869627,477910.9712177255,298449.3946700492,0.0,180435.14640643,478884.5410764792
218,9317.187793,0.0,0.0,0.0,9317.187793,80.0,298353.8651690292,0.0,179557.10604869627,477910.9712177255,298449.3946700492,0.0,180435.14640643,478884.5410764792
219,9318.989521,0.0,0.0,0.0,9318.989521,80.0,298353.8651690292,0.0,179557.10604869627,477910.9712177255,298449.3946700492,0.0,180435.14640643,478884.5410764792
220,9320.893347,0.0,0.0,0.0,9320.893347,80.0,298353.8651690292,0.0,179557.10604869627,477910.9712177255,298449.3946700492,0.0,180435.14640643,478884.5410764792
221,9322.895268,0.0,0.0,0.0,9322.895268,80.0,298353.8651690292,0.0,179557.10604869627,477910.9712177255,298449.3946700492,0.0,180435.14640643,478884.5410764792
222,9324.897188,0.0,0.0,0.0,9324.897188,80.0,298353.8651690292,0.0,179557.10604869627,477910.9712177255,298449.3946700492,0.0,180435.14640643,478884.5410764792
223,9326.899109,0.007,0.0,0.0,9326.892109,80.0,298353.8651690292,0.0,179557.10604869627,477910.9712177255,298449.3946700492,0.0,180435.14640643,478884.5410764792
224,9328.901029,0.021075,0.0,0.0,9328.879954,80.0,298353.8651690292,0.0,179557.10604869627,477910.9712177255,298449.3946700492,0.0,180435.14640643,478884.5410764792
225,9330.90295,0.030624,0.0,0.0,9330.872325999999,80.0,298353.8651690292,0.0,179557.10604869627,477910.9712177255,298449.3946700492,0.0,180435.14640643,478884.5410764792
226,9332.90487,0.037849,0.0,0.0,9332.867021,80.0,298353.8651690292,0.0,179557.10604869627,477910.9712177255,298449.3946700492,0.0,180435.14640643,478884.5410764792
227,9334.90679,0.041007,0.0,0.0,9334.865783,80.0,298353.8651690292,0.0,179557.10604869627,477910.9712177255,298449.3946700492,0.0,180435.14640643,478884.5410764792
228,9336.908711,0.040945999999999996,0.0,0.0,9336.867765,80.0,298353.8651690292,0.0,179557.10604869627,477910.9712177255,298449.3946700492,0.0,180435.14640643,478884.5410764792
229,9338.910631,0.038232999999999996,0.0,0.0,9338.872398000001,80.0,298353.8651690292,0.0,179557.10604869627,477910.9712177255,298449.3946700492,0.0,180435.14640643,478884.5410764792
230,9340.871454,0.033604999999999996,0.0,0.0,9340.837849,80.0,298353.8651690292,0.0,179557.10604869627,477910.9712177255,298449.3946700492,0.0,180435.14640643,478884.5410764792
231,9342.673182,0.025104,0.0,0.0,9342.648078,80.0,298353.8651690292,0.0,179557.10604869627,477910.9712177255,298449.3946700492,0.0,180435.14640643,478884.5410764792
232,9344.47491,0.014553000000000002,0.0,0.0,9344.460357,80.0,298353.8651690292,0.0,179557.10604869627,477910.9712177255,298449.3946700492,0.0,180435.14640643,478884.5410764792
233,9346.276639,0.0024089999999999997,0.0,0.0,9346.274229999999,80.0,298353.8651690292,0.0,179557.10604869627,477910.9712177255,298449.3946700492,0.0,180435.14640643,478884.5410764792
234,9348.078367,0.0,0.0,0.0,9348.078367,80.0,298353.8651690292,0.0,179557.10604869627,477910.9712177255,298449.3946700492,0.0,180435.14640643,478884.5410764792
235,9349.890694,0.0,0.0,0.0,9349.890694,80.0,298353.8651690292,0.0,179557.10604869627,477910.9712177255,298449.3946700492,0.0,180435.14640643,478884.5410764792
236,9351.892614,0.0,0.0,0.0,9351.892614,80.0,298353.8651690292,0.0,179557.10604869627,477910.9712177255,298449.3946700492,0.0,180435.14640643,478884.5410764792
237,9353.894535,0.0,0.0,0.0,9353.894535,80.0,298353.8651690292,0.0,179557.10604869627,477910.9712177255,298449.3946700492,0.0,180435.14640643,478884.5410764792
238,9355.896455,0.0,0.0,0.0,9355.896455,80.0,298353.8651690292,0.0,179557.10604869627,477910.9712177255,298449.3946700492,0.0,180435.14640643,478884.5410764792
239,9357.898376,0.0,81.8181818181818,0.0,9439.716557818181,152.0,298353.8651690292,0.0,179557.10604869627,477910.9712177255,298449.3946700492,0.0,180435.14640643,478884.5410764792
240,9359.900296,0.0,100.0,0.0,9459.900296,240.0,298353.8651690292,0.0,179557.10604869627,477910.9712177255,298449.3946700492,0.0,180435.14640643,478884.5410764792
241,9362.082507,0.0,100.0,0.0,9462.082507,328.0,298353.8651690292,0.0,179557.10604869627,477910.9712177255,298449.3946700492,0.0,180435.14640643,478884.5410764792
242,9364.28462,0.0,100.0,0.0,9464.28462,416.0,298353.8651690292,0.0,179557.10604869627,477910.9712177255,298449.3946700492,0.0,180435.14640643,478884.5410764792
243,9366.486732,0.0,100.0,0.0,9466.486732,504.0,298353.8651690292,0.0,179557.10604869627,477910.9712177255,298449.3946700492,0.0,180435.14640643,478884.5410764792
244,9368.688845,0.0,100.0,0.0,9468.688845,592.0,298353.8651690292,0.0,179557.10604869627,477910.9712177255,298449.3946700492,0.0,180435.14640643,478884.5410764792
245,9370.890957,0.0,100.0,0.0,9470.890957,680.0,298353.8651690292,0.0,179557.10604869627,477910.9712177255,298449.3946700492,0.0,180435.14640643,478884.5410764792
246,9373.09307,0.0,0.0,100.0,9273.09307,580.0,298353.8651690292,0.0,179557.10604869627,477910.9712177255,298449.3946700492,0.0,180435.14640643,478884.5410764792
247,9375.295182,0.003033,0.0,100.0,9275.292148999999,480.0,298353.8651690292,0.0,179557.10604869627,477910.9712177255,298449.3946700492,0.0,180435.14640643,478884.5410764792
248,9377.497295,0.011105,0.0,100.0,9277.48619,380.0,298353.8651690292,0.0,179557.10604869627,477910.9712177255,298449.3946700492,0.0,180435.14640643,478884.5410764792
249,9379.699407,0.018756000000000002,0.0,100.0,9279.680651,280.0,298353.8651690292,0.0,179557.10604869627,477910.9712177255,298449.3946700492,0.0,180435.14640643,478884.5410764792
250,9381.90152,0.021116,0.0,100.0,9281.880404,180.0,298353.8651690292,0.0,179557.10604869627,477910.9712177255,298449.3946700492,0.0,180435.14640643,478884.5410764792
251,9384.342214,0.030526,0.0,100.0,9284.311688,80.0,298353.8651690292,0.0,179557.10604869627,477910.9712177255,298449.3946700492,0.0,180435.14640643,478884.5410764792
252,9386.94471,0.031672,54.5454545454545,0.0,9441.458492545455,128.0,298353.8651690292,0.0,179557.10604869627,477910.9712177255,298449.3946700492,0.0,180435.14640643,478884.5410764792
253,9389.547207,0.032073000000000004,100.0,0.0,9489.515134,216.0,298353.8651690292,0.0,179557.10604869627,477910.9712177255,298449.3946700492,0.0,180435.14640643,478884.5410764792
254,9392.149704,0.023234,100.0,0.0,9492.12647,304.0,298353.8651690292,0.0,179557.10604869627,477910.9712177255,298449.3946700492,0.0,180435.14640643,478884.5410764792
255,9394.7522,0.018771,100.0,0.0,9494.733429000002,392.0,298353.8651690292,0.0,179557.10604869627,477910.9712177255,298449.3946700492,0.0,180435.14640643,478884.5410764792
256,9397.532279,0.014882999999999999,100.0,0.0,9497.517396,480.0,298353.8651690292,0.0,179557.10604869627,477910.9712177255,298449.3946700492,0.0,180435.14640643,478884.5410764792
257,9400.53516,0.002517,0.0,100.0,9300.532642999999,380.0,298353.8651690292,0.0,179557.10604869627,477910.9712177255,298449.3946700492,0.0,180435.14640643,478884.5410764792
258,9403.53804,0.0,0.0,100.0,9303.53804,280.0,298353.8651690292,0.0,179557.10604869627,477910.9712177255,298449.3946700492,0.0,180435.14640643,478884.5410764792
259,9406.540921,0.0,0.0,100.0,9306.540921,180.0,298353.8651690292,0.0,179557.10604869627,477910.9712177255,298449.3946700492,0.0,180435.14640643,478884.5410764792
260,9409.543802,0.0,0.0,100.0,9309.543802,80.0,298353.8651690292,0.0,179557.10604869627,477910.9712177255,298449.3946700492,0.0,180435.14640643,478884.5410764792
261,9412.721556,0.0,0.0,0.0,9412.721556,80.0,298353.8651690292,0.0,179557.10604869627,477910.9712177255,298449.3946700492,0.0,180435.14640643,478884.5410764792
262,9416.325013,0.0,0.0,0.0,9416.325013,80.0,298353.8651690292,0.0,179557.10604869627,477910.9712177255,298449.3946700492,0.0,180435.14640643,478884.5410764792
263,9419.928469,0.0,81.8181818181818,0.0,9501.746650818182,152.0,298353.8651690292,0.0,179557.10604869627,477910.9712177255,298449.3946700492,0.0,180435.14640643,478884.5410764792
264,9423.531926,0.0,100.0,0.0,9523.531926,240.0,298353.8651690292,0.0,179557.10604869627,477910.9712177255,298449.3946700492,0.0,180435.14640643,478884.5410764792
265,9427.135383,0.0,100.0,0.0,9527.135383,328.0,298353.8651690292,0.0,179557.10604869627,477910.9712177255,298449.3946700492,0.0,180435.14640643,478884.5410764792
266,9430.766631,0.0,100.0,0.0,9530.766631,416.0,298353.8651690292,0.0,179557.10604869627,477910.9712177255,298449.3946700492,0.0,180435.14640643,478884.5410764792
267,9434.57028,0.0,100.0,0.0,9534.57028,504.0,298353.8651690292,0.0,179557.10604869627,477910.9712177255,298449.3946700492,0.0,180435.14640643,478884.5410764792
268,9438.373929,0.0,100.0,0.0,9538.373929,592.0,298353.8651690292,0.0,179557.10604869627,477910.9712177255,298449.3946700492,0.0,180435.14640643,478884.5410764792
269,9442.177578,0.0,100.0,0.0,9542.177578,680.0,298353.8651690292,0.0,179557.10604869627,477910.9712177255,298449.3946700492,0.0,180435.14640643,478884.5410764792
270,9445.981227,0.0,0.0,100.0,9345.981227,580.0,298353.8651690292,0.0,179557.10604869627,477910.9712177255,298449.3946700492,0.0,180435.14640643,478884.5410764792
271,9449.784875,0.0037080000000000004,0.0,100.0,9349.781167,480.0,298353.8651690292,0.0,179557.10604869627,477910.9712177255,298449.3946700492,0.0,180435.14640643,478884.5410764792
272,9453.588524,0.016725,0.0,100.0,9353.571799000001,380.0,298353.8651690292,0.0,179557.10604869627,477910.9712177255,298449.3946700492,0.0,180435.14640643,478884.5410764792
273,9457.392173,0.029649000000000002,0.0,100.0,9357.362524,280.0,298353.8651690292,0.0,179557.10604869627,477910.9712177255,298449.3946700492,0.0,180435.14640643,478884.5410764792
274,9461.195822,0.035465,0.0,100.0,9361.160356999999,180.0,298353.8651690292,0.0,179557.10604869627,477910.9712177255,298449.3946700492,0.0,180435.14640643,478884.5410764792
275,9464.999471,0.03867,0.0,100.0,9364.960801,80.0,298353.8651690292,0.0,179557.10604869627,477910.9712177255,298449.3946700492,0.0,180435.14640643,478884.5410764792
276,9468.80312,0.040072,54.5454545454545,0.0,9523.308502545455,128.0,298353.8651690292,0.0,179557.10604869627,477910.9712177255,298449.3946700492,0.0,180435.14640643,478884.5410764792
277,9472.940736,0.036819000000000005,100.0,0.0,9572.903917,216.0,298353.8651690292,0.0,179557.10604869627,477910.9712177255,298449.3946700492,0.0,180435.14640643,478884.5410764792
278,9477.144769,0.032771,100.0,0.0,9577.111998,304.0,298353.8651690292,0.0,179557.10604869627,477910.9712177255,298449.3946700492,0.0,180435.14640643,478884.5410764792
279,9481.348802,0.021227,100.0,0.0,9581.327575000001,392.0,298353.8651690292,0.0,179557.10604869627,477910.9712177255,298449.3946700492,0.0,180435.14640643,478884.5410764792
280,9485.552835,0.012618,100.0,0.0,9585.540217,480.0,298353.8651690292,0.0,179557.10604869627,477910.9712177255,298449.3946700492,0.0,180435.14640643,478884.5410764792
281,9489.756868,0.001052,0.0,100.0,9389.755816,380.0,298353.8651690292,0.0,179557.10604869627,477910.9712177255,298449.3946700492,0.0,180435.14640643,478884.5410764792
282,9493.960901,0.0,0.0,100.0,9393.960901,280.0,298353.8651690292,0.0,179557.10604869627,477910.9712177255,298449.3946700492,0.0,180435.14640643,478884.5410764792
283,9498.164934,0.0,0.0,100.0,9398.164934,180.0,298353.8651690292,0.0,179557.10604869627,477910.9712177255,298449.3946700492,0.0,180435.14640643,478884.5410764792
284,9502.368966,0.0,0.0,100.0,9402.368966,80.0,298353.8651690292,0.0,179557.10604869627,477910.9712177255,298449.3946700492,0.0,180435.14640643,478884.5410764792
285,9506.572999,0.0,0.0,0.0,9506.572999,80.0,298353.8651690292,0.0,179557.10604869627,477910.9712177255,298449.3946700492,0.0,180435.14640643,478884.5410764792
286,9510.777032,0.0,0.0,0.0,9510.777032,80.0,298353.8651690292,0.0,179557.10604869627,477910.9712177255,298449.3946700492,0.0,180435.14640643,478884.5410764792
287,9514.557129,0.0,81.8181818181818,0.0,9596.375310818183,152.0,298353.8651690292,0.0,179557.10604869627,477910.9712177255,298449.3946700492,0.0,180435.14640643,478884.5410764792
288,9517.960394,0.0,100.0,0.0,9617.960394,240.0,298353.8651690292,0.0,179557.10604869627,477910.9712177255,298449.3946700492,0.0,180435.14640643,478884.5410764792
289,9521.363659,0.0,100.0,0.0,9621.363659,328.0,298353.8651690292,0.0,179557.10604869627,477910.9712177255,298449.3946700492,0.0,180435.14640643,478884.5410764792
290,9524.766923,0.0,100.0,0.0,9624.766923,416.0,298353.8651690292,0.0,179557.10604869627,477910.9712177255,298449.3946700492,0.0,180435.14640643,478884.5410764792
291,9528.170188,0.0,100.0,0.0,9628.170188,504.0,298353.8651690292,0.0,179557.10604869627,477910.9712177255,298449.3946700492,0.0,180435.14640643,478884.5410764792
292,9531.573453,0.0,100.0,0.0,9631.573453,592.0,298353.8651690292,0.0,179557.10604869627,477910.9712177255,298449.3946700492,0.0,180435.14640643,478884.5410764792
293,9534.976718,0.0,100.0,0.0,9634.976718,680.0,298353.8651690292,0.0,179557.10604869627,477910.9712177255,298449.3946700492,0.0,180435.14640643,478884.5410764792
294,9538.379982,0.0,0.0,100.0,9438.379982,580.0,298353.8651690292,0.0,179557.10604869627,477910.9712177255,298449.3946700492,0.0,180435.14640643,478884.5410764792
295,9541.783247,0.0054009999999999996,0.0,100.0,9441.777845999999,480.0,298353.8651690292,0.0,179557.10604869627,477910.9712177255,298449.3946700492,0.0,180435.14640643,478884.5410764792
296,9545.186512,0.020260000000000004,0.0,100.0,9445.166252,380.0,298353.8651690292,0.0,179557.10604869627,477910.9712177255,298449.3946700492,0.0,180435.14640643,478884.5410764792
297,9548.589777,0.029779,0.0,100.0,9448.559997999999,280.0,298353.8651690292,0.0,179557.10604869627,477910.9712177255,298449.3946700492,0.0,180435.14640643,478884.5410764792
298,9551.993042,0.035491,0.0,100.0,9451.957551,180.0,298353.8651690292,0.0,179557.10604869627,477910.9712177255,298449.3946700492,0.0,180435.14640643,478884.5410764792
299,9555.396306,0.039873,0.0,100.0,9455.356433,80.0,298353.8651690292,0.0,179557.10604869627,477910.9712177255,298449.3946700492,0.0,180435.14640643,478884.5410764792
300,9558.799571,0.040296,54.5454545454545,0.0,9613.304729545454,128.0,298353.8651690292,0.0,179557.10604869627,477910.9712177255,298449.3946700492,0.0,180435.14640643,478884.5410764792
301,9562.202836,0.037348,100.0,0.0,9662.165488,216.0,298353.8651690292,0.0,179557.10604869627,477910.9712177255,298449.3946700492,0.0,180435.14640643,478884.5410764792
302,9565.606101,0.032201,100.0,0.0,9665.5739,304.0,298353.8651690292,0.0,179557.10604869627,477910.9712177255,298449.3946700492,0.0,180435.14640643,478884.5410764792
303,9569.009365,0.024078,100.0,0.0,9668.985287,392.0,298353.8651690292,0.0,179557.10604869627,477910.9712177255,298449.3946700492,0.0,180435.14640643,478884.5410764792
304,9572.41263,0.01379,100.0,0.0,9672.39884,480.0,298353.8651690292,0.0,179557.10604869627,477910.9712177255,298449.3946700492,0.0,180435.14640643,478884.5410764792
305,9575.815895,0.002426,0.0,100.0,9475.813469,380.0,298353.8651690292,0.0,179557.10604869627,477910.9712177255,298449.3946700492,0.0,180435.14640643,478884.5410764792
306,9579.21916,0.0,0.0,100.0,9479.21916,280.0,298353.8651690292,0.0,179557.10604869627,477910.9712177255,298449.3946700492,0.0,180435.14640643,478884.5410764792
307,9582.622424,0.0,0.0,100.0,9482.622424,180.0,298353.8651690292,0.0,179557.10604869627,477910.9712177255,298449.3946700492,0.0,180435.14640643,478884.5410764792
308,9585.841512,0.0,0.0,100.0,9485.841512,80.0,298353.8651690292,0.0,179557.10604869627,477910.9712177255,298449.3946700492,0.0,180435.14640643,478884.5410764792
309,9589.044585,0.0,0.0,0.0,9589.044585,80.0,298353.8651690292,0.0,179557.10604869627,477910.9712177255,298449.3946700492,0.0,180435.14640643,478884.5410764792
310,9592.247658,0.0,0.0,0.0,9592.247658,80.0,298353.8651690292,0.0,179557.10604869627,477910.9712177255,298449.3946700492,0.0,180435.14640643,478884.5410764792
311,9595.450731,0.0,81.8181818181818,0.0,9677.268912818183,152.0,298353.8651690292,0.0,179557.10604869627,477910.9712177255,298449.3946700492,0.0,180435.14640643,478884.5410764792
312,9598.653803,0.0,100.0,0.0,9698.653803,240.0,298353.8651690292,0.0,179557.10604869627,477910.9712177255,298449.3946700492,0.0,180435.14640643,478884.5410764792
313,9601.395845,0.0,100.0,0.0,9701.395845,328.0,298353.8651690292,0.0,179557.10604869627,477910.9712177255,298449.3946700492,0.0,180435.14640643,478884.5410764792
314,9603.998342,0.0,100.0,0.0,9703.998342,416.0,298353.8651690292,0.0,179557.10604869627,477910.9712177255,298449.3946700492,0.0,180435.14640643,478884.5410764792
315,9606.600839,0.0,100.0,0.0,9706.600839,504.0,298353.8651690292,0.0,179557.10604869627,477910.9712177255,298449.3946700492,0.0,180435.14640643,478884.5410764792
316,9609.203335,0.0,100.0,0.0,9709.203335,592.0,298353.8651690292,0.0,179557.10604869627,477910.9712177255,298449.3946700492,0.0,180435.14640643,478884.5410764792
317,9611.805832,0.0,100.0,0.0,9711.805832,680.0,298353.8651690292,0.0,179557.10604869627,477910.9712177255,298449.3946700492,0.0,180435.14640643,478884.5410764792
318,9614.408328,0.0,0.0,100.0,9514.408328,580.0,298353.8651690292,0.0,179557.10604869627,477910.9712177255,298449.3946700492,0.0,180435.14640643,478884.5410764792
319,9617.010825,0.007478,0.0,100.0,9517.003347,480.0,298353.8651690292,0.0,179557.10604869627,477910.9712177255,298449.3946700492,0.0,180435.14640643,478884.5410764792
320,9619.613321,0.020926,0.0,100.0,9519.592395000001,380.0,298353.8651690292,0.0,179557.10604869627,477910.9712177255,298449.3946700492,0.0,180435.14640643,478884.5410764792
321,9622.215818,0.030013,0.0,100.0,9522.185805000001,280.0,298353.8651690292,0.0,179557.10604869627,477910.9712177255,298449.3946700492,0.0,180435.14640643,478884.5410764792
322,9624.818315,0.036052999999999995,0.0,100.0,9524.782262,180.0,298353.8651690292,0.0,179557.10604869627,477910.9712177255,298449.3946700492,0.0,180435.14640643,478884.5410764792
323,9627.976874,0.038888,0.0,100.0,9527.937986,80.0,298353.8651690292,0.0,179557.10604869627,477910.9712177255,298449.3946700492,0.0,180435.14640643,478884.5410764792
324,9631.780523,0.038668999999999995,54.5454545454545,0.0,9686.287308545454,128.0,298353.8651690292,0.0,179557.10604869627,477910.9712177255,298449.3946700492,0.0,180435.14640643,478884.5410764792
325,9635.584172,0.038061,100.0,0.0,9735.546111000001,216.0,298353.8651690292,0.0,179557.10604869627,477910.9712177255,298449.3946700492,0.0,180435.14640643,478884.5410764792
326,9639.387821,0.032609,100.0,0.0,9739.355212,304.0,298353.8651690292,0.0,179557.10604869627,477910.9712177255,298449.3946700492,0.0,180435.14640643,478884.5410764792
327,9643.191469,0.02564,100.0,0.0,9743.165829,392.0,298353.8651690292,0.0,179557.10604869627,477910.9712177255,298449.3946700492,0.0,180435.14640643,478884.5410764792
328,9646.932941,0.015247,100.0,0.0,9746.917694,480.0,298353.8651690292,0.0,179557.10604869627,477910.9712177255,298449.3946700492,0.0,180435.14640643,478884.5410764792
329,9650.536398,0.0030830000000000002,0.0,100.0,9550.533315,380.0,298353.8651690292,0.0,179557.10604869627,477910.9712177255,298449.3946700492,0.0,180435.14640643,478884.5410764792
330,9654.139855,0.0,0.0,100.0,9554.139855,280.0,298353.8651690292,0.0,179557.10604869627,477910.9712177255,298449.3946700492,0.0,180435.14640643,478884.5410764792
331,9657.743311,0.0,0.0,100.0,9557.743311,180.0,298353.8651690292,0.0,179557.10604869627,477910.9712177255,298449.3946700492,0.0,180435.14640643,478884.5410764792
332,9661.346768,0.0,0.0,100.0,9561.346768,80.0,298353.8651690292,0.0,179557.10604869627,477910.9712177255,298449.3946700492,0.0,180435.14640643,478884.5410764792
333,9664.855193,0.0,0.0,0.0,9664.855193,80.0,298353.8651690292,0.0,179557.10604869627,477910.9712177255,298449.3946700492,0.0,180435.14640643,478884.5410764792
334,9667.858073,0.0,0.0,0.0,9667.858073,80.0,298353.8651690292,0.0,179557.10604869627,477910.9712177255,298449.3946700492,0.0,180435.14640643,478884.5410764792
335,9670.860954,0.0,81.8181818181818,0.0,9752.679135818182,152.0,298353.8651690292,0.0,179557.10604869627,477910.9712177255,298449.3946700492,0.0,180435.14640643,478884.5410764792
336,9673.863835,0.0,100.0,0.0,9773.863835,240.0,298353.8651690292,0.0,179557.10604869627,477910.9712177255,298449.3946700492,0.0,180435.14640643,478884.5410764792
337,9676.866715,0.0,100.0,0.0,9776.866715,328.0,298353.8651690292,0.0,179557.10604869627,477910.9712177255,298449.3946700492,0.0,180435.14640643,478884.5410764792
338,9679.869596,0.0,100.0,0.0,9779.869596,416.0,298353.8651690292,0.0,179557.10604869627,477910.9712177255,298449.3946700492,0.0,180435.14640643,478884.5410764792
339,9682.872477,0.0,100.0,0.0,9782.872477,504.0,298353.8651690292,0.0,179557.10604869627,477910.9712177255,298449.3946700492,0.0,180435.14640643,478884.5410764792
340,9685.875357,0.0,100.0,0.0,9785.875357,592.0,298353.8651690292,0.0,179557.10604869627,477910.9712177255,298449.3946700492,0.0,180435.14640643,478884.5410764792
341,9688.878238,0.0,100.0,0.0,9788.878238,680.0,298353.8651690292,0.0,179557.10604869627,477910.9712177255,298449.3946700492,0.0,180435.14640643,478884.5410764792
342,9691.881119,0.0,0.0,100.0,9591.881119,580.0,298353.8651690292,0.0,179557.10604869627,477910.9712177255,298449.3946700492,0.0,180435.14640643,478884.5410764792
343,9694.883999,0.002128,0.0,100.0,9594.881871,480.0,298353.8651690292,0.0,179557.10604869627,477910.9712177255,298449.3946700492,0.0,180435.14640643,478884.5410764792
344,9697.88688,0.010388,0.0,100.0,9597.876492,380.0,298353.8651690292,0.0,179557.10604869627,477910.9712177255,298449.3946700492,0.0,180435.14640643,478884.5410764792
345,9700.889761,0.022594000000000003,0.0,100.0,9600.867167,280.0,298353.8651690292,0.0,179557.10604869627,477910.9712177255,298449.3946700492,0.0,180435.14640643,478884.5410764792
346,9703.892641,0.025847000000000002,0.0,100.0,9603.866794,180.0,298353.8651690292,0.0,179557.10604869627,477910.9712177255,298449.3946700492,0.0,180435.14640643,478884.5410764792
347,9706.895522,0.031768000000000005,0.0,100.0,9606.863754,80.0,298353.8651690292,0.0,179557.10604869627,477910.9712177255,298449.3946700492,0.0,180435.14640643,478884.5410764792
348,9709.898403,0.03614,54.5454545454545,0.0,9764.407717545453,128.0,298353.8651690292,0.0,179557.10604869627,477910.9712177255,298449.3946700492,0.0,180435.14640643,478884.5410764792
349,9712.199434,0.038173000000000006,100.0,0.0,9812.161261,216.0,298353.8651690292,0.0,179557.10604869627,477910.9712177255,298449.3946700492,0.0,180435.14640643,478884.5410764792
350,9714.201354,0.033722,100.0,0.0,9814.167632,304.0,298353.8651690292,0.0,179557.10604869627,477910.9712177255,298449.3946700492,0.0,180435.14640643,478884.5410764792
351,9716.203274,0.026765999999999998,100.0,0.0,9816.176507999999,392.0,298353.8651690292,0.0,179557.10604869627,477910.9712177255,298449.3946700492,0.0,180435.14640643,478884.5410764792
352,9718.205195,0.016183,100.0,0.0,9818.189012,480.0,298353.8651690292,0.0,179557.10604869627,477910.9712177255,298449.3946700492,0.0,180435.14640643,478884.5410764792
353,9720.207115,0.003139,0.0,100.0,9620.203975999999,380.0,298353.8651690292,0.0,179557.10604869627,477910.9712177255,298449.3946700492,0.0,180435.14640643,478884.5410764792
354,9722.209036,0.0,0.0,100.0,9622.209036,280.0,298353.8651690292,0.0,179557.10604869627,477910.9712177255,298449.3946700492,0.0,180435.14640643,478884.5410764792
355,9724.210956,0.0,0.0,100.0,9624.210956,180.0,298353.8651690292,0.0,179557.10604869627,477910.9712177255,298449.3946700492,0.0,180435.14640643,478884.5410764792
356,9726.212877,0.0,0.0,100.0,9626.212877,80.0,298353.8651690292,0.0,179557.10604869627,477910.9712177255,298449.3946700492,0.0,180435.14640643,478884.5410764792
357,9728.214797,0.0,0.0,0.0,9728.214797,80.0,298353.8651690292,0.0,179557.10604869627,477910.9712177255,298449.3946700492,0.0,180435.14640643,478884.5410764792
358,9730.216718,0.0,0.0,0.0,9730.216718,80.0,298353.8651690292,0.0,179557.10604869627,477910.9712177255,298449.3946700492,0.0,180435.14640643,478884.5410764792
359,9732.298008,0.0,0.0,0.0,9732.298008,80.0,298353.8651690292,0.0,179557.10604869627,477910.9712177255,298449.3946700492,0.0,180435.14640643,478884.5410764792
360,9734.500121,0.0,0.0,0.0,9734.500121,80.0,298353.8651690292,0.0,179557.10604869627,477910.9712177255,298449.3946700492,0.0,180435.14640643,478884.5410764792
361,9736.702233,0.0,0.0,0.0,9736.702233,80.0,298353.8651690292,0.0,179557.10604869627,477910.9712177255,298449.3946700492,0.0,180435.14640643,478884.5410764792
362,9738.904346,0.0,0.0,0.0,9738.904346,80.0,298353.8651690292,0.0,179557.10604869627,477910.9712177255,298449.3946700492,0.0,180435.14640643,478884.5410764792
363,9741.106458,0.0,0.0,0.0,9741.106458,80.0,298353.8651690292,0.0,179557.10604869627,477910.9712177255,298449.3946700492,0.0,180435.14640643,478884.5410764792
364,9743.357441,0.0,0.0,0.0,9743.357441,80.0,298353.8651690292,0.0,179557.10604869627,477910.9712177255,298449.3946700492,0.0,180435.14640643,478884.5410764792
365,9745.759746,0.0,0.0,0.0,9745.759746,80.0,298353.8651690292,0.0,179557.10604869627,477910.9712177255,298449.3946700492,0.0,180435.14640643,478884.5410764792
366,9748.16205,0.0,0.0,0.0,9748.16205,80.0,298353.8651690292,0.0,179557.10604869627,477910.9712177255,298449.3946700492,0.0,180435.14640643,478884.5410764792
367,9750.564355,0.000448,0.0,0.0,9750.563907,80.0,298353.8651690292,0.0,179557.10604869627,477910.9712177255,298449.3946700492,0.0,180435.14640643,478884.5410764792
368,9752.966659,0.001117,0.0,0.0,9752.965542,80.0,298353.8651690292,0.0,179557.10604869627,477910.9712177255,298449.3946700492,0.0,180435.14640643,478884.5410764792
369,9755.295481,0.0049440000000000005,0.0,0.0,9755.290536999999,80.0,298353.8651690292,0.0,179557.10604869627,477910.9712177255,298449.3946700492,0.0,180435.14640643,478884.5410764792
370,9756.897018,0.004110000000000001,0.0,0.0,9756.892908,80.0,298353.8651690292,0.0,179557.10604869627,477910.9712177255,298449.3946700492,0.0,180435.14640643,478884.5410764792
371,9758.498554,0.005319,0.0,0.0,9758.493235,80.0,298353.8651690292,0.0,179557.10604869627,477910.9712177255,298449.3946700492,0.0,180435.14640643,478884.5410764792
372,9760.100091,0.005259000000000001,0.0,0.0,9760.094832,80.0,298353.8651690292,0.0,179557.10604869627,477910.9712177255,298449.3946700492,0.0,180435.14640643,478884.5410764792
373,9761.701627,0.005178,0.0,0.0,9761.696449000001,80.0,298353.8651690292,0.0,179557.10604869627,477910.9712177255,298449.3946700492,0.0,180435.14640643,478884.5410764792
374,9763.303163,0.002519,0.0,0.0,9763.300644,80.0,298353.8651690292,0.0,179557.10604869627,477910.9712177255,298449.3946700492,0.0,180435.14640643,478884.5410764792
375,9764.716637,0.001569,0.0,0.0,9764.715068,80.0,298353.8651690292,0.0,179557.10604869627,477910.9712177255,298449.3946700492,0.0,180435.14640643,478884.5410764792
376,9766.117981,0.001072,0.0,0.0,9766.116909,80.0,298353.8651690292,0.0,179557.10604869627,477910.9712177255,298449.3946700492,0.0,180435.14640643,478884.5410764792
377,9767.519325,0.00147,0.0,0.0,9767.517855,80.0,298353.8651690292,0.0,179557.10604869627,477910.9712177255,298449.3946700492,0.0,180435.14640643,478884.5410764792
378,9768.92067,0.0,0.0,0.0,9768.92067,80.0,298353.8651690292,0.0,179557.10604869627,477910.9712177255,298449.3946700492,0.0,180435.14640643,478884.5410764792
379,9770.322014,0.0,0.0,0.0,9770.322014,80.0,298353.8651690292,0.0,179557.10604869627,477910.9712177255,298449.3946700492,0.0,180435.14640643,478884.5410764792
380,9771.565795,0.0,0.0,0.0,9771.565795,80.0,298353.8651690292,0.0,179557.10604869627,477910.9712177255,298449.3946700492,0.0,180435.14640643,478884.5410764792
381,9772.766948,0.0,0.0,0.0,9772.766948,80.0,298353.8651690292,0.0,179557.10604869627,477910.9712177255,298449.3946700492,0.0,180435.14640643,478884.5410764792
382,9773.9681,0.0,0.0,0.0,9773.9681,80.0,298353.8651690292,0.0,179557.10604869627,477910.9712177255,298449.3946700492,0.0,180435.14640643,478884.5410764792
383,9775.169252,0.0,0.0,0.0,9775.169252,80.0,298353.8651690292,0.0,179557.10604869627,477910.9712177255,298449.3946700492,0.0,180435.14640643,478884.5410764792
384,9776.370405,0.0,0.0,0.0,9776.370405,80.0,298353.8651690292,0.0,179557.10604869627,477910.9712177255,298449.3946700492,0.0,180435.14640643,478884.5410764792
385,9777.825683,0.0,0.0,0.0,9777.825683,80.0,298353.8651690292,0.0,179557.10604869627,477910.9712177255,298449.3946700492,0.0,180435.14640643,478884.5410764792
386,9779.427219,0.0,0.0,0.0,9779.427219,80.0,298353.8651690292,0.0,179557.10604869627,477910.9712177255,298449.3946700492,0.0,180435.14640643,478884.5410764792
387,9781.028756,0.0,0.0,0.0,9781.028756,80.0,298353.8651690292,0.0,179557.10604869627,477910.9712177255,298449.3946700492,0.0,180435.14640643,478884.5410764792
388,9782.630292,0.0,0.0,0.0,9782.630292,80.0,298353.8651690292,0.0,179557.10604869627,477910.9712177255,298449.3946700492,0.0,180435.14640643,478884.5410764792
389,9784.231828,0.0,0.0,0.0,9784.231828,80.0,298353.8651690292,0.0,179557.10604869627,477910.9712177255,298449.3946700492,0.0,180435.14640643,478884.5410764792
390,9785.543675,0.0,0.0,0.0,9785.543675,80.0,298353.8651690292,0.0,179557.10604869627,477910.9712177255,298449.3946700492,0.0,180435.14640643,478884.5410764792
391,9786.544635,0.002023,0.0,0.0,9786.542612000001,80.0,298353.8651690292,0.0,179557.10604869627,477910.9712177255,298449.3946700492,0.0,180435.14640643,478884.5410764792
392,9787.545596,0.008835,0.0,0.0,9787.536761,80.0,298353.8651690292,0.0,179557.10604869627,477910.9712177255,298449.3946700492,0.0,180435.14640643,478884.5410764792
393,9788.546556,0.027361999999999997,0.0,0.0,9788.519193999999,80.0,298353.8651690292,0.0,179557.10604869627,477910.9712177255,298449.3946700492,0.0,180435.14640643,478884.5410764792
394,9789.547516,0.029283000000000003,0.0,0.0,9789.518233,80.0,298353.8651690292,0.0,179557.10604869627,477910.9712177255,298449.3946700492,0.0,180435.14640643,478884.5410764792
395,9790.350286,0.033987,0.0,0.0,9790.316299,80.0,298353.8651690292,0.0,179557.10604869627,477910.9712177255,298449.3946700492,0.0,180435.14640643,478884.5410764792
396,9790.75067,0.030035,0.0,0.0,9790.720635,80.0,298353.8651690292,0.0,179557.10604869627,477910.9712177255,298449.3946700492,0.0,180435.14640643,478884.5410764792
397,9791.151054,0.038634,0.0,0.0,9791.11242,80.0,298353.8651690292,0.0,179557.10604869627,477910.9712177255,298449.3946700492,0.0,180435.14640643,478884.5410764792
398,9791.551438,0.030681,0.0,0.0,9791.520757,80.0,298353.8651690292,0.0,179557.10604869627,477910.9712177255,298449.3946700492,0.0,180435.14640643,478884.5410764792
399,9791.951822,0.027972,0.0,0.0,9791.923850000001,80.0,298353.8651690292,0.0,179557.10604869627,477910.9712177255,298449.3946700492,0.0,180435.14640643,478884.5410764792
400,9792.352207,0.0165,0.0,0.0,9792.335707,80.0,298353.8651690292,0.0,179557.10604869627,477910.9712177255,298449.3946700492,0.0,180435.14640643,478884.5410764792
401,9792.752591,0.0035009999999999998,0.0,0.0,9792.749090000001,80.0,298353.8651690292,0.0,179557.10604869627,477910.9712177255,298449.3946700492,0.0,180435.14640643,478884.5410764792
402,9793.152975,0.0,0.0,0.0,9793.152975,80.0,298353.8651690292,0.0,179557.10604869627,477910.9712177255,298449.3946700492,0.0,180435.14640643,478884.5410764792
403,9793.553359,0.0,0.0,0.0,9793.553359,80.0,298353.8651690292,0.0,179557.10604869627,477910.9712177255,298449.3946700492,0.0,180435.14640643,478884.5410764792
404,9793.953743,0.0,0.0,0.0,9793.953743,80.0,298353.8651690292,0.0,179557.10604869627,477910.9712177255,298449.3946700492,0.0,180435.14640643,478884.5410764792
405,9794.354127,0.0,0.0,0.0,9794.354127,80.0,298353.8651690292,0.0,179557.10604869627,477910.9712177255,298449.3946700492,0.0,180435.14640643,478884.5410764792
406,9794.754511,0.0,0.0,0.0,9794.754511,80.0,298353.8651690292,0.0,179557.10604869627,477910.9712177255,298449.3946700492,0.0,180435.14640643,478884.5410764792
407,9795.154895,0.0,0.0,0.0,9795.154895,80.0,298353.8651690292,0.0,179557.10604869627,477910.9712177255,298449.3946700492,0.0,180435.14640643,478884.5410764792
408,9795.555279,0.0,0.0,0.0,9795.555279,80.0,298353.8651690292,0.0,179557.10604869627,477910.9712177255,298449.3946700492,0.0,180435.14640643,478884.5410764792
409,9795.955663,0.0,0.0,0.0,9795.955663,80.0,298353.8651690292,0.0,179557.10604869627,477910.9712177255,298449.3946700492,0.0,180435.14640643,478884.5410764792
410,9796.356047,0.0,0.0,0.0,9796.356047,80.0,298353.8651690292,0.0,179557.10604869627,477910.9712177255,298449.3946700492,0.0,180435.14640643,478884.5410764792
411,9796.756431,0.0,0.0,0.0,9796.756431,80.0,298353.8651690292,0.0,179557.10604869627,477910.9712177255,298449.3946700492,0.0,180435.14640643,478884.5410764792
412,9797.156816,0.0,0.0,0.0,9797.156816,80.0,298353.8651690292,0.0,179557.10604869627,477910.9712177255,298449.3946700492,0.0,180435.14640643,478884.5410764792
413,9797.5572,0.0,0.0,0.0,9797.5572,80.0,298353.8651690292,0.0,179557.10604869627,477910.9712177255,298449.3946700492,0.0,180435.14640643,478884.5410764792
414,9797.957584,0.0,0.0,0.0,9797.957584,80.0,298353.8651690292,0.0,179557.10604869627,477910.9712177255,298449.3946700492,0.0,180435.14640643,478884.5410764792
415,9798.357968,0.006908,0.0,0.0,9798.35106,80.0,298353.8651690292,0.0,179557.10604869627,477910.9712177255,298449.3946700492,0.0,180435.14640643,478884.5410764792
416,9798.902608,0.020894,0.0,0.0,9798.881714000001,80.0,298353.8651690292,0.0,179557.10604869627,477910.9712177255,298449.3946700492,0.0,180435.14640643,478884.5410764792
417,9799.503184,0.030739000000000002,0.0,0.0,9799.472445,80.0,298353.8651690292,0.0,179557.10604869627,477910.9712177255,298449.3946700492,0.0,180435.14640643,478884.5410764792
418,9800.10376,0.03732800000000001,0.0,0.0,9800.066432,80.0,298353.8651690292,0.0,179557.10604869627,477910.9712177255,298449.3946700492,0.0,180435.14640643,478884.5410764792
419,9800.704336,0.039604999999999994,0.0,0.0,9800.664731,80.0,298353.8651690292,0.0,179557.10604869627,477910.9712177255,298449.3946700492,0.0,180435.14640643,478884.5410764792
420,9801.304912,0.041082,0.0,0.0,9801.26383,80.0,298353.8651690292,0.0,179557.10604869627,477910.9712177255,298449.3946700492,0.0,180435.14640643,478884.5410764792
421,9801.791732,0.03936,0.0,0.0,9801.752371999999,80.0,298353.8651690292,0.0,179557.10604869627,477910.9712177255,298449.3946700492,0.0,180435.14640643,478884.5410764792
422,9802.192117,0.035759,0.0,0.0,9802.156358,80.0,298353.8651690292,0.0,179557.10604869627,477910.9712177255,298449.3946700492,0.0,180435.14640643,478884.5410764792
423,9802.592501,0.026755,0.0,0.0,9802.565745999998,80.0,298353.8651690292,0.0,179557.10604869627,477910.9712177255,298449.3946700492,0.0,180435.14640643,478884.5410764792
424,9802.992885,0.016045000000000004,0.0,0.0,9802.97684,80.0,298353.8651690292,0.0,179557.10604869627,477910.9712177255,298449.3946700492,0.0,180435.14640643,478884.5410764792
425,9803.393269,0.003254,0.0,0.0,9803.390015,80.0,298353.8651690292,0.0,179557.10604869627,477910.9712177255,298449.3946700492,0.0,180435.14640643,478884.5410764792
426,9803.876909,0.0,0.0,0.0,9803.876909,80.0,298353.8651690292,0.0,179557.10604869627,477910.9712177255,298449.3946700492,0.0,180435.14640643,478884.5410764792
427,9804.477485,0.0,0.0,0.0,9804.477485,80.0,298353.8651690292,0.0,179557.10604869627,477910.9712177255,298449.3946700492,0.0,180435.14640643,478884.5410764792
428,9805.078061,0.0,84.4906052090882,0.0,9889.568666209088,154.351732583998,298353.8651690292,0.0,179557.10604869627,477910.9712177255,298449.3946700492,0.0,180435.14640643,478884.5410764792
429,9805.678638,0.0,83.890028209089,0.0,9889.568666209088,228.174957407996,298353.8651690292,0.0,179557.10604869627,477910.9712177255,298449.3946700492,0.0,180435.14640643,478884.5410764792
430,9806.279214,0.0,83.2894522090883,0.0,9889.568666209088,301.469675351994,298353.8651690292,0.0,179557.10604869627,477910.9712177255,298449.3946700492,0.0,180435.14640643,478884.5410764792
431,9806.827033,0.0,82.7416332090888,0.0,9889.568666209088,374.282312575992,298353.8651690292,0.0,179557.10604869627,477910.9712177255,298449.3946700492,0.0,180435.14640643,478884.5410764792
432,9807.227417,0.0,68.8566856000192,0.0,9876.08410260002,434.876195904009,298353.8651690292,0.0,179557.10604869627,477910.9712177255,298449.3946700492,0.0,180435.14640643,478884.5410764792
433,9807.627802,0.0,0.0,0.0,9807.627802,434.876195904009,298353.8651690292,0.0,179557.10604869627,477910.9712177255,298449.3946700492,0.0,180435.14640643,478884.5410764792
434,9808.028186,0.0,81.5404802090889,0.0,9889.568666209088,506.631818488007,298353.8651690292,0.0,179557.10604869627,477910.9712177255,298449.3946700492,0.0,180435.14640643,478884.5410764792
435,9808.42857,0.0,81.1400962090884,0.0,9889.568666209088,578.035103152005,298353.8651690292,0.0,179557.10604869627,477910.9712177255,298449.3946700492,0.0,180435.14640643,478884.5410764792
436,9808.806697,0.0,80.7619692090884,0.0,9889.568666209088,649.105636056002,298353.8651690292,0.0,179557.10604869627,477910.9712177255,298449.3946700492,0.0,180435.14640643,478884.5410764792
437,9809.006889,0.0,80.5617772090882,0.0,9889.568666209088,720.0,298353.8651690292,0.0,179557.10604869627,477910.9712177255,298449.3946700492,0.0,180435.14640643,478884.5410764792
438,9809.207081,0.0,0.0,99.4254849999998,9709.781596,620.574515,298353.8651690292,0.0,179557.10604869627,477910.9712177255,298449.3946700492,0.0,180435.14640643,478884.5410764792
439,9809.407273,0.0069050000000000005,0.0,99.6187719999998,9709.781596,520.955743,298353.8651690292,0.0,179557.10604869627,477910.9712177255,298449.3946700492,0.0,180435.14640643,478884.5410764792
440,9809.607465,0.020054,0.0,99.8058149999979,9709.781596,421.149928000003,298353.8651690292,0.0,179557.10604869627,477910.9712177255,298449.3946700492,0.0,180435.14640643,478884.5410764792
441,9809.807657,0.030395000000000002,0.0,99.9956659999989,9709.781596,321.154262000004,298353.8651690292,0.0,179557.10604869627,477910.9712177255,298449.3946700492,0.0,180435.14640643,478884.5410764792
442,9809.815901,0.034305,0.0,100.0,9709.781596,221.154262000004,298353.8651690292,0.0,179557.10604869627,477910.9712177255,298449.3946700492,0.0,180435.14640643,478884.5410764792
443,9809.815901,0.040729999999999995,0.0,99.9935749999986,9709.781596,121.160687000005,298353.8651690292,0.0,179557.10604869627,477910.9712177255,298449.3946700492,0.0,180435.14640643,478884.5410764792
444,9809.815901,0.041667,79.794432209088,0.0,9889.568666209088,191.379787344002,298353.8651690292,0.0,179557.10604869627,477910.9712177255,298449.3946700492,0.0,180435.14640643,478884.5410764792
445,9809.815901,0.040482,79.7932472090892,0.0,9889.568666209088,261.597844888005,298353.8651690292,0.0,179557.10604869627,477910.9712177255,298449.3946700492,0.0,180435.14640643,478884.5410764792
446,9809.815901,0.029813,79.7825782090877,0.0,9889.568666209088,331.806513711999,298353.8651690292,0.0,179557.10604869627,477910.9712177255,298449.3946700492,0.0,180435.14640643,478884.5410764792
447,9809.493003,0.015672000000000002,80.0913352090884,0.0,9889.568666209088,402.286888695997,298353.8651690292,0.0,179557.10604869627,477910.9712177255,298449.3946700492,0.0,180435.14640643,478884.5410764792
448,9809.092619,0.003852,80.4798992090891,0.0,9889.568666209088,473.109199999995,298353.8651690292,0.0,179557.10604869627,477910.9712177255,298449.3946700492,0.0,180435.14640643,478884.5410764792
449,9808.692234,9.900000000000001e-05,0.0,98.9105389999986,9709.781596,374.198660999997,298353.8651690292,0.0,179557.10604869627,477910.9712177255,298449.3946700492,0.0,180435.14640643,478884.5410764792
450,9808.29185,0.0,0.0,98.5102539999989,9709.781596,275.688406999998,298353.8651690292,0.0,179557.10604869627,477910.9712177255,298449.3946700492,0.0,180435.14640643,478884.5410764792
451,9807.891466,0.0,0.0,98.1098699999984,9709.781596,177.578536999999,298353.8651690292,0.0,179557.10604869627,477910.9712177255,298449.3946700492,0.0,180435.14640643,478884.5410764792
452,9807.360133,0.0,0.0,97.5785369999994,9709.781596,80.0,298353.8651690292,0.0,179557.10604869627,477910.9712177255,298449.3946700492,0.0,180435.14640643,478884.5410764792
453,9806.759557,0.0,0.0,0.0,9806.759557,80.0,298353.8651690292,0.0,179557.10604869627,477910.9712177255,298449.3946700492,0.0,180435.14640643,478884.5410764792
454,9806.158981,0.0,81.1342523545644,0.0,9887.293233354565,151.398142072017,298353.8651690292,0.0,179557.10604869627,477910.9712177255,298449.3946700492,0.0,180435.14640643,478884.5410764792
455,9805.558405,0.0,84.0102612090886,0.0,9889.568666209088,225.327171936015,298353.8651690292,0.0,179557.10604869627,477910.9712177255,298449.3946700492,0.0,180435.14640643,478884.5410764792
456,9804.957829,0.0,84.6108372090875,0.0,9889.568666209088,299.784708680012,298353.8651690292,0.0,179557.10604869627,477910.9712177255,298449.3946700492,0.0,180435.14640643,478884.5410764792
457,9804.357252,0.0,85.2114142090886,0.0,9889.568666209088,374.77075318401,298353.8651690292,0.0,179557.10604869627,477910.9712177255,298449.3946700492,0.0,180435.14640643,478884.5410764792
458,9803.756676,0.0,85.8119902090875,0.0,9889.568666209088,450.285304568007,298353.8651690292,0.0,179557.10604869627,477910.9712177255,298449.3946700492,0.0,180435.14640643,478884.5410764792
459,9803.1561,0.0,86.4125662090883,0.0,9889.568666209088,526.328362832004,298353.8651690292,0.0,179557.10604869627,477910.9712177255,298449.3946700492,0.0,180435.14640643,478884.5410764792
460,9802.555524,0.0,87.013142209089,0.0,9889.568666209088,602.899927976003,298353.8651690292,0.0,179557.10604869627,477910.9712177255,298449.3946700492,0.0,180435.14640643,478884.5410764792
461,9801.954948,0.0,87.6137182090879,0.0,9889.568666209088,680.0,298353.8651690292,0.0,179557.10604869627,477910.9712177255,298449.3946700492,0.0,180435.14640643,478884.5410764792
462,9801.354372,0.0,0.0,100.0,9701.354372,580.0,298353.8651690292,0.0,179557.10604869627,477910.9712177255,298449.3946700492,0.0,180435.14640643,478884.5410764792
463,9800.753796,0.004418999999999999,0.0,100.0,9700.749377,480.0,298353.8651690292,0.0,179557.10604869627,477910.9712177255,298449.3946700492,0.0,180435.14640643,478884.5410764792
464,9800.153219,0.010387,0.0,100.0,9700.142832,380.0,298353.8651690292,0.0,179557.10604869627,477910.9712177255,298449.3946700492,0.0,180435.14640643,478884.5410764792
465,9799.552643,0.019831,0.0,100.0,9699.532812000001,280.0,298353.8651690292,0.0,179557.10604869627,477910.9712177255,298449.3946700492,0.0,180435.14640643,478884.5410764792
466,9798.952067,0.023731000000000002,0.0,100.0,9698.928336,180.0,298353.8651690292,0.0,179557.10604869627,477910.9712177255,298449.3946700492,0.0,180435.14640643,478884.5410764792
467,9798.351491,0.041667,0.0,100.0,9698.309824,80.0,298353.8651690292,0.0,179557.10604869627,477910.9712177255,298449.3946700492,0.0,180435.14640643,478884.5410764792
468,9797.750915,0.029009,81.177275709099,0.0,9878.8991817091,151.436002624007,298353.8651690292,0.0,179557.10604869627,477910.9712177255,298449.3946700492,0.0,180435.14640643,478884.5410764792
469,9797.150339,0.025497,92.4438242090891,0.0,9889.568666209088,232.786567928006,298353.8651690292,0.0,179557.10604869627,477910.9712177255,298449.3946700492,0.0,180435.14640643,478884.5410764792
470,9796.549763,0.034131,93.0530342090879,0.0,9889.568666209088,314.673238032003,298353.8651690292,0.0,179557.10604869627,477910.9712177255,298449.3946700492,0.0,180435.14640643,478884.5410764792
471,9795.949187,0.021966000000000003,93.6414452090885,0.0,9889.568666209088,397.077709816001,298353.8651690292,0.0,179557.10604869627,477910.9712177255,298449.3946700492,0.0,180435.14640643,478884.5410764792
472,9795.34861,0.009819000000000001,94.2298752090901,0.0,9889.568666209088,480.0,298353.8651690292,0.0,179557.10604869627,477910.9712177255,298449.3946700492,0.0,180435.14640643,478884.5410764792
473,9794.748034,0.00171,0.0,100.0,9694.746324,380.0,298353.8651690292,0.0,179557.10604869627,477910.9712177255,298449.3946700492,0.0,180435.14640643,478884.5410764792
474,9794.147458,0.0,0.0,100.0,9694.147458,280.0,298353.8651690292,0.0,179557.10604869627,477910.9712177255,298449.3946700492,0.0,180435.14640643,478884.5410764792
475,9793.546882,0.0,0.0,100.0,9693.546882,180.0,298353.8651690292,0.0,179557.10604869627,477910.9712177255,298449.3946700492,0.0,180435.14640643,478884.5410764792
476,9792.946306,0.0,0.0,100.0,9692.946306,80.0,298353.8651690292,0.0,179557.10604869627,477910.9712177255,298449.3946700492,0.0,180435.14640643,478884.5410764792
477,9792.34573,0.0,0.0,0.0,9792.34573,80.0,298353.8651690292,0.0,179557.10604869627,477910.9712177255,298449.3946700492,0.0,180435.14640643,478884.5410764792
478,9791.566512,0.0,0.0,0.0,9791.566512,80.0,298353.8651690292,0.0,179557.10604869627,477910.9712177255,298449.3946700492,0.0,180435.14640643,478884.5410764792
479,9790.765743,0.0,82.2144906091002,0.0,9872.9802336091,152.348751736008,298353.8651690292,0.0,179557.10604869627,477910.9712177255,298449.3946700492,0.0,180435.14640643,478884.5410764792
480,9789.964975,0.0,99.6036912090817,0.0,9889.568666209083,240.0,298353.8651690292,0.0,179557.10604869627,477910.9712177255,298449.3946700492,0.0,180435.14640643,478884.5410764792
481,9789.164207,0.0,100.0,0.0,9889.164207,328.0,298353.8651690292,0.0,179557.10604869627,477910.9712177255,298449.3946700492,0.0,180435.14640643,478884.5410764792
482,9788.363439,0.0,100.0,0.0,9888.363439,416.0,298353.8651690292,0.0,179557.10604869627,477910.9712177255,298449.3946700492,0.0,180435.14640643,478884.5410764792
483,9787.562671,0.0,100.0,0.0,9887.562671,504.0,298353.8651690292,0.0,179557.10604869627,477910.9712177255,298449.3946700492,0.0,180435.14640643,478884.5410764792
484,9786.761903,0.0,100.0,0.0,9886.761903,592.0,298353.8651690292,0.0,179557.10604869627,477910.9712177255,298449.3946700492,0.0,180435.14640643,478884.5410764792
485,9785.961134,0.0,100.0,0.0,9885.961134,680.0,298353.8651690292,0.0,179557.10604869627,477910.9712177255,298449.3946700492,0.0,180435.14640643,478884.5410764792
486,9785.160366,0.0,0.0,100.0,9685.160366,580.0,298353.8651690292,0.0,179557.10604869627,477910.9712177255,298449.3946700492,0.0,180435.14640643,478884.5410764792
487,9784.359598,0.000536,0.0,100.0,9684.359062,480.0,298353.8651690292,0.0,179557.10604869627,477910.9712177255,298449.3946700492,0.0,180435.14640643,478884.5410764792
488,9783.441188,0.0017330000000000002,0.0,100.0,9683.439455000002,380.0,298353.8651690292,0.0,179557.10604869627,477910.9712177255,298449.3946700492,0.0,180435.14640643,478884.5410764792
489,9782.440227,0.00642,0.0,100.0,9682.433807,280.0,298353.8651690292,0.0,179557.10604869627,477910.9712177255,298449.3946700492,0.0,180435.14640643,478884.5410764792
490,9781.439267,0.006106,0.0,100.0,9681.433160999999,180.0,298353.8651690292,0.0,179557.10604869627,477910.9712177255,298449.3946700492,0.0,180435.14640643,478884.5410764792
491,9780.438307,0.010328,0.0,100.0,9680.427979,80.0,298353.8651690292,0.0,179557.10604869627,477910.9712177255,298449.3946700492,0.0,180435.14640643,478884.5410764792
492,9779.437347,0.033395,100.0,0.0,9879.403951999999,168.0,298353.8651690292,0.0,179557.10604869627,477910.9712177255,298449.3946700492,0.0,180435.14640643,478884.5410764792
493,9778.436386,0.022074000000000003,54.5454545454545,0.0,9832.959766545453,216.0,298353.8651690292,0.0,179557.10604869627,477910.9712177255,298449.3946700492,0.0,180435.14640643,478884.5410764792
494,9777.435426,0.007809,100.0,0.0,9877.427617,304.0,298353.8651690292,0.0,179557.10604869627,477910.9712177255,298449.3946700492,0.0,180435.14640643,478884.5410764792
495,9776.434466,0.012047,100.0,0.0,9876.422419,392.0,298353.8651690292,0.0,179557.10604869627,477910.9712177255,298449.3946700492,0.0,180435.14640643,478884.5410764792
496,9775.433506,0.007297,100.0,0.0,9875.426209,480.0,298353.8651690292,0.0,179557.10604869627,477910.9712177255,298449.3946700492,0.0,180435.14640643,478884.5410764792
497,9774.432546,0.0007980000000000001,0.0,100.0,9674.431748,380.0,298353.8651690292,0.0,179557.10604869627,477910.9712177255,298449.3946700492,0.0,180435.14640643,478884.5410764792
498,9773.374943,0.0,0.0,100.0,9673.374943,280.0,298353.8651690292,0.0,179557.10604869627,477910.9712177255,298449.3946700492,0.0,180435.14640643,478884.5410764792
499,9772.173791,0.0,0.0,100.0,9672.173791,180.0,298353.8651690292,0.0,179557.10604869627,477910.9712177255,298449.3946700492,0.0,180435.14640643,478884.5410764792
500,9770.972638,0.0,0.0,100.0,9670.972638,80.0,298353.8651690292,0.0,179557.10604869627,477910.9712177255,298449.3946700492,0.0,180435.14640643,478884.5410764792
501,9769.771486,0.0,0.0,0.0,9769.771486,80.0,298353.8651690292,0.0,179557.10604869627,477910.9712177255,298449.3946700492,0.0,180435.14640643,478884.5410764792
502,9768.570334,0.0,0.0,0.0,9768.570334,80.0,298353.8651690292,0.0,179557.10604869627,477910.9712177255,298449.3946700492,0.0,180435.14640643,478884.5410764792
503,9767.395324,0.0,81.8181818181818,0.0,9849.213505818181,152.0,298353.8651690292,0.0,179557.10604869627,477910.9712177255,298449.3946700492,0.0,180435.14640643,478884.5410764792
504,9766.394364,0.0,100.0,0.0,9866.394364,240.0,298353.8651690292,0.0,179557.10604869627,477910.9712177255,298449.3946700492,0.0,180435.14640643,478884.5410764792
505,9765.393404,0.0,100.0,0.0,9865.393404,328.0,298353.8651690292,0.0,179557.10604869627,477910.9712177255,298449.3946700492,0.0,180435.14640643,478884.5410764792
506,9764.392444,0.0,100.0,0.0,9864.392444,416.0,298353.8651690292,0.0,179557.10604869627,477910.9712177255,298449.3946700492,0.0,180435.14640643,478884.5410764792
507,9763.391483,0.0,100.0,0.0,9863.391483,504.0,298353.8651690292,0.0,179557.10604869627,477910.9712177255,298449.3946700492,0.0,180435.14640643,478884.5410764792
508,9762.390523,0.0,100.0,0.0,9862.390523,592.0,298353.8651690292,0.0,179557.10604869627,477910.9712177255,298449.3946700492,0.0,180435.14640643,478884.5410764792
509,9761.193728,0.0,100.0,0.0,9861.193728,680.0,298353.8651690292,0.0,179557.10604869627,477910.9712177255,298449.3946700492,0.0,180435.14640643,478884.5410764792
510,9759.992576,0.0,0.0,100.0,9659.992576,580.0,298353.8651690292,0.0,179557.10604869627,477910.9712177255,298449.3946700492,0.0,180435.14640643,478884.5410764792
511,9758.791423,0.0008269999999999999,0.0,100.0,9658.790596,480.0,298353.8651690292,0.0,179557.10604869627,477910.9712177255,298449.3946700492,0.0,180435.14640643,478884.5410764792
512,9757.590271,0.002955,0.0,100.0,9657.587316,380.0,298353.8651690292,0.0,179557.10604869627,477910.9712177255,298449.3946700492,0.0,180435.14640643,478884.5410764792
513,9756.389119,0.006041,0.0,100.0,9656.383077999999,280.0,298353.8651690292,0.0,179557.10604869627,477910.9712177255,298449.3946700492,0.0,180435.14640643,478884.5410764792
514,9755.353302,0.03214,0.0,100.0,9655.321162,180.0,298353.8651690292,0.0,179557.10604869627,477910.9712177255,298449.3946700492,0.0,180435.14640643,478884.5410764792
515,9754.352341,0.014431,0.0,100.0,9654.33791,80.0,298353.8651690292,0.0,179557.10604869627,477910.9712177255,298449.3946700492,0.0,180435.14640643,478884.5410764792
516,9753.351381,0.033753,54.5454545454545,0.0,9807.863082545455,128.0,298353.8651690292,0.0,179557.10604869627,477910.9712177255,298449.3946700492,0.0,180435.14640643,478884.5410764792
517,9752.350421,0.041667,100.0,0.0,9852.308754,216.0,298353.8651690292,0.0,179557.10604869627,477910.9712177255,298449.3946700492,0.0,180435.14640643,478884.5410764792
518,9751.349461,0.034117,100.0,0.0,9851.315344,304.0,298353.8651690292,0.0,179557.10604869627,477910.9712177255,298449.3946700492,0.0,180435.14640643,478884.5410764792
519,9750.213665,0.023885000000000003,100.0,0.0,9850.189779999999,392.0,298353.8651690292,0.0,179557.10604869627,477910.9712177255,298449.3946700492,0.0,180435.14640643,478884.5410764792
520,9749.012513,0.016367,100.0,0.0,9848.996146,480.0,298353.8651690292,0.0,179557.10604869627,477910.9712177255,298449.3946700492,0.0,180435.14640643,478884.5410764792
521,9747.811361,0.004198,0.0,100.0,9647.807163,380.0,298353.8651690292,0.0,179557.10604869627,477910.9712177255,298449.3946700492,0.0,180435.14640643,478884.5410764792
522,9746.610209,0.0,0.0,100.0,9646.610209,280.0,298353.8651690292,0.0,179557.10604869627,477910.9712177255,298449.3946700492,0.0,180435.14640643,478884.5410764792
523,9745.409056,0.0,0.0,100.0,9645.409056,180.0,298353.8651690292,0.0,179557.10604869627,477910.9712177255,298449.3946700492,0.0,180435.14640643,478884.5410764792
524,9744.207904,0.0,0.0,100.0,9644.207904,80.0,298353.8651690292,0.0,179557.10604869627,477910.9712177255,298449.3946700492,0.0,180435.14640643,478884.5410764792
525,9743.006752,0.0,0.0,0.0,9743.006752,80.0,298353.8651690292,0.0,179557.10604869627,477910.9712177255,298449.3946700492,0.0,180435.14640643,478884.5410764792
526,9741.805599,0.0,0.0,0.0,9741.805599,80.0,298353.8651690292,0.0,179557.10604869627,477910.9712177255,298449.3946700492,0.0,180435.14640643,478884.5410764792
527,9740.604447,0.0,0.0,0.0,9740.604447,80.0,298353.8651690292,0.0,179557.10604869627,477910.9712177255,298449.3946700492,0.0,180435.14640643,478884.5410764792
528,9739.403295,0.0,0.0,0.0,9739.403295,80.0,298353.8651690292,0.0,179557.10604869627,477910.9712177255,298449.3946700492,0.0,180435.14640643,478884.5410764792
529,9737.832965,0.0,0.0,0.0,9737.832965,80.0,298353.8651690292,0.0,179557.10604869627,477910.9712177255,298449.3946700492,0.0,180435.14640643,478884.5410764792
530,9735.630852,0.0,0.0,0.0,9735.630852,80.0,298353.8651690292,0.0,179557.10604869627,477910.9712177255,298449.3946700492,0.0,180435.14640643,478884.5410764792
531,9733.42874,0.0,0.0,0.0,9733.42874,80.0,298353.8651690292,0.0,179557.10604869627,477910.9712177255,298449.3946700492,0.0,180435.14640643,478884.5410764792
532,9731.226628,0.0,0.0,0.0,9731.226628,80.0,298353.8651690292,0.0,179557.10604869627,477910.9712177255,298449.3946700492,0.0,180435.14640643,478884.5410764792
533,9729.024515,0.0,0.0,0.0,9729.024515,80.0,298353.8651690292,0.0,179557.10604869627,477910.9712177255,298449.3946700492,0.0,180435.14640643,478884.5410764792
534,9726.865738,0.0,0.0,0.0,9726.865738,80.0,298353.8651690292,0.0,179557.10604869627,477910.9712177255,298449.3946700492,0.0,180435.14640643,478884.5410764792
535,9724.863818,0.006265,0.0,0.0,9724.857553,80.0,298353.8651690292,0.0,179557.10604869627,477910.9712177255,298449.3946700492,0.0,180435.14640643,478884.5410764792
536,9722.861897,0.010400000000000001,0.0,0.0,9722.851497000001,80.0,298353.8651690292,0.0,179557.10604869627,477910.9712177255,298449.3946700492,0.0,180435.14640643,478884.5410764792
537,9720.859977,0.015602000000000001,0.0,0.0,9720.844375,80.0,298353.8651690292,0.0,179557.10604869627,477910.9712177255,298449.3946700492,0.0,180435.14640643,478884.5410764792
538,9718.858056,0.020811,0.0,0.0,9718.837244999999,80.0,298353.8651690292,0.0,179557.10604869627,477910.9712177255,298449.3946700492,0.0,180435.14640643,478884.5410764792
539,9716.856136,0.03268,0.0,0.0,9716.823456,80.0,298353.8651690292,0.0,179557.10604869627,477910.9712177255,298449.3946700492,0.0,180435.14640643,478884.5410764792
540,9714.854216,0.038914000000000004,0.0,0.0,9714.815301999999,80.0,298353.8651690292,0.0,179557.10604869627,477910.9712177255,298449.3946700492,0.0,180435.14640643,478884.5410764792
541,9712.852295,0.021234000000000003,0.0,0.0,9712.831061,80.0,298353.8651690292,0.0,179557.10604869627,477910.9712177255,298449.3946700492,0.0,180435.14640643,478884.5410764792
542,9710.850375,0.031966,0.0,0.0,9710.818409,80.0,298353.8651690292,0.0,179557.10604869627,477910.9712177255,298449.3946700492,0.0,180435.14640643,478884.5410764792
543,9708.848454,0.016057,0.0,0.0,9708.832397,80.0,298353.8651690292,0.0,179557.10604869627,477910.9712177255,298449.3946700492,0.0,180435.14640643,478884.5410764792
544,9706.846534,0.0041849999999999995,0.0,0.0,9706.842349,80.0,298353.8651690292,0.0,179557.10604869627,477910.9712177255,298449.3946700492,0.0,180435.14640643,478884.5410764792
545,9704.662085,0.000357,0.0,0.0,9704.661728,80.0,298353.8651690292,0.0,179557.10604869627,477910.9712177255,298449.3946700492,0.0,180435.14640643,478884.5410764792
546,9702.459973,0.0,0.0,0.0,9702.459973,80.0,298353.8651690292,0.0,179557.10604869627,477910.9712177255,298449.3946700492,0.0,180435.14640643,478884.5410764792
547,9700.25786,0.0,0.0,0.0,9700.25786,80.0,298353.8651690292,0.0,179557.10604869627,477910.9712177255,298449.3946700492,0.0,180435.14640643,478884.5410764792
548,9698.055748,0.0,0.0,0.0,9698.055748,80.0,298353.8651690292,0.0,179557.10604869627,477910.9712177255,298449.3946700492,0.0,180435.14640643,478884.5410764792
549,9695.853635,0.0,0.0,0.0,9695.853635,80.0,298353.8651690292,0.0,179557.10604869627,477910.9712177255,298449.3946700492,0.0,180435.14640643,478884.5410764792
550,9693.803551,0.0,0.0,0.0,9693.803551,80.0,298353.8651690292,0.0,179557.10604869627,477910.9712177255,298449.3946700492,0.0,180435.14640643,478884.5410764792
551,9691.801631,0.0,0.0,0.0,9691.801631,80.0,298353.8651690292,0.0,179557.10604869627,477910.9712177255,298449.3946700492,0.0,180435.14640643,478884.5410764792
552,9689.79971,0.0,0.0,0.0,9689.79971,80.0,298353.8651690292,0.0,179557.10604869627,477910.9712177255,298449.3946700492,0.0,180435.14640643,478884.5410764792
553,9687.79779,0.0,0.0,0.0,9687.79779,80.0,298353.8651690292,0.0,179557.10604869627,477910.9712177255,298449.3946700492,0.0,180435.14640643,478884.5410764792
554,9685.795869,0.0,0.0,0.0,9685.795869,80.0,298353.8651690292,0.0,179557.10604869627,477910.9712177255,298449.3946700492,0.0,180435.14640643,478884.5410764792
555,9684.280062,0.0,0.0,0.0,9684.280062,80.0,298353.8651690292,0.0,179557.10604869627,477910.9712177255,298449.3946700492,0.0,180435.14640643,478884.5410764792
556,9683.07891,0.0,0.0,0.0,9683.07891,80.0,298353.8651690292,0.0,179557.10604869627,477910.9712177255,298449.3946700492,0.0,180435.14640643,478884.5410764792
557,9681.877758,0.0,0.0,0.0,9681.877758,80.0,298353.8651690292,0.0,179557.10604869627,477910.9712177255,298449.3946700492,0.0,180435.14640643,478884.5410764792
558,9680.676605,0.0,0.0,0.0,9680.676605,80.0,298353.8651690292,0.0,179557.10604869627,477910.9712177255,298449.3946700492,0.0,180435.14640643,478884.5410764792
559,9679.475453,0.0024129999999999998,0.0,0.0,9679.473039999999,80.0,298353.8651690292,0.0,179557.10604869627,477910.9712177255,298449.3946700492,0.0,180435.14640643,478884.5410764792
560,9678.092244,0.009183,0.0,0.0,9678.083061,80.0,298353.8651690292,0.0,179557.10604869627,477910.9712177255,298449.3946700492,0.0,180435.14640643,478884.5410764792
561,9676.490708,0.025411000000000003,0.0,0.0,9676.465296999999,80.0,298353.8651690292,0.0,179557.10604869627,477910.9712177255,298449.3946700492,0.0,180435.14640643,478884.5410764792
562,9674.889171,0.040554,0.0,0.0,9674.848617000001,80.0,298353.8651690292,0.0,179557.10604869627,477910.9712177255,298449.3946700492,0.0,180435.14640643,478884.5410764792
563,9673.287635,0.041667,0.0,0.0,9673.245968000001,80.0,298353.8651690292,0.0,179557.10604869627,477910.9712177255,298449.3946700492,0.0,180435.14640643,478884.5410764792
564,9671.686098,0.041667,0.0,0.0,9671.644431,80.0,298353.8651690292,0.0,179557.10604869627,477910.9712177255,298449.3946700492,0.0,180435.14640643,478884.5410764792
565,9670.084562,0.041667,0.0,0.0,9670.042895,80.0,298353.8651690292,0.0,179557.10604869627,477910.9712177255,298449.3946700492,0.0,180435.14640643,478884.5410764792
566,9668.483026,0.038779,0.0,0.0,9668.444247,80.0,298353.8651690292,0.0,179557.10604869627,477910.9712177255,298449.3946700492,0.0,180435.14640643,478884.5410764792
567,9666.881489,0.030038000000000002,0.0,0.0,9666.851450999999,80.0,298353.8651690292,0.0,179557.10604869627,477910.9712177255,298449.3946700492,0.0,180435.14640643,478884.5410764792
568,9665.279953,0.01798,0.0,0.0,9665.261972999999,80.0,298353.8651690292,0.0,179557.10604869627,477910.9712177255,298449.3946700492,0.0,180435.14640643,478884.5410764792
569,9663.678417,0.003489,0.0,0.0,9663.674927999999,80.0,298353.8651690292,0.0,179557.10604869627,477910.9712177255,298449.3946700492,0.0,180435.14640643,478884.5410764792
570,9662.07688,0.0,0.0,0.0,9662.07688,80.0,298353.8651690292,0.0,179557.10604869627,477910.9712177255,298449.3946700492,0.0,180435.14640643,478884.5410764792
571,9660.475344,0.0,0.0,0.0,9660.475344,80.0,298353.8651690292,0.0,179557.10604869627,477910.9712177255,298449.3946700492,0.0,180435.14640643,478884.5410764792
572,9658.873808,0.0,0.0,0.0,9658.873808,80.0,298353.8651690292,0.0,179557.10604869627,477910.9712177255,298449.3946700492,0.0,180435.14640643,478884.5410764792
573,9657.272271,0.0,0.0,0.0,9657.272271,80.0,298353.8651690292,0.0,179557.10604869627,477910.9712177255,298449.3946700492,0.0,180435.14640643,478884.5410764792
574,9655.670735,0.0,0.0,0.0,9655.670735,80.0,298353.8651690292,0.0,179557.10604869627,477910.9712177255,298449.3946700492,0.0,180435.14640643,478884.5410764792
575,9654.069199,0.0,81.8181818181818,0.0,9735.887380818182,152.0,298353.8651690292,0.0,179557.10604869627,477910.9712177255,298449.3946700492,0.0,180435.14640643,478884.5410764792
576,9652.867104,0.0,100.0,0.0,9752.867104,240.0,298353.8651690292,0.0,179557.10604869627,477910.9712177255,298449.3946700492,0.0,180435.14640643,478884.5410764792
577,9651.665952,0.0,100.0,0.0,9751.665952,328.0,298353.8651690292,0.0,179557.10604869627,477910.9712177255,298449.3946700492,0.0,180435.14640643,478884.5410764792
578,9650.4648,0.0,100.0,0.0,9750.4648,416.0,298353.8651690292,0.0,179557.10604869627,477910.9712177255,298449.3946700492,0.0,180435.14640643,478884.5410764792
579,9649.263647,0.0,100.0,0.0,9749.263647,504.0,298353.8651690292,0.0,179557.10604869627,477910.9712177255,298449.3946700492,0.0,180435.14640643,478884.5410764792
580,9648.062495,0.0,100.0,0.0,9748.062495,592.0,298353.8651690292,0.0,179557.10604869627,477910.9712177255,298449.3946700492,0.0,180435.14640643,478884.5410764792
581,9646.861343,0.0,100.0,0.0,9746.861343,680.0,298353.8651690292,0.0,179557.10604869627,477910.9712177255,298449.3946700492,0.0,180435.14640643,478884.5410764792
582,9645.660191,7.000000000000001e-05,0.0,100.0,9545.660121,580.0,298353.8651690292,0.0,179557.10604869627,477910.9712177255,298449.3946700492,0.0,180435.14640643,478884.5410764792
583,9644.459038,0.005685,0.0,100.0,9544.453353,480.0,298353.8651690292,0.0,179557.10604869627,477910.9712177255,298449.3946700492,0.0,180435.14640643,478884.5410764792
584,9643.257886,0.014196,0.0,100.0,9543.24369,380.0,298353.8651690292,0.0,179557.10604869627,477910.9712177255,298449.3946700492,0.0,180435.14640643,478884.5410764792
585,9642.056734,0.024617,0.0,100.0,9542.032117,280.0,298353.8651690292,0.0,179557.10604869627,477910.9712177255,298449.3946700492,0.0,180435.14640643,478884.5410764792
586,9640.161975,0.036742,0.0,100.0,9540.125233,180.0,298353.8651690292,0.0,179557.10604869627,477910.9712177255,298449.3946700492,0.0,180435.14640643,478884.5410764792
587,9637.959862,0.040945999999999996,0.0,100.0,9537.918916,80.0,298353.8651690292,0.0,179557.10604869627,477910.9712177255,298449.3946700492,0.0,180435.14640643,478884.5410764792
588,9635.75775,0.041667,54.5454545454545,0.0,9690.261537545455,128.0,298353.8651690292,0.0,179557.10604869627,477910.9712177255,298449.3946700492,0.0,180435.14640643,478884.5410764792
589,9633.555638,0.039270000000000006,100.0,0.0,9733.516368,216.0,298353.8651690292,0.0,179557.10604869627,477910.9712177255,298449.3946700492,0.0,180435.14640643,478884.5410764792
590,9631.353525,0.034703000000000005,100.0,0.0,9731.318822000001,304.0,298353.8651690292,0.0,179557.10604869627,477910.9712177255,298449.3946700492,0.0,180435.14640643,478884.5410764792
591,9629.043191,0.02682,100.0,0.0,9729.016371000002,392.0,298353.8651690292,0.0,179557.10604869627,477910.9712177255,298449.3946700492,0.0,180435.14640643,478884.5410764792
592,9626.640887,0.016402,100.0,0.0,9726.624485,480.0,298353.8651690292,0.0,179557.10604869627,477910.9712177255,298449.3946700492,0.0,180435.14640643,478884.5410764792
593,9624.238582,0.002614,0.0,100.0,9524.235967999999,380.0,298353.8651690292,0.0,179557.10604869627,477910.9712177255,298449.3946700492,0.0,180435.14640643,478884.5410764792
594,9621.836277,0.0,0.0,100.0,9521.836277,280.0,298353.8651690292,0.0,179557.10604869627,477910.9712177255,298449.3946700492,0.0,180435.14640643,478884.5410764792
595,9619.433973,0.0,0.0,100.0,9519.433973,180.0,298353.8651690292,0.0,179557.10604869627,477910.9712177255,298449.3946700492,0.0,180435.14640643,478884.5410764792
596,9617.031668,0.0,0.0,100.0,9517.031668,80.0,298353.8651690292,0.0,179557.10604869627,477910.9712177255,298449.3946700492,0.0,180435.14640643,478884.5410764792
597,9614.629364,0.0,0.0,0.0,9614.629364,80.0,298353.8651690292,0.0,179557.10604869627,477910.9712177255,298449.3946700492,0.0,180435.14640643,478884.5410764792
598,9612.227059,0.0,0.0,0.0,9612.227059,80.0,298353.8651690292,0.0,179557.10604869627,477910.9712177255,298449.3946700492,0.0,180435.14640643,478884.5410764792
599,9609.824755,0.0,81.8181818181818,0.0,9691.642936818182,152.0,298353.8651690292,0.0,179557.10604869627,477910.9712177255,298449.3946700492,0.0,180435.14640643,478884.5410764792
600,9607.42245,0.0,100.0,0.0,9707.42245,240.0,298353.8651690292,0.0,179557.10604869627,477910.9712177255,298449.3946700492,0.0,180435.14640643,478884.5410764792
601,9605.114589,0.0,100.0,0.0,9705.114589,328.0,298353.8651690292,0.0,179557.10604869627,477910.9712177255,298449.3946700492,0.0,180435.14640643,478884.5410764792
602,9603.112669,0.0,100.0,0.0,9703.112669,416.0,298353.8651690292,0.0,179557.10604869627,477910.9712177255,298449.3946700492,0.0,180435.14640643,478884.5410764792
603,9601.110748,0.0,100.0,0.0,9701.110748,504.0,298353.8651690292,0.0,179557.10604869627,477910.9712177255,298449.3946700492,0.0,180435.14640643,478884.5410764792
604,9599.108828,0.0,100.0,0.0,9699.108828,592.0,298353.8651690292,0.0,179557.10604869627,477910.9712177255,298449.3946700492,0.0,180435.14640643,478884.5410764792
605,9597.106908,0.0,100.0,0.0,9697.106908,680.0,298353.8651690292,0.0,179557.10604869627,477910.9712177255,298449.3946700492,0.0,180435.14640643,478884.5410764792
606,9595.104987,4.8e-05,0.0,100.0,9495.104939,580.0,298353.8651690292,0.0,179557.10604869627,477910.9712177255,298449.3946700492,0.0,180435.14640643,478884.5410764792
607,9593.103067,0.002814,0.0,100.0,9493.100253,480.0,298353.8651690292,0.0,179557.10604869627,477910.9712177255,298449.3946700492,0.0,180435.14640643,478884.5410764792
608,9591.101146,0.004199,0.0,100.0,9491.096947,380.0,298353.8651690292,0.0,179557.10604869627,477910.9712177255,298449.3946700492,0.0,180435.14640643,478884.5410764792
609,9589.099226,0.004819,0.0,100.0,9489.094407,280.0,298353.8651690292,0.0,179557.10604869627,477910.9712177255,298449.3946700492,0.0,180435.14640643,478884.5410764792
610,9587.097305,0.015914,0.0,100.0,9487.081391,180.0,298353.8651690292,0.0,179557.10604869627,477910.9712177255,298449.3946700492,0.0,180435.14640643,478884.5410764792
611,9585.095385,0.02485,0.0,100.0,9485.070535,80.0,298353.8651690292,0.0,179557.10604869627,477910.9712177255,298449.3946700492,0.0,180435.14640643,478884.5410764792
612,9583.652707,0.041667,54.5454545454545,0.0,9638.156494545454,128.0,298353.8651690292,0.0,179557.10604869627,477910.9712177255,298449.3946700492,0.0,180435.14640643,478884.5410764792
613,9582.251362,0.031991,100.0,0.0,9682.219371000001,216.0,298353.8651690292,0.0,179557.10604869627,477910.9712177255,298449.3946700492,0.0,180435.14640643,478884.5410764792
614,9580.850018,0.019607,100.0,0.0,9680.830410999999,304.0,298353.8651690292,0.0,179557.10604869627,477910.9712177255,298449.3946700492,0.0,180435.14640643,478884.5410764792
615,9579.448674,0.00797,100.0,0.0,9679.440703999999,392.0,298353.8651690292,0.0,179557.10604869627,477910.9712177255,298449.3946700492,0.0,180435.14640643,478884.5410764792
616,9578.04733,0.0029340000000000004,100.0,0.0,9678.044396,480.0,298353.8651690292,0.0,179557.10604869627,477910.9712177255,298449.3946700492,0.0,180435.14640643,478884.5410764792
617,9576.957814,0.0005300000000000001,0.0,100.0,9476.957284,380.0,298353.8651690292,0.0,179557.10604869627,477910.9712177255,298449.3946700492,0.0,180435.14640643,478884.5410764792
618,9575.956854,0.0,0.0,100.0,9475.956854,280.0,298353.8651690292,0.0,179557.10604869627,477910.9712177255,298449.3946700492,0.0,180435.14640643,478884.5410764792
619,9574.955893,0.0,0.0,100.0,9474.955893,180.0,298353.8651690292,0.0,179557.10604869627,477910.9712177255,298449.3946700492,0.0,180435.14640643,478884.5410764792
620,9573.954933,0.0,0.0,100.0,9473.954933,80.0,298353.8651690292,0.0,179557.10604869627,477910.9712177255,298449.3946700492,0.0,180435.14640643,478884.5410764792
621,9572.953973,0.0,0.0,0.0,9572.953973,80.0,298353.8651690292,0.0,179557.10604869627,477910.9712177255,298449.3946700492,0.0,180435.14640643,478884.5410764792
622,9571.702184,0.0,0.0,0.0,9571.702184,80.0,298353.8651690292,0.0,179557.10604869627,477910.9712177255,298449.3946700492,0.0,180435.14640643,478884.5410764792
623,9570.300839,0.0,81.8181818181818,0.0,9652.119020818182,152.0,298353.8651690292,0.0,179557.10604869627,477910.9712177255,298449.3946700492,0.0,180435.14640643,478884.5410764792
624,9568.899495,0.0,100.0,0.0,9668.899495,240.0,298353.8651690292,0.0,179557.10604869627,477910.9712177255,298449.3946700492,0.0,180435.14640643,478884.5410764792
625,9567.498151,0.0,100.0,0.0,9667.498151,328.0,298353.8651690292,0.0,179557.10604869627,477910.9712177255,298449.3946700492,0.0,180435.14640643,478884.5410764792
626,9566.096807,0.0,100.0,0.0,9666.096807,416.0,298353.8651690292,0.0,179557.10604869627,477910.9712177255,298449.3946700492,0.0,180435.14640643,478884.5410764792
627,9564.695462,0.0,100.0,0.0,9664.695462,504.0,298353.8651690292,0.0,179557.10604869627,477910.9712177255,298449.3946700492,0.0,180435.14640643,478884.5410764792
628,9563.294118,0.0,100.0,0.0,9663.294118,592.0,298353.8651690292,0.0,179557.10604869627,477910.9712177255,298449.3946700492,0.0,180435.14640643,478884.5410764792
629,9561.892774,0.0,100.0,0.0,9661.892774,680.0,298353.8651690292,0.0,179557.10604869627,477910.9712177255,298449.3946700492,0.0,180435.14640643,478884.5410764792
630,9560.491429,0.000191,0.0,100.0,9460.491238,580.0,298353.8651690292,0.0,179557.10604869627,477910.9712177255,298449.3946700492,0.0,180435.14640643,478884.5410764792
631,9559.090085,0.0044080000000000005,0.0,100.0,9459.085677,480.0,298353.8651690292,0.0,179557.10604869627,477910.9712177255,298449.3946700492,0.0,180435.14640643,478884.5410764792
632,9557.753155,0.0188,0.0,100.0,9457.734355,380.0,298353.8651690292,0.0,179557.10604869627,477910.9712177255,298449.3946700492,0.0,180435.14640643,478884.5410764792
633,9556.552003,0.022651,0.0,100.0,9456.529352000001,280.0,298353.8651690292,0.0,179557.10604869627,477910.9712177255,298449.3946700492,0.0,180435.14640643,478884.5410764792
634,9555.350851,0.028113,0.0,100.0,9455.322737999999,180.0,298353.8651690292,0.0,179557.10604869627,477910.9712177255,298449.3946700492,0.0,180435.14640643,478884.5410764792
635,9554.149699,0.023346000000000002,0.0,100.0,9454.126353,80.0,298353.8651690292,0.0,179557.10604869627,477910.9712177255,298449.3946700492,0.0,180435.14640643,478884.5410764792
636,9552.948546,0.032427,54.5454545454545,0.0,9607.461573545454,128.0,298353.8651690292,0.0,179557.10604869627,477910.9712177255,298449.3946700492,0.0,180435.14640643,478884.5410764792
637,9551.781309,0.031269,100.0,0.0,9651.75004,216.0,298353.8651690292,0.0,179557.10604869627,477910.9712177255,298449.3946700492,0.0,180435.14640643,478884.5410764792
638,9550.780349,0.023382000000000003,100.0,0.0,9650.756967000001,304.0,298353.8651690292,0.0,179557.10604869627,477910.9712177255,298449.3946700492,0.0,180435.14640643,478884.5410764792
639,9549.779389,0.020001,100.0,0.0,9649.759387999999,392.0,298353.8651690292,0.0,179557.10604869627,477910.9712177255,298449.3946700492,0.0,180435.14640643,478884.5410764792
640,9548.778428,0.011802,100.0,0.0,9648.766625999999,480.0,298353.8651690292,0.0,179557.10604869627,477910.9712177255,298449.3946700492,0.0,180435.14640643,478884.5410764792
641,9547.777468,0.003023,0.0,100.0,9447.774445000001,380.0,298353.8651690292,0.0,179557.10604869627,477910.9712177255,298449.3946700492,0.0,180435.14640643,478884.5410764792
642,9546.773093,0.0,0.0,100.0,9446.773093,280.0,298353.8651690292,0.0,179557.10604869627,477910.9712177255,298449.3946700492,0.0,180435.14640643,478884.5410764792
643,9545.571941,0.0,0.0,100.0,9445.571941,180.0,298353.8651690292,0.0,179557.10604869627,477910.9712177255,298449.3946700492,0.0,180435.14640643,478884.5410764792
644,9544.370788,0.0,0.0,100.0,9444.370788,80.0,298353.8651690292,0.0,179557.10604869627,477910.9712177255,298449.3946700492,0.0,180435.14640643,478884.5410764792
645,9543.169636,0.0,0.0,0.0,9543.169636,80.0,298353.8651690292,0.0,179557.10604869627,477910.9712177255,298449.3946700492,0.0,180435.14640643,478884.5410764792
646,9541.968484,0.0,0.0,0.0,9541.968484,80.0,298353.8651690292,0.0,179557.10604869627,477910.9712177255,298449.3946700492,0.0,180435.14640643,478884.5410764792
647,9540.767331,0.0,100.0,0.0,9640.767331,168.0,298353.8651690292,0.0,179557.10604869627,477910.9712177255,298449.3946700492,0.0,180435.14640643,478884.5410764792
648,9539.566179,0.0,100.0,0.0,9639.566179,256.0,298353.8651690292,0.0,179557.10604869627,477910.9712177255,298449.3946700492,0.0,180435.14640643,478884.5410764792
649,9538.365027,0.0,100.0,0.0,9638.365027,344.0,298353.8651690292,0.0,179557.10604869627,477910.9712177255,298449.3946700492,0.0,180435.14640643,478884.5410764792
650,9537.163875,0.0,100.0,0.0,9637.163875,432.0,298353.8651690292,0.0,179557.10604869627,477910.9712177255,298449.3946700492,0.0,180435.14640643,478884.5410764792
651,9535.962722,0.0,100.0,0.0,9635.962722,520.0,298353.8651690292,0.0,179557.10604869627,477910.9712177255,298449.3946700492,0.0,180435.14640643,478884.5410764792
652,9534.76157,0.0,100.0,0.0,9634.76157,608.0,298353.8651690292,0.0,179557.10604869627,477910.9712177255,298449.3946700492,0.0,180435.14640643,478884.5410764792
653,9533.132596,0.0,100.0,0.0,9633.132596,696.0,298353.8651690292,0.0,179557.10604869627,477910.9712177255,298449.3946700492,0.0,180435.14640643,478884.5410764792
654,9531.330867,0.000292,0.0,100.0,9431.330575,596.0,298353.8651690292,0.0,179557.10604869627,477910.9712177255,298449.3946700492,0.0,180435.14640643,478884.5410764792
655,9529.529139,0.007351,0.0,100.0,9429.521788,496.0,298353.8651690292,0.0,179557.10604869627,477910.9712177255,298449.3946700492,0.0,180435.14640643,478884.5410764792
656,9527.727411,0.021617,0.0,100.0,9427.705794,396.0,298353.8651690292,0.0,179557.10604869627,477910.9712177255,298449.3946700492,0.0,180435.14640643,478884.5410764792
657,9525.925682,0.029748999999999998,0.0,100.0,9425.895933,296.0,298353.8651690292,0.0,179557.10604869627,477910.9712177255,298449.3946700492,0.0,180435.14640643,478884.5410764792
658,9524.236061,0.037791,0.0,100.0,9424.198269999999,196.0,298353.8651690292,0.0,179557.10604869627,477910.9712177255,298449.3946700492,0.0,180435.14640643,478884.5410764792
659,9522.634525,0.041667,0.0,100.0,9422.592858,96.0,298353.8651690292,0.0,179557.10604869627,477910.9712177255,298449.3946700492,0.0,180435.14640643,478884.5410764792
660,9521.032989,0.041457,100.0,0.0,9620.991532,184.0,298353.8651690292,0.0,179557.10604869627,477910.9712177255,298449.3946700492,0.0,180435.14640643,478884.5410764792
661,9519.431452,0.038891,100.0,0.0,9619.392561,272.0,298353.8651690292,0.0,179557.10604869627,477910.9712177255,298449.3946700492,0.0,180435.14640643,478884.5410764792
662,9517.829916,0.033081000000000006,100.0,0.0,9617.796835000001,360.0,298353.8651690292,0.0,179557.10604869627,477910.9712177255,298449.3946700492,0.0,180435.14640643,478884.5410764792
663,9516.391595,0.020624,100.0,0.0,9616.370970999998,448.0,298353.8651690292,0.0,179557.10604869627,477910.9712177255,298449.3946700492,0.0,180435.14640643,478884.5410764792
664,9515.190443,0.013195,100.0,0.0,9615.177248,536.0,298353.8651690292,0.0,179557.10604869627,477910.9712177255,298449.3946700492,0.0,180435.14640643,478884.5410764792
665,9513.98929,0.002807,0.0,100.0,9413.986482999999,436.0,298353.8651690292,0.0,179557.10604869627,477910.9712177255,298449.3946700492,0.0,180435.14640643,478884.5410764792
666,9512.788138,0.0,0.0,100.0,9412.788138,336.0,298353.8651690292,0.0,179557.10604869627,477910.9712177255,298449.3946700492,0.0,180435.14640643,478884.5410764792
667,9511.586986,0.0,0.0,100.0,9411.586986,236.0,298353.8651690292,0.0,179557.10604869627,477910.9712177255,298449.3946700492,0.0,180435.14640643,478884.5410764792
668,9510.385834,0.0,0.0,100.0,9410.385834,136.0,298353.8651690292,0.0,179557.10604869627,477910.9712177255,298449.3946700492,0.0,180435.14640643,478884.5410764792
669,9509.184681,0.0,100.0,0.0,9609.184681,224.0,298353.8651690292,0.0,179557.10604869627,477910.9712177255,298449.3946700492,0.0,180435.14640643,478884.5410764792
670,9507.983529,0.0,100.0,0.0,9607.983529,312.0,298353.8651690292,0.0,179557.10604869627,477910.9712177255,298449.3946700492,0.0,180435.14640643,478884.5410764792
671,9506.782377,0.0,100.0,0.0,9606.782377,400.0,298353.8651690292,0.0,179557.10604869627,477910.9712177255,298449.3946700492,0.0,180435.14640643,478884.5410764792
