time,Pload,Ppv,Pcharge,Pdischarge,Ptotal,state of charge,energy_charge_with_es,nem_charge_with_es,demand_charge_with_es,total_bill_with_es,energy_charge_without_es,nem_charge_without_es,demand_charge_without_es,total_bill_without_es
0,9874.031149,0.0,0.0,0.0,9874.031149,400.0,335308.59091559733,0.0,184754.17540426197,520062.7663198593,335378.81605900056,0.0,185580.928755,520959.74481400056
1,9872.429613,0.0,0.0,0.0,9872.429613,400.0,335308.59091559733,0.0,184754.17540426197,520062.7663198593,335378.81605900056,0.0,185580.928755,520959.74481400056
2,9870.828077,0.0,0.0,0.0,9870.828077,400.0,335308.59091559733,0.0,184754.17540426197,520062.7663198593,335378.81605900056,0.0,185580.928755,520959.74481400056
3,9869.22654,0.0,0.0,0.0,9869.22654,400.0,335308.59091559733,0.0,184754.17540426197,520062.7663198593,335378.81605900056,0.0,185580.928755,520959.74481400056
4,9867.625004,0.0,0.0,0.0,9867.625004,400.0,335308.59091559733,0.0,184754.17540426197,520062.7663198593,335378.81605900056,0.0,185580.928755,520959.74481400056
5,9866.023468,0.0,0.0,0.0,9866.023468,400.0,335308.59091559733,0.0,184754.17540426197,520062.7663198593,335378.81605900056,0.0,185580.928755,520959.74481400056
6,9864.148728,0.0036810000000000002,0.0,0.0,9864.145047,400.0,335308.59091559733,0.0,184754.17540426197,520062.7663198593,335378.81605900056,0.0,185580.928755,520959.74481400056
7,9862.146808,0.013374,0.0,0.0,9862.133434,400.0,335308.59091559733,0.0,184754.17540426197,520062.7663198593,335378.81605900056,0.0,185580.928755,520959.74481400056
8,9860.144887,0.024202,0.0,0.0,9860.120685,400.0,335308.59091559733,0.0,184754.17540426197,520062.7663198593,335378.81605900056,0.0,185580.928755,520959.74481400056
9,9858.142967,0.031686,63.6363636363636,0.0,9921.747644636363,456.0,335308.59091559733,0.0,184754.17540426197,520062.7663198593,335378.81605900056,0.0,185580.928755,520959.74481400056
10,9856.141046,0.036026,100.0,0.0,9956.10502,544.0,335308.59091559733,0.0,184754.17540426197,520062.7663198593,335378.81605900056,0.0,185580.928755,520959.74481400056
11,9852.972006,0.04143,100.0,0.0,9952.930576,632.0,335308.59091559733,0.0,184754.17540426197,520062.7663198593,335378.81605900056,0.0,185580.928755,520959.74481400056
12,9848.767973,0.041667,100.0,0.0,9948.726306,720.0,335308.59091559733,0.0,184754.17540426197,520062.7663198593,335378.81605900056,0.0,185580.928755,520959.74481400056
13,9844.56394,0.038604,0.0,100.0,9744.525336,620.0,335308.59091559733,0.0,184754.17540426197,520062.7663198593,335378.81605900056,0.0,185580.928755,520959.74481400056
14,9840.359907,0.033273000000000004,0.0,100.0,9740.326634000001,520.0,335308.59091559733,0.0,184754.17540426197,520062.7663198593,335378.81605900056,0.0,185580.928755,520959.74481400056
15,9836.155874,0.025978,0.0,100.0,9736.129896,420.0,335308.59091559733,0.0,184754.17540426197,520062.7663198593,335378.81605900056,0.0,185580.928755,520959.74481400056
16,9831.951842,0.015332000000000002,0.0,100.0,9731.93651,320.0,335308.59091559733,0.0,184754.17540426197,520062.7663198593,335378.81605900056,0.0,185580.928755,520959.74481400056
17,9827.747809,0.0044800000000000005,0.0,100.0,9727.743329,220.0,335308.59091559733,0.0,184754.17540426197,520062.7663198593,335378.81605900056,0.0,185580.928755,520959.74481400056
18,9823.543776,0.000268,0.0,100.0,9723.543508,120.0,335308.59091559733,0.0,184754.17540426197,520062.7663198593,335378.81605900056,0.0,185580.928755,520959.74481400056
19,9819.339743,0.0,0.0,40.0,9779.339743,80.0,335308.59091559733,0.0,184754.17540426197,520062.7663198593,335378.81605900056,0.0,185580.928755,520959.74481400056
20,9815.13571,0.0,0.0,0.0,9815.13571,80.0,335308.59091559733,0.0,184754.17540426197,520062.7663198593,335378.81605900056,0.0,185580.928755,520959.74481400056
21,9810.931677,0.0,100.0,0.0,9910.931677,168.0,335308.59091559733,0.0,184754.17540426197,520062.7663198593,335378.81605900056,0.0,185580.928755,520959.74481400056
22,9806.727644,0.0,27.2727272727273,0.0,9834.000371272728,192.0,335308.59091559733,0.0,184754.17540426197,520062.7663198593,335378.81605900056,0.0,185580.928755,520959.74481400056
23,9802.523611,0.0,0.0,0.0,9802.523611,192.0,335308.59091559733,0.0,184754.17540426197,520062.7663198593,335378.81605900056,0.0,185580.928755,520959.74481400056
24,9798.319578,0.0,0.0,0.0,9798.319578,192.0,335308.59091559733,0.0,184754.17540426197,520062.7663198593,335378.81605900056,0.0,185580.928755,520959.74481400056
25,9794.115545,0.0,0.0,0.0,9794.115545,192.0,335308.59091559733,0.0,184754.17540426197,520062.7663198593,335378.81605900056,0.0,185580.928755,520959.74481400056
26,9789.940717,0.0,0.0,0.0,9789.940717,192.0,335308.59091559733,0.0,184754.17540426197,520062.7663198593,335378.81605900056,0.0,185580.928755,520959.74481400056
27,9786.137068,0.0,0.0,0.0,9786.137068,192.0,335308.59091559733,0.0,184754.17540426197,520062.7663198593,335378.81605900056,0.0,185580.928755,520959.74481400056
28,9782.333419,0.0,0.0,0.0,9782.333419,192.0,335308.59091559733,0.0,184754.17540426197,520062.7663198593,335378.81605900056,0.0,185580.928755,520959.74481400056
29,9778.52977,0.0,0.0,0.0,9778.52977,192.0,335308.59091559733,0.0,184754.17540426197,520062.7663198593,335378.81605900056,0.0,185580.928755,520959.74481400056
30,9774.726121,0.004345,0.0,0.0,9774.721776,192.0,335308.59091559733,0.0,184754.17540426197,520062.7663198593,335378.81605900056,0.0,185580.928755,520959.74481400056
31,9770.922472,0.014374000000000001,100.0,0.0,9870.908098,280.0,335308.59091559733,0.0,184754.17540426197,520062.7663198593,335378.81605900056,0.0,185580.928755,520959.74481400056
32,9768.408885,0.024305,100.0,0.0,9868.38458,368.0,335308.59091559733,0.0,184754.17540426197,520062.7663198593,335378.81605900056,0.0,185580.928755,520959.74481400056
33,9766.00658,0.032602,100.0,0.0,9865.973978,456.0,335308.59091559733,0.0,184754.17540426197,520062.7663198593,335378.81605900056,0.0,185580.928755,520959.74481400056
34,9763.604276,0.038427,100.0,0.0,9863.565849,544.0,335308.59091559733,0.0,184754.17540426197,520062.7663198593,335378.81605900056,0.0,185580.928755,520959.74481400056
35,9761.201971,0.038981,100.0,0.0,9861.16299,632.0,335308.59091559733,0.0,184754.17540426197,520062.7663198593,335378.81605900056,0.0,185580.928755,520959.74481400056
36,9758.799667,0.03919400000000001,100.0,0.0,9858.760472999998,720.0,335308.59091559733,0.0,184754.17540426197,520062.7663198593,335378.81605900056,0.0,185580.928755,520959.74481400056
37,9756.704951,0.037491000000000003,0.0,100.0,9656.66746,620.0,335308.59091559733,0.0,184754.17540426197,520062.7663198593,335378.81605900056,0.0,185580.928755,520959.74481400056
38,9754.703031,0.031835,0.0,100.0,9654.671196,520.0,335308.59091559733,0.0,184754.17540426197,520062.7663198593,335378.81605900056,0.0,185580.928755,520959.74481400056
39,9752.70111,0.024453,0.0,100.0,9652.676657,420.0,335308.59091559733,0.0,184754.17540426197,520062.7663198593,335378.81605900056,0.0,185580.928755,520959.74481400056
40,9750.69919,0.015009000000000002,0.0,100.0,9650.684180999999,320.0,335308.59091559733,0.0,184754.17540426197,520062.7663198593,335378.81605900056,0.0,185580.928755,520959.74481400056
41,9748.697269,0.004357000000000001,0.0,100.0,9648.692912,220.0,335308.59091559733,0.0,184754.17540426197,520062.7663198593,335378.81605900056,0.0,185580.928755,520959.74481400056
42,9746.572054,0.00028399999999999996,0.0,100.0,9646.57177,120.0,335308.59091559733,0.0,184754.17540426197,520062.7663198593,335378.81605900056,0.0,185580.928755,520959.74481400056
43,9744.369942,0.0,0.0,40.0,9704.369942,80.0,335308.59091559733,0.0,184754.17540426197,520062.7663198593,335378.81605900056,0.0,185580.928755,520959.74481400056
44,9742.167829,0.0,0.0,0.0,9742.167829,80.0,335308.59091559733,0.0,184754.17540426197,520062.7663198593,335378.81605900056,0.0,185580.928755,520959.74481400056
45,9739.965717,0.0,100.0,0.0,9839.965717,168.0,335308.59091559733,0.0,184754.17540426197,520062.7663198593,335378.81605900056,0.0,185580.928755,520959.74481400056
46,9737.763604,0.0,27.2727272727273,0.0,9765.036331272728,192.0,335308.59091559733,0.0,184754.17540426197,520062.7663198593,335378.81605900056,0.0,185580.928755,520959.74481400056
47,9735.654287,0.0,0.0,0.0,9735.654287,192.0,335308.59091559733,0.0,184754.17540426197,520062.7663198593,335378.81605900056,0.0,185580.928755,520959.74481400056
48,9733.652366,0.0,0.0,0.0,9733.652366,192.0,335308.59091559733,0.0,184754.17540426197,520062.7663198593,335378.81605900056,0.0,185580.928755,520959.74481400056
49,9731.650446,0.0,0.0,0.0,9731.650446,192.0,335308.59091559733,0.0,184754.17540426197,520062.7663198593,335378.81605900056,0.0,185580.928755,520959.74481400056
50,9729.648525,0.0,0.0,0.0,9729.648525,192.0,335308.59091559733,0.0,184754.17540426197,520062.7663198593,335378.81605900056,0.0,185580.928755,520959.74481400056
51,9727.646605,0.0,0.0,0.0,9727.646605,192.0,335308.59091559733,0.0,184754.17540426197,520062.7663198593,335378.81605900056,0.0,185580.928755,520959.74481400056
52,9725.644685,0.0,0.0,0.0,9725.644685,192.0,335308.59091559733,0.0,184754.17540426197,520062.7663198593,335378.81605900056,0.0,185580.928755,520959.74481400056
53,9723.642764,3.3e-05,0.0,0.0,9723.642731,192.0,335308.59091559733,0.0,184754.17540426197,520062.7663198593,335378.81605900056,0.0,185580.928755,520959.74481400056
54,9721.640844,0.005654,0.0,0.0,9721.635189999999,192.0,335308.59091559733,0.0,184754.17540426197,520062.7663198593,335378.81605900056,0.0,185580.928755,520959.74481400056
55,9719.638923,0.006719,100.0,0.0,9819.632204,280.0,335308.59091559733,0.0,184754.17540426197,520062.7663198593,335378.81605900056,0.0,185580.928755,520959.74481400056
56,9717.637003,0.014343,100.0,0.0,9817.622659999999,368.0,335308.59091559733,0.0,184754.17540426197,520062.7663198593,335378.81605900056,0.0,185580.928755,520959.74481400056
57,9715.794058,0.018259,100.0,0.0,9815.775799,456.0,335308.59091559733,0.0,184754.17540426197,520062.7663198593,335378.81605900056,0.0,185580.928755,520959.74481400056
58,9714.793098,0.018186,100.0,0.0,9814.774912,544.0,335308.59091559733,0.0,184754.17540426197,520062.7663198593,335378.81605900056,0.0,185580.928755,520959.74481400056
59,9713.792138,0.007086,100.0,0.0,9813.785052000001,632.0,335308.59091559733,0.0,184754.17540426197,520062.7663198593,335378.81605900056,0.0,185580.928755,520959.74481400056
60,9712.791178,0.0071330000000000005,100.0,0.0,9812.784045,720.0,335308.59091559733,0.0,184754.17540426197,520062.7663198593,335378.81605900056,0.0,185580.928755,520959.74481400056
61,9711.790217,0.008556,0.0,100.0,9611.781660999999,620.0,335308.59091559733,0.0,184754.17540426197,520062.7663198593,335378.81605900056,0.0,185580.928755,520959.74481400056
62,9710.785371,0.005457,0.0,100.0,9610.779914,520.0,335308.59091559733,0.0,184754.17540426197,520062.7663198593,335378.81605900056,0.0,185580.928755,520959.74481400056
63,9709.183835,0.0038290000000000004,0.0,100.0,9609.180006,420.0,335308.59091559733,0.0,184754.17540426197,520062.7663198593,335378.81605900056,0.0,185580.928755,520959.74481400056
64,9707.582298,0.004235,0.0,100.0,9607.578062999999,320.0,335308.59091559733,0.0,184754.17540426197,520062.7663198593,335378.81605900056,0.0,185580.928755,520959.74481400056
65,9705.980762,0.004352000000000001,0.0,100.0,9605.97641,220.0,335308.59091559733,0.0,184754.17540426197,520062.7663198593,335378.81605900056,0.0,185580.928755,520959.74481400056
66,9704.379226,0.000357,0.0,100.0,9604.378868999998,120.0,335308.59091559733,0.0,184754.17540426197,520062.7663198593,335378.81605900056,0.0,185580.928755,520959.74481400056
67,9702.777689,0.0,0.0,40.0,9662.777689,80.0,335308.59091559733,0.0,184754.17540426197,520062.7663198593,335378.81605900056,0.0,185580.928755,520959.74481400056
68,9699.808253,0.0,0.0,0.0,9699.808253,80.0,335308.59091559733,0.0,184754.17540426197,520062.7663198593,335378.81605900056,0.0,185580.928755,520959.74481400056
69,9696.60518,0.0,0.0,0.0,9696.60518,80.0,335308.59091559733,0.0,184754.17540426197,520062.7663198593,335378.81605900056,0.0,185580.928755,520959.74481400056
70,9693.402107,0.0,0.0,0.0,9693.402107,80.0,335308.59091559733,0.0,184754.17540426197,520062.7663198593,335378.81605900056,0.0,185580.928755,520959.74481400056
71,9690.199034,0.0,0.0,0.0,9690.199034,80.0,335308.59091559733,0.0,184754.17540426197,520062.7663198593,335378.81605900056,0.0,185580.928755,520959.74481400056
72,9686.995962,0.0,0.0,0.0,9686.995962,80.0,335308.59091559733,0.0,184754.17540426197,520062.7663198593,335378.81605900056,0.0,185580.928755,520959.74481400056
73,9682.949963,0.0,0.0,0.0,9682.949963,80.0,335308.59091559733,0.0,184754.17540426197,520062.7663198593,335378.81605900056,0.0,185580.928755,520959.74481400056
74,9678.545738,0.0,0.0,0.0,9678.545738,80.0,335308.59091559733,0.0,184754.17540426197,520062.7663198593,335378.81605900056,0.0,185580.928755,520959.74481400056
75,9674.141513,0.0,0.0,0.0,9674.141513,80.0,335308.59091559733,0.0,184754.17540426197,520062.7663198593,335378.81605900056,0.0,185580.928755,520959.74481400056
76,9669.737288,0.0,0.0,0.0,9669.737288,80.0,335308.59091559733,0.0,184754.17540426197,520062.7663198593,335378.81605900056,0.0,185580.928755,520959.74481400056
77,9665.333063,0.0,0.0,0.0,9665.333063,80.0,335308.59091559733,0.0,184754.17540426197,520062.7663198593,335378.81605900056,0.0,185580.928755,520959.74481400056
78,9661.148814,0.00475,0.0,0.0,9661.144064,80.0,335308.59091559733,0.0,184754.17540426197,520062.7663198593,335378.81605900056,0.0,185580.928755,520959.74481400056
79,9657.144973,0.013897000000000001,0.0,0.0,9657.131076,80.0,335308.59091559733,0.0,184754.17540426197,520062.7663198593,335378.81605900056,0.0,185580.928755,520959.74481400056
80,9653.141132,0.024822,0.0,0.0,9653.116310000001,80.0,335308.59091559733,0.0,184754.17540426197,520062.7663198593,335378.81605900056,0.0,185580.928755,520959.74481400056
81,9649.137291,0.033302,0.0,0.0,9649.103989,80.0,335308.59091559733,0.0,184754.17540426197,520062.7663198593,335378.81605900056,0.0,185580.928755,520959.74481400056
82,9645.13345,0.037473,0.0,0.0,9645.095976999999,80.0,335308.59091559733,0.0,184754.17540426197,520062.7663198593,335378.81605900056,0.0,185580.928755,520959.74481400056
83,9641.288585,0.019983,0.0,0.0,9641.268602,80.0,335308.59091559733,0.0,184754.17540426197,520062.7663198593,335378.81605900056,0.0,185580.928755,520959.74481400056
84,9637.685128,0.01798,100.0,0.0,9737.667147999999,168.0,335308.59091559733,0.0,184754.17540426197,520062.7663198593,335378.81605900056,0.0,185580.928755,520959.74481400056
85,9634.081672,0.012351,27.2727272727273,0.0,9661.342048272729,192.0,335308.59091559733,0.0,184754.17540426197,520062.7663198593,335378.81605900056,0.0,185580.928755,520959.74481400056
86,9630.478215,0.016645,0.0,0.0,9630.46157,192.0,335308.59091559733,0.0,184754.17540426197,520062.7663198593,335378.81605900056,0.0,185580.928755,520959.74481400056
87,9626.874758,0.006782,0.0,0.0,9626.867976,192.0,335308.59091559733,0.0,184754.17540426197,520062.7663198593,335378.81605900056,0.0,185580.928755,520959.74481400056
88,9623.173325,0.008378,0.0,0.0,9623.164947,192.0,335308.59091559733,0.0,184754.17540426197,520062.7663198593,335378.81605900056,0.0,185580.928755,520959.74481400056
89,9619.169484,0.003613,0.0,0.0,9619.165871,192.0,335308.59091559733,0.0,184754.17540426197,520062.7663198593,335378.81605900056,0.0,185580.928755,520959.74481400056
90,9615.165643,0.000623,0.0,0.0,9615.16502,192.0,335308.59091559733,0.0,184754.17540426197,520062.7663198593,335378.81605900056,0.0,185580.928755,520959.74481400056
91,9611.161802,0.0,0.0,0.0,9611.161802,192.0,335308.59091559733,0.0,184754.17540426197,520062.7663198593,335378.81605900056,0.0,185580.928755,520959.74481400056
92,9607.157961,0.0,0.0,0.0,9607.157961,192.0,335308.59091559733,0.0,184754.17540426197,520062.7663198593,335378.81605900056,0.0,185580.928755,520959.74481400056
93,9603.37598,0.0,0.0,0.0,9603.37598,192.0,335308.59091559733,0.0,184754.17540426197,520062.7663198593,335378.81605900056,0.0,185580.928755,520959.74481400056
94,9601.774444,0.0,0.0,0.0,9601.774444,192.0,335308.59091559733,0.0,184754.17540426197,520062.7663198593,335378.81605900056,0.0,185580.928755,520959.74481400056
95,9600.172908,0.0,0.0,0.0,9600.172908,192.0,335308.59091559733,0.0,184754.17540426197,520062.7663198593,335378.81605900056,0.0,185580.928755,520959.74481400056
96,9598.571371,0.0,0.0,0.0,9598.571371,192.0,335308.59091559733,0.0,184754.17540426197,520062.7663198593,335378.81605900056,0.0,185580.928755,520959.74481400056
97,9596.969835,0.0,0.0,0.0,9596.969835,192.0,335308.59091559733,0.0,184754.17540426197,520062.7663198593,335378.81605900056,0.0,185580.928755,520959.74481400056
98,9595.368298,0.0,0.0,0.0,9595.368298,192.0,335308.59091559733,0.0,184754.17540426197,520062.7663198593,335378.81605900056,0.0,185580.928755,520959.74481400056
99,9593.954943,0.0,0.0,0.0,9593.954943,192.0,335308.59091559733,0.0,184754.17540426197,520062.7663198593,335378.81605900056,0.0,185580.928755,520959.74481400056
100,9592.553598,0.0,0.0,0.0,9592.553598,192.0,335308.59091559733,0.0,184754.17540426197,520062.7663198593,335378.81605900056,0.0,185580.928755,520959.74481400056
101,9591.152254,0.0,0.0,0.0,9591.152254,192.0,335308.59091559733,0.0,184754.17540426197,520062.7663198593,335378.81605900056,0.0,185580.928755,520959.74481400056
102,9589.75091,0.004611,0.0,0.0,9589.746299,192.0,335308.59091559733,0.0,184754.17540426197,520062.7663198593,335378.81605900056,0.0,185580.928755,520959.74481400056
103,9588.349565,0.015092000000000001,0.0,0.0,9588.334473,192.0,335308.59091559733,0.0,184754.17540426197,520062.7663198593,335378.81605900056,0.0,185580.928755,520959.74481400056
104,9587.105902,0.026479,0.0,0.0,9587.079423,192.0,335308.59091559733,0.0,184754.17540426197,520062.7663198593,335378.81605900056,0.0,185580.928755,520959.74481400056
105,9585.90475,0.034523000000000005,0.0,0.0,9585.870227,192.0,335308.59091559733,0.0,184754.17540426197,520062.7663198593,335378.81605900056,0.0,185580.928755,520959.74481400056
106,9584.703597,0.038738999999999996,0.0,0.0,9584.664858,192.0,335308.59091559733,0.0,184754.17540426197,520062.7663198593,335378.81605900056,0.0,185580.928755,520959.74481400056
107,9583.502445,0.04045000000000001,0.0,0.0,9583.461995,192.0,335308.59091559733,0.0,184754.17540426197,520062.7663198593,335378.81605900056,0.0,185580.928755,520959.74481400056
108,9582.301293,0.041667,0.0,0.0,9582.259626000001,192.0,335308.59091559733,0.0,184754.17540426197,520062.7663198593,335378.81605900056,0.0,185580.928755,520959.74481400056
109,9581.10014,0.039496,0.0,0.0,9581.060644000001,192.0,335308.59091559733,0.0,184754.17540426197,520062.7663198593,335378.81605900056,0.0,185580.928755,520959.74481400056
110,9579.898988,0.032932,0.0,0.0,9579.866056,192.0,335308.59091559733,0.0,184754.17540426197,520062.7663198593,335378.81605900056,0.0,185580.928755,520959.74481400056
111,9578.697836,0.026203,0.0,0.0,9578.671633,192.0,335308.59091559733,0.0,184754.17540426197,520062.7663198593,335378.81605900056,0.0,185580.928755,520959.74481400056
112,9577.496684,0.014811,0.0,0.0,9577.481873,192.0,335308.59091559733,0.0,184754.17540426197,520062.7663198593,335378.81605900056,0.0,185580.928755,520959.74481400056
113,9576.295531,0.004272000000000001,0.0,0.0,9576.291259,192.0,335308.59091559733,0.0,184754.17540426197,520062.7663198593,335378.81605900056,0.0,185580.928755,520959.74481400056
114,9575.19106,0.00033900000000000005,0.0,0.0,9575.190720999999,192.0,335308.59091559733,0.0,184754.17540426197,520062.7663198593,335378.81605900056,0.0,185580.928755,520959.74481400056
115,9574.1901,0.0,0.0,0.0,9574.1901,192.0,335308.59091559733,0.0,184754.17540426197,520062.7663198593,335378.81605900056,0.0,185580.928755,520959.74481400056
116,9573.18914,0.0,0.0,0.0,9573.18914,192.0,335308.59091559733,0.0,184754.17540426197,520062.7663198593,335378.81605900056,0.0,185580.928755,520959.74481400056
117,9572.188179,0.0,0.0,0.0,9572.188179,192.0,335308.59091559733,0.0,184754.17540426197,520062.7663198593,335378.81605900056,0.0,185580.928755,520959.74481400056
118,9571.187219,0.0,0.0,0.0,9571.187219,192.0,335308.59091559733,0.0,184754.17540426197,520062.7663198593,335378.81605900056,0.0,185580.928755,520959.74481400056
119,9570.318621,0.0,0.0,0.0,9570.318621,192.0,335308.59091559733,0.0,184754.17540426197,520062.7663198593,335378.81605900056,0.0,185580.928755,520959.74481400056
120,9569.718045,0.0,0.0,0.0,9569.718045,192.0,335308.59091559733,0.0,184754.17540426197,520062.7663198593,335378.81605900056,0.0,185580.928755,520959.74481400056
121,9569.117469,0.0,0.0,0.0,9569.117469,192.0,335308.59091559733,0.0,184754.17540426197,520062.7663198593,335378.81605900056,0.0,185580.928755,520959.74481400056
122,9568.516893,0.0,0.0,0.0,9568.516893,192.0,335308.59091559733,0.0,184754.17540426197,520062.7663198593,335378.81605900056,0.0,185580.928755,520959.74481400056
123,9567.916317,0.0,0.0,0.0,9567.916317,192.0,335308.59091559733,0.0,184754.17540426197,520062.7663198593,335378.81605900056,0.0,185580.928755,520959.74481400056
124,9567.315741,0.0,0.0,0.0,9567.315741,192.0,335308.59091559733,0.0,184754.17540426197,520062.7663198593,335378.81605900056,0.0,185580.928755,520959.74481400056
125,9566.715164,0.0,0.0,0.0,9566.715164,192.0,335308.59091559733,0.0,184754.17540426197,520062.7663198593,335378.81605900056,0.0,185580.928755,520959.74481400056
126,9566.114588,0.004381,0.0,0.0,9566.110207,192.0,335308.59091559733,0.0,184754.17540426197,520062.7663198593,335378.81605900056,0.0,185580.928755,520959.74481400056
127,9565.514012,0.015016999999999999,100.0,0.0,9665.498995,280.0,335308.59091559733,0.0,184754.17540426197,520062.7663198593,335378.81605900056,0.0,185580.928755,520959.74481400056
128,9564.913436,0.024908000000000003,100.0,0.0,9664.888528000001,368.0,335308.59091559733,0.0,184754.17540426197,520062.7663198593,335378.81605900056,0.0,185580.928755,520959.74481400056
129,9564.31286,0.032758,100.0,0.0,9664.280102,456.0,335308.59091559733,0.0,184754.17540426197,520062.7663198593,335378.81605900056,0.0,185580.928755,520959.74481400056
130,9563.712284,0.038652,100.0,0.0,9663.673632,544.0,335308.59091559733,0.0,184754.17540426197,520062.7663198593,335378.81605900056,0.0,185580.928755,520959.74481400056
131,9563.111708,0.040641,100.0,0.0,9663.071067,632.0,335308.59091559733,0.0,184754.17540426197,520062.7663198593,335378.81605900056,0.0,185580.928755,520959.74481400056
132,9562.511132,0.041667,100.0,0.0,9662.469465,720.0,335308.59091559733,0.0,184754.17540426197,520062.7663198593,335378.81605900056,0.0,185580.928755,520959.74481400056
133,9561.910555,0.038467,0.0,100.0,9461.872088,620.0,335308.59091559733,0.0,184754.17540426197,520062.7663198593,335378.81605900056,0.0,185580.928755,520959.74481400056
134,9561.309979,0.03184,0.0,100.0,9461.278139,520.0,335308.59091559733,0.0,184754.17540426197,520062.7663198593,335378.81605900056,0.0,185580.928755,520959.74481400056
135,9560.709403,0.024785,0.0,100.0,9460.684618000001,420.0,335308.59091559733,0.0,184754.17540426197,520062.7663198593,335378.81605900056,0.0,185580.928755,520959.74481400056
136,9560.108827,0.01471,0.0,100.0,9460.094117,320.0,335308.59091559733,0.0,184754.17540426197,520062.7663198593,335378.81605900056,0.0,185580.928755,520959.74481400056
137,9559.508251,0.004301,0.0,100.0,9459.503949999998,220.0,335308.59091559733,0.0,184754.17540426197,520062.7663198593,335378.81605900056,0.0,185580.928755,520959.74481400056
138,9558.907675,0.00037,0.0,100.0,9458.907305,120.0,335308.59091559733,0.0,184754.17540426197,520062.7663198593,335378.81605900056,0.0,185580.928755,520959.74481400056
139,9558.307099,0.0,0.0,40.0,9518.307099,80.0,335308.59091559733,0.0,184754.17540426197,520062.7663198593,335378.81605900056,0.0,185580.928755,520959.74481400056
140,9557.706522,0.0,0.0,0.0,9557.706522,80.0,335308.59091559733,0.0,184754.17540426197,520062.7663198593,335378.81605900056,0.0,185580.928755,520959.74481400056
141,9557.105946,0.0,100.0,0.0,9657.105946,168.0,335308.59091559733,0.0,184754.17540426197,520062.7663198593,335378.81605900056,0.0,185580.928755,520959.74481400056
142,9556.50537,0.0,27.2727272727273,0.0,9583.778097272729,192.0,335308.59091559733,0.0,184754.17540426197,520062.7663198593,335378.81605900056,0.0,185580.928755,520959.74481400056
143,9555.904794,0.0,0.0,0.0,9555.904794,192.0,335308.59091559733,0.0,184754.17540426197,520062.7663198593,335378.81605900056,0.0,185580.928755,520959.74481400056
144,9555.304218,0.0,0.0,0.0,9555.304218,192.0,335308.59091559733,0.0,184754.17540426197,520062.7663198593,335378.81605900056,0.0,185580.928755,520959.74481400056
145,9554.817516,0.0,0.0,0.0,9554.817516,192.0,335308.59091559733,0.0,184754.17540426197,520062.7663198593,335378.81605900056,0.0,185580.928755,520959.74481400056
146,9554.417132,0.0,0.0,0.0,9554.417132,192.0,335308.59091559733,0.0,184754.17540426197,520062.7663198593,335378.81605900056,0.0,185580.928755,520959.74481400056
147,9554.016748,0.0,0.0,0.0,9554.016748,192.0,335308.59091559733,0.0,184754.17540426197,520062.7663198593,335378.81605900056,0.0,185580.928755,520959.74481400056
148,9553.616363,0.0,0.0,0.0,9553.616363,192.0,335308.59091559733,0.0,184754.17540426197,520062.7663198593,335378.81605900056,0.0,185580.928755,520959.74481400056
149,9553.215979,0.0,0.0,0.0,9553.215979,192.0,335308.59091559733,0.0,184754.17540426197,520062.7663198593,335378.81605900056,0.0,185580.928755,520959.74481400056
150,9552.815595,0.0045650000000000005,0.0,0.0,9552.81103,192.0,335308.59091559733,0.0,184754.17540426197,520062.7663198593,335378.81605900056,0.0,185580.928755,520959.74481400056
151,9552.415211,0.014291,100.0,0.0,9652.40092,280.0,335308.59091559733,0.0,184754.17540426197,520062.7663198593,335378.81605900056,0.0,185580.928755,520959.74481400056
152,9552.014827,0.024480000000000002,100.0,0.0,9651.990347,368.0,335308.59091559733,0.0,184754.17540426197,520062.7663198593,335378.81605900056,0.0,185580.928755,520959.74481400056
153,9551.614443,0.030712,100.0,0.0,9651.583731,456.0,335308.59091559733,0.0,184754.17540426197,520062.7663198593,335378.81605900056,0.0,185580.928755,520959.74481400056
154,9551.214059,0.034822000000000006,100.0,0.0,9651.179237,544.0,335308.59091559733,0.0,184754.17540426197,520062.7663198593,335378.81605900056,0.0,185580.928755,520959.74481400056
155,9550.866549,0.03845900000000001,100.0,0.0,9650.82809,632.0,335308.59091559733,0.0,184754.17540426197,520062.7663198593,335378.81605900056,0.0,185580.928755,520959.74481400056
156,9550.666357,0.034975,100.0,0.0,9650.631382,720.0,335308.59091559733,0.0,184754.17540426197,520062.7663198593,335378.81605900056,0.0,185580.928755,520959.74481400056
157,9550.466165,0.036267,0.0,100.0,9450.429898,620.0,335308.59091559733,0.0,184754.17540426197,520062.7663198593,335378.81605900056,0.0,185580.928755,520959.74481400056
158,9550.265973,0.031065000000000002,0.0,100.0,9450.234908,520.0,335308.59091559733,0.0,184754.17540426197,520062.7663198593,335378.81605900056,0.0,185580.928755,520959.74481400056
159,9550.065781,0.023838,0.0,100.0,9450.041943,420.0,335308.59091559733,0.0,184754.17540426197,520062.7663198593,335378.81605900056,0.0,185580.928755,520959.74481400056
160,9549.887963,0.015112,0.0,100.0,9449.872851,320.0,335308.59091559733,0.0,184754.17540426197,520062.7663198593,335378.81605900056,0.0,185580.928755,520959.74481400056
161,9549.887963,0.001341,0.0,100.0,9449.886622,220.0,335308.59091559733,0.0,184754.17540426197,520062.7663198593,335378.81605900056,0.0,185580.928755,520959.74481400056
162,9549.887963,0.000674,0.0,100.0,9449.887288999998,120.0,335308.59091559733,0.0,184754.17540426197,520062.7663198593,335378.81605900056,0.0,185580.928755,520959.74481400056
163,9549.887963,0.0,0.0,40.0,9509.887963,80.0,335308.59091559733,0.0,184754.17540426197,520062.7663198593,335378.81605900056,0.0,185580.928755,520959.74481400056
164,9549.887963,0.0,0.0,0.0,9549.887963,80.0,335308.59091559733,0.0,184754.17540426197,520062.7663198593,335378.81605900056,0.0,185580.928755,520959.74481400056
165,9549.887963,0.0,100.0,0.0,9649.887963,168.0,335308.59091559733,0.0,184754.17540426197,520062.7663198593,335378.81605900056,0.0,185580.928755,520959.74481400056
166,9550.08003,0.0,27.2727272727273,0.0,9577.352757272727,192.0,335308.59091559733,0.0,184754.17540426197,520062.7663198593,335378.81605900056,0.0,185580.928755,520959.74481400056
167,9550.280222,0.0,0.0,0.0,9550.280222,192.0,335308.59091559733,0.0,184754.17540426197,520062.7663198593,335378.81605900056,0.0,185580.928755,520959.74481400056
168,9550.480414,0.0,0.0,0.0,9550.480414,192.0,335308.59091559733,0.0,184754.17540426197,520062.7663198593,335378.81605900056,0.0,185580.928755,520959.74481400056
169,9550.680606,0.0,0.0,0.0,9550.680606,192.0,335308.59091559733,0.0,184754.17540426197,520062.7663198593,335378.81605900056,0.0,185580.928755,520959.74481400056
170,9550.880798,0.0,0.0,0.0,9550.880798,192.0,335308.59091559733,0.0,184754.17540426197,520062.7663198593,335378.81605900056,0.0,185580.928755,520959.74481400056
171,9550.919423,0.0,0.0,0.0,9550.919423,192.0,335308.59091559733,0.0,184754.17540426197,520062.7663198593,335378.81605900056,0.0,185580.928755,520959.74481400056
172,9550.919423,0.0,0.0,0.0,9550.919423,192.0,335308.59091559733,0.0,184754.17540426197,520062.7663198593,335378.81605900056,0.0,185580.928755,520959.74481400056
173,9550.919423,0.0,0.0,0.0,9550.919423,192.0,335308.59091559733,0.0,184754.17540426197,520062.7663198593,335378.81605900056,0.0,185580.928755,520959.74481400056
174,9550.919423,0.004208,0.0,0.0,9550.915214999999,192.0,335308.59091559733,0.0,184754.17540426197,520062.7663198593,335378.81605900056,0.0,185580.928755,520959.74481400056
175,9550.919423,0.014306,100.0,0.0,9650.905117,280.0,335308.59091559733,0.0,184754.17540426197,520062.7663198593,335378.81605900056,0.0,185580.928755,520959.74481400056
176,9550.65729,0.022335,100.0,0.0,9650.634955,368.0,335308.59091559733,0.0,184754.17540426197,520062.7663198593,335378.81605900056,0.0,185580.928755,520959.74481400056
177,9550.256905,0.026982,100.0,0.0,9650.229923,456.0,335308.59091559733,0.0,184754.17540426197,520062.7663198593,335378.81605900056,0.0,185580.928755,520959.74481400056
178,9549.856521,0.032758,100.0,0.0,9649.823763,544.0,335308.59091559733,0.0,184754.17540426197,520062.7663198593,335378.81605900056,0.0,185580.928755,520959.74481400056
179,9549.456137,0.036677,100.0,0.0,9649.41946,632.0,335308.59091559733,0.0,184754.17540426197,520062.7663198593,335378.81605900056,0.0,185580.928755,520959.74481400056
180,9549.055753,0.038276000000000004,100.0,0.0,9649.017477000001,720.0,335308.59091559733,0.0,184754.17540426197,520062.7663198593,335378.81605900056,0.0,185580.928755,520959.74481400056
181,9548.755936,0.033897,0.0,100.0,9448.722039,620.0,335308.59091559733,0.0,184754.17540426197,520062.7663198593,335378.81605900056,0.0,185580.928755,520959.74481400056
182,9548.555744,0.029465,0.0,100.0,9448.526279,520.0,335308.59091559733,0.0,184754.17540426197,520062.7663198593,335378.81605900056,0.0,185580.928755,520959.74481400056
183,9548.355552,0.023211,0.0,100.0,9448.332341000001,420.0,335308.59091559733,0.0,184754.17540426197,520062.7663198593,335378.81605900056,0.0,185580.928755,520959.74481400056
184,9548.15536,0.013446999999999999,0.0,100.0,9448.141913000001,320.0,335308.59091559733,0.0,184754.17540426197,520062.7663198593,335378.81605900056,0.0,185580.928755,520959.74481400056
185,9547.955168,0.004637,0.0,100.0,9447.950531,220.0,335308.59091559733,0.0,184754.17540426197,520062.7663198593,335378.81605900056,0.0,185580.928755,520959.74481400056
186,9547.754976,0.000447,0.0,100.0,9447.754529,120.0,335308.59091559733,0.0,184754.17540426197,520062.7663198593,335378.81605900056,0.0,185580.928755,520959.74481400056
187,9547.554784,0.0,0.0,40.0,9507.554784,80.0,335308.59091559733,0.0,184754.17540426197,520062.7663198593,335378.81605900056,0.0,185580.928755,520959.74481400056
188,9547.354592,0.0,0.0,0.0,9547.354592,80.0,335308.59091559733,0.0,184754.17540426197,520062.7663198593,335378.81605900056,0.0,185580.928755,520959.74481400056
189,9547.1544,0.0,100.0,0.0,9647.1544,168.0,335308.59091559733,0.0,184754.17540426197,520062.7663198593,335378.81605900056,0.0,185580.928755,520959.74481400056
190,9546.954208,0.0,27.2727272727273,0.0,9574.226935272727,192.0,335308.59091559733,0.0,184754.17540426197,520062.7663198593,335378.81605900056,0.0,185580.928755,520959.74481400056
191,9546.754016,0.0,0.0,0.0,9546.754016,192.0,335308.59091559733,0.0,184754.17540426197,520062.7663198593,335378.81605900056,0.0,185580.928755,520959.74481400056
192,9546.553824,0.0,0.0,0.0,9546.553824,192.0,335308.59091559733,0.0,184754.17540426197,520062.7663198593,335378.81605900056,0.0,185580.928755,520959.74481400056
193,9546.353632,0.0,0.0,0.0,9546.353632,192.0,335308.59091559733,0.0,184754.17540426197,520062.7663198593,335378.81605900056,0.0,185580.928755,520959.74481400056
194,9546.15344,0.0,0.0,0.0,9546.15344,192.0,335308.59091559733,0.0,184754.17540426197,520062.7663198593,335378.81605900056,0.0,185580.928755,520959.74481400056
195,9545.953248,0.0,0.0,0.0,9545.953248,192.0,335308.59091559733,0.0,184754.17540426197,520062.7663198593,335378.81605900056,0.0,185580.928755,520959.74481400056
196,9545.753055,0.0,0.0,0.0,9545.753055,192.0,335308.59091559733,0.0,184754.17540426197,520062.7663198593,335378.81605900056,0.0,185580.928755,520959.74481400056
197,9545.552863,0.0,0.0,0.0,9545.552863,192.0,335308.59091559733,0.0,184754.17540426197,520062.7663198593,335378.81605900056,0.0,185580.928755,520959.74481400056
198,9545.352671,0.0038250000000000003,0.0,0.0,9545.348846,192.0,335308.59091559733,0.0,184754.17540426197,520062.7663198593,335378.81605900056,0.0,185580.928755,520959.74481400056
199,9545.152479,0.006727,100.0,0.0,9645.145752,280.0,335308.59091559733,0.0,184754.17540426197,520062.7663198593,335378.81605900056,0.0,185580.928755,520959.74481400056
200,9544.952287,0.015312,100.0,0.0,9644.936975,368.0,335308.59091559733,0.0,184754.17540426197,520062.7663198593,335378.81605900056,0.0,185580.928755,520959.74481400056
201,9544.752095,0.029877,100.0,0.0,9644.722217999999,456.0,335308.59091559733,0.0,184754.17540426197,520062.7663198593,335378.81605900056,0.0,185580.928755,520959.74481400056
202,9544.551903,0.035158,100.0,0.0,9644.516744999999,544.0,335308.59091559733,0.0,184754.17540426197,520062.7663198593,335378.81605900056,0.0,185580.928755,520959.74481400056
203,9544.351711,0.039541,100.0,0.0,9644.31217,632.0,335308.59091559733,0.0,184754.17540426197,520062.7663198593,335378.81605900056,0.0,185580.928755,520959.74481400056
204,9544.151519,0.039677,100.0,0.0,9644.111841999998,720.0,335308.59091559733,0.0,184754.17540426197,520062.7663198593,335378.81605900056,0.0,185580.928755,520959.74481400056
205,9543.951327,0.030787,0.0,100.0,9443.920540000001,620.0,335308.59091559733,0.0,184754.17540426197,520062.7663198593,335378.81605900056,0.0,185580.928755,520959.74481400056
206,9543.751135,0.030699,0.0,100.0,9443.720436,520.0,335308.59091559733,0.0,184754.17540426197,520062.7663198593,335378.81605900056,0.0,185580.928755,520959.74481400056
207,9543.550943,0.023494,0.0,100.0,9443.527449000001,420.0,335308.59091559733,0.0,184754.17540426197,520062.7663198593,335378.81605900056,0.0,185580.928755,520959.74481400056
208,9543.350751,0.013673000000000001,0.0,100.0,9443.337078,320.0,335308.59091559733,0.0,184754.17540426197,520062.7663198593,335378.81605900056,0.0,185580.928755,520959.74481400056
209,9543.150559,0.003768,0.0,100.0,9443.146791,220.0,335308.59091559733,0.0,184754.17540426197,520062.7663198593,335378.81605900056,0.0,185580.928755,520959.74481400056
210,9542.950367,0.000623,0.0,100.0,9442.949744,120.0,335308.59091559733,0.0,184754.17540426197,520062.7663198593,335378.81605900056,0.0,185580.928755,520959.74481400056
211,9542.750175,0.0,0.0,40.0,9502.750175,80.0,335308.59091559733,0.0,184754.17540426197,520062.7663198593,335378.81605900056,0.0,185580.928755,520959.74481400056
212,9542.432223,0.0,0.0,0.0,9542.432223,80.0,335308.59091559733,0.0,184754.17540426197,520062.7663198593,335378.81605900056,0.0,185580.928755,520959.74481400056
213,9542.031839,0.0,100.0,0.0,9642.031839,168.0,335308.59091559733,0.0,184754.17540426197,520062.7663198593,335378.81605900056,0.0,185580.928755,520959.74481400056
214,9541.631455,0.0,27.2727272727273,0.0,9568.904182272729,192.0,335308.59091559733,0.0,184754.17540426197,520062.7663198593,335378.81605900056,0.0,185580.928755,520959.74481400056
215,9541.23107,0.0,0.0,0.0,9541.23107,192.0,335308.59091559733,0.0,184754.17540426197,520062.7663198593,335378.81605900056,0.0,185580.928755,520959.74481400056
216,9540.830686,0.0,0.0,0.0,9540.830686,192.0,335308.59091559733,0.0,184754.17540426197,520062.7663198593,335378.81605900056,0.0,185580.928755,520959.74481400056
217,9540.692083,0.0,0.0,0.0,9540.692083,192.0,335308.59091559733,0.0,184754.17540426197,520062.7663198593,335378.81605900056,0.0,185580.928755,520959.74481400056
218,9540.892275,0.0,0.0,0.0,9540.892275,192.0,335308.59091559733,0.0,184754.17540426197,520062.7663198593,335378.81605900056,0.0,185580.928755,520959.74481400056
219,9541.092467,0.0,0.0,0.0,9541.092467,192.0,335308.59091559733,0.0,184754.17540426197,520062.7663198593,335378.81605900056,0.0,185580.928755,520959.74481400056
220,9541.292659,0.0,0.0,0.0,9541.292659,192.0,335308.59091559733,0.0,184754.17540426197,520062.7663198593,335378.81605900056,0.0,185580.928755,520959.74481400056
221,9541.492851,0.0,0.0,0.0,9541.492851,192.0,335308.59091559733,0.0,184754.17540426197,520062.7663198593,335378.81605900056,0.0,185580.928755,520959.74481400056
222,9541.749803,0.004231,0.0,0.0,9541.745572,192.0,335308.59091559733,0.0,184754.17540426197,520062.7663198593,335378.81605900056,0.0,185580.928755,520959.74481400056
223,9542.150187,0.014398999999999999,100.0,0.0,9642.135788,280.0,335308.59091559733,0.0,184754.17540426197,520062.7663198593,335378.81605900056,0.0,185580.928755,520959.74481400056
224,9542.550572,0.022072,100.0,0.0,9642.5285,368.0,335308.59091559733,0.0,184754.17540426197,520062.7663198593,335378.81605900056,0.0,185580.928755,520959.74481400056
225,9542.950956,0.030609,100.0,0.0,9642.920347000001,456.0,335308.59091559733,0.0,184754.17540426197,520062.7663198593,335378.81605900056,0.0,185580.928755,520959.74481400056
226,9543.35134,0.035561,100.0,0.0,9643.315778999999,544.0,335308.59091559733,0.0,184754.17540426197,520062.7663198593,335378.81605900056,0.0,185580.928755,520959.74481400056
227,9543.883026,0.038726,100.0,0.0,9643.844299999999,632.0,335308.59091559733,0.0,184754.17540426197,520062.7663198593,335378.81605900056,0.0,185580.928755,520959.74481400056
228,9545.284371,0.040558000000000004,100.0,0.0,9645.243813,720.0,335308.59091559733,0.0,184754.17540426197,520062.7663198593,335378.81605900056,0.0,185580.928755,520959.74481400056
229,9546.685715,0.036638,0.0,100.0,9446.649077,620.0,335308.59091559733,0.0,184754.17540426197,520062.7663198593,335378.81605900056,0.0,185580.928755,520959.74481400056
230,9548.087059,0.031081,0.0,100.0,9448.055978,520.0,335308.59091559733,0.0,184754.17540426197,520062.7663198593,335378.81605900056,0.0,185580.928755,520959.74481400056
231,9549.488404,0.023532,0.0,100.0,9449.464872,420.0,335308.59091559733,0.0,184754.17540426197,520062.7663198593,335378.81605900056,0.0,185580.928755,520959.74481400056
232,9550.889748,0.014901,0.0,100.0,9450.874847,320.0,335308.59091559733,0.0,184754.17540426197,520062.7663198593,335378.81605900056,0.0,185580.928755,520959.74481400056
233,9552.682997,0.0032480000000000005,0.0,100.0,9452.679748999999,220.0,335308.59091559733,0.0,184754.17540426197,520062.7663198593,335378.81605900056,0.0,185580.928755,520959.74481400056
234,9554.484726,0.000273,0.0,100.0,9454.484453000001,120.0,335308.59091559733,0.0,184754.17540426197,520062.7663198593,335378.81605900056,0.0,185580.928755,520959.74481400056
235,9556.286454,0.0,0.0,40.0,9516.286454,80.0,335308.59091559733,0.0,184754.17540426197,520062.7663198593,335378.81605900056,0.0,185580.928755,520959.74481400056
236,9558.088183,0.0,0.0,0.0,9558.088183,80.0,335308.59091559733,0.0,184754.17540426197,520062.7663198593,335378.81605900056,0.0,185580.928755,520959.74481400056
237,9559.889911,0.0,0.0,0.0,9559.889911,80.0,335308.59091559733,0.0,184754.17540426197,520062.7663198593,335378.81605900056,0.0,185580.928755,520959.74481400056
238,9561.526187,0.0,0.0,0.0,9561.526187,80.0,335308.59091559733,0.0,184754.17540426197,520062.7663198593,335378.81605900056,0.0,185580.928755,520959.74481400056
239,9563.127723,0.0,0.0,0.0,9563.127723,80.0,335308.59091559733,0.0,184754.17540426197,520062.7663198593,335378.81605900056,0.0,185580.928755,520959.74481400056
240,9564.729259,0.0,0.0,0.0,9564.729259,80.0,335308.59091559733,0.0,184754.17540426197,520062.7663198593,335378.81605900056,0.0,185580.928755,520959.74481400056
241,9566.330796,0.0,0.0,0.0,9566.330796,80.0,335308.59091559733,0.0,184754.17540426197,520062.7663198593,335378.81605900056,0.0,185580.928755,520959.74481400056
242,9567.932332,0.0,0.0,0.0,9567.932332,80.0,335308.59091559733,0.0,184754.17540426197,520062.7663198593,335378.81605900056,0.0,185580.928755,520959.74481400056
243,9569.398915,0.0,0.0,0.0,9569.398915,80.0,335308.59091559733,0.0,184754.17540426197,520062.7663198593,335378.81605900056,0.0,185580.928755,520959.74481400056
244,9570.80026,0.0,0.0,0.0,9570.80026,80.0,335308.59091559733,0.0,184754.17540426197,520062.7663198593,335378.81605900056,0.0,185580.928755,520959.74481400056
245,9572.201604,0.0,0.0,0.0,9572.201604,80.0,335308.59091559733,0.0,184754.17540426197,520062.7663198593,335378.81605900056,0.0,185580.928755,520959.74481400056
246,9573.602948,0.002915,0.0,0.0,9573.600033,80.0,335308.59091559733,0.0,184754.17540426197,520062.7663198593,335378.81605900056,0.0,185580.928755,520959.74481400056
247,9575.004293,0.005659,0.0,0.0,9574.998634,80.0,335308.59091559733,0.0,184754.17540426197,520062.7663198593,335378.81605900056,0.0,185580.928755,520959.74481400056
248,9576.82345,0.006885,0.0,0.0,9576.816565,80.0,335308.59091559733,0.0,184754.17540426197,520062.7663198593,335378.81605900056,0.0,185580.928755,520959.74481400056
249,9579.025562,0.014267,0.0,0.0,9579.011295,80.0,335308.59091559733,0.0,184754.17540426197,520062.7663198593,335378.81605900056,0.0,185580.928755,520959.74481400056
250,9581.227675,0.031822,0.0,0.0,9581.195853,80.0,335308.59091559733,0.0,184754.17540426197,520062.7663198593,335378.81605900056,0.0,185580.928755,520959.74481400056
251,9583.429787,0.036941,0.0,0.0,9583.392845999999,80.0,335308.59091559733,0.0,184754.17540426197,520062.7663198593,335378.81605900056,0.0,185580.928755,520959.74481400056
252,9585.6319,0.038077,100.0,0.0,9685.593823000001,168.0,335308.59091559733,0.0,184754.17540426197,520062.7663198593,335378.81605900056,0.0,185580.928755,520959.74481400056
253,9588.425638,0.029538000000000002,27.2727272727273,0.0,9615.668827272728,192.0,335308.59091559733,0.0,184754.17540426197,520062.7663198593,335378.81605900056,0.0,185580.928755,520959.74481400056
254,9592.229287,0.032181,0.0,0.0,9592.197106,192.0,335308.59091559733,0.0,184754.17540426197,520062.7663198593,335378.81605900056,0.0,185580.928755,520959.74481400056
255,9596.032936,0.021288,0.0,0.0,9596.011648,192.0,335308.59091559733,0.0,184754.17540426197,520062.7663198593,335378.81605900056,0.0,185580.928755,520959.74481400056
256,9599.836585,0.012817,0.0,0.0,9599.823767999998,192.0,335308.59091559733,0.0,184754.17540426197,520062.7663198593,335378.81605900056,0.0,185580.928755,520959.74481400056
257,9603.640234,0.004605000000000001,0.0,0.0,9603.635629,192.0,335308.59091559733,0.0,184754.17540426197,520062.7663198593,335378.81605900056,0.0,185580.928755,520959.74481400056
258,9607.356976,0.0008120000000000001,0.0,0.0,9607.356163999999,192.0,335308.59091559733,0.0,184754.17540426197,520062.7663198593,335378.81605900056,0.0,185580.928755,520959.74481400056
259,9610.76024,0.0,0.0,0.0,9610.76024,192.0,335308.59091559733,0.0,184754.17540426197,520062.7663198593,335378.81605900056,0.0,185580.928755,520959.74481400056
260,9614.163505,0.0,0.0,0.0,9614.163505,192.0,335308.59091559733,0.0,184754.17540426197,520062.7663198593,335378.81605900056,0.0,185580.928755,520959.74481400056
261,9617.56677,0.0,0.0,0.0,9617.56677,192.0,335308.59091559733,0.0,184754.17540426197,520062.7663198593,335378.81605900056,0.0,185580.928755,520959.74481400056
262,9620.970035,0.0,0.0,0.0,9620.970035,192.0,335308.59091559733,0.0,184754.17540426197,520062.7663198593,335378.81605900056,0.0,185580.928755,520959.74481400056
263,9624.360346,0.0,0.0,0.0,9624.360346,192.0,335308.59091559733,0.0,184754.17540426197,520062.7663198593,335378.81605900056,0.0,185580.928755,520959.74481400056
264,9627.563419,0.0,0.0,0.0,9627.563419,192.0,335308.59091559733,0.0,184754.17540426197,520062.7663198593,335378.81605900056,0.0,185580.928755,520959.74481400056
265,9630.766491,0.0,0.0,0.0,9630.766491,192.0,335308.59091559733,0.0,184754.17540426197,520062.7663198593,335378.81605900056,0.0,185580.928755,520959.74481400056
266,9633.969564,0.0,0.0,0.0,9633.969564,192.0,335308.59091559733,0.0,184754.17540426197,520062.7663198593,335378.81605900056,0.0,185580.928755,520959.74481400056
267,9637.172637,0.0,0.0,0.0,9637.172637,192.0,335308.59091559733,0.0,184754.17540426197,520062.7663198593,335378.81605900056,0.0,185580.928755,520959.74481400056
268,9640.375709,0.0,0.0,0.0,9640.375709,192.0,335308.59091559733,0.0,184754.17540426197,520062.7663198593,335378.81605900056,0.0,185580.928755,520959.74481400056
269,9643.578782,0.0,0.0,0.0,9643.578782,192.0,335308.59091559733,0.0,184754.17540426197,520062.7663198593,335378.81605900056,0.0,185580.928755,520959.74481400056
270,9646.781855,0.004261999999999999,0.0,0.0,9646.777592999999,192.0,335308.59091559733,0.0,184754.17540426197,520062.7663198593,335378.81605900056,0.0,185580.928755,520959.74481400056
271,9649.984928,0.014382,0.0,0.0,9649.970546,192.0,335308.59091559733,0.0,184754.17540426197,520062.7663198593,335378.81605900056,0.0,185580.928755,520959.74481400056
272,9653.188,0.023735,0.0,0.0,9653.164265,192.0,335308.59091559733,0.0,184754.17540426197,520062.7663198593,335378.81605900056,0.0,185580.928755,520959.74481400056
273,9656.391073,0.030342,0.0,0.0,9656.360731,192.0,335308.59091559733,0.0,184754.17540426197,520062.7663198593,335378.81605900056,0.0,185580.928755,520959.74481400056
274,9659.442,0.03511,0.0,0.0,9659.406889999998,192.0,335308.59091559733,0.0,184754.17540426197,520062.7663198593,335378.81605900056,0.0,185580.928755,520959.74481400056
275,9662.44488,0.037509,0.0,0.0,9662.407371,192.0,335308.59091559733,0.0,184754.17540426197,520062.7663198593,335378.81605900056,0.0,185580.928755,520959.74481400056
276,9665.447761,0.037334000000000006,0.0,0.0,9665.410426999999,192.0,335308.59091559733,0.0,184754.17540426197,520062.7663198593,335378.81605900056,0.0,185580.928755,520959.74481400056
277,9668.450642,0.034530000000000005,0.0,0.0,9668.416111999999,192.0,335308.59091559733,0.0,184754.17540426197,520062.7663198593,335378.81605900056,0.0,185580.928755,520959.74481400056
278,9671.453522,0.031105,0.0,0.0,9671.422417,192.0,335308.59091559733,0.0,184754.17540426197,520062.7663198593,335378.81605900056,0.0,185580.928755,520959.74481400056
279,9674.578049,0.023569,0.0,0.0,9674.554479999999,192.0,335308.59091559733,0.0,184754.17540426197,520062.7663198593,335378.81605900056,0.0,185580.928755,520959.74481400056
280,9677.781122,0.013944000000000002,0.0,0.0,9677.767178,192.0,335308.59091559733,0.0,184754.17540426197,520062.7663198593,335378.81605900056,0.0,185580.928755,520959.74481400056
281,9680.984195,0.004118,0.0,0.0,9680.980077,192.0,335308.59091559733,0.0,184754.17540426197,520062.7663198593,335378.81605900056,0.0,185580.928755,520959.74481400056
282,9684.187267,0.000499,0.0,0.0,9684.186768,192.0,335308.59091559733,0.0,184754.17540426197,520062.7663198593,335378.81605900056,0.0,185580.928755,520959.74481400056
283,9687.39034,0.0,0.0,0.0,9687.39034,192.0,335308.59091559733,0.0,184754.17540426197,520062.7663198593,335378.81605900056,0.0,185580.928755,520959.74481400056
284,9690.684559,0.0,0.0,0.0,9690.684559,192.0,335308.59091559733,0.0,184754.17540426197,520062.7663198593,335378.81605900056,0.0,185580.928755,520959.74481400056
285,9694.087824,0.0,0.0,0.0,9694.087824,192.0,335308.59091559733,0.0,184754.17540426197,520062.7663198593,335378.81605900056,0.0,185580.928755,520959.74481400056
286,9697.491089,0.0,0.0,0.0,9697.491089,192.0,335308.59091559733,0.0,184754.17540426197,520062.7663198593,335378.81605900056,0.0,185580.928755,520959.74481400056
287,9700.894353,0.0,0.0,0.0,9700.894353,192.0,335308.59091559733,0.0,184754.17540426197,520062.7663198593,335378.81605900056,0.0,185580.928755,520959.74481400056
288,9704.297618,0.0,0.0,0.0,9704.297618,192.0,335308.59091559733,0.0,184754.17540426197,520062.7663198593,335378.81605900056,0.0,185580.928755,520959.74481400056
289,9707.882822,0.0,0.0,0.0,9707.882822,192.0,335308.59091559733,0.0,184754.17540426197,520062.7663198593,335378.81605900056,0.0,185580.928755,520959.74481400056
290,9711.886663,0.0,0.0,0.0,9711.886663,192.0,335308.59091559733,0.0,184754.17540426197,520062.7663198593,335378.81605900056,0.0,185580.928755,520959.74481400056
291,9715.890504,0.0,0.0,0.0,9715.890504,192.0,335308.59091559733,0.0,184754.17540426197,520062.7663198593,335378.81605900056,0.0,185580.928755,520959.74481400056
292,9719.894345,0.0,0.0,0.0,9719.894345,192.0,335308.59091559733,0.0,184754.17540426197,520062.7663198593,335378.81605900056,0.0,185580.928755,520959.74481400056
293,9723.898186,0.0,0.0,0.0,9723.898186,192.0,335308.59091559733,0.0,184754.17540426197,520062.7663198593,335378.81605900056,0.0,185580.928755,520959.74481400056
294,9727.902026,0.004328,0.0,0.0,9727.897697999999,192.0,335308.59091559733,0.0,184754.17540426197,520062.7663198593,335378.81605900056,0.0,185580.928755,520959.74481400056
295,9731.905867,0.013136,100.0,0.0,9831.892731,280.0,335308.59091559733,0.0,184754.17540426197,520062.7663198593,335378.81605900056,0.0,185580.928755,520959.74481400056
296,9735.909708,0.021807,100.0,0.0,9835.887901,368.0,335308.59091559733,0.0,184754.17540426197,520062.7663198593,335378.81605900056,0.0,185580.928755,520959.74481400056
297,9739.913549,0.029276,100.0,0.0,9839.884273000001,456.0,335308.59091559733,0.0,184754.17540426197,520062.7663198593,335378.81605900056,0.0,185580.928755,520959.74481400056
298,9743.91739,0.033211,100.0,0.0,9843.884179,544.0,335308.59091559733,0.0,184754.17540426197,520062.7663198593,335378.81605900056,0.0,185580.928755,520959.74481400056
299,9747.921231,0.034838,100.0,0.0,9847.886393,632.0,335308.59091559733,0.0,184754.17540426197,520062.7663198593,335378.81605900056,0.0,185580.928755,520959.74481400056
300,9750.126523,0.036728000000000004,100.0,0.0,9850.089795000002,720.0,335308.59091559733,0.0,184754.17540426197,520062.7663198593,335378.81605900056,0.0,185580.928755,520959.74481400056
301,9752.328635,0.034674,0.0,100.0,9652.293961,620.0,335308.59091559733,0.0,184754.17540426197,520062.7663198593,335378.81605900056,0.0,185580.928755,520959.74481400056
302,9754.530748,0.029664000000000003,0.0,100.0,9654.501084,520.0,335308.59091559733,0.0,184754.17540426197,520062.7663198593,335378.81605900056,0.0,185580.928755,520959.74481400056
303,9756.73286,0.011893,0.0,100.0,9656.720967,420.0,335308.59091559733,0.0,184754.17540426197,520062.7663198593,335378.81605900056,0.0,185580.928755,520959.74481400056
304,9758.934973,0.013828,0.0,100.0,9658.921145,320.0,335308.59091559733,0.0,184754.17540426197,520062.7663198593,335378.81605900056,0.0,185580.928755,520959.74481400056
305,9761.306424,0.00332,0.0,100.0,9661.303104,220.0,335308.59091559733,0.0,184754.17540426197,520062.7663198593,335378.81605900056,0.0,185580.928755,520959.74481400056
306,9763.708729,0.000883,0.0,100.0,9663.707846,120.0,335308.59091559733,0.0,184754.17540426197,520062.7663198593,335378.81605900056,0.0,185580.928755,520959.74481400056
307,9766.111033,0.0,0.0,40.0,9726.111033,80.0,335308.59091559733,0.0,184754.17540426197,520062.7663198593,335378.81605900056,0.0,185580.928755,520959.74481400056
308,9768.513338,0.0,0.0,0.0,9768.513338,80.0,335308.59091559733,0.0,184754.17540426197,520062.7663198593,335378.81605900056,0.0,185580.928755,520959.74481400056
309,9770.915642,0.0,100.0,0.0,9870.915642,168.0,335308.59091559733,0.0,184754.17540426197,520062.7663198593,335378.81605900056,0.0,185580.928755,520959.74481400056
310,9774.28982,0.0,27.2727272727273,0.0,9801.562547272728,192.0,335308.59091559733,0.0,184754.17540426197,520062.7663198593,335378.81605900056,0.0,185580.928755,520959.74481400056
311,9778.093469,0.0,0.0,0.0,9778.093469,192.0,335308.59091559733,0.0,184754.17540426197,520062.7663198593,335378.81605900056,0.0,185580.928755,520959.74481400056
312,9781.897118,0.0,0.0,0.0,9781.897118,192.0,335308.59091559733,0.0,184754.17540426197,520062.7663198593,335378.81605900056,0.0,185580.928755,520959.74481400056
313,9785.700767,0.0,0.0,0.0,9785.700767,192.0,335308.59091559733,0.0,184754.17540426197,520062.7663198593,335378.81605900056,0.0,185580.928755,520959.74481400056
314,9789.504416,0.0,0.0,0.0,9789.504416,192.0,335308.59091559733,0.0,184754.17540426197,520062.7663198593,335378.81605900056,0.0,185580.928755,520959.74481400056
315,9793.633082,0.0,0.0,0.0,9793.633082,192.0,335308.59091559733,0.0,184754.17540426197,520062.7663198593,335378.81605900056,0.0,185580.928755,520959.74481400056
316,9798.037307,0.0,0.0,0.0,9798.037307,192.0,335308.59091559733,0.0,184754.17540426197,520062.7663198593,335378.81605900056,0.0,185580.928755,520959.74481400056
317,9802.441532,0.0,0.0,0.0,9802.441532,192.0,335308.59091559733,0.0,184754.17540426197,520062.7663198593,335378.81605900056,0.0,185580.928755,520959.74481400056
318,9806.845757,0.004489,0.0,0.0,9806.841267999998,192.0,335308.59091559733,0.0,184754.17540426197,520062.7663198593,335378.81605900056,0.0,185580.928755,520959.74481400056
319,9811.249982,0.01374,100.0,0.0,9911.236241999999,280.0,335308.59091559733,0.0,184754.17540426197,520062.7663198593,335378.81605900056,0.0,185580.928755,520959.74481400056
320,9815.420689,0.022888000000000002,100.0,0.0,9915.397801000001,368.0,335308.59091559733,0.0,184754.17540426197,520062.7663198593,335378.81605900056,0.0,185580.928755,520959.74481400056
321,9819.224338,0.031341,100.0,0.0,9919.192997,456.0,335308.59091559733,0.0,184754.17540426197,520062.7663198593,335378.81605900056,0.0,185580.928755,520959.74481400056
322,9823.027987,0.035514000000000004,100.0,0.0,9922.992473,544.0,335308.59091559733,0.0,184754.17540426197,520062.7663198593,335378.81605900056,0.0,185580.928755,520959.74481400056
323,9826.831636,0.037634,100.0,0.0,9926.794002,632.0,335308.59091559733,0.0,184754.17540426197,520062.7663198593,335378.81605900056,0.0,185580.928755,520959.74481400056
324,9830.635284,0.03922,100.0,0.0,9930.596064,720.0,335308.59091559733,0.0,184754.17540426197,520062.7663198593,335378.81605900056,0.0,185580.928755,520959.74481400056
325,9834.486273,0.035884,0.0,100.0,9734.450389,620.0,335308.59091559733,0.0,184754.17540426197,520062.7663198593,335378.81605900056,0.0,185580.928755,520959.74481400056
326,9838.490114,0.030847000000000003,0.0,100.0,9738.459267,520.0,335308.59091559733,0.0,184754.17540426197,520062.7663198593,335378.81605900056,0.0,185580.928755,520959.74481400056
327,9842.493955,0.022789,0.0,100.0,9742.471166,420.0,335308.59091559733,0.0,184754.17540426197,520062.7663198593,335378.81605900056,0.0,185580.928755,520959.74481400056
328,9846.497795,0.013949999999999999,0.0,100.0,9746.483844999999,320.0,335308.59091559733,0.0,184754.17540426197,520062.7663198593,335378.81605900056,0.0,185580.928755,520959.74481400056
329,9850.501636,0.002363,0.0,100.0,9750.499273000001,220.0,335308.59091559733,0.0,184754.17540426197,520062.7663198593,335378.81605900056,0.0,185580.928755,520959.74481400056
330,9854.505477,0.0008910000000000001,0.0,100.0,9754.504586000001,120.0,335308.59091559733,0.0,184754.17540426197,520062.7663198593,335378.81605900056,0.0,185580.928755,520959.74481400056
331,9858.509318,0.0,0.0,40.0,9818.509318,80.0,335308.59091559733,0.0,184754.17540426197,520062.7663198593,335378.81605900056,0.0,185580.928755,520959.74481400056
332,9862.513159,0.0,0.0,0.0,9862.513159,80.0,335308.59091559733,0.0,184754.17540426197,520062.7663198593,335378.81605900056,0.0,185580.928755,520959.74481400056
333,9866.517,0.0,100.0,0.0,9966.517,168.0,335308.59091559733,0.0,184754.17540426197,520062.7663198593,335378.81605900056,0.0,185580.928755,520959.74481400056
334,9870.520841,0.0,27.2727272727273,0.0,9897.793568272727,192.0,335308.59091559733,0.0,184754.17540426197,520062.7663198593,335378.81605900056,0.0,185580.928755,520959.74481400056
335,9874.524682,0.0,0.0,0.0,9874.524682,192.0,335308.59091559733,0.0,184754.17540426197,520062.7663198593,335378.81605900056,0.0,185580.928755,520959.74481400056
336,9878.341991,0.0,0.0,0.0,9878.341991,192.0,335308.59091559733,0.0,184754.17540426197,520062.7663198593,335378.81605900056,0.0,185580.928755,520959.74481400056
337,9882.14564,0.0,0.0,0.0,9882.14564,192.0,335308.59091559733,0.0,184754.17540426197,520062.7663198593,335378.81605900056,0.0,185580.928755,520959.74481400056
338,9885.949288,0.0,0.0,0.0,9885.949288,192.0,335308.59091559733,0.0,184754.17540426197,520062.7663198593,335378.81605900056,0.0,185580.928755,520959.74481400056
339,9889.752937,0.0,0.0,0.0,9889.752937,192.0,335308.59091559733,0.0,184754.17540426197,520062.7663198593,335378.81605900056,0.0,185580.928755,520959.74481400056
340,9893.556586,0.0,0.0,0.0,9893.556586,192.0,335308.59091559733,0.0,184754.17540426197,520062.7663198593,335378.81605900056,0.0,185580.928755,520959.74481400056
341,9897.048171,0.0,0.0,0.0,9897.048171,192.0,335308.59091559733,0.0,184754.17540426197,520062.7663198593,335378.81605900056,0.0,185580.928755,520959.74481400056
342,9900.451436,0.004125,0.0,0.0,9900.447311,192.0,335308.59091559733,0.0,184754.17540426197,520062.7663198593,335378.81605900056,0.0,185580.928755,520959.74481400056
343,9903.8547,0.01391,100.0,0.0,10003.84079,280.0,335308.59091559733,0.0,184754.17540426197,520062.7663198593,335378.81605900056,0.0,185580.928755,520959.74481400056
344,9907.257965,0.023651000000000002,100.0,0.0,10007.234314000001,368.0,335308.59091559733,0.0,184754.17540426197,520062.7663198593,335378.81605900056,0.0,185580.928755,520959.74481400056
345,9910.66123,0.031949000000000005,100.0,0.0,10010.629281,456.0,335308.59091559733,0.0,184754.17540426197,520062.7663198593,335378.81605900056,0.0,185580.928755,520959.74481400056
346,9914.190027,0.036588,100.0,0.0,10014.153439,544.0,335308.59091559733,0.0,184754.17540426197,520062.7663198593,335378.81605900056,0.0,185580.928755,520959.74481400056
347,9917.793484,0.038236,100.0,0.0,10017.755248,632.0,335308.59091559733,0.0,184754.17540426197,520062.7663198593,335378.81605900056,0.0,185580.928755,520959.74481400056
348,9921.39694,0.038973,100.0,0.0,10021.357967,720.0,335308.59091559733,0.0,184754.17540426197,520062.7663198593,335378.81605900056,0.0,185580.928755,520959.74481400056
349,9925.000397,0.036263,0.0,100.0,9824.964134,620.0,335308.59091559733,0.0,184754.17540426197,520062.7663198593,335378.81605900056,0.0,185580.928755,520959.74481400056
350,9928.603854,0.030757000000000003,0.0,100.0,9828.573097,520.0,335308.59091559733,0.0,184754.17540426197,520062.7663198593,335378.81605900056,0.0,185580.928755,520959.74481400056
351,9932.207311,0.023156,0.0,100.0,9832.184155,420.0,335308.59091559733,0.0,184754.17540426197,520062.7663198593,335378.81605900056,0.0,185580.928755,520959.74481400056
352,9935.810768,0.013625,0.0,100.0,9835.797143,320.0,335308.59091559733,0.0,184754.17540426197,520062.7663198593,335378.81605900056,0.0,185580.928755,520959.74481400056
353,9939.414224,0.004127,0.0,100.0,9839.410097,220.0,335308.59091559733,0.0,184754.17540426197,520062.7663198593,335378.81605900056,0.0,185580.928755,520959.74481400056
354,9943.017681,0.00076,0.0,100.0,9843.016920999999,120.0,335308.59091559733,0.0,184754.17540426197,520062.7663198593,335378.81605900056,0.0,185580.928755,520959.74481400056
355,9946.621138,0.0,0.0,40.0,9906.621138,80.0,335308.59091559733,0.0,184754.17540426197,520062.7663198593,335378.81605900056,0.0,185580.928755,520959.74481400056
356,9950.030997,0.0,0.0,0.0,9950.030997,80.0,335308.59091559733,0.0,184754.17540426197,520062.7663198593,335378.81605900056,0.0,185580.928755,520959.74481400056
357,9953.033878,0.0,100.0,0.0,10053.033878,168.0,335308.59091559733,0.0,184754.17540426197,520062.7663198593,335378.81605900056,0.0,185580.928755,520959.74481400056
358,9956.036759,0.0,27.2727272727273,0.0,9983.309486272728,192.0,335308.59091559733,0.0,184754.17540426197,520062.7663198593,335378.81605900056,0.0,185580.928755,520959.74481400056
359,9959.039639,0.0,0.0,0.0,9959.039639,192.0,335308.59091559733,0.0,184754.17540426197,520062.7663198593,335378.81605900056,0.0,185580.928755,520959.74481400056
360,9962.04252,0.0,0.0,0.0,9962.04252,192.0,335308.59091559733,0.0,184754.17540426197,520062.7663198593,335378.81605900056,0.0,185580.928755,520959.74481400056
361,9964.90927,0.0,0.0,0.0,9964.90927,192.0,335308.59091559733,0.0,184754.17540426197,520062.7663198593,335378.81605900056,0.0,185580.928755,520959.74481400056
362,9967.111383,0.0,0.0,0.0,9967.111383,192.0,335308.59091559733,0.0,184754.17540426197,520062.7663198593,335378.81605900056,0.0,185580.928755,520959.74481400056
363,9969.313495,0.0,0.0,0.0,9969.313495,192.0,335308.59091559733,0.0,184754.17540426197,520062.7663198593,335378.81605900056,0.0,185580.928755,520959.74481400056
364,9971.515608,0.0,0.0,0.0,9971.515608,192.0,335308.59091559733,0.0,184754.17540426197,520062.7663198593,335378.81605900056,0.0,185580.928755,520959.74481400056
365,9973.71772,0.0,0.0,0.0,9973.71772,192.0,335308.59091559733,0.0,184754.17540426197,520062.7663198593,335378.81605900056,0.0,185580.928755,520959.74481400056
366,9975.919833,0.004398,0.0,0.0,9975.915435,192.0,335308.59091559733,0.0,184754.17540426197,520062.7663198593,335378.81605900056,0.0,185580.928755,520959.74481400056
367,9978.121945,0.013669,100.0,0.0,10078.108276,280.0,335308.59091559733,0.0,184754.17540426197,520062.7663198593,335378.81605900056,0.0,185580.928755,520959.74481400056
368,9980.324057,0.022463,100.0,0.0,10080.301594,368.0,335308.59091559733,0.0,184754.17540426197,520062.7663198593,335378.81605900056,0.0,185580.928755,520959.74481400056
369,9982.52617,0.029724,100.0,0.0,10082.496446,456.0,335308.59091559733,0.0,184754.17540426197,520062.7663198593,335378.81605900056,0.0,185580.928755,520959.74481400056
370,9984.728282,0.033755,100.0,0.0,10084.694527,544.0,335308.59091559733,0.0,184754.17540426197,520062.7663198593,335378.81605900056,0.0,185580.928755,520959.74481400056
371,9986.930395,0.037347000000000005,100.0,0.0,10086.893048,632.0,335308.59091559733,0.0,184754.17540426197,520062.7663198593,335378.81605900056,0.0,185580.928755,520959.74481400056
372,9988.439607,0.034989,100.0,0.0,10088.404618,720.0,335308.59091559733,0.0,184754.17540426197,520062.7663198593,335378.81605900056,0.0,185580.928755,520959.74481400056
373,9989.840952,0.034465,0.0,100.0,9889.806487,620.0,335308.59091559733,0.0,184754.17540426197,520062.7663198593,335378.81605900056,0.0,185580.928755,520959.74481400056
374,9991.242296,0.030363,0.0,100.0,9891.211933,520.0,335308.59091559733,0.0,184754.17540426197,520062.7663198593,335378.81605900056,0.0,185580.928755,520959.74481400056
375,9992.64364,0.020686,0.0,100.0,9892.622954,420.0,335308.59091559733,0.0,184754.17540426197,520062.7663198593,335378.81605900056,0.0,185580.928755,520959.74481400056
376,9994.044985,0.012817,0.0,100.0,9894.032168,320.0,335308.59091559733,0.0,184754.17540426197,520062.7663198593,335378.81605900056,0.0,185580.928755,520959.74481400056
377,9995.731779,0.00474,0.0,100.0,9895.727039,220.0,335308.59091559733,0.0,184754.17540426197,520062.7663198593,335378.81605900056,0.0,185580.928755,520959.74481400056
378,9997.533508,0.0009699999999999999,0.0,100.0,9897.532538000001,120.0,335308.59091559733,0.0,184754.17540426197,520062.7663198593,335378.81605900056,0.0,185580.928755,520959.74481400056
379,9999.335236,0.0,0.0,40.0,9959.335236,80.0,335308.59091559733,0.0,184754.17540426197,520062.7663198593,335378.81605900056,0.0,185580.928755,520959.74481400056
380,10001.13696,0.0,0.0,0.0,10001.13696,80.0,335308.59091559733,0.0,184754.17540426197,520062.7663198593,335378.81605900056,0.0,185580.928755,520959.74481400056
381,10002.93869,0.0,100.0,0.0,10102.93869,168.0,335308.59091559733,0.0,184754.17540426197,520062.7663198593,335378.81605900056,0.0,185580.928755,520959.74481400056
382,10004.74042,0.0,27.2727272727273,0.0,10032.013147272728,192.0,335308.59091559733,0.0,184754.17540426197,520062.7663198593,335378.81605900056,0.0,185580.928755,520959.74481400056
383,10006.54215,0.0,0.0,0.0,10006.54215,192.0,335308.59091559733,0.0,184754.17540426197,520062.7663198593,335378.81605900056,0.0,185580.928755,520959.74481400056
384,10008.34388,0.0,0.0,0.0,10008.34388,192.0,335308.59091559733,0.0,184754.17540426197,520062.7663198593,335378.81605900056,0.0,185580.928755,520959.74481400056
385,10010.14561,0.0,0.0,0.0,10010.14561,192.0,335308.59091559733,0.0,184754.17540426197,520062.7663198593,335378.81605900056,0.0,185580.928755,520959.74481400056
386,10011.94733,0.0,0.0,0.0,10011.94733,192.0,335308.59091559733,0.0,184754.17540426197,520062.7663198593,335378.81605900056,0.0,185580.928755,520959.74481400056
387,10013.74906,0.0,0.0,0.0,10013.74906,192.0,335308.59091559733,0.0,184754.17540426197,520062.7663198593,335378.81605900056,0.0,185580.928755,520959.74481400056
388,10015.55079,0.0,0.0,0.0,10015.55079,192.0,335308.59091559733,0.0,184754.17540426197,520062.7663198593,335378.81605900056,0.0,185580.928755,520959.74481400056
389,10017.35252,0.0,0.0,0.0,10017.35252,192.0,335308.59091559733,0.0,184754.17540426197,520062.7663198593,335378.81605900056,0.0,185580.928755,520959.74481400056
390,10019.15425,0.004201,0.0,0.0,10019.150049,192.0,335308.59091559733,0.0,184754.17540426197,520062.7663198593,335378.81605900056,0.0,185580.928755,520959.74481400056
391,10020.95598,0.014140000000000002,100.0,0.0,10120.941840000001,280.0,335308.59091559733,0.0,184754.17540426197,520062.7663198593,335378.81605900056,0.0,185580.928755,520959.74481400056
392,10022.65525,0.023346000000000002,100.0,0.0,10122.631904,368.0,335308.59091559733,0.0,184754.17540426197,520062.7663198593,335378.81605900056,0.0,185580.928755,520959.74481400056
393,10024.0566,0.030219000000000003,100.0,0.0,10124.026381,456.0,335308.59091559733,0.0,184754.17540426197,520062.7663198593,335378.81605900056,0.0,185580.928755,520959.74481400056
394,10025.45794,0.032630000000000006,100.0,0.0,10125.42531,544.0,335308.59091559733,0.0,184754.17540426197,520062.7663198593,335378.81605900056,0.0,185580.928755,520959.74481400056
395,10026.85929,0.037644,100.0,0.0,10126.821646,632.0,335308.59091559733,0.0,184754.17540426197,520062.7663198593,335378.81605900056,0.0,185580.928755,520959.74481400056
396,10028.26063,0.037002,100.0,0.0,10128.223628000002,720.0,335308.59091559733,0.0,184754.17540426197,520062.7663198593,335378.81605900056,0.0,185580.928755,520959.74481400056
397,10029.64125,0.034726,0.0,100.0,9929.606524,620.0,335308.59091559733,0.0,184754.17540426197,520062.7663198593,335378.81605900056,0.0,185580.928755,520959.74481400056
398,10030.8424,0.029668,0.0,100.0,9930.812732,520.0,335308.59091559733,0.0,184754.17540426197,520062.7663198593,335378.81605900056,0.0,185580.928755,520959.74481400056
399,10032.04355,0.021816,0.0,100.0,9932.021734,420.0,335308.59091559733,0.0,184754.17540426197,520062.7663198593,335378.81605900056,0.0,185580.928755,520959.74481400056
400,10033.24471,0.014072,0.0,100.0,9933.230638,320.0,335308.59091559733,0.0,184754.17540426197,520062.7663198593,335378.81605900056,0.0,185580.928755,520959.74481400056
401,10034.44586,0.004218,0.0,100.0,9934.441642,219.999999999998,335308.59091559733,0.0,184754.17540426197,520062.7663198593,335378.81605900056,0.0,185580.928755,520959.74481400056
402,10035.64701,0.0005769999999999999,0.0,86.2777022499995,9949.36873075,133.722297749999,335308.59091559733,0.0,184754.17540426197,520062.7663198593,335378.81605900056,0.0,185580.928755,520959.74481400056
403,10036.84816,0.0,0.0,26.2605688749991,10010.587591125,107.461728875,335308.59091559733,0.0,184754.17540426197,520062.7663198593,335378.81605900056,0.0,185580.928755,520959.74481400056
404,10038.04932,0.0,0.0,27.4617288749996,10010.587591125,80.0,335308.59091559733,0.0,184754.17540426197,520062.7663198593,335378.81605900056,0.0,185580.928755,520959.74481400056
405,10039.25047,0.0,0.0,0.0,10039.25047,80.0,335308.59091559733,0.0,184754.17540426197,520062.7663198593,335378.81605900056,0.0,185580.928755,520959.74481400056
406,10040.45162,0.0,0.0,0.0,10040.45162,80.0,335308.59091559733,0.0,184754.17540426197,520062.7663198593,335378.81605900056,0.0,185580.928755,520959.74481400056
407,10041.65277,0.0,0.0,0.0,10041.65277,80.0,335308.59091559733,0.0,184754.17540426197,520062.7663198593,335378.81605900056,0.0,185580.928755,520959.74481400056
408,10043.01384,0.0,0.0,0.0,10043.01384,80.0,335308.59091559733,0.0,184754.17540426197,520062.7663198593,335378.81605900056,0.0,185580.928755,520959.74481400056
409,10044.41519,0.0,0.0,0.0,10044.41519,80.0,335308.59091559733,0.0,184754.17540426197,520062.7663198593,335378.81605900056,0.0,185580.928755,520959.74481400056
410,10045.81653,0.0,0.0,0.0,10045.81653,80.0,335308.59091559733,0.0,184754.17540426197,520062.7663198593,335378.81605900056,0.0,185580.928755,520959.74481400056
411,10047.21788,0.0,0.0,0.0,10047.21788,80.0,335308.59091559733,0.0,184754.17540426197,520062.7663198593,335378.81605900056,0.0,185580.928755,520959.74481400056
412,10048.61922,0.0,0.0,0.0,10048.61922,80.0,335308.59091559733,0.0,184754.17540426197,520062.7663198593,335378.81605900056,0.0,185580.928755,520959.74481400056
413,10049.76173,0.0,0.0,0.0,10049.76173,80.0,335308.59091559733,0.0,184754.17540426197,520062.7663198593,335378.81605900056,0.0,185580.928755,520959.74481400056
414,10050.76269,0.005126,0.0,0.0,10050.757564,80.0,335308.59091559733,0.0,184754.17540426197,520062.7663198593,335378.81605900056,0.0,185580.928755,520959.74481400056
415,10051.76365,0.013972,0.0,0.0,10051.749678,80.0,335308.59091559733,0.0,184754.17540426197,520062.7663198593,335378.81605900056,0.0,185580.928755,520959.74481400056
416,10052.76461,0.022132000000000002,0.0,0.0,10052.742478,80.0,335308.59091559733,0.0,184754.17540426197,520062.7663198593,335378.81605900056,0.0,185580.928755,520959.74481400056
417,10053.76557,0.030052,0.0,0.0,10053.735518,80.0,335308.59091559733,0.0,184754.17540426197,520062.7663198593,335378.81605900056,0.0,185580.928755,520959.74481400056
418,10054.96437,0.033850000000000005,0.0,0.0,10054.93052,80.0,335308.59091559733,0.0,184754.17540426197,520062.7663198593,335378.81605900056,0.0,185580.928755,520959.74481400056
419,10056.36571,0.036359,0.0,0.0,10056.329351,80.0,335308.59091559733,0.0,184754.17540426197,520062.7663198593,335378.81605900056,0.0,185580.928755,520959.74481400056
420,10057.76705,0.03554,0.0,0.0,10057.73151,80.0,335308.59091559733,0.0,184754.17540426197,520062.7663198593,335378.81605900056,0.0,185580.928755,520959.74481400056
421,10059.1684,0.026741,0.0,0.0,10059.141659,80.0,335308.59091559733,0.0,184754.17540426197,520062.7663198593,335378.81605900056,0.0,185580.928755,520959.74481400056
422,10060.56974,0.019873000000000002,0.0,0.0,10060.549867000002,80.0,335308.59091559733,0.0,184754.17540426197,520062.7663198593,335378.81605900056,0.0,185580.928755,520959.74481400056
423,10061.90267,0.010884000000000001,0.0,0.0,10061.891786,80.0,335308.59091559733,0.0,184754.17540426197,520062.7663198593,335378.81605900056,0.0,185580.928755,520959.74481400056
424,10063.10382,0.004626000000000001,0.0,0.0,10063.099194,80.0,335308.59091559733,0.0,184754.17540426197,520062.7663198593,335378.81605900056,0.0,185580.928755,520959.74481400056
425,10064.30497,0.002404,0.0,0.0,10064.302565999998,80.0,335308.59091559733,0.0,184754.17540426197,520062.7663198593,335378.81605900056,0.0,185580.928755,520959.74481400056
426,10065.50613,0.001019,0.0,0.0,10065.505111,80.0,335308.59091559733,0.0,184754.17540426197,520062.7663198593,335378.81605900056,0.0,185580.928755,520959.74481400056
427,10066.70728,0.0,0.0,0.0,10066.70728,80.0,335308.59091559733,0.0,184754.17540426197,520062.7663198593,335378.81605900056,0.0,185580.928755,520959.74481400056
428,10067.87051,0.0,0.0,0.0,10067.87051,80.0,335308.59091559733,0.0,184754.17540426197,520062.7663198593,335378.81605900056,0.0,185580.928755,520959.74481400056
429,10068.87147,0.0,0.0,0.0,10068.87147,80.0,335308.59091559733,0.0,184754.17540426197,520062.7663198593,335378.81605900056,0.0,185580.928755,520959.74481400056
430,10069.87243,0.0,0.0,0.0,10069.87243,80.0,335308.59091559733,0.0,184754.17540426197,520062.7663198593,335378.81605900056,0.0,185580.928755,520959.74481400056
431,10070.87339,0.0,0.0,0.0,10070.87339,80.0,335308.59091559733,0.0,184754.17540426197,520062.7663198593,335378.81605900056,0.0,185580.928755,520959.74481400056
432,10071.87435,0.0,0.0,0.0,10071.87435,80.0,335308.59091559733,0.0,184754.17540426197,520062.7663198593,335378.81605900056,0.0,185580.928755,520959.74481400056
433,10072.86789,0.0,0.0,0.0,10072.86789,80.0,335308.59091559733,0.0,184754.17540426197,520062.7663198593,335378.81605900056,0.0,185580.928755,520959.74481400056
434,10073.66866,0.0,0.0,0.0,10073.66866,80.0,335308.59091559733,0.0,184754.17540426197,520062.7663198593,335378.81605900056,0.0,185580.928755,520959.74481400056
435,10074.46943,0.0,0.0,0.0,10074.46943,80.0,335308.59091559733,0.0,184754.17540426197,520062.7663198593,335378.81605900056,0.0,185580.928755,520959.74481400056
436,10075.2702,0.0,0.0,0.0,10075.2702,80.0,335308.59091559733,0.0,184754.17540426197,520062.7663198593,335378.81605900056,0.0,185580.928755,520959.74481400056
437,10076.07097,0.0,0.0,0.0,10076.07097,80.0,335308.59091559733,0.0,184754.17540426197,520062.7663198593,335378.81605900056,0.0,185580.928755,520959.74481400056
438,10076.87173,0.004008,0.0,0.0,10076.867722,80.0,335308.59091559733,0.0,184754.17540426197,520062.7663198593,335378.81605900056,0.0,185580.928755,520959.74481400056
439,10077.6725,0.013543,0.0,0.0,10077.658957000001,80.0,335308.59091559733,0.0,184754.17540426197,520062.7663198593,335378.81605900056,0.0,185580.928755,520959.74481400056
440,10078.47327,0.023076,0.0,0.0,10078.450194000001,80.0,335308.59091559733,0.0,184754.17540426197,520062.7663198593,335378.81605900056,0.0,185580.928755,520959.74481400056
441,10079.27404,0.030032,0.0,0.0,10079.244008,80.0,335308.59091559733,0.0,184754.17540426197,520062.7663198593,335378.81605900056,0.0,185580.928755,520959.74481400056
442,10080.07481,0.035534,0.0,0.0,10080.039276,80.0,335308.59091559733,0.0,184754.17540426197,520062.7663198593,335378.81605900056,0.0,185580.928755,520959.74481400056
443,10080.87558,0.039268000000000004,0.0,0.0,10080.836312,80.0,335308.59091559733,0.0,184754.17540426197,520062.7663198593,335378.81605900056,0.0,185580.928755,520959.74481400056
444,10081.82295,0.038195,0.0,0.0,10081.784755,80.0,335308.59091559733,0.0,184754.17540426197,520062.7663198593,335378.81605900056,0.0,185580.928755,520959.74481400056
445,10082.82392,0.033798,0.0,0.0,10082.790122,80.0,335308.59091559733,0.0,184754.17540426197,520062.7663198593,335378.81605900056,0.0,185580.928755,520959.74481400056
446,10083.82488,0.029439,0.0,0.0,10083.795441,80.0,335308.59091559733,0.0,184754.17540426197,520062.7663198593,335378.81605900056,0.0,185580.928755,520959.74481400056
447,10084.82584,0.023765,0.0,0.0,10084.802075,80.0,335308.59091559733,0.0,184754.17540426197,520062.7663198593,335378.81605900056,0.0,185580.928755,520959.74481400056
448,10085.8268,0.014275000000000001,0.0,0.0,10085.812525000001,80.0,335308.59091559733,0.0,184754.17540426197,520062.7663198593,335378.81605900056,0.0,185580.928755,520959.74481400056
449,10086.47942,0.004677,0.0,0.0,10086.474742999999,80.0,335308.59091559733,0.0,184754.17540426197,520062.7663198593,335378.81605900056,0.0,185580.928755,520959.74481400056
450,10086.87981,0.000819,0.0,0.0,10086.878991,80.0,335308.59091559733,0.0,184754.17540426197,520062.7663198593,335378.81605900056,0.0,185580.928755,520959.74481400056
451,10087.28019,0.0,27.6516866591272,0.0,10114.931876659126,104.333484260032,335308.59091559733,0.0,184754.17540426197,520062.7663198593,335378.81605900056,0.0,185580.928755,520959.74481400056
452,10087.68057,0.0,42.1601139772702,0.0,10129.84068397727,141.43438456003,335308.59091559733,0.0,184754.17540426197,520062.7663198593,335378.81605900056,0.0,185580.928755,520959.74481400056
453,10088.08096,0.0,41.7597239772713,0.0,10129.84068397727,178.182941660028,335308.59091559733,0.0,184754.17540426197,520062.7663198593,335378.81605900056,0.0,185580.928755,520959.74481400056
454,10088.31012,0.0,41.5305639772705,0.0,10129.84068397727,214.729837960026,335308.59091559733,0.0,184754.17540426197,520062.7663198593,335378.81605900056,0.0,185580.928755,520959.74481400056
455,10088.31012,0.0,41.5305639772705,0.0,10129.84068397727,251.276734260025,335308.59091559733,0.0,184754.17540426197,520062.7663198593,335378.81605900056,0.0,185580.928755,520959.74481400056
456,10088.31012,0.0,41.5305639772705,0.0,10129.84068397727,287.823630560023,335308.59091559733,0.0,184754.17540426197,520062.7663198593,335378.81605900056,0.0,185580.928755,520959.74481400056
457,10088.31012,0.0,41.5305639772705,0.0,10129.84068397727,324.370526860021,335308.59091559733,0.0,184754.17540426197,520062.7663198593,335378.81605900056,0.0,185580.928755,520959.74481400056
458,10088.31012,0.0,41.5305639772705,0.0,10129.84068397727,360.917423160019,335308.59091559733,0.0,184754.17540426197,520062.7663198593,335378.81605900056,0.0,185580.928755,520959.74481400056
459,10088.36523,0.0,41.4754539772712,0.0,10129.84068397727,397.415822660017,335308.59091559733,0.0,184754.17540426197,520062.7663198593,335378.81605900056,0.0,185580.928755,520959.74481400056
460,10088.56542,0.0,41.2752639772698,0.0,10129.84068397727,433.738054960015,335308.59091559733,0.0,184754.17540426197,520062.7663198593,335378.81605900056,0.0,185580.928755,520959.74481400056
461,10088.76562,0.0,41.0750639772705,0.0,10129.84068397727,469.884111260013,335308.59091559733,0.0,184754.17540426197,520062.7663198593,335378.81605900056,0.0,185580.928755,520959.74481400056
462,10088.96581,0.004149,40.8790229772712,0.0,10129.84068397727,505.857651480011,335308.59091559733,0.0,184754.17540426197,520062.7663198593,335378.81605900056,0.0,185580.928755,520959.74481400056
463,10089.166,0.013843,40.688526977272,0.0,10129.84068397727,541.663555220011,335308.59091559733,0.0,184754.17540426197,520062.7663198593,335378.81605900056,0.0,185580.928755,520959.74481400056
464,10089.34158,0.022126000000000003,40.5212299772702,0.0,10129.84068397727,577.322237600009,335308.59091559733,0.0,184754.17540426197,520062.7663198593,335378.81605900056,0.0,185580.928755,520959.74481400056
465,10089.34158,0.029365,40.5284689772707,0.0,10129.84068397727,612.987290300007,335308.59091559733,0.0,184754.17540426197,520062.7663198593,335378.81605900056,0.0,185580.928755,520959.74481400056
466,10089.34158,0.03503,40.5341339772694,0.0,10129.84068397727,648.657328200004,335308.59091559733,0.0,184754.17540426197,520062.7663198593,335378.81605900056,0.0,185580.928755,520959.74481400056
467,10089.34158,0.03615,40.5352539772703,0.0,10129.84068397727,684.328351700002,335308.59091559733,0.0,184754.17540426197,520062.7663198593,335378.81605900056,0.0,185580.928755,520959.74481400056
468,10089.34158,0.03686,40.5359639772705,0.0,10129.84068397727,720.0,335308.59091559733,0.0,184754.17540426197,520062.7663198593,335378.81605900056,0.0,185580.928755,520959.74481400056
469,10089.34158,0.033487,0.0,78.7205018749992,10010.587591125,641.279498125001,335308.59091559733,0.0,184754.17540426197,520062.7663198593,335378.81605900056,0.0,185580.928755,520959.74481400056
470,10089.73019,0.030004000000000003,0.0,79.1125948749996,10010.587591125,562.166903249999,335308.59091559733,0.0,184754.17540426197,520062.7663198593,335378.81605900056,0.0,185580.928755,520959.74481400056
471,10090.13057,0.022488,0.0,79.5204908749984,10010.587591125,482.646412375001,335308.59091559733,0.0,184754.17540426197,520062.7663198593,335378.81605900056,0.0,185580.928755,520959.74481400056
472,10090.53096,0.013638,0.0,79.9297308749994,10010.587591125,402.716681499995,335308.59091559733,0.0,184754.17540426197,520062.7663198593,335378.81605900056,0.0,185580.928755,520959.74481400056
473,10090.93134,0.00418,0.0,80.3395688749988,10010.587591125,322.377112624999,335308.59091559733,0.0,184754.17540426197,520062.7663198593,335378.81605900056,0.0,185580.928755,520959.74481400056
474,10091.33172,0.000834,0.0,80.7432948749993,10010.587591125,241.63381775,335308.59091559733,0.0,184754.17540426197,520062.7663198593,335378.81605900056,0.0,185580.928755,520959.74481400056
475,10091.4045,0.0,0.0,80.8169088750001,10010.587591125,160.816908875,335308.59091559733,0.0,184754.17540426197,520062.7663198593,335378.81605900056,0.0,185580.928755,520959.74481400056
476,10091.4045,0.0,0.0,80.8169088750001,10010.587591125,80.0,335308.59091559733,0.0,184754.17540426197,520062.7663198593,335378.81605900056,0.0,185580.928755,520959.74481400056
477,10091.4045,0.0,38.43618397727,0.0,10129.84068397727,113.823841899998,335308.59091559733,0.0,184754.17540426197,520062.7663198593,335378.81605900056,0.0,185580.928755,520959.74481400056
478,10091.4045,0.0,38.43618397727,0.0,10129.84068397727,147.647683799995,335308.59091559733,0.0,184754.17540426197,520062.7663198593,335378.81605900056,0.0,185580.928755,520959.74481400056
479,10091.4045,0.0,38.43618397727,0.0,10129.84068397727,181.471525699995,335308.59091559733,0.0,184754.17540426197,520062.7663198593,335378.81605900056,0.0,185580.928755,520959.74481400056
480,10091.00459,0.0,38.8360939772705,0.0,10129.84068397727,215.647288399993,335308.59091559733,0.0,184754.17540426197,520062.7663198593,335378.81605900056,0.0,185580.928755,520959.74481400056
481,10090.40401,0.0,39.4366739772704,0.0,10129.84068397727,250.351561499992,335308.59091559733,0.0,184754.17540426197,520062.7663198593,335378.81605900056,0.0,185580.928755,520959.74481400056
482,10089.80343,0.0,40.0372539772707,0.0,10129.84068397727,285.58434499999,335308.59091559733,0.0,184754.17540426197,520062.7663198593,335378.81605900056,0.0,185580.928755,520959.74481400056
483,10089.20286,0.0,40.6378239772712,0.0,10129.84068397727,321.345630099987,335308.59091559733,0.0,184754.17540426197,520062.7663198593,335378.81605900056,0.0,185580.928755,520959.74481400056
484,10088.60228,0.0,41.2384039772714,0.0,10129.84068397727,357.635425599986,335308.59091559733,0.0,184754.17540426197,520062.7663198593,335378.81605900056,0.0,185580.928755,520959.74481400056
485,10088.20731,0.0,41.6333739772708,0.0,10129.84068397727,394.272794699985,335308.59091559733,0.0,184754.17540426197,520062.7663198593,335378.81605900056,0.0,185580.928755,520959.74481400056
486,10088.00712,0.005045,41.8386089772703,0.0,10129.84068397727,431.090770599982,335308.59091559733,0.0,184754.17540426197,520062.7663198593,335378.81605900056,0.0,185580.928755,520959.74481400056
487,10087.80693,0.013776,42.0475299772697,0.0,10129.84068397727,468.09259697998,335308.59091559733,0.0,184754.17540426197,520062.7663198593,335378.81605900056,0.0,185580.928755,520959.74481400056
488,10087.60674,0.022170000000000002,42.2561139772715,0.0,10129.84068397727,505.277977279979,335308.59091559733,0.0,184754.17540426197,520062.7663198593,335378.81605900056,0.0,185580.928755,520959.74481400056
489,10087.40655,0.02938,42.4635139772708,0.0,10129.84068397727,542.645869579977,335308.59091559733,0.0,184754.17540426197,520062.7663198593,335378.81605900056,0.0,185580.928755,520959.74481400056
490,10087.06175,0.033847,42.8127809772704,0.0,10129.84068397727,580.321116839975,335308.59091559733,0.0,184754.17540426197,520062.7663198593,335378.81605900056,0.0,185580.928755,520959.74481400056
491,10086.46117,0.035401,43.4149149772693,0.0,10129.84068397727,618.526242019972,335308.59091559733,0.0,184754.17540426197,520062.7663198593,335378.81605900056,0.0,185580.928755,520959.74481400056
492,10085.86059,0.036806,44.0168999772704,0.0,10129.84068397727,657.26111399997,335308.59091559733,0.0,184754.17540426197,520062.7663198593,335378.81605900056,0.0,185580.928755,520959.74481400056
493,10085.26002,0.033923,0.0,74.6385058749984,10010.587591125,582.622608124972,335308.59091559733,0.0,184754.17540426197,520062.7663198593,335378.81605900056,0.0,185580.928755,520959.74481400056
494,10084.65944,0.014263999999999999,0.0,74.0575848749995,10010.587591125,508.565023249972,335308.59091559733,0.0,184754.17540426197,520062.7663198593,335378.81605900056,0.0,185580.928755,520959.74481400056
495,10084.01706,0.007208,0.0,73.4222608749988,10010.587591125,435.142762374974,335308.59091559733,0.0,184754.17540426197,520062.7663198593,335378.81605900056,0.0,185580.928755,520959.74481400056
496,10083.21629,0.002689,0.0,72.626009874999,10010.587591125,362.516752499975,335308.59091559733,0.0,184754.17540426197,520062.7663198593,335378.81605900056,0.0,185580.928755,520959.74481400056
497,10082.41552,0.001557,0.0,71.8263718750004,10010.587591125,290.690380625001,335308.59091559733,0.0,184754.17540426197,520062.7663198593,335378.81605900056,0.0,185580.928755,520959.74481400056
498,10081.61476,0.00011600000000000001,0.0,71.0270528750007,10010.587591125,219.66332775,335308.59091559733,0.0,184754.17540426197,520062.7663198593,335378.81605900056,0.0,185580.928755,520959.74481400056
499,10080.81399,0.0,0.0,70.2263988750001,10010.587591125,149.436928875,335308.59091559733,0.0,184754.17540426197,520062.7663198593,335378.81605900056,0.0,185580.928755,520959.74481400056
500,10080.02452,0.0,0.0,69.4369288750004,10010.587591125,80.0,335308.59091559733,0.0,184754.17540426197,520062.7663198593,335378.81605900056,0.0,185580.928755,520959.74481400056
501,10079.42395,0.0,50.4167339773063,0.0,10129.840683977307,124.36672590003,335308.59091559733,0.0,184754.17540426197,520062.7663198593,335378.81605900056,0.0,185580.928755,520959.74481400056
502,10078.82337,0.0,51.017313977258,0.0,10129.840683977258,169.261962200017,335308.59091559733,0.0,184754.17540426197,520062.7663198593,335378.81605900056,0.0,185580.928755,520959.74481400056
503,10078.2228,0.0,51.6178839772643,0.0,10129.840683977263,214.685700100009,335308.59091559733,0.0,184754.17540426197,520062.7663198593,335378.81605900056,0.0,185580.928755,520959.74481400056
504,10077.62222,0.0,1.47449256819527,0.0,10079.096712568195,215.983253560021,335308.59091559733,0.0,184754.17540426197,520062.7663198593,335378.81605900056,0.0,185580.928755,520959.74481400056
505,10077.02164,0.0,0.0,0.0,10077.02164,215.983253560021,335308.59091559733,0.0,184754.17540426197,520062.7663198593,335378.81605900056,0.0,185580.928755,520959.74481400056
506,10076.24007,0.0,0.0,0.0,10076.24007,215.983253560021,335308.59091559733,0.0,184754.17540426197,520062.7663198593,335378.81605900056,0.0,185580.928755,520959.74481400056
507,10075.4393,0.0,54.4013839772679,0.0,10129.840683977269,263.856471460017,335308.59091559733,0.0,184754.17540426197,520062.7663198593,335378.81605900056,0.0,185580.928755,520959.74481400056
508,10074.63853,0.0,55.2021539772704,0.0,10129.84068397727,312.434366960015,335308.59091559733,0.0,184754.17540426197,520062.7663198593,335378.81605900056,0.0,185580.928755,520959.74481400056
509,10073.83777,0.0,56.0029139772705,0.0,10129.84068397727,361.716931260013,335308.59091559733,0.0,184754.17540426197,520062.7663198593,335378.81605900056,0.0,185580.928755,520959.74481400056
510,10073.037,0.0012720000000000001,56.8049559772699,0.0,10129.84068397727,411.70529252001,335308.59091559733,0.0,184754.17540426197,520062.7663198593,335378.81605900056,0.0,185580.928755,520959.74481400056
511,10072.53722,0.002625,57.3060889772696,0.0,10129.84068397727,462.134650820007,335308.59091559733,0.0,184754.17540426197,520062.7663198593,335378.81605900056,0.0,185580.928755,520959.74481400056
512,10072.13684,0.003897,57.7077409772719,0.0,10129.84068397727,512.917462880007,335308.59091559733,0.0,184754.17540426197,520062.7663198593,335378.81605900056,0.0,185580.928755,520959.74481400056
513,10071.73646,0.004893,58.1091169772699,0.0,10129.84068397727,564.053485820004,335308.59091559733,0.0,184754.17540426197,520062.7663198593,335378.81605900056,0.0,185580.928755,520959.74481400056
514,10071.33607,0.005365,58.5099789772721,0.0,10129.84068397727,615.542267320004,335308.59091559733,0.0,184754.17540426197,520062.7663198593,335378.81605900056,0.0,185580.928755,520959.74481400056
515,10070.93569,0.0057729999999999995,58.9107669772711,0.0,10129.84068397727,667.383742260002,335308.59091559733,0.0,184754.17540426197,520062.7663198593,335378.81605900056,0.0,185580.928755,520959.74481400056
516,10070.05531,0.005828000000000001,59.7912019772702,0.0,10129.84068397727,720.0,335308.59091559733,0.0,184754.17540426197,520062.7663198593,335378.81605900056,0.0,185580.928755,520959.74481400056
517,10068.85416,0.005503999999999999,0.0,100.0,9968.848656,620.000000000003,335308.59091559733,0.0,184754.17540426197,520062.7663198593,335378.81605900056,0.0,185580.928755,520959.74481400056
518,10067.65301,0.0050030000000000005,0.0,100.0,9967.648007,520.000000000003,335308.59091559733,0.0,184754.17540426197,520062.7663198593,335378.81605900056,0.0,185580.928755,520959.74481400056
519,10066.45186,0.00385,0.0,100.0,9966.44801,420.000000000003,335308.59091559733,0.0,184754.17540426197,520062.7663198593,335378.81605900056,0.0,185580.928755,520959.74481400056
520,10065.2507,0.005041,0.0,84.4213713750043,9980.824287624995,335.578628624999,335308.59091559733,0.0,184754.17540426197,520062.7663198593,335378.81605900056,0.0,185580.928755,520959.74481400056
521,10064.04955,0.001557,0.0,53.4604018749997,10010.587591125,282.118226749999,335308.59091559733,0.0,184754.17540426197,520062.7663198593,335378.81605900056,0.0,185580.928755,520959.74481400056
522,10062.8484,0.001091,0.0,52.2597178750002,10010.587591125,229.858508874999,335308.59091559733,0.0,184754.17540426197,520062.7663198593,335378.81605900056,0.0,185580.928755,520959.74481400056
523,10061.64725,0.0,0.0,100.0,9961.64725,129.858508874999,335308.59091559733,0.0,184754.17540426197,520062.7663198593,335378.81605900056,0.0,185580.928755,520959.74481400056
524,10060.4461,0.0,0.0,49.8585088749987,10010.587591125,80.0,335308.59091559733,0.0,184754.17540426197,520062.7663198593,335378.81605900056,0.0,185580.928755,520959.74481400056
525,10059.24494,0.0,70.595743977275,0.0,10129.840683977276,142.124254700002,335308.59091559733,0.0,184754.17540426197,520062.7663198593,335378.81605900056,0.0,185580.928755,520959.74481400056
526,10057.9258,0.0,71.9148839772536,0.0,10129.840683977254,205.409352599985,335308.59091559733,0.0,184754.17540426197,520062.7663198593,335378.81605900056,0.0,185580.928755,520959.74481400056
527,10056.32426,0.0,73.5164239772712,0.0,10129.84068397727,270.103805699984,335308.59091559733,0.0,184754.17540426197,520062.7663198593,335378.81605900056,0.0,185580.928755,520959.74481400056
528,10054.72272,0.0,55.4244764545754,0.0,10110.147196454574,318.87734498001,335308.59091559733,0.0,184754.17540426197,520062.7663198593,335378.81605900056,0.0,185580.928755,520959.74481400056
529,10053.12119,0.0,0.0,0.0,10053.12119,318.87734498001,335308.59091559733,0.0,184754.17540426197,520062.7663198593,335378.81605900056,0.0,185580.928755,520959.74481400056
530,10051.51965,0.0,0.0,0.0,10051.51965,318.87734498001,335308.59091559733,0.0,184754.17540426197,520062.7663198593,335378.81605900056,0.0,185580.928755,520959.74481400056
531,10049.91811,0.0,0.0,0.0,10049.91811,318.87734498001,335308.59091559733,0.0,184754.17540426197,520062.7663198593,335378.81605900056,0.0,185580.928755,520959.74481400056
532,10048.31658,0.0,0.0,0.0,10048.31658,318.87734498001,335308.59091559733,0.0,184754.17540426197,520062.7663198593,335378.81605900056,0.0,185580.928755,520959.74481400056
533,10046.71504,0.0,0.0,0.0,10046.71504,318.87734498001,335308.59091559733,0.0,184754.17540426197,520062.7663198593,335378.81605900056,0.0,185580.928755,520959.74481400056
534,10045.1135,0.004136,0.0,0.0,10045.109364,318.87734498001,335308.59091559733,0.0,184754.17540426197,520062.7663198593,335378.81605900056,0.0,185580.928755,520959.74481400056
535,10043.51197,0.013762,0.0,0.0,10043.498207999999,318.87734498001,335308.59091559733,0.0,184754.17540426197,520062.7663198593,335378.81605900056,0.0,185580.928755,520959.74481400056
536,10041.91043,0.023806,87.9540599772707,0.0,10129.84068397727,396.276917760008,335308.59091559733,0.0,184754.17540426197,520062.7663198593,335378.81605900056,0.0,185580.928755,520959.74481400056
537,10040.3089,0.030006,89.5617899772715,0.0,10129.84068397727,475.091292940007,335308.59091559733,0.0,184754.17540426197,520062.7663198593,335378.81605900056,0.0,185580.928755,520959.74481400056
538,10038.70736,0.034409999999999996,91.1677339772705,0.0,10129.84068397727,555.318898840005,335308.59091559733,0.0,184754.17540426197,520062.7663198593,335378.81605900056,0.0,185580.928755,520959.74481400056
539,10037.10582,0.037381,92.77224497727,0.0,10129.84068397727,636.958474420003,335308.59091559733,0.0,184754.17540426197,520062.7663198593,335378.81605900056,0.0,185580.928755,520959.74481400056
540,10035.50429,0.028976,94.3653699772694,0.0,10129.84068397727,720.0,335308.59091559733,0.0,184754.17540426197,520062.7663198593,335378.81605900056,0.0,185580.928755,520959.74481400056
541,10033.90275,0.014543,0.0,100.0,9933.888207,619.999999999998,335308.59091559733,0.0,184754.17540426197,520062.7663198593,335378.81605900056,0.0,185580.928755,520959.74481400056
542,10031.29507,0.012652,0.0,100.0,9931.282418,519.999999999998,335308.59091559733,0.0,184754.17540426197,520062.7663198593,335378.81605900056,0.0,185580.928755,520959.74481400056
543,10028.49238,0.010528000000000001,0.0,100.0,9928.481851999999,419.999999999998,335308.59091559733,0.0,184754.17540426197,520062.7663198593,335378.81605900056,0.0,185580.928755,520959.74481400056
544,10025.68969,0.0072169999999999995,0.0,100.0,9925.682472999999,319.999999999998,335308.59091559733,0.0,184754.17540426197,520062.7663198593,335378.81605900056,0.0,185580.928755,520959.74481400056
545,10022.88701,0.001629,0.0,32.8943911249989,9989.990989875001,287.105608874999,335308.59091559733,0.0,184754.17540426197,520062.7663198593,335378.81605900056,0.0,185580.928755,520959.74481400056
546,10020.08432,0.001296,0.0,100.0,9920.083024,187.105608874999,335308.59091559733,0.0,184754.17540426197,520062.7663198593,335378.81605900056,0.0,185580.928755,520959.74481400056
547,10017.6932,0.0,0.0,7.10560887499923,10010.587591125,180.0,335308.59091559733,0.0,184754.17540426197,520062.7663198593,335378.81605900056,0.0,185580.928755,520959.74481400056
548,10015.49109,0.0,0.0,100.0,9915.49109,80.0,335308.59091559733,0.0,184754.17540426197,520062.7663198593,335378.81605900056,0.0,185580.928755,520959.74481400056
549,10013.28897,0.0,100.0,0.0,10113.28897,168.0,335308.59091559733,0.0,184754.17540426197,520062.7663198593,335378.81605900056,0.0,185580.928755,520959.74481400056
550,10011.08686,0.0,100.0,0.0,10111.08686,256.0,335308.59091559733,0.0,184754.17540426197,520062.7663198593,335378.81605900056,0.0,185580.928755,520959.74481400056
551,10008.88475,0.0,27.2727272727273,0.0,10036.157477272727,280.0,335308.59091559733,0.0,184754.17540426197,520062.7663198593,335378.81605900056,0.0,185580.928755,520959.74481400056
552,10006.68264,0.0,0.0,0.0,10006.68264,280.0,335308.59091559733,0.0,184754.17540426197,520062.7663198593,335378.81605900056,0.0,185580.928755,520959.74481400056
553,10004.48052,0.0,0.0,0.0,10004.48052,280.0,335308.59091559733,0.0,184754.17540426197,520062.7663198593,335378.81605900056,0.0,185580.928755,520959.74481400056
554,10002.27841,0.0,0.0,0.0,10002.27841,280.0,335308.59091559733,0.0,184754.17540426197,520062.7663198593,335378.81605900056,0.0,185580.928755,520959.74481400056
555,10000.0763,0.0,0.0,0.0,10000.0763,280.0,335308.59091559733,0.0,184754.17540426197,520062.7663198593,335378.81605900056,0.0,185580.928755,520959.74481400056
556,9997.874187,0.0,0.0,0.0,9997.874187,280.0,335308.59091559733,0.0,184754.17540426197,520062.7663198593,335378.81605900056,0.0,185580.928755,520959.74481400056
557,9995.519694,0.0,0.0,0.0,9995.519694,280.0,335308.59091559733,0.0,184754.17540426197,520062.7663198593,335378.81605900056,0.0,185580.928755,520959.74481400056
558,9992.917197,0.004563,0.0,0.0,9992.912634,280.0,335308.59091559733,0.0,184754.17540426197,520062.7663198593,335378.81605900056,0.0,185580.928755,520959.74481400056
559,9990.3147,0.012162000000000001,0.0,0.0,9990.302538,280.0,335308.59091559733,0.0,184754.17540426197,520062.7663198593,335378.81605900056,0.0,185580.928755,520959.74481400056
560,9987.712204,0.014732,100.0,0.0,10087.697472,368.0,335308.59091559733,0.0,184754.17540426197,520062.7663198593,335378.81605900056,0.0,185580.928755,520959.74481400056
561,9985.109707,0.008336,100.0,0.0,10085.101370999999,456.0,335308.59091559733,0.0,184754.17540426197,520062.7663198593,335378.81605900056,0.0,185580.928755,520959.74481400056
562,9982.689974,0.006144,100.0,0.0,10082.68383,544.0,335308.59091559733,0.0,184754.17540426197,520062.7663198593,335378.81605900056,0.0,185580.928755,520959.74481400056
563,9980.888246,0.014166000000000002,100.0,0.0,10080.87408,632.0,335308.59091559733,0.0,184754.17540426197,520062.7663198593,335378.81605900056,0.0,185580.928755,520959.74481400056
564,9979.086517,0.0061070000000000004,100.0,0.0,10079.08041,720.0,335308.59091559733,0.0,184754.17540426197,520062.7663198593,335378.81605900056,0.0,185580.928755,520959.74481400056
565,9977.284789,0.005832,0.0,100.0,9877.278956999999,620.0,335308.59091559733,0.0,184754.17540426197,520062.7663198593,335378.81605900056,0.0,185580.928755,520959.74481400056
566,9975.483061,0.005065000000000001,0.0,100.0,9875.477996000001,520.0,335308.59091559733,0.0,184754.17540426197,520062.7663198593,335378.81605900056,0.0,185580.928755,520959.74481400056
567,9973.742096,0.00431,0.0,100.0,9873.737786,420.0,335308.59091559733,0.0,184754.17540426197,520062.7663198593,335378.81605900056,0.0,185580.928755,520959.74481400056
568,9972.741136,0.003068,0.0,100.0,9872.738068,320.0,335308.59091559733,0.0,184754.17540426197,520062.7663198593,335378.81605900056,0.0,185580.928755,520959.74481400056
569,9971.740176,0.001631,0.0,100.0,9871.738545,220.0,335308.59091559733,0.0,184754.17540426197,520062.7663198593,335378.81605900056,0.0,185580.928755,520959.74481400056
570,9970.739216,0.001211,0.0,100.0,9870.738005,120.0,335308.59091559733,0.0,184754.17540426197,520062.7663198593,335378.81605900056,0.0,185580.928755,520959.74481400056
571,9969.738255,0.0,0.0,40.0,9929.738255,80.0,335308.59091559733,0.0,184754.17540426197,520062.7663198593,335378.81605900056,0.0,185580.928755,520959.74481400056
572,9968.737295,0.0,0.0,0.0,9968.737295,80.0,335308.59091559733,0.0,184754.17540426197,520062.7663198593,335378.81605900056,0.0,185580.928755,520959.74481400056
573,9967.366569,0.0,0.0,0.0,9967.366569,80.0,335308.59091559733,0.0,184754.17540426197,520062.7663198593,335378.81605900056,0.0,185580.928755,520959.74481400056
574,9965.965224,0.0,0.0,0.0,9965.965224,80.0,335308.59091559733,0.0,184754.17540426197,520062.7663198593,335378.81605900056,0.0,185580.928755,520959.74481400056
575,9964.56388,0.0,0.0,0.0,9964.56388,80.0,335308.59091559733,0.0,184754.17540426197,520062.7663198593,335378.81605900056,0.0,185580.928755,520959.74481400056
576,9963.162536,0.0,0.0,0.0,9963.162536,80.0,335308.59091559733,0.0,184754.17540426197,520062.7663198593,335378.81605900056,0.0,185580.928755,520959.74481400056
577,9961.761191,0.0,0.0,0.0,9961.761191,80.0,335308.59091559733,0.0,184754.17540426197,520062.7663198593,335378.81605900056,0.0,185580.928755,520959.74481400056
578,9960.205464,0.0,0.0,0.0,9960.205464,80.0,335308.59091559733,0.0,184754.17540426197,520062.7663198593,335378.81605900056,0.0,185580.928755,520959.74481400056
579,9958.603927,0.0,0.0,0.0,9958.603927,80.0,335308.59091559733,0.0,184754.17540426197,520062.7663198593,335378.81605900056,0.0,185580.928755,520959.74481400056
580,9957.002391,0.0,0.0,0.0,9957.002391,80.0,335308.59091559733,0.0,184754.17540426197,520062.7663198593,335378.81605900056,0.0,185580.928755,520959.74481400056
581,9955.400855,0.0,0.0,0.0,9955.400855,80.0,335308.59091559733,0.0,184754.17540426197,520062.7663198593,335378.81605900056,0.0,185580.928755,520959.74481400056
582,9953.799318,0.00513,0.0,0.0,9953.794188,80.0,335308.59091559733,0.0,184754.17540426197,520062.7663198593,335378.81605900056,0.0,185580.928755,520959.74481400056
583,9952.321665,0.013621000000000001,0.0,0.0,9952.308044,80.0,335308.59091559733,0.0,184754.17540426197,520062.7663198593,335378.81605900056,0.0,185580.928755,520959.74481400056
584,9950.920321,0.02208,0.0,0.0,9950.898240999999,80.0,335308.59091559733,0.0,184754.17540426197,520062.7663198593,335378.81605900056,0.0,185580.928755,520959.74481400056
585,9949.518977,0.029488,0.0,0.0,9949.489489,80.0,335308.59091559733,0.0,184754.17540426197,520062.7663198593,335378.81605900056,0.0,185580.928755,520959.74481400056
586,9948.117632,0.035304,0.0,0.0,9948.082327999999,80.0,335308.59091559733,0.0,184754.17540426197,520062.7663198593,335378.81605900056,0.0,185580.928755,520959.74481400056
587,9946.716288,0.037486,0.0,0.0,9946.678802,80.0,335308.59091559733,0.0,184754.17540426197,520062.7663198593,335378.81605900056,0.0,185580.928755,520959.74481400056
588,9945.314944,0.037415,0.0,0.0,9945.277528999999,80.0,335308.59091559733,0.0,184754.17540426197,520062.7663198593,335378.81605900056,0.0,185580.928755,520959.74481400056
589,9943.9136,0.035073,0.0,0.0,9943.878527,80.0,335308.59091559733,0.0,184754.17540426197,520062.7663198593,335378.81605900056,0.0,185580.928755,520959.74481400056
590,9942.512255,0.025577000000000003,0.0,0.0,9942.486678,80.0,335308.59091559733,0.0,184754.17540426197,520062.7663198593,335378.81605900056,0.0,185580.928755,520959.74481400056
591,9941.110911,0.014365000000000001,0.0,0.0,9941.096545999999,80.0,335308.59091559733,0.0,184754.17540426197,520062.7663198593,335378.81605900056,0.0,185580.928755,520959.74481400056
592,9939.709567,0.002847,0.0,0.0,9939.70672,80.0,335308.59091559733,0.0,184754.17540426197,520062.7663198593,335378.81605900056,0.0,185580.928755,520959.74481400056
593,9938.245338,0.0016200000000000001,0.0,0.0,9938.243718000002,80.0,335308.59091559733,0.0,184754.17540426197,520062.7663198593,335378.81605900056,0.0,185580.928755,520959.74481400056
594,9936.643802,0.001237,0.0,0.0,9936.642565,80.0,335308.59091559733,0.0,184754.17540426197,520062.7663198593,335378.81605900056,0.0,185580.928755,520959.74481400056
595,9935.042266,0.0,0.0,0.0,9935.042266,80.0,335308.59091559733,0.0,184754.17540426197,520062.7663198593,335378.81605900056,0.0,185580.928755,520959.74481400056
596,9933.440729,0.0,0.0,0.0,9933.440729,80.0,335308.59091559733,0.0,184754.17540426197,520062.7663198593,335378.81605900056,0.0,185580.928755,520959.74481400056
597,9931.839193,0.0,0.0,0.0,9931.839193,80.0,335308.59091559733,0.0,184754.17540426197,520062.7663198593,335378.81605900056,0.0,185580.928755,520959.74481400056
598,9930.140505,0.0,0.0,0.0,9930.140505,80.0,335308.59091559733,0.0,184754.17540426197,520062.7663198593,335378.81605900056,0.0,185580.928755,520959.74481400056
599,9927.938392,0.0,0.0,0.0,9927.938392,80.0,335308.59091559733,0.0,184754.17540426197,520062.7663198593,335378.81605900056,0.0,185580.928755,520959.74481400056
600,9925.73628,0.0,0.0,0.0,9925.73628,80.0,335308.59091559733,0.0,184754.17540426197,520062.7663198593,335378.81605900056,0.0,185580.928755,520959.74481400056
601,9923.534167,0.0,0.0,0.0,9923.534167,80.0,335308.59091559733,0.0,184754.17540426197,520062.7663198593,335378.81605900056,0.0,185580.928755,520959.74481400056
602,9921.332055,0.0,0.0,0.0,9921.332055,80.0,335308.59091559733,0.0,184754.17540426197,520062.7663198593,335378.81605900056,0.0,185580.928755,520959.74481400056
603,9919.129942,0.0,0.0,0.0,9919.129942,80.0,335308.59091559733,0.0,184754.17540426197,520062.7663198593,335378.81605900056,0.0,185580.928755,520959.74481400056
604,9916.92783,0.0,0.0,0.0,9916.92783,80.0,335308.59091559733,0.0,184754.17540426197,520062.7663198593,335378.81605900056,0.0,185580.928755,520959.74481400056
605,9914.725717,0.0,0.0,0.0,9914.725717,80.0,335308.59091559733,0.0,184754.17540426197,520062.7663198593,335378.81605900056,0.0,185580.928755,520959.74481400056
606,9912.523605,0.0041470000000000005,0.0,0.0,9912.519458,80.0,335308.59091559733,0.0,184754.17540426197,520062.7663198593,335378.81605900056,0.0,185580.928755,520959.74481400056
607,9910.321492,0.013595000000000001,0.0,0.0,9910.307896999999,80.0,335308.59091559733,0.0,184754.17540426197,520062.7663198593,335378.81605900056,0.0,185580.928755,520959.74481400056
608,9908.11938,0.022315,0.0,0.0,9908.097065,80.0,335308.59091559733,0.0,184754.17540426197,520062.7663198593,335378.81605900056,0.0,185580.928755,520959.74481400056
609,9905.917267,0.029998999999999998,0.0,0.0,9905.887268,80.0,335308.59091559733,0.0,184754.17540426197,520062.7663198593,335378.81605900056,0.0,185580.928755,520959.74481400056
610,9903.715155,0.035358,0.0,0.0,9903.679797,80.0,335308.59091559733,0.0,184754.17540426197,520062.7663198593,335378.81605900056,0.0,185580.928755,520959.74481400056
611,9901.513042,0.036054,0.0,0.0,9901.476988,80.0,335308.59091559733,0.0,184754.17540426197,520062.7663198593,335378.81605900056,0.0,185580.928755,520959.74481400056
612,9899.31093,0.028801,100.0,0.0,9999.282129,168.0,335308.59091559733,0.0,184754.17540426197,520062.7663198593,335378.81605900056,0.0,185580.928755,520959.74481400056
613,9897.108817,0.027126,100.0,0.0,9997.081691,256.0,335308.59091559733,0.0,184754.17540426197,520062.7663198593,335378.81605900056,0.0,185580.928755,520959.74481400056
614,9894.765628,0.025561,27.2727272727273,0.0,9922.012794272727,280.0,335308.59091559733,0.0,184754.17540426197,520062.7663198593,335378.81605900056,0.0,185580.928755,520959.74481400056
615,9892.363324,0.015465999999999999,0.0,0.0,9892.347858,280.0,335308.59091559733,0.0,184754.17540426197,520062.7663198593,335378.81605900056,0.0,185580.928755,520959.74481400056
616,9889.961019,0.012853,0.0,0.0,9889.948166,280.0,335308.59091559733,0.0,184754.17540426197,520062.7663198593,335378.81605900056,0.0,185580.928755,520959.74481400056
617,9887.558715,0.004249,0.0,0.0,9887.554466,280.0,335308.59091559733,0.0,184754.17540426197,520062.7663198593,335378.81605900056,0.0,185580.928755,520959.74481400056
618,9885.15641,0.000611,0.0,0.0,9885.155799,280.0,335308.59091559733,0.0,184754.17540426197,520062.7663198593,335378.81605900056,0.0,185580.928755,520959.74481400056
619,9882.532952,0.0,0.0,0.0,9882.532952,280.0,335308.59091559733,0.0,184754.17540426197,520062.7663198593,335378.81605900056,0.0,185580.928755,520959.74481400056
620,9879.730264,0.0,0.0,0.0,9879.730264,280.0,335308.59091559733,0.0,184754.17540426197,520062.7663198593,335378.81605900056,0.0,185580.928755,520959.74481400056
621,9876.927575,0.0,0.0,0.0,9876.927575,280.0,335308.59091559733,0.0,184754.17540426197,520062.7663198593,335378.81605900056,0.0,185580.928755,520959.74481400056
622,9874.124886,0.0,0.0,0.0,9874.124886,280.0,335308.59091559733,0.0,184754.17540426197,520062.7663198593,335378.81605900056,0.0,185580.928755,520959.74481400056
623,9871.322198,0.0,0.0,0.0,9871.322198,280.0,335308.59091559733,0.0,184754.17540426197,520062.7663198593,335378.81605900056,0.0,185580.928755,520959.74481400056
624,9869.160124,0.0,0.0,0.0,9869.160124,280.0,335308.59091559733,0.0,184754.17540426197,520062.7663198593,335378.81605900056,0.0,185580.928755,520959.74481400056
625,9867.958971,0.0,0.0,0.0,9867.958971,280.0,335308.59091559733,0.0,184754.17540426197,520062.7663198593,335378.81605900056,0.0,185580.928755,520959.74481400056
626,9866.757819,0.0,0.0,0.0,9866.757819,280.0,335308.59091559733,0.0,184754.17540426197,520062.7663198593,335378.81605900056,0.0,185580.928755,520959.74481400056
627,9865.556667,0.0,0.0,0.0,9865.556667,280.0,335308.59091559733,0.0,184754.17540426197,520062.7663198593,335378.81605900056,0.0,185580.928755,520959.74481400056
628,9864.355515,0.0,0.0,0.0,9864.355515,280.0,335308.59091559733,0.0,184754.17540426197,520062.7663198593,335378.81605900056,0.0,185580.928755,520959.74481400056
629,9863.154362,0.0,0.0,0.0,9863.154362,280.0,335308.59091559733,0.0,184754.17540426197,520062.7663198593,335378.81605900056,0.0,185580.928755,520959.74481400056
630,9861.95321,0.004051,0.0,0.0,9861.949159,280.0,335308.59091559733,0.0,184754.17540426197,520062.7663198593,335378.81605900056,0.0,185580.928755,520959.74481400056
631,9860.752058,0.013745,0.0,0.0,9860.738313,280.0,335308.59091559733,0.0,184754.17540426197,520062.7663198593,335378.81605900056,0.0,185580.928755,520959.74481400056
632,9859.550906,0.022343000000000002,0.0,0.0,9859.528563,280.0,335308.59091559733,0.0,184754.17540426197,520062.7663198593,335378.81605900056,0.0,185580.928755,520959.74481400056
633,9858.349753,0.028888000000000004,0.0,0.0,9858.320865,280.0,335308.59091559733,0.0,184754.17540426197,520062.7663198593,335378.81605900056,0.0,185580.928755,520959.74481400056
634,9857.129524,0.033697000000000005,0.0,0.0,9857.095827,280.0,335308.59091559733,0.0,184754.17540426197,520062.7663198593,335378.81605900056,0.0,185580.928755,520959.74481400056
635,9855.72818,0.034491,0.0,0.0,9855.693689,280.0,335308.59091559733,0.0,184754.17540426197,520062.7663198593,335378.81605900056,0.0,185580.928755,520959.74481400056
636,9854.326835,0.036756000000000004,0.0,0.0,9854.290079,280.0,335308.59091559733,0.0,184754.17540426197,520062.7663198593,335378.81605900056,0.0,185580.928755,520959.74481400056
637,9852.925491,0.032836,0.0,0.0,9852.892655,280.0,335308.59091559733,0.0,184754.17540426197,520062.7663198593,335378.81605900056,0.0,185580.928755,520959.74481400056
638,9851.524147,0.030389,0.0,0.0,9851.493758,280.0,335308.59091559733,0.0,184754.17540426197,520062.7663198593,335378.81605900056,0.0,185580.928755,520959.74481400056
639,9850.122802,0.017318,0.0,0.0,9850.105484,280.0,335308.59091559733,0.0,184754.17540426197,520062.7663198593,335378.81605900056,0.0,185580.928755,520959.74481400056
640,9848.910227,0.005777999999999999,0.0,0.0,9848.904449,280.0,335308.59091559733,0.0,184754.17540426197,520062.7663198593,335378.81605900056,0.0,185580.928755,520959.74481400056
641,9847.709075,0.005024,0.0,0.0,9847.704051,280.0,335308.59091559733,0.0,184754.17540426197,520062.7663198593,335378.81605900056,0.0,185580.928755,520959.74481400056
642,9846.507923,0.0010789999999999999,0.0,0.0,9846.506844,280.0,335308.59091559733,0.0,184754.17540426197,520062.7663198593,335378.81605900056,0.0,185580.928755,520959.74481400056
643,9845.306771,0.0,0.0,0.0,9845.306771,280.0,335308.59091559733,0.0,184754.17540426197,520062.7663198593,335378.81605900056,0.0,185580.928755,520959.74481400056
644,9844.105618,0.0,0.0,0.0,9844.105618,280.0,335308.59091559733,0.0,184754.17540426197,520062.7663198593,335378.81605900056,0.0,185580.928755,520959.74481400056
645,9843.062736,0.0,0.0,0.0,9843.062736,280.0,335308.59091559733,0.0,184754.17540426197,520062.7663198593,335378.81605900056,0.0,185580.928755,520959.74481400056
646,9842.061775,0.0,0.0,0.0,9842.061775,280.0,335308.59091559733,0.0,184754.17540426197,520062.7663198593,335378.81605900056,0.0,185580.928755,520959.74481400056
647,9841.060815,0.0,0.0,0.0,9841.060815,280.0,335308.59091559733,0.0,184754.17540426197,520062.7663198593,335378.81605900056,0.0,185580.928755,520959.74481400056
648,9840.059855,0.0,0.0,0.0,9840.059855,280.0,335308.59091559733,0.0,184754.17540426197,520062.7663198593,335378.81605900056,0.0,185580.928755,520959.74481400056
649,9839.058895,0.0,0.0,0.0,9839.058895,280.0,335308.59091559733,0.0,184754.17540426197,520062.7663198593,335378.81605900056,0.0,185580.928755,520959.74481400056
650,9838.057934,0.0,0.0,0.0,9838.057934,280.0,335308.59091559733,0.0,184754.17540426197,520062.7663198593,335378.81605900056,0.0,185580.928755,520959.74481400056
651,9837.056974,0.0,0.0,0.0,9837.056974,280.0,335308.59091559733,0.0,184754.17540426197,520062.7663198593,335378.81605900056,0.0,185580.928755,520959.74481400056
652,9836.056014,0.0,0.0,0.0,9836.056014,280.0,335308.59091559733,0.0,184754.17540426197,520062.7663198593,335378.81605900056,0.0,185580.928755,520959.74481400056
653,9835.055054,0.001583,0.0,0.0,9835.053471000001,280.0,335308.59091559733,0.0,184754.17540426197,520062.7663198593,335378.81605900056,0.0,185580.928755,520959.74481400056
654,9834.054094,0.004995,0.0,0.0,9834.049099,280.0,335308.59091559733,0.0,184754.17540426197,520062.7663198593,335378.81605900056,0.0,185580.928755,520959.74481400056
655,9832.955864,0.012593,0.0,0.0,9832.943271,280.0,335308.59091559733,0.0,184754.17540426197,520062.7663198593,335378.81605900056,0.0,185580.928755,520959.74481400056
656,9831.754711,0.020845,100.0,0.0,9931.733866,368.0,335308.59091559733,0.0,184754.17540426197,520062.7663198593,335378.81605900056,0.0,185580.928755,520959.74481400056
657,9830.553559,0.028432,100.0,0.0,9930.525127,456.0,335308.59091559733,0.0,184754.17540426197,520062.7663198593,335378.81605900056,0.0,185580.928755,520959.74481400056
658,9829.352407,0.032718000000000004,100.0,0.0,9929.319689,544.0,335308.59091559733,0.0,184754.17540426197,520062.7663198593,335378.81605900056,0.0,185580.928755,520959.74481400056
659,9828.151254,0.036557000000000006,100.0,0.0,9928.114697,632.0,335308.59091559733,0.0,184754.17540426197,520062.7663198593,335378.81605900056,0.0,185580.928755,520959.74481400056
660,9826.950102,0.032985,100.0,0.0,9926.917117,720.0,335308.59091559733,0.0,184754.17540426197,520062.7663198593,335378.81605900056,0.0,185580.928755,520959.74481400056
661,9825.74895,0.033194,0.0,100.0,9725.715756,620.0,335308.59091559733,0.0,184754.17540426197,520062.7663198593,335378.81605900056,0.0,185580.928755,520959.74481400056
662,9824.547798,0.022666000000000002,0.0,100.0,9724.525131999999,520.0,335308.59091559733,0.0,184754.17540426197,520062.7663198593,335378.81605900056,0.0,185580.928755,520959.74481400056
663,9823.346645,0.004017000000000001,0.0,100.0,9723.342628,420.0,335308.59091559733,0.0,184754.17540426197,520062.7663198593,335378.81605900056,0.0,185580.928755,520959.74481400056
664,9822.145493,0.002863,0.0,100.0,9722.14263,320.0,335308.59091559733,0.0,184754.17540426197,520062.7663198593,335378.81605900056,0.0,185580.928755,520959.74481400056
665,9820.871801,0.0018280000000000002,0.0,100.0,9720.869972999999,220.0,335308.59091559733,0.0,184754.17540426197,520062.7663198593,335378.81605900056,0.0,185580.928755,520959.74481400056
666,9819.270264,0.001175,0.0,100.0,9719.269089000001,120.0,335308.59091559733,0.0,184754.17540426197,520062.7663198593,335378.81605900056,0.0,185580.928755,520959.74481400056
667,9817.668728,0.0,0.0,40.0,9777.668728,80.0,335308.59091559733,0.0,184754.17540426197,520062.7663198593,335378.81605900056,0.0,185580.928755,520959.74481400056
668,9816.067192,0.0,0.0,0.0,9816.067192,80.0,335308.59091559733,0.0,184754.17540426197,520062.7663198593,335378.81605900056,0.0,185580.928755,520959.74481400056
669,9814.465655,0.0,100.0,0.0,9914.465655,168.0,335308.59091559733,0.0,184754.17540426197,520062.7663198593,335378.81605900056,0.0,185580.928755,520959.74481400056
670,9812.858349,0.0,100.0,0.0,9912.858349,256.0,335308.59091559733,0.0,184754.17540426197,520062.7663198593,335378.81605900056,0.0,185580.928755,520959.74481400056
671,9811.05662,0.0,27.2727272727273,0.0,9838.329347272727,280.0,335308.59091559733,0.0,184754.17540426197,520062.7663198593,335378.81605900056,0.0,185580.928755,520959.74481400056
672,9809.254892,0.0,0.0,0.0,9809.254892,280.0,335308.59091559733,0.0,184754.17540426197,520062.7663198593,335378.81605900056,0.0,185580.928755,520959.74481400056
673,9807.453163,0.0,0.0,0.0,9807.453163,280.0,335308.59091559733,0.0,184754.17540426197,520062.7663198593,335378.81605900056,0.0,185580.928755,520959.74481400056
674,9805.651435,0.0,0.0,0.0,9805.651435,280.0,335308.59091559733,0.0,184754.17540426197,520062.7663198593,335378.81605900056,0.0,185580.928755,520959.74481400056
675,9803.849707,0.0,0.0,0.0,9803.849707,280.0,335308.59091559733,0.0,184754.17540426197,520062.7663198593,335378.81605900056,0.0,185580.928755,520959.74481400056
676,9802.223441,0.0,0.0,0.0,9802.223441,280.0,335308.59091559733,0.0,184754.17540426197,520062.7663198593,335378.81605900056,0.0,185580.928755,520959.74481400056
677,9800.621904,0.0011140000000000002,0.0,0.0,9800.620789999999,280.0,335308.59091559733,0.0,184754.17540426197,520062.7663198593,335378.81605900056,0.0,185580.928755,520959.74481400056
678,9799.020368,0.004019,0.0,0.0,9799.016349,280.0,335308.59091559733,0.0,184754.17540426197,520062.7663198593,335378.81605900056,0.0,185580.928755,520959.74481400056
679,9797.418832,0.013628000000000001,0.0,0.0,9797.405203999999,280.0,335308.59091559733,0.0,184754.17540426197,520062.7663198593,335378.81605900056,0.0,185580.928755,520959.74481400056
680,9795.817295,0.022390999999999998,100.0,0.0,9895.794904,368.0,335308.59091559733,0.0,184754.17540426197,520062.7663198593,335378.81605900056,0.0,185580.928755,520959.74481400056
681,9794.070796,0.029681000000000003,100.0,0.0,9894.041115,456.0,335308.59091559733,0.0,184754.17540426197,520062.7663198593,335378.81605900056,0.0,185580.928755,520959.74481400056
682,9792.269068,0.034582999999999996,100.0,0.0,9892.234484999999,544.0,335308.59091559733,0.0,184754.17540426197,520062.7663198593,335378.81605900056,0.0,185580.928755,520959.74481400056
683,9790.46734,0.036799,100.0,0.0,9890.430541,632.0,335308.59091559733,0.0,184754.17540426197,520062.7663198593,335378.81605900056,0.0,185580.928755,520959.74481400056
684,9788.665611,0.036079,100.0,0.0,9888.629532,720.0,335308.59091559733,0.0,184754.17540426197,520062.7663198593,335378.81605900056,0.0,185580.928755,520959.74481400056
685,9786.863883,0.026105,0.0,100.0,9686.837778,620.0,335308.59091559733,0.0,184754.17540426197,520062.7663198593,335378.81605900056,0.0,185580.928755,520959.74481400056
686,9785.176617,0.023981000000000002,0.0,100.0,9685.152635999999,520.0,335308.59091559733,0.0,184754.17540426197,520062.7663198593,335378.81605900056,0.0,185580.928755,520959.74481400056
687,9783.575081,0.02088,0.0,100.0,9683.554201,420.0,335308.59091559733,0.0,184754.17540426197,520062.7663198593,335378.81605900056,0.0,185580.928755,520959.74481400056
688,9781.973544,0.014489000000000002,0.0,100.0,9681.959055000001,320.0,335308.59091559733,0.0,184754.17540426197,520062.7663198593,335378.81605900056,0.0,185580.928755,520959.74481400056
689,9780.372008,0.0036850000000000003,0.0,100.0,9680.368323,220.0,335308.59091559733,0.0,184754.17540426197,520062.7663198593,335378.81605900056,0.0,185580.928755,520959.74481400056
690,9778.770472,0.00027200000000000005,0.0,100.0,9678.7702,120.0,335308.59091559733,0.0,184754.17540426197,520062.7663198593,335378.81605900056,0.0,185580.928755,520959.74481400056
691,9777.336861,0.0,0.0,40.0,9737.336861,80.0,335308.59091559733,0.0,184754.17540426197,520062.7663198593,335378.81605900056,0.0,185580.928755,520959.74481400056
692,9776.135709,0.0,0.0,0.0,9776.135709,80.0,335308.59091559733,0.0,184754.17540426197,520062.7663198593,335378.81605900056,0.0,185580.928755,520959.74481400056
693,9774.934557,0.0,100.0,0.0,9874.934557,168.0,335308.59091559733,0.0,184754.17540426197,520062.7663198593,335378.81605900056,0.0,185580.928755,520959.74481400056
694,9773.733404,0.0,100.0,0.0,9873.733404,256.0,335308.59091559733,0.0,184754.17540426197,520062.7663198593,335378.81605900056,0.0,185580.928755,520959.74481400056
695,9772.532252,0.0,27.2727272727273,0.0,9799.804979272729,280.0,335308.59091559733,0.0,184754.17540426197,520062.7663198593,335378.81605900056,0.0,185580.928755,520959.74481400056
696,9771.384563,0.0,0.0,0.0,9771.384563,280.0,335308.59091559733,0.0,184754.17540426197,520062.7663198593,335378.81605900056,0.0,185580.928755,520959.74481400056
697,9770.383603,0.0,0.0,0.0,9770.383603,280.0,335308.59091559733,0.0,184754.17540426197,520062.7663198593,335378.81605900056,0.0,185580.928755,520959.74481400056
698,9769.382642,0.0,0.0,0.0,9769.382642,280.0,335308.59091559733,0.0,184754.17540426197,520062.7663198593,335378.81605900056,0.0,185580.928755,520959.74481400056
699,9768.381682,0.0,0.0,0.0,9768.381682,280.0,335308.59091559733,0.0,184754.17540426197,520062.7663198593,335378.81605900056,0.0,185580.928755,520959.74481400056
700,9767.380722,0.0,0.0,0.0,9767.380722,280.0,335308.59091559733,0.0,184754.17540426197,520062.7663198593,335378.81605900056,0.0,185580.928755,520959.74481400056
701,9766.379762,0.000413,0.0,0.0,9766.379349,280.0,335308.59091559733,0.0,184754.17540426197,520062.7663198593,335378.81605900056,0.0,185580.928755,520959.74481400056
702,9765.378801,0.005452,0.0,0.0,9765.373349000001,280.0,335308.59091559733,0.0,184754.17540426197,520062.7663198593,335378.81605900056,0.0,185580.928755,520959.74481400056
703,9764.377841,0.011722,0.0,0.0,9764.366119,280.0,335308.59091559733,0.0,184754.17540426197,520062.7663198593,335378.81605900056,0.0,185580.928755,520959.74481400056
704,9763.376881,0.019562000000000003,100.0,0.0,9863.357319,368.0,335308.59091559733,0.0,184754.17540426197,520062.7663198593,335378.81605900056,0.0,185580.928755,520959.74481400056
705,9762.375921,0.02736,100.0,0.0,9862.348561,456.0,335308.59091559733,0.0,184754.17540426197,520062.7663198593,335378.81605900056,0.0,185580.928755,520959.74481400056
706,9761.374961,0.033074,100.0,0.0,9861.341886999999,544.0,335308.59091559733,0.0,184754.17540426197,520062.7663198593,335378.81605900056,0.0,185580.928755,520959.74481400056
707,9759.98869,0.035709000000000005,100.0,0.0,9859.952981,632.0,335308.59091559733,0.0,184754.17540426197,520062.7663198593,335378.81605900056,0.0,185580.928755,520959.74481400056
708,9758.587345,0.035697000000000007,100.0,0.0,9858.551648,720.0,335308.59091559733,0.0,184754.17540426197,520062.7663198593,335378.81605900056,0.0,185580.928755,520959.74481400056
709,9757.186001,0.033132,0.0,100.0,9657.152869,620.0,335308.59091559733,0.0,184754.17540426197,520062.7663198593,335378.81605900056,0.0,185580.928755,520959.74481400056
710,9755.784657,0.027983,0.0,100.0,9655.756674,520.0,335308.59091559733,0.0,184754.17540426197,520062.7663198593,335378.81605900056,0.0,185580.928755,520959.74481400056
711,9754.383312,0.007846,0.0,100.0,9654.375466,420.0,335308.59091559733,0.0,184754.17540426197,520062.7663198593,335378.81605900056,0.0,185580.928755,520959.74481400056
712,9753.306279,0.005897,0.0,100.0,9653.300382000001,320.0,335308.59091559733,0.0,184754.17540426197,520062.7663198593,335378.81605900056,0.0,185580.928755,520959.74481400056
713,9752.305319,0.003932,0.0,100.0,9652.301387,220.0,335308.59091559733,0.0,184754.17540426197,520062.7663198593,335378.81605900056,0.0,185580.928755,520959.74481400056
714,9751.304359,0.000264,0.0,100.0,9651.304095,120.0,335308.59091559733,0.0,184754.17540426197,520062.7663198593,335378.81605900056,0.0,185580.928755,520959.74481400056
715,9750.303398,0.0,0.0,40.0,9710.303398,80.0,335308.59091559733,0.0,184754.17540426197,520062.7663198593,335378.81605900056,0.0,185580.928755,520959.74481400056
716,9749.302438,0.0,0.0,0.0,9749.302438,80.0,335308.59091559733,0.0,184754.17540426197,520062.7663198593,335378.81605900056,0.0,185580.928755,520959.74481400056
717,9748.169822,0.0,100.0,0.0,9848.169822,168.0,335308.59091559733,0.0,184754.17540426197,520062.7663198593,335378.81605900056,0.0,185580.928755,520959.74481400056
718,9746.96867,0.0,100.0,0.0,9846.96867,256.0,335308.59091559733,0.0,184754.17540426197,520062.7663198593,335378.81605900056,0.0,185580.928755,520959.74481400056
719,9745.767518,0.0,27.2727272727273,0.0,9773.040245272728,280.0,335308.59091559733,0.0,184754.17540426197,520062.7663198593,335378.81605900056,0.0,185580.928755,520959.74481400056
720,9744.566366,0.0,0.0,0.0,9744.566366,280.0,335308.59091559733,0.0,184754.17540426197,520062.7663198593,335378.81605900056,0.0,185580.928755,520959.74481400056
721,9743.365213,0.0,0.0,0.0,9743.365213,280.0,335308.59091559733,0.0,184754.17540426197,520062.7663198593,335378.81605900056,0.0,185580.928755,520959.74481400056
722,9742.062905,0.0,0.0,0.0,9742.062905,280.0,335308.59091559733,0.0,184754.17540426197,520062.7663198593,335378.81605900056,0.0,185580.928755,520959.74481400056
723,9740.661561,0.0,0.0,0.0,9740.661561,280.0,335308.59091559733,0.0,184754.17540426197,520062.7663198593,335378.81605900056,0.0,185580.928755,520959.74481400056
724,9739.260216,0.0,0.0,0.0,9739.260216,280.0,335308.59091559733,0.0,184754.17540426197,520062.7663198593,335378.81605900056,0.0,185580.928755,520959.74481400056
725,9737.858872,0.00040899999999999997,0.0,0.0,9737.858463,280.0,335308.59091559733,0.0,184754.17540426197,520062.7663198593,335378.81605900056,0.0,185580.928755,520959.74481400056
726,9736.457528,0.002125,0.0,0.0,9736.455403,280.0,335308.59091559733,0.0,184754.17540426197,520062.7663198593,335378.81605900056,0.0,185580.928755,520959.74481400056
727,9734.985528,0.0053750000000000004,0.0,0.0,9734.980152999999,280.0,335308.59091559733,0.0,184754.17540426197,520062.7663198593,335378.81605900056,0.0,185580.928755,520959.74481400056
728,9733.383991,0.014461,100.0,0.0,9833.36953,368.0,335308.59091559733,0.0,184754.17540426197,520062.7663198593,335378.81605900056,0.0,185580.928755,520959.74481400056
729,9731.782455,0.028704999999999998,100.0,0.0,9831.75375,456.0,335308.59091559733,0.0,184754.17540426197,520062.7663198593,335378.81605900056,0.0,185580.928755,520959.74481400056
730,9730.180918,0.030188,100.0,0.0,9830.15073,544.0,335308.59091559733,0.0,184754.17540426197,520062.7663198593,335378.81605900056,0.0,185580.928755,520959.74481400056
731,9728.579382,0.029767000000000002,100.0,0.0,9828.549615,632.0,335308.59091559733,0.0,184754.17540426197,520062.7663198593,335378.81605900056,0.0,185580.928755,520959.74481400056
732,9726.977846,0.03504,100.0,0.0,9826.942806,720.0,335308.59091559733,0.0,184754.17540426197,520062.7663198593,335378.81605900056,0.0,185580.928755,520959.74481400056
733,9725.376309,0.03622,0.0,100.0,9625.340089,620.0,335308.59091559733,0.0,184754.17540426197,520062.7663198593,335378.81605900056,0.0,185580.928755,520959.74481400056
734,9723.774773,0.021242,0.0,100.0,9623.753530999998,520.0,335308.59091559733,0.0,184754.17540426197,520062.7663198593,335378.81605900056,0.0,185580.928755,520959.74481400056
735,9722.173237,0.015025,0.0,100.0,9622.158212,420.0,335308.59091559733,0.0,184754.17540426197,520062.7663198593,335378.81605900056,0.0,185580.928755,520959.74481400056
736,9720.5717,0.0129,0.0,100.0,9620.5588,320.0,335308.59091559733,0.0,184754.17540426197,520062.7663198593,335378.81605900056,0.0,185580.928755,520959.74481400056
737,9718.999133,0.003983,0.0,100.0,9618.995149999999,220.0,335308.59091559733,0.0,184754.17540426197,520062.7663198593,335378.81605900056,0.0,185580.928755,520959.74481400056
738,9717.998173,0.001325,0.0,84.0,9633.996848,136.0,335308.59091559733,0.0,184754.17540426197,520062.7663198593,335378.81605900056,0.0,185580.928755,520959.74481400056
739,9716.997213,0.0,0.0,0.0,9716.997213,136.0,335308.59091559733,0.0,184754.17540426197,520062.7663198593,335378.81605900056,0.0,185580.928755,520959.74481400056
740,9715.996252,0.0,0.0,0.0,9715.996252,136.0,335308.59091559733,0.0,184754.17540426197,520062.7663198593,335378.81605900056,0.0,185580.928755,520959.74481400056
741,9714.995292,0.0,100.0,0.0,9814.995292,224.0,335308.59091559733,0.0,184754.17540426197,520062.7663198593,335378.81605900056,0.0,185580.928755,520959.74481400056
742,9713.994332,0.0,100.0,0.0,9813.994332,312.0,335308.59091559733,0.0,184754.17540426197,520062.7663198593,335378.81605900056,0.0,185580.928755,520959.74481400056
743,9713.17272,0.0,100.0,0.0,9813.17272,400.0,335308.59091559733,0.0,184754.17540426197,520062.7663198593,335378.81605900056,0.0,185580.928755,520959.74481400056
