time,Pload,Ppv,Pcharge,Pdischarge,Ptotal,state of charge,energy_charge_with_es,nem_charge_with_es,demand_charge_with_es,total_bill_with_es,energy_charge_without_es,nem_charge_without_es,demand_charge_without_es,total_bill_without_es
0,9876.466662,0.0,0.0,0.0,9876.466662,200.0,348658.52798421704,0.0,190472.475607822,539131.003592039,348725.20538427273,0.0,190892.09454166002,539617.2999259328
1,9875.866086,0.0,0.0,0.0,9875.866086,200.0,348658.52798421704,0.0,190472.475607822,539131.003592039,348725.20538427273,0.0,190892.09454166002,539617.2999259328
2,9874.51373,0.0,0.0,0.0,9874.51373,200.0,348658.52798421704,0.0,190472.475607822,539131.003592039,348725.20538427273,0.0,190892.09454166002,539617.2999259328
3,9873.112386,0.0,0.0,0.0,9873.112386,200.0,348658.52798421704,0.0,190472.475607822,539131.003592039,348725.20538427273,0.0,190892.09454166002,539617.2999259328
4,9871.711041,0.0,0.0,0.0,9871.711041,200.0,348658.52798421704,0.0,190472.475607822,539131.003592039,348725.20538427273,0.0,190892.09454166002,539617.2999259328
5,9870.309697,0.0,0.0,0.0,9870.309697,200.0,348658.52798421704,0.0,190472.475607822,539131.003592039,348725.20538427273,0.0,190892.09454166002,539617.2999259328
6,9868.908353,0.0,0.0,0.0,9868.908353,200.0,348658.52798421704,0.0,190472.475607822,539131.003592039,348725.20538427273,0.0,190892.09454166002,539617.2999259328
7,9867.821899,0.0,0.0,0.0,9867.821899,200.0,348658.52798421704,0.0,190472.475607822,539131.003592039,348725.20538427273,0.0,190892.09454166002,539617.2999259328
8,9866.820939,0.012304,0.0,0.0,9866.808635,200.0,348658.52798421704,0.0,190472.475607822,539131.003592039,348725.20538427273,0.0,190892.09454166002,539617.2999259328
9,9865.819978,0.028413,0.0,0.0,9865.791565,200.0,348658.52798421704,0.0,190472.475607822,539131.003592039,348725.20538427273,0.0,190892.09454166002,539617.2999259328
10,9864.819018,0.006582,0.0,0.0,9864.812436,200.0,348658.52798421704,0.0,190472.475607822,539131.003592039,348725.20538427273,0.0,190892.09454166002,539617.2999259328
11,9863.818058,0.017794,0.0,0.0,9863.800264000001,200.0,348658.52798421704,0.0,190472.475607822,539131.003592039,348725.20538427273,0.0,190892.09454166002,539617.2999259328
12,9862.817098,0.031283000000000005,0.0,0.0,9862.785815,200.0,348658.52798421704,0.0,190472.475607822,539131.003592039,348725.20538427273,0.0,190892.09454166002,539617.2999259328
13,9861.816137,0.023627,0.0,0.0,9861.79251,200.0,348658.52798421704,0.0,190472.475607822,539131.003592039,348725.20538427273,0.0,190892.09454166002,539617.2999259328
14,9860.815177,0.012162000000000001,0.0,0.0,9860.803015,200.0,348658.52798421704,0.0,190472.475607822,539131.003592039,348725.20538427273,0.0,190892.09454166002,539617.2999259328
15,9859.814217,0.015036,0.0,0.0,9859.799180999998,200.0,348658.52798421704,0.0,190472.475607822,539131.003592039,348725.20538427273,0.0,190892.09454166002,539617.2999259328
16,9858.813257,0.002523,0.0,0.0,9858.810734,200.0,348658.52798421704,0.0,190472.475607822,539131.003592039,348725.20538427273,0.0,190892.09454166002,539617.2999259328
17,9857.812297,0.0,0.0,0.0,9857.812297,200.0,348658.52798421704,0.0,190472.475607822,539131.003592039,348725.20538427273,0.0,190892.09454166002,539617.2999259328
18,9856.811336,0.0,0.0,0.0,9856.811336,200.0,348658.52798421704,0.0,190472.475607822,539131.003592039,348725.20538427273,0.0,190892.09454166002,539617.2999259328
19,9855.810376,0.0,0.0,0.0,9855.810376,200.0,348658.52798421704,0.0,190472.475607822,539131.003592039,348725.20538427273,0.0,190892.09454166002,539617.2999259328
20,9854.809416,0.0,0.0,0.0,9854.809416,200.0,348658.52798421704,0.0,190472.475607822,539131.003592039,348725.20538427273,0.0,190892.09454166002,539617.2999259328
21,9853.808456,0.0,0.0,0.0,9853.808456,200.0,348658.52798421704,0.0,190472.475607822,539131.003592039,348725.20538427273,0.0,190892.09454166002,539617.2999259328
22,9852.74155,0.0,0.0,0.0,9852.74155,200.0,348658.52798421704,0.0,190472.475607822,539131.003592039,348725.20538427273,0.0,190892.09454166002,539617.2999259328
23,9851.540398,0.0,0.0,0.0,9851.540398,200.0,348658.52798421704,0.0,190472.475607822,539131.003592039,348725.20538427273,0.0,190892.09454166002,539617.2999259328
24,9850.339245,0.0,0.0,0.0,9850.339245,200.0,348658.52798421704,0.0,190472.475607822,539131.003592039,348725.20538427273,0.0,190892.09454166002,539617.2999259328
25,9849.138093,0.0,0.0,0.0,9849.138093,200.0,348658.52798421704,0.0,190472.475607822,539131.003592039,348725.20538427273,0.0,190892.09454166002,539617.2999259328
26,9847.936941,0.0,0.0,0.0,9847.936941,200.0,348658.52798421704,0.0,190472.475607822,539131.003592039,348725.20538427273,0.0,190892.09454166002,539617.2999259328
27,9846.80668,0.0,0.0,0.0,9846.80668,200.0,348658.52798421704,0.0,190472.475607822,539131.003592039,348725.20538427273,0.0,190892.09454166002,539617.2999259328
28,9846.005912,0.0,0.0,0.0,9846.005912,200.0,348658.52798421704,0.0,190472.475607822,539131.003592039,348725.20538427273,0.0,190892.09454166002,539617.2999259328
29,9845.205144,0.0,181.818181818182,0.0,10027.023325818182,360.0,348658.52798421704,0.0,190472.475607822,539131.003592039,348725.20538427273,0.0,190892.09454166002,539617.2999259328
30,9844.404376,0.0,0.0,320.0,9524.404376,40.0,348658.52798421704,0.0,190472.475607822,539131.003592039,348725.20538427273,0.0,190892.09454166002,539617.2999259328
31,9843.603607,0.0,0.0,0.0,9843.603607,40.0,348658.52798421704,0.0,190472.475607822,539131.003592039,348725.20538427273,0.0,190892.09454166002,539617.2999259328
32,9842.797893,0.003467,0.0,0.0,9842.794426,40.0,348658.52798421704,0.0,190472.475607822,539131.003592039,348725.20538427273,0.0,190892.09454166002,539617.2999259328
33,9841.796933,0.030414000000000004,0.0,0.0,9841.766518999999,40.0,348658.52798421704,0.0,190472.475607822,539131.003592039,348725.20538427273,0.0,190892.09454166002,539617.2999259328
34,9840.795973,0.032741,0.0,0.0,9840.763232,40.0,348658.52798421704,0.0,190472.475607822,539131.003592039,348725.20538427273,0.0,190892.09454166002,539617.2999259328
35,9839.795013,0.032521,0.0,0.0,9839.762492000002,40.0,348658.52798421704,0.0,190472.475607822,539131.003592039,348725.20538427273,0.0,190892.09454166002,539617.2999259328
36,9838.794052,0.035648000000000006,0.0,0.0,9838.758404,40.0,348658.52798421704,0.0,190472.475607822,539131.003592039,348725.20538427273,0.0,190892.09454166002,539617.2999259328
37,9837.793092,0.033394,0.0,0.0,9837.759698,40.0,348658.52798421704,0.0,190472.475607822,539131.003592039,348725.20538427273,0.0,190892.09454166002,539617.2999259328
38,9836.96677,0.028274999999999998,0.0,0.0,9836.938495,40.0,348658.52798421704,0.0,190472.475607822,539131.003592039,348725.20538427273,0.0,190892.09454166002,539617.2999259328
39,9836.166002,0.01787,0.0,0.0,9836.148132,40.0,348658.52798421704,0.0,190472.475607822,539131.003592039,348725.20538427273,0.0,190892.09454166002,539617.2999259328
40,9835.365234,0.0052569999999999995,363.636363636364,0.0,10198.996340636364,360.0,348658.52798421704,0.0,190472.475607822,539131.003592039,348725.20538427273,0.0,190892.09454166002,539617.2999259328
41,9834.564465,0.0,0.0,320.0,9514.564465,40.0,348658.52798421704,0.0,190472.475607822,539131.003592039,348725.20538427273,0.0,190892.09454166002,539617.2999259328
42,9833.763697,0.0,0.0,0.0,9833.763697,40.0,348658.52798421704,0.0,190472.475607822,539131.003592039,348725.20538427273,0.0,190892.09454166002,539617.2999259328
43,9832.962929,0.0,0.0,0.0,9832.962929,40.0,348658.52798421704,0.0,190472.475607822,539131.003592039,348725.20538427273,0.0,190892.09454166002,539617.2999259328
44,9832.162161,0.0,0.0,0.0,9832.162161,40.0,348658.52798421704,0.0,190472.475607822,539131.003592039,348725.20538427273,0.0,190892.09454166002,539617.2999259328
45,9831.361393,0.0,0.0,0.0,9831.361393,40.0,348658.52798421704,0.0,190472.475607822,539131.003592039,348725.20538427273,0.0,190892.09454166002,539617.2999259328
46,9830.560625,0.0,0.0,0.0,9830.560625,40.0,348658.52798421704,0.0,190472.475607822,539131.003592039,348725.20538427273,0.0,190892.09454166002,539617.2999259328
47,9829.759856,0.0,0.0,0.0,9829.759856,40.0,348658.52798421704,0.0,190472.475607822,539131.003592039,348725.20538427273,0.0,190892.09454166002,539617.2999259328
48,9829.300004,0.0,0.0,0.0,9829.300004,40.0,348658.52798421704,0.0,190472.475607822,539131.003592039,348725.20538427273,0.0,190892.09454166002,539617.2999259328
49,9829.099811,0.0,0.0,0.0,9829.099811,40.0,348658.52798421704,0.0,190472.475607822,539131.003592039,348725.20538427273,0.0,190892.09454166002,539617.2999259328
50,9828.899619,0.0,0.0,0.0,9828.899619,40.0,348658.52798421704,0.0,190472.475607822,539131.003592039,348725.20538427273,0.0,190892.09454166002,539617.2999259328
51,9828.699427,0.0,0.0,0.0,9828.699427,40.0,348658.52798421704,0.0,190472.475607822,539131.003592039,348725.20538427273,0.0,190892.09454166002,539617.2999259328
52,9828.499235,0.0,0.0,0.0,9828.499235,40.0,348658.52798421704,0.0,190472.475607822,539131.003592039,348725.20538427273,0.0,190892.09454166002,539617.2999259328
53,9828.299043,0.0,363.636363636364,0.0,10191.935406636365,360.0,348658.52798421704,0.0,190472.475607822,539131.003592039,348725.20538427273,0.0,190892.09454166002,539617.2999259328
54,9828.098851,0.0,0.0,320.0,9508.098851,40.0,348658.52798421704,0.0,190472.475607822,539131.003592039,348725.20538427273,0.0,190892.09454166002,539617.2999259328
55,9827.898659,0.0,0.0,0.0,9827.898659,40.0,348658.52798421704,0.0,190472.475607822,539131.003592039,348725.20538427273,0.0,190892.09454166002,539617.2999259328
56,9827.698467,0.012853999999999999,0.0,0.0,9827.685613,40.0,348658.52798421704,0.0,190472.475607822,539131.003592039,348725.20538427273,0.0,190892.09454166002,539617.2999259328
57,9827.498275,0.002488,0.0,0.0,9827.495787,40.0,348658.52798421704,0.0,190472.475607822,539131.003592039,348725.20538427273,0.0,190892.09454166002,539617.2999259328
58,9827.350722,0.0030910000000000004,0.0,0.0,9827.347630999999,40.0,348658.52798421704,0.0,190472.475607822,539131.003592039,348725.20538427273,0.0,190892.09454166002,539617.2999259328
59,9827.350722,0.014156,0.0,0.0,9827.336566,40.0,348658.52798421704,0.0,190472.475607822,539131.003592039,348725.20538427273,0.0,190892.09454166002,539617.2999259328
60,9827.350722,0.007221,0.0,0.0,9827.343501,40.0,348658.52798421704,0.0,190472.475607822,539131.003592039,348725.20538427273,0.0,190892.09454166002,539617.2999259328
61,9827.350722,0.005687,0.0,0.0,9827.345034999998,40.0,348658.52798421704,0.0,190472.475607822,539131.003592039,348725.20538427273,0.0,190892.09454166002,539617.2999259328
62,9827.350722,0.004176999999999999,0.0,0.0,9827.346544999999,40.0,348658.52798421704,0.0,190472.475607822,539131.003592039,348725.20538427273,0.0,190892.09454166002,539617.2999259328
63,9827.372861,0.004094,0.0,0.0,9827.368767,40.0,348658.52798421704,0.0,190472.475607822,539131.003592039,348725.20538427273,0.0,190892.09454166002,539617.2999259328
64,9827.573053,0.000365,363.636363636364,0.0,10191.209051636364,360.0,348658.52798421704,0.0,190472.475607822,539131.003592039,348725.20538427273,0.0,190892.09454166002,539617.2999259328
65,9827.773245,0.0,0.0,320.0,9507.773245,40.0,348658.52798421704,0.0,190472.475607822,539131.003592039,348725.20538427273,0.0,190892.09454166002,539617.2999259328
66,9827.973437,0.0,0.0,0.0,9827.973437,40.0,348658.52798421704,0.0,190472.475607822,539131.003592039,348725.20538427273,0.0,190892.09454166002,539617.2999259328
67,9828.173629,0.0,0.0,0.0,9828.173629,40.0,348658.52798421704,0.0,190472.475607822,539131.003592039,348725.20538427273,0.0,190892.09454166002,539617.2999259328
68,9828.373821,0.0,0.0,0.0,9828.373821,40.0,348658.52798421704,0.0,190472.475607822,539131.003592039,348725.20538427273,0.0,190892.09454166002,539617.2999259328
69,9828.574013,0.0,0.0,0.0,9828.574013,40.0,348658.52798421704,0.0,190472.475607822,539131.003592039,348725.20538427273,0.0,190892.09454166002,539617.2999259328
70,9828.774205,0.0,0.0,0.0,9828.774205,40.0,348658.52798421704,0.0,190472.475607822,539131.003592039,348725.20538427273,0.0,190892.09454166002,539617.2999259328
71,9828.974397,0.0,0.0,0.0,9828.974397,40.0,348658.52798421704,0.0,190472.475607822,539131.003592039,348725.20538427273,0.0,190892.09454166002,539617.2999259328
72,9829.174589,0.0,0.0,0.0,9829.174589,40.0,348658.52798421704,0.0,190472.475607822,539131.003592039,348725.20538427273,0.0,190892.09454166002,539617.2999259328
73,9829.374781,0.0,0.0,0.0,9829.374781,40.0,348658.52798421704,0.0,190472.475607822,539131.003592039,348725.20538427273,0.0,190892.09454166002,539617.2999259328
74,9829.413642,0.0,0.0,0.0,9829.413642,40.0,348658.52798421704,0.0,190472.475607822,539131.003592039,348725.20538427273,0.0,190892.09454166002,539617.2999259328
75,9829.413642,0.0,0.0,0.0,9829.413642,40.0,348658.52798421704,0.0,190472.475607822,539131.003592039,348725.20538427273,0.0,190892.09454166002,539617.2999259328
76,9829.413642,0.0,0.0,0.0,9829.413642,40.0,348658.52798421704,0.0,190472.475607822,539131.003592039,348725.20538427273,0.0,190892.09454166002,539617.2999259328
77,9829.413642,0.0,363.636363636364,0.0,10193.050005636363,360.0,348658.52798421704,0.0,190472.475607822,539131.003592039,348725.20538427273,0.0,190892.09454166002,539617.2999259328
78,9829.413642,0.0,0.0,320.0,9509.413642,40.0,348658.52798421704,0.0,190472.475607822,539131.003592039,348725.20538427273,0.0,190892.09454166002,539617.2999259328
79,9829.413642,0.0,0.0,0.0,9829.413642,40.0,348658.52798421704,0.0,190472.475607822,539131.003592039,348725.20538427273,0.0,190892.09454166002,539617.2999259328
80,9829.413642,0.014273,0.0,0.0,9829.399368999999,40.0,348658.52798421704,0.0,190472.475607822,539131.003592039,348725.20538427273,0.0,190892.09454166002,539617.2999259328
81,9829.413642,0.022481,0.0,0.0,9829.391161,40.0,348658.52798421704,0.0,190472.475607822,539131.003592039,348725.20538427273,0.0,190892.09454166002,539617.2999259328
82,9829.413642,0.027472000000000003,0.0,0.0,9829.38617,40.0,348658.52798421704,0.0,190472.475607822,539131.003592039,348725.20538427273,0.0,190892.09454166002,539617.2999259328
83,9829.413642,0.0353,0.0,0.0,9829.378342,40.0,348658.52798421704,0.0,190472.475607822,539131.003592039,348725.20538427273,0.0,190892.09454166002,539617.2999259328
84,9829.212979,0.03687,0.0,0.0,9829.176109,40.0,348658.52798421704,0.0,190472.475607822,539131.003592039,348725.20538427273,0.0,190892.09454166002,539617.2999259328
85,9828.812595,0.034761,0.0,0.0,9828.777833999999,40.0,348658.52798421704,0.0,190472.475607822,539131.003592039,348725.20538427273,0.0,190892.09454166002,539617.2999259328
86,9828.412211,0.027667999999999998,0.0,0.0,9828.384543,40.0,348658.52798421704,0.0,190472.475607822,539131.003592039,348725.20538427273,0.0,190892.09454166002,539617.2999259328
87,9828.011827,0.019189,0.0,0.0,9827.992638,40.0,348658.52798421704,0.0,190472.475607822,539131.003592039,348725.20538427273,0.0,190892.09454166002,539617.2999259328
88,9827.611442,0.006641,363.636363636364,0.0,10191.241164636363,360.0,348658.52798421704,0.0,190472.475607822,539131.003592039,348725.20538427273,0.0,190892.09454166002,539617.2999259328
89,9827.28089,0.0,0.0,320.0,9507.28089,40.0,348658.52798421704,0.0,190472.475607822,539131.003592039,348725.20538427273,0.0,190892.09454166002,539617.2999259328
90,9827.080698,0.0,0.0,0.0,9827.080698,40.0,348658.52798421704,0.0,190472.475607822,539131.003592039,348725.20538427273,0.0,190892.09454166002,539617.2999259328
91,9826.880506,0.0,0.0,0.0,9826.880506,40.0,348658.52798421704,0.0,190472.475607822,539131.003592039,348725.20538427273,0.0,190892.09454166002,539617.2999259328
92,9826.680314,0.0,0.0,0.0,9826.680314,40.0,348658.52798421704,0.0,190472.475607822,539131.003592039,348725.20538427273,0.0,190892.09454166002,539617.2999259328
93,9826.480122,0.0,0.0,0.0,9826.480122,40.0,348658.52798421704,0.0,190472.475607822,539131.003592039,348725.20538427273,0.0,190892.09454166002,539617.2999259328
94,9826.27993,0.0,0.0,0.0,9826.27993,40.0,348658.52798421704,0.0,190472.475607822,539131.003592039,348725.20538427273,0.0,190892.09454166002,539617.2999259328
95,9826.079738,0.0,0.0,0.0,9826.079738,40.0,348658.52798421704,0.0,190472.475607822,539131.003592039,348725.20538427273,0.0,190892.09454166002,539617.2999259328
96,9825.879546,0.0,0.0,0.0,9825.879546,40.0,348658.52798421704,0.0,190472.475607822,539131.003592039,348725.20538427273,0.0,190892.09454166002,539617.2999259328
97,9825.679354,0.0,0.0,0.0,9825.679354,40.0,348658.52798421704,0.0,190472.475607822,539131.003592039,348725.20538427273,0.0,190892.09454166002,539617.2999259328
98,9825.479162,0.0,0.0,0.0,9825.479162,40.0,348658.52798421704,0.0,190472.475607822,539131.003592039,348725.20538427273,0.0,190892.09454166002,539617.2999259328
99,9825.287802,0.0,0.0,0.0,9825.287802,40.0,348658.52798421704,0.0,190472.475607822,539131.003592039,348725.20538427273,0.0,190892.09454166002,539617.2999259328
100,9825.287802,0.0,0.0,0.0,9825.287802,40.0,348658.52798421704,0.0,190472.475607822,539131.003592039,348725.20538427273,0.0,190892.09454166002,539617.2999259328
101,9825.287802,0.0,363.636363636364,0.0,10188.924165636365,360.0,348658.52798421704,0.0,190472.475607822,539131.003592039,348725.20538427273,0.0,190892.09454166002,539617.2999259328
102,9825.287802,0.0,0.0,320.0,9505.287802,40.0,348658.52798421704,0.0,190472.475607822,539131.003592039,348725.20538427273,0.0,190892.09454166002,539617.2999259328
103,9825.287802,0.0,0.0,0.0,9825.287802,40.0,348658.52798421704,0.0,190472.475607822,539131.003592039,348725.20538427273,0.0,190892.09454166002,539617.2999259328
104,9825.287802,0.022033,0.0,0.0,9825.265769000001,40.0,348658.52798421704,0.0,190472.475607822,539131.003592039,348725.20538427273,0.0,190892.09454166002,539617.2999259328
105,9825.287802,0.028869,0.0,0.0,9825.258933000001,40.0,348658.52798421704,0.0,190472.475607822,539131.003592039,348725.20538427273,0.0,190892.09454166002,539617.2999259328
106,9825.287802,0.031297,0.0,0.0,9825.256505000001,40.0,348658.52798421704,0.0,190472.475607822,539131.003592039,348725.20538427273,0.0,190892.09454166002,539617.2999259328
107,9825.287802,0.035122,0.0,0.0,9825.252680000001,40.0,348658.52798421704,0.0,190472.475607822,539131.003592039,348725.20538427273,0.0,190892.09454166002,539617.2999259328
108,9825.287802,0.035528,0.0,0.0,9825.252274,40.0,348658.52798421704,0.0,190472.475607822,539131.003592039,348725.20538427273,0.0,190892.09454166002,539617.2999259328
109,9825.287802,0.030224,0.0,0.0,9825.257578,40.0,348658.52798421704,0.0,190472.475607822,539131.003592039,348725.20538427273,0.0,190892.09454166002,539617.2999259328
110,9825.139777,0.025391,0.0,0.0,9825.114386000001,40.0,348658.52798421704,0.0,190472.475607822,539131.003592039,348725.20538427273,0.0,190892.09454166002,539617.2999259328
111,9824.939585,0.019173,0.0,0.0,9824.920412,40.0,348658.52798421704,0.0,190472.475607822,539131.003592039,348725.20538427273,0.0,190892.09454166002,539617.2999259328
112,9824.739393,0.006704,363.636363636364,0.0,10188.369052636364,360.0,348658.52798421704,0.0,190472.475607822,539131.003592039,348725.20538427273,0.0,190892.09454166002,539617.2999259328
113,9824.539201,0.0,0.0,320.0,9504.539201,40.0,348658.52798421704,0.0,190472.475607822,539131.003592039,348725.20538427273,0.0,190892.09454166002,539617.2999259328
114,9824.339009,0.0,0.0,0.0,9824.339009,40.0,348658.52798421704,0.0,190472.475607822,539131.003592039,348725.20538427273,0.0,190892.09454166002,539617.2999259328
115,9824.608915,0.0,0.0,0.0,9824.608915,40.0,348658.52798421704,0.0,190472.475607822,539131.003592039,348725.20538427273,0.0,190892.09454166002,539617.2999259328
116,9825.209491,0.0,0.0,0.0,9825.209491,40.0,348658.52798421704,0.0,190472.475607822,539131.003592039,348725.20538427273,0.0,190892.09454166002,539617.2999259328
117,9825.810067,0.0,0.0,0.0,9825.810067,40.0,348658.52798421704,0.0,190472.475607822,539131.003592039,348725.20538427273,0.0,190892.09454166002,539617.2999259328
118,9826.410644,0.0,0.0,0.0,9826.410644,40.0,348658.52798421704,0.0,190472.475607822,539131.003592039,348725.20538427273,0.0,190892.09454166002,539617.2999259328
119,9827.01122,0.0,0.0,0.0,9827.01122,40.0,348658.52798421704,0.0,190472.475607822,539131.003592039,348725.20538427273,0.0,190892.09454166002,539617.2999259328
120,9827.69882,0.0,0.0,0.0,9827.69882,40.0,348658.52798421704,0.0,190472.475607822,539131.003592039,348725.20538427273,0.0,190892.09454166002,539617.2999259328
121,9828.499589,0.0,0.0,0.0,9828.499589,40.0,348658.52798421704,0.0,190472.475607822,539131.003592039,348725.20538427273,0.0,190892.09454166002,539617.2999259328
122,9829.300357,0.0,0.0,0.0,9829.300357,40.0,348658.52798421704,0.0,190472.475607822,539131.003592039,348725.20538427273,0.0,190892.09454166002,539617.2999259328
123,9830.101125,0.0,0.0,0.0,9830.101125,40.0,348658.52798421704,0.0,190472.475607822,539131.003592039,348725.20538427273,0.0,190892.09454166002,539617.2999259328
124,9830.901893,0.0,0.0,0.0,9830.901893,40.0,348658.52798421704,0.0,190472.475607822,539131.003592039,348725.20538427273,0.0,190892.09454166002,539617.2999259328
125,9831.702661,0.0,363.636363636364,0.0,10195.339024636363,360.0,348658.52798421704,0.0,190472.475607822,539131.003592039,348725.20538427273,0.0,190892.09454166002,539617.2999259328
126,9832.50343,0.0,0.0,320.0,9512.50343,40.0,348658.52798421704,0.0,190472.475607822,539131.003592039,348725.20538427273,0.0,190892.09454166002,539617.2999259328
127,9833.304198,0.0,0.0,0.0,9833.304198,40.0,348658.52798421704,0.0,190472.475607822,539131.003592039,348725.20538427273,0.0,190892.09454166002,539617.2999259328
128,9834.104966,0.015803,0.0,0.0,9834.089163,40.0,348658.52798421704,0.0,190472.475607822,539131.003592039,348725.20538427273,0.0,190892.09454166002,539617.2999259328
129,9834.905734,0.029802,0.0,0.0,9834.875932,40.0,348658.52798421704,0.0,190472.475607822,539131.003592039,348725.20538427273,0.0,190892.09454166002,539617.2999259328
130,9835.680477,0.035129,0.0,0.0,9835.645348,40.0,348658.52798421704,0.0,190472.475607822,539131.003592039,348725.20538427273,0.0,190892.09454166002,539617.2999259328
131,9836.281053,0.032653,0.0,0.0,9836.2484,40.0,348658.52798421704,0.0,190472.475607822,539131.003592039,348725.20538427273,0.0,190892.09454166002,539617.2999259328
132,9836.88163,0.035983,0.0,0.0,9836.845647,40.0,348658.52798421704,0.0,190472.475607822,539131.003592039,348725.20538427273,0.0,190892.09454166002,539617.2999259328
133,9837.482206,0.03155,0.0,0.0,9837.450656,40.0,348658.52798421704,0.0,190472.475607822,539131.003592039,348725.20538427273,0.0,190892.09454166002,539617.2999259328
134,9838.082782,0.02602,0.0,0.0,9838.056762,40.0,348658.52798421704,0.0,190472.475607822,539131.003592039,348725.20538427273,0.0,190892.09454166002,539617.2999259328
135,9838.683358,0.017355000000000002,0.0,0.0,9838.666003,40.0,348658.52798421704,0.0,190472.475607822,539131.003592039,348725.20538427273,0.0,190892.09454166002,539617.2999259328
136,9839.479651,0.0055119999999999995,363.636363636364,0.0,10203.110502636364,360.0,348658.52798421704,0.0,190472.475607822,539131.003592039,348725.20538427273,0.0,190892.09454166002,539617.2999259328
137,9840.280419,0.0,0.0,320.0,9520.280419,40.0,348658.52798421704,0.0,190472.475607822,539131.003592039,348725.20538427273,0.0,190892.09454166002,539617.2999259328
138,9841.081188,0.0,0.0,0.0,9841.081188,40.0,348658.52798421704,0.0,190472.475607822,539131.003592039,348725.20538427273,0.0,190892.09454166002,539617.2999259328
139,9841.881956,0.0,0.0,0.0,9841.881956,40.0,348658.52798421704,0.0,190472.475607822,539131.003592039,348725.20538427273,0.0,190892.09454166002,539617.2999259328
140,9842.682724,0.0,0.0,0.0,9842.682724,40.0,348658.52798421704,0.0,190472.475607822,539131.003592039,348725.20538427273,0.0,190892.09454166002,539617.2999259328
141,9843.813927,0.0,0.0,0.0,9843.813927,40.0,348658.52798421704,0.0,190472.475607822,539131.003592039,348725.20538427273,0.0,190892.09454166002,539617.2999259328
142,9845.015079,0.0,0.0,0.0,9845.015079,40.0,348658.52798421704,0.0,190472.475607822,539131.003592039,348725.20538427273,0.0,190892.09454166002,539617.2999259328
143,9846.216231,0.0,0.0,0.0,9846.216231,40.0,348658.52798421704,0.0,190472.475607822,539131.003592039,348725.20538427273,0.0,190892.09454166002,539617.2999259328
144,9847.417384,0.0,0.0,0.0,9847.417384,40.0,348658.52798421704,0.0,190472.475607822,539131.003592039,348725.20538427273,0.0,190892.09454166002,539617.2999259328
145,9848.618536,0.0,0.0,0.0,9848.618536,40.0,348658.52798421704,0.0,190472.475607822,539131.003592039,348725.20538427273,0.0,190892.09454166002,539617.2999259328
146,9849.819688,0.0,0.0,0.0,9849.819688,40.0,348658.52798421704,0.0,190472.475607822,539131.003592039,348725.20538427273,0.0,190892.09454166002,539617.2999259328
147,9851.02084,0.0,0.0,0.0,9851.02084,40.0,348658.52798421704,0.0,190472.475607822,539131.003592039,348725.20538427273,0.0,190892.09454166002,539617.2999259328
148,9852.221993,0.0,0.0,0.0,9852.221993,40.0,348658.52798421704,0.0,190472.475607822,539131.003592039,348725.20538427273,0.0,190892.09454166002,539617.2999259328
149,9853.423145,0.0,0.0,0.0,9853.423145,40.0,348658.52798421704,0.0,190472.475607822,539131.003592039,348725.20538427273,0.0,190892.09454166002,539617.2999259328
150,9854.624297,0.0,0.0,0.0,9854.624297,40.0,348658.52798421704,0.0,190472.475607822,539131.003592039,348725.20538427273,0.0,190892.09454166002,539617.2999259328
151,9855.721232,0.0,0.0,0.0,9855.721232,40.0,348658.52798421704,0.0,190472.475607822,539131.003592039,348725.20538427273,0.0,190892.09454166002,539617.2999259328
152,9856.722192,0.021303000000000002,0.0,0.0,9856.700889,40.0,348658.52798421704,0.0,190472.475607822,539131.003592039,348725.20538427273,0.0,190892.09454166002,539617.2999259328
153,9857.723152,0.025409,0.0,0.0,9857.697743,40.0,348658.52798421704,0.0,190472.475607822,539131.003592039,348725.20538427273,0.0,190892.09454166002,539617.2999259328
154,9858.724112,0.014267,0.0,0.0,9858.709845,40.0,348658.52798421704,0.0,190472.475607822,539131.003592039,348725.20538427273,0.0,190892.09454166002,539617.2999259328
155,9859.725073,0.024065000000000003,0.0,0.0,9859.701008,40.0,348658.52798421704,0.0,190472.475607822,539131.003592039,348725.20538427273,0.0,190892.09454166002,539617.2999259328
156,9861.020904,0.007652,0.0,0.0,9861.013252,40.0,348658.52798421704,0.0,190472.475607822,539131.003592039,348725.20538427273,0.0,190892.09454166002,539617.2999259328
157,9862.822632,0.0029590000000000003,0.0,0.0,9862.819673,40.0,348658.52798421704,0.0,190472.475607822,539131.003592039,348725.20538427273,0.0,190892.09454166002,539617.2999259328
158,9864.624361,0.009718000000000001,0.0,0.0,9864.614643,40.0,348658.52798421704,0.0,190472.475607822,539131.003592039,348725.20538427273,0.0,190892.09454166002,539617.2999259328
159,9866.426089,0.005338,0.0,0.0,9866.420751,40.0,348658.52798421704,0.0,190472.475607822,539131.003592039,348725.20538427273,0.0,190892.09454166002,539617.2999259328
160,9868.227818,0.00035299999999999996,0.0,0.0,9868.227465,40.0,348658.52798421704,0.0,190472.475607822,539131.003592039,348725.20538427273,0.0,190892.09454166002,539617.2999259328
161,9870.418507,0.0,0.0,0.0,9870.418507,40.0,348658.52798421704,0.0,190472.475607822,539131.003592039,348725.20538427273,0.0,190892.09454166002,539617.2999259328
162,9874.021964,0.0,0.0,0.0,9874.021964,40.0,348658.52798421704,0.0,190472.475607822,539131.003592039,348725.20538427273,0.0,190892.09454166002,539617.2999259328
163,9877.625421,0.0,0.0,0.0,9877.625421,40.0,348658.52798421704,0.0,190472.475607822,539131.003592039,348725.20538427273,0.0,190892.09454166002,539617.2999259328
164,9881.228878,0.0,0.0,0.0,9881.228878,40.0,348658.52798421704,0.0,190472.475607822,539131.003592039,348725.20538427273,0.0,190892.09454166002,539617.2999259328
165,9884.832335,0.0,0.0,0.0,9884.832335,40.0,348658.52798421704,0.0,190472.475607822,539131.003592039,348725.20538427273,0.0,190892.09454166002,539617.2999259328
166,9888.473946,0.0,0.0,0.0,9888.473946,40.0,348658.52798421704,0.0,190472.475607822,539131.003592039,348725.20538427273,0.0,190892.09454166002,539617.2999259328
167,9892.677979,0.0,0.0,0.0,9892.677979,40.0,348658.52798421704,0.0,190472.475607822,539131.003592039,348725.20538427273,0.0,190892.09454166002,539617.2999259328
168,9896.882011,0.0,0.0,0.0,9896.882011,40.0,348658.52798421704,0.0,190472.475607822,539131.003592039,348725.20538427273,0.0,190892.09454166002,539617.2999259328
169,9901.086044,0.0,0.0,0.0,9901.086044,40.0,348658.52798421704,0.0,190472.475607822,539131.003592039,348725.20538427273,0.0,190892.09454166002,539617.2999259328
170,9905.290077,0.0,0.0,0.0,9905.290077,40.0,348658.52798421704,0.0,190472.475607822,539131.003592039,348725.20538427273,0.0,190892.09454166002,539617.2999259328
171,9909.49411,0.0,0.0,0.0,9909.49411,40.0,348658.52798421704,0.0,190472.475607822,539131.003592039,348725.20538427273,0.0,190892.09454166002,539617.2999259328
172,9913.150912,0.0,0.0,0.0,9913.150912,40.0,348658.52798421704,0.0,190472.475607822,539131.003592039,348725.20538427273,0.0,190892.09454166002,539617.2999259328
173,9916.754369,0.0,0.0,0.0,9916.754369,40.0,348658.52798421704,0.0,190472.475607822,539131.003592039,348725.20538427273,0.0,190892.09454166002,539617.2999259328
174,9920.357826,0.0,0.0,0.0,9920.357826,40.0,348658.52798421704,0.0,190472.475607822,539131.003592039,348725.20538427273,0.0,190892.09454166002,539617.2999259328
175,9923.961283,0.0,0.0,0.0,9923.961283,40.0,348658.52798421704,0.0,190472.475607822,539131.003592039,348725.20538427273,0.0,190892.09454166002,539617.2999259328
176,9927.56474,0.0020710000000000004,0.0,0.0,9927.562668999999,40.0,348658.52798421704,0.0,190472.475607822,539131.003592039,348725.20538427273,0.0,190892.09454166002,539617.2999259328
177,9930.712465,0.00254,0.0,0.0,9930.709925000001,40.0,348658.52798421704,0.0,190472.475607822,539131.003592039,348725.20538427273,0.0,190892.09454166002,539617.2999259328
178,9933.715346,0.004908,0.0,0.0,9933.710438,40.0,348658.52798421704,0.0,190472.475607822,539131.003592039,348725.20538427273,0.0,190892.09454166002,539617.2999259328
179,9936.718226,0.005466,0.0,0.0,9936.71276,40.0,348658.52798421704,0.0,190472.475607822,539131.003592039,348725.20538427273,0.0,190892.09454166002,539617.2999259328
180,9939.721107,0.024267,0.0,0.0,9939.696839999999,40.0,348658.52798421704,0.0,190472.475607822,539131.003592039,348725.20538427273,0.0,190892.09454166002,539617.2999259328
181,9942.723988,0.003691,0.0,0.0,9942.720297,40.0,348658.52798421704,0.0,190472.475607822,539131.003592039,348725.20538427273,0.0,190892.09454166002,539617.2999259328
182,9946.576742,0.004894,0.0,0.0,9946.571848,40.0,348658.52798421704,0.0,190472.475607822,539131.003592039,348725.20538427273,0.0,190892.09454166002,539617.2999259328
183,9950.980967,0.010228,0.0,0.0,9950.970739,40.0,348658.52798421704,0.0,190472.475607822,539131.003592039,348725.20538427273,0.0,190892.09454166002,539617.2999259328
184,9955.385192,0.002084,0.0,0.0,9955.383108,40.0,348658.52798421704,0.0,190472.475607822,539131.003592039,348725.20538427273,0.0,190892.09454166002,539617.2999259328
185,9959.789417,0.0,0.0,0.0,9959.789417,40.0,348658.52798421704,0.0,190472.475607822,539131.003592039,348725.20538427273,0.0,190892.09454166002,539617.2999259328
186,9964.193642,0.0,0.0,0.0,9964.193642,40.0,348658.52798421704,0.0,190472.475607822,539131.003592039,348725.20538427273,0.0,190892.09454166002,539617.2999259328
187,9968.416046,0.0,0.0,0.0,9968.416046,40.0,348658.52798421704,0.0,190472.475607822,539131.003592039,348725.20538427273,0.0,190892.09454166002,539617.2999259328
188,9972.419887,0.0,0.0,0.0,9972.419887,40.0,348658.52798421704,0.0,190472.475607822,539131.003592039,348725.20538427273,0.0,190892.09454166002,539617.2999259328
189,9976.423728,0.0,0.0,0.0,9976.423728,40.0,348658.52798421704,0.0,190472.475607822,539131.003592039,348725.20538427273,0.0,190892.09454166002,539617.2999259328
190,9980.427569,0.0,0.0,0.0,9980.427569,40.0,348658.52798421704,0.0,190472.475607822,539131.003592039,348725.20538427273,0.0,190892.09454166002,539617.2999259328
191,9984.431409,0.0,0.0,0.0,9984.431409,40.0,348658.52798421704,0.0,190472.475607822,539131.003592039,348725.20538427273,0.0,190892.09454166002,539617.2999259328
192,9988.193607,0.0,0.0,0.0,9988.193607,40.0,348658.52798421704,0.0,190472.475607822,539131.003592039,348725.20538427273,0.0,190892.09454166002,539617.2999259328
193,9991.396679,0.0,0.0,0.0,9991.396679,40.0,348658.52798421704,0.0,190472.475607822,539131.003592039,348725.20538427273,0.0,190892.09454166002,539617.2999259328
194,9994.599752,0.0,0.0,0.0,9994.599752,40.0,348658.52798421704,0.0,190472.475607822,539131.003592039,348725.20538427273,0.0,190892.09454166002,539617.2999259328
195,9997.802825,0.0,0.0,0.0,9997.802825,40.0,348658.52798421704,0.0,190472.475607822,539131.003592039,348725.20538427273,0.0,190892.09454166002,539617.2999259328
196,10001.0059,0.0,0.0,0.0,10001.0059,40.0,348658.52798421704,0.0,190472.475607822,539131.003592039,348725.20538427273,0.0,190892.09454166002,539617.2999259328
197,10004.23888,0.0,363.636363636364,0.0,10367.875243636365,360.0,348658.52798421704,0.0,190472.475607822,539131.003592039,348725.20538427273,0.0,190892.09454166002,539617.2999259328
198,10007.64215,0.0,0.0,320.0,9687.64215,40.0,348658.52798421704,0.0,190472.475607822,539131.003592039,348725.20538427273,0.0,190892.09454166002,539617.2999259328
199,10011.04541,0.0,0.0,0.0,10011.04541,40.0,348658.52798421704,0.0,190472.475607822,539131.003592039,348725.20538427273,0.0,190892.09454166002,539617.2999259328
200,10014.44868,0.016385,0.0,0.0,10014.432294999999,40.0,348658.52798421704,0.0,190472.475607822,539131.003592039,348725.20538427273,0.0,190892.09454166002,539617.2999259328
201,10017.85194,0.030711,0.0,0.0,10017.821229000001,40.0,348658.52798421704,0.0,190472.475607822,539131.003592039,348725.20538427273,0.0,190892.09454166002,539617.2999259328
202,10021.25521,0.037058,0.0,0.0,10021.218152,40.0,348658.52798421704,0.0,190472.475607822,539131.003592039,348725.20538427273,0.0,190892.09454166002,539617.2999259328
203,10024.45887,0.038273,0.0,0.0,10024.420597,40.0,348658.52798421704,0.0,190472.475607822,539131.003592039,348725.20538427273,0.0,190892.09454166002,539617.2999259328
204,10027.66194,0.029894,0.0,0.0,10027.632046,40.0,348658.52798421704,0.0,190472.475607822,539131.003592039,348725.20538427273,0.0,190892.09454166002,539617.2999259328
205,10030.86501,0.028805,0.0,0.0,10030.836205,40.0,348658.52798421704,0.0,190472.475607822,539131.003592039,348725.20538427273,0.0,190892.09454166002,539617.2999259328
206,10034.06808,0.013444000000000001,0.0,0.0,10034.054635999999,40.0,348658.52798421704,0.0,190472.475607822,539131.003592039,348725.20538427273,0.0,190892.09454166002,539617.2999259328
207,10037.27116,0.01209,0.0,0.0,10037.25907,40.0,348658.52798421704,0.0,190472.475607822,539131.003592039,348725.20538427273,0.0,190892.09454166002,539617.2999259328
208,10040.30513,0.00035099999999999997,363.636363636364,0.0,10403.941142636364,360.0,348658.52798421704,0.0,190472.475607822,539131.003592039,348725.20538427273,0.0,190892.09454166002,539617.2999259328
209,10043.30801,0.0,0.0,320.0,9723.30801,40.0,348658.52798421704,0.0,190472.475607822,539131.003592039,348725.20538427273,0.0,190892.09454166002,539617.2999259328
210,10046.31089,0.0,0.0,0.0,10046.31089,40.0,348658.52798421704,0.0,190472.475607822,539131.003592039,348725.20538427273,0.0,190892.09454166002,539617.2999259328
211,10049.31377,0.0,0.0,0.0,10049.31377,40.0,348658.52798421704,0.0,190472.475607822,539131.003592039,348725.20538427273,0.0,190892.09454166002,539617.2999259328
212,10052.31665,0.0,0.0,0.0,10052.31665,40.0,348658.52798421704,0.0,190472.475607822,539131.003592039,348725.20538427273,0.0,190892.09454166002,539617.2999259328
213,10054.90372,0.0,0.0,0.0,10054.90372,40.0,348658.52798421704,0.0,190472.475607822,539131.003592039,348725.20538427273,0.0,190892.09454166002,539617.2999259328
214,10057.30602,0.0,0.0,0.0,10057.30602,40.0,348658.52798421704,0.0,190472.475607822,539131.003592039,348725.20538427273,0.0,190892.09454166002,539617.2999259328
215,10059.70833,0.0,0.0,0.0,10059.70833,40.0,348658.52798421704,0.0,190472.475607822,539131.003592039,348725.20538427273,0.0,190892.09454166002,539617.2999259328
216,10062.11063,0.0,0.0,0.0,10062.11063,40.0,348658.52798421704,0.0,190472.475607822,539131.003592039,348725.20538427273,0.0,190892.09454166002,539617.2999259328
217,10064.51294,0.0,0.0,0.0,10064.51294,40.0,348658.52798421704,0.0,190472.475607822,539131.003592039,348725.20538427273,0.0,190892.09454166002,539617.2999259328
218,10067.88818,0.0,0.0,0.0,10067.88818,40.0,348658.52798421704,0.0,190472.475607822,539131.003592039,348725.20538427273,0.0,190892.09454166002,539617.2999259328
219,10072.09221,0.0,0.0,0.0,10072.09221,40.0,348658.52798421704,0.0,190472.475607822,539131.003592039,348725.20538427273,0.0,190892.09454166002,539617.2999259328
220,10076.29624,0.0,15.6647312363661,0.0,10091.960971236365,53.7849634880022,348658.52798421704,0.0,190472.475607822,539131.003592039,348725.20538427273,0.0,190892.09454166002,539617.2999259328
221,10080.50027,0.0,347.971632399998,0.0,10428.471902399999,360.0,348658.52798421704,0.0,190472.475607822,539131.003592039,348725.20538427273,0.0,190892.09454166002,539617.2999259328
222,10084.70431,0.0,0.0,320.0,9764.70431,40.0,348658.52798421704,0.0,190472.475607822,539131.003592039,348725.20538427273,0.0,190892.09454166002,539617.2999259328
223,10089.37396,0.0,0.0,0.0,10089.37396,40.0,348658.52798421704,0.0,190472.475607822,539131.003592039,348725.20538427273,0.0,190892.09454166002,539617.2999259328
224,10094.77915,0.022052,0.0,0.0,10094.757098,40.0,348658.52798421704,0.0,190472.475607822,539131.003592039,348725.20538427273,0.0,190892.09454166002,539617.2999259328
225,10100.18433,0.030092,0.0,0.0,10100.154238,40.0,348658.52798421704,0.0,190472.475607822,539131.003592039,348725.20538427273,0.0,190892.09454166002,539617.2999259328
226,10105.58952,0.027864,0.0,0.0,10105.561656,40.0,348658.52798421704,0.0,190472.475607822,539131.003592039,348725.20538427273,0.0,190892.09454166002,539617.2999259328
227,10110.9947,0.030944,0.0,0.0,10110.963756,40.0,348658.52798421704,0.0,190472.475607822,539131.003592039,348725.20538427273,0.0,190892.09454166002,539617.2999259328
228,10116.25858,0.031996,0.0,0.0,10116.226584,40.0,348658.52798421704,0.0,190472.475607822,539131.003592039,348725.20538427273,0.0,190892.09454166002,539617.2999259328
229,10121.06319,0.032508,0.0,0.0,10121.030682,40.0,348658.52798421704,0.0,190472.475607822,539131.003592039,348725.20538427273,0.0,190892.09454166002,539617.2999259328
230,10125.8678,0.024446000000000002,0.0,0.0,10125.843354,40.0,348658.52798421704,0.0,190472.475607822,539131.003592039,348725.20538427273,0.0,190892.09454166002,539617.2999259328
231,10130.6724,0.005322,70.6387622363639,0.0,10201.305840236362,102.162110768,348658.52798421704,0.0,190472.475607822,539131.003592039,348725.20538427273,0.0,190892.09454166002,539617.2999259328
232,10135.47701,0.002709,292.997601399999,0.0,10428.471902399999,360.0,348658.52798421704,0.0,190472.475607822,539131.003592039,348725.20538427273,0.0,190892.09454166002,539617.2999259328
233,10140.16539,0.0,0.0,320.0,9820.16539,40.0,348658.52798421704,0.0,190472.475607822,539131.003592039,348725.20538427273,0.0,190892.09454166002,539617.2999259328
234,10143.56866,0.0,0.0,0.0,10143.56866,40.0,348658.52798421704,0.0,190472.475607822,539131.003592039,348725.20538427273,0.0,190892.09454166002,539617.2999259328
235,10146.97192,0.0,0.0,0.0,10146.97192,40.0,348658.52798421704,0.0,190472.475607822,539131.003592039,348725.20538427273,0.0,190892.09454166002,539617.2999259328
236,10150.37519,0.0,0.0,0.0,10150.37519,40.0,348658.52798421704,0.0,190472.475607822,539131.003592039,348725.20538427273,0.0,190892.09454166002,539617.2999259328
237,10153.77845,0.0,0.0,0.0,10153.77845,40.0,348658.52798421704,0.0,190472.475607822,539131.003592039,348725.20538427273,0.0,190892.09454166002,539617.2999259328
238,10157.18172,0.0,0.0,0.0,10157.18172,40.0,348658.52798421704,0.0,190472.475607822,539131.003592039,348725.20538427273,0.0,190892.09454166002,539617.2999259328
239,10160.95757,0.0,0.0,0.0,10160.95757,40.0,348658.52798421704,0.0,190472.475607822,539131.003592039,348725.20538427273,0.0,190892.09454166002,539617.2999259328
240,10164.76122,0.0,0.0,0.0,10164.76122,40.0,348658.52798421704,0.0,190472.475607822,539131.003592039,348725.20538427273,0.0,190892.09454166002,539617.2999259328
241,10168.56487,0.0,0.0,0.0,10168.56487,40.0,348658.52798421704,0.0,190472.475607822,539131.003592039,348725.20538427273,0.0,190892.09454166002,539617.2999259328
242,10172.36852,0.0,0.0,0.0,10172.36852,40.0,348658.52798421704,0.0,190472.475607822,539131.003592039,348725.20538427273,0.0,190892.09454166002,539617.2999259328
243,10176.17217,0.0,0.0,0.0,10176.17217,40.0,348658.52798421704,0.0,190472.475607822,539131.003592039,348725.20538427273,0.0,190892.09454166002,539617.2999259328
244,10179.82002,0.0,118.587941236365,0.0,10298.407961236364,144.357388288001,348658.52798421704,0.0,190472.475607822,539131.003592039,348725.20538427273,0.0,190892.09454166002,539617.2999259328
245,10183.42348,0.0,245.048422399999,0.0,10428.471902399999,360.0,348658.52798421704,0.0,190472.475607822,539131.003592039,348725.20538427273,0.0,190892.09454166002,539617.2999259328
246,10187.02694,0.0,0.0,320.0,9867.02694,40.0,348658.52798421704,0.0,190472.475607822,539131.003592039,348725.20538427273,0.0,190892.09454166002,539617.2999259328
247,10190.63039,0.0,0.0,0.0,10190.63039,40.0,348658.52798421704,0.0,190472.475607822,539131.003592039,348725.20538427273,0.0,190892.09454166002,539617.2999259328
248,10194.23385,0.021329,0.0,0.0,10194.212521000001,40.0,348658.52798421704,0.0,190472.475607822,539131.003592039,348725.20538427273,0.0,190892.09454166002,539617.2999259328
249,10197.83731,0.030031,0.0,0.0,10197.807279,40.0,348658.52798421704,0.0,190472.475607822,539131.003592039,348725.20538427273,0.0,190892.09454166002,539617.2999259328
250,10201.44076,0.016457,0.0,0.0,10201.424303,40.0,348658.52798421704,0.0,190472.475607822,539131.003592039,348725.20538427273,0.0,190892.09454166002,539617.2999259328
251,10205.04422,0.03840400000000001,0.0,0.0,10205.005815999999,40.0,348658.52798421704,0.0,190472.475607822,539131.003592039,348725.20538427273,0.0,190892.09454166002,539617.2999259328
252,10208.64768,0.038537999999999996,0.0,0.0,10208.609142,40.0,348658.52798421704,0.0,190472.475607822,539131.003592039,348725.20538427273,0.0,190892.09454166002,539617.2999259328
253,10212.25113,0.034265000000000004,0.0,0.0,10212.216865,40.0,348658.52798421704,0.0,190472.475607822,539131.003592039,348725.20538427273,0.0,190892.09454166002,539617.2999259328
254,10215.5702,0.016286000000000002,0.0,0.0,10215.553914,40.0,348658.52798421704,0.0,190472.475607822,539131.003592039,348725.20538427273,0.0,190892.09454166002,539617.2999259328
255,10218.57308,0.020324000000000002,156.733463236366,0.0,10375.286219236366,177.925447648002,348658.52798421704,0.0,190472.475607822,539131.003592039,348725.20538427273,0.0,190892.09454166002,539617.2999259328
256,10221.57596,0.006958000000000001,206.902900399999,0.0,10428.471902399999,360.0,348658.52798421704,0.0,190472.475607822,539131.003592039,348725.20538427273,0.0,190892.09454166002,539617.2999259328
257,10224.57884,0.0,0.0,320.0,9904.57884,40.0,348658.52798421704,0.0,190472.475607822,539131.003592039,348725.20538427273,0.0,190892.09454166002,539617.2999259328
258,10227.58172,0.0,0.0,0.0,10227.58172,40.0,348658.52798421704,0.0,190472.475607822,539131.003592039,348725.20538427273,0.0,190892.09454166002,539617.2999259328
259,10230.7132,0.0,0.0,0.0,10230.7132,40.0,348658.52798421704,0.0,190472.475607822,539131.003592039,348725.20538427273,0.0,190892.09454166002,539617.2999259328
260,10234.11646,0.0,0.0,0.0,10234.11646,40.0,348658.52798421704,0.0,190472.475607822,539131.003592039,348725.20538427273,0.0,190892.09454166002,539617.2999259328
261,10237.51973,0.0,0.0,0.0,10237.51973,40.0,348658.52798421704,0.0,190472.475607822,539131.003592039,348725.20538427273,0.0,190892.09454166002,539617.2999259328
262,10240.92299,0.0,0.0,0.0,10240.92299,40.0,348658.52798421704,0.0,190472.475607822,539131.003592039,348725.20538427273,0.0,190892.09454166002,539617.2999259328
263,10244.32626,0.0,0.0,0.0,10244.32626,40.0,348658.52798421704,0.0,190472.475607822,539131.003592039,348725.20538427273,0.0,190892.09454166002,539617.2999259328
264,10247.66193,0.0,0.0,0.0,10247.66193,40.0,348658.52798421704,0.0,190472.475607822,539131.003592039,348725.20538427273,0.0,190892.09454166002,539617.2999259328
265,10250.66481,0.0,0.0,0.0,10250.66481,40.0,348658.52798421704,0.0,190472.475607822,539131.003592039,348725.20538427273,0.0,190892.09454166002,539617.2999259328
266,10253.66769,0.0,0.0,0.0,10253.66769,40.0,348658.52798421704,0.0,190472.475607822,539131.003592039,348725.20538427273,0.0,190892.09454166002,539617.2999259328
267,10256.67057,0.0,29.0324488363653,0.0,10285.703018836366,65.5485549760015,348658.52798421704,0.0,190472.475607822,539131.003592039,348725.20538427273,0.0,190892.09454166002,539617.2999259328
268,10259.67345,0.0,168.798452399998,0.0,10428.471902399999,214.091193088,348658.52798421704,0.0,190472.475607822,539131.003592039,348725.20538427273,0.0,190892.09454166002,539617.2999259328
269,10262.66644,0.0,165.805462399998,0.0,10428.471902399999,360.0,348658.52798421704,0.0,190472.475607822,539131.003592039,348725.20538427273,0.0,190892.09454166002,539617.2999259328
270,10265.06874,0.0,0.0,320.0,9945.06874,40.0,348658.52798421704,0.0,190472.475607822,539131.003592039,348725.20538427273,0.0,190892.09454166002,539617.2999259328
271,10267.47105,0.0,0.0,0.0,10267.47105,40.0,348658.52798421704,0.0,190472.475607822,539131.003592039,348725.20538427273,0.0,190892.09454166002,539617.2999259328
272,10269.87335,0.023018999999999998,0.0,0.0,10269.850331,40.0,348658.52798421704,0.0,190472.475607822,539131.003592039,348725.20538427273,0.0,190892.09454166002,539617.2999259328
273,10272.27566,0.03151,0.0,0.0,10272.244149999999,40.0,348658.52798421704,0.0,190472.475607822,539131.003592039,348725.20538427273,0.0,190892.09454166002,539617.2999259328
274,10274.67796,0.037206,0.0,0.0,10274.640754,40.0,348658.52798421704,0.0,190472.475607822,539131.003592039,348725.20538427273,0.0,190892.09454166002,539617.2999259328
275,10277.08027,0.039987,0.0,0.0,10277.040283,40.0,348658.52798421704,0.0,190472.475607822,539131.003592039,348725.20538427273,0.0,190892.09454166002,539617.2999259328
276,10279.48257,0.039346,0.0,0.0,10279.443224,40.0,348658.52798421704,0.0,190472.475607822,539131.003592039,348725.20538427273,0.0,190892.09454166002,539617.2999259328
277,10281.88487,0.034091,0.0,0.0,10281.850779,40.0,348658.52798421704,0.0,190472.475607822,539131.003592039,348725.20538427273,0.0,190892.09454166002,539617.2999259328
278,10284.28718,0.027129,82.5904068363674,0.0,10366.850457836366,112.679558016003,348658.52798421704,0.0,190472.475607822,539131.003592039,348725.20538427273,0.0,190892.09454166002,539617.2999259328
279,10286.68948,0.019111,141.801533399999,0.0,10428.471902399999,237.464907408003,348658.52798421704,0.0,190472.475607822,539131.003592039,348725.20538427273,0.0,190892.09454166002,539617.2999259328
280,10289.23428,0.006801000000000001,139.244423399998,0.0,10428.471902399999,360.0,348658.52798421704,0.0,190472.475607822,539131.003592039,348725.20538427273,0.0,190892.09454166002,539617.2999259328
281,10291.83677,0.0,0.0,320.0,9971.83677,40.0,348658.52798421704,0.0,190472.475607822,539131.003592039,348725.20538427273,0.0,190892.09454166002,539617.2999259328
282,10294.43927,0.0,0.0,0.0,10294.43927,40.0,348658.52798421704,0.0,190472.475607822,539131.003592039,348725.20538427273,0.0,190892.09454166002,539617.2999259328
283,10297.04177,0.0,0.0,0.0,10297.04177,40.0,348658.52798421704,0.0,190472.475607822,539131.003592039,348725.20538427273,0.0,190892.09454166002,539617.2999259328
284,10299.64426,0.0,0.0,0.0,10299.64426,40.0,348658.52798421704,0.0,190472.475607822,539131.003592039,348725.20538427273,0.0,190892.09454166002,539617.2999259328
285,10302.13477,0.0,0.0,0.0,10302.13477,40.0,348658.52798421704,0.0,190472.475607822,539131.003592039,348725.20538427273,0.0,190892.09454166002,539617.2999259328
286,10304.53708,0.0,0.0,0.0,10304.53708,40.0,348658.52798421704,0.0,190472.475607822,539131.003592039,348725.20538427273,0.0,190892.09454166002,539617.2999259328
287,10306.93938,0.0,0.0,0.0,10306.93938,40.0,348658.52798421704,0.0,190472.475607822,539131.003592039,348725.20538427273,0.0,190892.09454166002,539617.2999259328
288,10309.34168,0.0,0.0,0.0,10309.34168,40.0,348658.52798421704,0.0,190472.475607822,539131.003592039,348725.20538427273,0.0,190892.09454166002,539617.2999259328
289,10311.74399,0.0,0.0,0.0,10311.74399,40.0,348658.52798421704,0.0,190472.475607822,539131.003592039,348725.20538427273,0.0,190892.09454166002,539617.2999259328
290,10313.90182,0.0,30.7364964363678,0.0,10344.638316436367,67.0481168640037,348658.52798421704,0.0,190472.475607822,539131.003592039,348725.20538427273,0.0,190892.09454166002,539617.2999259328
291,10315.70355,0.0,112.768352399999,0.0,10428.471902399999,166.284266976002,348658.52798421704,0.0,190472.475607822,539131.003592039,348725.20538427273,0.0,190892.09454166002,539617.2999259328
292,10317.50528,0.0,110.966622399999,0.0,10428.471902399999,263.934894688002,348658.52798421704,0.0,190472.475607822,539131.003592039,348725.20538427273,0.0,190892.09454166002,539617.2999259328
293,10319.30701,0.0,109.164892399998,0.0,10428.471902399999,360.0,348658.52798421704,0.0,190472.475607822,539131.003592039,348725.20538427273,0.0,190892.09454166002,539617.2999259328
294,10321.10874,0.0,0.0,318.307639000003,10002.801100999997,41.6923609999976,348658.52798421704,0.0,190472.475607822,539131.003592039,348725.20538427273,0.0,190892.09454166002,539617.2999259328
295,10322.80849,0.0,0.0,0.0,10322.80849,41.6923609999976,348658.52798421704,0.0,190472.475607822,539131.003592039,348725.20538427273,0.0,190892.09454166002,539617.2999259328
296,10324.20983,0.023261,0.0,0.0,10324.186569,41.6923609999976,348658.52798421704,0.0,190472.475607822,539131.003592039,348725.20538427273,0.0,190892.09454166002,539617.2999259328
297,10325.61117,0.029433,0.0,0.0,10325.581737,41.6923609999976,348658.52798421704,0.0,190472.475607822,539131.003592039,348725.20538427273,0.0,190892.09454166002,539617.2999259328
298,10327.01252,0.035531,0.0,0.147596499999054,10326.829392500002,41.5447644999986,348658.52798421704,0.0,190472.475607822,539131.003592039,348725.20538427273,0.0,190892.09454166002,539617.2999259328
299,10328.41386,0.039703,0.0,1.54476449999856,10326.829392500002,40.0,348658.52798421704,0.0,190472.475607822,539131.003592039,348725.20538427273,0.0,190892.09454166002,539617.2999259328
300,10329.79472,0.039954,0.0,0.0,10329.754766,40.0,348658.52798421704,0.0,190472.475607822,539131.003592039,348725.20538427273,0.0,190892.09454166002,539617.2999259328
301,10330.99587,0.036384,78.3578724363658,0.0,10409.317358436365,108.954927744002,348658.52798421704,0.0,190472.475607822,539131.003592039,348725.20538427273,0.0,190892.09454166002,539617.2999259328
302,10332.19702,0.029699000000000003,96.3045813999997,0.0,10428.471902399999,193.702959376002,348658.52798421704,0.0,190472.475607822,539131.003592039,348725.20538427273,0.0,190892.09454166002,539617.2999259328
303,10333.39817,0.020704,95.0944363999988,0.0,10428.471902399999,277.386063408001,348658.52798421704,0.0,190472.475607822,539131.003592039,348725.20538427273,0.0,190892.09454166002,539617.2999259328
304,10334.59933,0.006901,93.8794733999993,0.0,10428.471902399997,360.0,348658.52798421704,0.0,190472.475607822,539131.003592039,348725.20538427273,0.0,190892.09454166002,539617.2999259328
305,10335.80048,0.0,0.0,287.050947500009,10048.74953249999,72.9490524999947,348658.52798421704,0.0,190472.475607822,539131.003592039,348725.20538427273,0.0,190892.09454166002,539617.2999259328
306,10336.81145,0.0,0.0,9.98205749999761,10326.829392500002,62.966994999997,348658.52798421704,0.0,190472.475607822,539131.003592039,348725.20538427273,0.0,190892.09454166002,539617.2999259328
307,10337.81241,0.0,0.0,10.9830174999988,10326.829392500002,51.9839774999982,348658.52798421704,0.0,190472.475607822,539131.003592039,348725.20538427273,0.0,190892.09454166002,539617.2999259328
308,10338.81337,0.0,0.0,11.9839774999982,10326.829392500002,40.0,348658.52798421704,0.0,190472.475607822,539131.003592039,348725.20538427273,0.0,190892.09454166002,539617.2999259328
309,10339.81433,0.0,0.0,0.0,10339.81433,40.0,348658.52798421704,0.0,190472.475607822,539131.003592039,348725.20538427273,0.0,190892.09454166002,539617.2999259328
310,10340.81529,0.0,0.0,0.0,10340.81529,40.0,348658.52798421704,0.0,190472.475607822,539131.003592039,348725.20538427273,0.0,190892.09454166002,539617.2999259328
311,10341.65657,0.0,0.0,0.0,10341.65657,40.0,348658.52798421704,0.0,190472.475607822,539131.003592039,348725.20538427273,0.0,190892.09454166002,539617.2999259328
312,10342.45733,0.0,0.0,0.0,10342.45733,40.0,348658.52798421704,0.0,190472.475607822,539131.003592039,348725.20538427273,0.0,190892.09454166002,539617.2999259328
313,10343.2581,0.0,0.0,0.0,10343.2581,40.0,348658.52798421704,0.0,190472.475607822,539131.003592039,348725.20538427273,0.0,190892.09454166002,539617.2999259328
314,10344.05887,0.0,0.0,0.0,10344.05887,40.0,348658.52798421704,0.0,190472.475607822,539131.003592039,348725.20538427273,0.0,190892.09454166002,539617.2999259328
315,10344.85964,0.0,0.0,0.0,10344.85964,40.0,348658.52798421704,0.0,190472.475607822,539131.003592039,348725.20538427273,0.0,190892.09454166002,539617.2999259328
316,10345.53122,0.0,0.0,0.0,10345.53122,40.0,348658.52798421704,0.0,190472.475607822,539131.003592039,348725.20538427273,0.0,190892.09454166002,539617.2999259328
317,10346.1318,0.0,0.0,0.0,10346.1318,40.0,348658.52798421704,0.0,190472.475607822,539131.003592039,348725.20538427273,0.0,190892.09454166002,539617.2999259328
318,10346.73238,0.0,0.0,0.0,10346.73238,40.0,348658.52798421704,0.0,190472.475607822,539131.003592039,348725.20538427273,0.0,190892.09454166002,539617.2999259328
319,10347.33295,0.0,0.0,0.0,10347.33295,40.0,348658.52798421704,0.0,190472.475607822,539131.003592039,348725.20538427273,0.0,190892.09454166002,539617.2999259328
320,10347.93353,0.023462,0.0,0.0,10347.910068000001,40.0,348658.52798421704,0.0,190472.475607822,539131.003592039,348725.20538427273,0.0,190892.09454166002,539617.2999259328
321,10348.53411,0.033472,0.0,0.0,10348.500638000001,40.0,348658.52798421704,0.0,190472.475607822,539131.003592039,348725.20538427273,0.0,190892.09454166002,539617.2999259328
322,10349.13468,0.039427000000000004,0.0,0.0,10349.095253,40.0,348658.52798421704,0.0,190472.475607822,539131.003592039,348725.20538427273,0.0,190892.09454166002,539617.2999259328
323,10349.73526,0.041667,0.0,0.0,10349.693593,40.0,348658.52798421704,0.0,190472.475607822,539131.003592039,348725.20538427273,0.0,190892.09454166002,539617.2999259328
324,10350.33583,0.041667,0.0,0.0,10350.294163,40.0,348658.52798421704,0.0,190472.475607822,539131.003592039,348725.20538427273,0.0,190892.09454166002,539617.2999259328
325,10350.93641,0.039209,0.0,0.0,10350.897201,40.0,348658.52798421704,0.0,190472.475607822,539131.003592039,348725.20538427273,0.0,190892.09454166002,539617.2999259328
326,10351.53699,0.031651,0.0,0.0,10351.505339000001,40.0,348658.52798421704,0.0,190472.475607822,539131.003592039,348725.20538427273,0.0,190892.09454166002,539617.2999259328
327,10352.13756,0.020273,0.0,0.0,10352.117287,40.0,348658.52798421704,0.0,190472.475607822,539131.003592039,348725.20538427273,0.0,190892.09454166002,539617.2999259328
328,10352.73814,0.007034,0.0,0.0,10352.731106,40.0,348658.52798421704,0.0,190472.475607822,539131.003592039,348725.20538427273,0.0,190892.09454166002,539617.2999259328
329,10353.33871,0.0,0.0,0.0,10353.33871,40.0,348658.52798421704,0.0,190472.475607822,539131.003592039,348725.20538427273,0.0,190892.09454166002,539617.2999259328
330,10353.93929,0.0,0.0,0.0,10353.93929,40.0,348658.52798421704,0.0,190472.475607822,539131.003592039,348725.20538427273,0.0,190892.09454166002,539617.2999259328
331,10354.53987,0.0,0.0,0.0,10354.53987,40.0,348658.52798421704,0.0,190472.475607822,539131.003592039,348725.20538427273,0.0,190892.09454166002,539617.2999259328
332,10355.14044,0.0,0.0,0.0,10355.14044,40.0,348658.52798421704,0.0,190472.475607822,539131.003592039,348725.20538427273,0.0,190892.09454166002,539617.2999259328
333,10355.74102,0.0,0.0,0.0,10355.74102,40.0,348658.52798421704,0.0,190472.475607822,539131.003592039,348725.20538427273,0.0,190892.09454166002,539617.2999259328
334,10356.3416,0.0,0.0,0.0,10356.3416,40.0,348658.52798421704,0.0,190472.475607822,539131.003592039,348725.20538427273,0.0,190892.09454166002,539617.2999259328
335,10356.94217,0.0,0.0,0.0,10356.94217,40.0,348658.52798421704,0.0,190472.475607822,539131.003592039,348725.20538427273,0.0,190892.09454166002,539617.2999259328
336,10357.55711,0.0,0.0,0.0,10357.55711,40.0,348658.52798421704,0.0,190472.475607822,539131.003592039,348725.20538427273,0.0,190892.09454166002,539617.2999259328
337,10358.55807,0.0,0.0,0.0,10358.55807,40.0,348658.52798421704,0.0,190472.475607822,539131.003592039,348725.20538427273,0.0,190892.09454166002,539617.2999259328
338,10359.55903,0.0,0.0,0.0,10359.55903,40.0,348658.52798421704,0.0,190472.475607822,539131.003592039,348725.20538427273,0.0,190892.09454166002,539617.2999259328
339,10360.55999,0.0,0.0,0.0,10360.55999,40.0,348658.52798421704,0.0,190472.475607822,539131.003592039,348725.20538427273,0.0,190892.09454166002,539617.2999259328
340,10361.56095,0.0,0.0,0.0,10361.56095,40.0,348658.52798421704,0.0,190472.475607822,539131.003592039,348725.20538427273,0.0,190892.09454166002,539617.2999259328
341,10362.56192,0.0,0.0,0.0,10362.56192,40.0,348658.52798421704,0.0,190472.475607822,539131.003592039,348725.20538427273,0.0,190892.09454166002,539617.2999259328
342,10363.386,0.0,0.0,0.0,10363.386,40.0,348658.52798421704,0.0,190472.475607822,539131.003592039,348725.20538427273,0.0,190892.09454166002,539617.2999259328
343,10364.18677,0.0,0.0,0.0,10364.18677,40.0,348658.52798421704,0.0,190472.475607822,539131.003592039,348725.20538427273,0.0,190892.09454166002,539617.2999259328
344,10364.98754,0.023011,0.0,0.0,10364.964529,40.0,348658.52798421704,0.0,190472.475607822,539131.003592039,348725.20538427273,0.0,190892.09454166002,539617.2999259328
345,10365.7883,0.031959,0.0,0.0,10365.756341,40.0,348658.52798421704,0.0,190472.475607822,539131.003592039,348725.20538427273,0.0,190892.09454166002,539617.2999259328
346,10366.58907,0.032654,0.0,0.0,10366.556416,40.0,348658.52798421704,0.0,190472.475607822,539131.003592039,348725.20538427273,0.0,190892.09454166002,539617.2999259328
347,10367.53622,0.038624000000000006,0.0,0.0,10367.497596,40.0,348658.52798421704,0.0,190472.475607822,539131.003592039,348725.20538427273,0.0,190892.09454166002,539617.2999259328
348,10368.53718,0.038836,0.0,0.0,10368.498344,40.0,348658.52798421704,0.0,190472.475607822,539131.003592039,348725.20538427273,0.0,190892.09454166002,539617.2999259328
349,10369.53814,0.035859,0.0,0.0,10369.502281000001,40.0,348658.52798421704,0.0,190472.475607822,539131.003592039,348725.20538427273,0.0,190892.09454166002,539617.2999259328
350,10370.5391,0.02836,0.0,0.0,10370.51074,40.0,348658.52798421704,0.0,190472.475607822,539131.003592039,348725.20538427273,0.0,190892.09454166002,539617.2999259328
351,10371.54006,0.019797000000000002,0.0,0.0,10371.520262999999,40.0,348658.52798421704,0.0,190472.475607822,539131.003592039,348725.20538427273,0.0,190892.09454166002,539617.2999259328
352,10372.54102,0.0069900000000000006,0.0,0.0,10372.53403,40.0,348658.52798421704,0.0,190472.475607822,539131.003592039,348725.20538427273,0.0,190892.09454166002,539617.2999259328
353,10373.54198,0.0,0.0,0.0,10373.54198,40.0,348658.52798421704,0.0,190472.475607822,539131.003592039,348725.20538427273,0.0,190892.09454166002,539617.2999259328
354,10374.54294,0.0,0.0,0.0,10374.54294,40.0,348658.52798421704,0.0,190472.475607822,539131.003592039,348725.20538427273,0.0,190892.09454166002,539617.2999259328
355,10375.5439,0.0,0.0,0.0,10375.5439,40.0,348658.52798421704,0.0,190472.475607822,539131.003592039,348725.20538427273,0.0,190892.09454166002,539617.2999259328
356,10376.54486,0.0,0.0,0.0,10376.54486,40.0,348658.52798421704,0.0,190472.475607822,539131.003592039,348725.20538427273,0.0,190892.09454166002,539617.2999259328
357,10377.28969,0.0,0.0,0.0,10377.28969,40.0,348658.52798421704,0.0,190472.475607822,539131.003592039,348725.20538427273,0.0,190892.09454166002,539617.2999259328
358,10377.69007,0.0,17.9536668363722,0.0,10395.643736836373,55.7992268160075,348658.52798421704,0.0,190472.475607822,539131.003592039,348725.20538427273,0.0,190892.09454166002,539617.2999259328
359,10378.09046,0.0,50.3814423999993,0.0,10428.471902399999,100.134896128007,348658.52798421704,0.0,190472.475607822,539131.003592039,348725.20538427273,0.0,190892.09454166002,539617.2999259328
360,10378.49084,0.0,49.9810623999983,0.0,10428.471902399999,144.118231040005,348658.52798421704,0.0,190472.475607822,539131.003592039,348725.20538427273,0.0,190892.09454166002,539617.2999259328
361,10378.89123,0.0,49.5806723999995,0.0,10428.471902399999,187.749222752005,348658.52798421704,0.0,190472.475607822,539131.003592039,348725.20538427273,0.0,190892.09454166002,539617.2999259328
362,10379.23673,0.0,49.2351723999982,0.0,10428.471902399999,231.076174464003,348658.52798421704,0.0,190472.475607822,539131.003592039,348725.20538427273,0.0,190892.09454166002,539617.2999259328
363,10379.43693,0.0,49.0349723999989,0.0,10428.471902399999,274.226950176002,348658.52798421704,0.0,190472.475607822,539131.003592039,348725.20538427273,0.0,190892.09454166002,539617.2999259328
364,10379.63712,0.0,48.8347823999993,0.0,10428.471902399999,317.201558688002,348658.52798421704,0.0,190472.475607822,539131.003592039,348725.20538427273,0.0,190892.09454166002,539617.2999259328
365,10379.83731,0.0,48.6345923999979,0.0,10428.471902399999,360.0,348658.52798421704,0.0,190472.475607822,539131.003592039,348725.20538427273,0.0,190892.09454166002,539617.2999259328
366,10380.0375,0.0,0.0,53.2081074999987,10326.829392500002,306.791892500001,348658.52798421704,0.0,190472.475607822,539131.003592039,348725.20538427273,0.0,190892.09454166002,539617.2999259328
367,10380.21332,0.0,0.0,53.3839274999991,10326.829392500002,253.407965000002,348658.52798421704,0.0,190472.475607822,539131.003592039,348725.20538427273,0.0,190892.09454166002,539617.2999259328
368,10380.21332,0.020661000000000002,0.0,53.3632664999986,10326.829392500002,200.044698500002,348658.52798421704,0.0,190472.475607822,539131.003592039,348725.20538427273,0.0,190892.09454166002,539617.2999259328
369,10380.21332,0.03004,0.0,53.3538874999995,10326.829392500002,146.690810999998,348658.52798421704,0.0,190472.475607822,539131.003592039,348725.20538427273,0.0,190892.09454166002,539617.2999259328
370,10380.21332,0.036379,0.0,53.3475484999999,10326.829392500002,93.3432624999987,348658.52798421704,0.0,190472.475607822,539131.003592039,348725.20538427273,0.0,190892.09454166002,539617.2999259328
371,10380.21332,0.040665,0.0,53.3432624999987,10326.829392500002,40.0,348658.52798421704,0.0,190472.475607822,539131.003592039,348725.20538427273,0.0,190892.09454166002,539617.2999259328
372,10380.21332,0.039617,48.2981993999983,0.0,10428.471902399999,82.5024154719985,348658.52798421704,0.0,190472.475607822,539131.003592039,348725.20538427273,0.0,190892.09454166002,539617.2999259328
373,10380.21332,0.035936,48.2945183999982,0.0,10428.471902399999,125.001591663998,348658.52798421704,0.0,190472.475607822,539131.003592039,348725.20538427273,0.0,190892.09454166002,539617.2999259328
374,10380.21332,0.027031,48.2856133999976,0.0,10428.471902399999,167.492931455995,348658.52798421704,0.0,190472.475607822,539131.003592039,348725.20538427273,0.0,190892.09454166002,539617.2999259328
375,10380.21332,0.013491,48.2720733999977,0.0,10428.471902399999,209.972356047993,348658.52798421704,0.0,190472.475607822,539131.003592039,348725.20538427273,0.0,190892.09454166002,539617.2999259328
376,10380.21332,0.005138,48.2637203999984,0.0,10428.471902399999,252.444429999992,348658.52798421704,0.0,190472.475607822,539131.003592039,348725.20538427273,0.0,190892.09454166002,539617.2999259328
377,10380.21332,0.0,0.0,53.3839274999991,10326.829392500002,199.060502499995,348658.52798421704,0.0,190472.475607822,539131.003592039,348725.20538427273,0.0,190892.09454166002,539617.2999259328
378,10380.04975,0.0,0.0,53.2203574999985,10326.829392500002,145.840144999996,348658.52798421704,0.0,190472.475607822,539131.003592039,348725.20538427273,0.0,190892.09454166002,539617.2999259328
379,10379.84956,0.0,0.0,53.0201674999989,10326.829392500002,92.8199774999975,348658.52798421704,0.0,190472.475607822,539131.003592039,348725.20538427273,0.0,190892.09454166002,539617.2999259328
380,10379.64937,0.0,0.0,52.8199774999975,10326.829392500002,40.0,348658.52798421704,0.0,190472.475607822,539131.003592039,348725.20538427273,0.0,190892.09454166002,539617.2999259328
381,10379.44917,0.0,0.0,0.0,10379.44917,40.0,348658.52798421704,0.0,190472.475607822,539131.003592039,348725.20538427273,0.0,190892.09454166002,539617.2999259328
382,10379.24898,0.0,8.74035683637258,0.0,10387.989336836374,47.6915140160079,348658.52798421704,0.0,190472.475607822,539131.003592039,348725.20538427273,0.0,190892.09454166002,539617.2999259328
383,10378.91572,0.0,49.5561823999964,0.0,10428.471902399997,91.3009545280047,348658.52798421704,0.0,190472.475607822,539131.003592039,348725.20538427273,0.0,190892.09454166002,539617.2999259328
384,10378.51534,0.0,49.9565623999988,0.0,10428.471902399999,135.262729440004,348658.52798421704,0.0,190472.475607822,539131.003592039,348725.20538427273,0.0,190892.09454166002,539617.2999259328
385,10378.11495,0.0,50.3569523999995,0.0,10428.471902399999,179.576847552003,348658.52798421704,0.0,190472.475607822,539131.003592039,348725.20538427273,0.0,190892.09454166002,539617.2999259328
386,10377.71457,0.0,50.7573323999986,0.0,10428.471902399999,224.243300064002,348658.52798421704,0.0,190472.475607822,539131.003592039,348725.20538427273,0.0,190892.09454166002,539617.2999259328
387,10377.31418,0.0,51.1577223999993,0.0,10428.471902399999,269.262095776002,348658.52798421704,0.0,190472.475607822,539131.003592039,348725.20538427273,0.0,190892.09454166002,539617.2999259328
388,10377.01637,0.0,51.4555323999994,0.0,10428.471902399999,314.542964288001,348658.52798421704,0.0,190472.475607822,539131.003592039,348725.20538427273,0.0,190892.09454166002,539617.2999259328
389,10376.81618,0.0,51.6557223999989,0.0,10428.471902399999,360.0,348658.52798421704,0.0,190472.475607822,539131.003592039,348725.20538427273,0.0,190892.09454166002,539617.2999259328
390,10376.61599,0.0,0.0,75.8305415000131,10300.785448499988,284.169458499991,348658.52798421704,0.0,190472.475607822,539131.003592039,348725.20538427273,0.0,190892.09454166002,539617.2999259328
391,10376.41579,0.0,0.0,49.5863974999975,10326.829392500002,234.583060999994,348658.52798421704,0.0,190472.475607822,539131.003592039,348725.20538427273,0.0,190892.09454166002,539617.2999259328
392,10376.2156,0.017967,0.0,49.3682404999981,10326.829392500002,185.214820499996,348658.52798421704,0.0,190472.475607822,539131.003592039,348725.20538427273,0.0,190892.09454166002,539617.2999259328
393,10375.87127,0.031123,0.0,49.0107544999973,10326.829392500002,136.204065999998,348658.52798421704,0.0,190472.475607822,539131.003592039,348725.20538427273,0.0,190892.09454166002,539617.2999259328
394,10375.27069,0.03755,0.0,48.4037474999986,10326.829392500002,87.8003184999998,348658.52798421704,0.0,190472.475607822,539131.003592039,348725.20538427273,0.0,190892.09454166002,539617.2999259328
395,10374.67012,0.040409,0.0,47.8003184999998,10326.829392500002,40.0,348658.52798421704,0.0,190472.475607822,539131.003592039,348725.20538427273,0.0,190892.09454166002,539617.2999259328
396,10374.06954,0.040570999999999996,54.4429333999979,0.0,10428.471902399999,87.9097813919981,348658.52798421704,0.0,190472.475607822,539131.003592039,348725.20538427273,0.0,190892.09454166002,539617.2999259328
397,10373.46897,0.037838000000000004,55.0407703999931,0.0,10428.471902399993,136.345659343992,348658.52798421704,0.0,190472.475607822,539131.003592039,348725.20538427273,0.0,190892.09454166002,539617.2999259328
398,10372.95153,0.030873,55.5512453999982,0.0,10428.471902399999,185.23075529599,348658.52798421704,0.0,190472.475607822,539131.003592039,348725.20538427273,0.0,190892.09454166002,539617.2999259328
399,10372.75134,0.020715,55.7412773999986,0.0,10428.471902399999,234.283079407989,348658.52798421704,0.0,190472.475607822,539131.003592039,348725.20538427273,0.0,190892.09454166002,539617.2999259328
400,10372.55114,0.0074600000000000005,55.9282223999999,0.0,10428.471902399999,283.499915119989,348658.52798421704,0.0,190472.475607822,539131.003592039,348725.20538427273,0.0,190892.09454166002,539617.2999259328
401,10372.35095,0.0,0.0,108.803382619994,10263.547567380007,174.696532499995,348658.52798421704,0.0,190472.475607822,539131.003592039,348725.20538427273,0.0,190892.09454166002,539617.2999259328
402,10372.15076,0.0,0.0,45.3213674999988,10326.829392500002,129.375164999996,348658.52798421704,0.0,190472.475607822,539131.003592039,348725.20538427273,0.0,190892.09454166002,539617.2999259328
403,10371.91736,0.0,0.0,45.0879674999978,10326.829392500002,84.287197499998,348658.52798421704,0.0,190472.475607822,539131.003592039,348725.20538427273,0.0,190892.09454166002,539617.2999259328
404,10371.11659,0.0,0.0,44.287197499998,10326.829392500002,40.0,348658.52798421704,0.0,190472.475607822,539131.003592039,348725.20538427273,0.0,190892.09454166002,539617.2999259328
405,10370.31582,0.0,0.0,0.0,10370.31582,40.0,348658.52798421704,0.0,190472.475607822,539131.003592039,348725.20538427273,0.0,190892.09454166002,539617.2999259328
406,10369.51506,0.0,0.0,0.0,10369.51506,40.0,348658.52798421704,0.0,190472.475607822,539131.003592039,348725.20538427273,0.0,190892.09454166002,539617.2999259328
407,10368.71429,0.0,0.0,0.0,10368.71429,40.0,348658.52798421704,0.0,190472.475607822,539131.003592039,348725.20538427273,0.0,190892.09454166002,539617.2999259328
408,10367.91352,0.0,45.9272016363621,0.0,10413.840721636363,80.4159374399987,348658.52798421704,0.0,190472.475607822,539131.003592039,348725.20538427273,0.0,190892.09454166002,539617.2999259328
409,10366.93199,0.0,61.5399123999996,0.0,10428.471902399999,134.571060351998,348658.52798421704,0.0,190472.475607822,539131.003592039,348725.20538427273,0.0,190892.09454166002,539617.2999259328
410,10365.93103,0.0,62.5408724000049,0.0,10428.471902400004,189.607028064003,348658.52798421704,0.0,190472.475607822,539131.003592039,348725.20538427273,0.0,190892.09454166002,539617.2999259328
411,10364.93007,0.0,63.5418323999984,0.0,10428.471902399999,245.523840576001,348658.52798421704,0.0,190472.475607822,539131.003592039,348725.20538427273,0.0,190892.09454166002,539617.2999259328
412,10363.92911,0.0,64.5427923999996,0.0,10428.471902399999,302.321497888001,348658.52798421704,0.0,190472.475607822,539131.003592039,348725.20538427273,0.0,190892.09454166002,539617.2999259328
413,10362.92815,0.0,65.543752399999,0.0,10428.471902399999,360.0,348658.52798421704,0.0,190472.475607822,539131.003592039,348725.20538427273,0.0,190892.09454166002,539617.2999259328
414,10362.07745,0.0,0.0,156.007925500005,10206.069524499995,203.992074499991,348658.52798421704,0.0,190472.475607822,539131.003592039,348725.20538427273,0.0,190892.09454166002,539617.2999259328
415,10361.27668,0.0,0.0,34.4472874999992,10326.829392500002,169.544786999992,348658.52798421704,0.0,190472.475607822,539131.003592039,348725.20538427273,0.0,190892.09454166002,539617.2999259328
416,10360.47591,0.015772,0.0,33.6307454999969,10326.829392500002,135.914041499995,348658.52798421704,0.0,190472.475607822,539131.003592039,348725.20538427273,0.0,190892.09454166002,539617.2999259328
417,10359.67515,0.028149,0.0,32.8176084999977,10326.829392500002,103.096432999997,348658.52798421704,0.0,190472.475607822,539131.003592039,348725.20538427273,0.0,190892.09454166002,539617.2999259328
418,10358.87438,0.034091,0.0,32.0108964999981,10326.829392500002,71.0855364999989,348658.52798421704,0.0,190472.475607822,539131.003592039,348725.20538427273,0.0,190892.09454166002,539617.2999259328
419,10357.95385,0.038921,0.0,31.0855364999989,10326.829392500002,40.0,348658.52798421704,0.0,190472.475607822,539131.003592039,348725.20538427273,0.0,190892.09454166002,539617.2999259328
420,10356.95289,0.040426000000000004,67.4734400363723,0.0,10424.385904036373,99.3766272320076,348658.52798421704,0.0,190472.475607822,539131.003592039,348725.20538427273,0.0,190892.09454166002,539617.2999259328
421,10355.95193,0.035247,72.5552193999993,0.0,10428.471902399999,163.225220304007,348658.52798421704,0.0,190472.475607822,539131.003592039,348725.20538427273,0.0,190892.09454166002,539617.2999259328
422,10354.95097,0.019642,73.5405743999981,0.0,10428.471902399999,227.940925776005,348658.52798421704,0.0,190472.475607822,539131.003592039,348725.20538427273,0.0,190892.09454166002,539617.2999259328
423,10353.95001,0.01579,74.5376823999937,0.0,10428.471902399995,293.534086288,348658.52798421704,0.0,190472.475607822,539131.003592039,348725.20538427273,0.0,190892.09454166002,539617.2999259328
424,10352.94905,0.006595,75.5294474000002,0.0,10428.471902399999,360.0,348658.52798421704,0.0,190472.475607822,539131.003592039,348725.20538427273,0.0,190892.09454166002,539617.2999259328
425,10351.94809,0.0,0.0,250.649667500011,10101.29842249999,109.350332499995,348658.52798421704,0.0,190472.475607822,539131.003592039,348725.20538427273,0.0,190892.09454166002,539617.2999259328
426,10350.94713,0.0,0.0,24.1177374999988,10326.829392500002,85.2325949999959,348658.52798421704,0.0,190472.475607822,539131.003592039,348725.20538427273,0.0,190892.09454166002,539617.2999259328
427,10349.94617,0.0,0.0,23.1167774999976,10326.829392500002,62.1158174999982,348658.52798421704,0.0,190472.475607822,539131.003592039,348725.20538427273,0.0,190892.09454166002,539617.2999259328
428,10348.94521,0.0,0.0,22.1158174999982,10326.829392500002,40.0,348658.52798421704,0.0,190472.475607822,539131.003592039,348725.20538427273,0.0,190892.09454166002,539617.2999259328
429,10347.76796,0.0,0.0,0.0,10347.76796,40.0,348658.52798421704,0.0,190472.475607822,539131.003592039,348725.20538427273,0.0,190892.09454166002,539617.2999259328
430,10346.16642,0.0,0.0,0.0,10346.16642,40.0,348658.52798421704,0.0,190472.475607822,539131.003592039,348725.20538427273,0.0,190892.09454166002,539617.2999259328
431,10344.56489,0.0,0.0,0.0,10344.56489,40.0,348658.52798421704,0.0,190472.475607822,539131.003592039,348725.20538427273,0.0,190892.09454166002,539617.2999259328
432,10342.96335,0.0,0.0,0.0,10342.96335,40.0,348658.52798421704,0.0,190472.475607822,539131.003592039,348725.20538427273,0.0,190892.09454166002,539617.2999259328
433,10341.36181,0.0,1.80904403638455,0.0,10343.170854036385,41.5919587520184,348658.52798421704,0.0,190472.475607822,539131.003592039,348725.20538427273,0.0,190892.09454166002,539617.2999259328
434,10339.8168,0.0,88.6551023999982,0.0,10428.471902399999,119.608448864017,348658.52798421704,0.0,190472.475607822,539131.003592039,348725.20538427273,0.0,190892.09454166002,539617.2999259328
435,10338.61565,0.0,89.856252399999,0.0,10428.471902399999,198.681950976016,348658.52798421704,0.0,190472.475607822,539131.003592039,348725.20538427273,0.0,190892.09454166002,539617.2999259328
436,10337.4145,0.0,91.057402399998,0.0,10428.471902399999,278.812465088014,348658.52798421704,0.0,190472.475607822,539131.003592039,348725.20538427273,0.0,190892.09454166002,539617.2999259328
437,10336.21334,0.0,92.2585623999839,0.0,10428.471902399984,360.0,348658.52798421704,0.0,190472.475607822,539131.003592039,348725.20538427273,0.0,190892.09454166002,539617.2999259328
438,10335.01219,0.0,0.0,297.235049500021,10037.777140499978,62.7649504999918,348658.52798421704,0.0,190472.475607822,539131.003592039,348725.20538427273,0.0,190892.09454166002,539617.2999259328
439,10333.81104,0.0,0.0,6.98164749999887,10326.829392500002,55.7833029999929,348658.52798421704,0.0,190472.475607822,539131.003592039,348725.20538427273,0.0,190892.09454166002,539617.2999259328
440,10332.60989,0.02274,0.0,5.75775749999775,10326.829392500002,50.0255454999951,348658.52798421704,0.0,190472.475607822,539131.003592039,348725.20538427273,0.0,190892.09454166002,539617.2999259328
441,10331.40874,0.030703,0.0,4.54864449999877,10326.829392500002,45.4769009999964,348658.52798421704,0.0,190472.475607822,539131.003592039,348725.20538427273,0.0,190892.09454166002,539617.2999259328
442,10330.20758,0.038272,0.0,3.33991549999882,10326.829392500002,42.1369854999975,348658.52798421704,0.0,190472.475607822,539131.003592039,348725.20538427273,0.0,190892.09454166002,539617.2999259328
443,10329.00643,0.040052,0.0,2.13698549999754,10326.829392500002,40.0,348658.52798421704,0.0,190472.475607822,539131.003592039,348725.20538427273,0.0,190892.09454166002,539617.2999259328
444,10327.80528,0.038631,0.0,0.0,10327.766649000001,40.0,348658.52798421704,0.0,190472.475607822,539131.003592039,348725.20538427273,0.0,190892.09454166002,539617.2999259328
445,10326.43667,0.035429,49.0670114363638,0.0,10375.468252436363,83.1789700640002,348658.52798421704,0.0,190472.475607822,539131.003592039,348725.20538427273,0.0,190892.09454166002,539617.2999259328
446,10325.03533,0.029278,103.465850399998,0.0,10428.471902399999,174.228918415998,348658.52798421704,0.0,190472.475607822,539131.003592039,348725.20538427273,0.0,190892.09454166002,539617.2999259328
447,10323.63398,0.019056,104.856978399997,0.0,10428.471902399999,266.503059407996,348658.52798421704,0.0,190472.475607822,539131.003592039,348725.20538427273,0.0,190892.09454166002,539617.2999259328
448,10322.23264,0.007261,106.246523399999,0.0,10428.471902399999,360.0,348658.52798421704,0.0,190472.475607822,539131.003592039,348725.20538427273,0.0,190892.09454166002,539617.2999259328
449,10320.83129,0.0,0.0,320.0,10000.83129,40.0,348658.52798421704,0.0,190472.475607822,539131.003592039,348725.20538427273,0.0,190892.09454166002,539617.2999259328
450,10318.74518,0.0,0.0,0.0,10318.74518,40.0,348658.52798421704,0.0,190472.475607822,539131.003592039,348725.20538427273,0.0,190892.09454166002,539617.2999259328
451,10316.34287,0.0,0.0,0.0,10316.34287,40.0,348658.52798421704,0.0,190472.475607822,539131.003592039,348725.20538427273,0.0,190892.09454166002,539617.2999259328
452,10313.94057,0.0,0.0,0.0,10313.94057,40.0,348658.52798421704,0.0,190472.475607822,539131.003592039,348725.20538427273,0.0,190892.09454166002,539617.2999259328
453,10311.53826,0.0,0.0,0.0,10311.53826,40.0,348658.52798421704,0.0,190472.475607822,539131.003592039,348725.20538427273,0.0,190892.09454166002,539617.2999259328
454,10309.13596,0.0,0.0,0.0,10309.13596,40.0,348658.52798421704,0.0,190472.475607822,539131.003592039,348725.20538427273,0.0,190892.09454166002,539617.2999259328
455,10306.84011,0.0,0.0,0.0,10306.84011,40.0,348658.52798421704,0.0,190472.475607822,539131.003592039,348725.20538427273,0.0,190892.09454166002,539617.2999259328
456,10304.638,0.0,0.0,0.0,10304.638,40.0,348658.52798421704,0.0,190472.475607822,539131.003592039,348725.20538427273,0.0,190892.09454166002,539617.2999259328
457,10302.43588,0.0,0.0,0.0,10302.43588,40.0,348658.52798421704,0.0,190472.475607822,539131.003592039,348725.20538427273,0.0,190892.09454166002,539617.2999259328
458,10300.23377,0.0,0.0,0.0,10300.23377,40.0,348658.52798421704,0.0,190472.475607822,539131.003592039,348725.20538427273,0.0,190892.09454166002,539617.2999259328
459,10298.03166,0.0,96.1495388363677,0.0,10394.181198836368,124.611594176004,348658.52798421704,0.0,190472.475607822,539131.003592039,348725.20538427273,0.0,190892.09454166002,539617.2999259328
460,10295.82955,0.0,132.642352399998,0.0,10428.471902399999,241.336864288002,348658.52798421704,0.0,190472.475607822,539131.003592039,348725.20538427273,0.0,190892.09454166002,539617.2999259328
461,10293.62743,0.0,134.844472399998,0.0,10428.471902399999,360.0,348658.52798421704,0.0,190472.475607822,539131.003592039,348725.20538427273,0.0,190892.09454166002,539617.2999259328
462,10291.42532,0.0,0.0,320.0,9971.42532,40.0,348658.52798421704,0.0,190472.475607822,539131.003592039,348725.20538427273,0.0,190892.09454166002,539617.2999259328
463,10289.22321,0.0,0.0,0.0,10289.22321,40.0,348658.52798421704,0.0,190472.475607822,539131.003592039,348725.20538427273,0.0,190892.09454166002,539617.2999259328
464,10287.0211,0.014128,0.0,0.0,10287.006972,40.0,348658.52798421704,0.0,190472.475607822,539131.003592039,348725.20538427273,0.0,190892.09454166002,539617.2999259328
465,10284.81898,0.025944,0.0,0.0,10284.793036,40.0,348658.52798421704,0.0,190472.475607822,539131.003592039,348725.20538427273,0.0,190892.09454166002,539617.2999259328
466,10282.61687,0.033845,0.0,0.0,10282.583025,40.0,348658.52798421704,0.0,190472.475607822,539131.003592039,348725.20538427273,0.0,190892.09454166002,539617.2999259328
467,10280.41476,0.036531,0.0,0.0,10280.378229,40.0,348658.52798421704,0.0,190472.475607822,539131.003592039,348725.20538427273,0.0,190892.09454166002,539617.2999259328
468,10278.21265,0.03628,0.0,0.0,10278.17637,40.0,348658.52798421704,0.0,190472.475607822,539131.003592039,348725.20538427273,0.0,190892.09454166002,539617.2999259328
469,10276.01053,0.034631999999999996,0.0,0.0,10275.975897999999,40.0,348658.52798421704,0.0,190472.475607822,539131.003592039,348725.20538427273,0.0,190892.09454166002,539617.2999259328
470,10273.80842,0.030317,47.6736808363677,0.0,10321.451783836366,81.9528391360036,348658.52798421704,0.0,190472.475607822,539131.003592039,348725.20538427273,0.0,190892.09454166002,539617.2999259328
471,10271.60631,0.021774,156.8873664,0.0,10428.471902399999,220.013721568004,348658.52798421704,0.0,190472.475607822,539131.003592039,348725.20538427273,0.0,190892.09454166002,539617.2999259328
472,10269.4042,0.007614,159.075316399998,0.0,10428.471902399999,360.0,348658.52798421704,0.0,190472.475607822,539131.003592039,348725.20538427273,0.0,190892.09454166002,539617.2999259328
473,10267.20208,0.0,0.0,320.0,9947.20208,40.0,348658.52798421704,0.0,190472.475607822,539131.003592039,348725.20538427273,0.0,190892.09454166002,539617.2999259328
474,10264.99997,0.0,0.0,0.0,10264.99997,40.0,348658.52798421704,0.0,190472.475607822,539131.003592039,348725.20538427273,0.0,190892.09454166002,539617.2999259328
475,10262.79786,0.0,0.0,0.0,10262.79786,40.0,348658.52798421704,0.0,190472.475607822,539131.003592039,348725.20538427273,0.0,190892.09454166002,539617.2999259328
476,10261.51898,0.0,0.0,0.0,10261.51898,40.0,348658.52798421704,0.0,190472.475607822,539131.003592039,348725.20538427273,0.0,190892.09454166002,539617.2999259328
477,10260.31783,0.0,0.0,0.0,10260.31783,40.0,348658.52798421704,0.0,190472.475607822,539131.003592039,348725.20538427273,0.0,190892.09454166002,539617.2999259328
478,10259.11668,0.0,0.0,0.0,10259.11668,40.0,348658.52798421704,0.0,190472.475607822,539131.003592039,348725.20538427273,0.0,190892.09454166002,539617.2999259328
479,10257.91553,0.0,0.0,0.0,10257.91553,40.0,348658.52798421704,0.0,190472.475607822,539131.003592039,348725.20538427273,0.0,190892.09454166002,539617.2999259328
480,10256.71438,0.0,0.0,0.0,10256.71438,40.0,348658.52798421704,0.0,190472.475607822,539131.003592039,348725.20538427273,0.0,190892.09454166002,539617.2999259328
481,10255.51322,0.0,0.0,0.0,10255.51322,40.0,348658.52798421704,0.0,190472.475607822,539131.003592039,348725.20538427273,0.0,190892.09454166002,539617.2999259328
482,10254.31207,0.0,0.0,0.0,10254.31207,40.0,348658.52798421704,0.0,190472.475607822,539131.003592039,348725.20538427273,0.0,190892.09454166002,539617.2999259328
483,10253.11092,0.0,0.0,0.0,10253.11092,40.0,348658.52798421704,0.0,190472.475607822,539131.003592039,348725.20538427273,0.0,190892.09454166002,539617.2999259328
484,10251.90977,0.0,0.0,0.0,10251.90977,40.0,348658.52798421704,0.0,190472.475607822,539131.003592039,348725.20538427273,0.0,190892.09454166002,539617.2999259328
485,10250.70861,0.0,0.0,0.0,10250.70861,40.0,348658.52798421704,0.0,190472.475607822,539131.003592039,348725.20538427273,0.0,190892.09454166002,539617.2999259328
486,10249.26017,0.0,0.0,0.0,10249.26017,40.0,348658.52798421704,0.0,190472.475607822,539131.003592039,348725.20538427273,0.0,190892.09454166002,539617.2999259328
487,10247.65863,0.0,0.0,0.0,10247.65863,40.0,348658.52798421704,0.0,190472.475607822,539131.003592039,348725.20538427273,0.0,190892.09454166002,539617.2999259328
488,10246.05709,0.018564,0.0,0.0,10246.038526,40.0,348658.52798421704,0.0,190472.475607822,539131.003592039,348725.20538427273,0.0,190892.09454166002,539617.2999259328
489,10244.45556,0.023871,0.0,0.0,10244.431689000001,40.0,348658.52798421704,0.0,190472.475607822,539131.003592039,348725.20538427273,0.0,190892.09454166002,539617.2999259328
490,10242.85402,0.015805,0.0,0.0,10242.838215000002,40.0,348658.52798421704,0.0,190472.475607822,539131.003592039,348725.20538427273,0.0,190892.09454166002,539617.2999259328
491,10241.15934,0.007135,0.0,0.0,10241.152205,40.0,348658.52798421704,0.0,190472.475607822,539131.003592039,348725.20538427273,0.0,190892.09454166002,539617.2999259328
492,10239.35761,0.006153,0.0,0.0,10239.351456999999,40.0,348658.52798421704,0.0,190472.475607822,539131.003592039,348725.20538427273,0.0,190892.09454166002,539617.2999259328
493,10237.55588,0.007065000000000001,0.0,0.0,10237.548815,40.0,348658.52798421704,0.0,190472.475607822,539131.003592039,348725.20538427273,0.0,190892.09454166002,539617.2999259328
494,10235.75415,0.005642,0.0,0.0,10235.748508,40.0,348658.52798421704,0.0,190472.475607822,539131.003592039,348725.20538427273,0.0,190892.09454166002,539617.2999259328
495,10233.95242,0.0015880000000000002,0.0,0.0,10233.950832,40.0,348658.52798421704,0.0,190472.475607822,539131.003592039,348725.20538427273,0.0,190892.09454166002,539617.2999259328
496,10232.27599,0.00046,0.0,0.0,10232.27553,40.0,348658.52798421704,0.0,190472.475607822,539131.003592039,348725.20538427273,0.0,190892.09454166002,539617.2999259328
497,10230.87465,0.0,0.0,0.0,10230.87465,40.0,348658.52798421704,0.0,190472.475607822,539131.003592039,348725.20538427273,0.0,190892.09454166002,539617.2999259328
498,10229.4733,0.0,0.0,0.0,10229.4733,40.0,348658.52798421704,0.0,190472.475607822,539131.003592039,348725.20538427273,0.0,190892.09454166002,539617.2999259328
499,10228.07196,0.0,0.0,0.0,10228.07196,40.0,348658.52798421704,0.0,190472.475607822,539131.003592039,348725.20538427273,0.0,190892.09454166002,539617.2999259328
500,10226.67061,0.0,0.0,0.0,10226.67061,40.0,348658.52798421704,0.0,190472.475607822,539131.003592039,348725.20538427273,0.0,190892.09454166002,539617.2999259328
501,10225.23712,0.0,0.0,0.0,10225.23712,40.0,348658.52798421704,0.0,190472.475607822,539131.003592039,348725.20538427273,0.0,190892.09454166002,539617.2999259328
502,10223.63558,0.0,0.0,0.0,10223.63558,40.0,348658.52798421704,0.0,190472.475607822,539131.003592039,348725.20538427273,0.0,190892.09454166002,539617.2999259328
503,10222.03405,0.0,0.0,0.0,10222.03405,40.0,348658.52798421704,0.0,190472.475607822,539131.003592039,348725.20538427273,0.0,190892.09454166002,539617.2999259328
504,10220.43251,0.0,0.0,0.0,10220.43251,40.0,348658.52798421704,0.0,190472.475607822,539131.003592039,348725.20538427273,0.0,190892.09454166002,539617.2999259328
505,10218.83098,0.0,0.0,0.0,10218.83098,40.0,348658.52798421704,0.0,190472.475607822,539131.003592039,348725.20538427273,0.0,190892.09454166002,539617.2999259328
506,10217.22449,0.0,0.0,0.0,10217.22449,40.0,348658.52798421704,0.0,190472.475607822,539131.003592039,348725.20538427273,0.0,190892.09454166002,539617.2999259328
507,10215.02238,0.0,0.0,0.0,10215.02238,40.0,348658.52798421704,0.0,190472.475607822,539131.003592039,348725.20538427273,0.0,190892.09454166002,539617.2999259328
508,10212.82027,0.0,0.0,0.0,10212.82027,40.0,348658.52798421704,0.0,190472.475607822,539131.003592039,348725.20538427273,0.0,190892.09454166002,539617.2999259328
509,10210.61816,0.0,0.0,0.0,10210.61816,40.0,348658.52798421704,0.0,190472.475607822,539131.003592039,348725.20538427273,0.0,190892.09454166002,539617.2999259328
510,10208.41604,0.0,0.0,0.0,10208.41604,40.0,348658.52798421704,0.0,190472.475607822,539131.003592039,348725.20538427273,0.0,190892.09454166002,539617.2999259328
511,10206.21393,0.0,0.0,0.0,10206.21393,40.0,348658.52798421704,0.0,190472.475607822,539131.003592039,348725.20538427273,0.0,190892.09454166002,539617.2999259328
512,10203.84048,0.022439,0.0,0.0,10203.818041,40.0,348658.52798421704,0.0,190472.475607822,539131.003592039,348725.20538427273,0.0,190892.09454166002,539617.2999259328
513,10201.43817,0.031936,0.0,0.0,10201.406234,40.0,348658.52798421704,0.0,190472.475607822,539131.003592039,348725.20538427273,0.0,190892.09454166002,539617.2999259328
514,10199.03587,0.03699,0.0,0.0,10198.99888,40.0,348658.52798421704,0.0,190472.475607822,539131.003592039,348725.20538427273,0.0,190892.09454166002,539617.2999259328
515,10196.63356,0.038874000000000006,0.0,0.0,10196.594686,40.0,348658.52798421704,0.0,190472.475607822,539131.003592039,348725.20538427273,0.0,190892.09454166002,539617.2999259328
516,10194.23126,0.036776,0.0,0.0,10194.194484,40.0,348658.52798421704,0.0,190472.475607822,539131.003592039,348725.20538427273,0.0,190892.09454166002,539617.2999259328
517,10191.82895,0.035752000000000006,0.0,0.0,10191.793198,40.0,348658.52798421704,0.0,190472.475607822,539131.003592039,348725.20538427273,0.0,190892.09454166002,539617.2999259328
518,10189.42665,0.029434000000000002,0.0,0.0,10189.397216,40.0,348658.52798421704,0.0,190472.475607822,539131.003592039,348725.20538427273,0.0,190892.09454166002,539617.2999259328
519,10187.02435,0.018954000000000002,0.0,0.0,10187.005396,40.0,348658.52798421704,0.0,190472.475607822,539131.003592039,348725.20538427273,0.0,190892.09454166002,539617.2999259328
520,10184.62204,0.008048999999999999,0.0,0.0,10184.613991,40.0,348658.52798421704,0.0,190472.475607822,539131.003592039,348725.20538427273,0.0,190892.09454166002,539617.2999259328
521,10182.21974,0.0,0.0,0.0,10182.21974,40.0,348658.52798421704,0.0,190472.475607822,539131.003592039,348725.20538427273,0.0,190892.09454166002,539617.2999259328
522,10179.81743,0.0,0.0,0.0,10179.81743,40.0,348658.52798421704,0.0,190472.475607822,539131.003592039,348725.20538427273,0.0,190892.09454166002,539617.2999259328
523,10177.41513,0.0,0.0,0.0,10177.41513,40.0,348658.52798421704,0.0,190472.475607822,539131.003592039,348725.20538427273,0.0,190892.09454166002,539617.2999259328
524,10175.01282,0.0,0.0,0.0,10175.01282,40.0,348658.52798421704,0.0,190472.475607822,539131.003592039,348725.20538427273,0.0,190892.09454166002,539617.2999259328
525,10172.61052,0.0,0.0,0.0,10172.61052,40.0,348658.52798421704,0.0,190472.475607822,539131.003592039,348725.20538427273,0.0,190892.09454166002,539617.2999259328
526,10170.20821,0.0,0.0,0.0,10170.20821,40.0,348658.52798421704,0.0,190472.475607822,539131.003592039,348725.20538427273,0.0,190892.09454166002,539617.2999259328
527,10167.88575,0.0,0.0,0.0,10167.88575,40.0,348658.52798421704,0.0,190472.475607822,539131.003592039,348725.20538427273,0.0,190892.09454166002,539617.2999259328
528,10165.68364,0.0,0.0,0.0,10165.68364,40.0,348658.52798421704,0.0,190472.475607822,539131.003592039,348725.20538427273,0.0,190892.09454166002,539617.2999259328
529,10163.48153,0.0,0.0,0.0,10163.48153,40.0,348658.52798421704,0.0,190472.475607822,539131.003592039,348725.20538427273,0.0,190892.09454166002,539617.2999259328
530,10161.27941,0.0,0.0,0.0,10161.27941,40.0,348658.52798421704,0.0,190472.475607822,539131.003592039,348725.20538427273,0.0,190892.09454166002,539617.2999259328
531,10159.0773,0.0,0.0,0.0,10159.0773,40.0,348658.52798421704,0.0,190472.475607822,539131.003592039,348725.20538427273,0.0,190892.09454166002,539617.2999259328
532,10157.1219,0.0,91.0852012363648,0.0,10248.207101236365,120.154977088001,348658.52798421704,0.0,190472.475607822,539131.003592039,348725.20538427273,0.0,190892.09454166002,539617.2999259328
533,10155.92074,0.0,272.551162399999,0.0,10428.471902399999,360.0,348658.52798421704,0.0,190472.475607822,539131.003592039,348725.20538427273,0.0,190892.09454166002,539617.2999259328
534,10154.71959,0.0,0.0,320.0,9834.71959,40.0,348658.52798421704,0.0,190472.475607822,539131.003592039,348725.20538427273,0.0,190892.09454166002,539617.2999259328
535,10153.51844,0.0,0.0,0.0,10153.51844,40.0,348658.52798421704,0.0,190472.475607822,539131.003592039,348725.20538427273,0.0,190892.09454166002,539617.2999259328
536,10152.31729,0.021059,0.0,0.0,10152.296231,40.0,348658.52798421704,0.0,190472.475607822,539131.003592039,348725.20538427273,0.0,190892.09454166002,539617.2999259328
537,10151.09729,0.030545000000000003,0.0,0.0,10151.066745,40.0,348658.52798421704,0.0,190472.475607822,539131.003592039,348725.20538427273,0.0,190892.09454166002,539617.2999259328
538,10149.69595,0.03644,0.0,0.0,10149.65951,40.0,348658.52798421704,0.0,190472.475607822,539131.003592039,348725.20538427273,0.0,190892.09454166002,539617.2999259328
539,10148.2946,0.039217,0.0,0.0,10148.255383,40.0,348658.52798421704,0.0,190472.475607822,539131.003592039,348725.20538427273,0.0,190892.09454166002,539617.2999259328
540,10146.89326,0.038357999999999996,0.0,0.0,10146.854902000001,40.0,348658.52798421704,0.0,190472.475607822,539131.003592039,348725.20538427273,0.0,190892.09454166002,539617.2999259328
541,10145.49191,0.0343,0.0,0.0,10145.457610000001,40.0,348658.52798421704,0.0,190472.475607822,539131.003592039,348725.20538427273,0.0,190892.09454166002,539617.2999259328
542,10144.09057,0.028822,0.0,0.0,10144.061748,40.0,348658.52798421704,0.0,190472.475607822,539131.003592039,348725.20538427273,0.0,190892.09454166002,539617.2999259328
543,10142.87776,0.021358000000000002,76.8331042363653,0.0,10219.689506236366,107.613131728001,348658.52798421704,0.0,190472.475607822,539131.003592039,348725.20538427273,0.0,190892.09454166002,539617.2999259328
544,10141.67661,0.007967,286.803259399998,0.0,10428.471902399999,360.0,348658.52798421704,0.0,190472.475607822,539131.003592039,348725.20538427273,0.0,190892.09454166002,539617.2999259328
545,10140.47546,0.0,0.0,320.0,9820.47546,40.0,348658.52798421704,0.0,190472.475607822,539131.003592039,348725.20538427273,0.0,190892.09454166002,539617.2999259328
546,10139.2743,0.0,0.0,0.0,10139.2743,40.0,348658.52798421704,0.0,190472.475607822,539131.003592039,348725.20538427273,0.0,190892.09454166002,539617.2999259328
547,10138.07315,0.0,0.0,0.0,10138.07315,40.0,348658.52798421704,0.0,190472.475607822,539131.003592039,348725.20538427273,0.0,190892.09454166002,539617.2999259328
548,10136.71396,0.0,0.0,0.0,10136.71396,40.0,348658.52798421704,0.0,190472.475607822,539131.003592039,348725.20538427273,0.0,190892.09454166002,539617.2999259328
549,10135.31262,0.0,0.0,0.0,10135.31262,40.0,348658.52798421704,0.0,190472.475607822,539131.003592039,348725.20538427273,0.0,190892.09454166002,539617.2999259328
550,10133.91128,0.0,0.0,0.0,10133.91128,40.0,348658.52798421704,0.0,190472.475607822,539131.003592039,348725.20538427273,0.0,190892.09454166002,539617.2999259328
551,10132.50993,0.0,0.0,0.0,10132.50993,40.0,348658.52798421704,0.0,190472.475607822,539131.003592039,348725.20538427273,0.0,190892.09454166002,539617.2999259328
552,10131.10859,0.0,0.0,0.0,10131.10859,40.0,348658.52798421704,0.0,190472.475607822,539131.003592039,348725.20538427273,0.0,190892.09454166002,539617.2999259328
553,10129.83478,0.0,0.0,0.0,10129.83478,40.0,348658.52798421704,0.0,190472.475607822,539131.003592039,348725.20538427273,0.0,190892.09454166002,539617.2999259328
554,10128.63363,0.0,0.0,0.0,10128.63363,40.0,348658.52798421704,0.0,190472.475607822,539131.003592039,348725.20538427273,0.0,190892.09454166002,539617.2999259328
555,10127.43247,0.0,0.0,0.0,10127.43247,40.0,348658.52798421704,0.0,190472.475607822,539131.003592039,348725.20538427273,0.0,190892.09454166002,539617.2999259328
556,10126.23132,0.0,60.1946312363649,0.0,10186.425951236366,92.9712754880011,348658.52798421704,0.0,190472.475607822,539131.003592039,348725.20538427273,0.0,190892.09454166002,539617.2999259328
557,10125.03017,0.0,303.441732399999,0.0,10428.471902399999,360.0,348658.52798421704,0.0,190472.475607822,539131.003592039,348725.20538427273,0.0,190892.09454166002,539617.2999259328
558,10123.63495,0.0,0.0,320.0,9803.63495,40.0,348658.52798421704,0.0,190472.475607822,539131.003592039,348725.20538427273,0.0,190892.09454166002,539617.2999259328
559,10122.03341,0.0,0.0,0.0,10122.03341,40.0,348658.52798421704,0.0,190472.475607822,539131.003592039,348725.20538427273,0.0,190892.09454166002,539617.2999259328
560,10120.43187,0.022363,0.0,0.0,10120.409507,40.0,348658.52798421704,0.0,190472.475607822,539131.003592039,348725.20538427273,0.0,190892.09454166002,539617.2999259328
561,10118.83034,0.03148,0.0,0.0,10118.79886,40.0,348658.52798421704,0.0,190472.475607822,539131.003592039,348725.20538427273,0.0,190892.09454166002,539617.2999259328
562,10117.2288,0.036555,0.0,0.0,10117.192245,40.0,348658.52798421704,0.0,190472.475607822,539131.003592039,348725.20538427273,0.0,190892.09454166002,539617.2999259328
563,10115.6938,0.039394,0.0,0.0,10115.654406,40.0,348658.52798421704,0.0,190472.475607822,539131.003592039,348725.20538427273,0.0,190892.09454166002,539617.2999259328
564,10114.29246,0.037299,0.0,0.0,10114.255161000001,40.0,348658.52798421704,0.0,190472.475607822,539131.003592039,348725.20538427273,0.0,190892.09454166002,539617.2999259328
565,10112.89111,0.034536000000000004,0.0,0.0,10112.856574000001,40.0,348658.52798421704,0.0,190472.475607822,539131.003592039,348725.20538427273,0.0,190892.09454166002,539617.2999259328
566,10111.48977,0.029138,0.0,0.0,10111.460632,40.0,348658.52798421704,0.0,190472.475607822,539131.003592039,348725.20538427273,0.0,190892.09454166002,539617.2999259328
567,10110.08842,0.019758,43.8436452363662,0.0,10153.912307236365,78.5824078080022,348658.52798421704,0.0,190472.475607822,539131.003592039,348725.20538427273,0.0,190892.09454166002,539617.2999259328
568,10108.68708,0.007896,319.792718399998,0.0,10428.471902399999,360.0,348658.52798421704,0.0,190472.475607822,539131.003592039,348725.20538427273,0.0,190892.09454166002,539617.2999259328
569,10107.28573,0.0,0.0,320.0,9787.28573,40.0,348658.52798421704,0.0,190472.475607822,539131.003592039,348725.20538427273,0.0,190892.09454166002,539617.2999259328
570,10105.88439,0.0,0.0,0.0,10105.88439,40.0,348658.52798421704,0.0,190472.475607822,539131.003592039,348725.20538427273,0.0,190892.09454166002,539617.2999259328
571,10104.48305,0.0,0.0,0.0,10104.48305,40.0,348658.52798421704,0.0,190472.475607822,539131.003592039,348725.20538427273,0.0,190892.09454166002,539617.2999259328
572,10103.0817,0.0,0.0,0.0,10103.0817,40.0,348658.52798421704,0.0,190472.475607822,539131.003592039,348725.20538427273,0.0,190892.09454166002,539617.2999259328
573,10101.67482,0.0,0.0,0.0,10101.67482,40.0,348658.52798421704,0.0,190472.475607822,539131.003592039,348725.20538427273,0.0,190892.09454166002,539617.2999259328
574,10100.07329,0.0,0.0,0.0,10100.07329,40.0,348658.52798421704,0.0,190472.475607822,539131.003592039,348725.20538427273,0.0,190892.09454166002,539617.2999259328
575,10098.47175,0.0,0.0,0.0,10098.47175,40.0,348658.52798421704,0.0,190472.475607822,539131.003592039,348725.20538427273,0.0,190892.09454166002,539617.2999259328
576,10096.87021,0.0,0.0,0.0,10096.87021,40.0,348658.52798421704,0.0,190472.475607822,539131.003592039,348725.20538427273,0.0,190892.09454166002,539617.2999259328
577,10095.26868,0.0,0.0,0.0,10095.26868,40.0,348658.52798421704,0.0,190472.475607822,539131.003592039,348725.20538427273,0.0,190892.09454166002,539617.2999259328
578,10093.66714,0.0,0.0,0.0,10093.66714,40.0,348658.52798421704,0.0,190472.475607822,539131.003592039,348725.20538427273,0.0,190892.09454166002,539617.2999259328
579,10092.0656,0.0,0.0,0.0,10092.0656,40.0,348658.52798421704,0.0,190472.475607822,539131.003592039,348725.20538427273,0.0,190892.09454166002,539617.2999259328
580,10090.46407,0.0,0.0,0.0,10090.46407,40.0,348658.52798421704,0.0,190472.475607822,539131.003592039,348725.20538427273,0.0,190892.09454166002,539617.2999259328
581,10088.86253,0.0,0.0,0.0,10088.86253,40.0,348658.52798421704,0.0,190472.475607822,539131.003592039,348725.20538427273,0.0,190892.09454166002,539617.2999259328
582,10087.261,0.0,0.0,0.0,10087.261,40.0,348658.52798421704,0.0,190472.475607822,539131.003592039,348725.20538427273,0.0,190892.09454166002,539617.2999259328
583,10085.65946,0.0,0.0,0.0,10085.65946,40.0,348658.52798421704,0.0,190472.475607822,539131.003592039,348725.20538427273,0.0,190892.09454166002,539617.2999259328
584,10083.9132,0.0011120000000000001,0.0,0.0,10083.912088000001,40.0,348658.52798421704,0.0,190472.475607822,539131.003592039,348725.20538427273,0.0,190892.09454166002,539617.2999259328
585,10082.11147,0.002854,0.0,0.0,10082.108616,40.0,348658.52798421704,0.0,190472.475607822,539131.003592039,348725.20538427273,0.0,190892.09454166002,539617.2999259328
586,10080.30974,0.002917,0.0,0.0,10080.306823,40.0,348658.52798421704,0.0,190472.475607822,539131.003592039,348725.20538427273,0.0,190892.09454166002,539617.2999259328
587,10078.50801,0.004076,0.0,0.0,10078.503934,40.0,348658.52798421704,0.0,190472.475607822,539131.003592039,348725.20538427273,0.0,190892.09454166002,539617.2999259328
588,10076.70628,0.0034070000000000003,0.0,0.0,10076.702873,40.0,348658.52798421704,0.0,190472.475607822,539131.003592039,348725.20538427273,0.0,190892.09454166002,539617.2999259328
589,10075.13301,0.006753,0.0,0.0,10075.126257,40.0,348658.52798421704,0.0,190472.475607822,539131.003592039,348725.20538427273,0.0,190892.09454166002,539617.2999259328
590,10073.73166,0.0031290000000000003,0.0,0.0,10073.728530999999,40.0,348658.52798421704,0.0,190472.475607822,539131.003592039,348725.20538427273,0.0,190892.09454166002,539617.2999259328
591,10072.33032,0.010908,0.0,0.0,10072.319411999999,40.0,348658.52798421704,0.0,190472.475607822,539131.003592039,348725.20538427273,0.0,190892.09454166002,539617.2999259328
592,10070.92897,0.0062320000000000006,0.0,0.0,10070.922738000001,40.0,348658.52798421704,0.0,190472.475607822,539131.003592039,348725.20538427273,0.0,190892.09454166002,539617.2999259328
593,10069.52763,0.0,0.0,0.0,10069.52763,40.0,348658.52798421704,0.0,190472.475607822,539131.003592039,348725.20538427273,0.0,190892.09454166002,539617.2999259328
594,10068.21001,0.0,0.0,0.0,10068.21001,40.0,348658.52798421704,0.0,190472.475607822,539131.003592039,348725.20538427273,0.0,190892.09454166002,539617.2999259328
595,10067.00886,0.0,0.0,0.0,10067.00886,40.0,348658.52798421704,0.0,190472.475607822,539131.003592039,348725.20538427273,0.0,190892.09454166002,539617.2999259328
596,10065.80771,0.0,0.0,0.0,10065.80771,40.0,348658.52798421704,0.0,190472.475607822,539131.003592039,348725.20538427273,0.0,190892.09454166002,539617.2999259328
597,10064.60656,0.0,0.0,0.0,10064.60656,40.0,348658.52798421704,0.0,190472.475607822,539131.003592039,348725.20538427273,0.0,190892.09454166002,539617.2999259328
598,10063.4054,0.0,0.0,0.0,10063.4054,40.0,348658.52798421704,0.0,190472.475607822,539131.003592039,348725.20538427273,0.0,190892.09454166002,539617.2999259328
599,10062.25748,0.0,0.0,0.0,10062.25748,40.0,348658.52798421704,0.0,190472.475607822,539131.003592039,348725.20538427273,0.0,190892.09454166002,539617.2999259328
600,10061.25652,0.0,0.0,0.0,10061.25652,40.0,348658.52798421704,0.0,190472.475607822,539131.003592039,348725.20538427273,0.0,190892.09454166002,539617.2999259328
601,10060.25556,0.0,0.0,0.0,10060.25556,40.0,348658.52798421704,0.0,190472.475607822,539131.003592039,348725.20538427273,0.0,190892.09454166002,539617.2999259328
602,10059.2546,0.0,0.0,0.0,10059.2546,40.0,348658.52798421704,0.0,190472.475607822,539131.003592039,348725.20538427273,0.0,190892.09454166002,539617.2999259328
603,10058.25364,0.0,0.0,0.0,10058.25364,40.0,348658.52798421704,0.0,190472.475607822,539131.003592039,348725.20538427273,0.0,190892.09454166002,539617.2999259328
604,10057.20722,0.0,0.0,0.0,10057.20722,40.0,348658.52798421704,0.0,190472.475607822,539131.003592039,348725.20538427273,0.0,190892.09454166002,539617.2999259328
605,10055.80588,0.0,363.636363636364,0.0,10419.442243636364,360.0,348658.52798421704,0.0,190472.475607822,539131.003592039,348725.20538427273,0.0,190892.09454166002,539617.2999259328
606,10054.40453,0.0,0.0,320.0,9734.40453,40.0,348658.52798421704,0.0,190472.475607822,539131.003592039,348725.20538427273,0.0,190892.09454166002,539617.2999259328
607,10053.00319,0.0,0.0,0.0,10053.00319,40.0,348658.52798421704,0.0,190472.475607822,539131.003592039,348725.20538427273,0.0,190892.09454166002,539617.2999259328
608,10051.60185,0.020932,0.0,0.0,10051.580918,40.0,348658.52798421704,0.0,190472.475607822,539131.003592039,348725.20538427273,0.0,190892.09454166002,539617.2999259328
609,10050.2005,0.029469000000000002,0.0,0.0,10050.171031000002,40.0,348658.52798421704,0.0,190472.475607822,539131.003592039,348725.20538427273,0.0,190892.09454166002,539617.2999259328
610,10048.79916,0.035955,0.0,0.0,10048.763205000001,40.0,348658.52798421704,0.0,190472.475607822,539131.003592039,348725.20538427273,0.0,190892.09454166002,539617.2999259328
611,10047.39781,0.034256,0.0,0.0,10047.363554,40.0,348658.52798421704,0.0,190472.475607822,539131.003592039,348725.20538427273,0.0,190892.09454166002,539617.2999259328
612,10045.99647,0.038604,0.0,0.0,10045.957866,40.0,348658.52798421704,0.0,190472.475607822,539131.003592039,348725.20538427273,0.0,190892.09454166002,539617.2999259328
613,10044.59512,0.035936,0.0,0.0,10044.559184,40.0,348658.52798421704,0.0,190472.475607822,539131.003592039,348725.20538427273,0.0,190892.09454166002,539617.2999259328
614,10043.19378,0.03006,0.0,0.0,10043.16372,40.0,348658.52798421704,0.0,190472.475607822,539131.003592039,348725.20538427273,0.0,190892.09454166002,539617.2999259328
615,10041.95436,0.021143000000000002,0.0,0.0,10041.933217,40.0,348658.52798421704,0.0,190472.475607822,539131.003592039,348725.20538427273,0.0,190892.09454166002,539617.2999259328
616,10040.7532,0.007833,363.636363636364,0.0,10404.381730636363,360.0,348658.52798421704,0.0,190472.475607822,539131.003592039,348725.20538427273,0.0,190892.09454166002,539617.2999259328
617,10039.55205,0.0,0.0,320.0,9719.55205,40.0,348658.52798421704,0.0,190472.475607822,539131.003592039,348725.20538427273,0.0,190892.09454166002,539617.2999259328
618,10038.3509,0.0,0.0,0.0,10038.3509,40.0,348658.52798421704,0.0,190472.475607822,539131.003592039,348725.20538427273,0.0,190892.09454166002,539617.2999259328
619,10037.14975,0.0,0.0,0.0,10037.14975,40.0,348658.52798421704,0.0,190472.475607822,539131.003592039,348725.20538427273,0.0,190892.09454166002,539617.2999259328
620,10035.94859,0.0,0.0,0.0,10035.94859,40.0,348658.52798421704,0.0,190472.475607822,539131.003592039,348725.20538427273,0.0,190892.09454166002,539617.2999259328
621,10034.74744,0.0,0.0,0.0,10034.74744,40.0,348658.52798421704,0.0,190472.475607822,539131.003592039,348725.20538427273,0.0,190892.09454166002,539617.2999259328
622,10033.54629,0.0,0.0,0.0,10033.54629,40.0,348658.52798421704,0.0,190472.475607822,539131.003592039,348725.20538427273,0.0,190892.09454166002,539617.2999259328
623,10032.34514,0.0,0.0,0.0,10032.34514,40.0,348658.52798421704,0.0,190472.475607822,539131.003592039,348725.20538427273,0.0,190892.09454166002,539617.2999259328
624,10031.14399,0.0,0.0,0.0,10031.14399,40.0,348658.52798421704,0.0,190472.475607822,539131.003592039,348725.20538427273,0.0,190892.09454166002,539617.2999259328
625,10029.84191,0.0,0.0,0.0,10029.84191,40.0,348658.52798421704,0.0,190472.475607822,539131.003592039,348725.20538427273,0.0,190892.09454166002,539617.2999259328
626,10028.44057,0.0,0.0,0.0,10028.44057,40.0,348658.52798421704,0.0,190472.475607822,539131.003592039,348725.20538427273,0.0,190892.09454166002,539617.2999259328
627,10027.03922,0.0,0.0,0.0,10027.03922,40.0,348658.52798421704,0.0,190472.475607822,539131.003592039,348725.20538427273,0.0,190892.09454166002,539617.2999259328
628,10025.63788,0.0,0.0,0.0,10025.63788,40.0,348658.52798421704,0.0,190472.475607822,539131.003592039,348725.20538427273,0.0,190892.09454166002,539617.2999259328
629,10024.23654,0.0,363.636363636364,0.0,10387.872903636364,360.0,348658.52798421704,0.0,190472.475607822,539131.003592039,348725.20538427273,0.0,190892.09454166002,539617.2999259328
630,10022.76477,0.0,0.0,320.0,9702.76477,40.0,348658.52798421704,0.0,190472.475607822,539131.003592039,348725.20538427273,0.0,190892.09454166002,539617.2999259328
631,10021.16323,0.0,0.0,0.0,10021.16323,40.0,348658.52798421704,0.0,190472.475607822,539131.003592039,348725.20538427273,0.0,190892.09454166002,539617.2999259328
632,10019.5617,0.020010000000000003,0.0,0.0,10019.54169,40.0,348658.52798421704,0.0,190472.475607822,539131.003592039,348725.20538427273,0.0,190892.09454166002,539617.2999259328
633,10017.96016,0.030518,0.0,0.0,10017.929642000001,40.0,348658.52798421704,0.0,190472.475607822,539131.003592039,348725.20538427273,0.0,190892.09454166002,539617.2999259328
634,10016.35863,0.035586,0.0,0.0,10016.323044,40.0,348658.52798421704,0.0,190472.475607822,539131.003592039,348725.20538427273,0.0,190892.09454166002,539617.2999259328
635,10014.79701,0.037751,0.0,0.0,10014.759259,40.0,348658.52798421704,0.0,190472.475607822,539131.003592039,348725.20538427273,0.0,190892.09454166002,539617.2999259328
636,10013.39567,0.038488,0.0,0.0,10013.357182,40.0,348658.52798421704,0.0,190472.475607822,539131.003592039,348725.20538427273,0.0,190892.09454166002,539617.2999259328
637,10011.99432,0.03381,0.0,0.0,10011.960509999999,40.0,348658.52798421704,0.0,190472.475607822,539131.003592039,348725.20538427273,0.0,190892.09454166002,539617.2999259328
638,10010.59298,0.029158000000000003,0.0,0.0,10010.563822,40.0,348658.52798421704,0.0,190472.475607822,539131.003592039,348725.20538427273,0.0,190892.09454166002,539617.2999259328
639,10009.19163,0.021633,0.0,0.0,10009.169996999999,40.0,348658.52798421704,0.0,190472.475607822,539131.003592039,348725.20538427273,0.0,190892.09454166002,539617.2999259328
640,10007.78087,0.008039999999999999,363.636363636364,0.0,10371.409193636364,360.0,348658.52798421704,0.0,190472.475607822,539131.003592039,348725.20538427273,0.0,190892.09454166002,539617.2999259328
641,10006.17933,0.0,0.0,320.0,9686.17933,40.0,348658.52798421704,0.0,190472.475607822,539131.003592039,348725.20538427273,0.0,190892.09454166002,539617.2999259328
642,10004.57779,0.0,0.0,0.0,10004.57779,40.0,348658.52798421704,0.0,190472.475607822,539131.003592039,348725.20538427273,0.0,190892.09454166002,539617.2999259328
643,10002.97626,0.0,0.0,0.0,10002.97626,40.0,348658.52798421704,0.0,190472.475607822,539131.003592039,348725.20538427273,0.0,190892.09454166002,539617.2999259328
644,10001.37472,0.0,0.0,0.0,10001.37472,40.0,348658.52798421704,0.0,190472.475607822,539131.003592039,348725.20538427273,0.0,190892.09454166002,539617.2999259328
645,9999.773186,0.0,0.0,0.0,9999.773186,40.0,348658.52798421704,0.0,190472.475607822,539131.003592039,348725.20538427273,0.0,190892.09454166002,539617.2999259328
646,9998.529875,0.0,0.0,0.0,9998.529875,40.0,348658.52798421704,0.0,190472.475607822,539131.003592039,348725.20538427273,0.0,190892.09454166002,539617.2999259328
647,9997.328723,0.0,0.0,0.0,9997.328723,40.0,348658.52798421704,0.0,190472.475607822,539131.003592039,348725.20538427273,0.0,190892.09454166002,539617.2999259328
648,9996.127571,0.0,0.0,0.0,9996.127571,40.0,348658.52798421704,0.0,190472.475607822,539131.003592039,348725.20538427273,0.0,190892.09454166002,539617.2999259328
649,9994.926418,0.0,0.0,0.0,9994.926418,40.0,348658.52798421704,0.0,190472.475607822,539131.003592039,348725.20538427273,0.0,190892.09454166002,539617.2999259328
650,9993.725266,0.0,0.0,0.0,9993.725266,40.0,348658.52798421704,0.0,190472.475607822,539131.003592039,348725.20538427273,0.0,190892.09454166002,539617.2999259328
651,9992.82134,0.0,0.0,0.0,9992.82134,40.0,348658.52798421704,0.0,190472.475607822,539131.003592039,348725.20538427273,0.0,190892.09454166002,539617.2999259328
652,9992.020572,0.0,0.0,0.0,9992.020572,40.0,348658.52798421704,0.0,190472.475607822,539131.003592039,348725.20538427273,0.0,190892.09454166002,539617.2999259328
653,9991.219804,0.0,0.0,0.0,9991.219804,40.0,348658.52798421704,0.0,190472.475607822,539131.003592039,348725.20538427273,0.0,190892.09454166002,539617.2999259328
654,9990.419036,0.0,0.0,0.0,9990.419036,40.0,348658.52798421704,0.0,190472.475607822,539131.003592039,348725.20538427273,0.0,190892.09454166002,539617.2999259328
655,9989.618268,0.0044800000000000005,0.0,0.0,9989.613788,40.0,348658.52798421704,0.0,190472.475607822,539131.003592039,348725.20538427273,0.0,190892.09454166002,539617.2999259328
656,9989.053726,0.02195,0.0,0.0,9989.031776,40.0,348658.52798421704,0.0,190472.475607822,539131.003592039,348725.20538427273,0.0,190892.09454166002,539617.2999259328
657,9988.653342,0.030928,0.0,0.0,9988.622414,40.0,348658.52798421704,0.0,190472.475607822,539131.003592039,348725.20538427273,0.0,190892.09454166002,539617.2999259328
658,9988.252958,0.035011,0.0,0.0,9988.217947,40.0,348658.52798421704,0.0,190472.475607822,539131.003592039,348725.20538427273,0.0,190892.09454166002,539617.2999259328
659,9987.852574,0.027951,0.0,0.0,9987.824623,40.0,348658.52798421704,0.0,190472.475607822,539131.003592039,348725.20538427273,0.0,190892.09454166002,539617.2999259328
660,9987.45219,0.012353,0.0,0.0,9987.439837,40.0,348658.52798421704,0.0,190472.475607822,539131.003592039,348725.20538427273,0.0,190892.09454166002,539617.2999259328
661,9986.964192,0.026095,0.0,0.0,9986.938097,40.0,348658.52798421704,0.0,190472.475607822,539131.003592039,348725.20538427273,0.0,190892.09454166002,539617.2999259328
662,9986.363616,0.025393000000000002,0.0,0.0,9986.338223,40.0,348658.52798421704,0.0,190472.475607822,539131.003592039,348725.20538427273,0.0,190892.09454166002,539617.2999259328
663,9985.76304,0.018867000000000002,0.0,0.0,9985.744173,40.0,348658.52798421704,0.0,190472.475607822,539131.003592039,348725.20538427273,0.0,190892.09454166002,539617.2999259328
664,9985.162464,0.005391,0.0,0.0,9985.157073,40.0,348658.52798421704,0.0,190472.475607822,539131.003592039,348725.20538427273,0.0,190892.09454166002,539617.2999259328
665,9984.561888,0.0,0.0,0.0,9984.561888,40.0,348658.52798421704,0.0,190472.475607822,539131.003592039,348725.20538427273,0.0,190892.09454166002,539617.2999259328
666,9984.018425,0.0,0.0,0.0,9984.018425,40.0,348658.52798421704,0.0,190472.475607822,539131.003592039,348725.20538427273,0.0,190892.09454166002,539617.2999259328
667,9983.618041,0.0,0.0,0.0,9983.618041,40.0,348658.52798421704,0.0,190472.475607822,539131.003592039,348725.20538427273,0.0,190892.09454166002,539617.2999259328
668,9983.217657,0.0,0.0,0.0,9983.217657,40.0,348658.52798421704,0.0,190472.475607822,539131.003592039,348725.20538427273,0.0,190892.09454166002,539617.2999259328
669,9982.817273,0.0,0.0,0.0,9982.817273,40.0,348658.52798421704,0.0,190472.475607822,539131.003592039,348725.20538427273,0.0,190892.09454166002,539617.2999259328
670,9982.416889,0.0,0.0,0.0,9982.416889,40.0,348658.52798421704,0.0,190472.475607822,539131.003592039,348725.20538427273,0.0,190892.09454166002,539617.2999259328
671,9981.989891,0.0,0.0,0.0,9981.989891,40.0,348658.52798421704,0.0,190472.475607822,539131.003592039,348725.20538427273,0.0,190892.09454166002,539617.2999259328
672,9981.389315,0.0,0.0,0.0,9981.389315,40.0,348658.52798421704,0.0,190472.475607822,539131.003592039,348725.20538427273,0.0,190892.09454166002,539617.2999259328
673,9980.788739,0.0,0.0,0.0,9980.788739,40.0,348658.52798421704,0.0,190472.475607822,539131.003592039,348725.20538427273,0.0,190892.09454166002,539617.2999259328
674,9980.188162,0.0,0.0,0.0,9980.188162,40.0,348658.52798421704,0.0,190472.475607822,539131.003592039,348725.20538427273,0.0,190892.09454166002,539617.2999259328
675,9979.587586,0.0,0.0,0.0,9979.587586,40.0,348658.52798421704,0.0,190472.475607822,539131.003592039,348725.20538427273,0.0,190892.09454166002,539617.2999259328
676,9978.98701,0.0,0.0,0.0,9978.98701,40.0,348658.52798421704,0.0,190472.475607822,539131.003592039,348725.20538427273,0.0,190892.09454166002,539617.2999259328
677,9978.58274,0.0,0.0,0.0,9978.58274,40.0,348658.52798421704,0.0,190472.475607822,539131.003592039,348725.20538427273,0.0,190892.09454166002,539617.2999259328
678,9978.182356,0.0,0.0,0.0,9978.182356,40.0,348658.52798421704,0.0,190472.475607822,539131.003592039,348725.20538427273,0.0,190892.09454166002,539617.2999259328
679,9977.781972,0.004477,0.0,0.0,9977.777495,40.0,348658.52798421704,0.0,190472.475607822,539131.003592039,348725.20538427273,0.0,190892.09454166002,539617.2999259328
680,9977.381588,0.020896,0.0,0.0,9977.360692,40.0,348658.52798421704,0.0,190472.475607822,539131.003592039,348725.20538427273,0.0,190892.09454166002,539617.2999259328
681,9976.981204,0.029927,0.0,0.0,9976.951277,40.0,348658.52798421704,0.0,190472.475607822,539131.003592039,348725.20538427273,0.0,190892.09454166002,539617.2999259328
682,9976.415013,0.034818,0.0,0.0,9976.380195,40.0,348658.52798421704,0.0,190472.475607822,539131.003592039,348725.20538427273,0.0,190892.09454166002,539617.2999259328
683,9975.814437,0.038632,0.0,0.0,9975.775805000001,40.0,348658.52798421704,0.0,190472.475607822,539131.003592039,348725.20538427273,0.0,190892.09454166002,539617.2999259328
684,9975.213861,0.037463,0.0,0.0,9975.176398,40.0,348658.52798421704,0.0,190472.475607822,539131.003592039,348725.20538427273,0.0,190892.09454166002,539617.2999259328
685,9974.613285,0.035908999999999996,0.0,0.0,9974.577376,40.0,348658.52798421704,0.0,190472.475607822,539131.003592039,348725.20538427273,0.0,190892.09454166002,539617.2999259328
686,9974.012709,0.029575,0.0,0.0,9973.983134,40.0,348658.52798421704,0.0,190472.475607822,539131.003592039,348725.20538427273,0.0,190892.09454166002,539617.2999259328
687,9973.682745,0.020225000000000003,0.0,0.0,9973.66252,40.0,348658.52798421704,0.0,190472.475607822,539131.003592039,348725.20538427273,0.0,190892.09454166002,539617.2999259328
688,9973.482553,0.008655,0.0,0.0,9973.473898,40.0,348658.52798421704,0.0,190472.475607822,539131.003592039,348725.20538427273,0.0,190892.09454166002,539617.2999259328
689,9973.282361,0.0,0.0,0.0,9973.282361,40.0,348658.52798421704,0.0,190472.475607822,539131.003592039,348725.20538427273,0.0,190892.09454166002,539617.2999259328
690,9973.082169,0.0,0.0,0.0,9973.082169,40.0,348658.52798421704,0.0,190472.475607822,539131.003592039,348725.20538427273,0.0,190892.09454166002,539617.2999259328
691,9972.881977,0.0,0.0,0.0,9972.881977,40.0,348658.52798421704,0.0,190472.475607822,539131.003592039,348725.20538427273,0.0,190892.09454166002,539617.2999259328
692,9972.576979,0.0,0.0,0.0,9972.576979,40.0,348658.52798421704,0.0,190472.475607822,539131.003592039,348725.20538427273,0.0,190892.09454166002,539617.2999259328
693,9972.176595,0.0,0.0,0.0,9972.176595,40.0,348658.52798421704,0.0,190472.475607822,539131.003592039,348725.20538427273,0.0,190892.09454166002,539617.2999259328
694,9971.77621,0.0,0.0,0.0,9971.77621,40.0,348658.52798421704,0.0,190472.475607822,539131.003592039,348725.20538427273,0.0,190892.09454166002,539617.2999259328
695,9971.375826,0.0,0.0,0.0,9971.375826,40.0,348658.52798421704,0.0,190472.475607822,539131.003592039,348725.20538427273,0.0,190892.09454166002,539617.2999259328
696,9970.975442,0.0,0.0,0.0,9970.975442,40.0,348658.52798421704,0.0,190472.475607822,539131.003592039,348725.20538427273,0.0,190892.09454166002,539617.2999259328
697,9970.723671,0.0,0.0,0.0,9970.723671,40.0,348658.52798421704,0.0,190472.475607822,539131.003592039,348725.20538427273,0.0,190892.09454166002,539617.2999259328
698,9970.723671,0.0,0.0,0.0,9970.723671,40.0,348658.52798421704,0.0,190472.475607822,539131.003592039,348725.20538427273,0.0,190892.09454166002,539617.2999259328
699,9970.723671,0.0,0.0,0.0,9970.723671,40.0,348658.52798421704,0.0,190472.475607822,539131.003592039,348725.20538427273,0.0,190892.09454166002,539617.2999259328
700,9970.723671,0.0,0.0,0.0,9970.723671,40.0,348658.52798421704,0.0,190472.475607822,539131.003592039,348725.20538427273,0.0,190892.09454166002,539617.2999259328
701,9970.723671,0.0,363.636363636364,0.0,10334.360034636364,360.0,348658.52798421704,0.0,190472.475607822,539131.003592039,348725.20538427273,0.0,190892.09454166002,539617.2999259328
702,9970.723671,0.0,0.0,320.0,9650.723671,40.0,348658.52798421704,0.0,190472.475607822,539131.003592039,348725.20538427273,0.0,190892.09454166002,539617.2999259328
703,9970.723671,0.004229,0.0,0.0,9970.719442,40.0,348658.52798421704,0.0,190472.475607822,539131.003592039,348725.20538427273,0.0,190892.09454166002,539617.2999259328
704,9970.723671,0.020986,0.0,0.0,9970.702685,40.0,348658.52798421704,0.0,190472.475607822,539131.003592039,348725.20538427273,0.0,190892.09454166002,539617.2999259328
705,9970.723671,0.029071000000000003,0.0,0.0,9970.694599999999,40.0,348658.52798421704,0.0,190472.475607822,539131.003592039,348725.20538427273,0.0,190892.09454166002,539617.2999259328
706,9970.723671,0.032805,0.0,0.0,9970.690865999999,40.0,348658.52798421704,0.0,190472.475607822,539131.003592039,348725.20538427273,0.0,190892.09454166002,539617.2999259328
707,9970.723671,0.033972,0.0,0.0,9970.689699,40.0,348658.52798421704,0.0,190472.475607822,539131.003592039,348725.20538427273,0.0,190892.09454166002,539617.2999259328
708,9970.723671,0.038561,0.0,0.0,9970.68511,40.0,348658.52798421704,0.0,190472.475607822,539131.003592039,348725.20538427273,0.0,190892.09454166002,539617.2999259328
709,9970.723671,0.035290999999999996,0.0,0.0,9970.68838,40.0,348658.52798421704,0.0,190472.475607822,539131.003592039,348725.20538427273,0.0,190892.09454166002,539617.2999259328
710,9970.723671,0.029359000000000003,0.0,0.0,9970.694312,40.0,348658.52798421704,0.0,190472.475607822,539131.003592039,348725.20538427273,0.0,190892.09454166002,539617.2999259328
711,9970.723671,0.021293,0.0,0.0,9970.702378,40.0,348658.52798421704,0.0,190472.475607822,539131.003592039,348725.20538427273,0.0,190892.09454166002,539617.2999259328
712,9970.723671,0.008656,363.636363636364,0.0,10334.351378636364,360.0,348658.52798421704,0.0,190472.475607822,539131.003592039,348725.20538427273,0.0,190892.09454166002,539617.2999259328
713,9970.723671,0.0,0.0,320.0,9650.723671,40.0,348658.52798421704,0.0,190472.475607822,539131.003592039,348725.20538427273,0.0,190892.09454166002,539617.2999259328
714,9970.723671,0.0,0.0,0.0,9970.723671,40.0,348658.52798421704,0.0,190472.475607822,539131.003592039,348725.20538427273,0.0,190892.09454166002,539617.2999259328
715,9970.723671,0.0,0.0,0.0,9970.723671,40.0,348658.52798421704,0.0,190472.475607822,539131.003592039,348725.20538427273,0.0,190892.09454166002,539617.2999259328
716,9970.723671,0.0,0.0,0.0,9970.723671,40.0,348658.52798421704,0.0,190472.475607822,539131.003592039,348725.20538427273,0.0,190892.09454166002,539617.2999259328
717,9970.723671,0.0,0.0,0.0,9970.723671,40.0,348658.52798421704,0.0,190472.475607822,539131.003592039,348725.20538427273,0.0,190892.09454166002,539617.2999259328
718,9970.723671,0.0,0.0,0.0,9970.723671,40.0,348658.52798421704,0.0,190472.475607822,539131.003592039,348725.20538427273,0.0,190892.09454166002,539617.2999259328
719,9970.723671,0.0,0.0,0.0,9970.723671,40.0,348658.52798421704,0.0,190472.475607822,539131.003592039,348725.20538427273,0.0,190892.09454166002,539617.2999259328
720,9970.723671,0.0,0.0,0.0,9970.723671,40.0,348658.52798421704,0.0,190472.475607822,539131.003592039,348725.20538427273,0.0,190892.09454166002,539617.2999259328
721,9970.723671,0.0,0.0,0.0,9970.723671,40.0,348658.52798421704,0.0,190472.475607822,539131.003592039,348725.20538427273,0.0,190892.09454166002,539617.2999259328
722,9970.723671,0.0,0.0,0.0,9970.723671,40.0,348658.52798421704,0.0,190472.475607822,539131.003592039,348725.20538427273,0.0,190892.09454166002,539617.2999259328
723,9970.723671,0.0,0.0,0.0,9970.723671,40.0,348658.52798421704,0.0,190472.475607822,539131.003592039,348725.20538427273,0.0,190892.09454166002,539617.2999259328
724,9970.723671,0.0,0.0,0.0,9970.723671,40.0,348658.52798421704,0.0,190472.475607822,539131.003592039,348725.20538427273,0.0,190892.09454166002,539617.2999259328
725,9970.723671,0.0,363.636363636364,0.0,10334.360034636364,360.0,348658.52798421704,0.0,190472.475607822,539131.003592039,348725.20538427273,0.0,190892.09454166002,539617.2999259328
726,9970.723671,0.0,0.0,320.0,9650.723671,40.0,348658.52798421704,0.0,190472.475607822,539131.003592039,348725.20538427273,0.0,190892.09454166002,539617.2999259328
727,9970.723671,0.004309,0.0,0.0,9970.719362,40.0,348658.52798421704,0.0,190472.475607822,539131.003592039,348725.20538427273,0.0,190892.09454166002,539617.2999259328
728,9970.723671,0.021054,0.0,0.0,9970.702616999999,40.0,348658.52798421704,0.0,190472.475607822,539131.003592039,348725.20538427273,0.0,190892.09454166002,539617.2999259328
729,9970.723671,0.030137,0.0,0.0,9970.693534,40.0,348658.52798421704,0.0,190472.475607822,539131.003592039,348725.20538427273,0.0,190892.09454166002,539617.2999259328
730,9970.723671,0.035856,0.0,0.0,9970.687815,40.0,348658.52798421704,0.0,190472.475607822,539131.003592039,348725.20538427273,0.0,190892.09454166002,539617.2999259328
731,9970.723671,0.038682,0.0,0.0,9970.684989,40.0,348658.52798421704,0.0,190472.475607822,539131.003592039,348725.20538427273,0.0,190892.09454166002,539617.2999259328
732,9970.723671,0.038164000000000003,0.0,0.0,9970.685507,40.0,348658.52798421704,0.0,190472.475607822,539131.003592039,348725.20538427273,0.0,190892.09454166002,539617.2999259328
733,9970.723671,0.03395,0.0,0.0,9970.689721,40.0,348658.52798421704,0.0,190472.475607822,539131.003592039,348725.20538427273,0.0,190892.09454166002,539617.2999259328
734,9970.723671,0.028538,0.0,0.0,9970.695133,40.0,348658.52798421704,0.0,190472.475607822,539131.003592039,348725.20538427273,0.0,190892.09454166002,539617.2999259328
735,9970.723671,0.020986,0.0,0.0,9970.702685,40.0,348658.52798421704,0.0,190472.475607822,539131.003592039,348725.20538427273,0.0,190892.09454166002,539617.2999259328
736,9970.723671,0.008197,363.636363636364,0.0,10334.351837636365,360.0,348658.52798421704,0.0,190472.475607822,539131.003592039,348725.20538427273,0.0,190892.09454166002,539617.2999259328
737,9970.723671,0.0,0.0,320.0,9650.723671,40.0,348658.52798421704,0.0,190472.475607822,539131.003592039,348725.20538427273,0.0,190892.09454166002,539617.2999259328
738,9970.723671,0.0,0.0,0.0,9970.723671,40.0,348658.52798421704,0.0,190472.475607822,539131.003592039,348725.20538427273,0.0,190892.09454166002,539617.2999259328
739,9970.723671,0.0,0.0,0.0,9970.723671,40.0,348658.52798421704,0.0,190472.475607822,539131.003592039,348725.20538427273,0.0,190892.09454166002,539617.2999259328
740,9970.723671,0.0,0.0,0.0,9970.723671,40.0,348658.52798421704,0.0,190472.475607822,539131.003592039,348725.20538427273,0.0,190892.09454166002,539617.2999259328
741,9970.723671,0.0,181.818181818182,0.0,10152.541852818182,200.0,348658.52798421704,0.0,190472.475607822,539131.003592039,348725.20538427273,0.0,190892.09454166002,539617.2999259328
742,9970.723671,0.0,0.0,0.0,9970.723671,200.0,348658.52798421704,0.0,190472.475607822,539131.003592039,348725.20538427273,0.0,190892.09454166002,539617.2999259328
743,9970.723671,0.0,0.0,0.0,9970.723671,200.0,348658.52798421704,0.0,190472.475607822,539131.003592039,348725.20538427273,0.0,190892.09454166002,539617.2999259328
