time,Pload,Ppv,Pcharge,Pdischarge,Ptotal,state of charge,energy_charge_with_es,nem_charge_with_es,demand_charge_with_es,total_bill_with_es,energy_charge_without_es,nem_charge_without_es,demand_charge_without_es,total_bill_without_es
0,9505.581224,0.0,100.0,0.0,9605.581224,488.0,335714.0147802709,0.0,183290.022611012,519004.03739128297,335819.605181817,0.0,184134.85049733997,519954.455679157
1,9504.380072,0.0,18.1818181818182,0.0,9522.561890181818,504.0,335714.0147802709,0.0,183290.022611012,519004.03739128297,335819.605181817,0.0,184134.85049733997,519954.455679157
2,9503.17892,0.0,0.0,0.0,9503.17892,504.0,335714.0147802709,0.0,183290.022611012,519004.03739128297,335819.605181817,0.0,184134.85049733997,519954.455679157
3,9501.977768,0.0,0.0,0.0,9501.977768,504.0,335714.0147802709,0.0,183290.022611012,519004.03739128297,335819.605181817,0.0,184134.85049733997,519954.455679157
4,9500.776615,0.0,100.0,0.0,9600.776615,592.0,335714.0147802709,0.0,183290.022611012,519004.03739128297,335819.605181817,0.0,184134.85049733997,519954.455679157
5,9499.575463,0.0,100.0,0.0,9599.575463,680.0,335714.0147802709,0.0,183290.022611012,519004.03739128297,335819.605181817,0.0,184134.85049733997,519954.455679157
6,9498.374311,0.000578,0.0,100.0,9398.373733,580.0,335714.0147802709,0.0,183290.022611012,519004.03739128297,335819.605181817,0.0,184134.85049733997,519954.455679157
7,9496.792558,0.006978,0.0,100.0,9396.78558,480.0,335714.0147802709,0.0,183290.022611012,519004.03739128297,335819.605181817,0.0,184134.85049733997,519954.455679157
8,9495.191022,0.011757,0.0,100.0,9395.179265,380.0,335714.0147802709,0.0,183290.022611012,519004.03739128297,335819.605181817,0.0,184134.85049733997,519954.455679157
9,9493.589486,0.021525,0.0,100.0,9393.567961,280.0,335714.0147802709,0.0,183290.022611012,519004.03739128297,335819.605181817,0.0,184134.85049733997,519954.455679157
10,9491.987949,0.034194,0.0,100.0,9391.953755,180.0,335714.0147802709,0.0,183290.022611012,519004.03739128297,335819.605181817,0.0,184134.85049733997,519954.455679157
11,9490.386413,0.021471,0.0,100.0,9390.364942,80.0,335714.0147802709,0.0,183290.022611012,519004.03739128297,335819.605181817,0.0,184134.85049733997,519954.455679157
12,9489.104477,0.015049,54.5454545454545,0.0,9543.634882545455,128.0,335714.0147802709,0.0,183290.022611012,519004.03739128297,335819.605181817,0.0,184134.85049733997,519954.455679157
13,9487.903325,0.013417,100.0,0.0,9587.889908,216.0,335714.0147802709,0.0,183290.022611012,519004.03739128297,335819.605181817,0.0,184134.85049733997,519954.455679157
14,9486.702173,0.011845000000000001,100.0,0.0,9586.690327999999,304.0,335714.0147802709,0.0,183290.022611012,519004.03739128297,335819.605181817,0.0,184134.85049733997,519954.455679157
15,9485.50102,0.00451,100.0,0.0,9585.496509999999,392.0,335714.0147802709,0.0,183290.022611012,519004.03739128297,335819.605181817,0.0,184134.85049733997,519954.455679157
16,9484.299868,0.011351000000000002,100.0,0.0,9584.288517,480.0,335714.0147802709,0.0,183290.022611012,519004.03739128297,335819.605181817,0.0,184134.85049733997,519954.455679157
17,9482.969415,0.003017,0.0,100.0,9382.966397999999,380.0,335714.0147802709,0.0,183290.022611012,519004.03739128297,335819.605181817,0.0,184134.85049733997,519954.455679157
18,9481.568071,0.0,0.0,100.0,9381.568071,280.0,335714.0147802709,0.0,183290.022611012,519004.03739128297,335819.605181817,0.0,184134.85049733997,519954.455679157
19,9480.166727,0.0,0.0,100.0,9380.166727,180.0,335714.0147802709,0.0,183290.022611012,519004.03739128297,335819.605181817,0.0,184134.85049733997,519954.455679157
20,9478.765382,0.0,0.0,100.0,9378.765382,80.0,335714.0147802709,0.0,183290.022611012,519004.03739128297,335819.605181817,0.0,184134.85049733997,519954.455679157
21,9477.364038,0.0,0.0,0.0,9477.364038,80.0,335714.0147802709,0.0,183290.022611012,519004.03739128297,335819.605181817,0.0,184134.85049733997,519954.455679157
22,9476.160295,0.0,0.0,0.0,9476.160295,80.0,335714.0147802709,0.0,183290.022611012,519004.03739128297,335819.605181817,0.0,184134.85049733997,519954.455679157
23,9475.159335,0.0,0.0,0.0,9475.159335,80.0,335714.0147802709,0.0,183290.022611012,519004.03739128297,335819.605181817,0.0,184134.85049733997,519954.455679157
24,9474.158375,0.0,0.0,0.0,9474.158375,80.0,335714.0147802709,0.0,183290.022611012,519004.03739128297,335819.605181817,0.0,184134.85049733997,519954.455679157
25,9473.157414,0.0,0.0,0.0,9473.157414,80.0,335714.0147802709,0.0,183290.022611012,519004.03739128297,335819.605181817,0.0,184134.85049733997,519954.455679157
26,9472.156454,0.0,0.0,0.0,9472.156454,80.0,335714.0147802709,0.0,183290.022611012,519004.03739128297,335819.605181817,0.0,184134.85049733997,519954.455679157
27,9471.292096,0.0,0.0,0.0,9471.292096,80.0,335714.0147802709,0.0,183290.022611012,519004.03739128297,335819.605181817,0.0,184134.85049733997,519954.455679157
28,9470.691519,0.0,0.0,0.0,9470.691519,80.0,335714.0147802709,0.0,183290.022611012,519004.03739128297,335819.605181817,0.0,184134.85049733997,519954.455679157
29,9470.090943,0.0,0.0,0.0,9470.090943,80.0,335714.0147802709,0.0,183290.022611012,519004.03739128297,335819.605181817,0.0,184134.85049733997,519954.455679157
30,9469.490367,4.4999999999999996e-05,0.0,0.0,9469.490322,80.0,335714.0147802709,0.0,183290.022611012,519004.03739128297,335819.605181817,0.0,184134.85049733997,519954.455679157
31,9468.889791,0.002989,0.0,0.0,9468.886801999999,80.0,335714.0147802709,0.0,183290.022611012,519004.03739128297,335819.605181817,0.0,184134.85049733997,519954.455679157
32,9468.10021,0.020582,0.0,0.0,9468.079628000001,80.0,335714.0147802709,0.0,183290.022611012,519004.03739128297,335819.605181817,0.0,184134.85049733997,519954.455679157
33,9466.498674,0.024165,0.0,0.0,9466.474509,80.0,335714.0147802709,0.0,183290.022611012,519004.03739128297,335819.605181817,0.0,184134.85049733997,519954.455679157
34,9464.897137,0.020451,0.0,0.0,9464.876686,80.0,335714.0147802709,0.0,183290.022611012,519004.03739128297,335819.605181817,0.0,184134.85049733997,519954.455679157
35,9463.295601,0.030295000000000002,0.0,0.0,9463.265306,80.0,335714.0147802709,0.0,183290.022611012,519004.03739128297,335819.605181817,0.0,184134.85049733997,519954.455679157
36,9461.694065,0.02538,0.0,0.0,9461.668685,80.0,335714.0147802709,0.0,183290.022611012,519004.03739128297,335819.605181817,0.0,184134.85049733997,519954.455679157
37,9460.150937,0.004573000000000001,0.0,0.0,9460.146364,80.0,335714.0147802709,0.0,183290.022611012,519004.03739128297,335819.605181817,0.0,184134.85049733997,519954.455679157
38,9460.150937,0.009347,0.0,0.0,9460.141590000001,80.0,335714.0147802709,0.0,183290.022611012,519004.03739128297,335819.605181817,0.0,184134.85049733997,519954.455679157
39,9460.150937,0.011755000000000002,0.0,0.0,9460.139182,80.0,335714.0147802709,0.0,183290.022611012,519004.03739128297,335819.605181817,0.0,184134.85049733997,519954.455679157
40,9460.150937,0.002949,0.0,0.0,9460.147988,80.0,335714.0147802709,0.0,183290.022611012,519004.03739128297,335819.605181817,0.0,184134.85049733997,519954.455679157
41,9460.150937,0.0033940000000000003,100.0,0.0,9560.147543000001,168.0,335714.0147802709,0.0,183290.022611012,519004.03739128297,335819.605181817,0.0,184134.85049733997,519954.455679157
42,9460.150937,0.0,100.0,0.0,9560.150937,256.0,335714.0147802709,0.0,183290.022611012,519004.03739128297,335819.605181817,0.0,184134.85049733997,519954.455679157
43,9463.336817,0.0,81.8181818181818,0.0,9545.154998818181,328.0,335714.0147802709,0.0,183290.022611012,519004.03739128297,335819.605181817,0.0,184134.85049733997,519954.455679157
44,9466.940274,0.0,0.0,0.0,9466.940274,328.0,335714.0147802709,0.0,183290.022611012,519004.03739128297,335819.605181817,0.0,184134.85049733997,519954.455679157
45,9470.543731,0.0,0.0,0.0,9470.543731,328.0,335714.0147802709,0.0,183290.022611012,519004.03739128297,335819.605181817,0.0,184134.85049733997,519954.455679157
46,9474.147187,0.0,0.0,0.0,9474.147187,328.0,335714.0147802709,0.0,183290.022611012,519004.03739128297,335819.605181817,0.0,184134.85049733997,519954.455679157
47,9477.750644,0.0,0.0,0.0,9477.750644,328.0,335714.0147802709,0.0,183290.022611012,519004.03739128297,335819.605181817,0.0,184134.85049733997,519954.455679157
48,9481.061114,0.0,0.0,0.0,9481.061114,328.0,335714.0147802709,0.0,183290.022611012,519004.03739128297,335819.605181817,0.0,184134.85049733997,519954.455679157
49,9484.264187,0.0,0.0,0.0,9484.264187,328.0,335714.0147802709,0.0,183290.022611012,519004.03739128297,335819.605181817,0.0,184134.85049733997,519954.455679157
50,9487.46726,0.0,0.0,0.0,9487.46726,328.0,335714.0147802709,0.0,183290.022611012,519004.03739128297,335819.605181817,0.0,184134.85049733997,519954.455679157
51,9490.670332,0.0,0.0,0.0,9490.670332,328.0,335714.0147802709,0.0,183290.022611012,519004.03739128297,335819.605181817,0.0,184134.85049733997,519954.455679157
52,9493.873405,0.0,0.0,0.0,9493.873405,328.0,335714.0147802709,0.0,183290.022611012,519004.03739128297,335819.605181817,0.0,184134.85049733997,519954.455679157
53,9495.336573,0.0,0.0,0.0,9495.336573,328.0,335714.0147802709,0.0,183290.022611012,519004.03739128297,335819.605181817,0.0,184134.85049733997,519954.455679157
54,9495.536765,4.7000000000000004e-05,0.0,0.0,9495.536718000001,328.0,335714.0147802709,0.0,183290.022611012,519004.03739128297,335819.605181817,0.0,184134.85049733997,519954.455679157
55,9495.736957,0.0012,0.0,0.0,9495.735756999999,328.0,335714.0147802709,0.0,183290.022611012,519004.03739128297,335819.605181817,0.0,184134.85049733997,519954.455679157
56,9495.937149,0.0059429999999999995,0.0,0.0,9495.931206,328.0,335714.0147802709,0.0,183290.022611012,519004.03739128297,335819.605181817,0.0,184134.85049733997,519954.455679157
57,9496.137341,0.013970000000000002,0.0,0.0,9496.123371,328.0,335714.0147802709,0.0,183290.022611012,519004.03739128297,335819.605181817,0.0,184134.85049733997,519954.455679157
58,9496.337533,0.010072,0.0,0.0,9496.327461,328.0,335714.0147802709,0.0,183290.022611012,519004.03739128297,335819.605181817,0.0,184134.85049733997,519954.455679157
59,9496.537726,0.01211,0.0,0.0,9496.525616,328.0,335714.0147802709,0.0,183290.022611012,519004.03739128297,335819.605181817,0.0,184134.85049733997,519954.455679157
60,9496.737918,0.019439,0.0,0.0,9496.718479000001,328.0,335714.0147802709,0.0,183290.022611012,519004.03739128297,335819.605181817,0.0,184134.85049733997,519954.455679157
61,9496.93811,0.022935,0.0,0.0,9496.915174999998,328.0,335714.0147802709,0.0,183290.022611012,519004.03739128297,335819.605181817,0.0,184134.85049733997,519954.455679157
62,9497.138302,0.020589,0.0,0.0,9497.117713,328.0,335714.0147802709,0.0,183290.022611012,519004.03739128297,335819.605181817,0.0,184134.85049733997,519954.455679157
63,9497.2835,0.013726,0.0,0.0,9497.269774,328.0,335714.0147802709,0.0,183290.022611012,519004.03739128297,335819.605181817,0.0,184134.85049733997,519954.455679157
64,9497.2835,0.006091,0.0,0.0,9497.277409,328.0,335714.0147802709,0.0,183290.022611012,519004.03739128297,335819.605181817,0.0,184134.85049733997,519954.455679157
65,9497.2835,0.002306,0.0,0.0,9497.281194,328.0,335714.0147802709,0.0,183290.022611012,519004.03739128297,335819.605181817,0.0,184134.85049733997,519954.455679157
66,9497.2835,0.0,0.0,0.0,9497.2835,328.0,335714.0147802709,0.0,183290.022611012,519004.03739128297,335819.605181817,0.0,184134.85049733997,519954.455679157
67,9497.2835,0.0,0.0,0.0,9497.2835,328.0,335714.0147802709,0.0,183290.022611012,519004.03739128297,335819.605181817,0.0,184134.85049733997,519954.455679157
68,9497.307994,0.0,0.0,0.0,9497.307994,328.0,335714.0147802709,0.0,183290.022611012,519004.03739128297,335819.605181817,0.0,184134.85049733997,519954.455679157
69,9497.508186,0.0,0.0,0.0,9497.508186,328.0,335714.0147802709,0.0,183290.022611012,519004.03739128297,335819.605181817,0.0,184134.85049733997,519954.455679157
70,9497.708378,0.0,0.0,0.0,9497.708378,328.0,335714.0147802709,0.0,183290.022611012,519004.03739128297,335819.605181817,0.0,184134.85049733997,519954.455679157
71,9497.90857,0.0,0.0,0.0,9497.90857,328.0,335714.0147802709,0.0,183290.022611012,519004.03739128297,335819.605181817,0.0,184134.85049733997,519954.455679157
72,9498.108762,0.0,0.0,0.0,9498.108762,328.0,335714.0147802709,0.0,183290.022611012,519004.03739128297,335819.605181817,0.0,184134.85049733997,519954.455679157
73,9498.308954,0.0,0.0,0.0,9498.308954,328.0,335714.0147802709,0.0,183290.022611012,519004.03739128297,335819.605181817,0.0,184134.85049733997,519954.455679157
74,9498.509146,0.0,100.0,0.0,9598.509146,416.0,335714.0147802709,0.0,183290.022611012,519004.03739128297,335819.605181817,0.0,184134.85049733997,519954.455679157
75,9498.709338,0.0,100.0,0.0,9598.709338,504.0,335714.0147802709,0.0,183290.022611012,519004.03739128297,335819.605181817,0.0,184134.85049733997,519954.455679157
76,9498.90953,0.0,100.0,0.0,9598.90953,592.0,335714.0147802709,0.0,183290.022611012,519004.03739128297,335819.605181817,0.0,184134.85049733997,519954.455679157
77,9499.109722,0.0,100.0,0.0,9599.109722,680.0,335714.0147802709,0.0,183290.022611012,519004.03739128297,335819.605181817,0.0,184134.85049733997,519954.455679157
78,9499.309914,0.00046600000000000005,0.0,100.0,9399.309448,580.0,335714.0147802709,0.0,183290.022611012,519004.03739128297,335819.605181817,0.0,184134.85049733997,519954.455679157
79,9499.510106,0.011081,0.0,100.0,9399.499025,480.0,335714.0147802709,0.0,183290.022611012,519004.03739128297,335819.605181817,0.0,184134.85049733997,519954.455679157
80,9499.710298,0.024396,0.0,100.0,9399.685902,380.0,335714.0147802709,0.0,183290.022611012,519004.03739128297,335819.605181817,0.0,184134.85049733997,519954.455679157
81,9499.91049,0.034943,0.0,100.0,9399.875547,280.0,335714.0147802709,0.0,183290.022611012,519004.03739128297,335819.605181817,0.0,184134.85049733997,519954.455679157
82,9500.110682,0.039902,0.0,100.0,9400.07078,180.0,335714.0147802709,0.0,183290.022611012,519004.03739128297,335819.605181817,0.0,184134.85049733997,519954.455679157
83,9500.310875,0.041667,0.0,100.0,9400.269208,80.0,335714.0147802709,0.0,183290.022611012,519004.03739128297,335819.605181817,0.0,184134.85049733997,519954.455679157
84,9502.109306,0.041667,54.5454545454545,0.0,9556.613093545455,128.0,335714.0147802709,0.0,183290.022611012,519004.03739128297,335819.605181817,0.0,184134.85049733997,519954.455679157
85,9504.711802,0.041667,100.0,0.0,9604.670135,216.0,335714.0147802709,0.0,183290.022611012,519004.03739128297,335819.605181817,0.0,184134.85049733997,519954.455679157
86,9507.314299,0.036526,100.0,0.0,9607.277773,304.0,335714.0147802709,0.0,183290.022611012,519004.03739128297,335819.605181817,0.0,184134.85049733997,519954.455679157
87,9509.916795,0.028571000000000003,100.0,0.0,9609.888223999998,392.0,335714.0147802709,0.0,183290.022611012,519004.03739128297,335819.605181817,0.0,184134.85049733997,519954.455679157
88,9512.519292,0.017646000000000002,100.0,0.0,9612.501646,480.0,335714.0147802709,0.0,183290.022611012,519004.03739128297,335819.605181817,0.0,184134.85049733997,519954.455679157
89,9515.635222,0.004803,0.0,100.0,9415.630419000001,380.0,335714.0147802709,0.0,183290.022611012,519004.03739128297,335819.605181817,0.0,184134.85049733997,519954.455679157
90,9519.238679,0.0,0.0,100.0,9419.238679,280.0,335714.0147802709,0.0,183290.022611012,519004.03739128297,335819.605181817,0.0,184134.85049733997,519954.455679157
91,9522.842136,0.0,0.0,100.0,9422.842136,180.0,335714.0147802709,0.0,183290.022611012,519004.03739128297,335819.605181817,0.0,184134.85049733997,519954.455679157
92,9526.445593,0.0,0.0,100.0,9426.445593,80.0,335714.0147802709,0.0,183290.022611012,519004.03739128297,335819.605181817,0.0,184134.85049733997,519954.455679157
93,9530.049049,0.0,100.0,0.0,9630.049049,168.0,335714.0147802709,0.0,183290.022611012,519004.03739128297,335819.605181817,0.0,184134.85049733997,519954.455679157
94,9533.363759,0.0,100.0,0.0,9633.363759,256.0,335714.0147802709,0.0,183290.022611012,519004.03739128297,335819.605181817,0.0,184134.85049733997,519954.455679157
95,9536.166447,0.0,81.8181818181818,0.0,9617.984628818182,328.0,335714.0147802709,0.0,183290.022611012,519004.03739128297,335819.605181817,0.0,184134.85049733997,519954.455679157
96,9538.969136,0.0,0.0,0.0,9538.969136,328.0,335714.0147802709,0.0,183290.022611012,519004.03739128297,335819.605181817,0.0,184134.85049733997,519954.455679157
97,9541.771825,0.0,0.0,0.0,9541.771825,328.0,335714.0147802709,0.0,183290.022611012,519004.03739128297,335819.605181817,0.0,184134.85049733997,519954.455679157
98,9544.574513,0.0,100.0,0.0,9644.574513,416.0,335714.0147802709,0.0,183290.022611012,519004.03739128297,335819.605181817,0.0,184134.85049733997,519954.455679157
99,9546.793583,0.0,100.0,0.0,9646.793583,504.0,335714.0147802709,0.0,183290.022611012,519004.03739128297,335819.605181817,0.0,184134.85049733997,519954.455679157
100,9546.793583,0.0,100.0,0.0,9646.793583,592.0,335714.0147802709,0.0,183290.022611012,519004.03739128297,335819.605181817,0.0,184134.85049733997,519954.455679157
101,9546.793583,0.0,100.0,0.0,9646.793583,680.0,335714.0147802709,0.0,183290.022611012,519004.03739128297,335819.605181817,0.0,184134.85049733997,519954.455679157
102,9546.793583,0.0008,0.0,100.0,9446.792783,580.0,335714.0147802709,0.0,183290.022611012,519004.03739128297,335819.605181817,0.0,184134.85049733997,519954.455679157
103,9546.793583,0.009958999999999999,0.0,100.0,9446.783624,480.0,335714.0147802709,0.0,183290.022611012,519004.03739128297,335819.605181817,0.0,184134.85049733997,519954.455679157
104,9546.72646,0.023256000000000002,0.0,100.0,9446.703204,380.0,335714.0147802709,0.0,183290.022611012,519004.03739128297,335819.605181817,0.0,184134.85049733997,519954.455679157
105,9545.525308,0.027932,0.0,100.0,9445.497376,280.0,335714.0147802709,0.0,183290.022611012,519004.03739128297,335819.605181817,0.0,184134.85049733997,519954.455679157
106,9544.324155,0.03354,0.0,100.0,9444.290615,180.0,335714.0147802709,0.0,183290.022611012,519004.03739128297,335819.605181817,0.0,184134.85049733997,519954.455679157
107,9543.123003,0.029806000000000003,0.0,100.0,9443.093197,80.0,335714.0147802709,0.0,183290.022611012,519004.03739128297,335819.605181817,0.0,184134.85049733997,519954.455679157
108,9541.921851,0.034707999999999996,54.5454545454545,0.0,9596.432597545454,128.0,335714.0147802709,0.0,183290.022611012,519004.03739128297,335819.605181817,0.0,184134.85049733997,519954.455679157
109,9540.720699,0.038829999999999996,100.0,0.0,9640.681869,216.0,335714.0147802709,0.0,183290.022611012,519004.03739128297,335819.605181817,0.0,184134.85049733997,519954.455679157
110,9539.700426,0.035526,100.0,0.0,9639.6649,304.0,335714.0147802709,0.0,183290.022611012,519004.03739128297,335819.605181817,0.0,184134.85049733997,519954.455679157
111,9538.699465,0.027823,100.0,0.0,9638.671642,392.0,335714.0147802709,0.0,183290.022611012,519004.03739128297,335819.605181817,0.0,184134.85049733997,519954.455679157
112,9537.698505,0.017126000000000002,100.0,0.0,9637.681379,480.0,335714.0147802709,0.0,183290.022611012,519004.03739128297,335819.605181817,0.0,184134.85049733997,519954.455679157
113,9536.697545,0.004392,0.0,100.0,9436.693153,380.0,335714.0147802709,0.0,183290.022611012,519004.03739128297,335819.605181817,0.0,184134.85049733997,519954.455679157
114,9535.696585,0.0,0.0,100.0,9435.696585,280.0,335714.0147802709,0.0,183290.022611012,519004.03739128297,335819.605181817,0.0,184134.85049733997,519954.455679157
115,9534.244486,0.0,0.0,100.0,9434.244486,180.0,335714.0147802709,0.0,183290.022611012,519004.03739128297,335819.605181817,0.0,184134.85049733997,519954.455679157
116,9532.64295,0.0,0.0,100.0,9432.64295,80.0,335714.0147802709,0.0,183290.022611012,519004.03739128297,335819.605181817,0.0,184134.85049733997,519954.455679157
117,9531.041413,0.0,100.0,0.0,9631.041413,168.0,335714.0147802709,0.0,183290.022611012,519004.03739128297,335819.605181817,0.0,184134.85049733997,519954.455679157
118,9529.439877,0.0,100.0,0.0,9629.439877,256.0,335714.0147802709,0.0,183290.022611012,519004.03739128297,335819.605181817,0.0,184134.85049733997,519954.455679157
119,9527.83834,0.0,81.8181818181818,0.0,9609.656521818182,328.0,335714.0147802709,0.0,183290.022611012,519004.03739128297,335819.605181817,0.0,184134.85049733997,519954.455679157
120,9526.596443,0.0,0.0,0.0,9526.596443,328.0,335714.0147802709,0.0,183290.022611012,519004.03739128297,335819.605181817,0.0,184134.85049733997,519954.455679157
121,9525.595483,0.0,0.0,0.0,9525.595483,328.0,335714.0147802709,0.0,183290.022611012,519004.03739128297,335819.605181817,0.0,184134.85049733997,519954.455679157
122,9524.594523,0.0,100.0,0.0,9624.594523,416.0,335714.0147802709,0.0,183290.022611012,519004.03739128297,335819.605181817,0.0,184134.85049733997,519954.455679157
123,9523.593563,0.0,100.0,0.0,9623.593563,504.0,335714.0147802709,0.0,183290.022611012,519004.03739128297,335819.605181817,0.0,184134.85049733997,519954.455679157
124,9522.592602,0.0,100.0,0.0,9622.592602,592.0,335714.0147802709,0.0,183290.022611012,519004.03739128297,335819.605181817,0.0,184134.85049733997,519954.455679157
125,9521.681022,0.0,100.0,0.0,9621.681022,680.0,335714.0147802709,0.0,183290.022611012,519004.03739128297,335819.605181817,0.0,184134.85049733997,519954.455679157
126,9520.880254,0.000598,0.0,100.0,9420.879656,580.0,335714.0147802709,0.0,183290.022611012,519004.03739128297,335819.605181817,0.0,184134.85049733997,519954.455679157
127,9520.079486,0.008683,0.0,100.0,9420.070803,480.0,335714.0147802709,0.0,183290.022611012,519004.03739128297,335819.605181817,0.0,184134.85049733997,519954.455679157
128,9519.278717,0.021367999999999998,0.0,100.0,9419.257349,380.0,335714.0147802709,0.0,183290.022611012,519004.03739128297,335819.605181817,0.0,184134.85049733997,519954.455679157
129,9518.477949,0.031894,0.0,100.0,9418.446055,280.0,335714.0147802709,0.0,183290.022611012,519004.03739128297,335819.605181817,0.0,184134.85049733997,519954.455679157
130,9517.736061,0.038428,0.0,100.0,9417.697633,180.0,335714.0147802709,0.0,183290.022611012,519004.03739128297,335819.605181817,0.0,184134.85049733997,519954.455679157
131,9517.135485,0.041188,0.0,100.0,9417.094297000001,80.0,335714.0147802709,0.0,183290.022611012,519004.03739128297,335819.605181817,0.0,184134.85049733997,519954.455679157
132,9516.534909,0.041075,54.5454545454545,0.0,9571.039288545455,128.0,335714.0147802709,0.0,183290.022611012,519004.03739128297,335819.605181817,0.0,184134.85049733997,519954.455679157
133,9515.934333,0.039206000000000005,100.0,0.0,9615.895127,216.0,335714.0147802709,0.0,183290.022611012,519004.03739128297,335819.605181817,0.0,184134.85049733997,519954.455679157
134,9515.333757,0.034789,100.0,0.0,9615.298968000001,304.0,335714.0147802709,0.0,183290.022611012,519004.03739128297,335819.605181817,0.0,184134.85049733997,519954.455679157
135,9514.7048,0.026699,100.0,0.0,9614.678101,392.0,335714.0147802709,0.0,183290.022611012,519004.03739128297,335819.605181817,0.0,184134.85049733997,519954.455679157
136,9513.904032,0.015951,100.0,0.0,9613.888081000001,480.0,335714.0147802709,0.0,183290.022611012,519004.03739128297,335819.605181817,0.0,184134.85049733997,519954.455679157
137,9513.103264,0.003538,0.0,100.0,9413.099725999999,380.0,335714.0147802709,0.0,183290.022611012,519004.03739128297,335819.605181817,0.0,184134.85049733997,519954.455679157
138,9512.302496,0.0,0.0,100.0,9412.302496,280.0,335714.0147802709,0.0,183290.022611012,519004.03739128297,335819.605181817,0.0,184134.85049733997,519954.455679157
139,9511.501728,0.0,0.0,100.0,9411.501728,180.0,335714.0147802709,0.0,183290.022611012,519004.03739128297,335819.605181817,0.0,184134.85049733997,519954.455679157
140,9510.700959,0.0,0.0,100.0,9410.700959,80.0,335714.0147802709,0.0,183290.022611012,519004.03739128297,335819.605181817,0.0,184134.85049733997,519954.455679157
141,9510.098264,0.0,100.0,0.0,9610.098264,168.0,335714.0147802709,0.0,183290.022611012,519004.03739128297,335819.605181817,0.0,184134.85049733997,519954.455679157
142,9509.497687,0.0,100.0,0.0,9609.497687,256.0,335714.0147802709,0.0,183290.022611012,519004.03739128297,335819.605181817,0.0,184134.85049733997,519954.455679157
143,9508.897111,0.0,81.8181818181818,0.0,9590.715292818182,328.0,335714.0147802709,0.0,183290.022611012,519004.03739128297,335819.605181817,0.0,184134.85049733997,519954.455679157
144,9508.296535,0.0,0.0,0.0,9508.296535,328.0,335714.0147802709,0.0,183290.022611012,519004.03739128297,335819.605181817,0.0,184134.85049733997,519954.455679157
145,9507.695959,0.0,0.0,0.0,9507.695959,328.0,335714.0147802709,0.0,183290.022611012,519004.03739128297,335819.605181817,0.0,184134.85049733997,519954.455679157
146,9506.92781,0.0,100.0,0.0,9606.92781,416.0,335714.0147802709,0.0,183290.022611012,519004.03739128297,335819.605181817,0.0,184134.85049733997,519954.455679157
147,9506.127042,0.0,100.0,0.0,9606.127042,504.0,335714.0147802709,0.0,183290.022611012,519004.03739128297,335819.605181817,0.0,184134.85049733997,519954.455679157
148,9505.326274,0.0,100.0,0.0,9605.326274,592.0,335714.0147802709,0.0,183290.022611012,519004.03739128297,335819.605181817,0.0,184134.85049733997,519954.455679157
149,9504.525506,0.0,100.0,0.0,9604.525506,680.0,335714.0147802709,0.0,183290.022611012,519004.03739128297,335819.605181817,0.0,184134.85049733997,519954.455679157
150,9503.724738,0.0006550000000000001,0.0,100.0,9403.724083000001,580.0,335714.0147802709,0.0,183290.022611012,519004.03739128297,335819.605181817,0.0,184134.85049733997,519954.455679157
151,9503.061042,0.009869,0.0,100.0,9403.051173,480.0,335714.0147802709,0.0,183290.022611012,519004.03739128297,335819.605181817,0.0,184134.85049733997,519954.455679157
152,9502.460466,0.021674,0.0,100.0,9402.438792,380.0,335714.0147802709,0.0,183290.022611012,519004.03739128297,335819.605181817,0.0,184134.85049733997,519954.455679157
153,9501.85989,0.031398,0.0,100.0,9401.828492,280.0,335714.0147802709,0.0,183290.022611012,519004.03739128297,335819.605181817,0.0,184134.85049733997,519954.455679157
154,9501.259314,0.038093,0.0,100.0,9401.221221000002,180.0,335714.0147802709,0.0,183290.022611012,519004.03739128297,335819.605181817,0.0,184134.85049733997,519954.455679157
155,9500.658738,0.039893000000000005,0.0,100.0,9400.618845,80.0,335714.0147802709,0.0,183290.022611012,519004.03739128297,335819.605181817,0.0,184134.85049733997,519954.455679157
156,9499.845016,0.040653,54.5454545454545,0.0,9554.349817545453,128.0,335714.0147802709,0.0,183290.022611012,519004.03739128297,335819.605181817,0.0,184134.85049733997,519954.455679157
157,9498.844056,0.037639000000000006,100.0,0.0,9598.806417,216.0,335714.0147802709,0.0,183290.022611012,519004.03739128297,335819.605181817,0.0,184134.85049733997,519954.455679157
158,9497.843095,0.033299,100.0,0.0,9597.809796,304.0,335714.0147802709,0.0,183290.022611012,519004.03739128297,335819.605181817,0.0,184134.85049733997,519954.455679157
159,9496.842135,0.026474,100.0,0.0,9596.815661,392.0,335714.0147802709,0.0,183290.022611012,519004.03739128297,335819.605181817,0.0,184134.85049733997,519954.455679157
160,9495.841175,0.016272,100.0,0.0,9595.824902999999,480.0,335714.0147802709,0.0,183290.022611012,519004.03739128297,335819.605181817,0.0,184134.85049733997,519954.455679157
161,9494.916288,0.004221,0.0,100.0,9394.912067000001,380.0,335714.0147802709,0.0,183290.022611012,519004.03739128297,335819.605181817,0.0,184134.85049733997,519954.455679157
162,9494.11552,0.0,0.0,100.0,9394.11552,280.0,335714.0147802709,0.0,183290.022611012,519004.03739128297,335819.605181817,0.0,184134.85049733997,519954.455679157
163,9493.314751,0.0,0.0,100.0,9393.314751,180.0,335714.0147802709,0.0,183290.022611012,519004.03739128297,335819.605181817,0.0,184134.85049733997,519954.455679157
164,9492.513983,0.0,0.0,100.0,9392.513983,80.0,335714.0147802709,0.0,183290.022611012,519004.03739128297,335819.605181817,0.0,184134.85049733997,519954.455679157
165,9491.713215,0.0,100.0,0.0,9591.713215,168.0,335714.0147802709,0.0,183290.022611012,519004.03739128297,335819.605181817,0.0,184134.85049733997,519954.455679157
166,9490.912447,0.0,100.0,0.0,9590.912447,256.0,335714.0147802709,0.0,183290.022611012,519004.03739128297,335819.605181817,0.0,184134.85049733997,519954.455679157
167,9490.111679,0.0,81.8181818181818,0.0,9571.929860818182,328.0,335714.0147802709,0.0,183290.022611012,519004.03739128297,335819.605181817,0.0,184134.85049733997,519954.455679157
168,9489.31091,0.0,0.0,0.0,9489.31091,328.0,335714.0147802709,0.0,183290.022611012,519004.03739128297,335819.605181817,0.0,184134.85049733997,519954.455679157
169,9488.510142,0.0,0.0,0.0,9488.510142,328.0,335714.0147802709,0.0,183290.022611012,519004.03739128297,335819.605181817,0.0,184134.85049733997,519954.455679157
170,9487.709374,0.0,100.0,0.0,9587.709374,416.0,335714.0147802709,0.0,183290.022611012,519004.03739128297,335819.605181817,0.0,184134.85049733997,519954.455679157
171,9486.908606,0.0,100.0,0.0,9586.908606,504.0,335714.0147802709,0.0,183290.022611012,519004.03739128297,335819.605181817,0.0,184134.85049733997,519954.455679157
172,9486.107838,0.0,100.0,0.0,9586.107838,592.0,335714.0147802709,0.0,183290.022611012,519004.03739128297,335819.605181817,0.0,184134.85049733997,519954.455679157
173,9485.30707,0.0,100.0,0.0,9585.30707,680.0,335714.0147802709,0.0,183290.022611012,519004.03739128297,335819.605181817,0.0,184134.85049733997,519954.455679157
174,9484.506301,0.0007199999999999999,0.0,100.0,9384.505581,580.0,335714.0147802709,0.0,183290.022611012,519004.03739128297,335819.605181817,0.0,184134.85049733997,519954.455679157
175,9483.705533,0.009569000000000001,0.0,100.0,9383.695964,480.0,335714.0147802709,0.0,183290.022611012,519004.03739128297,335819.605181817,0.0,184134.85049733997,519954.455679157
176,9482.904765,0.021469000000000002,0.0,100.0,9382.883296,380.0,335714.0147802709,0.0,183290.022611012,519004.03739128297,335819.605181817,0.0,184134.85049733997,519954.455679157
177,9482.658293,0.031023000000000002,0.0,100.0,9382.62727,280.0,335714.0147802709,0.0,183290.022611012,519004.03739128297,335819.605181817,0.0,184134.85049733997,519954.455679157
178,9482.458101,0.03689,0.0,100.0,9382.421211,180.0,335714.0147802709,0.0,183290.022611012,519004.03739128297,335819.605181817,0.0,184134.85049733997,519954.455679157
179,9482.257909,0.039389,0.0,100.0,9382.21852,80.0,335714.0147802709,0.0,183290.022611012,519004.03739128297,335819.605181817,0.0,184134.85049733997,519954.455679157
180,9482.057717,0.039916,54.5454545454545,0.0,9536.563255545454,128.0,335714.0147802709,0.0,183290.022611012,519004.03739128297,335819.605181817,0.0,184134.85049733997,519954.455679157
181,9481.857525,0.03795900000000001,100.0,0.0,9581.819566,216.0,335714.0147802709,0.0,183290.022611012,519004.03739128297,335819.605181817,0.0,184134.85049733997,519954.455679157
182,9481.965864,0.031222000000000003,100.0,0.0,9581.934642,304.0,335714.0147802709,0.0,183290.022611012,519004.03739128297,335819.605181817,0.0,184134.85049733997,519954.455679157
183,9482.166056,0.018955,100.0,0.0,9582.147101,392.0,335714.0147802709,0.0,183290.022611012,519004.03739128297,335819.605181817,0.0,184134.85049733997,519954.455679157
184,9482.366248,0.014951,100.0,0.0,9582.351297000001,480.0,335714.0147802709,0.0,183290.022611012,519004.03739128297,335819.605181817,0.0,184134.85049733997,519954.455679157
185,9482.56644,0.003353,0.0,100.0,9382.563087,380.0,335714.0147802709,0.0,183290.022611012,519004.03739128297,335819.605181817,0.0,184134.85049733997,519954.455679157
186,9482.766633,0.0,0.0,100.0,9382.766633,280.0,335714.0147802709,0.0,183290.022611012,519004.03739128297,335819.605181817,0.0,184134.85049733997,519954.455679157
187,9482.966825,0.0,0.0,100.0,9382.966825,180.0,335714.0147802709,0.0,183290.022611012,519004.03739128297,335819.605181817,0.0,184134.85049733997,519954.455679157
188,9483.167017,0.0,0.0,100.0,9383.167017,80.0,335714.0147802709,0.0,183290.022611012,519004.03739128297,335819.605181817,0.0,184134.85049733997,519954.455679157
189,9483.367209,0.0,0.0,0.0,9483.367209,80.0,335714.0147802709,0.0,183290.022611012,519004.03739128297,335819.605181817,0.0,184134.85049733997,519954.455679157
190,9483.567401,0.0,0.0,0.0,9483.567401,80.0,335714.0147802709,0.0,183290.022611012,519004.03739128297,335819.605181817,0.0,184134.85049733997,519954.455679157
191,9483.767593,0.0,0.0,0.0,9483.767593,80.0,335714.0147802709,0.0,183290.022611012,519004.03739128297,335819.605181817,0.0,184134.85049733997,519954.455679157
192,9483.874519,0.0,0.0,0.0,9483.874519,80.0,335714.0147802709,0.0,183290.022611012,519004.03739128297,335819.605181817,0.0,184134.85049733997,519954.455679157
193,9483.874519,0.0,0.0,0.0,9483.874519,80.0,335714.0147802709,0.0,183290.022611012,519004.03739128297,335819.605181817,0.0,184134.85049733997,519954.455679157
194,9483.874519,0.0,0.0,0.0,9483.874519,80.0,335714.0147802709,0.0,183290.022611012,519004.03739128297,335819.605181817,0.0,184134.85049733997,519954.455679157
195,9483.874519,0.0,0.0,0.0,9483.874519,80.0,335714.0147802709,0.0,183290.022611012,519004.03739128297,335819.605181817,0.0,184134.85049733997,519954.455679157
196,9483.874519,0.0,0.0,0.0,9483.874519,80.0,335714.0147802709,0.0,183290.022611012,519004.03739128297,335819.605181817,0.0,184134.85049733997,519954.455679157
197,9483.874519,0.0,0.0,0.0,9483.874519,80.0,335714.0147802709,0.0,183290.022611012,519004.03739128297,335819.605181817,0.0,184134.85049733997,519954.455679157
198,9483.874519,0.00047,0.0,0.0,9483.874049,80.0,335714.0147802709,0.0,183290.022611012,519004.03739128297,335819.605181817,0.0,184134.85049733997,519954.455679157
199,9483.874519,0.005569,0.0,0.0,9483.86895,80.0,335714.0147802709,0.0,183290.022611012,519004.03739128297,335819.605181817,0.0,184134.85049733997,519954.455679157
200,9483.874519,0.018765999999999998,0.0,0.0,9483.855753000002,80.0,335714.0147802709,0.0,183290.022611012,519004.03739128297,335819.605181817,0.0,184134.85049733997,519954.455679157
201,9483.874519,0.030010000000000002,0.0,0.0,9483.844509,80.0,335714.0147802709,0.0,183290.022611012,519004.03739128297,335819.605181817,0.0,184134.85049733997,519954.455679157
202,9483.842253,0.036963,0.0,0.0,9483.80529,80.0,335714.0147802709,0.0,183290.022611012,519004.03739128297,335819.605181817,0.0,184134.85049733997,519954.455679157
203,9483.642061,0.037683999999999995,0.0,0.0,9483.604377,80.0,335714.0147802709,0.0,183290.022611012,519004.03739128297,335819.605181817,0.0,184134.85049733997,519954.455679157
204,9483.441869,0.037137,0.0,0.0,9483.404732,80.0,335714.0147802709,0.0,183290.022611012,519004.03739128297,335819.605181817,0.0,184134.85049733997,519954.455679157
205,9483.241676,0.02971,0.0,0.0,9483.211965999999,80.0,335714.0147802709,0.0,183290.022611012,519004.03739128297,335819.605181817,0.0,184134.85049733997,519954.455679157
206,9483.041484,0.020758,0.0,0.0,9483.020725999999,80.0,335714.0147802709,0.0,183290.022611012,519004.03739128297,335819.605181817,0.0,184134.85049733997,519954.455679157
207,9482.841292,0.019286,0.0,0.0,9482.822005999999,80.0,335714.0147802709,0.0,183290.022611012,519004.03739128297,335819.605181817,0.0,184134.85049733997,519954.455679157
208,9482.6411,0.0063230000000000005,0.0,0.0,9482.634777000001,80.0,335714.0147802709,0.0,183290.022611012,519004.03739128297,335819.605181817,0.0,184134.85049733997,519954.455679157
209,9482.440908,0.002232,100.0,0.0,9582.438676,168.0,335714.0147802709,0.0,183290.022611012,519004.03739128297,335819.605181817,0.0,184134.85049733997,519954.455679157
210,9482.240716,0.0,100.0,0.0,9582.240716,256.0,335714.0147802709,0.0,183290.022611012,519004.03739128297,335819.605181817,0.0,184134.85049733997,519954.455679157
211,9482.040524,0.0,81.8181818181818,0.0,9563.858705818182,328.0,335714.0147802709,0.0,183290.022611012,519004.03739128297,335819.605181817,0.0,184134.85049733997,519954.455679157
212,9481.840332,0.0,0.0,0.0,9481.840332,328.0,335714.0147802709,0.0,183290.022611012,519004.03739128297,335819.605181817,0.0,184134.85049733997,519954.455679157
213,9481.468682,0.0,0.0,0.0,9481.468682,328.0,335714.0147802709,0.0,183290.022611012,519004.03739128297,335819.605181817,0.0,184134.85049733997,519954.455679157
214,9481.068297,0.0,0.0,0.0,9481.068297,328.0,335714.0147802709,0.0,183290.022611012,519004.03739128297,335819.605181817,0.0,184134.85049733997,519954.455679157
215,9480.667913,0.0,0.0,0.0,9480.667913,328.0,335714.0147802709,0.0,183290.022611012,519004.03739128297,335819.605181817,0.0,184134.85049733997,519954.455679157
216,9480.267529,0.0,0.0,0.0,9480.267529,328.0,335714.0147802709,0.0,183290.022611012,519004.03739128297,335819.605181817,0.0,184134.85049733997,519954.455679157
217,9479.867145,0.0,0.0,0.0,9479.867145,328.0,335714.0147802709,0.0,183290.022611012,519004.03739128297,335819.605181817,0.0,184134.85049733997,519954.455679157
218,9479.60772,0.0,0.0,0.0,9479.60772,328.0,335714.0147802709,0.0,183290.022611012,519004.03739128297,335819.605181817,0.0,184134.85049733997,519954.455679157
219,9479.407528,0.0,0.0,0.0,9479.407528,328.0,335714.0147802709,0.0,183290.022611012,519004.03739128297,335819.605181817,0.0,184134.85049733997,519954.455679157
220,9479.207336,0.0,0.0,0.0,9479.207336,328.0,335714.0147802709,0.0,183290.022611012,519004.03739128297,335819.605181817,0.0,184134.85049733997,519954.455679157
221,9479.007144,0.0,0.0,0.0,9479.007144,328.0,335714.0147802709,0.0,183290.022611012,519004.03739128297,335819.605181817,0.0,184134.85049733997,519954.455679157
222,9478.806952,0.0007930000000000001,0.0,0.0,9478.806159000002,328.0,335714.0147802709,0.0,183290.022611012,519004.03739128297,335819.605181817,0.0,184134.85049733997,519954.455679157
223,9478.496301,0.0105,0.0,0.0,9478.485800999999,328.0,335714.0147802709,0.0,183290.022611012,519004.03739128297,335819.605181817,0.0,184134.85049733997,519954.455679157
224,9478.095917,0.023350000000000003,0.0,0.0,9478.072567000001,328.0,335714.0147802709,0.0,183290.022611012,519004.03739128297,335819.605181817,0.0,184134.85049733997,519954.455679157
225,9477.695533,0.032711,0.0,0.0,9477.662822,328.0,335714.0147802709,0.0,183290.022611012,519004.03739128297,335819.605181817,0.0,184134.85049733997,519954.455679157
226,9477.295148,0.038336,0.0,0.0,9477.256812,328.0,335714.0147802709,0.0,183290.022611012,519004.03739128297,335819.605181817,0.0,184134.85049733997,519954.455679157
227,9476.894764,0.041667,0.0,0.0,9476.853097000001,328.0,335714.0147802709,0.0,183290.022611012,519004.03739128297,335819.605181817,0.0,184134.85049733997,519954.455679157
228,9476.574339,0.041667,0.0,0.0,9476.532672000001,328.0,335714.0147802709,0.0,183290.022611012,519004.03739128297,335819.605181817,0.0,184134.85049733997,519954.455679157
229,9476.374147,0.040987,0.0,0.0,9476.33316,328.0,335714.0147802709,0.0,183290.022611012,519004.03739128297,335819.605181817,0.0,184134.85049733997,519954.455679157
230,9476.173955,0.036669,0.0,0.0,9476.137286000001,328.0,335714.0147802709,0.0,183290.022611012,519004.03739128297,335819.605181817,0.0,184134.85049733997,519954.455679157
231,9475.973763,0.028396,0.0,0.0,9475.945367,328.0,335714.0147802709,0.0,183290.022611012,519004.03739128297,335819.605181817,0.0,184134.85049733997,519954.455679157
232,9475.773571,0.017174,0.0,0.0,9475.756397,328.0,335714.0147802709,0.0,183290.022611012,519004.03739128297,335819.605181817,0.0,184134.85049733997,519954.455679157
233,9475.573379,0.0044150000000000005,0.0,0.0,9475.568964,328.0,335714.0147802709,0.0,183290.022611012,519004.03739128297,335819.605181817,0.0,184134.85049733997,519954.455679157
234,9475.373187,0.0,0.0,0.0,9475.373187,328.0,335714.0147802709,0.0,183290.022611012,519004.03739128297,335819.605181817,0.0,184134.85049733997,519954.455679157
235,9475.172995,0.0,0.0,0.0,9475.172995,328.0,335714.0147802709,0.0,183290.022611012,519004.03739128297,335819.605181817,0.0,184134.85049733997,519954.455679157
236,9474.972803,0.0,0.0,0.0,9474.972803,328.0,335714.0147802709,0.0,183290.022611012,519004.03739128297,335819.605181817,0.0,184134.85049733997,519954.455679157
237,9474.772611,0.0,0.0,0.0,9474.772611,328.0,335714.0147802709,0.0,183290.022611012,519004.03739128297,335819.605181817,0.0,184134.85049733997,519954.455679157
238,9474.591378,0.0,0.0,0.0,9474.591378,328.0,335714.0147802709,0.0,183290.022611012,519004.03739128297,335819.605181817,0.0,184134.85049733997,519954.455679157
239,9474.591378,0.0,0.0,0.0,9474.591378,328.0,335714.0147802709,0.0,183290.022611012,519004.03739128297,335819.605181817,0.0,184134.85049733997,519954.455679157
240,9474.591378,0.0,0.0,0.0,9474.591378,328.0,335714.0147802709,0.0,183290.022611012,519004.03739128297,335819.605181817,0.0,184134.85049733997,519954.455679157
241,9474.591378,0.0,0.0,0.0,9474.591378,328.0,335714.0147802709,0.0,183290.022611012,519004.03739128297,335819.605181817,0.0,184134.85049733997,519954.455679157
242,9474.591378,0.0,100.0,0.0,9574.591378,416.0,335714.0147802709,0.0,183290.022611012,519004.03739128297,335819.605181817,0.0,184134.85049733997,519954.455679157
243,9474.591378,0.0,100.0,0.0,9574.591378,504.0,335714.0147802709,0.0,183290.022611012,519004.03739128297,335819.605181817,0.0,184134.85049733997,519954.455679157
244,9475.911939,0.0,100.0,0.0,9575.911939,592.0,335714.0147802709,0.0,183290.022611012,519004.03739128297,335819.605181817,0.0,184134.85049733997,519954.455679157
245,9477.313283,0.0,100.0,0.0,9577.313283,680.0,335714.0147802709,0.0,183290.022611012,519004.03739128297,335819.605181817,0.0,184134.85049733997,519954.455679157
246,9478.714628,0.000948,0.0,100.0,9378.713679999999,580.0,335714.0147802709,0.0,183290.022611012,519004.03739128297,335819.605181817,0.0,184134.85049733997,519954.455679157
247,9480.115972,0.011121,0.0,100.0,9380.104851,480.0,335714.0147802709,0.0,183290.022611012,519004.03739128297,335819.605181817,0.0,184134.85049733997,519954.455679157
248,9481.517316,0.023829,0.0,100.0,9381.493487,380.0,335714.0147802709,0.0,183290.022611012,519004.03739128297,335819.605181817,0.0,184134.85049733997,519954.455679157
249,9483.076812,0.03251,0.0,100.0,9383.044302,280.0,335714.0147802709,0.0,183290.022611012,519004.03739128297,335819.605181817,0.0,184134.85049733997,519954.455679157
250,9484.678349,0.037706,0.0,100.0,9384.640643,180.0,335714.0147802709,0.0,183290.022611012,519004.03739128297,335819.605181817,0.0,184134.85049733997,519954.455679157
251,9486.279885,0.041149000000000005,0.0,100.0,9386.238736,80.0,335714.0147802709,0.0,183290.022611012,519004.03739128297,335819.605181817,0.0,184134.85049733997,519954.455679157
252,9487.881422,0.041667,54.5454545454545,0.0,9542.385209545455,128.0,335714.0147802709,0.0,183290.022611012,519004.03739128297,335819.605181817,0.0,184134.85049733997,519954.455679157
253,9489.482958,0.039798,100.0,0.0,9589.44316,216.0,335714.0147802709,0.0,183290.022611012,519004.03739128297,335819.605181817,0.0,184134.85049733997,519954.455679157
254,9491.084494,0.033949,100.0,0.0,9591.050545,304.0,335714.0147802709,0.0,183290.022611012,519004.03739128297,335819.605181817,0.0,184134.85049733997,519954.455679157
255,9492.686031,0.026436,100.0,0.0,9592.659595,392.0,335714.0147802709,0.0,183290.022611012,519004.03739128297,335819.605181817,0.0,184134.85049733997,519954.455679157
256,9494.287567,0.016205999999999998,100.0,0.0,9594.271361,480.0,335714.0147802709,0.0,183290.022611012,519004.03739128297,335819.605181817,0.0,184134.85049733997,519954.455679157
257,9495.889103,0.004236,0.0,100.0,9395.884866999999,380.0,335714.0147802709,0.0,183290.022611012,519004.03739128297,335819.605181817,0.0,184134.85049733997,519954.455679157
258,9497.49064,0.0,0.0,100.0,9397.49064,280.0,335714.0147802709,0.0,183290.022611012,519004.03739128297,335819.605181817,0.0,184134.85049733997,519954.455679157
259,9498.897872,0.0,0.0,100.0,9398.897872,180.0,335714.0147802709,0.0,183290.022611012,519004.03739128297,335819.605181817,0.0,184134.85049733997,519954.455679157
260,9500.099024,0.0,0.0,100.0,9400.099024,80.0,335714.0147802709,0.0,183290.022611012,519004.03739128297,335819.605181817,0.0,184134.85049733997,519954.455679157
261,9501.300176,0.0,100.0,0.0,9601.300176,168.0,335714.0147802709,0.0,183290.022611012,519004.03739128297,335819.605181817,0.0,184134.85049733997,519954.455679157
262,9502.501329,0.0,100.0,0.0,9602.501329,256.0,335714.0147802709,0.0,183290.022611012,519004.03739128297,335819.605181817,0.0,184134.85049733997,519954.455679157
263,9503.702481,0.0,81.8181818181818,0.0,9585.520662818182,328.0,335714.0147802709,0.0,183290.022611012,519004.03739128297,335819.605181817,0.0,184134.85049733997,519954.455679157
264,9505.236894,0.0,0.0,0.0,9505.236894,328.0,335714.0147802709,0.0,183290.022611012,519004.03739128297,335819.605181817,0.0,184134.85049733997,519954.455679157
265,9507.439007,0.0,0.0,0.0,9507.439007,328.0,335714.0147802709,0.0,183290.022611012,519004.03739128297,335819.605181817,0.0,184134.85049733997,519954.455679157
266,9509.641119,0.0,100.0,0.0,9609.641119,416.0,335714.0147802709,0.0,183290.022611012,519004.03739128297,335819.605181817,0.0,184134.85049733997,519954.455679157
267,9511.843232,0.0,100.0,0.0,9611.843232,504.0,335714.0147802709,0.0,183290.022611012,519004.03739128297,335819.605181817,0.0,184134.85049733997,519954.455679157
268,9514.045344,0.0,100.0,0.0,9614.045344,592.0,335714.0147802709,0.0,183290.022611012,519004.03739128297,335819.605181817,0.0,184134.85049733997,519954.455679157
269,9516.464371,0.0,100.0,0.0,9616.464371,680.0,335714.0147802709,0.0,183290.022611012,519004.03739128297,335819.605181817,0.0,184134.85049733997,519954.455679157
270,9519.867635,0.0009360000000000001,0.0,100.0,9419.866699,580.0,335714.0147802709,0.0,183290.022611012,519004.03739128297,335819.605181817,0.0,184134.85049733997,519954.455679157
271,9523.2709,0.010695,0.0,100.0,9423.260204999999,480.0,335714.0147802709,0.0,183290.022611012,519004.03739128297,335819.605181817,0.0,184134.85049733997,519954.455679157
272,9526.674165,0.022981,0.0,100.0,9426.651184,380.0,335714.0147802709,0.0,183290.022611012,519004.03739128297,335819.605181817,0.0,184134.85049733997,519954.455679157
273,9530.07743,0.032116,0.0,100.0,9430.045313999999,280.0,335714.0147802709,0.0,183290.022611012,519004.03739128297,335819.605181817,0.0,184134.85049733997,519954.455679157
274,9533.480694,0.037093,0.0,100.0,9433.443600999999,180.0,335714.0147802709,0.0,183290.022611012,519004.03739128297,335819.605181817,0.0,184134.85049733997,519954.455679157
275,9536.883959,0.041386000000000006,0.0,100.0,9436.842573,80.0,335714.0147802709,0.0,183290.022611012,519004.03739128297,335819.605181817,0.0,184134.85049733997,519954.455679157
276,9540.287224,0.041667,54.5454545454545,0.0,9594.791011545454,128.0,335714.0147802709,0.0,183290.022611012,519004.03739128297,335819.605181817,0.0,184134.85049733997,519954.455679157
277,9543.690489,0.037812,100.0,0.0,9643.652677,216.0,335714.0147802709,0.0,183290.022611012,519004.03739128297,335819.605181817,0.0,184134.85049733997,519954.455679157
278,9547.093753,0.033725000000000005,100.0,0.0,9647.060028,304.0,335714.0147802709,0.0,183290.022611012,519004.03739128297,335819.605181817,0.0,184134.85049733997,519954.455679157
279,9550.497018,0.025873999999999998,100.0,0.0,9650.471144,392.0,335714.0147802709,0.0,183290.022611012,519004.03739128297,335819.605181817,0.0,184134.85049733997,519954.455679157
280,9553.724938,0.015835000000000002,100.0,0.0,9653.709103,480.0,335714.0147802709,0.0,183290.022611012,519004.03739128297,335819.605181817,0.0,184134.85049733997,519954.455679157
281,9556.928011,0.004352000000000001,0.0,100.0,9456.923659,380.0,335714.0147802709,0.0,183290.022611012,519004.03739128297,335819.605181817,0.0,184134.85049733997,519954.455679157
282,9560.131084,0.0,0.0,100.0,9460.131084,280.0,335714.0147802709,0.0,183290.022611012,519004.03739128297,335819.605181817,0.0,184134.85049733997,519954.455679157
283,9563.334156,0.0,0.0,100.0,9463.334156,180.0,335714.0147802709,0.0,183290.022611012,519004.03739128297,335819.605181817,0.0,184134.85049733997,519954.455679157
284,9566.537229,0.0,0.0,100.0,9466.537229,80.0,335714.0147802709,0.0,183290.022611012,519004.03739128297,335819.605181817,0.0,184134.85049733997,519954.455679157
285,9569.016078,0.0,100.0,0.0,9669.016078,168.0,335714.0147802709,0.0,183290.022611012,519004.03739128297,335819.605181817,0.0,184134.85049733997,519954.455679157
286,9571.21819,0.0,100.0,0.0,9671.21819,256.0,335714.0147802709,0.0,183290.022611012,519004.03739128297,335819.605181817,0.0,184134.85049733997,519954.455679157
287,9573.420303,0.0,81.8181818181818,0.0,9655.238484818183,328.0,335714.0147802709,0.0,183290.022611012,519004.03739128297,335819.605181817,0.0,184134.85049733997,519954.455679157
288,9575.622415,0.0,0.0,0.0,9575.622415,328.0,335714.0147802709,0.0,183290.022611012,519004.03739128297,335819.605181817,0.0,184134.85049733997,519954.455679157
289,9577.824528,0.0,0.0,0.0,9577.824528,328.0,335714.0147802709,0.0,183290.022611012,519004.03739128297,335819.605181817,0.0,184134.85049733997,519954.455679157
290,9580.71271,0.0,100.0,0.0,9680.71271,416.0,335714.0147802709,0.0,183290.022611012,519004.03739128297,335819.605181817,0.0,184134.85049733997,519954.455679157
291,9584.115975,0.0,100.0,0.0,9684.115975,504.0,335714.0147802709,0.0,183290.022611012,519004.03739128297,335819.605181817,0.0,184134.85049733997,519954.455679157
292,9587.519239,0.0,100.0,0.0,9687.519239,592.0,335714.0147802709,0.0,183290.022611012,519004.03739128297,335819.605181817,0.0,184134.85049733997,519954.455679157
293,9590.922504,0.0,100.0,0.0,9690.922504,680.0,335714.0147802709,0.0,183290.022611012,519004.03739128297,335819.605181817,0.0,184134.85049733997,519954.455679157
294,9594.325769,0.00101,0.0,100.0,9494.324759,580.0,335714.0147802709,0.0,183290.022611012,519004.03739128297,335819.605181817,0.0,184134.85049733997,519954.455679157
295,9597.142118,0.01065,0.0,100.0,9497.131468,480.0,335714.0147802709,0.0,183290.022611012,519004.03739128297,335819.605181817,0.0,184134.85049733997,519954.455679157
296,9599.144038,0.022768,0.0,100.0,9499.12127,380.0,335714.0147802709,0.0,183290.022611012,519004.03739128297,335819.605181817,0.0,184134.85049733997,519954.455679157
297,9601.145959,0.031782,0.0,100.0,9501.114177,280.0,335714.0147802709,0.0,183290.022611012,519004.03739128297,335819.605181817,0.0,184134.85049733997,519954.455679157
298,9603.147879,0.037035,0.0,100.0,9503.110844,180.0,335714.0147802709,0.0,183290.022611012,519004.03739128297,335819.605181817,0.0,184134.85049733997,519954.455679157
299,9605.1498,0.03961,0.0,100.0,9505.11019,80.0,335714.0147802709,0.0,183290.022611012,519004.03739128297,335819.605181817,0.0,184134.85049733997,519954.455679157
300,9607.258411,0.040176,54.5454545454545,0.0,9661.763689545454,128.0,335714.0147802709,0.0,183290.022611012,519004.03739128297,335819.605181817,0.0,184134.85049733997,519954.455679157
301,9609.660715,0.03720300000000001,100.0,0.0,9709.623512,216.0,335714.0147802709,0.0,183290.022611012,519004.03739128297,335819.605181817,0.0,184134.85049733997,519954.455679157
302,9612.06302,0.034152,100.0,0.0,9712.028868,304.0,335714.0147802709,0.0,183290.022611012,519004.03739128297,335819.605181817,0.0,184134.85049733997,519954.455679157
303,9614.465324,0.011656000000000001,100.0,0.0,9714.453668,392.0,335714.0147802709,0.0,183290.022611012,519004.03739128297,335819.605181817,0.0,184134.85049733997,519954.455679157
304,9616.867629,0.004978,100.0,0.0,9716.862651,480.0,335714.0147802709,0.0,183290.022611012,519004.03739128297,335819.605181817,0.0,184134.85049733997,519954.455679157
305,9619.315624,0.0026309999999999997,0.0,100.0,9519.312993000001,380.0,335714.0147802709,0.0,183290.022611012,519004.03739128297,335819.605181817,0.0,184134.85049733997,519954.455679157
306,9622.118313,0.0,0.0,100.0,9522.118313,280.0,335714.0147802709,0.0,183290.022611012,519004.03739128297,335819.605181817,0.0,184134.85049733997,519954.455679157
307,9624.921001,0.0,0.0,100.0,9524.921001,180.0,335714.0147802709,0.0,183290.022611012,519004.03739128297,335819.605181817,0.0,184134.85049733997,519954.455679157
308,9627.72369,0.0,0.0,100.0,9527.72369,80.0,335714.0147802709,0.0,183290.022611012,519004.03739128297,335819.605181817,0.0,184134.85049733997,519954.455679157
309,9630.526379,0.0,100.0,0.0,9730.526379,168.0,335714.0147802709,0.0,183290.022611012,519004.03739128297,335819.605181817,0.0,184134.85049733997,519954.455679157
310,9633.329067,0.0,100.0,0.0,9733.329067,256.0,335714.0147802709,0.0,183290.022611012,519004.03739128297,335819.605181817,0.0,184134.85049733997,519954.455679157
311,9636.131756,0.0,81.8181818181818,0.0,9717.949937818183,328.0,335714.0147802709,0.0,183290.022611012,519004.03739128297,335819.605181817,0.0,184134.85049733997,519954.455679157
312,9638.934444,0.0,0.0,0.0,9638.934444,328.0,335714.0147802709,0.0,183290.022611012,519004.03739128297,335819.605181817,0.0,184134.85049733997,519954.455679157
313,9641.737133,0.0,0.0,0.0,9641.737133,328.0,335714.0147802709,0.0,183290.022611012,519004.03739128297,335819.605181817,0.0,184134.85049733997,519954.455679157
314,9644.539822,0.0,100.0,0.0,9744.539822,416.0,335714.0147802709,0.0,183290.022611012,519004.03739128297,335819.605181817,0.0,184134.85049733997,519954.455679157
315,9647.34251,0.0,100.0,0.0,9747.34251,504.0,335714.0147802709,0.0,183290.022611012,519004.03739128297,335819.605181817,0.0,184134.85049733997,519954.455679157
316,9650.145199,0.0,100.0,0.0,9750.145199,592.0,335714.0147802709,0.0,183290.022611012,519004.03739128297,335819.605181817,0.0,184134.85049733997,519954.455679157
317,9652.947888,0.0,100.0,0.0,9752.947888,680.0,335714.0147802709,0.0,183290.022611012,519004.03739128297,335819.605181817,0.0,184134.85049733997,519954.455679157
318,9655.750576,0.0005340000000000001,0.0,100.0,9555.750042,580.0,335714.0147802709,0.0,183290.022611012,519004.03739128297,335819.605181817,0.0,184134.85049733997,519954.455679157
319,9658.553265,0.007827,0.0,100.0,9558.545438000001,480.0,335714.0147802709,0.0,183290.022611012,519004.03739128297,335819.605181817,0.0,184134.85049733997,519954.455679157
320,9661.355953,0.014862,0.0,100.0,9561.341091,380.0,335714.0147802709,0.0,183290.022611012,519004.03739128297,335819.605181817,0.0,184134.85049733997,519954.455679157
321,9664.158642,0.026012,0.0,100.0,9564.13263,280.0,335714.0147802709,0.0,183290.022611012,519004.03739128297,335819.605181817,0.0,184134.85049733997,519954.455679157
322,9666.961331,0.035863,0.0,100.0,9566.925468000001,180.0,335714.0147802709,0.0,183290.022611012,519004.03739128297,335819.605181817,0.0,184134.85049733997,519954.455679157
323,9669.764019,0.04001,0.0,100.0,9569.724009,80.0,335714.0147802709,0.0,183290.022611012,519004.03739128297,335819.605181817,0.0,184134.85049733997,519954.455679157
324,9672.566708,0.041604,54.5454545454545,0.0,9727.070558545454,128.0,335714.0147802709,0.0,183290.022611012,519004.03739128297,335819.605181817,0.0,184134.85049733997,519954.455679157
325,9675.369397,0.036591,100.0,0.0,9775.332806,216.0,335714.0147802709,0.0,183290.022611012,519004.03739128297,335819.605181817,0.0,184134.85049733997,519954.455679157
326,9678.879352,0.024440000000000003,100.0,0.0,9778.854912,304.0,335714.0147802709,0.0,183290.022611012,519004.03739128297,335819.605181817,0.0,184134.85049733997,519954.455679157
327,9683.083385,0.004370000000000001,100.0,0.0,9783.079015,392.0,335714.0147802709,0.0,183290.022611012,519004.03739128297,335819.605181817,0.0,184134.85049733997,519954.455679157
328,9687.287418,0.0006640000000000001,100.0,0.0,9787.286754,480.0,335714.0147802709,0.0,183290.022611012,519004.03739128297,335819.605181817,0.0,184134.85049733997,519954.455679157
329,9691.491451,0.001042,0.0,100.0,9591.490409,380.0,335714.0147802709,0.0,183290.022611012,519004.03739128297,335819.605181817,0.0,184134.85049733997,519954.455679157
330,9695.695484,0.0,0.0,100.0,9595.695484,280.0,335714.0147802709,0.0,183290.022611012,519004.03739128297,335819.605181817,0.0,184134.85049733997,519954.455679157
331,9700.040593,0.0,0.0,100.0,9600.040593,180.0,335714.0147802709,0.0,183290.022611012,519004.03739128297,335819.605181817,0.0,184134.85049733997,519954.455679157
332,9704.64501,0.0,0.0,100.0,9604.64501,80.0,335714.0147802709,0.0,183290.022611012,519004.03739128297,335819.605181817,0.0,184134.85049733997,519954.455679157
333,9709.249427,0.0,100.0,0.0,9809.249427,168.0,335714.0147802709,0.0,183290.022611012,519004.03739128297,335819.605181817,0.0,184134.85049733997,519954.455679157
334,9713.853844,0.0,100.0,0.0,9813.853844,256.0,335714.0147802709,0.0,183290.022611012,519004.03739128297,335819.605181817,0.0,184134.85049733997,519954.455679157
335,9718.458261,0.0,81.8181818181818,0.0,9800.276442818182,328.0,335714.0147802709,0.0,183290.022611012,519004.03739128297,335819.605181817,0.0,184134.85049733997,519954.455679157
336,9723.062678,0.0,0.0,0.0,9723.062678,328.0,335714.0147802709,0.0,183290.022611012,519004.03739128297,335819.605181817,0.0,184134.85049733997,519954.455679157
337,9727.667095,0.0,0.0,0.0,9727.667095,328.0,335714.0147802709,0.0,183290.022611012,519004.03739128297,335819.605181817,0.0,184134.85049733997,519954.455679157
338,9732.271512,0.0,100.0,0.0,9832.271512,416.0,335714.0147802709,0.0,183290.022611012,519004.03739128297,335819.605181817,0.0,184134.85049733997,519954.455679157
339,9736.875929,0.0,100.0,0.0,9836.875929,504.0,335714.0147802709,0.0,183290.022611012,519004.03739128297,335819.605181817,0.0,184134.85049733997,519954.455679157
340,9741.480346,0.0,100.0,0.0,9841.480346,592.0,335714.0147802709,0.0,183290.022611012,519004.03739128297,335819.605181817,0.0,184134.85049733997,519954.455679157
341,9746.161072,0.0,100.0,0.0,9846.161072,680.0,335714.0147802709,0.0,183290.022611012,519004.03739128297,335819.605181817,0.0,184134.85049733997,519954.455679157
342,9752.367025,0.00161,0.0,100.0,9652.365415,580.0,335714.0147802709,0.0,183290.022611012,519004.03739128297,335819.605181817,0.0,184134.85049733997,519954.455679157
343,9758.572979,0.011302,0.0,100.0,9658.561677,480.0,335714.0147802709,0.0,183290.022611012,519004.03739128297,335819.605181817,0.0,184134.85049733997,519954.455679157
344,9764.778932,0.022049,0.0,100.0,9664.756883,380.0,335714.0147802709,0.0,183290.022611012,519004.03739128297,335819.605181817,0.0,184134.85049733997,519954.455679157
345,9770.984885,0.031254000000000004,0.0,100.0,9670.953631,280.0,335714.0147802709,0.0,183290.022611012,519004.03739128297,335819.605181817,0.0,184134.85049733997,519954.455679157
346,9777.190839,0.037215000000000005,0.0,100.0,9677.153624,180.0,335714.0147802709,0.0,183290.022611012,519004.03739128297,335819.605181817,0.0,184134.85049733997,519954.455679157
347,9780.170638,0.039289000000000004,0.0,100.0,9680.131349,80.0,335714.0147802709,0.0,183290.022611012,519004.03739128297,335819.605181817,0.0,184134.85049733997,519954.455679157
348,9782.773135,0.039271,54.5454545454545,0.0,9837.279318545454,128.0,335714.0147802709,0.0,183290.022611012,519004.03739128297,335819.605181817,0.0,184134.85049733997,519954.455679157
349,9785.375632,0.038873,100.0,0.0,9885.336759,216.0,335714.0147802709,0.0,183290.022611012,519004.03739128297,335819.605181817,0.0,184134.85049733997,519954.455679157
350,9787.978128,0.033328,100.0,0.0,9887.944800000001,304.0,335714.0147802709,0.0,183290.022611012,519004.03739128297,335819.605181817,0.0,184134.85049733997,519954.455679157
351,9790.580625,0.026201000000000002,100.0,0.0,9890.554424,392.0,335714.0147802709,0.0,183290.022611012,519004.03739128297,335819.605181817,0.0,184134.85049733997,519954.455679157
352,9793.629314,0.014711,100.0,0.0,9893.614603,480.0,335714.0147802709,0.0,183290.022611012,519004.03739128297,335819.605181817,0.0,184134.85049733997,519954.455679157
353,9796.832387,0.004275,0.0,100.0,9696.828112000001,380.0,335714.0147802709,0.0,183290.022611012,519004.03739128297,335819.605181817,0.0,184134.85049733997,519954.455679157
354,9800.035459,0.0,0.0,100.0,9700.035459,280.0,335714.0147802709,0.0,183290.022611012,519004.03739128297,335819.605181817,0.0,184134.85049733997,519954.455679157
355,9803.238532,0.0,0.0,100.0,9703.238532,180.0,335714.0147802709,0.0,183290.022611012,519004.03739128297,335819.605181817,0.0,184134.85049733997,519954.455679157
356,9806.441605,0.0,0.0,100.0,9706.441605,80.0,335714.0147802709,0.0,183290.022611012,519004.03739128297,335819.605181817,0.0,184134.85049733997,519954.455679157
357,9809.762909,0.0,0.0,0.0,9809.762909,80.0,335714.0147802709,0.0,183290.022611012,519004.03739128297,335819.605181817,0.0,184134.85049733997,519954.455679157
358,9813.166173,0.0,0.0,0.0,9813.166173,80.0,335714.0147802709,0.0,183290.022611012,519004.03739128297,335819.605181817,0.0,184134.85049733997,519954.455679157
359,9816.569438,0.0,0.0,0.0,9816.569438,80.0,335714.0147802709,0.0,183290.022611012,519004.03739128297,335819.605181817,0.0,184134.85049733997,519954.455679157
360,9819.972703,0.0,0.0,0.0,9819.972703,80.0,335714.0147802709,0.0,183290.022611012,519004.03739128297,335819.605181817,0.0,184134.85049733997,519954.455679157
361,9823.375968,0.0,0.0,0.0,9823.375968,80.0,335714.0147802709,0.0,183290.022611012,519004.03739128297,335819.605181817,0.0,184134.85049733997,519954.455679157
362,9826.428308,0.0,0.0,0.0,9826.428308,80.0,335714.0147802709,0.0,183290.022611012,519004.03739128297,335819.605181817,0.0,184134.85049733997,519954.455679157
363,9829.030804,0.0,0.0,0.0,9829.030804,80.0,335714.0147802709,0.0,183290.022611012,519004.03739128297,335819.605181817,0.0,184134.85049733997,519954.455679157
364,9831.633301,0.0,0.0,0.0,9831.633301,80.0,335714.0147802709,0.0,183290.022611012,519004.03739128297,335819.605181817,0.0,184134.85049733997,519954.455679157
365,9834.235797,0.0,0.0,0.0,9834.235797,80.0,335714.0147802709,0.0,183290.022611012,519004.03739128297,335819.605181817,0.0,184134.85049733997,519954.455679157
366,9836.838294,0.0008179999999999999,0.0,0.0,9836.837475999999,80.0,335714.0147802709,0.0,183290.022611012,519004.03739128297,335819.605181817,0.0,184134.85049733997,519954.455679157
367,9839.326328,0.005989,0.0,0.0,9839.320339,80.0,335714.0147802709,0.0,183290.022611012,519004.03739128297,335819.605181817,0.0,184134.85049733997,519954.455679157
368,9841.52844,0.00949,0.0,0.0,9841.51895,80.0,335714.0147802709,0.0,183290.022611012,519004.03739128297,335819.605181817,0.0,184134.85049733997,519954.455679157
369,9843.730553,0.019199,0.0,0.0,9843.711354,80.0,335714.0147802709,0.0,183290.022611012,519004.03739128297,335819.605181817,0.0,184134.85049733997,519954.455679157
370,9845.932665,0.037232999999999995,0.0,0.0,9845.895432000001,80.0,335714.0147802709,0.0,183290.022611012,519004.03739128297,335819.605181817,0.0,184134.85049733997,519954.455679157
371,9848.134778,0.041667,0.0,0.0,9848.093111,80.0,335714.0147802709,0.0,183290.022611012,519004.03739128297,335819.605181817,0.0,184134.85049733997,519954.455679157
372,9850.390353,0.041667,0.0,0.0,9850.348686000001,80.0,335714.0147802709,0.0,183290.022611012,519004.03739128297,335819.605181817,0.0,184134.85049733997,519954.455679157
373,9852.99285,0.039173,0.0,0.0,9852.953677000001,80.0,335714.0147802709,0.0,183290.022611012,519004.03739128297,335819.605181817,0.0,184134.85049733997,519954.455679157
374,9855.595346,0.020634,0.0,0.0,9855.574712,80.0,335714.0147802709,0.0,183290.022611012,519004.03739128297,335819.605181817,0.0,184134.85049733997,519954.455679157
375,9858.197843,0.011212,0.0,0.0,9858.186631,80.0,335714.0147802709,0.0,183290.022611012,519004.03739128297,335819.605181817,0.0,184134.85049733997,519954.455679157
376,9860.800339,0.004965,100.0,0.0,9960.795374,168.0,335714.0147802709,0.0,183290.022611012,519004.03739128297,335819.605181817,0.0,184134.85049733997,519954.455679157
377,9863.402836,0.000785,81.8181818181818,0.0,9945.220232818181,240.0,335714.0147802709,0.0,183290.022611012,519004.03739128297,335819.605181817,0.0,184134.85049733997,519954.455679157
378,9865.808909,0.0,0.0,0.0,9865.808909,240.0,335714.0147802709,0.0,183290.022611012,519004.03739128297,335819.605181817,0.0,184134.85049733997,519954.455679157
379,9868.211213,0.0,0.0,0.0,9868.211213,240.0,335714.0147802709,0.0,183290.022611012,519004.03739128297,335819.605181817,0.0,184134.85049733997,519954.455679157
380,9870.613518,0.0,0.0,0.0,9870.613518,240.0,335714.0147802709,0.0,183290.022611012,519004.03739128297,335819.605181817,0.0,184134.85049733997,519954.455679157
381,9873.015822,0.0,0.0,0.0,9873.015822,240.0,335714.0147802709,0.0,183290.022611012,519004.03739128297,335819.605181817,0.0,184134.85049733997,519954.455679157
382,9875.418127,0.0,0.0,0.0,9875.418127,240.0,335714.0147802709,0.0,183290.022611012,519004.03739128297,335819.605181817,0.0,184134.85049733997,519954.455679157
383,9877.654508,0.0,0.0,0.0,9877.654508,240.0,335714.0147802709,0.0,183290.022611012,519004.03739128297,335819.605181817,0.0,184134.85049733997,519954.455679157
384,9879.85662,0.0,0.0,0.0,9879.85662,240.0,335714.0147802709,0.0,183290.022611012,519004.03739128297,335819.605181817,0.0,184134.85049733997,519954.455679157
385,9882.058733,0.0,0.0,0.0,9882.058733,240.0,335714.0147802709,0.0,183290.022611012,519004.03739128297,335819.605181817,0.0,184134.85049733997,519954.455679157
386,9884.260845,0.0,0.0,0.0,9884.260845,240.0,335714.0147802709,0.0,183290.022611012,519004.03739128297,335819.605181817,0.0,184134.85049733997,519954.455679157
387,9886.462958,0.0,0.0,0.0,9886.462958,240.0,335714.0147802709,0.0,183290.022611012,519004.03739128297,335819.605181817,0.0,184134.85049733997,519954.455679157
388,9888.66507,0.0,0.0,0.0,9888.66507,240.0,335714.0147802709,0.0,183290.022611012,519004.03739128297,335819.605181817,0.0,184134.85049733997,519954.455679157
389,9890.867183,0.0,0.0,0.0,9890.867183,240.0,335714.0147802709,0.0,183290.022611012,519004.03739128297,335819.605181817,0.0,184134.85049733997,519954.455679157
390,9893.069295,0.000194,0.0,0.0,9893.069101,240.0,335714.0147802709,0.0,183290.022611012,519004.03739128297,335819.605181817,0.0,184134.85049733997,519954.455679157
391,9895.271408,0.005196,0.0,0.0,9895.266212,240.0,335714.0147802709,0.0,183290.022611012,519004.03739128297,335819.605181817,0.0,184134.85049733997,519954.455679157
392,9897.47352,0.022365,0.0,0.0,9897.451154999999,240.0,335714.0147802709,0.0,183290.022611012,519004.03739128297,335819.605181817,0.0,184134.85049733997,519954.455679157
393,9899.780557,0.02924,0.0,0.0,9899.751317,240.0,335714.0147802709,0.0,183290.022611012,519004.03739128297,335819.605181817,0.0,184134.85049733997,519954.455679157
394,9902.182861,0.036456,0.0,0.0,9902.146405,240.0,335714.0147802709,0.0,183290.022611012,519004.03739128297,335819.605181817,0.0,184134.85049733997,519954.455679157
395,9904.585166,0.032574,0.0,0.0,9904.552592,240.0,335714.0147802709,0.0,183290.022611012,519004.03739128297,335819.605181817,0.0,184134.85049733997,519954.455679157
396,9906.98747,0.025477,0.0,0.0,9906.961993,240.0,335714.0147802709,0.0,183290.022611012,519004.03739128297,335819.605181817,0.0,184134.85049733997,519954.455679157
397,9909.389775,0.016925000000000003,0.0,0.0,9909.37285,240.0,335714.0147802709,0.0,183290.022611012,519004.03739128297,335819.605181817,0.0,184134.85049733997,519954.455679157
398,9911.866504,0.020202,0.0,0.0,9911.846302,240.0,335714.0147802709,0.0,183290.022611012,519004.03739128297,335819.605181817,0.0,184134.85049733997,519954.455679157
399,9914.469,0.002315,0.0,0.0,9914.466685,240.0,335714.0147802709,0.0,183290.022611012,519004.03739128297,335819.605181817,0.0,184134.85049733997,519954.455679157
400,9917.071497,0.0040030000000000005,0.0,0.0,9917.067494,240.0,335714.0147802709,0.0,183290.022611012,519004.03739128297,335819.605181817,0.0,184134.85049733997,519954.455679157
401,9919.673993,0.000594,0.0,0.0,9919.673399000001,240.0,335714.0147802709,0.0,183290.022611012,519004.03739128297,335819.605181817,0.0,184134.85049733997,519954.455679157
402,9922.27649,0.0,0.0,0.0,9922.27649,240.0,335714.0147802709,0.0,183290.022611012,519004.03739128297,335819.605181817,0.0,184134.85049733997,519954.455679157
403,9924.835062,0.0,0.0,0.0,9924.835062,240.0,335714.0147802709,0.0,183290.022611012,519004.03739128297,335819.605181817,0.0,184134.85049733997,519954.455679157
404,9927.237367,0.0,0.0,0.0,9927.237367,240.0,335714.0147802709,0.0,183290.022611012,519004.03739128297,335819.605181817,0.0,184134.85049733997,519954.455679157
405,9929.639671,0.0,0.0,0.0,9929.639671,240.0,335714.0147802709,0.0,183290.022611012,519004.03739128297,335819.605181817,0.0,184134.85049733997,519954.455679157
406,9932.041976,0.0,0.0,0.0,9932.041976,240.0,335714.0147802709,0.0,183290.022611012,519004.03739128297,335819.605181817,0.0,184134.85049733997,519954.455679157
407,9934.44428,0.0,0.0,0.0,9934.44428,240.0,335714.0147802709,0.0,183290.022611012,519004.03739128297,335819.605181817,0.0,184134.85049733997,519954.455679157
408,9936.860009,0.0,0.0,0.0,9936.860009,240.0,335714.0147802709,0.0,183290.022611012,519004.03739128297,335819.605181817,0.0,184134.85049733997,519954.455679157
409,9939.462506,0.0,100.0,0.0,10039.462506,328.0,335714.0147802709,0.0,183290.022611012,519004.03739128297,335819.605181817,0.0,184134.85049733997,519954.455679157
410,9942.065003,0.0,100.0,0.0,10042.065003,416.0,335714.0147802709,0.0,183290.022611012,519004.03739128297,335819.605181817,0.0,184134.85049733997,519954.455679157
411,9944.667499,0.0,100.0,0.0,10044.667499,504.0,335714.0147802709,0.0,183290.022611012,519004.03739128297,335819.605181817,0.0,184134.85049733997,519954.455679157
412,9947.269996,0.0,100.0,0.0,10047.269996,592.0,335714.0147802709,0.0,183290.022611012,519004.03739128297,335819.605181817,0.0,184134.85049733997,519954.455679157
413,9949.872492,0.0,100.0,0.0,10049.872492,680.0,335714.0147802709,0.0,183290.022611012,519004.03739128297,335819.605181817,0.0,184134.85049733997,519954.455679157
414,9951.925638,0.001039,0.0,100.0,9851.924599,580.0,335714.0147802709,0.0,183290.022611012,519004.03739128297,335819.605181817,0.0,184134.85049733997,519954.455679157
415,9953.927559,0.007316,0.0,100.0,9853.920243,480.0,335714.0147802709,0.0,183290.022611012,519004.03739128297,335819.605181817,0.0,184134.85049733997,519954.455679157
416,9955.929479,0.022846,0.0,100.0,9855.906633,380.0,335714.0147802709,0.0,183290.022611012,519004.03739128297,335819.605181817,0.0,184134.85049733997,519954.455679157
417,9957.9314,0.032247,0.0,100.0,9857.899153,280.0,335714.0147802709,0.0,183290.022611012,519004.03739128297,335819.605181817,0.0,184134.85049733997,519954.455679157
418,9959.93332,0.034252000000000005,0.0,100.0,9859.899068,180.0,335714.0147802709,0.0,183290.022611012,519004.03739128297,335819.605181817,0.0,184134.85049733997,519954.455679157
419,9961.935241,0.029787,0.0,100.0,9861.905454,80.0,335714.0147802709,0.0,183290.022611012,519004.03739128297,335819.605181817,0.0,184134.85049733997,519954.455679157
420,9963.937161,0.039827,100.0,0.0,10063.897334,168.0,335714.0147802709,0.0,183290.022611012,519004.03739128297,335819.605181817,0.0,184134.85049733997,519954.455679157
421,9965.939082,0.041667,100.0,0.0,10065.897415000001,256.0,335714.0147802709,0.0,183290.022611012,519004.03739128297,335819.605181817,0.0,184134.85049733997,519954.455679157
422,9967.941002,0.03154,100.0,0.0,10067.909462,344.0,335714.0147802709,0.0,183290.022611012,519004.03739128297,335819.605181817,0.0,184134.85049733997,519954.455679157
423,9969.942922,0.017265000000000003,100.0,0.0,10069.925657,432.0,335714.0147802709,0.0,183290.022611012,519004.03739128297,335819.605181817,0.0,184134.85049733997,519954.455679157
424,9971.21214,0.012915,100.0,0.0,10071.199225,520.0,335714.0147802709,0.0,183290.022611012,519004.03739128297,335819.605181817,0.0,184134.85049733997,519954.455679157
425,9972.012908,0.0046570000000000005,0.0,100.0,9872.008251000001,420.0,335714.0147802709,0.0,183290.022611012,519004.03739128297,335819.605181817,0.0,184134.85049733997,519954.455679157
426,9972.813676,0.0,0.0,100.0,9872.813676,320.0,335714.0147802709,0.0,183290.022611012,519004.03739128297,335819.605181817,0.0,184134.85049733997,519954.455679157
427,9973.614444,0.0,0.0,100.0,9873.614444,220.0,335714.0147802709,0.0,183290.022611012,519004.03739128297,335819.605181817,0.0,184134.85049733997,519954.455679157
428,9974.415213,0.0,0.0,100.0,9874.415213,120.0,335714.0147802709,0.0,183290.022611012,519004.03739128297,335819.605181817,0.0,184134.85049733997,519954.455679157
429,9975.399215,0.0,36.3636363636364,0.0,10011.762851363635,152.0,335714.0147802709,0.0,183290.022611012,519004.03739128297,335819.605181817,0.0,184134.85049733997,519954.455679157
430,9976.600368,0.0,0.0,0.0,9976.600368,152.0,335714.0147802709,0.0,183290.022611012,519004.03739128297,335819.605181817,0.0,184134.85049733997,519954.455679157
431,9977.80152,0.0,0.0,0.0,9977.80152,152.0,335714.0147802709,0.0,183290.022611012,519004.03739128297,335819.605181817,0.0,184134.85049733997,519954.455679157
432,9979.002672,0.0,100.0,0.0,10079.002672,240.0,335714.0147802709,0.0,183290.022611012,519004.03739128297,335819.605181817,0.0,184134.85049733997,519954.455679157
433,9980.203825,0.0,100.0,0.0,10080.203825,328.0,335714.0147802709,0.0,183290.022611012,519004.03739128297,335819.605181817,0.0,184134.85049733997,519954.455679157
434,9981.343859,0.0,100.0,0.0,10081.343859,416.0,335714.0147802709,0.0,183290.022611012,519004.03739128297,335819.605181817,0.0,184134.85049733997,519954.455679157
435,9982.34482,0.0,100.0,0.0,10082.34482,504.0,335714.0147802709,0.0,183290.022611012,519004.03739128297,335819.605181817,0.0,184134.85049733997,519954.455679157
436,9983.34578,0.0,100.0,0.0,10083.34578,592.0,335714.0147802709,0.0,183290.022611012,519004.03739128297,335819.605181817,0.0,184134.85049733997,519954.455679157
437,9984.34674,0.0,100.0,0.0,10084.34674,680.0,335714.0147802709,0.0,183290.022611012,519004.03739128297,335819.605181817,0.0,184134.85049733997,519954.455679157
438,9985.3477,0.000753,0.0,100.0,9885.346947,580.0,335714.0147802709,0.0,183290.022611012,519004.03739128297,335819.605181817,0.0,184134.85049733997,519954.455679157
439,9986.379278,0.004844,0.0,100.0,9886.374434000001,480.0,335714.0147802709,0.0,183290.022611012,519004.03739128297,335819.605181817,0.0,184134.85049733997,519954.455679157
440,9987.58043,0.010236,0.0,100.0,9887.570194,380.0,335714.0147802709,0.0,183290.022611012,519004.03739128297,335819.605181817,0.0,184134.85049733997,519954.455679157
441,9988.781583,0.013746000000000001,0.0,100.0,9888.767837,280.0,335714.0147802709,0.0,183290.022611012,519004.03739128297,335819.605181817,0.0,184134.85049733997,519954.455679157
442,9989.982735,0.015515000000000001,0.0,100.0,9889.96722,180.0,335714.0147802709,0.0,183290.022611012,519004.03739128297,335819.605181817,0.0,184134.85049733997,519954.455679157
443,9991.183887,0.021055,0.0,100.0,9891.162832,80.0,335714.0147802709,0.0,183290.022611012,519004.03739128297,335819.605181817,0.0,184134.85049733997,519954.455679157
444,9992.384804,0.022315,61.3235542545395,0.0,10053.686043254538,133.964727743995,335714.0147802709,0.0,183290.022611012,519004.03739128297,335819.605181817,0.0,184134.85049733997,519954.455679157
445,9993.185572,0.014487,99.5125620727285,0.0,10092.683647072728,221.535782367996,335714.0147802709,0.0,183290.022611012,519004.03739128297,335819.605181817,0.0,184134.85049733997,519954.455679157
446,9993.98634,0.010555,98.7078620727298,0.0,10092.683647072728,308.398700991998,335714.0147802709,0.0,183290.022611012,519004.03739128297,335819.605181817,0.0,184134.85049733997,519954.455679157
447,9994.787108,0.006269,97.9028080727276,0.0,10092.683647072728,394.553172095998,335714.0147802709,0.0,183290.022611012,519004.03739128297,335819.605181817,0.0,184134.85049733997,519954.455679157
448,9995.587877,0.0028980000000000004,97.0986680727292,0.0,10092.683647072728,480.0,335714.0147802709,0.0,183290.022611012,519004.03739128297,335819.605181817,0.0,184134.85049733997,519954.455679157
449,9996.388645,0.0014570000000000002,0.0,100.0,9896.387188,380.0,335714.0147802709,0.0,183290.022611012,519004.03739128297,335819.605181817,0.0,184134.85049733997,519954.455679157
450,9997.019603,0.0,0.0,100.0,9897.019603,280.0,335714.0147802709,0.0,183290.022611012,519004.03739128297,335819.605181817,0.0,184134.85049733997,519954.455679157
451,9997.620179,0.0,0.0,100.0,9897.620179,180.0,335714.0147802709,0.0,183290.022611012,519004.03739128297,335819.605181817,0.0,184134.85049733997,519954.455679157
452,9998.220755,0.0,0.0,100.0,9898.220755,80.0,335714.0147802709,0.0,183290.022611012,519004.03739128297,335819.605181817,0.0,184134.85049733997,519954.455679157
453,9998.821331,0.0,0.0,0.0,9998.821331,80.0,335714.0147802709,0.0,183290.022611012,519004.03739128297,335819.605181817,0.0,184134.85049733997,519954.455679157
454,9999.421907,0.0,85.9372004908912,0.0,10085.35910749089,155.624736431984,335714.0147802709,0.0,183290.022611012,519004.03739128297,335819.605181817,0.0,184134.85049733997,519954.455679157
455,10000.16179,0.0,92.5218570727284,0.0,10092.683647072728,237.043970655985,335714.0147802709,0.0,183290.022611012,519004.03739128297,335819.605181817,0.0,184134.85049733997,519954.455679157
456,10000.96256,0.0,91.7210870727286,0.0,10092.683647072728,317.758527279986,335714.0147802709,0.0,183290.022611012,519004.03739128297,335819.605181817,0.0,184134.85049733997,519954.455679157
457,10001.76333,0.0,90.9203170727287,0.0,10092.683647072728,397.768406303988,335714.0147802709,0.0,183290.022611012,519004.03739128297,335819.605181817,0.0,184134.85049733997,519954.455679157
458,10002.5641,0.0,90.1195470727289,0.0,10092.683647072728,477.073607727989,335714.0147802709,0.0,183290.022611012,519004.03739128297,335819.605181817,0.0,184134.85049733997,519954.455679157
459,10003.36487,0.0,89.3187770727291,0.0,10092.683647072728,555.674131551991,335714.0147802709,0.0,183290.022611012,519004.03739128297,335819.605181817,0.0,184134.85049733997,519954.455679157
460,10004.16563,0.0,88.518017072729,0.0,10092.683647072728,633.569986575992,335714.0147802709,0.0,183290.022611012,519004.03739128297,335819.605181817,0.0,184134.85049733997,519954.455679157
461,10004.9664,0.0,87.7172470727292,0.0,10092.683647072728,710.761163999994,335714.0147802709,0.0,183290.022611012,519004.03739128297,335819.605181817,0.0,184134.85049733997,519954.455679157
462,10005.76717,0.000348,0.0,100.0,9905.766822,610.761163999994,335714.0147802709,0.0,183290.022611012,519004.03739128297,335819.605181817,0.0,184134.85049733997,519954.455679157
463,10006.56794,0.002009,0.0,100.0,9906.565931000001,510.761163999994,335714.0147802709,0.0,183290.022611012,519004.03739128297,335819.605181817,0.0,184134.85049733997,519954.455679157
464,10007.36871,0.005755,0.0,100.0,9907.362955,410.761163999994,335714.0147802709,0.0,183290.022611012,519004.03739128297,335819.605181817,0.0,184134.85049733997,519954.455679157
465,10007.93454,0.013381,0.0,100.0,9907.921159,310.761163999994,335714.0147802709,0.0,183290.022611012,519004.03739128297,335819.605181817,0.0,184134.85049733997,519954.455679157
466,10008.13474,0.024806,0.0,100.0,9908.109934,210.761163999994,335714.0147802709,0.0,183290.022611012,519004.03739128297,335819.605181817,0.0,184134.85049733997,519954.455679157
467,10008.33493,0.026468000000000002,0.0,100.0,9908.308462,110.761163999994,335714.0147802709,0.0,183290.022611012,519004.03739128297,335819.605181817,0.0,184134.85049733997,519954.455679157
468,10008.53512,0.03032,84.1788470727279,0.0,10092.683647072728,184.838549423994,335714.0147802709,0.0,183290.022611012,519004.03739128297,335819.605181817,0.0,184134.85049733997,519954.455679157
469,10008.73531,0.041667,83.990004072728,0.0,10092.683647072728,258.749753007995,335714.0147802709,0.0,183290.022611012,519004.03739128297,335819.605181817,0.0,184134.85049733997,519954.455679157
470,10008.88769,0.02212,83.8180770727286,0.0,10092.683647072728,332.509660831996,335714.0147802709,0.0,183290.022611012,519004.03739128297,335819.605181817,0.0,184134.85049733997,519954.455679157
471,10008.88769,0.007427,83.8033840727294,0.0,10092.683647072728,406.256638815998,335714.0147802709,0.0,183290.022611012,519004.03739128297,335819.605181817,0.0,184134.85049733997,519954.455679157
472,10008.88769,0.003317,83.7992740727295,0.0,10092.683647072728,480.0,335714.0147802709,0.0,183290.022611012,519004.03739128297,335819.605181817,0.0,184134.85049733997,519954.455679157
473,10008.88769,0.0013100000000000002,0.0,100.0,9908.88638,380.0,335714.0147802709,0.0,183290.022611012,519004.03739128297,335819.605181817,0.0,184134.85049733997,519954.455679157
474,10008.88769,0.0,0.0,100.0,9908.88769,280.0,335714.0147802709,0.0,183290.022611012,519004.03739128297,335819.605181817,0.0,184134.85049733997,519954.455679157
475,10008.905,0.0,0.0,100.0,9908.905,180.0,335714.0147802709,0.0,183290.022611012,519004.03739128297,335819.605181817,0.0,184134.85049733997,519954.455679157
476,10009.1052,0.0,0.0,100.0,9909.1052,80.0,335714.0147802709,0.0,183290.022611012,519004.03739128297,335819.605181817,0.0,184134.85049733997,519954.455679157
477,10009.30539,0.0,67.4535706908984,0.0,10076.758960690899,139.359142207991,335714.0147802709,0.0,183290.022611012,519004.03739128297,335819.605181817,0.0,184134.85049733997,519954.455679157
478,10009.50558,0.0,83.1780670727294,0.0,10092.683647072728,212.555841231992,335714.0147802709,0.0,183290.022611012,519004.03739128297,335819.605181817,0.0,184134.85049733997,519954.455679157
479,10009.70577,0.0,82.977877072728,0.0,10092.683647072728,285.576373055993,335714.0147802709,0.0,183290.022611012,519004.03739128297,335819.605181817,0.0,184134.85049733997,519954.455679157
480,10009.90596,0.0,82.7776870727284,0.0,10092.683647072728,358.420737679994,335714.0147802709,0.0,183290.022611012,519004.03739128297,335819.605181817,0.0,184134.85049733997,519954.455679157
481,10010.10616,0.0,82.5774870727291,0.0,10092.683647072728,431.088926303996,335714.0147802709,0.0,183290.022611012,519004.03739128297,335819.605181817,0.0,184134.85049733997,519954.455679157
482,10010.30635,0.0,82.3772970727277,0.0,10092.683647072728,503.580947727996,335714.0147802709,0.0,183290.022611012,519004.03739128297,335819.605181817,0.0,184134.85049733997,519954.455679157
483,10010.50654,0.0,82.1771070727282,0.0,10092.683647072728,575.896801951997,335714.0147802709,0.0,183290.022611012,519004.03739128297,335819.605181817,0.0,184134.85049733997,519954.455679157
484,10010.70673,0.0,81.9769170727286,0.0,10092.683647072728,648.036488975998,335714.0147802709,0.0,183290.022611012,519004.03739128297,335819.605181817,0.0,184134.85049733997,519954.455679157
485,10010.90693,0.0,81.7767170727293,0.0,10092.683647072728,720.0,335714.0147802709,0.0,183290.022611012,519004.03739128297,335819.605181817,0.0,184134.85049733997,519954.455679157
486,10011.10712,0.001107,0.0,98.3935680000013,9912.712445,621.606431999999,335714.0147802709,0.0,183290.022611012,519004.03739128297,335819.605181817,0.0,184134.85049733997,519954.455679157
487,10011.30731,0.008894,0.0,98.5859710000004,9912.712445,523.020460999998,335714.0147802709,0.0,183290.022611012,519004.03739128297,335819.605181817,0.0,184134.85049733997,519954.455679157
488,10011.5075,0.018279,0.0,98.7767760000006,9912.712445,424.243684999998,335714.0147802709,0.0,183290.022611012,519004.03739128297,335819.605181817,0.0,184134.85049733997,519954.455679157
489,10011.70769,0.019219,0.0,98.9760260000003,9912.712445,325.267658999997,335714.0147802709,0.0,183290.022611012,519004.03739128297,335819.605181817,0.0,184134.85049733997,519954.455679157
490,10011.90789,0.0051010000000000005,0.0,99.1903440000006,9912.712445,226.077314999997,335714.0147802709,0.0,183290.022611012,519004.03739128297,335819.605181817,0.0,184134.85049733997,519954.455679157
491,10012.10808,0.005764,0.0,99.3898710000012,9912.712445,126.687443999996,335714.0147802709,0.0,183290.022611012,519004.03739128297,335819.605181817,0.0,184134.85049733997,519954.455679157
492,10012.30827,0.009659000000000001,80.3850360727283,0.0,10092.683647072728,197.426275743997,335714.0147802709,0.0,183290.022611012,519004.03739128297,335819.605181817,0.0,184134.85049733997,519954.455679157
493,10012.50846,0.013432000000000001,80.1886190727291,0.0,10092.683647072728,267.992260527997,335714.0147802709,0.0,183290.022611012,519004.03739128297,335819.605181817,0.0,184134.85049733997,519954.455679157
494,10012.70865,0.022912,79.9979090727284,0.0,10092.683647072728,338.390420512002,335714.0147802709,0.0,183290.022611012,519004.03739128297,335819.605181817,0.0,184134.85049733997,519954.455679157
495,10012.90885,0.020616,79.795413072729,0.0,10092.683647072728,408.610384016003,335714.0147802709,0.0,183290.022611012,519004.03739128297,335819.605181817,0.0,184134.85049733997,519954.455679157
496,10012.91803,0.012342,79.7779590727278,0.0,10092.683647072728,478.814988000004,335714.0147802709,0.0,183290.022611012,519004.03739128297,335819.605181817,0.0,184134.85049733997,519954.455679157
497,10012.71784,0.005395,0.0,100.0,9912.712445,378.814988000004,335714.0147802709,0.0,183290.022611012,519004.03739128297,335819.605181817,0.0,184134.85049733997,519954.455679157
498,10012.51765,3.7e-05,0.0,99.8051680000008,9912.712445,279.009820000003,335714.0147802709,0.0,183290.022611012,519004.03739128297,335819.605181817,0.0,184134.85049733997,519954.455679157
499,10012.31745,0.0,0.0,99.6050050000013,9912.712445,179.404815000002,335714.0147802709,0.0,183290.022611012,519004.03739128297,335819.605181817,0.0,184134.85049733997,519954.455679157
500,10012.11726,0.0,0.0,99.4048150000017,9912.712445,80.0,335714.0147802709,0.0,183290.022611012,519004.03739128297,335819.605181817,0.0,184134.85049733997,519954.455679157
501,10011.78706,0.0,18.9633144181672,0.0,10030.750374418169,96.6877166879871,335714.0147802709,0.0,183290.022611012,519004.03739128297,335819.605181817,0.0,184134.85049733997,519954.455679157
502,10011.18649,0.0,81.4971570727284,0.0,10092.683647072728,168.405214911988,335714.0147802709,0.0,183290.022611012,519004.03739128297,335819.605181817,0.0,184134.85049733997,519954.455679157
503,10010.58591,0.0,82.0977370727287,0.0,10092.683647072728,240.651223535989,335714.0147802709,0.0,183290.022611012,519004.03739128297,335819.605181817,0.0,184134.85049733997,519954.455679157
504,10009.98534,0.0,82.6983070727292,0.0,10092.683647072728,313.425733759991,335714.0147802709,0.0,183290.022611012,519004.03739128297,335819.605181817,0.0,184134.85049733997,519954.455679157
505,10009.38476,0.0,83.2988870727277,0.0,10092.683647072728,386.728754383991,335714.0147802709,0.0,183290.022611012,519004.03739128297,335819.605181817,0.0,184134.85049733997,519954.455679157
506,10008.78418,0.0,83.8994670727279,0.0,10092.683647072728,460.560285407992,335714.0147802709,0.0,183290.022611012,519004.03739128297,335819.605181817,0.0,184134.85049733997,519954.455679157
507,10008.18361,0.0,84.5000370727284,0.0,10092.683647072728,534.920318031993,335714.0147802709,0.0,183290.022611012,519004.03739128297,335819.605181817,0.0,184134.85049733997,519954.455679157
508,10007.58303,0.0,85.1006170727287,0.0,10092.683647072728,609.808861055994,335714.0147802709,0.0,183290.022611012,519004.03739128297,335819.605181817,0.0,184134.85049733997,519954.455679157
509,10006.98245,0.0,85.701197072729,0.0,10092.683647072728,685.225914479996,335714.0147802709,0.0,183290.022611012,519004.03739128297,335819.605181817,0.0,184134.85049733997,519954.455679157
510,10006.38188,0.001107,0.0,100.0,9906.380773,585.225914479996,335714.0147802709,0.0,183290.022611012,519004.03739128297,335819.605181817,0.0,184134.85049733997,519954.455679157
511,10005.78531,0.0021360000000000003,0.0,100.0,9905.783174,485.225914479996,335714.0147802709,0.0,183290.022611012,519004.03739128297,335819.605181817,0.0,184134.85049733997,519954.455679157
512,10005.38492,0.008716,0.0,100.0,9905.376204,385.225914479996,335714.0147802709,0.0,183290.022611012,519004.03739128297,335819.605181817,0.0,184134.85049733997,519954.455679157
513,10004.98454,0.020111999999999998,0.0,100.0,9904.964428,285.225914479996,335714.0147802709,0.0,183290.022611012,519004.03739128297,335819.605181817,0.0,184134.85049733997,519954.455679157
514,10004.58415,0.019659,0.0,100.0,9904.564491000001,185.225914479996,335714.0147802709,0.0,183290.022611012,519004.03739128297,335819.605181817,0.0,184134.85049733997,519954.455679157
515,10004.18377,0.031935,0.0,100.0,9904.151834999999,85.225914479996,335714.0147802709,0.0,183290.022611012,519004.03739128297,335819.605181817,0.0,184134.85049733997,519954.455679157
516,10003.78339,0.027503,88.9277600727273,0.0,10092.683647072728,163.482343343996,335714.0147802709,0.0,183290.022611012,519004.03739128297,335819.605181817,0.0,184134.85049733997,519954.455679157
517,10003.383,0.029582999999999998,89.3302300727282,0.0,10092.683647072728,242.092945807997,335714.0147802709,0.0,183290.022611012,519004.03739128297,335819.605181817,0.0,184134.85049733997,519954.455679157
518,10002.98262,0.023646999999999998,89.7246740727278,0.0,10092.683647072728,321.050658991997,335714.0147802709,0.0,183290.022611012,519004.03739128297,335819.605181817,0.0,184134.85049733997,519954.455679157
519,10002.58223,0.010048,90.1114650727286,0.0,10092.683647072728,400.348748255998,335714.0147802709,0.0,183290.022611012,519004.03739128297,335819.605181817,0.0,184134.85049733997,519954.455679157
520,10002.18185,0.010989,90.512786072728,0.0,10092.683647072728,479.999999999999,335714.0147802709,0.0,183290.022611012,519004.03739128297,335819.605181817,0.0,184134.85049733997,519954.455679157
521,10001.78147,0.0026709999999999998,0.0,100.0,9901.778799,379.999999999999,335714.0147802709,0.0,183290.022611012,519004.03739128297,335819.605181817,0.0,184134.85049733997,519954.455679157
522,10001.38108,0.00012,0.0,100.0,9901.380959999999,279.999999999999,335714.0147802709,0.0,183290.022611012,519004.03739128297,335819.605181817,0.0,184134.85049733997,519954.455679157
523,10000.9807,0.0,0.0,100.0,9900.9807,179.999999999999,335714.0147802709,0.0,183290.022611012,519004.03739128297,335819.605181817,0.0,184134.85049733997,519954.455679157
524,10000.58031,0.0,0.0,100.0,9900.58031,80.0,335714.0147802709,0.0,183290.022611012,519004.03739128297,335819.605181817,0.0,184134.85049733997,519954.455679157
525,10000.17993,0.0,0.0,0.0,10000.17993,80.0,335714.0147802709,0.0,183290.022611012,519004.03739128297,335819.605181817,0.0,184134.85049733997,519954.455679157
526,9999.779545,0.0,0.0,0.0,9999.779545,80.0,335714.0147802709,0.0,183290.022611012,519004.03739128297,335819.605181817,0.0,184134.85049733997,519954.455679157
527,9999.266464,0.0,0.0,0.0,9999.266464,80.0,335714.0147802709,0.0,183290.022611012,519004.03739128297,335819.605181817,0.0,184134.85049733997,519954.455679157
528,9998.665888,0.0,0.0,0.0,9998.665888,80.0,335714.0147802709,0.0,183290.022611012,519004.03739128297,335819.605181817,0.0,184134.85049733997,519954.455679157
529,9998.065312,0.0,0.0,0.0,9998.065312,80.0,335714.0147802709,0.0,183290.022611012,519004.03739128297,335819.605181817,0.0,184134.85049733997,519954.455679157
530,9997.464736,0.0,0.0,0.0,9997.464736,80.0,335714.0147802709,0.0,183290.022611012,519004.03739128297,335819.605181817,0.0,184134.85049733997,519954.455679157
531,9996.86416,0.0,0.0,0.0,9996.86416,80.0,335714.0147802709,0.0,183290.022611012,519004.03739128297,335819.605181817,0.0,184134.85049733997,519954.455679157
532,9996.181387,0.0,0.0,0.0,9996.181387,80.0,335714.0147802709,0.0,183290.022611012,519004.03739128297,335819.605181817,0.0,184134.85049733997,519954.455679157
533,9995.380619,0.0,0.0,0.0,9995.380619,80.0,335714.0147802709,0.0,183290.022611012,519004.03739128297,335819.605181817,0.0,184134.85049733997,519954.455679157
534,9994.579851,0.001231,0.0,0.0,9994.57862,80.0,335714.0147802709,0.0,183290.022611012,519004.03739128297,335819.605181817,0.0,184134.85049733997,519954.455679157
535,9993.779083,0.010917,0.0,0.0,9993.768166,80.0,335714.0147802709,0.0,183290.022611012,519004.03739128297,335819.605181817,0.0,184134.85049733997,519954.455679157
536,9992.978314,0.022941,0.0,0.0,9992.955373,80.0,335714.0147802709,0.0,183290.022611012,519004.03739128297,335819.605181817,0.0,184134.85049733997,519954.455679157
537,9992.177546,0.032310000000000005,0.0,0.0,9992.145236,80.0,335714.0147802709,0.0,183290.022611012,519004.03739128297,335819.605181817,0.0,184134.85049733997,519954.455679157
538,9991.376778,0.040097,0.0,0.0,9991.336681,80.0,335714.0147802709,0.0,183290.022611012,519004.03739128297,335819.605181817,0.0,184134.85049733997,519954.455679157
539,9990.57601,0.041267000000000005,0.0,0.0,9990.534743,80.0,335714.0147802709,0.0,183290.022611012,519004.03739128297,335819.605181817,0.0,184134.85049733997,519954.455679157
540,9989.775242,0.040820999999999996,0.0,0.0,9989.734421,80.0,335714.0147802709,0.0,183290.022611012,519004.03739128297,335819.605181817,0.0,184134.85049733997,519954.455679157
541,9988.974473,0.037283000000000004,0.0,0.0,9988.93719,80.0,335714.0147802709,0.0,183290.022611012,519004.03739128297,335819.605181817,0.0,184134.85049733997,519954.455679157
542,9988.131312,0.028394,0.0,0.0,9988.102917999999,80.0,335714.0147802709,0.0,183290.022611012,519004.03739128297,335819.605181817,0.0,184134.85049733997,519954.455679157
543,9986.930159,0.02583,0.0,0.0,9986.904328999999,80.0,335714.0147802709,0.0,183290.022611012,519004.03739128297,335819.605181817,0.0,184134.85049733997,519954.455679157
544,9985.729007,0.016985,100.0,0.0,10085.712022,168.0,335714.0147802709,0.0,183290.022611012,519004.03739128297,335819.605181817,0.0,184134.85049733997,519954.455679157
545,9984.527855,0.004235,100.0,0.0,10084.52362,256.0,335714.0147802709,0.0,183290.022611012,519004.03739128297,335819.605181817,0.0,184134.85049733997,519954.455679157
546,9983.326703,0.0,81.8181818181818,0.0,10065.144884818183,328.0,335714.0147802709,0.0,183290.022611012,519004.03739128297,335819.605181817,0.0,184134.85049733997,519954.455679157
547,9982.12555,0.0,0.0,0.0,9982.12555,328.0,335714.0147802709,0.0,183290.022611012,519004.03739128297,335819.605181817,0.0,184134.85049733997,519954.455679157
548,9981.115287,0.0,0.0,0.0,9981.115287,328.0,335714.0147802709,0.0,183290.022611012,519004.03739128297,335819.605181817,0.0,184134.85049733997,519954.455679157
549,9980.114327,0.0,0.0,0.0,9980.114327,328.0,335714.0147802709,0.0,183290.022611012,519004.03739128297,335819.605181817,0.0,184134.85049733997,519954.455679157
550,9979.113367,0.0,0.0,0.0,9979.113367,328.0,335714.0147802709,0.0,183290.022611012,519004.03739128297,335819.605181817,0.0,184134.85049733997,519954.455679157
551,9978.112406,0.0,0.0,0.0,9978.112406,328.0,335714.0147802709,0.0,183290.022611012,519004.03739128297,335819.605181817,0.0,184134.85049733997,519954.455679157
552,9977.111446,0.0,0.0,0.0,9977.111446,328.0,335714.0147802709,0.0,183290.022611012,519004.03739128297,335819.605181817,0.0,184134.85049733997,519954.455679157
553,9975.950097,0.0,0.0,0.0,9975.950097,328.0,335714.0147802709,0.0,183290.022611012,519004.03739128297,335819.605181817,0.0,184134.85049733997,519954.455679157
554,9974.748945,0.0,0.0,0.0,9974.748945,328.0,335714.0147802709,0.0,183290.022611012,519004.03739128297,335819.605181817,0.0,184134.85049733997,519954.455679157
555,9973.547792,0.0,0.0,0.0,9973.547792,328.0,335714.0147802709,0.0,183290.022611012,519004.03739128297,335819.605181817,0.0,184134.85049733997,519954.455679157
556,9972.34664,0.0,0.0,0.0,9972.34664,328.0,335714.0147802709,0.0,183290.022611012,519004.03739128297,335819.605181817,0.0,184134.85049733997,519954.455679157
557,9971.145488,0.0,0.0,0.0,9971.145488,328.0,335714.0147802709,0.0,183290.022611012,519004.03739128297,335819.605181817,0.0,184134.85049733997,519954.455679157
558,9969.814446,0.001305,0.0,0.0,9969.813141,328.0,335714.0147802709,0.0,183290.022611012,519004.03739128297,335819.605181817,0.0,184134.85049733997,519954.455679157
559,9968.413102,0.011625,0.0,0.0,9968.401477000001,328.0,335714.0147802709,0.0,183290.022611012,519004.03739128297,335819.605181817,0.0,184134.85049733997,519954.455679157
560,9967.011758,0.023784,0.0,0.0,9966.987974,328.0,335714.0147802709,0.0,183290.022611012,519004.03739128297,335819.605181817,0.0,184134.85049733997,519954.455679157
561,9965.610413,0.033551000000000004,0.0,0.0,9965.576862,328.0,335714.0147802709,0.0,183290.022611012,519004.03739128297,335819.605181817,0.0,184134.85049733997,519954.455679157
562,9964.209069,0.038776000000000005,0.0,0.0,9964.170293000001,328.0,335714.0147802709,0.0,183290.022611012,519004.03739128297,335819.605181817,0.0,184134.85049733997,519954.455679157
563,9963.006504,0.040834,0.0,0.0,9962.965670000001,328.0,335714.0147802709,0.0,183290.022611012,519004.03739128297,335819.605181817,0.0,184134.85049733997,519954.455679157
564,9962.005543,0.041667,0.0,0.0,9961.963876,328.0,335714.0147802709,0.0,183290.022611012,519004.03739128297,335819.605181817,0.0,184134.85049733997,519954.455679157
565,9961.004583,0.040767000000000005,0.0,0.0,9960.963816,328.0,335714.0147802709,0.0,183290.022611012,519004.03739128297,335819.605181817,0.0,184134.85049733997,519954.455679157
566,9960.003623,0.035539,0.0,0.0,9959.968084,328.0,335714.0147802709,0.0,183290.022611012,519004.03739128297,335819.605181817,0.0,184134.85049733997,519954.455679157
567,9959.002663,0.027411,0.0,0.0,9958.975252,328.0,335714.0147802709,0.0,183290.022611012,519004.03739128297,335819.605181817,0.0,184134.85049733997,519954.455679157
568,9958.070592,0.016634,0.0,0.0,9958.053958,328.0,335714.0147802709,0.0,183290.022611012,519004.03739128297,335819.605181817,0.0,184134.85049733997,519954.455679157
569,9957.269824,0.0049180000000000005,0.0,0.0,9957.264906,328.0,335714.0147802709,0.0,183290.022611012,519004.03739128297,335819.605181817,0.0,184134.85049733997,519954.455679157
570,9956.469056,0.0,0.0,0.0,9956.469056,328.0,335714.0147802709,0.0,183290.022611012,519004.03739128297,335819.605181817,0.0,184134.85049733997,519954.455679157
571,9955.668288,0.0,0.0,0.0,9955.668288,328.0,335714.0147802709,0.0,183290.022611012,519004.03739128297,335819.605181817,0.0,184134.85049733997,519954.455679157
572,9954.867519,0.0,0.0,0.0,9954.867519,328.0,335714.0147802709,0.0,183290.022611012,519004.03739128297,335819.605181817,0.0,184134.85049733997,519954.455679157
573,9953.989972,0.0,0.0,0.0,9953.989972,328.0,335714.0147802709,0.0,183290.022611012,519004.03739128297,335819.605181817,0.0,184134.85049733997,519954.455679157
574,9952.788819,0.0,0.0,0.0,9952.788819,328.0,335714.0147802709,0.0,183290.022611012,519004.03739128297,335819.605181817,0.0,184134.85049733997,519954.455679157
575,9951.587667,0.0,0.0,0.0,9951.587667,328.0,335714.0147802709,0.0,183290.022611012,519004.03739128297,335819.605181817,0.0,184134.85049733997,519954.455679157
576,9950.386515,0.0,0.0,0.0,9950.386515,328.0,335714.0147802709,0.0,183290.022611012,519004.03739128297,335819.605181817,0.0,184134.85049733997,519954.455679157
577,9949.185363,0.0,0.0,0.0,9949.185363,328.0,335714.0147802709,0.0,183290.022611012,519004.03739128297,335819.605181817,0.0,184134.85049733997,519954.455679157
578,9947.96843,0.0,100.0,0.0,10047.96843,416.0,335714.0147802709,0.0,183290.022611012,519004.03739128297,335819.605181817,0.0,184134.85049733997,519954.455679157
579,9946.366894,0.0,100.0,0.0,10046.366894,504.0,335714.0147802709,0.0,183290.022611012,519004.03739128297,335819.605181817,0.0,184134.85049733997,519954.455679157
580,9944.765358,0.0,100.0,0.0,10044.765358,592.0,335714.0147802709,0.0,183290.022611012,519004.03739128297,335819.605181817,0.0,184134.85049733997,519954.455679157
581,9943.163821,0.0,100.0,0.0,10043.163821,680.0,335714.0147802709,0.0,183290.022611012,519004.03739128297,335819.605181817,0.0,184134.85049733997,519954.455679157
582,9941.562285,0.001382,0.0,100.0,9841.560903,580.0,335714.0147802709,0.0,183290.022611012,519004.03739128297,335819.605181817,0.0,184134.85049733997,519954.455679157
583,9939.960749,0.011589,0.0,100.0,9839.94916,480.0,335714.0147802709,0.0,183290.022611012,519004.03739128297,335819.605181817,0.0,184134.85049733997,519954.455679157
584,9938.18163,0.023314,0.0,100.0,9838.158316,380.0,335714.0147802709,0.0,183290.022611012,519004.03739128297,335819.605181817,0.0,184134.85049733997,519954.455679157
585,9936.379902,0.032741,0.0,100.0,9836.347161,280.0,335714.0147802709,0.0,183290.022611012,519004.03739128297,335819.605181817,0.0,184134.85049733997,519954.455679157
586,9934.578173,0.039075000000000006,0.0,100.0,9834.539098,180.0,335714.0147802709,0.0,183290.022611012,519004.03739128297,335819.605181817,0.0,184134.85049733997,519954.455679157
587,9932.776445,0.041667,0.0,100.0,9832.734778,80.0,335714.0147802709,0.0,183290.022611012,519004.03739128297,335819.605181817,0.0,184134.85049733997,519954.455679157
588,9930.974717,0.041667,100.0,0.0,10030.93305,168.0,335714.0147802709,0.0,183290.022611012,519004.03739128297,335819.605181817,0.0,184134.85049733997,519954.455679157
589,9928.878824,0.040374,54.5454545454545,0.0,9983.383904545453,216.0,335714.0147802709,0.0,183290.022611012,519004.03739128297,335819.605181817,0.0,184134.85049733997,519954.455679157
590,9926.676711,0.034935,100.0,0.0,10026.641776,304.0,335714.0147802709,0.0,183290.022611012,519004.03739128297,335819.605181817,0.0,184134.85049733997,519954.455679157
591,9924.474599,0.027315000000000002,100.0,0.0,10024.447284,392.0,335714.0147802709,0.0,183290.022611012,519004.03739128297,335819.605181817,0.0,184134.85049733997,519954.455679157
592,9922.272486,0.015446,100.0,0.0,10022.25704,480.0,335714.0147802709,0.0,183290.022611012,519004.03739128297,335819.605181817,0.0,184134.85049733997,519954.455679157
593,9920.070374,0.003991,0.0,100.0,9820.066383000001,380.0,335714.0147802709,0.0,183290.022611012,519004.03739128297,335819.605181817,0.0,184134.85049733997,519954.455679157
594,9917.984844,0.0,0.0,100.0,9817.984844,280.0,335714.0147802709,0.0,183290.022611012,519004.03739128297,335819.605181817,0.0,184134.85049733997,519954.455679157
595,9915.982923,0.0,0.0,100.0,9815.982923,180.0,335714.0147802709,0.0,183290.022611012,519004.03739128297,335819.605181817,0.0,184134.85049733997,519954.455679157
596,9913.981003,0.0,0.0,100.0,9813.981003,80.0,335714.0147802709,0.0,183290.022611012,519004.03739128297,335819.605181817,0.0,184134.85049733997,519954.455679157
597,9911.979082,0.0,100.0,0.0,10011.979082,168.0,335714.0147802709,0.0,183290.022611012,519004.03739128297,335819.605181817,0.0,184134.85049733997,519954.455679157
598,9909.977162,0.0,100.0,0.0,10009.977162,256.0,335714.0147802709,0.0,183290.022611012,519004.03739128297,335819.605181817,0.0,184134.85049733997,519954.455679157
599,9907.803076,0.0,100.0,0.0,10007.803076,344.0,335714.0147802709,0.0,183290.022611012,519004.03739128297,335819.605181817,0.0,184134.85049733997,519954.455679157
600,9905.400772,0.0,81.8181818181818,0.0,9987.218953818183,416.0,335714.0147802709,0.0,183290.022611012,519004.03739128297,335819.605181817,0.0,184134.85049733997,519954.455679157
601,9902.998467,0.0,0.0,0.0,9902.998467,416.0,335714.0147802709,0.0,183290.022611012,519004.03739128297,335819.605181817,0.0,184134.85049733997,519954.455679157
602,9900.596163,0.0,0.0,0.0,9900.596163,416.0,335714.0147802709,0.0,183290.022611012,519004.03739128297,335819.605181817,0.0,184134.85049733997,519954.455679157
603,9898.193858,0.0,100.0,0.0,9998.193858,504.0,335714.0147802709,0.0,183290.022611012,519004.03739128297,335819.605181817,0.0,184134.85049733997,519954.455679157
604,9895.902719,0.0,100.0,0.0,9995.902719,592.0,335714.0147802709,0.0,183290.022611012,519004.03739128297,335819.605181817,0.0,184134.85049733997,519954.455679157
605,9893.900799,0.0,100.0,0.0,9993.900799,680.0,335714.0147802709,0.0,183290.022611012,519004.03739128297,335819.605181817,0.0,184134.85049733997,519954.455679157
606,9891.898878,0.00149,0.0,100.0,9791.897388,580.0,335714.0147802709,0.0,183290.022611012,519004.03739128297,335819.605181817,0.0,184134.85049733997,519954.455679157
607,9889.896958,0.011627,0.0,100.0,9789.885331,480.0,335714.0147802709,0.0,183290.022611012,519004.03739128297,335819.605181817,0.0,184134.85049733997,519954.455679157
608,9887.895037,0.023379999999999998,0.0,100.0,9787.871657,380.0,335714.0147802709,0.0,183290.022611012,519004.03739128297,335819.605181817,0.0,184134.85049733997,519954.455679157
609,9885.943283,0.032383,0.0,100.0,9785.9109,280.0,335714.0147802709,0.0,183290.022611012,519004.03739128297,335819.605181817,0.0,184134.85049733997,519954.455679157
610,9884.341746,0.038077,0.0,100.0,9784.303669,180.0,335714.0147802709,0.0,183290.022611012,519004.03739128297,335819.605181817,0.0,184134.85049733997,519954.455679157
611,9882.74021,0.041264,0.0,100.0,9782.698946,80.0,335714.0147802709,0.0,183290.022611012,519004.03739128297,335819.605181817,0.0,184134.85049733997,519954.455679157
612,9881.138674,0.040263,100.0,0.0,9981.098410999999,168.0,335714.0147802709,0.0,183290.022611012,519004.03739128297,335819.605181817,0.0,184134.85049733997,519954.455679157
613,9879.537137,0.034651,54.5454545454545,0.0,9934.047940545453,216.0,335714.0147802709,0.0,183290.022611012,519004.03739128297,335819.605181817,0.0,184134.85049733997,519954.455679157
614,9877.935601,0.031181999999999998,100.0,0.0,9977.904418999999,304.0,335714.0147802709,0.0,183290.022611012,519004.03739128297,335819.605181817,0.0,184134.85049733997,519954.455679157
615,9876.139289,0.023544000000000002,100.0,0.0,9976.115745000001,392.0,335714.0147802709,0.0,183290.022611012,519004.03739128297,335819.605181817,0.0,184134.85049733997,519954.455679157
616,9874.337561,0.010575,100.0,0.0,9974.326986,480.0,335714.0147802709,0.0,183290.022611012,519004.03739128297,335819.605181817,0.0,184134.85049733997,519954.455679157
617,9872.535833,0.003077,0.0,100.0,9772.532756,380.0,335714.0147802709,0.0,183290.022611012,519004.03739128297,335819.605181817,0.0,184134.85049733997,519954.455679157
618,9870.734104,7.000000000000001e-05,0.0,100.0,9770.734034,280.0,335714.0147802709,0.0,183290.022611012,519004.03739128297,335819.605181817,0.0,184134.85049733997,519954.455679157
619,9868.932376,0.0,0.0,100.0,9768.932376,180.0,335714.0147802709,0.0,183290.022611012,519004.03739128297,335819.605181817,0.0,184134.85049733997,519954.455679157
620,9867.130647,0.0,0.0,100.0,9767.130647,80.0,335714.0147802709,0.0,183290.022611012,519004.03739128297,335819.605181817,0.0,184134.85049733997,519954.455679157
621,9865.328919,0.0,100.0,0.0,9965.328919,168.0,335714.0147802709,0.0,183290.022611012,519004.03739128297,335819.605181817,0.0,184134.85049733997,519954.455679157
622,9863.527191,0.0,100.0,0.0,9963.527191,256.0,335714.0147802709,0.0,183290.022611012,519004.03739128297,335819.605181817,0.0,184134.85049733997,519954.455679157
623,9861.725462,0.0,100.0,0.0,9961.725462,344.0,335714.0147802709,0.0,183290.022611012,519004.03739128297,335819.605181817,0.0,184134.85049733997,519954.455679157
624,9859.923734,0.0,81.8181818181818,0.0,9941.741915818182,416.0,335714.0147802709,0.0,183290.022611012,519004.03739128297,335819.605181817,0.0,184134.85049733997,519954.455679157
625,9858.122005,0.0,0.0,0.0,9858.122005,416.0,335714.0147802709,0.0,183290.022611012,519004.03739128297,335819.605181817,0.0,184134.85049733997,519954.455679157
626,9856.320277,0.0,0.0,0.0,9856.320277,416.0,335714.0147802709,0.0,183290.022611012,519004.03739128297,335819.605181817,0.0,184134.85049733997,519954.455679157
627,9854.518549,0.0,100.0,0.0,9954.518549,504.0,335714.0147802709,0.0,183290.022611012,519004.03739128297,335819.605181817,0.0,184134.85049733997,519954.455679157
628,9852.71682,0.0,100.0,0.0,9952.71682,592.0,335714.0147802709,0.0,183290.022611012,519004.03739128297,335819.605181817,0.0,184134.85049733997,519954.455679157
629,9850.915092,0.0,100.0,0.0,9950.915092,680.0,335714.0147802709,0.0,183290.022611012,519004.03739128297,335819.605181817,0.0,184134.85049733997,519954.455679157
630,9849.42319,0.001345,0.0,100.0,9749.421844999999,580.0,335714.0147802709,0.0,183290.022611012,519004.03739128297,335819.605181817,0.0,184134.85049733997,519954.455679157
631,9848.222038,0.006728,0.0,100.0,9748.21531,480.0,335714.0147802709,0.0,183290.022611012,519004.03739128297,335819.605181817,0.0,184134.85049733997,519954.455679157
632,9847.020886,0.009254,0.0,100.0,9747.011632,380.0,335714.0147802709,0.0,183290.022611012,519004.03739128297,335819.605181817,0.0,184134.85049733997,519954.455679157
633,9845.819733,0.014603,0.0,100.0,9745.80513,280.0,335714.0147802709,0.0,183290.022611012,519004.03739128297,335819.605181817,0.0,184134.85049733997,519954.455679157
634,9844.618581,0.015897,0.0,100.0,9744.602684000001,180.0,335714.0147802709,0.0,183290.022611012,519004.03739128297,335819.605181817,0.0,184134.85049733997,519954.455679157
635,9843.344653,0.016682,0.0,100.0,9743.327971,80.0,335714.0147802709,0.0,183290.022611012,519004.03739128297,335819.605181817,0.0,184134.85049733997,519954.455679157
636,9841.943309,0.016396,100.0,0.0,9941.926913,168.0,335714.0147802709,0.0,183290.022611012,519004.03739128297,335819.605181817,0.0,184134.85049733997,519954.455679157
637,9840.541964,0.015317,54.5454545454545,0.0,9895.072101545455,216.0,335714.0147802709,0.0,183290.022611012,519004.03739128297,335819.605181817,0.0,184134.85049733997,519954.455679157
638,9839.14062,0.017943999999999998,100.0,0.0,9939.122676,304.0,335714.0147802709,0.0,183290.022611012,519004.03739128297,335819.605181817,0.0,184134.85049733997,519954.455679157
639,9837.739276,0.010812,100.0,0.0,9937.728464,392.0,335714.0147802709,0.0,183290.022611012,519004.03739128297,335819.605181817,0.0,184134.85049733997,519954.455679157
640,9836.168828,0.007744,100.0,0.0,9936.161084,480.0,335714.0147802709,0.0,183290.022611012,519004.03739128297,335819.605181817,0.0,184134.85049733997,519954.455679157
641,9833.966716,0.003243,0.0,100.0,9733.963473000002,380.0,335714.0147802709,0.0,183290.022611012,519004.03739128297,335819.605181817,0.0,184134.85049733997,519954.455679157
642,9831.764603,3e-05,0.0,100.0,9731.764573,280.0,335714.0147802709,0.0,183290.022611012,519004.03739128297,335819.605181817,0.0,184134.85049733997,519954.455679157
643,9829.562491,0.0,0.0,100.0,9729.562491,180.0,335714.0147802709,0.0,183290.022611012,519004.03739128297,335819.605181817,0.0,184134.85049733997,519954.455679157
644,9827.360378,0.0,0.0,100.0,9727.360378,80.0,335714.0147802709,0.0,183290.022611012,519004.03739128297,335819.605181817,0.0,184134.85049733997,519954.455679157
645,9825.170042,0.0,100.0,0.0,9925.170042,168.0,335714.0147802709,0.0,183290.022611012,519004.03739128297,335819.605181817,0.0,184134.85049733997,519954.455679157
646,9823.168121,0.0,100.0,0.0,9923.168121,256.0,335714.0147802709,0.0,183290.022611012,519004.03739128297,335819.605181817,0.0,184134.85049733997,519954.455679157
647,9821.166201,0.0,100.0,0.0,9921.166201,344.0,335714.0147802709,0.0,183290.022611012,519004.03739128297,335819.605181817,0.0,184134.85049733997,519954.455679157
648,9819.16428,0.0,81.8181818181818,0.0,9900.982461818183,416.0,335714.0147802709,0.0,183290.022611012,519004.03739128297,335819.605181817,0.0,184134.85049733997,519954.455679157
649,9817.16236,0.0,0.0,0.0,9817.16236,416.0,335714.0147802709,0.0,183290.022611012,519004.03739128297,335819.605181817,0.0,184134.85049733997,519954.455679157
650,9815.160439,0.0,0.0,0.0,9815.160439,416.0,335714.0147802709,0.0,183290.022611012,519004.03739128297,335819.605181817,0.0,184134.85049733997,519954.455679157
651,9812.977051,0.0,100.0,0.0,9912.977051,504.0,335714.0147802709,0.0,183290.022611012,519004.03739128297,335819.605181817,0.0,184134.85049733997,519954.455679157
652,9810.774938,0.0,100.0,0.0,9910.774938,592.0,335714.0147802709,0.0,183290.022611012,519004.03739128297,335819.605181817,0.0,184134.85049733997,519954.455679157
653,9808.572826,0.0,100.0,0.0,9908.572826,680.0,335714.0147802709,0.0,183290.022611012,519004.03739128297,335819.605181817,0.0,184134.85049733997,519954.455679157
654,9806.370713,0.000431,0.0,100.0,9706.370282,580.0,335714.0147802709,0.0,183290.022611012,519004.03739128297,335819.605181817,0.0,184134.85049733997,519954.455679157
655,9804.168601,0.0024089999999999997,0.0,100.0,9704.166191999999,480.0,335714.0147802709,0.0,183290.022611012,519004.03739128297,335819.605181817,0.0,184134.85049733997,519954.455679157
656,9802.117457,0.003468,0.0,100.0,9702.113989,380.0,335714.0147802709,0.0,183290.022611012,519004.03739128297,335819.605181817,0.0,184134.85049733997,519954.455679157
657,9800.115536,0.007161,0.0,100.0,9700.108375,280.0,335714.0147802709,0.0,183290.022611012,519004.03739128297,335819.605181817,0.0,184134.85049733997,519954.455679157
658,9798.113616,0.01358,0.0,100.0,9698.100036,180.0,335714.0147802709,0.0,183290.022611012,519004.03739128297,335819.605181817,0.0,184134.85049733997,519954.455679157
659,9796.111695,0.014848000000000002,0.0,100.0,9696.096846999999,80.0,335714.0147802709,0.0,183290.022611012,519004.03739128297,335819.605181817,0.0,184134.85049733997,519954.455679157
660,9794.109775,0.012782,100.0,0.0,9894.096993000001,168.0,335714.0147802709,0.0,183290.022611012,519004.03739128297,335819.605181817,0.0,184134.85049733997,519954.455679157
661,9792.228323,0.014885,54.5454545454545,0.0,9846.758892545453,216.0,335714.0147802709,0.0,183290.022611012,519004.03739128297,335819.605181817,0.0,184134.85049733997,519954.455679157
662,9790.426595,0.006186,100.0,0.0,9890.420409,304.0,335714.0147802709,0.0,183290.022611012,519004.03739128297,335819.605181817,0.0,184134.85049733997,519954.455679157
663,9788.624866,0.00222,100.0,0.0,9888.622646,392.0,335714.0147802709,0.0,183290.022611012,519004.03739128297,335819.605181817,0.0,184134.85049733997,519954.455679157
664,9786.823138,0.001471,100.0,0.0,9886.821667,480.0,335714.0147802709,0.0,183290.022611012,519004.03739128297,335819.605181817,0.0,184134.85049733997,519954.455679157
665,9785.021409,0.000999,0.0,100.0,9685.020410000001,380.0,335714.0147802709,0.0,183290.022611012,519004.03739128297,335819.605181817,0.0,184134.85049733997,519954.455679157
666,9783.399618,0.0,0.0,100.0,9683.399618,280.0,335714.0147802709,0.0,183290.022611012,519004.03739128297,335819.605181817,0.0,184134.85049733997,519954.455679157
667,9781.998274,0.0,0.0,100.0,9681.998274,180.0,335714.0147802709,0.0,183290.022611012,519004.03739128297,335819.605181817,0.0,184134.85049733997,519954.455679157
668,9780.59693,0.0,0.0,100.0,9680.59693,80.0,335714.0147802709,0.0,183290.022611012,519004.03739128297,335819.605181817,0.0,184134.85049733997,519954.455679157
669,9779.195585,0.0,100.0,0.0,9879.195585,168.0,335714.0147802709,0.0,183290.022611012,519004.03739128297,335819.605181817,0.0,184134.85049733997,519954.455679157
670,9777.794241,0.0,100.0,0.0,9877.794241,256.0,335714.0147802709,0.0,183290.022611012,519004.03739128297,335819.605181817,0.0,184134.85049733997,519954.455679157
671,9776.392897,0.0,100.0,0.0,9876.392897,344.0,335714.0147802709,0.0,183290.022611012,519004.03739128297,335819.605181817,0.0,184134.85049733997,519954.455679157
672,9774.991552,0.0,81.8181818181818,0.0,9856.809733818181,416.0,335714.0147802709,0.0,183290.022611012,519004.03739128297,335819.605181817,0.0,184134.85049733997,519954.455679157
673,9773.590208,0.0,0.0,0.0,9773.590208,416.0,335714.0147802709,0.0,183290.022611012,519004.03739128297,335819.605181817,0.0,184134.85049733997,519954.455679157
674,9772.188864,0.0,0.0,0.0,9772.188864,416.0,335714.0147802709,0.0,183290.022611012,519004.03739128297,335819.605181817,0.0,184134.85049733997,519954.455679157
675,9770.787519,0.0,100.0,0.0,9870.787519,504.0,335714.0147802709,0.0,183290.022611012,519004.03739128297,335819.605181817,0.0,184134.85049733997,519954.455679157
676,9769.357206,0.0,100.0,0.0,9869.357206,592.0,335714.0147802709,0.0,183290.022611012,519004.03739128297,335819.605181817,0.0,184134.85049733997,519954.455679157
677,9767.75567,0.0,100.0,0.0,9867.75567,680.0,335714.0147802709,0.0,183290.022611012,519004.03739128297,335819.605181817,0.0,184134.85049733997,519954.455679157
678,9766.154133,0.001082,0.0,100.0,9666.153051,580.0,335714.0147802709,0.0,183290.022611012,519004.03739128297,335819.605181817,0.0,184134.85049733997,519954.455679157
679,9764.552597,0.010943,0.0,100.0,9664.541654,480.0,335714.0147802709,0.0,183290.022611012,519004.03739128297,335819.605181817,0.0,184134.85049733997,519954.455679157
680,9762.951061,0.021391,0.0,100.0,9662.92967,380.0,335714.0147802709,0.0,183290.022611012,519004.03739128297,335819.605181817,0.0,184134.85049733997,519954.455679157
681,9761.349524,0.009435,0.0,100.0,9661.340089,280.0,335714.0147802709,0.0,183290.022611012,519004.03739128297,335819.605181817,0.0,184134.85049733997,519954.455679157
682,9759.747988,0.012829,0.0,100.0,9659.735159,180.0,335714.0147802709,0.0,183290.022611012,519004.03739128297,335819.605181817,0.0,184134.85049733997,519954.455679157
683,9758.146452,0.040087000000000005,0.0,100.0,9658.106365000001,80.0,335714.0147802709,0.0,183290.022611012,519004.03739128297,335819.605181817,0.0,184134.85049733997,519954.455679157
684,9756.544915,0.036997,100.0,0.0,9856.507918000001,168.0,335714.0147802709,0.0,183290.022611012,519004.03739128297,335819.605181817,0.0,184134.85049733997,519954.455679157
685,9754.943379,0.014988,54.5454545454545,0.0,9809.473845545454,216.0,335714.0147802709,0.0,183290.022611012,519004.03739128297,335819.605181817,0.0,184134.85049733997,519954.455679157
686,9753.341843,0.031072,100.0,0.0,9853.310771,304.0,335714.0147802709,0.0,183290.022611012,519004.03739128297,335819.605181817,0.0,184134.85049733997,519954.455679157
687,9752.24479,0.030859,100.0,0.0,9852.213931,392.0,335714.0147802709,0.0,183290.022611012,519004.03739128297,335819.605181817,0.0,184134.85049733997,519954.455679157
688,9751.24383,0.017603999999999998,100.0,0.0,9851.226225999999,480.0,335714.0147802709,0.0,183290.022611012,519004.03739128297,335819.605181817,0.0,184134.85049733997,519954.455679157
689,9750.24287,0.004715,0.0,100.0,9650.238155000001,380.0,335714.0147802709,0.0,183290.022611012,519004.03739128297,335819.605181817,0.0,184134.85049733997,519954.455679157
690,9749.24191,0.000127,0.0,100.0,9649.241783000001,280.0,335714.0147802709,0.0,183290.022611012,519004.03739128297,335819.605181817,0.0,184134.85049733997,519954.455679157
691,9748.240949,0.0,0.0,100.0,9648.240949,180.0,335714.0147802709,0.0,183290.022611012,519004.03739128297,335819.605181817,0.0,184134.85049733997,519954.455679157
692,9747.377651,0.0,0.0,100.0,9647.377651,80.0,335714.0147802709,0.0,183290.022611012,519004.03739128297,335819.605181817,0.0,184134.85049733997,519954.455679157
693,9746.576882,0.0,0.0,0.0,9746.576882,80.0,335714.0147802709,0.0,183290.022611012,519004.03739128297,335819.605181817,0.0,184134.85049733997,519954.455679157
694,9745.776114,0.0,0.0,0.0,9745.776114,80.0,335714.0147802709,0.0,183290.022611012,519004.03739128297,335819.605181817,0.0,184134.85049733997,519954.455679157
695,9744.975346,0.0,0.0,0.0,9744.975346,80.0,335714.0147802709,0.0,183290.022611012,519004.03739128297,335819.605181817,0.0,184134.85049733997,519954.455679157
696,9744.174578,0.0,0.0,0.0,9744.174578,80.0,335714.0147802709,0.0,183290.022611012,519004.03739128297,335819.605181817,0.0,184134.85049733997,519954.455679157
697,9743.37381,0.0,0.0,0.0,9743.37381,80.0,335714.0147802709,0.0,183290.022611012,519004.03739128297,335819.605181817,0.0,184134.85049733997,519954.455679157
698,9742.573042,0.0,0.0,0.0,9742.573042,80.0,335714.0147802709,0.0,183290.022611012,519004.03739128297,335819.605181817,0.0,184134.85049733997,519954.455679157
699,9741.772273,0.0,0.0,0.0,9741.772273,80.0,335714.0147802709,0.0,183290.022611012,519004.03739128297,335819.605181817,0.0,184134.85049733997,519954.455679157
700,9740.971505,0.0,0.0,0.0,9740.971505,80.0,335714.0147802709,0.0,183290.022611012,519004.03739128297,335819.605181817,0.0,184134.85049733997,519954.455679157
701,9740.170737,0.0,0.0,0.0,9740.170737,80.0,335714.0147802709,0.0,183290.022611012,519004.03739128297,335819.605181817,0.0,184134.85049733997,519954.455679157
702,9739.063322,0.0016359999999999999,0.0,0.0,9739.061686,80.0,335714.0147802709,0.0,183290.022611012,519004.03739128297,335819.605181817,0.0,184134.85049733997,519954.455679157
703,9737.461785,0.01244,0.0,0.0,9737.449344999999,80.0,335714.0147802709,0.0,183290.022611012,519004.03739128297,335819.605181817,0.0,184134.85049733997,519954.455679157
704,9735.860249,0.022844000000000003,0.0,0.0,9735.837405,80.0,335714.0147802709,0.0,183290.022611012,519004.03739128297,335819.605181817,0.0,184134.85049733997,519954.455679157
705,9734.258713,0.032903,0.0,0.0,9734.22581,80.0,335714.0147802709,0.0,183290.022611012,519004.03739128297,335819.605181817,0.0,184134.85049733997,519954.455679157
706,9732.657176,0.038095,0.0,0.0,9732.619081,80.0,335714.0147802709,0.0,183290.022611012,519004.03739128297,335819.605181817,0.0,184134.85049733997,519954.455679157
707,9731.194126,0.040977,0.0,0.0,9731.153149,80.0,335714.0147802709,0.0,183290.022611012,519004.03739128297,335819.605181817,0.0,184134.85049733997,519954.455679157
708,9730.193166,0.041261000000000006,0.0,0.0,9730.151904999999,80.0,335714.0147802709,0.0,183290.022611012,519004.03739128297,335819.605181817,0.0,184134.85049733997,519954.455679157
709,9729.192205,0.039783,0.0,0.0,9729.152422,80.0,335714.0147802709,0.0,183290.022611012,519004.03739128297,335819.605181817,0.0,184134.85049733997,519954.455679157
710,9728.191245,0.034525,0.0,0.0,9728.15672,80.0,335714.0147802709,0.0,183290.022611012,519004.03739128297,335819.605181817,0.0,184134.85049733997,519954.455679157
711,9727.190285,0.026709,0.0,0.0,9727.163576,80.0,335714.0147802709,0.0,183290.022611012,519004.03739128297,335819.605181817,0.0,184134.85049733997,519954.455679157
712,9726.204987,0.016386,0.0,0.0,9726.188601,80.0,335714.0147802709,0.0,183290.022611012,519004.03739128297,335819.605181817,0.0,184134.85049733997,519954.455679157
713,9725.404219,0.0044480000000000006,0.0,0.0,9725.399771,80.0,335714.0147802709,0.0,183290.022611012,519004.03739128297,335819.605181817,0.0,184134.85049733997,519954.455679157
714,9724.60345,0.0,0.0,0.0,9724.60345,80.0,335714.0147802709,0.0,183290.022611012,519004.03739128297,335819.605181817,0.0,184134.85049733997,519954.455679157
715,9723.802682,0.0,0.0,0.0,9723.802682,80.0,335714.0147802709,0.0,183290.022611012,519004.03739128297,335819.605181817,0.0,184134.85049733997,519954.455679157
716,9723.001914,0.0,0.0,0.0,9723.001914,80.0,335714.0147802709,0.0,183290.022611012,519004.03739128297,335819.605181817,0.0,184134.85049733997,519954.455679157
717,9722.201146,0.0,0.0,0.0,9722.201146,80.0,335714.0147802709,0.0,183290.022611012,519004.03739128297,335819.605181817,0.0,184134.85049733997,519954.455679157
718,9719.917543,0.0,0.0,0.0,9719.917543,80.0,335714.0147802709,0.0,183290.022611012,519004.03739128297,335819.605181817,0.0,184134.85049733997,519954.455679157
719,9717.515239,0.0,0.0,0.0,9717.515239,80.0,335714.0147802709,0.0,183290.022611012,519004.03739128297,335819.605181817,0.0,184134.85049733997,519954.455679157
720,9715.112934,0.0,0.0,0.0,9715.112934,80.0,335714.0147802709,0.0,183290.022611012,519004.03739128297,335819.605181817,0.0,184134.85049733997,519954.455679157
721,9712.71063,0.0,0.0,0.0,9712.71063,80.0,335714.0147802709,0.0,183290.022611012,519004.03739128297,335819.605181817,0.0,184134.85049733997,519954.455679157
722,9710.308325,0.0,0.0,0.0,9710.308325,80.0,335714.0147802709,0.0,183290.022611012,519004.03739128297,335819.605181817,0.0,184134.85049733997,519954.455679157
723,9708.835147,0.0,0.0,0.0,9708.835147,80.0,335714.0147802709,0.0,183290.022611012,519004.03739128297,335819.605181817,0.0,184134.85049733997,519954.455679157
724,9707.633995,0.0,0.0,0.0,9707.633995,80.0,335714.0147802709,0.0,183290.022611012,519004.03739128297,335819.605181817,0.0,184134.85049733997,519954.455679157
725,9706.432843,0.0,0.0,0.0,9706.432843,80.0,335714.0147802709,0.0,183290.022611012,519004.03739128297,335819.605181817,0.0,184134.85049733997,519954.455679157
726,9705.231691,0.001694,0.0,0.0,9705.229997,80.0,335714.0147802709,0.0,183290.022611012,519004.03739128297,335819.605181817,0.0,184134.85049733997,519954.455679157
727,9704.030538,0.012625,0.0,0.0,9704.017913000001,80.0,335714.0147802709,0.0,183290.022611012,519004.03739128297,335819.605181817,0.0,184134.85049733997,519954.455679157
728,9702.580677,0.025102,0.0,0.0,9702.555575,80.0,335714.0147802709,0.0,183290.022611012,519004.03739128297,335819.605181817,0.0,184134.85049733997,519954.455679157
729,9700.97914,0.027642,0.0,0.0,9700.951498,80.0,335714.0147802709,0.0,183290.022611012,519004.03739128297,335819.605181817,0.0,184134.85049733997,519954.455679157
730,9699.377604,0.019132000000000003,0.0,0.0,9699.358472,80.0,335714.0147802709,0.0,183290.022611012,519004.03739128297,335819.605181817,0.0,184134.85049733997,519954.455679157
731,9697.776068,0.036765,0.0,0.0,9697.739302999998,80.0,335714.0147802709,0.0,183290.022611012,519004.03739128297,335819.605181817,0.0,184134.85049733997,519954.455679157
732,9696.174531,0.016364999999999998,0.0,0.0,9696.158166000001,80.0,335714.0147802709,0.0,183290.022611012,519004.03739128297,335819.605181817,0.0,184134.85049733997,519954.455679157
733,9694.572995,0.036103,0.0,0.0,9694.536892,80.0,335714.0147802709,0.0,183290.022611012,519004.03739128297,335819.605181817,0.0,184134.85049733997,519954.455679157
734,9692.971459,0.019101,0.0,0.0,9692.952358,80.0,335714.0147802709,0.0,183290.022611012,519004.03739128297,335819.605181817,0.0,184134.85049733997,519954.455679157
735,9691.369922,0.028724,0.0,0.0,9691.341198,80.0,335714.0147802709,0.0,183290.022611012,519004.03739128297,335819.605181817,0.0,184134.85049733997,519954.455679157
736,9689.768386,0.013159,0.0,0.0,9689.755227,80.0,335714.0147802709,0.0,183290.022611012,519004.03739128297,335819.605181817,0.0,184134.85049733997,519954.455679157
737,9688.16685,0.0051849999999999995,0.0,0.0,9688.161665,80.0,335714.0147802709,0.0,183290.022611012,519004.03739128297,335819.605181817,0.0,184134.85049733997,519954.455679157
738,9686.628668,7.3e-05,0.0,0.0,9686.628595,80.0,335714.0147802709,0.0,183290.022611012,519004.03739128297,335819.605181817,0.0,184134.85049733997,519954.455679157
739,9685.227324,0.0,0.0,0.0,9685.227324,80.0,335714.0147802709,0.0,183290.022611012,519004.03739128297,335819.605181817,0.0,184134.85049733997,519954.455679157
740,9683.82598,0.0,63.6363636363636,0.0,9747.462343636364,136.0,335714.0147802709,0.0,183290.022611012,519004.03739128297,335819.605181817,0.0,184134.85049733997,519954.455679157
741,9682.424635,0.0,100.0,0.0,9782.424635,224.0,335714.0147802709,0.0,183290.022611012,519004.03739128297,335819.605181817,0.0,184134.85049733997,519954.455679157
742,9681.023291,0.0,100.0,0.0,9781.023291,312.0,335714.0147802709,0.0,183290.022611012,519004.03739128297,335819.605181817,0.0,184134.85049733997,519954.455679157
743,9679.621947,0.0,100.0,0.0,9779.621947,400.0,335714.0147802709,0.0,183290.022611012,519004.03739128297,335819.605181817,0.0,184134.85049733997,519954.455679157
