time,Pload,Ppv,Pcharge,Pdischarge,Ptotal,state of charge,energy_charge_with_es,nem_charge_with_es,demand_charge_with_es,total_bill_with_es,energy_charge_without_es,nem_charge_without_es,demand_charge_without_es,total_bill_without_es
0,9966.658478,0.0,0.0,0.0,9966.658478,2000.0,361013.603450504,0.0,239566.7622804632,600580.3657309673,362550.23195854237,0.0,245611.11582056002,608161.3477791024
1,9959.744551,0.0,0.0,0.0,9959.744551,2000.0,361013.603450504,0.0,239566.7622804632,600580.3657309673,362550.23195854237,0.0,245611.11582056002,608161.3477791024
2,9952.737829,0.0,0.0,0.0,9952.737829,2000.0,361013.603450504,0.0,239566.7622804632,600580.3657309673,362550.23195854237,0.0,245611.11582056002,608161.3477791024
3,9945.731108,0.0,0.0,0.0,9945.731108,2000.0,361013.603450504,0.0,239566.7622804632,600580.3657309673,362550.23195854237,0.0,245611.11582056002,608161.3477791024
4,9938.724386,0.0,0.0,0.0,9938.724386,2000.0,361013.603450504,0.0,239566.7622804632,600580.3657309673,362550.23195854237,0.0,245611.11582056002,608161.3477791024
5,9931.717665,0.000147,0.0,0.0,9931.717518,2000.0,361013.603450504,0.0,239566.7622804632,600580.3657309673,362550.23195854237,0.0,245611.11582056002,608161.3477791024
6,9924.172662,0.002594,0.0,0.0,9924.170068000001,2000.0,361013.603450504,0.0,239566.7622804632,600580.3657309673,362550.23195854237,0.0,245611.11582056002,608161.3477791024
7,9915.764596,0.011929,0.0,0.0,9915.752667,2000.0,361013.603450504,0.0,239566.7622804632,600580.3657309673,362550.23195854237,0.0,245611.11582056002,608161.3477791024
8,9907.35653,0.022288000000000002,0.0,0.0,9907.334241999999,2000.0,361013.603450504,0.0,239566.7622804632,600580.3657309673,362550.23195854237,0.0,245611.11582056002,608161.3477791024
9,9898.948464,0.029835,0.0,0.0,9898.918629,2000.0,361013.603450504,0.0,239566.7622804632,600580.3657309673,362550.23195854237,0.0,245611.11582056002,608161.3477791024
10,9890.540399,0.034695000000000004,0.0,0.0,9890.505704,2000.0,361013.603450504,0.0,239566.7622804632,600580.3657309673,362550.23195854237,0.0,245611.11582056002,608161.3477791024
11,9882.921089,0.036579,0.0,0.0,9882.88451,2000.0,361013.603450504,0.0,239566.7622804632,600580.3657309673,362550.23195854237,0.0,245611.11582056002,608161.3477791024
12,9877.916288,0.035884,0.0,0.0,9877.880404,2000.0,361013.603450504,0.0,239566.7622804632,600580.3657309673,362550.23195854237,0.0,245611.11582056002,608161.3477791024
13,9872.911487,0.03491,0.0,0.0,9872.876576999999,2000.0,361013.603450504,0.0,239566.7622804632,600580.3657309673,362550.23195854237,0.0,245611.11582056002,608161.3477791024
14,9867.906686,0.029717,0.0,0.0,9867.876969,2000.0,361013.603450504,0.0,239566.7622804632,600580.3657309673,362550.23195854237,0.0,245611.11582056002,608161.3477791024
15,9862.901885,0.019370000000000002,0.0,0.0,9862.882515,2000.0,361013.603450504,0.0,239566.7622804632,600580.3657309673,362550.23195854237,0.0,245611.11582056002,608161.3477791024
16,9858.230933,0.01034,0.0,0.0,9858.220593,2000.0,361013.603450504,0.0,239566.7622804632,600580.3657309673,362550.23195854237,0.0,245611.11582056002,608161.3477791024
17,9857.430165,0.003983,0.0,0.0,9857.426182,2000.0,361013.603450504,0.0,239566.7622804632,600580.3657309673,362550.23195854237,0.0,245611.11582056002,608161.3477791024
18,9856.629397,0.00023200000000000003,0.0,0.0,9856.629165,2000.0,361013.603450504,0.0,239566.7622804632,600580.3657309673,362550.23195854237,0.0,245611.11582056002,608161.3477791024
19,9855.828629,0.0,0.0,0.0,9855.828629,2000.0,361013.603450504,0.0,239566.7622804632,600580.3657309673,362550.23195854237,0.0,245611.11582056002,608161.3477791024
20,9855.027861,0.0,0.0,0.0,9855.027861,2000.0,361013.603450504,0.0,239566.7622804632,600580.3657309673,362550.23195854237,0.0,245611.11582056002,608161.3477791024
21,9854.227093,0.0,0.0,0.0,9854.227093,2000.0,361013.603450504,0.0,239566.7622804632,600580.3657309673,362550.23195854237,0.0,245611.11582056002,608161.3477791024
22,9852.869555,0.0,0.0,0.0,9852.869555,2000.0,361013.603450504,0.0,239566.7622804632,600580.3657309673,362550.23195854237,0.0,245611.11582056002,608161.3477791024
23,9851.468211,0.0,0.0,0.0,9851.468211,2000.0,361013.603450504,0.0,239566.7622804632,600580.3657309673,362550.23195854237,0.0,245611.11582056002,608161.3477791024
24,9850.066866,0.0,0.0,0.0,9850.066866,2000.0,361013.603450504,0.0,239566.7622804632,600580.3657309673,362550.23195854237,0.0,245611.11582056002,608161.3477791024
25,9848.665522,0.0,0.0,0.0,9848.665522,2000.0,361013.603450504,0.0,239566.7622804632,600580.3657309673,362550.23195854237,0.0,245611.11582056002,608161.3477791024
26,9847.264178,0.0,0.0,0.0,9847.264178,2000.0,361013.603450504,0.0,239566.7622804632,600580.3657309673,362550.23195854237,0.0,245611.11582056002,608161.3477791024
27,9846.328103,0.0,0.0,0.0,9846.328103,2000.0,361013.603450504,0.0,239566.7622804632,600580.3657309673,362550.23195854237,0.0,245611.11582056002,608161.3477791024
28,9845.527335,0.0,0.0,0.0,9845.527335,2000.0,361013.603450504,0.0,239566.7622804632,600580.3657309673,362550.23195854237,0.0,245611.11582056002,608161.3477791024
29,9844.726567,0.0,0.0,0.0,9844.726567,2000.0,361013.603450504,0.0,239566.7622804632,600580.3657309673,362550.23195854237,0.0,245611.11582056002,608161.3477791024
30,9843.925799,0.002218,0.0,0.0,9843.923581000001,2000.0,361013.603450504,0.0,239566.7622804632,600580.3657309673,362550.23195854237,0.0,245611.11582056002,608161.3477791024
31,9843.125031,0.011682000000000001,0.0,0.0,9843.113349,2000.0,361013.603450504,0.0,239566.7622804632,600580.3657309673,362550.23195854237,0.0,245611.11582056002,608161.3477791024
32,9842.199672,0.02154,0.0,0.0,9842.178132000001,2000.0,361013.603450504,0.0,239566.7622804632,600580.3657309673,362550.23195854237,0.0,245611.11582056002,608161.3477791024
33,9841.198712,0.029325,0.0,0.0,9841.169387,2000.0,361013.603450504,0.0,239566.7622804632,600580.3657309673,362550.23195854237,0.0,245611.11582056002,608161.3477791024
34,9840.197752,0.03426100000000001,0.0,0.0,9840.163491,2000.0,361013.603450504,0.0,239566.7622804632,600580.3657309673,362550.23195854237,0.0,245611.11582056002,608161.3477791024
35,9839.196792,0.036563000000000005,0.0,0.0,9839.160229000001,2000.0,361013.603450504,0.0,239566.7622804632,600580.3657309673,362550.23195854237,0.0,245611.11582056002,608161.3477791024
36,9838.195831,0.035225,0.0,0.0,9838.160606000001,2000.0,361013.603450504,0.0,239566.7622804632,600580.3657309673,362550.23195854237,0.0,245611.11582056002,608161.3477791024
37,9837.288961,0.033826,0.0,0.0,9837.255135,2000.0,361013.603450504,0.0,239566.7622804632,600580.3657309673,362550.23195854237,0.0,245611.11582056002,608161.3477791024
38,9836.488193,0.028718,0.0,0.0,9836.459475,2000.0,361013.603450504,0.0,239566.7622804632,600580.3657309673,362550.23195854237,0.0,245611.11582056002,608161.3477791024
39,9835.687425,0.02234,0.0,0.0,9835.665085,2000.0,361013.603450504,0.0,239566.7622804632,600580.3657309673,362550.23195854237,0.0,245611.11582056002,608161.3477791024
40,9834.886657,0.013237,0.0,0.0,9834.87342,2000.0,361013.603450504,0.0,239566.7622804632,600580.3657309673,362550.23195854237,0.0,245611.11582056002,608161.3477791024
41,9834.085889,0.0032300000000000002,0.0,0.0,9834.082659,2000.0,361013.603450504,0.0,239566.7622804632,600580.3657309673,362550.23195854237,0.0,245611.11582056002,608161.3477791024
42,9833.22153,0.0,0.0,0.0,9833.22153,2000.0,361013.603450504,0.0,239566.7622804632,600580.3657309673,362550.23195854237,0.0,245611.11582056002,608161.3477791024
43,9832.22057,0.0,0.0,0.0,9832.22057,2000.0,361013.603450504,0.0,239566.7622804632,600580.3657309673,362550.23195854237,0.0,245611.11582056002,608161.3477791024
44,9831.21961,0.0,0.0,0.0,9831.21961,2000.0,361013.603450504,0.0,239566.7622804632,600580.3657309673,362550.23195854237,0.0,245611.11582056002,608161.3477791024
45,9830.218649,0.0,0.0,0.0,9830.218649,2000.0,361013.603450504,0.0,239566.7622804632,600580.3657309673,362550.23195854237,0.0,245611.11582056002,608161.3477791024
46,9829.217689,0.0,0.0,0.0,9829.217689,2000.0,361013.603450504,0.0,239566.7622804632,600580.3657309673,362550.23195854237,0.0,245611.11582056002,608161.3477791024
47,9828.24982,0.0,0.0,0.0,9828.24982,2000.0,361013.603450504,0.0,239566.7622804632,600580.3657309673,362550.23195854237,0.0,245611.11582056002,608161.3477791024
48,9827.449051,0.0,0.0,0.0,9827.449051,2000.0,361013.603450504,0.0,239566.7622804632,600580.3657309673,362550.23195854237,0.0,245611.11582056002,608161.3477791024
49,9826.648283,0.0,0.0,0.0,9826.648283,2000.0,361013.603450504,0.0,239566.7622804632,600580.3657309673,362550.23195854237,0.0,245611.11582056002,608161.3477791024
50,9825.847515,0.0,0.0,0.0,9825.847515,2000.0,361013.603450504,0.0,239566.7622804632,600580.3657309673,362550.23195854237,0.0,245611.11582056002,608161.3477791024
51,9825.046747,0.0,0.0,0.0,9825.046747,2000.0,361013.603450504,0.0,239566.7622804632,600580.3657309673,362550.23195854237,0.0,245611.11582056002,608161.3477791024
52,9824.248569,0.0,0.0,0.0,9824.248569,2000.0,361013.603450504,0.0,239566.7622804632,600580.3657309673,362550.23195854237,0.0,245611.11582056002,608161.3477791024
53,9823.647993,0.0,0.0,0.0,9823.647993,2000.0,361013.603450504,0.0,239566.7622804632,600580.3657309673,362550.23195854237,0.0,245611.11582056002,608161.3477791024
54,9823.047417,0.002585,0.0,0.0,9823.044832,2000.0,361013.603450504,0.0,239566.7622804632,600580.3657309673,362550.23195854237,0.0,245611.11582056002,608161.3477791024
55,9822.446841,0.012714000000000001,0.0,0.0,9822.434127,2000.0,361013.603450504,0.0,239566.7622804632,600580.3657309673,362550.23195854237,0.0,245611.11582056002,608161.3477791024
56,9821.846265,0.020917,0.0,0.0,9821.825348,1999.99999999999,361013.603450504,0.0,239566.7622804632,600580.3657309673,362550.23195854237,0.0,245611.11582056002,608161.3477791024
57,9821.245689,0.027846,0.0,0.0,9821.217842999999,1999.99999999999,361013.603450504,0.0,239566.7622804632,600580.3657309673,362550.23195854237,0.0,245611.11582056002,608161.3477791024
58,9820.300547,0.033201999999999995,753.637620852274,0.0,10573.904965852274,2663.20110634999,361013.603450504,0.0,239566.7622804632,600580.3657309673,362550.23195854237,0.0,245611.11582056002,608161.3477791024
59,9819.299587,0.034765000000000004,754.640143852275,0.0,10573.904965852274,3327.28443293999,361013.603450504,0.0,239566.7622804632,600580.3657309673,362550.23195854237,0.0,245611.11582056002,608161.3477791024
60,9818.298626,0.035921999999999996,309.904053477279,0.0,10128.16675747728,3600.0,361013.603450504,0.0,239566.7622804632,600580.3657309673,362550.23195854237,0.0,245611.11582056002,608161.3477791024
61,9817.297666,0.037906999999999996,0.0,1000.0,8817.259759,2600.0,361013.603450504,0.0,239566.7622804632,600580.3657309673,362550.23195854237,0.0,245611.11582056002,608161.3477791024
62,9816.296706,0.016621,0.0,1000.0,8816.280084999999,1600.0,361013.603450504,0.0,239566.7622804632,600580.3657309673,362550.23195854237,0.0,245611.11582056002,608161.3477791024
63,9815.579312,0.005086,0.0,1000.0,8815.574226,600.0,361013.603450504,0.0,239566.7622804632,600580.3657309673,362550.23195854237,0.0,245611.11582056002,608161.3477791024
64,9814.978736,0.0045460000000000006,0.0,200.0,9614.974189999999,400.0,361013.603450504,0.0,239566.7622804632,600580.3657309673,362550.23195854237,0.0,245611.11582056002,608161.3477791024
65,9814.37816,0.004103,0.0,0.0,9814.374057,400.0,361013.603450504,0.0,239566.7622804632,600580.3657309673,362550.23195854237,0.0,245611.11582056002,608161.3477791024
66,9813.777583,0.00035099999999999997,0.0,0.0,9813.777231999999,400.0,361013.603450504,0.0,239566.7622804632,600580.3657309673,362550.23195854237,0.0,245611.11582056002,608161.3477791024
67,9813.177007,0.0,0.0,0.0,9813.177007,400.0,361013.603450504,0.0,239566.7622804632,600580.3657309673,362550.23195854237,0.0,245611.11582056002,608161.3477791024
68,9812.576431,0.0,0.0,0.0,9812.576431,400.0,361013.603450504,0.0,239566.7622804632,600580.3657309673,362550.23195854237,0.0,245611.11582056002,608161.3477791024
69,9811.975855,0.0,0.0,0.0,9811.975855,400.0,361013.603450504,0.0,239566.7622804632,600580.3657309673,362550.23195854237,0.0,245611.11582056002,608161.3477791024
70,9811.375279,0.0,0.0,0.0,9811.375279,400.0,361013.603450504,0.0,239566.7622804632,600580.3657309673,362550.23195854237,0.0,245611.11582056002,608161.3477791024
71,9810.774703,0.0,0.0,0.0,9810.774703,400.0,361013.603450504,0.0,239566.7622804632,600580.3657309673,362550.23195854237,0.0,245611.11582056002,608161.3477791024
72,9810.174127,0.0,0.0,0.0,9810.174127,400.0,361013.603450504,0.0,239566.7622804632,600580.3657309673,362550.23195854237,0.0,245611.11582056002,608161.3477791024
73,9809.57355,0.0,0.0,0.0,9809.57355,400.0,361013.603450504,0.0,239566.7622804632,600580.3657309673,362550.23195854237,0.0,245611.11582056002,608161.3477791024
74,9808.972974,0.0,0.0,0.0,9808.972974,400.0,361013.603450504,0.0,239566.7622804632,600580.3657309673,362550.23195854237,0.0,245611.11582056002,608161.3477791024
75,9808.372398,0.0,0.0,0.0,9808.372398,400.0,361013.603450504,0.0,239566.7622804632,600580.3657309673,362550.23195854237,0.0,245611.11582056002,608161.3477791024
76,9807.771822,0.0,0.0,0.0,9807.771822,400.0,361013.603450504,0.0,239566.7622804632,600580.3657309673,362550.23195854237,0.0,245611.11582056002,608161.3477791024
77,9807.171246,0.0,0.0,0.0,9807.171246,400.0,361013.603450504,0.0,239566.7622804632,600580.3657309673,362550.23195854237,0.0,245611.11582056002,608161.3477791024
78,9806.57067,0.00276,0.0,0.0,9806.56791,400.0,361013.603450504,0.0,239566.7622804632,600580.3657309673,362550.23195854237,0.0,245611.11582056002,608161.3477791024
79,9805.970094,0.007965,0.0,0.0,9805.962129,400.0,361013.603450504,0.0,239566.7622804632,600580.3657309673,362550.23195854237,0.0,245611.11582056002,608161.3477791024
80,9805.369518,0.006849,556.133597954537,0.0,10361.496266954537,889.397566199993,361013.603450504,0.0,239566.7622804632,600580.3657309673,362550.23195854237,0.0,245611.11582056002,608161.3477791024
81,9804.768941,0.011301,769.147325852275,0.0,10573.904965852274,1566.24721294999,361013.603450504,0.0,239566.7622804632,600580.3657309673,362550.23195854237,0.0,245611.11582056002,608161.3477791024
82,9804.168365,0.027566,769.764166852276,0.0,10573.904965852274,2243.63967978,361013.603450504,0.0,239566.7622804632,600580.3657309673,362550.23195854237,0.0,245611.11582056002,608161.3477791024
83,9803.567789,0.020977,770.358153852274,0.0,10573.904965852274,2921.55485517,361013.603450504,0.0,239566.7622804632,600580.3657309673,362550.23195854237,0.0,245611.11582056002,608161.3477791024
84,9802.967213,0.022639,770.960391852275,0.0,10573.904965852274,3600.0,361013.603450504,0.0,239566.7622804632,600580.3657309673,362550.23195854237,0.0,245611.11582056002,608161.3477791024
85,9802.366637,0.020742999999999998,0.0,1000.0,8802.345894,2600.0,361013.603450504,0.0,239566.7622804632,600580.3657309673,362550.23195854237,0.0,245611.11582056002,608161.3477791024
86,9801.766061,0.014065,0.0,1000.0,8801.751996,1600.0,361013.603450504,0.0,239566.7622804632,600580.3657309673,362550.23195854237,0.0,245611.11582056002,608161.3477791024
87,9801.165485,0.019009,0.0,1000.0,8801.146476,600.0,361013.603450504,0.0,239566.7622804632,600580.3657309673,362550.23195854237,0.0,245611.11582056002,608161.3477791024
88,9800.564908,0.013353,0.0,200.0,9600.551555,400.0,361013.603450504,0.0,239566.7622804632,600580.3657309673,362550.23195854237,0.0,245611.11582056002,608161.3477791024
89,9800.722236,0.004017000000000001,0.0,0.0,9800.718219,400.0,361013.603450504,0.0,239566.7622804632,600580.3657309673,362550.23195854237,0.0,245611.11582056002,608161.3477791024
90,9800.922428,0.0,0.0,0.0,9800.922428,400.0,361013.603450504,0.0,239566.7622804632,600580.3657309673,362550.23195854237,0.0,245611.11582056002,608161.3477791024
91,9801.12262,0.0,0.0,0.0,9801.12262,400.0,361013.603450504,0.0,239566.7622804632,600580.3657309673,362550.23195854237,0.0,245611.11582056002,608161.3477791024
92,9801.322812,0.0,0.0,0.0,9801.322812,400.0,361013.603450504,0.0,239566.7622804632,600580.3657309673,362550.23195854237,0.0,245611.11582056002,608161.3477791024
93,9801.523004,0.0,0.0,0.0,9801.523004,400.0,361013.603450504,0.0,239566.7622804632,600580.3657309673,362550.23195854237,0.0,245611.11582056002,608161.3477791024
94,9801.56422,0.0,0.0,0.0,9801.56422,400.0,361013.603450504,0.0,239566.7622804632,600580.3657309673,362550.23195854237,0.0,245611.11582056002,608161.3477791024
95,9801.56422,0.0,0.0,0.0,9801.56422,400.0,361013.603450504,0.0,239566.7622804632,600580.3657309673,362550.23195854237,0.0,245611.11582056002,608161.3477791024
96,9801.56422,0.0,0.0,0.0,9801.56422,400.0,361013.603450504,0.0,239566.7622804632,600580.3657309673,362550.23195854237,0.0,245611.11582056002,608161.3477791024
97,9801.56422,0.0,0.0,0.0,9801.56422,400.0,361013.603450504,0.0,239566.7622804632,600580.3657309673,362550.23195854237,0.0,245611.11582056002,608161.3477791024
98,9801.56422,0.0,0.0,0.0,9801.56422,400.0,361013.603450504,0.0,239566.7622804632,600580.3657309673,362550.23195854237,0.0,245611.11582056002,608161.3477791024
99,9801.692696,0.0,0.0,0.0,9801.692696,400.0,361013.603450504,0.0,239566.7622804632,600580.3657309673,362550.23195854237,0.0,245611.11582056002,608161.3477791024
100,9801.892888,0.0,0.0,0.0,9801.892888,400.0,361013.603450504,0.0,239566.7622804632,600580.3657309673,362550.23195854237,0.0,245611.11582056002,608161.3477791024
101,9802.09308,0.0,0.0,0.0,9802.09308,400.0,361013.603450504,0.0,239566.7622804632,600580.3657309673,362550.23195854237,0.0,245611.11582056002,608161.3477791024
102,9802.293272,0.000643,0.0,0.0,9802.292629000001,400.0,361013.603450504,0.0,239566.7622804632,600580.3657309673,362550.23195854237,0.0,245611.11582056002,608161.3477791024
103,9802.493464,0.009215,0.0,0.0,9802.484249,400.0,361013.603450504,0.0,239566.7622804632,600580.3657309673,362550.23195854237,0.0,245611.11582056002,608161.3477791024
104,9802.497704,0.017343,548.615366954539,0.0,10351.095727954538,882.781522919994,361013.603450504,0.0,239566.7622804632,600580.3657309673,362550.23195854237,0.0,245611.11582056002,608161.3477791024
105,9802.297512,0.017478999999999998,771.624932852275,0.0,10573.904965852274,1561.81146383,361013.603450504,0.0,239566.7622804632,600580.3657309673,362550.23195854237,0.0,245611.11582056002,608161.3477791024
106,9802.09732,0.029070000000000002,771.836715852274,0.0,10573.904965852274,2241.02777378,361013.603450504,0.0,239566.7622804632,600580.3657309673,362550.23195854237,0.0,245611.11582056002,608161.3477791024
107,9801.897128,0.032269,772.040106852273,0.0,10573.904965852274,2920.42306781,361013.603450504,0.0,239566.7622804632,600580.3657309673,362550.23195854237,0.0,245611.11582056002,608161.3477791024
108,9801.696936,0.038484000000000004,772.246513852275,0.0,10573.904965852274,3600.0,361013.603450504,0.0,239566.7622804632,600580.3657309673,362550.23195854237,0.0,245611.11582056002,608161.3477791024
109,9801.496744,0.034224,0.0,1000.0,8801.46252,2600.0,361013.603450504,0.0,239566.7622804632,600580.3657309673,362550.23195854237,0.0,245611.11582056002,608161.3477791024
110,9801.296552,0.02188,0.0,1000.0,8801.274672,1600.0,361013.603450504,0.0,239566.7622804632,600580.3657309673,362550.23195854237,0.0,245611.11582056002,608161.3477791024
111,9801.096359,0.011898,0.0,1000.0,8801.084460999999,600.0,361013.603450504,0.0,239566.7622804632,600580.3657309673,362550.23195854237,0.0,245611.11582056002,608161.3477791024
112,9800.896167,0.00376,0.0,200.0,9600.892407000001,400.0,361013.603450504,0.0,239566.7622804632,600580.3657309673,362550.23195854237,0.0,245611.11582056002,608161.3477791024
113,9800.695975,0.001822,0.0,0.0,9800.694153,400.0,361013.603450504,0.0,239566.7622804632,600580.3657309673,362550.23195854237,0.0,245611.11582056002,608161.3477791024
114,9800.495783,0.0,0.0,0.0,9800.495783,400.0,361013.603450504,0.0,239566.7622804632,600580.3657309673,362550.23195854237,0.0,245611.11582056002,608161.3477791024
115,9800.295591,0.0,0.0,0.0,9800.295591,400.0,361013.603450504,0.0,239566.7622804632,600580.3657309673,362550.23195854237,0.0,245611.11582056002,608161.3477791024
116,9800.095399,0.0,0.0,0.0,9800.095399,400.0,361013.603450504,0.0,239566.7622804632,600580.3657309673,362550.23195854237,0.0,245611.11582056002,608161.3477791024
117,9799.895207,0.0,0.0,0.0,9799.895207,400.0,361013.603450504,0.0,239566.7622804632,600580.3657309673,362550.23195854237,0.0,245611.11582056002,608161.3477791024
118,9799.695015,0.0,0.0,0.0,9799.695015,400.0,361013.603450504,0.0,239566.7622804632,600580.3657309673,362550.23195854237,0.0,245611.11582056002,608161.3477791024
119,9799.488346,0.0,0.0,0.0,9799.488346,400.0,361013.603450504,0.0,239566.7622804632,600580.3657309673,362550.23195854237,0.0,245611.11582056002,608161.3477791024
120,9799.087962,0.0,0.0,0.0,9799.087962,400.0,361013.603450504,0.0,239566.7622804632,600580.3657309673,362550.23195854237,0.0,245611.11582056002,608161.3477791024
121,9798.687578,0.0,0.0,0.0,9798.687578,400.0,361013.603450504,0.0,239566.7622804632,600580.3657309673,362550.23195854237,0.0,245611.11582056002,608161.3477791024
122,9798.287194,0.0,0.0,0.0,9798.287194,400.0,361013.603450504,0.0,239566.7622804632,600580.3657309673,362550.23195854237,0.0,245611.11582056002,608161.3477791024
123,9797.88681,0.0,0.0,0.0,9797.88681,400.0,361013.603450504,0.0,239566.7622804632,600580.3657309673,362550.23195854237,0.0,245611.11582056002,608161.3477791024
124,9797.486426,0.0,0.0,0.0,9797.486426,400.0,361013.603450504,0.0,239566.7622804632,600580.3657309673,362550.23195854237,0.0,245611.11582056002,608161.3477791024
125,9797.086042,0.0,0.0,0.0,9797.086042,400.0,361013.603450504,0.0,239566.7622804632,600580.3657309673,362550.23195854237,0.0,245611.11582056002,608161.3477791024
126,9796.685658,0.0023889999999999996,0.0,0.0,9796.683269000001,400.0,361013.603450504,0.0,239566.7622804632,600580.3657309673,362550.23195854237,0.0,245611.11582056002,608161.3477791024
127,9796.285274,0.00614,0.0,0.0,9796.279134,400.0,361013.603450504,0.0,239566.7622804632,600580.3657309673,362550.23195854237,0.0,245611.11582056002,608161.3477791024
128,9795.88489,0.015705,520.14501295454,0.0,10316.014197954539,857.727611399995,361013.603450504,0.0,239566.7622804632,600580.3657309673,362550.23195854237,0.0,245611.11582056002,608161.3477791024
129,9795.484505,0.030045000000000002,778.450505852274,0.0,10573.904965852274,1542.76405655,361013.603450504,0.0,239566.7622804632,600580.3657309673,362550.23195854237,0.0,245611.11582056002,608161.3477791024
130,9795.084121,0.033375,778.854219852275,0.0,10573.904965852274,2228.15577002,361013.603450504,0.0,239566.7622804632,600580.3657309673,362550.23195854237,0.0,245611.11582056002,608161.3477791024
131,9794.683737,0.03631,779.257538852275,0.0,10573.904965852274,2913.90240421,361013.603450504,0.0,239566.7622804632,600580.3657309673,362550.23195854237,0.0,245611.11582056002,608161.3477791024
132,9794.283353,0.034746000000000006,779.656358852273,0.0,10573.904965852274,3600.0,361013.603450504,0.0,239566.7622804632,600580.3657309673,362550.23195854237,0.0,245611.11582056002,608161.3477791024
133,9793.882969,0.032092,0.0,1000.0,8793.850877,2600.0,361013.603450504,0.0,239566.7622804632,600580.3657309673,362550.23195854237,0.0,245611.11582056002,608161.3477791024
134,9793.482585,0.027098,0.0,1000.0,8793.455487,1600.0,361013.603450504,0.0,239566.7622804632,600580.3657309673,362550.23195854237,0.0,245611.11582056002,608161.3477791024
135,9793.31254,0.023005,0.0,1000.0,8793.289535000002,600.0,361013.603450504,0.0,239566.7622804632,600580.3657309673,362550.23195854237,0.0,245611.11582056002,608161.3477791024
136,9793.31254,0.011885,0.0,200.0,9593.300655000001,400.0,361013.603450504,0.0,239566.7622804632,600580.3657309673,362550.23195854237,0.0,245611.11582056002,608161.3477791024
137,9793.31254,0.0008309999999999999,0.0,0.0,9793.311709000001,400.0,361013.603450504,0.0,239566.7622804632,600580.3657309673,362550.23195854237,0.0,245611.11582056002,608161.3477791024
138,9793.31254,0.0,0.0,0.0,9793.31254,400.0,361013.603450504,0.0,239566.7622804632,600580.3657309673,362550.23195854237,0.0,245611.11582056002,608161.3477791024
139,9793.31254,0.0,0.0,0.0,9793.31254,400.0,361013.603450504,0.0,239566.7622804632,600580.3657309673,362550.23195854237,0.0,245611.11582056002,608161.3477791024
140,9793.566548,0.0,0.0,0.0,9793.566548,400.0,361013.603450504,0.0,239566.7622804632,600580.3657309673,362550.23195854237,0.0,245611.11582056002,608161.3477791024
141,9794.167124,0.0,0.0,0.0,9794.167124,400.0,361013.603450504,0.0,239566.7622804632,600580.3657309673,362550.23195854237,0.0,245611.11582056002,608161.3477791024
142,9794.7677,0.0,0.0,0.0,9794.7677,400.0,361013.603450504,0.0,239566.7622804632,600580.3657309673,362550.23195854237,0.0,245611.11582056002,608161.3477791024
143,9795.368276,0.0,0.0,0.0,9795.368276,400.0,361013.603450504,0.0,239566.7622804632,600580.3657309673,362550.23195854237,0.0,245611.11582056002,608161.3477791024
144,9795.968852,0.0,0.0,0.0,9795.968852,400.0,361013.603450504,0.0,239566.7622804632,600580.3657309673,362550.23195854237,0.0,245611.11582056002,608161.3477791024
145,9796.677768,0.0,0.0,0.0,9796.677768,400.0,361013.603450504,0.0,239566.7622804632,600580.3657309673,362550.23195854237,0.0,245611.11582056002,608161.3477791024
146,9797.678728,0.0,0.0,0.0,9797.678728,400.0,361013.603450504,0.0,239566.7622804632,600580.3657309673,362550.23195854237,0.0,245611.11582056002,608161.3477791024
147,9798.679688,0.0,0.0,0.0,9798.679688,400.0,361013.603450504,0.0,239566.7622804632,600580.3657309673,362550.23195854237,0.0,245611.11582056002,608161.3477791024
148,9799.680648,0.0,0.0,0.0,9799.680648,400.0,361013.603450504,0.0,239566.7622804632,600580.3657309673,362550.23195854237,0.0,245611.11582056002,608161.3477791024
149,9800.681609,0.0,0.0,0.0,9800.681609,400.0,361013.603450504,0.0,239566.7622804632,600580.3657309673,362550.23195854237,0.0,245611.11582056002,608161.3477791024
150,9801.706239,0.0014399999999999999,0.0,0.0,9801.704799,400.0,361013.603450504,0.0,239566.7622804632,600580.3657309673,362550.23195854237,0.0,245611.11582056002,608161.3477791024
151,9802.907391,0.006793,0.0,0.0,9802.900598,400.0,361013.603450504,0.0,239566.7622804632,600580.3657309673,362550.23195854237,0.0,245611.11582056002,608161.3477791024
152,9804.108543,0.015283,0.0,0.0,9804.09326,400.0,361013.603450504,0.0,239566.7622804632,600580.3657309673,362550.23195854237,0.0,245611.11582056002,608161.3477791024
153,9805.309695,0.01194,0.0,0.0,9805.297755,400.0,361013.603450504,0.0,239566.7622804632,600580.3657309673,362550.23195854237,0.0,245611.11582056002,608161.3477791024
154,9806.510848,0.019486,0.0,0.0,9806.491362,400.0,361013.603450504,0.0,239566.7622804632,600580.3657309673,362550.23195854237,0.0,245611.11582056002,608161.3477791024
155,9807.712,0.025255,0.0,0.0,9807.686744999999,400.0,361013.603450504,0.0,239566.7622804632,600580.3657309673,362550.23195854237,0.0,245611.11582056002,608161.3477791024
156,9808.913152,0.030979,0.0,0.0,9808.882173,400.0,361013.603450504,0.0,239566.7622804632,600580.3657309673,362550.23195854237,0.0,245611.11582056002,608161.3477791024
157,9810.114305,0.027607,0.0,0.0,9810.086698,400.0,361013.603450504,0.0,239566.7622804632,600580.3657309673,362550.23195854237,0.0,245611.11582056002,608161.3477791024
158,9811.315457,0.012966,0.0,0.0,9811.302491,400.0,361013.603450504,0.0,239566.7622804632,600580.3657309673,362550.23195854237,0.0,245611.11582056002,608161.3477791024
159,9812.516609,0.010322,0.0,0.0,9812.506287,400.0,361013.603450504,0.0,239566.7622804632,600580.3657309673,362550.23195854237,0.0,245611.11582056002,608161.3477791024
160,9813.717761,0.005409,0.0,0.0,9813.712352,400.0,361013.603450504,0.0,239566.7622804632,600580.3657309673,362550.23195854237,0.0,245611.11582056002,608161.3477791024
161,9814.918914,0.002173,0.0,0.0,9814.916741,400.0,361013.603450504,0.0,239566.7622804632,600580.3657309673,362550.23195854237,0.0,245611.11582056002,608161.3477791024
162,9816.120066,0.0,0.0,0.0,9816.120066,400.0,361013.603450504,0.0,239566.7622804632,600580.3657309673,362550.23195854237,0.0,245611.11582056002,608161.3477791024
163,9817.321218,0.0,0.0,0.0,9817.321218,400.0,361013.603450504,0.0,239566.7622804632,600580.3657309673,362550.23195854237,0.0,245611.11582056002,608161.3477791024
164,9818.52237,0.0,0.0,0.0,9818.52237,400.0,361013.603450504,0.0,239566.7622804632,600580.3657309673,362550.23195854237,0.0,245611.11582056002,608161.3477791024
165,9819.723523,0.0,0.0,0.0,9819.723523,400.0,361013.603450504,0.0,239566.7622804632,600580.3657309673,362550.23195854237,0.0,245611.11582056002,608161.3477791024
166,9820.924675,0.0,0.0,0.0,9820.924675,400.0,361013.603450504,0.0,239566.7622804632,600580.3657309673,362550.23195854237,0.0,245611.11582056002,608161.3477791024
167,9822.125827,0.0,0.0,0.0,9822.125827,400.0,361013.603450504,0.0,239566.7622804632,600580.3657309673,362550.23195854237,0.0,245611.11582056002,608161.3477791024
168,9823.326979,0.0,0.0,0.0,9823.326979,400.0,361013.603450504,0.0,239566.7622804632,600580.3657309673,362550.23195854237,0.0,245611.11582056002,608161.3477791024
169,9824.528132,0.0,0.0,0.0,9824.528132,400.0,361013.603450504,0.0,239566.7622804632,600580.3657309673,362550.23195854237,0.0,245611.11582056002,608161.3477791024
170,9825.729284,0.0,0.0,0.0,9825.729284,400.0,361013.603450504,0.0,239566.7622804632,600580.3657309673,362550.23195854237,0.0,245611.11582056002,608161.3477791024
171,9827.847198,0.0,0.0,0.0,9827.847198,400.0,361013.603450504,0.0,239566.7622804632,600580.3657309673,362550.23195854237,0.0,245611.11582056002,608161.3477791024
172,9830.850079,0.0,0.0,0.0,9830.850079,400.0,361013.603450504,0.0,239566.7622804632,600580.3657309673,362550.23195854237,0.0,245611.11582056002,608161.3477791024
173,9833.852959,0.0,0.0,0.0,9833.852959,400.0,361013.603450504,0.0,239566.7622804632,600580.3657309673,362550.23195854237,0.0,245611.11582056002,608161.3477791024
174,9836.85584,0.00029099999999999997,0.0,0.0,9836.855549,400.0,361013.603450504,0.0,239566.7622804632,600580.3657309673,362550.23195854237,0.0,245611.11582056002,608161.3477791024
175,9839.858721,0.0011899999999999999,0.0,0.0,9839.857531,400.0,361013.603450504,0.0,239566.7622804632,600580.3657309673,362550.23195854237,0.0,245611.11582056002,608161.3477791024
176,9843.218414,0.004439,0.0,0.0,9843.213975,400.0,361013.603450504,0.0,239566.7622804632,600580.3657309673,362550.23195854237,0.0,245611.11582056002,608161.3477791024
177,9847.222255,0.007439,0.0,0.0,9847.214816,400.0,361013.603450504,0.0,239566.7622804632,600580.3657309673,362550.23195854237,0.0,245611.11582056002,608161.3477791024
178,9851.226096,0.011782,0.0,0.0,9851.214314,400.0,361013.603450504,0.0,239566.7622804632,600580.3657309673,362550.23195854237,0.0,245611.11582056002,608161.3477791024
179,9855.229937,0.01617,0.0,0.0,9855.213767,400.0,361013.603450504,0.0,239566.7622804632,600580.3657309673,362550.23195854237,0.0,245611.11582056002,608161.3477791024
180,9859.233778,0.021244,0.0,0.0,9859.212534,400.0,361013.603450504,0.0,239566.7622804632,600580.3657309673,362550.23195854237,0.0,245611.11582056002,608161.3477791024
181,9863.237619,0.023876,0.0,0.0,9863.213743,400.0,361013.603450504,0.0,239566.7622804632,600580.3657309673,362550.23195854237,0.0,245611.11582056002,608161.3477791024
182,9867.24146,0.019152000000000002,0.0,0.0,9867.222307999999,400.0,361013.603450504,0.0,239566.7622804632,600580.3657309673,362550.23195854237,0.0,245611.11582056002,608161.3477791024
183,9871.2453,0.014444000000000002,0.0,0.0,9871.230856,400.0,361013.603450504,0.0,239566.7622804632,600580.3657309673,362550.23195854237,0.0,245611.11582056002,608161.3477791024
184,9875.249141,0.006881,0.0,0.0,9875.24226,400.0,361013.603450504,0.0,239566.7622804632,600580.3657309673,362550.23195854237,0.0,245611.11582056002,608161.3477791024
185,9879.252982,0.0027400000000000002,0.0,0.0,9879.250242,400.0,361013.603450504,0.0,239566.7622804632,600580.3657309673,362550.23195854237,0.0,245611.11582056002,608161.3477791024
186,9883.225735,0.000144,0.0,0.0,9883.225591,400.0,361013.603450504,0.0,239566.7622804632,600580.3657309673,362550.23195854237,0.0,245611.11582056002,608161.3477791024
187,9886.628999,0.0,0.0,0.0,9886.628999,400.0,361013.603450504,0.0,239566.7622804632,600580.3657309673,362550.23195854237,0.0,245611.11582056002,608161.3477791024
188,9890.032264,0.0,0.0,0.0,9890.032264,400.0,361013.603450504,0.0,239566.7622804632,600580.3657309673,362550.23195854237,0.0,245611.11582056002,608161.3477791024
189,9893.435529,0.0,0.0,0.0,9893.435529,400.0,361013.603450504,0.0,239566.7622804632,600580.3657309673,362550.23195854237,0.0,245611.11582056002,608161.3477791024
190,9896.838794,0.0,0.0,0.0,9896.838794,400.0,361013.603450504,0.0,239566.7622804632,600580.3657309673,362550.23195854237,0.0,245611.11582056002,608161.3477791024
191,9900.242058,0.0,0.0,0.0,9900.242058,400.0,361013.603450504,0.0,239566.7622804632,600580.3657309673,362550.23195854237,0.0,245611.11582056002,608161.3477791024
192,9902.925103,0.0,0.0,0.0,9902.925103,400.0,361013.603450504,0.0,239566.7622804632,600580.3657309673,362550.23195854237,0.0,245611.11582056002,608161.3477791024
193,9905.527599,0.0,0.0,0.0,9905.527599,400.0,361013.603450504,0.0,239566.7622804632,600580.3657309673,362550.23195854237,0.0,245611.11582056002,608161.3477791024
194,9908.130096,0.0,0.0,0.0,9908.130096,400.0,361013.603450504,0.0,239566.7622804632,600580.3657309673,362550.23195854237,0.0,245611.11582056002,608161.3477791024
195,9910.732592,0.0,0.0,0.0,9910.732592,400.0,361013.603450504,0.0,239566.7622804632,600580.3657309673,362550.23195854237,0.0,245611.11582056002,608161.3477791024
196,9913.335089,0.0,0.0,0.0,9913.335089,400.0,361013.603450504,0.0,239566.7622804632,600580.3657309673,362550.23195854237,0.0,245611.11582056002,608161.3477791024
197,9916.087141,0.0,0.0,0.0,9916.087141,400.0,361013.603450504,0.0,239566.7622804632,600580.3657309673,362550.23195854237,0.0,245611.11582056002,608161.3477791024
198,9918.889829,0.002047,0.0,0.0,9918.887782,400.0,361013.603450504,0.0,239566.7622804632,600580.3657309673,362550.23195854237,0.0,245611.11582056002,608161.3477791024
199,9921.692518,0.010909,413.349340102253,0.0,10335.030949102253,763.747419289983,361013.603450504,0.0,239566.7622804632,600580.3657309673,362550.23195854237,0.0,245611.11582056002,608161.3477791024
200,9924.495207,0.021607,649.431365852275,0.0,10573.904965852274,1335.24702123998,361013.603450504,0.0,239566.7622804632,600580.3657309673,362550.23195854237,0.0,245611.11582056002,608161.3477791024
201,9927.297895,0.029105000000000002,646.636175852274,0.0,10573.904965852274,1904.28685598999,361013.603450504,0.0,239566.7622804632,600580.3657309673,362550.23195854237,0.0,245611.11582056002,608161.3477791024
202,9929.624362,0.03497,644.315573852275,0.0,10573.904965852274,2471.28456097999,361013.603450504,0.0,239566.7622804632,600580.3657309673,362550.23195854237,0.0,245611.11582056002,608161.3477791024
203,9931.626283,0.037474,642.316156852276,0.0,10573.904965852274,3036.52277900999,361013.603450504,0.0,239566.7622804632,600580.3657309673,362550.23195854237,0.0,245611.11582056002,608161.3477791024
204,9933.628203,0.038261,640.315023852274,0.0,10573.904965852274,3600.0,361013.603450504,0.0,239566.7622804632,600580.3657309673,362550.23195854237,0.0,245611.11582056002,608161.3477791024
205,9935.630124,0.035796999999999995,0.0,1000.0,8935.594326999999,2600.0,361013.603450504,0.0,239566.7622804632,600580.3657309673,362550.23195854237,0.0,245611.11582056002,608161.3477791024
206,9937.632044,0.031304,0.0,1000.0,8937.60074,1600.0,361013.603450504,0.0,239566.7622804632,600580.3657309673,362550.23195854237,0.0,245611.11582056002,608161.3477791024
207,9939.899631,0.023041000000000002,0.0,1000.0,8939.87659,600.0,361013.603450504,0.0,239566.7622804632,600580.3657309673,362550.23195854237,0.0,245611.11582056002,608161.3477791024
208,9942.502128,0.009876,0.0,197.115390999998,9745.376861000002,402.884609000002,361013.603450504,0.0,239566.7622804632,600580.3657309673,362550.23195854237,0.0,245611.11582056002,608161.3477791024
209,9945.104624,0.0033650000000000004,0.0,0.0,9945.101259,402.884609000002,361013.603450504,0.0,239566.7622804632,600580.3657309673,362550.23195854237,0.0,245611.11582056002,608161.3477791024
210,9947.707121,0.0,0.0,0.0,9947.707121,402.884609000002,361013.603450504,0.0,239566.7622804632,600580.3657309673,362550.23195854237,0.0,245611.11582056002,608161.3477791024
211,9950.309618,0.0,0.0,0.141056500000559,9950.168561499999,402.743552500002,361013.603450504,0.0,239566.7622804632,600580.3657309673,362550.23195854237,0.0,245611.11582056002,608161.3477791024
212,9952.912114,0.0,0.0,2.7435525000019,9950.168561499999,400.0,361013.603450504,0.0,239566.7622804632,600580.3657309673,362550.23195854237,0.0,245611.11582056002,608161.3477791024
213,9955.514611,0.0,0.0,0.0,9955.514611,400.0,361013.603450504,0.0,239566.7622804632,600580.3657309673,362550.23195854237,0.0,245611.11582056002,608161.3477791024
214,9958.117107,0.0,0.0,0.0,9958.117107,400.0,361013.603450504,0.0,239566.7622804632,600580.3657309673,362550.23195854237,0.0,245611.11582056002,608161.3477791024
215,9960.719604,0.0,0.0,0.0,9960.719604,400.0,361013.603450504,0.0,239566.7622804632,600580.3657309673,362550.23195854237,0.0,245611.11582056002,608161.3477791024
216,9963.3221,0.0,0.0,0.0,9963.3221,400.0,361013.603450504,0.0,239566.7622804632,600580.3657309673,362550.23195854237,0.0,245611.11582056002,608161.3477791024
217,9965.952153,0.0,0.0,0.0,9965.952153,400.0,361013.603450504,0.0,239566.7622804632,600580.3657309673,362550.23195854237,0.0,245611.11582056002,608161.3477791024
218,9968.754841,0.0,0.0,0.0,9968.754841,400.0,361013.603450504,0.0,239566.7622804632,600580.3657309673,362550.23195854237,0.0,245611.11582056002,608161.3477791024
219,9971.55753,0.0,0.0,0.0,9971.55753,400.0,361013.603450504,0.0,239566.7622804632,600580.3657309673,362550.23195854237,0.0,245611.11582056002,608161.3477791024
220,9974.360219,0.0,0.0,0.0,9974.360219,400.0,361013.603450504,0.0,239566.7622804632,600580.3657309673,362550.23195854237,0.0,245611.11582056002,608161.3477791024
221,9977.162907,0.0,0.0,0.0,9977.162907,400.0,361013.603450504,0.0,239566.7622804632,600580.3657309673,362550.23195854237,0.0,245611.11582056002,608161.3477791024
222,9979.965596,0.003206,123.880154249987,0.0,10103.842544249988,509.014535739989,361013.603450504,0.0,239566.7622804632,600580.3657309673,362550.23195854237,0.0,245611.11582056002,608161.3477791024
223,9982.373789,0.005771,591.536947852275,0.0,10573.904965852274,1029.56704984999,361013.603450504,0.0,239566.7622804632,600580.3657309673,362550.23195854237,0.0,245611.11582056002,608161.3477791024
224,9984.776093,0.018298,589.147170852275,0.0,10573.904965852274,1548.01656019999,361013.603450504,0.0,239566.7622804632,600580.3657309673,362550.23195854237,0.0,245611.11582056002,608161.3477791024
225,9987.178398,0.03063,586.757197852274,0.0,10573.904965852274,2064.36289430999,361013.603450504,0.0,239566.7622804632,600580.3657309673,362550.23195854237,0.0,245611.11582056002,608161.3477791024
226,9989.580702,0.035338,584.359601852275,0.0,10573.904965852274,2578.59934394,361013.603450504,0.0,239566.7622804632,600580.3657309673,362550.23195854237,0.0,245611.11582056002,608161.3477791024
227,9991.983007,0.037552999999999996,581.959511852274,0.0,10573.904965852274,3090.72371437,361013.603450504,0.0,239566.7622804632,600580.3657309673,362550.23195854237,0.0,245611.11582056002,608161.3477791024
228,9995.219052,0.037138,578.723051852274,0.0,10573.904965852274,3600.0,361013.603450504,0.0,239566.7622804632,600580.3657309673,362550.23195854237,0.0,245611.11582056002,608161.3477791024
229,9998.622317,0.03529,0.0,1000.0,8998.587027,2600.0,361013.603450504,0.0,239566.7622804632,600580.3657309673,362550.23195854237,0.0,245611.11582056002,608161.3477791024
230,10002.02558,0.02606,0.0,1000.0,9001.99952,1600.0,361013.603450504,0.0,239566.7622804632,600580.3657309673,362550.23195854237,0.0,245611.11582056002,608161.3477791024
231,10005.42885,0.017497,0.0,860.435305499994,9144.976047500006,739.564694500006,361013.603450504,0.0,239566.7622804632,600580.3657309673,362550.23195854237,0.0,245611.11582056002,608161.3477791024
232,10008.83211,0.006526,0.0,58.6570225000014,9950.168561499999,680.907672000005,361013.603450504,0.0,239566.7622804632,600580.3657309673,362550.23195854237,0.0,245611.11582056002,608161.3477791024
233,10013.18911,0.0020080000000000002,0.0,63.0185405000011,9950.168561499999,617.889131500004,361013.603450504,0.0,239566.7622804632,600580.3657309673,362550.23195854237,0.0,245611.11582056002,608161.3477791024
234,10017.99372,0.000174,0.0,67.8249845000009,9950.168561499999,550.064147000003,361013.603450504,0.0,239566.7622804632,600580.3657309673,362550.23195854237,0.0,245611.11582056002,608161.3477791024
235,10022.79833,0.0,0.0,72.6297685000009,9950.168561499999,477.434378500002,361013.603450504,0.0,239566.7622804632,600580.3657309673,362550.23195854237,0.0,245611.11582056002,608161.3477791024
236,10027.60294,0.0,0.0,77.4343785000019,9950.168561499999,400.0,361013.603450504,0.0,239566.7622804632,600580.3657309673,362550.23195854237,0.0,245611.11582056002,608161.3477791024
237,10032.40755,0.0,0.0,0.0,10032.40755,400.0,361013.603450504,0.0,239566.7622804632,600580.3657309673,362550.23195854237,0.0,245611.11582056002,608161.3477791024
238,10037.10641,0.0,0.0,0.0,10037.10641,400.0,361013.603450504,0.0,239566.7622804632,600580.3657309673,362550.23195854237,0.0,245611.11582056002,608161.3477791024
239,10041.71083,0.0,0.0,0.0,10041.71083,400.0,361013.603450504,0.0,239566.7622804632,600580.3657309673,362550.23195854237,0.0,245611.11582056002,608161.3477791024
240,10046.31525,0.0,0.0,0.0,10046.31525,400.0,361013.603450504,0.0,239566.7622804632,600580.3657309673,362550.23195854237,0.0,245611.11582056002,608161.3477791024
241,10050.91966,0.0,0.0,0.0,10050.91966,400.0,361013.603450504,0.0,239566.7622804632,600580.3657309673,362550.23195854237,0.0,245611.11582056002,608161.3477791024
242,10055.52408,0.0,0.0,0.0,10055.52408,400.0,361013.603450504,0.0,239566.7622804632,600580.3657309673,362550.23195854237,0.0,245611.11582056002,608161.3477791024
243,10060.27899,0.0,0.0,0.0,10060.27899,400.0,361013.603450504,0.0,239566.7622804632,600580.3657309673,362550.23195854237,0.0,245611.11582056002,608161.3477791024
244,10065.28379,0.0,0.0,0.0,10065.28379,400.0,361013.603450504,0.0,239566.7622804632,600580.3657309673,362550.23195854237,0.0,245611.11582056002,608161.3477791024
245,10070.2886,0.0,259.9084453977,0.0,10330.1970453977,628.719431949976,361013.603450504,0.0,239566.7622804632,600580.3657309673,362550.23195854237,0.0,245611.11582056002,608161.3477791024
246,10075.2934,0.0026680000000000002,498.614233852273,0.0,10573.904965852274,1067.49995773998,361013.603450504,0.0,239566.7622804632,600580.3657309673,362550.23195854237,0.0,245611.11582056002,608161.3477791024
247,10080.2982,0.011446999999999999,493.618212852276,0.0,10573.904965852274,1501.88398504998,361013.603450504,0.0,239566.7622804632,600580.3657309673,362550.23195854237,0.0,245611.11582056002,608161.3477791024
248,10085.48199,0.023291,488.446266852274,0.0,10573.904965852274,1931.71669987998,361013.603450504,0.0,239566.7622804632,600580.3657309673,362550.23195854237,0.0,245611.11582056002,608161.3477791024
249,10091.28756,0.030083,482.647488852273,0.0,10573.904965852274,2356.44649006998,361013.603450504,0.0,239566.7622804632,600580.3657309673,362550.23195854237,0.0,245611.11582056002,608161.3477791024
250,10097.09313,0.035691,476.847526852274,0.0,10573.904965852274,2776.07231369998,361013.603450504,0.0,239566.7622804632,600580.3657309673,362550.23195854237,0.0,245611.11582056002,608161.3477791024
251,10102.8987,0.036851,471.043116852275,0.0,10573.904965852274,3190.59025652998,361013.603450504,0.0,239566.7622804632,600580.3657309673,362550.23195854237,0.0,245611.11582056002,608161.3477791024
252,10108.70427,0.037649,465.238344852274,0.0,10573.904965852274,3600.0,361013.603450504,0.0,239566.7622804632,600580.3657309673,362550.23195854237,0.0,245611.11582056002,608161.3477791024
253,10114.28186,0.032323000000000005,0.0,1000.0,9114.249537,2600.0,361013.603450504,0.0,239566.7622804632,600580.3657309673,362550.23195854237,0.0,245611.11582056002,608161.3477791024
254,10116.88435,0.028478000000000003,0.0,1000.0,9116.855872,1600.0,361013.603450504,0.0,239566.7622804632,600580.3657309673,362550.23195854237,0.0,245611.11582056002,608161.3477791024
255,10119.48685,0.022318,0.0,312.674827499994,9806.789704500006,1287.32517250001,361013.603450504,0.0,239566.7622804632,600580.3657309673,362550.23195854237,0.0,245611.11582056002,608161.3477791024
256,10122.08935,0.005621,0.0,171.915167500001,9950.168561499999,1115.41000500001,361013.603450504,0.0,239566.7622804632,600580.3657309673,362550.23195854237,0.0,245611.11582056002,608161.3477791024
257,10124.69184,0.002186,0.0,174.521092500001,9950.168561499999,940.888912500004,361013.603450504,0.0,239566.7622804632,600580.3657309673,362550.23195854237,0.0,245611.11582056002,608161.3477791024
258,10127.29434,0.000133,0.0,177.125645500002,9950.168561499999,763.763267000002,361013.603450504,0.0,239566.7622804632,600580.3657309673,362550.23195854237,0.0,245611.11582056002,608161.3477791024
259,10130.44866,0.0,0.0,180.280098500001,9950.168561499999,583.483168500001,361013.603450504,0.0,239566.7622804632,600580.3657309673,362550.23195854237,0.0,245611.11582056002,608161.3477791024
260,10133.65173,0.0,0.0,183.483168500001,9950.168561499999,400.0,361013.603450504,0.0,239566.7622804632,600580.3657309673,362550.23195854237,0.0,245611.11582056002,608161.3477791024
261,10136.85481,0.0,0.0,0.0,10136.85481,400.0,361013.603450504,0.0,239566.7622804632,600580.3657309673,362550.23195854237,0.0,245611.11582056002,608161.3477791024
262,10140.05788,0.0,0.0,0.0,10140.05788,400.0,361013.603450504,0.0,239566.7622804632,600580.3657309673,362550.23195854237,0.0,245611.11582056002,608161.3477791024
263,10143.26095,0.0,0.0,0.0,10143.26095,400.0,361013.603450504,0.0,239566.7622804632,600580.3657309673,362550.23195854237,0.0,245611.11582056002,608161.3477791024
264,10146.46402,0.0,0.0,0.0,10146.46402,400.0,361013.603450504,0.0,239566.7622804632,600580.3657309673,362550.23195854237,0.0,245611.11582056002,608161.3477791024
265,10149.6671,0.0,0.0,0.0,10149.6671,400.0,361013.603450504,0.0,239566.7622804632,600580.3657309673,362550.23195854237,0.0,245611.11582056002,608161.3477791024
266,10152.87017,0.0,0.0,0.0,10152.87017,400.0,361013.603450504,0.0,239566.7622804632,600580.3657309673,362550.23195854237,0.0,245611.11582056002,608161.3477791024
267,10156.07324,0.0,0.0,0.0,10156.07324,400.0,361013.603450504,0.0,239566.7622804632,600580.3657309673,362550.23195854237,0.0,245611.11582056002,608161.3477791024
268,10159.27631,0.0,409.869212545438,0.0,10569.145522545437,760.684907039986,361013.603450504,0.0,239566.7622804632,600580.3657309673,362550.23195854237,0.0,245611.11582056002,608161.3477791024
269,10161.98762,0.0,411.91734585226,0.0,10573.90496585226,1123.17217138997,361013.603450504,0.0,239566.7622804632,600580.3657309673,362550.23195854237,0.0,245611.11582056002,608161.3477791024
270,10164.38993,0.002297,409.517332852276,0.0,10573.904965852274,1483.54742429998,361013.603450504,0.0,239566.7622804632,600580.3657309673,362550.23195854237,0.0,245611.11582056002,608161.3477791024
271,10166.79223,0.011972,407.124707852276,0.0,10573.904965852274,1841.81716720998,361013.603450504,0.0,239566.7622804632,600580.3657309673,362550.23195854237,0.0,245611.11582056002,608161.3477791024
272,10169.19454,0.0212,404.731625852273,0.0,10573.904965852274,2197.98099795998,361013.603450504,0.0,239566.7622804632,600580.3657309673,362550.23195854237,0.0,245611.11582056002,608161.3477791024
273,10171.59684,0.029988,402.338113852275,0.0,10573.904965852274,2552.03853814998,361013.603450504,0.0,239566.7622804632,600580.3657309673,362550.23195854237,0.0,245611.11582056002,608161.3477791024
274,10174.18403,0.034718000000000006,399.755653852275,0.0,10573.904965852274,2903.82351353998,361013.603450504,0.0,239566.7622804632,600580.3657309673,362550.23195854237,0.0,245611.11582056002,608161.3477791024
275,10176.98672,0.037785,396.956030852274,0.0,10573.904965852274,3253.14482068998,361013.603450504,0.0,239566.7622804632,600580.3657309673,362550.23195854237,0.0,245611.11582056002,608161.3477791024
276,10179.7894,0.038047,394.153612852275,0.0,10573.904965852274,3600.0,361013.603450504,0.0,239566.7622804632,600580.3657309673,362550.23195854237,0.0,245611.11582056002,608161.3477791024
277,10182.59209,0.034673,0.0,1000.0,9182.557417,2599.99999999998,361013.603450504,0.0,239566.7622804632,600580.3657309673,362550.23195854237,0.0,245611.11582056002,608161.3477791024
278,10185.39478,0.030215,0.0,736.504705999972,9448.859859000027,1863.49529400001,361013.603450504,0.0,239566.7622804632,600580.3657309673,362550.23195854237,0.0,245611.11582056002,608161.3477791024
279,10188.07359,0.01771,0.0,237.887318500001,9950.168561499999,1625.6079755,361013.603450504,0.0,239566.7622804632,600580.3657309673,362550.23195854237,0.0,245611.11582056002,608161.3477791024
280,10190.47589,0.011719,0.0,240.295609500001,9950.168561499999,1385.312366,361013.603450504,0.0,239566.7622804632,600580.3657309673,362550.23195854237,0.0,245611.11582056002,608161.3477791024
281,10192.8782,0.002888,0.0,242.7067505,9950.168561499999,1142.6056155,361013.603450504,0.0,239566.7622804632,600580.3657309673,362550.23195854237,0.0,245611.11582056002,608161.3477791024
282,10195.2805,0.0,0.0,245.111938500002,9950.168561499999,897.493677000002,361013.603450504,0.0,239566.7622804632,600580.3657309673,362550.23195854237,0.0,245611.11582056002,608161.3477791024
283,10197.68281,0.0,0.0,247.514248500001,9950.168561499999,649.979428500001,361013.603450504,0.0,239566.7622804632,600580.3657309673,362550.23195854237,0.0,245611.11582056002,608161.3477791024
284,10200.14799,0.0,0.0,249.979428500001,9950.168561499999,400.0,361013.603450504,0.0,239566.7622804632,600580.3657309673,362550.23195854237,0.0,245611.11582056002,608161.3477791024
285,10202.95068,0.0,0.0,0.0,10202.95068,400.0,361013.603450504,0.0,239566.7622804632,600580.3657309673,362550.23195854237,0.0,245611.11582056002,608161.3477791024
286,10205.75337,0.0,0.0,0.0,10205.75337,400.0,361013.603450504,0.0,239566.7622804632,600580.3657309673,362550.23195854237,0.0,245611.11582056002,608161.3477791024
287,10208.55606,0.0,0.0,0.0,10208.55606,400.0,361013.603450504,0.0,239566.7622804632,600580.3657309673,362550.23195854237,0.0,245611.11582056002,608161.3477791024
288,10211.35875,0.0,0.0,0.0,10211.35875,400.0,361013.603450504,0.0,239566.7622804632,600580.3657309673,362550.23195854237,0.0,245611.11582056002,608161.3477791024
289,10214.15955,0.0,0.0,0.0,10214.15955,400.0,361013.603450504,0.0,239566.7622804632,600580.3657309673,362550.23195854237,0.0,245611.11582056002,608161.3477791024
290,10216.56186,0.0,187.10474084091,0.0,10403.66660084091,564.652171940001,361013.603450504,0.0,239566.7622804632,600580.3657309673,362550.23195854237,0.0,245611.11582056002,608161.3477791024
291,10218.96416,0.0,354.940805852275,0.0,10573.904965852274,877.000081090003,361013.603450504,0.0,239566.7622804632,600580.3657309673,362550.23195854237,0.0,245611.11582056002,608161.3477791024
292,10221.36647,0.0,352.538495852274,0.0,10573.904965852274,1187.23395744,361013.603450504,0.0,239566.7622804632,600580.3657309673,362550.23195854237,0.0,245611.11582056002,608161.3477791024
293,10223.76877,0.0,350.136195852258,0.0,10573.904965852258,1495.35380978999,361013.603450504,0.0,239566.7622804632,600580.3657309673,362550.23195854237,0.0,245611.11582056002,608161.3477791024
294,10226.17108,0.002455,347.736340852274,0.0,10573.904965852274,1801.36178973999,361013.603450504,0.0,239566.7622804632,600580.3657309673,362550.23195854237,0.0,245611.11582056002,608161.3477791024
295,10228.23211,0.012638,345.685493852274,0.0,10573.904965852274,2105.56502432999,361013.603450504,0.0,239566.7622804632,600580.3657309673,362550.23195854237,0.0,245611.11582056002,608161.3477791024
296,10230.23403,0.021716000000000003,343.692651852274,0.0,10573.904965852274,2408.01455795999,361013.603450504,0.0,239566.7622804632,600580.3657309673,362550.23195854237,0.0,245611.11582056002,608161.3477791024
297,10232.23595,0.03036,341.699375852275,0.0,10573.904965852274,2708.71000871,361013.603450504,0.0,239566.7622804632,600580.3657309673,362550.23195854237,0.0,245611.11582056002,608161.3477791024
298,10234.23787,0.034645,339.701740852273,0.0,10573.904965852274,3007.64754066,361013.603450504,0.0,239566.7622804632,600580.3657309673,362550.23195854237,0.0,245611.11582056002,608161.3477791024
299,10236.23979,0.037966,337.703141852275,0.0,10573.904965852274,3304.82630549,361013.603450504,0.0,239566.7622804632,600580.3657309673,362550.23195854237,0.0,245611.11582056002,608161.3477791024
300,10238.52198,0.041667,335.424652852274,0.0,10573.904965852274,3600.0,361013.603450504,0.0,239566.7622804632,600580.3657309673,362550.23195854237,0.0,245611.11582056002,608161.3477791024
301,10240.92429,0.03347,0.0,1000.0,9240.89082,2600.0,361013.603450504,0.0,239566.7622804632,600580.3657309673,362550.23195854237,0.0,245611.11582056002,608161.3477791024
302,10243.32659,0.032756,0.0,387.360854999994,9855.932979000007,2212.63914500001,361013.603450504,0.0,239566.7622804632,600580.3657309673,362550.23195854237,0.0,245611.11582056002,608161.3477791024
303,10245.7289,0.021407,0.0,295.538931500001,9950.168561499999,1917.10021350001,361013.603450504,0.0,239566.7622804632,600580.3657309673,362550.23195854237,0.0,245611.11582056002,608161.3477791024
304,10248.1312,0.012762,0.0,297.949876500001,9950.168561499999,1619.150337,361013.603450504,0.0,239566.7622804632,600580.3657309673,362550.23195854237,0.0,245611.11582056002,608161.3477791024
305,10250.75277,0.002584,0.0,300.581624500001,9950.168561499999,1318.5687125,361013.603450504,0.0,239566.7622804632,600580.3657309673,362550.23195854237,0.0,245611.11582056002,608161.3477791024
306,10253.55546,5.3e-05,0.0,303.386845500001,9950.168561499999,1015.181867,361013.603450504,0.0,239566.7622804632,600580.3657309673,362550.23195854237,0.0,245611.11582056002,608161.3477791024
307,10256.35815,0.0,0.0,306.189588500001,9950.168561499999,708.992278500002,361013.603450504,0.0,239566.7622804632,600580.3657309673,362550.23195854237,0.0,245611.11582056002,608161.3477791024
308,10259.16084,0.0,0.0,308.992278500002,9950.168561499999,400.0,361013.603450504,0.0,239566.7622804632,600580.3657309673,362550.23195854237,0.0,245611.11582056002,608161.3477791024
309,10261.96353,0.0,0.0,0.0,10261.96353,400.0,361013.603450504,0.0,239566.7622804632,600580.3657309673,362550.23195854237,0.0,245611.11582056002,608161.3477791024
310,10264.60795,0.0,0.0,0.0,10264.60795,400.0,361013.603450504,0.0,239566.7622804632,600580.3657309673,362550.23195854237,0.0,245611.11582056002,608161.3477791024
311,10267.01025,0.0,0.0,0.0,10267.01025,400.0,361013.603450504,0.0,239566.7622804632,600580.3657309673,362550.23195854237,0.0,245611.11582056002,608161.3477791024
312,10269.41256,0.0,0.0,0.0,10269.41256,400.0,361013.603450504,0.0,239566.7622804632,600580.3657309673,362550.23195854237,0.0,245611.11582056002,608161.3477791024
313,10271.81486,0.0,0.0,0.0,10271.81486,400.0,361013.603450504,0.0,239566.7622804632,600580.3657309673,362550.23195854237,0.0,245611.11582056002,608161.3477791024
314,10274.21717,0.0,0.0,0.0,10274.21717,400.0,361013.603450504,0.0,239566.7622804632,600580.3657309673,362550.23195854237,0.0,245611.11582056002,608161.3477791024
315,10276.57084,0.0,0.0,0.0,10276.57084,400.0,361013.603450504,0.0,239566.7622804632,600580.3657309673,362550.23195854237,0.0,245611.11582056002,608161.3477791024
316,10278.77295,0.0,0.0,0.0,10278.77295,400.0,361013.603450504,0.0,239566.7622804632,600580.3657309673,362550.23195854237,0.0,245611.11582056002,608161.3477791024
317,10280.97506,0.0,0.0,0.0,10280.97506,400.0,361013.603450504,0.0,239566.7622804632,600580.3657309673,362550.23195854237,0.0,245611.11582056002,608161.3477791024
318,10283.17717,0.0024649999999999997,0.0,0.0,10283.174705000001,400.0,361013.603450504,0.0,239566.7622804632,600580.3657309673,362550.23195854237,0.0,245611.11582056002,608161.3477791024
319,10285.37929,0.012785000000000001,0.0,0.0,10285.366505,400.0,361013.603450504,0.0,239566.7622804632,600580.3657309673,362550.23195854237,0.0,245611.11582056002,608161.3477791024
320,10287.5814,0.022974,0.0,0.0,10287.558426,400.0,361013.603450504,0.0,239566.7622804632,600580.3657309673,362550.23195854237,0.0,245611.11582056002,608161.3477791024
321,10289.78351,0.030772,0.0,0.0,10289.752738,400.0,361013.603450504,0.0,239566.7622804632,600580.3657309673,362550.23195854237,0.0,245611.11582056002,608161.3477791024
322,10291.98562,0.035076,0.0,0.0,10291.950544,400.0,361013.603450504,0.0,239566.7622804632,600580.3657309673,362550.23195854237,0.0,245611.11582056002,608161.3477791024
323,10294.18774,0.036761,0.0,0.0,10294.150979,400.0,361013.603450504,0.0,239566.7622804632,600580.3657309673,362550.23195854237,0.0,245611.11582056002,608161.3477791024
324,10296.38985,0.038262000000000004,0.0,0.0,10296.351588,400.0,361013.603450504,0.0,239566.7622804632,600580.3657309673,362550.23195854237,0.0,245611.11582056002,608161.3477791024
325,10298.59196,0.034251,0.0,0.0,10298.557709,400.0,361013.603450504,0.0,239566.7622804632,600580.3657309673,362550.23195854237,0.0,245611.11582056002,608161.3477791024
326,10300.23059,0.027960000000000002,0.0,0.0,10300.20263,400.0,361013.603450504,0.0,239566.7622804632,600580.3657309673,362550.23195854237,0.0,245611.11582056002,608161.3477791024
327,10301.83213,0.010846999999999999,0.0,0.0,10301.821283000001,400.0,361013.603450504,0.0,239566.7622804632,600580.3657309673,362550.23195854237,0.0,245611.11582056002,608161.3477791024
328,10303.43366,0.009167,0.0,0.0,10303.424493,400.0,361013.603450504,0.0,239566.7622804632,600580.3657309673,362550.23195854237,0.0,245611.11582056002,608161.3477791024
329,10305.0352,0.001425,0.0,0.0,10305.033775,400.0,361013.603450504,0.0,239566.7622804632,600580.3657309673,362550.23195854237,0.0,245611.11582056002,608161.3477791024
330,10306.63674,0.0,0.0,0.0,10306.63674,400.0,361013.603450504,0.0,239566.7622804632,600580.3657309673,362550.23195854237,0.0,245611.11582056002,608161.3477791024
331,10307.76629,0.0,0.0,0.0,10307.76629,400.0,361013.603450504,0.0,239566.7622804632,600580.3657309673,362550.23195854237,0.0,245611.11582056002,608161.3477791024
332,10308.76725,0.0,0.0,0.0,10308.76725,400.0,361013.603450504,0.0,239566.7622804632,600580.3657309673,362550.23195854237,0.0,245611.11582056002,608161.3477791024
333,10309.76821,0.0,0.0,0.0,10309.76821,400.0,361013.603450504,0.0,239566.7622804632,600580.3657309673,362550.23195854237,0.0,245611.11582056002,608161.3477791024
334,10310.76917,0.0,0.0,0.0,10310.76917,400.0,361013.603450504,0.0,239566.7622804632,600580.3657309673,362550.23195854237,0.0,245611.11582056002,608161.3477791024
335,10311.77013,0.0,0.0,0.0,10311.77013,400.0,361013.603450504,0.0,239566.7622804632,600580.3657309673,362550.23195854237,0.0,245611.11582056002,608161.3477791024
336,10312.89792,0.0,0.0,0.0,10312.89792,400.0,361013.603450504,0.0,239566.7622804632,600580.3657309673,362550.23195854237,0.0,245611.11582056002,608161.3477791024
337,10314.09907,0.0,0.0,0.0,10314.09907,400.0,361013.603450504,0.0,239566.7622804632,600580.3657309673,362550.23195854237,0.0,245611.11582056002,608161.3477791024
338,10315.30022,0.0,0.0,0.0,10315.30022,400.0,361013.603450504,0.0,239566.7622804632,600580.3657309673,362550.23195854237,0.0,245611.11582056002,608161.3477791024
339,10316.50138,0.0,0.0,0.0,10316.50138,400.0,361013.603450504,0.0,239566.7622804632,600580.3657309673,362550.23195854237,0.0,245611.11582056002,608161.3477791024
340,10317.70253,0.0,0.0,0.0,10317.70253,400.0,361013.603450504,0.0,239566.7622804632,600580.3657309673,362550.23195854237,0.0,245611.11582056002,608161.3477791024
341,10318.90368,0.0,0.0,0.0,10318.90368,400.0,361013.603450504,0.0,239566.7622804632,600580.3657309673,362550.23195854237,0.0,245611.11582056002,608161.3477791024
342,10320.10483,0.002585,0.0,0.0,10320.102245,400.0,361013.603450504,0.0,239566.7622804632,600580.3657309673,362550.23195854237,0.0,245611.11582056002,608161.3477791024
343,10321.30599,0.009263,0.0,0.0,10321.296727,400.0,361013.603450504,0.0,239566.7622804632,600580.3657309673,362550.23195854237,0.0,245611.11582056002,608161.3477791024
344,10322.50714,0.02299,0.0,0.0,10322.48415,400.0,361013.603450504,0.0,239566.7622804632,600580.3657309673,362550.23195854237,0.0,245611.11582056002,608161.3477791024
345,10323.70829,0.028947,0.0,0.0,10323.679343,400.0,361013.603450504,0.0,239566.7622804632,600580.3657309673,362550.23195854237,0.0,245611.11582056002,608161.3477791024
346,10324.97527,0.029987,0.0,0.0,10324.945283000001,400.0,361013.603450504,0.0,239566.7622804632,600580.3657309673,362550.23195854237,0.0,245611.11582056002,608161.3477791024
347,10326.37661,0.037615,0.0,0.0,10326.338995,400.0,361013.603450504,0.0,239566.7622804632,600580.3657309673,362550.23195854237,0.0,245611.11582056002,608161.3477791024
348,10327.77796,0.035373,0.0,0.0,10327.742586999999,400.0,361013.603450504,0.0,239566.7622804632,600580.3657309673,362550.23195854237,0.0,245611.11582056002,608161.3477791024
349,10329.1793,0.035035,0.0,0.0,10329.144264999999,400.0,361013.603450504,0.0,239566.7622804632,600580.3657309673,362550.23195854237,0.0,245611.11582056002,608161.3477791024
350,10330.58065,0.025733000000000002,0.0,0.0,10330.554917,400.0,361013.603450504,0.0,239566.7622804632,600580.3657309673,362550.23195854237,0.0,245611.11582056002,608161.3477791024
351,10331.84068,0.019361999999999997,0.0,0.0,10331.821318,400.0,361013.603450504,0.0,239566.7622804632,600580.3657309673,362550.23195854237,0.0,245611.11582056002,608161.3477791024
352,10332.44126,0.009239,0.0,0.0,10332.432020999999,400.0,361013.603450504,0.0,239566.7622804632,600580.3657309673,362550.23195854237,0.0,245611.11582056002,608161.3477791024
353,10333.04183,0.001608,0.0,0.0,10333.040222,400.0,361013.603450504,0.0,239566.7622804632,600580.3657309673,362550.23195854237,0.0,245611.11582056002,608161.3477791024
354,10333.64241,0.000101,0.0,0.0,10333.642309,400.0,361013.603450504,0.0,239566.7622804632,600580.3657309673,362550.23195854237,0.0,245611.11582056002,608161.3477791024
355,10334.24298,0.0,0.0,0.0,10334.24298,400.0,361013.603450504,0.0,239566.7622804632,600580.3657309673,362550.23195854237,0.0,245611.11582056002,608161.3477791024
356,10334.84839,0.0,0.0,0.0,10334.84839,400.0,361013.603450504,0.0,239566.7622804632,600580.3657309673,362550.23195854237,0.0,245611.11582056002,608161.3477791024
357,10335.64916,0.0,150.725880579519,0.0,10486.37504057952,532.638774909977,361013.603450504,0.0,239566.7622804632,600580.3657309673,362550.23195854237,0.0,245611.11582056002,608161.3477791024
358,10336.44992,0.0,237.455045852275,0.0,10573.904965852274,741.599215259979,361013.603450504,0.0,239566.7622804632,600580.3657309673,362550.23195854237,0.0,245611.11582056002,608161.3477791024
359,10337.25069,0.0,236.654275852274,0.0,10573.904965852274,949.85497800998,361013.603450504,0.0,239566.7622804632,600580.3657309673,362550.23195854237,0.0,245611.11582056002,608161.3477791024
360,10338.05146,0.0,235.853505852274,0.0,10573.904965852274,1157.40606315998,361013.603450504,0.0,239566.7622804632,600580.3657309673,362550.23195854237,0.0,245611.11582056002,608161.3477791024
361,10338.85223,0.0,235.052735852274,0.0,10573.904965852274,1364.25247070998,361013.603450504,0.0,239566.7622804632,600580.3657309673,362550.23195854237,0.0,245611.11582056002,608161.3477791024
362,10339.653,0.0,234.251965852274,0.0,10573.904965852274,1570.39420065998,361013.603450504,0.0,239566.7622804632,600580.3657309673,362550.23195854237,0.0,245611.11582056002,608161.3477791024
363,10340.45377,0.0,233.451195852274,0.0,10573.904965852274,1775.83125300999,361013.603450504,0.0,239566.7622804632,600580.3657309673,362550.23195854237,0.0,245611.11582056002,608161.3477791024
364,10341.25453,0.0,232.650435852274,0.0,10573.904965852274,1980.56363655999,361013.603450504,0.0,239566.7622804632,600580.3657309673,362550.23195854237,0.0,245611.11582056002,608161.3477791024
365,10342.0553,0.0,231.849665852274,0.0,10573.904965852274,2184.59134250999,361013.603450504,0.0,239566.7622804632,600580.3657309673,362550.23195854237,0.0,245611.11582056002,608161.3477791024
366,10342.85607,0.0022069999999999998,231.051102852274,0.0,10573.904965852274,2387.91631301999,361013.603450504,0.0,239566.7622804632,600580.3657309673,362550.23195854237,0.0,245611.11582056002,608161.3477791024
367,10343.3688,0.011563,230.547728852274,0.0,10573.904965852274,2590.79831440999,361013.603450504,0.0,239566.7622804632,600580.3657309673,362550.23195854237,0.0,245611.11582056002,608161.3477791024
368,10343.76918,0.015958,230.151743852275,0.0,10573.904965852274,2793.33184899999,361013.603450504,0.0,239566.7622804632,600580.3657309673,362550.23195854237,0.0,245611.11582056002,608161.3477791024
369,10344.16957,0.029140000000000003,229.764535852275,0.0,10573.904965852274,2995.52464054999,361013.603450504,0.0,239566.7622804632,600580.3657309673,362550.23195854237,0.0,245611.11582056002,608161.3477791024
370,10344.56995,0.031192,229.366207852276,0.0,10573.904965852274,3197.36690346,361013.603450504,0.0,239566.7622804632,600580.3657309673,362550.23195854237,0.0,245611.11582056002,608161.3477791024
371,10344.97033,0.036337,228.970972852274,0.0,10573.904965852274,3398.86135957,361013.603450504,0.0,239566.7622804632,600580.3657309673,362550.23195854237,0.0,245611.11582056002,608161.3477791024
372,10345.37072,0.032390999999999996,228.566636852274,0.0,10573.904965852274,3600.0,361013.603450504,0.0,239566.7622804632,600580.3657309673,362550.23195854237,0.0,245611.11582056002,608161.3477791024
373,10345.7711,0.030015999999999998,0.0,395.572522500001,9950.168561499999,3204.4274775,361013.603450504,0.0,239566.7622804632,600580.3657309673,362550.23195854237,0.0,245611.11582056002,608161.3477791024
374,10346.17149,0.025762,0.0,395.977166500003,9950.168561499999,2808.450311,361013.603450504,0.0,239566.7622804632,600580.3657309673,362550.23195854237,0.0,245611.11582056002,608161.3477791024
375,10346.57187,0.021699000000000003,0.0,396.3816095,9950.168561499999,2412.0687015,361013.603450504,0.0,239566.7622804632,600580.3657309673,362550.23195854237,0.0,245611.11582056002,608161.3477791024
376,10346.97225,0.008645,0.0,396.795043500002,9950.168561499999,2015.27365799999,361013.603450504,0.0,239566.7622804632,600580.3657309673,362550.23195854237,0.0,245611.11582056002,608161.3477791024
377,10347.2066,0.001392,0.0,397.036646500001,9950.168561499999,1618.23701149999,361013.603450504,0.0,239566.7622804632,600580.3657309673,362550.23195854237,0.0,245611.11582056002,608161.3477791024
378,10347.2066,0.0,0.0,397.038038500001,9950.168561499999,1221.19897299999,361013.603450504,0.0,239566.7622804632,600580.3657309673,362550.23195854237,0.0,245611.11582056002,608161.3477791024
379,10347.2066,0.0,0.0,397.038038500001,9950.168561499999,824.160934499992,361013.603450504,0.0,239566.7622804632,600580.3657309673,362550.23195854237,0.0,245611.11582056002,608161.3477791024
380,10347.2066,0.0,0.0,397.038038500001,9950.168561499999,427.122895999992,361013.603450504,0.0,239566.7622804632,600580.3657309673,362550.23195854237,0.0,245611.11582056002,608161.3477791024
381,10347.2066,0.0,226.698365852275,0.0,10573.904965852274,626.617457949993,361013.603450504,0.0,239566.7622804632,600580.3657309673,362550.23195854237,0.0,245611.11582056002,608161.3477791024
382,10347.25912,0.0,226.645845852274,0.0,10573.904965852274,826.065802299994,361013.603450504,0.0,239566.7622804632,600580.3657309673,362550.23195854237,0.0,245611.11582056002,608161.3477791024
383,10347.45931,0.0,226.445655852274,0.0,10573.904965852274,1025.33797945,361013.603450504,0.0,239566.7622804632,600580.3657309673,362550.23195854237,0.0,245611.11582056002,608161.3477791024
384,10347.6595,0.0,226.245465852275,0.0,10573.904965852274,1224.4339894,361013.603450504,0.0,239566.7622804632,600580.3657309673,362550.23195854237,0.0,245611.11582056002,608161.3477791024
385,10347.85969,0.0,226.045275852275,0.0,10573.904965852274,1423.35383215,361013.603450504,0.0,239566.7622804632,600580.3657309673,362550.23195854237,0.0,245611.11582056002,608161.3477791024
386,10348.05989,0.0,225.845075852274,0.0,10573.904965852274,1622.0974989,361013.603450504,0.0,239566.7622804632,600580.3657309673,362550.23195854237,0.0,245611.11582056002,608161.3477791024
387,10348.26008,0.0,225.644885852274,0.0,10573.904965852274,1820.66499844998,361013.603450504,0.0,239566.7622804632,600580.3657309673,362550.23195854237,0.0,245611.11582056002,608161.3477791024
388,10348.46027,0.0,225.444695852275,0.0,10573.904965852274,2019.05633079998,361013.603450504,0.0,239566.7622804632,600580.3657309673,362550.23195854237,0.0,245611.11582056002,608161.3477791024
389,10348.66046,0.0,225.244505852275,0.0,10573.904965852274,2217.27149594999,361013.603450504,0.0,239566.7622804632,600580.3657309673,362550.23195854237,0.0,245611.11582056002,608161.3477791024
390,10348.86065,0.001304,225.045619852273,0.0,10573.904965852274,2415.31164141999,361013.603450504,0.0,239566.7622804632,600580.3657309673,362550.23195854237,0.0,245611.11582056002,608161.3477791024
391,10349.06085,0.012041000000000001,224.856156852275,0.0,10573.904965852274,2613.18505944999,361013.603450504,0.0,239566.7622804632,600580.3657309673,362550.23195854237,0.0,245611.11582056002,608161.3477791024
392,10349.26104,0.023411,224.667336852275,0.0,10573.904965852274,2810.89231587999,361013.603450504,0.0,239566.7622804632,600580.3657309673,362550.23195854237,0.0,245611.11582056002,608161.3477791024
393,10349.46123,0.03093,224.474665852274,0.0,10573.904965852274,3008.43002183,361013.603450504,0.0,239566.7622804632,600580.3657309673,362550.23195854237,0.0,245611.11582056002,608161.3477791024
394,10349.66142,0.033728,224.277273852274,0.0,10573.904965852274,3205.79402282,361013.603450504,0.0,239566.7622804632,600580.3657309673,362550.23195854237,0.0,245611.11582056002,608161.3477791024
395,10349.86161,0.037968,224.081323852275,0.0,10573.904965852274,3402.98558781,361013.603450504,0.0,239566.7622804632,600580.3657309673,362550.23195854237,0.0,245611.11582056002,608161.3477791024
396,10350.06181,0.036857999999999995,223.880013852276,0.0,10573.904965852276,3600.0,361013.603450504,0.0,239566.7622804632,600580.3657309673,362550.23195854237,0.0,245611.11582056002,608161.3477791024
397,10350.262,0.03558,0.0,400.057858500002,9950.168561499999,3199.9421415,361013.603450504,0.0,239566.7622804632,600580.3657309673,362550.23195854237,0.0,245611.11582056002,608161.3477791024
398,10350.30098,0.029244,0.0,400.103174500002,9950.168561499999,2799.838967,361013.603450504,0.0,239566.7622804632,600580.3657309673,362550.23195854237,0.0,245611.11582056002,608161.3477791024
399,10350.30098,0.020597,0.0,400.111821500001,9950.168561499999,2399.7271455,361013.603450504,0.0,239566.7622804632,600580.3657309673,362550.23195854237,0.0,245611.11582056002,608161.3477791024
400,10350.30098,0.009647000000000001,0.0,400.1227715,9950.168561499999,1999.604374,361013.603450504,0.0,239566.7622804632,600580.3657309673,362550.23195854237,0.0,245611.11582056002,608161.3477791024
401,10350.30098,0.00206,0.0,400.130358500001,9950.168561499999,1599.4740155,361013.603450504,0.0,239566.7622804632,600580.3657309673,362550.23195854237,0.0,245611.11582056002,608161.3477791024
402,10350.30098,0.0,0.0,400.132418500001,9950.168561499999,1199.341597,361013.603450504,0.0,239566.7622804632,600580.3657309673,362550.23195854237,0.0,245611.11582056002,608161.3477791024
403,10350.03955,0.0,0.0,399.870988500001,9950.168561499999,799.470608500002,361013.603450504,0.0,239566.7622804632,600580.3657309673,362550.23195854237,0.0,245611.11582056002,608161.3477791024
404,10349.63917,0.0,0.0,399.470608500002,9950.168561499999,400.0,361013.603450504,0.0,239566.7622804632,600580.3657309673,362550.23195854237,0.0,245611.11582056002,608161.3477791024
405,10349.23878,0.0,201.231319579518,0.0,10550.470099579517,577.083561229976,361013.603450504,0.0,239566.7622804632,600580.3657309673,362550.23195854237,0.0,245611.11582056002,608161.3477791024
406,10348.8384,0.0,225.066565852274,0.0,10573.904965852274,775.142139179977,361013.603450504,0.0,239566.7622804632,600580.3657309673,362550.23195854237,0.0,245611.11582056002,608161.3477791024
407,10348.43801,0.0,225.466955852275,0.0,10573.904965852274,973.553060329978,361013.603450504,0.0,239566.7622804632,600580.3657309673,362550.23195854237,0.0,245611.11582056002,608161.3477791024
408,10347.93742,0.0,225.967545852274,0.0,10573.904965852274,1172.40450067998,361013.603450504,0.0,239566.7622804632,600580.3657309673,362550.23195854237,0.0,245611.11582056002,608161.3477791024
409,10347.33684,0.0,226.568125852275,0.0,10573.904965852274,1371.78445142998,361013.603450504,0.0,239566.7622804632,600580.3657309673,362550.23195854237,0.0,245611.11582056002,608161.3477791024
410,10346.73626,0.0,227.168705852275,0.0,10573.904965852274,1571.69291257998,361013.603450504,0.0,239566.7622804632,600580.3657309673,362550.23195854237,0.0,245611.11582056002,608161.3477791024
411,10346.13569,0.0,227.769275852275,0.0,10573.904965852274,1772.12987532999,361013.603450504,0.0,239566.7622804632,600580.3657309673,362550.23195854237,0.0,245611.11582056002,608161.3477791024
412,10345.53511,0.0,228.369855852274,0.0,10573.904965852274,1973.09534847999,361013.603450504,0.0,239566.7622804632,600580.3657309673,362550.23195854237,0.0,245611.11582056002,608161.3477791024
413,10344.93453,0.0,228.970435852274,0.0,10573.904965852274,2174.58933202999,361013.603450504,0.0,239566.7622804632,600580.3657309673,362550.23195854237,0.0,245611.11582056002,608161.3477791024
414,10344.33396,0.002143,229.573148852274,0.0,10573.904965852274,2376.61370301999,361013.603450504,0.0,239566.7622804632,600580.3657309673,362550.23195854237,0.0,245611.11582056002,608161.3477791024
415,10343.73338,0.011474,230.183059852276,0.0,10573.904965852274,2579.17479568999,361013.603450504,0.0,239566.7622804632,600580.3657309673,362550.23195854237,0.0,245611.11582056002,608161.3477791024
416,10343.13281,0.021943999999999998,230.794099852275,0.0,10573.904965852274,2782.27360355999,361013.603450504,0.0,239566.7622804632,600580.3657309673,362550.23195854237,0.0,245611.11582056002,608161.3477791024
417,10342.53223,0.030278,231.403013852274,0.0,10573.904965852274,2985.90825574999,361013.603450504,0.0,239566.7622804632,600580.3657309673,362550.23195854237,0.0,245611.11582056002,608161.3477791024
418,10341.93165,0.035268,232.008583852274,0.0,10573.904965852274,3190.07580954,361013.603450504,0.0,239566.7622804632,600580.3657309673,362550.23195854237,0.0,245611.11582056002,608161.3477791024
419,10341.33108,0.037569000000000005,232.611454852275,0.0,10573.904965852274,3394.77388981,361013.603450504,0.0,239566.7622804632,600580.3657309673,362550.23195854237,0.0,245611.11582056002,608161.3477791024
420,10340.7305,0.03702300000000001,233.211488852276,0.0,10573.904965852274,3600.0,361013.603450504,0.0,239566.7622804632,600580.3657309673,362550.23195854237,0.0,245611.11582056002,608161.3477791024
421,10340.12993,0.03469100000000001,0.0,487.154139499989,9852.941099500009,3112.84586050001,361013.603450504,0.0,239566.7622804632,600580.3657309673,362550.23195854237,0.0,245611.11582056002,608161.3477791024
422,10339.52935,0.030482,0.0,389.330306500002,9950.168561499999,2723.51555400001,361013.603450504,0.0,239566.7622804632,600580.3657309673,362550.23195854237,0.0,245611.11582056002,608161.3477791024
423,10338.92877,0.022612,0.0,388.737596500001,9950.168561499999,2334.77795750001,361013.603450504,0.0,239566.7622804632,600580.3657309673,362550.23195854237,0.0,245611.11582056002,608161.3477791024
424,10338.3282,0.012407,0.0,388.147231500001,9950.168561499999,1946.630726,361013.603450504,0.0,239566.7622804632,600580.3657309673,362550.23195854237,0.0,245611.11582056002,608161.3477791024
425,10337.72762,0.002048,0.0,387.557010500001,9950.168561499999,1559.0737155,361013.603450504,0.0,239566.7622804632,600580.3657309673,362550.23195854237,0.0,245611.11582056002,608161.3477791024
426,10337.12704,0.0,0.0,386.958478500001,9950.168561499999,1172.115237,361013.603450504,0.0,239566.7622804632,600580.3657309673,362550.23195854237,0.0,245611.11582056002,608161.3477791024
427,10336.52647,0.0,0.0,386.357908500002,9950.168561499999,785.757328500002,361013.603450504,0.0,239566.7622804632,600580.3657309673,362550.23195854237,0.0,245611.11582056002,608161.3477791024
428,10335.92589,0.0,0.0,385.757328500002,9950.168561499999,400.0,361013.603450504,0.0,239566.7622804632,600580.3657309673,362550.23195854237,0.0,245611.11582056002,608161.3477791024
429,10335.32532,0.0,0.0,0.0,10335.32532,400.0,361013.603450504,0.0,239566.7622804632,600580.3657309673,362550.23195854237,0.0,245611.11582056002,608161.3477791024
430,10334.72474,0.0,211.874056431787,0.0,10546.598796431786,586.449169659973,361013.603450504,0.0,239566.7622804632,600580.3657309673,362550.23195854237,0.0,245611.11582056002,608161.3477791024
431,10334.12416,0.0,239.780805852282,0.0,10573.904965852282,797.456278809981,361013.603450504,0.0,239566.7622804632,600580.3657309673,362550.23195854237,0.0,245611.11582056002,608161.3477791024
432,10333.52359,0.0,240.381375852274,0.0,10573.904965852274,1008.99188955998,361013.603450504,0.0,239566.7622804632,600580.3657309673,362550.23195854237,0.0,245611.11582056002,608161.3477791024
433,10332.92301,0.0,240.981955852274,0.0,10573.904965852274,1221.05601070998,361013.603450504,0.0,239566.7622804632,600580.3657309673,362550.23195854237,0.0,245611.11582056002,608161.3477791024
434,10332.17453,0.0,241.730435852274,0.0,10573.904965852274,1433.77879425998,361013.603450504,0.0,239566.7622804632,600580.3657309673,362550.23195854237,0.0,245611.11582056002,608161.3477791024
435,10331.37376,0.0,242.531205852274,0.0,10573.904965852274,1647.20625540999,361013.603450504,0.0,239566.7622804632,600580.3657309673,362550.23195854237,0.0,245611.11582056002,608161.3477791024
436,10330.57299,0.0,243.331975852274,0.0,10573.904965852274,1861.33839415999,361013.603450504,0.0,239566.7622804632,600580.3657309673,362550.23195854237,0.0,245611.11582056002,608161.3477791024
437,10329.77222,0.0,244.132745852274,0.0,10573.904965852274,2076.17521050999,361013.603450504,0.0,239566.7622804632,600580.3657309673,362550.23195854237,0.0,245611.11582056002,608161.3477791024
438,10328.97146,0.002234,244.935739852273,0.0,10573.904965852274,2291.71866157999,361013.603450504,0.0,239566.7622804632,600580.3657309673,362550.23195854237,0.0,245611.11582056002,608161.3477791024
439,10328.17069,0.012784,245.747059852274,0.0,10573.904965852274,2507.97607424999,361013.603450504,0.0,239566.7622804632,600580.3657309673,362550.23195854237,0.0,245611.11582056002,608161.3477791024
440,10327.36992,0.023444,246.558489852276,0.0,10573.904965852274,2724.94754531999,361013.603450504,0.0,239566.7622804632,600580.3657309673,362550.23195854237,0.0,245611.11582056002,608161.3477791024
441,10326.56915,0.03149,247.367305852275,0.0,10573.904965852274,2942.63077446999,361013.603450504,0.0,239566.7622804632,600580.3657309673,362550.23195854237,0.0,245611.11582056002,608161.3477791024
442,10325.76838,0.036489,248.173074852275,0.0,10573.904965852274,3161.02308034,361013.603450504,0.0,239566.7622804632,600580.3657309673,362550.23195854237,0.0,245611.11582056002,608161.3477791024
443,10324.96762,0.037156999999999996,248.974502852276,0.0,10573.904965852274,3380.12064285,361013.603450504,0.0,239566.7622804632,600580.3657309673,362550.23195854237,0.0,245611.11582056002,608161.3477791024
444,10324.07994,0.037880000000000004,249.862905852275,0.0,10573.904965852274,3600.0,361013.603450504,0.0,239566.7622804632,600580.3657309673,362550.23195854237,0.0,245611.11582056002,608161.3477791024
445,10323.07898,0.035025,0.0,617.721415499987,9705.322539500014,2982.27858450001,361013.603450504,0.0,239566.7622804632,600580.3657309673,362550.23195854237,0.0,245611.11582056002,608161.3477791024
446,10322.07802,0.029762,0.0,371.879696500002,9950.168561499999,2610.39888800001,361013.603450504,0.0,239566.7622804632,600580.3657309673,362550.23195854237,0.0,245611.11582056002,608161.3477791024
447,10321.07706,0.022233,0.0,370.886265500001,9950.168561499999,2239.51262250001,361013.603450504,0.0,239566.7622804632,600580.3657309673,362550.23195854237,0.0,245611.11582056002,608161.3477791024
448,10320.0761,0.013176,0.0,369.894362500001,9950.168561499999,1869.61826000001,361013.603450504,0.0,239566.7622804632,600580.3657309673,362550.23195854237,0.0,245611.11582056002,608161.3477791024
449,10319.07514,0.002294,0.0,368.904284500002,9950.168561499999,1500.7139755,361013.603450504,0.0,239566.7622804632,600580.3657309673,362550.23195854237,0.0,245611.11582056002,608161.3477791024
450,10318.07418,0.0,0.0,367.905618500001,9950.168561499999,1132.808357,361013.603450504,0.0,239566.7622804632,600580.3657309673,362550.23195854237,0.0,245611.11582056002,608161.3477791024
451,10317.07322,0.0,0.0,366.904658500001,9950.168561499999,765.903698500002,361013.603450504,0.0,239566.7622804632,600580.3657309673,362550.23195854237,0.0,245611.11582056002,608161.3477791024
452,10316.07226,0.0,0.0,365.903698500002,9950.168561499999,400.0,361013.603450504,0.0,239566.7622804632,600580.3657309673,362550.23195854237,0.0,245611.11582056002,608161.3477791024
453,10315.0713,0.0,0.0,0.0,10315.0713,400.0,361013.603450504,0.0,239566.7622804632,600580.3657309673,362550.23195854237,0.0,245611.11582056002,608161.3477791024
454,10314.04443,0.0,0.0,0.0,10314.04443,400.0,361013.603450504,0.0,239566.7622804632,600580.3657309673,362550.23195854237,0.0,245611.11582056002,608161.3477791024
455,10312.84328,0.0,140.184580284084,0.0,10453.027860284083,523.362430649994,361013.603450504,0.0,239566.7622804632,600580.3657309673,362550.23195854237,0.0,245611.11582056002,608161.3477791024
456,10311.64213,0.0,262.262835852274,0.0,10573.904965852274,754.153726199995,361013.603450504,0.0,239566.7622804632,600580.3657309673,362550.23195854237,0.0,245611.11582056002,608161.3477791024
457,10310.44097,0.0,263.463995852263,0.0,10573.904965852264,986.002042549986,361013.603450504,0.0,239566.7622804632,600580.3657309673,362550.23195854237,0.0,245611.11582056002,608161.3477791024
458,10309.23982,0.0,264.665145852274,0.0,10573.904965852274,1218.90737089999,361013.603450504,0.0,239566.7622804632,600580.3657309673,362550.23195854237,0.0,245611.11582056002,608161.3477791024
459,10308.03867,0.0,265.866295852275,0.0,10573.904965852274,1452.86971124999,361013.603450504,0.0,239566.7622804632,600580.3657309673,362550.23195854237,0.0,245611.11582056002,608161.3477791024
460,10307.03312,0.0,266.871845852274,0.0,10573.904965852274,1687.71693559999,361013.603450504,0.0,239566.7622804632,600580.3657309673,362550.23195854237,0.0,245611.11582056002,608161.3477791024
461,10306.03216,0.0,267.872805852274,0.0,10573.904965852274,1923.44500474999,361013.603450504,0.0,239566.7622804632,600580.3657309673,362550.23195854237,0.0,245611.11582056002,608161.3477791024
462,10305.0312,0.0022280000000000004,268.875993852274,0.0,10573.904965852274,2160.05587933999,361013.603450504,0.0,239566.7622804632,600580.3657309673,362550.23195854237,0.0,245611.11582056002,608161.3477791024
463,10304.03024,0.012979,269.887704852274,0.0,10573.904965852274,2397.55705960999,361013.603450504,0.0,239566.7622804632,600580.3657309673,362550.23195854237,0.0,245611.11582056002,608161.3477791024
464,10303.02928,0.023227,270.898912852273,0.0,10573.904965852274,2635.94810291999,361013.603450504,0.0,239566.7622804632,600580.3657309673,362550.23195854237,0.0,245611.11582056002,608161.3477791024
465,10301.86322,0.030729,272.072474852275,0.0,10573.904965852274,2875.37188079,361013.603450504,0.0,239566.7622804632,600580.3657309673,362550.23195854237,0.0,245611.11582056002,608161.3477791024
466,10300.66206,0.036103,273.279008852274,0.0,10573.904965852274,3115.85740858,361013.603450504,0.0,239566.7622804632,600580.3657309673,362550.23195854237,0.0,245611.11582056002,608161.3477791024
467,10299.46091,0.034985,274.479040852275,0.0,10573.904965852274,3357.39896453,361013.603450504,0.0,239566.7622804632,600580.3657309673,362550.23195854237,0.0,245611.11582056002,608161.3477791024
468,10298.25976,0.037789,275.682994852274,0.0,10573.904965852274,3600.0,361013.603450504,0.0,239566.7622804632,600580.3657309673,362550.23195854237,0.0,245611.11582056002,608161.3477791024
469,10297.05861,0.034456,0.0,796.400164499994,9500.623989500007,2803.59983550001,361013.603450504,0.0,239566.7622804632,600580.3657309673,362550.23195854237,0.0,245611.11582056002,608161.3477791024
470,10296.12665,0.029401,0.0,345.928687500002,9950.168561499999,2457.67114800001,361013.603450504,0.0,239566.7622804632,600580.3657309673,362550.23195854237,0.0,245611.11582056002,608161.3477791024
471,10295.32589,0.021847000000000002,0.0,345.135481500001,9950.168561499999,2112.53566650001,361013.603450504,0.0,239566.7622804632,600580.3657309673,362550.23195854237,0.0,245611.11582056002,608161.3477791024
472,10294.52512,0.012385,0.0,344.344173500001,9950.168561499999,1768.19149300001,361013.603450504,0.0,239566.7622804632,600580.3657309673,362550.23195854237,0.0,245611.11582056002,608161.3477791024
473,10293.72435,0.001871,0.0,343.553917500001,9950.168561499999,1424.6375755,361013.603450504,0.0,239566.7622804632,600580.3657309673,362550.23195854237,0.0,245611.11582056002,608161.3477791024
474,10292.92358,0.0,0.0,342.755018500002,9950.168561499999,1081.882557,361013.603450504,0.0,239566.7622804632,600580.3657309673,362550.23195854237,0.0,245611.11582056002,608161.3477791024
475,10291.81051,0.0,0.0,341.641948500001,9950.168561499999,740.240608500002,361013.603450504,0.0,239566.7622804632,600580.3657309673,362550.23195854237,0.0,245611.11582056002,608161.3477791024
476,10290.40917,0.0,0.0,340.240608500002,9950.168561499999,400.0,361013.603450504,0.0,239566.7622804632,600580.3657309673,362550.23195854237,0.0,245611.11582056002,608161.3477791024
477,10289.00783,0.0,0.0,0.0,10289.00783,400.0,361013.603450504,0.0,239566.7622804632,600580.3657309673,362550.23195854237,0.0,245611.11582056002,608161.3477791024
478,10287.60648,0.0,0.0,0.0,10287.60648,400.0,361013.603450504,0.0,239566.7622804632,600580.3657309673,362550.23195854237,0.0,245611.11582056002,608161.3477791024
479,10286.20514,0.0,0.0,0.0,10286.20514,400.0,361013.603450504,0.0,239566.7622804632,600580.3657309673,362550.23195854237,0.0,245611.11582056002,608161.3477791024
480,10284.95099,0.0,0.0,0.0,10284.95099,400.0,361013.603450504,0.0,239566.7622804632,600580.3657309673,362550.23195854237,0.0,245611.11582056002,608161.3477791024
481,10283.95003,0.0,0.0,0.0,10283.95003,400.0,361013.603450504,0.0,239566.7622804632,600580.3657309673,362550.23195854237,0.0,245611.11582056002,608161.3477791024
482,10282.94907,0.0,0.0,0.0,10282.94907,400.0,361013.603450504,0.0,239566.7622804632,600580.3657309673,362550.23195854237,0.0,245611.11582056002,608161.3477791024
483,10281.94811,0.0,0.0,0.0,10281.94811,400.0,361013.603450504,0.0,239566.7622804632,600580.3657309673,362550.23195854237,0.0,245611.11582056002,608161.3477791024
484,10280.94715,0.0,0.0,0.0,10280.94715,400.0,361013.603450504,0.0,239566.7622804632,600580.3657309673,362550.23195854237,0.0,245611.11582056002,608161.3477791024
485,10279.60139,0.0,0.0,0.0,10279.60139,400.0,361013.603450504,0.0,239566.7622804632,600580.3657309673,362550.23195854237,0.0,245611.11582056002,608161.3477791024
486,10276.99889,0.002239,0.0,0.0,10276.996651000001,400.0,361013.603450504,0.0,239566.7622804632,600580.3657309673,362550.23195854237,0.0,245611.11582056002,608161.3477791024
487,10274.3964,0.012758,0.0,0.0,10274.383641999999,400.0,361013.603450504,0.0,239566.7622804632,600580.3657309673,362550.23195854237,0.0,245611.11582056002,608161.3477791024
488,10271.7939,0.021787,0.0,0.0,10271.772113,400.0,361013.603450504,0.0,239566.7622804632,600580.3657309673,362550.23195854237,0.0,245611.11582056002,608161.3477791024
489,10269.1914,0.02996,0.0,0.0,10269.16144,400.0,361013.603450504,0.0,239566.7622804632,600580.3657309673,362550.23195854237,0.0,245611.11582056002,608161.3477791024
490,10266.61411,0.034998,0.0,0.0,10266.579112000001,400.0,361013.603450504,0.0,239566.7622804632,600580.3657309673,362550.23195854237,0.0,245611.11582056002,608161.3477791024
491,10264.412,0.036891,0.0,0.0,10264.375109,400.0,361013.603450504,0.0,239566.7622804632,600580.3657309673,362550.23195854237,0.0,245611.11582056002,608161.3477791024
492,10262.20988,0.035456,0.0,0.0,10262.174424,400.0,361013.603450504,0.0,239566.7622804632,600580.3657309673,362550.23195854237,0.0,245611.11582056002,608161.3477791024
493,10260.00777,0.033796,0.0,0.0,10259.973974,400.0,361013.603450504,0.0,239566.7622804632,600580.3657309673,362550.23195854237,0.0,245611.11582056002,608161.3477791024
494,10257.80566,0.028735,0.0,0.0,10257.776925,400.0,361013.603450504,0.0,239566.7622804632,600580.3657309673,362550.23195854237,0.0,245611.11582056002,608161.3477791024
495,10255.60355,0.02156,0.0,0.0,10255.58199,400.0,361013.603450504,0.0,239566.7622804632,600580.3657309673,362550.23195854237,0.0,245611.11582056002,608161.3477791024
496,10253.40143,0.011597,0.0,0.0,10253.389833,400.0,361013.603450504,0.0,239566.7622804632,600580.3657309673,362550.23195854237,0.0,245611.11582056002,608161.3477791024
497,10251.19932,0.001833,0.0,0.0,10251.197487,400.0,361013.603450504,0.0,239566.7622804632,600580.3657309673,362550.23195854237,0.0,245611.11582056002,608161.3477791024
498,10248.99721,0.0,0.0,0.0,10248.99721,400.0,361013.603450504,0.0,239566.7622804632,600580.3657309673,362550.23195854237,0.0,245611.11582056002,608161.3477791024
499,10246.7951,0.0,0.0,0.0,10246.7951,400.0,361013.603450504,0.0,239566.7622804632,600580.3657309673,362550.23195854237,0.0,245611.11582056002,608161.3477791024
500,10244.59298,0.0,0.0,0.0,10244.59298,400.0,361013.603450504,0.0,239566.7622804632,600580.3657309673,362550.23195854237,0.0,245611.11582056002,608161.3477791024
501,10242.23908,0.0,0.0,0.0,10242.23908,400.0,361013.603450504,0.0,239566.7622804632,600580.3657309673,362550.23195854237,0.0,245611.11582056002,608161.3477791024
502,10239.83677,0.0,0.0,0.0,10239.83677,400.0,361013.603450504,0.0,239566.7622804632,600580.3657309673,362550.23195854237,0.0,245611.11582056002,608161.3477791024
503,10237.43447,0.0,0.0,0.0,10237.43447,400.0,361013.603450504,0.0,239566.7622804632,600580.3657309673,362550.23195854237,0.0,245611.11582056002,608161.3477791024
504,10235.03216,0.0,0.0,0.0,10235.03216,400.0,361013.603450504,0.0,239566.7622804632,600580.3657309673,362550.23195854237,0.0,245611.11582056002,608161.3477791024
505,10232.62986,0.0,0.0,0.0,10232.62986,400.0,361013.603450504,0.0,239566.7622804632,600580.3657309673,362550.23195854237,0.0,245611.11582056002,608161.3477791024
506,10230.47014,0.0,0.0,0.0,10230.47014,400.0,361013.603450504,0.0,239566.7622804632,600580.3657309673,362550.23195854237,0.0,245611.11582056002,608161.3477791024
507,10228.46822,0.0,0.0,0.0,10228.46822,400.0,361013.603450504,0.0,239566.7622804632,600580.3657309673,362550.23195854237,0.0,245611.11582056002,608161.3477791024
508,10226.4663,0.0,0.0,0.0,10226.4663,400.0,361013.603450504,0.0,239566.7622804632,600580.3657309673,362550.23195854237,0.0,245611.11582056002,608161.3477791024
509,10224.46438,0.0,0.0,0.0,10224.46438,400.0,361013.603450504,0.0,239566.7622804632,600580.3657309673,362550.23195854237,0.0,245611.11582056002,608161.3477791024
510,10222.46246,0.0016220000000000002,0.0,0.0,10222.460838,400.0,361013.603450504,0.0,239566.7622804632,600580.3657309673,362550.23195854237,0.0,245611.11582056002,608161.3477791024
511,10220.73292,0.009493,0.0,0.0,10220.723427,400.0,361013.603450504,0.0,239566.7622804632,600580.3657309673,362550.23195854237,0.0,245611.11582056002,608161.3477791024
512,10219.33157,0.018479,0.0,0.0,10219.313091,400.0,361013.603450504,0.0,239566.7622804632,600580.3657309673,362550.23195854237,0.0,245611.11582056002,608161.3477791024
513,10217.93023,0.022288000000000002,0.0,0.0,10217.907942,400.0,361013.603450504,0.0,239566.7622804632,600580.3657309673,362550.23195854237,0.0,245611.11582056002,608161.3477791024
514,10216.52888,0.029922999999999998,0.0,0.0,10216.498957,400.0,361013.603450504,0.0,239566.7622804632,600580.3657309673,362550.23195854237,0.0,245611.11582056002,608161.3477791024
515,10215.12754,0.033168,0.0,0.0,10215.094372,400.0,361013.603450504,0.0,239566.7622804632,600580.3657309673,362550.23195854237,0.0,245611.11582056002,608161.3477791024
516,10213.6659,0.032898000000000004,0.0,0.0,10213.633002,400.0,361013.603450504,0.0,239566.7622804632,600580.3657309673,362550.23195854237,0.0,245611.11582056002,608161.3477791024
517,10212.06437,0.032903,0.0,0.0,10212.031467,400.0,361013.603450504,0.0,239566.7622804632,600580.3657309673,362550.23195854237,0.0,245611.11582056002,608161.3477791024
518,10210.46283,0.025383,0.0,0.0,10210.437447,400.0,361013.603450504,0.0,239566.7622804632,600580.3657309673,362550.23195854237,0.0,245611.11582056002,608161.3477791024
519,10208.86129,0.016333,0.0,0.0,10208.844957000001,400.0,361013.603450504,0.0,239566.7622804632,600580.3657309673,362550.23195854237,0.0,245611.11582056002,608161.3477791024
520,10207.25976,0.007147000000000001,0.0,0.0,10207.252613,400.0,361013.603450504,0.0,239566.7622804632,600580.3657309673,362550.23195854237,0.0,245611.11582056002,608161.3477791024
521,10205.68801,0.001805,0.0,0.0,10205.686205,400.0,361013.603450504,0.0,239566.7622804632,600580.3657309673,362550.23195854237,0.0,245611.11582056002,608161.3477791024
522,10204.28667,0.0,0.0,0.0,10204.28667,400.0,361013.603450504,0.0,239566.7622804632,600580.3657309673,362550.23195854237,0.0,245611.11582056002,608161.3477791024
523,10202.88533,0.0,0.0,0.0,10202.88533,400.0,361013.603450504,0.0,239566.7622804632,600580.3657309673,362550.23195854237,0.0,245611.11582056002,608161.3477791024
524,10201.48398,0.0,0.0,0.0,10201.48398,400.0,361013.603450504,0.0,239566.7622804632,600580.3657309673,362550.23195854237,0.0,245611.11582056002,608161.3477791024
525,10200.08264,0.0,0.0,0.0,10200.08264,400.0,361013.603450504,0.0,239566.7622804632,600580.3657309673,362550.23195854237,0.0,245611.11582056002,608161.3477791024
526,10198.68129,0.0,0.0,0.0,10198.68129,400.0,361013.603450504,0.0,239566.7622804632,600580.3657309673,362550.23195854237,0.0,245611.11582056002,608161.3477791024
527,10197.08046,0.0,0.0,0.0,10197.08046,400.0,361013.603450504,0.0,239566.7622804632,600580.3657309673,362550.23195854237,0.0,245611.11582056002,608161.3477791024
528,10195.47893,0.0,0.0,0.0,10195.47893,400.0,361013.603450504,0.0,239566.7622804632,600580.3657309673,362550.23195854237,0.0,245611.11582056002,608161.3477791024
529,10193.87739,0.0,0.0,0.0,10193.87739,400.0,361013.603450504,0.0,239566.7622804632,600580.3657309673,362550.23195854237,0.0,245611.11582056002,608161.3477791024
530,10192.27585,0.0,0.0,0.0,10192.27585,400.0,361013.603450504,0.0,239566.7622804632,600580.3657309673,362550.23195854237,0.0,245611.11582056002,608161.3477791024
531,10190.67432,0.0,130.843715693185,0.0,10321.518035693185,515.142469810003,361013.603450504,0.0,239566.7622804632,600580.3657309673,362550.23195854237,0.0,245611.11582056002,608161.3477791024
532,10189.41075,0.0,384.494215852275,0.0,10573.904965852274,853.497379760005,361013.603450504,0.0,239566.7622804632,600580.3657309673,362550.23195854237,0.0,245611.11582056002,608161.3477791024
533,10188.2096,0.0,385.695365852252,0.0,10573.904965852253,1192.90930170999,361013.603450504,0.0,239566.7622804632,600580.3657309673,362550.23195854237,0.0,245611.11582056002,608161.3477791024
534,10187.00845,0.001075,386.897590852275,0.0,10573.904965852274,1533.37918165999,361013.603450504,0.0,239566.7622804632,600580.3657309673,362550.23195854237,0.0,245611.11582056002,608161.3477791024
535,10185.8073,0.003557,388.101222852274,0.0,10573.904965852274,1874.90825776999,361013.603450504,0.0,239566.7622804632,600580.3657309673,362550.23195854237,0.0,245611.11582056002,608161.3477791024
536,10184.60614,0.006541000000000001,389.305366852275,0.0,10573.904965852274,2217.49698059999,361013.603450504,0.0,239566.7622804632,600580.3657309673,362550.23195854237,0.0,245611.11582056002,608161.3477791024
537,10183.26651,0.008685,390.647140852276,0.0,10573.904965852274,2561.26646455,361013.603450504,0.0,239566.7622804632,600580.3657309673,362550.23195854237,0.0,245611.11582056002,608161.3477791024
538,10181.86516,0.011599,392.051404852275,0.0,10573.904965852274,2906.27170082,361013.603450504,0.0,239566.7622804632,600580.3657309673,362550.23195854237,0.0,245611.11582056002,608161.3477791024
539,10180.46382,0.016027000000000003,393.457172852273,0.0,10573.904965852274,3252.51401293,361013.603450504,0.0,239566.7622804632,600580.3657309673,362550.23195854237,0.0,245611.11582056002,608161.3477791024
540,10179.06247,0.027944,394.870439852273,0.0,10573.904965852274,3600.0,361013.603450504,0.0,239566.7622804632,600580.3657309673,362550.23195854237,0.0,245611.11582056002,608161.3477791024
541,10177.66113,0.013391,0.0,1000.0,9177.647739,2600.00000000001,361013.603450504,0.0,239566.7622804632,600580.3657309673,362550.23195854237,0.0,245611.11582056002,608161.3477791024
542,10175.82784,0.014634000000000001,0.0,893.009956999998,9282.803249000002,1706.99004300001,361013.603450504,0.0,239566.7622804632,600580.3657309673,362550.23195854237,0.0,245611.11582056002,608161.3477791024
543,10173.62573,0.006854,0.0,223.450314500002,9950.168561499999,1483.53972850001,361013.603450504,0.0,239566.7622804632,600580.3657309673,362550.23195854237,0.0,245611.11582056002,608161.3477791024
544,10171.42361,0.0032770000000000004,0.0,221.251771500001,9950.168561499999,1262.287957,361013.603450504,0.0,239566.7622804632,600580.3657309673,362550.23195854237,0.0,245611.11582056002,608161.3477791024
545,10169.2215,0.0008070000000000001,0.0,219.052131500001,9950.168561499999,1043.2358255,361013.603450504,0.0,239566.7622804632,600580.3657309673,362550.23195854237,0.0,245611.11582056002,608161.3477791024
546,10167.01939,0.0,0.0,216.850828500001,9950.168561499999,826.384997000003,361013.603450504,0.0,239566.7622804632,600580.3657309673,362550.23195854237,0.0,245611.11582056002,608161.3477791024
547,10164.66231,0.0,0.0,214.493748500001,9950.168561499999,611.891248500002,361013.603450504,0.0,239566.7622804632,600580.3657309673,362550.23195854237,0.0,245611.11582056002,608161.3477791024
548,10162.05981,0.0,0.0,211.891248500002,9950.168561499999,400.0,361013.603450504,0.0,239566.7622804632,600580.3657309673,362550.23195854237,0.0,245611.11582056002,608161.3477791024
549,10159.45731,0.0,0.0,0.0,10159.45731,400.0,361013.603450504,0.0,239566.7622804632,600580.3657309673,362550.23195854237,0.0,245611.11582056002,608161.3477791024
550,10156.85482,0.0,0.0,0.0,10156.85482,400.0,361013.603450504,0.0,239566.7622804632,600580.3657309673,362550.23195854237,0.0,245611.11582056002,608161.3477791024
551,10154.25232,0.0,0.0,0.0,10154.25232,400.0,361013.603450504,0.0,239566.7622804632,600580.3657309673,362550.23195854237,0.0,245611.11582056002,608161.3477791024
552,10151.69681,0.0,0.0,0.0,10151.69681,400.0,361013.603450504,0.0,239566.7622804632,600580.3657309673,362550.23195854237,0.0,245611.11582056002,608161.3477791024
553,10149.2945,0.0,0.0,0.0,10149.2945,400.0,361013.603450504,0.0,239566.7622804632,600580.3657309673,362550.23195854237,0.0,245611.11582056002,608161.3477791024
554,10146.8922,0.0,0.0,0.0,10146.8922,400.0,361013.603450504,0.0,239566.7622804632,600580.3657309673,362550.23195854237,0.0,245611.11582056002,608161.3477791024
555,10144.48989,0.0,0.0,0.0,10144.48989,400.0,361013.603450504,0.0,239566.7622804632,600580.3657309673,362550.23195854237,0.0,245611.11582056002,608161.3477791024
556,10142.08759,0.0,100.366242545442,0.0,10242.453832545441,488.322293439989,361013.603450504,0.0,239566.7622804632,600580.3657309673,362550.23195854237,0.0,245611.11582056002,608161.3477791024
557,10139.70177,0.0,434.20319585227,0.0,10573.904965852269,870.421105789987,361013.603450504,0.0,239566.7622804632,600580.3657309673,362550.23195854237,0.0,245611.11582056002,608161.3477791024
558,10137.49966,0.002206,436.407511852274,0.0,10573.904965852274,1254.45971621999,361013.603450504,0.0,239566.7622804632,600580.3657309673,362550.23195854237,0.0,245611.11582056002,608161.3477791024
559,10135.29755,0.008297,438.615712852275,0.0,10573.904965852274,1640.44154352999,361013.603450504,0.0,239566.7622804632,600580.3657309673,362550.23195854237,0.0,245611.11582056002,608161.3477791024
560,10133.09543,0.009942000000000001,440.819477852276,0.0,10573.904965852274,2028.36268403999,361013.603450504,0.0,239566.7622804632,600580.3657309673,362550.23195854237,0.0,245611.11582056002,608161.3477791024
561,10130.89332,0.019062000000000003,443.030707852275,0.0,10573.904965852274,2418.22970694999,361013.603450504,0.0,239566.7622804632,600580.3657309673,362550.23195854237,0.0,245611.11582056002,608161.3477791024
562,10128.69121,0.029755,445.243510852273,0.0,10573.904965852274,2810.0439965,361013.603450504,0.0,239566.7622804632,600580.3657309673,362550.23195854237,0.0,245611.11582056002,608161.3477791024
563,10126.30292,0.031823000000000004,447.633868852274,0.0,10573.904965852274,3203.96180109,361013.603450504,0.0,239566.7622804632,600580.3657309673,362550.23195854237,0.0,245611.11582056002,608161.3477791024
564,10123.90061,0.039052,450.043407852274,0.0,10573.904965852274,3600.0,361013.603450504,0.0,239566.7622804632,600580.3657309673,362550.23195854237,0.0,245611.11582056002,608161.3477791024
565,10121.49831,0.035088,0.0,1000.0,9121.463222,2600.0,361013.603450504,0.0,239566.7622804632,600580.3657309673,362550.23195854237,0.0,245611.11582056002,608161.3477791024
566,10119.09601,0.028897,0.0,1000.0,9119.067113,1600.00000000001,361013.603450504,0.0,239566.7622804632,600580.3657309673,362550.23195854237,0.0,245611.11582056002,608161.3477791024
567,10116.6937,0.020757,0.0,386.7405235,9729.932419499999,1213.2594765,361013.603450504,0.0,239566.7622804632,600580.3657309673,362550.23195854237,0.0,245611.11582056002,608161.3477791024
568,10115.22547,0.011864000000000001,0.0,165.045044500001,9950.168561499999,1048.214432,361013.603450504,0.0,239566.7622804632,600580.3657309673,362550.23195854237,0.0,245611.11582056002,608161.3477791024
569,10114.02432,0.0016719999999999999,0.0,163.854086500001,9950.168561499999,884.360345500003,361013.603450504,0.0,239566.7622804632,600580.3657309673,362550.23195854237,0.0,245611.11582056002,608161.3477791024
570,10112.82316,0.0,0.0,162.654598500001,9950.168561499999,721.705747000002,361013.603450504,0.0,239566.7622804632,600580.3657309673,362550.23195854237,0.0,245611.11582056002,608161.3477791024
571,10111.62201,0.0,0.0,161.4534485,9950.168561499999,560.252298500001,361013.603450504,0.0,239566.7622804632,600580.3657309673,362550.23195854237,0.0,245611.11582056002,608161.3477791024
572,10110.42086,0.0,0.0,160.252298500001,9950.168561499999,400.0,361013.603450504,0.0,239566.7622804632,600580.3657309673,362550.23195854237,0.0,245611.11582056002,608161.3477791024
573,10109.09453,0.0,0.0,0.0,10109.09453,400.0,361013.603450504,0.0,239566.7622804632,600580.3657309673,362550.23195854237,0.0,245611.11582056002,608161.3477791024
574,10107.69318,0.0,0.0,0.0,10107.69318,400.0,361013.603450504,0.0,239566.7622804632,600580.3657309673,362550.23195854237,0.0,245611.11582056002,608161.3477791024
575,10106.29184,0.0,0.0,0.0,10106.29184,400.0,361013.603450504,0.0,239566.7622804632,600580.3657309673,362550.23195854237,0.0,245611.11582056002,608161.3477791024
576,10104.8905,0.0,0.0,0.0,10104.8905,400.0,361013.603450504,0.0,239566.7622804632,600580.3657309673,362550.23195854237,0.0,245611.11582056002,608161.3477791024
577,10103.48915,0.0,0.0,0.0,10103.48915,400.0,361013.603450504,0.0,239566.7622804632,600580.3657309673,362550.23195854237,0.0,245611.11582056002,608161.3477791024
578,10102.18249,0.0,0.0,0.0,10102.18249,400.0,361013.603450504,0.0,239566.7622804632,600580.3657309673,362550.23195854237,0.0,245611.11582056002,608161.3477791024
579,10100.98133,0.0,0.0,0.0,10100.98133,400.0,361013.603450504,0.0,239566.7622804632,600580.3657309673,362550.23195854237,0.0,245611.11582056002,608161.3477791024
580,10099.78018,0.0,0.0,0.0,10099.78018,400.0,361013.603450504,0.0,239566.7622804632,600580.3657309673,362550.23195854237,0.0,245611.11582056002,608161.3477791024
581,10098.57903,0.0,271.919636397714,0.0,10370.498666397714,639.289280029989,361013.603450504,0.0,239566.7622804632,600580.3657309673,362550.23195854237,0.0,245611.11582056002,608161.3477791024
582,10097.37788,0.00235,476.529435852266,0.0,10573.904965852265,1058.63518357998,361013.603450504,0.0,239566.7622804632,600580.3657309673,362550.23195854237,0.0,245611.11582056002,608161.3477791024
583,10096.11255,0.009651,477.802066852275,0.0,10573.904965852274,1479.10100240998,361013.603450504,0.0,239566.7622804632,600580.3657309673,362550.23195854237,0.0,245611.11582056002,608161.3477791024
584,10094.7112,0.020994,479.214759852269,0.0,10573.904965852269,1900.80999107998,361013.603450504,0.0,239566.7622804632,600580.3657309673,362550.23195854237,0.0,245611.11582056002,608161.3477791024
585,10093.30986,0.030706,480.625811852275,0.0,10573.904965852274,2323.76070550998,361013.603450504,0.0,239566.7622804632,600580.3657309673,362550.23195854237,0.0,245611.11582056002,608161.3477791024
586,10091.90851,0.035828000000000006,482.032283852275,0.0,10573.904965852274,2747.94911529999,361013.603450504,0.0,239566.7622804632,600580.3657309673,362550.23195854237,0.0,245611.11582056002,608161.3477791024
587,10090.50717,0.038414000000000004,483.436209852274,0.0,10573.904965852274,3173.37297996999,361013.603450504,0.0,239566.7622804632,600580.3657309673,362550.23195854237,0.0,245611.11582056002,608161.3477791024
588,10089.1395,0.037966,484.803431852275,0.0,10573.904965852274,3600.0,361013.603450504,0.0,239566.7622804632,600580.3657309673,362550.23195854237,0.0,245611.11582056002,608161.3477791024
589,10087.93835,0.03496200000000001,0.0,1000.0,9087.903388,2600.0,361013.603450504,0.0,239566.7622804632,600580.3657309673,362550.23195854237,0.0,245611.11582056002,608161.3477791024
590,10086.7372,0.02929,0.0,1000.0,9086.70791,1600.0,361013.603450504,0.0,239566.7622804632,600580.3657309673,362550.23195854237,0.0,245611.11582056002,608161.3477791024
591,10085.53605,0.021478,0.0,541.193377499994,9544.321194500006,1058.80662250001,361013.603450504,0.0,239566.7622804632,600580.3657309673,362550.23195854237,0.0,245611.11582056002,608161.3477791024
592,10084.33489,0.011912,0.0,134.154416500001,9950.168561499999,924.652206000004,361013.603450504,0.0,239566.7622804632,600580.3657309673,362550.23195854237,0.0,245611.11582056002,608161.3477791024
593,10083.13374,0.001598,0.0,132.9635805,9950.168561499999,791.688625500004,361013.603450504,0.0,239566.7622804632,600580.3657309673,362550.23195854237,0.0,245611.11582056002,608161.3477791024
594,10081.93259,0.0,0.0,131.764028500002,9950.168561499999,659.924597000003,361013.603450504,0.0,239566.7622804632,600580.3657309673,362550.23195854237,0.0,245611.11582056002,608161.3477791024
595,10080.73144,0.0,0.0,130.562878500001,9950.168561499999,529.361718500002,361013.603450504,0.0,239566.7622804632,600580.3657309673,362550.23195854237,0.0,245611.11582056002,608161.3477791024
596,10079.53028,0.0,0.0,129.361718500002,9950.168561499999,400.0,361013.603450504,0.0,239566.7622804632,600580.3657309673,362550.23195854237,0.0,245611.11582056002,608161.3477791024
597,10078.32913,0.0,0.0,0.0,10078.32913,400.0,361013.603450504,0.0,239566.7622804632,600580.3657309673,362550.23195854237,0.0,245611.11582056002,608161.3477791024
598,10077.12798,0.0,0.0,0.0,10077.12798,400.0,361013.603450504,0.0,239566.7622804632,600580.3657309673,362550.23195854237,0.0,245611.11582056002,608161.3477791024
599,10076.27257,0.0,0.0,0.0,10076.27257,400.0,361013.603450504,0.0,239566.7622804632,600580.3657309673,362550.23195854237,0.0,245611.11582056002,608161.3477791024
600,10075.4718,0.0,0.0,0.0,10075.4718,400.0,361013.603450504,0.0,239566.7622804632,600580.3657309673,362550.23195854237,0.0,245611.11582056002,608161.3477791024
601,10074.67104,0.0,0.0,0.0,10074.67104,400.0,361013.603450504,0.0,239566.7622804632,600580.3657309673,362550.23195854237,0.0,245611.11582056002,608161.3477791024
602,10073.87027,0.0,0.0,0.0,10073.87027,400.0,361013.603450504,0.0,239566.7622804632,600580.3657309673,362550.23195854237,0.0,245611.11582056002,608161.3477791024
603,10073.0695,0.0,0.0,0.0,10073.0695,400.0,361013.603450504,0.0,239566.7622804632,600580.3657309673,362550.23195854237,0.0,245611.11582056002,608161.3477791024
604,10071.69924,0.0,0.0,0.0,10071.69924,400.0,361013.603450504,0.0,239566.7622804632,600580.3657309673,362550.23195854237,0.0,245611.11582056002,608161.3477791024
605,10070.09771,0.0,63.0403293977182,0.0,10133.138039397718,455.475489869992,361013.603450504,0.0,239566.7622804632,600580.3657309673,362550.23195854237,0.0,245611.11582056002,608161.3477791024
606,10068.49617,0.0022240000000000003,505.411019852274,0.0,10573.904965852274,900.237187339993,361013.603450504,0.0,239566.7622804632,600580.3657309673,362550.23195854237,0.0,245611.11582056002,608161.3477791024
607,10066.89463,0.013172000000000001,507.023507852275,0.0,10573.904965852274,1346.41787425,361013.603450504,0.0,239566.7622804632,600580.3657309673,362550.23195854237,0.0,245611.11582056002,608161.3477791024
608,10065.2931,0.02336,508.635225852273,0.0,10573.904965852274,1794.016873,361013.603450504,0.0,239566.7622804632,600580.3657309673,362550.23195854237,0.0,245611.11582056002,608161.3477791024
609,10063.57969,0.030843,510.356118852271,0.0,10573.90496585227,2243.13025758999,361013.603450504,0.0,239566.7622804632,600580.3657309673,362550.23195854237,0.0,245611.11582056002,608161.3477791024
610,10061.77796,0.036341000000000005,512.163346852276,0.0,10573.904965852274,2693.83400282,361013.603450504,0.0,239566.7622804632,600580.3657309673,362550.23195854237,0.0,245611.11582056002,608161.3477791024
611,10059.97623,0.037359,513.966094852274,0.0,10573.904965852274,3146.12416629,361013.603450504,0.0,239566.7622804632,600580.3657309673,362550.23195854237,0.0,245611.11582056002,608161.3477791024
612,10058.1745,0.037527000000000005,515.767992852276,0.0,10573.904965852274,3600.0,361013.603450504,0.0,239566.7622804632,600580.3657309673,362550.23195854237,0.0,245611.11582056002,608161.3477791024
613,10056.37278,0.034677,0.0,1000.0,9056.338103,2600.00000000001,361013.603450504,0.0,239566.7622804632,600580.3657309673,362550.23195854237,0.0,245611.11582056002,608161.3477791024
614,10055.05928,0.030121,0.0,1000.0,9055.029159,1600.00000000001,361013.603450504,0.0,239566.7622804632,600580.3657309673,362550.23195854237,0.0,245611.11582056002,608161.3477791024
615,10054.4587,0.021994,0.0,688.4765305,9365.960175499999,911.523469500007,361013.603450504,0.0,239566.7622804632,600580.3657309673,362550.23195854237,0.0,245611.11582056002,608161.3477791024
616,10053.85813,0.011351000000000002,0.0,103.678217500003,9950.168561499999,807.845252000005,361013.603450504,0.0,239566.7622804632,600580.3657309673,362550.23195854237,0.0,245611.11582056002,608161.3477791024
617,10053.25755,0.001442,0.0,103.087546500001,9950.168561499999,704.757705500004,361013.603450504,0.0,239566.7622804632,600580.3657309673,362550.23195854237,0.0,245611.11582056002,608161.3477791024
618,10052.65698,0.0,0.0,102.488418500001,9950.168561499999,602.269287000003,361013.603450504,0.0,239566.7622804632,600580.3657309673,362550.23195854237,0.0,245611.11582056002,608161.3477791024
619,10051.90378,0.0,0.0,101.735218500002,9950.168561499999,500.534068500001,361013.603450504,0.0,239566.7622804632,600580.3657309673,362550.23195854237,0.0,245611.11582056002,608161.3477791024
620,10050.70263,0.0,0.0,100.534068500001,9950.168561499999,400.0,361013.603450504,0.0,239566.7622804632,600580.3657309673,362550.23195854237,0.0,245611.11582056002,608161.3477791024
621,10049.50148,0.0,0.0,0.0,10049.50148,400.0,361013.603450504,0.0,239566.7622804632,600580.3657309673,362550.23195854237,0.0,245611.11582056002,608161.3477791024
622,10048.30033,0.0,0.0,0.0,10048.30033,400.0,361013.603450504,0.0,239566.7622804632,600580.3657309673,362550.23195854237,0.0,245611.11582056002,608161.3477791024
623,10047.09917,0.0,0.0,0.0,10047.09917,400.0,361013.603450504,0.0,239566.7622804632,600580.3657309673,362550.23195854237,0.0,245611.11582056002,608161.3477791024
624,10045.79616,0.0,0.0,0.0,10045.79616,400.0,361013.603450504,0.0,239566.7622804632,600580.3657309673,362550.23195854237,0.0,245611.11582056002,608161.3477791024
625,10043.59405,0.0,0.0,0.0,10043.59405,400.0,361013.603450504,0.0,239566.7622804632,600580.3657309673,362550.23195854237,0.0,245611.11582056002,608161.3477791024
626,10041.39193,0.0,0.0,0.0,10041.39193,400.0,361013.603450504,0.0,239566.7622804632,600580.3657309673,362550.23195854237,0.0,245611.11582056002,608161.3477791024
627,10039.18982,0.0,0.0,0.0,10039.18982,400.0,361013.603450504,0.0,239566.7622804632,600580.3657309673,362550.23195854237,0.0,245611.11582056002,608161.3477791024
628,10036.98771,0.0,0.0,0.0,10036.98771,400.0,361013.603450504,0.0,239566.7622804632,600580.3657309673,362550.23195854237,0.0,245611.11582056002,608161.3477791024
629,10034.7856,0.0,0.0,0.0,10034.7856,400.0,361013.603450504,0.0,239566.7622804632,600580.3657309673,362550.23195854237,0.0,245611.11582056002,608161.3477791024
630,10033.34374,0.002202,362.869625249984,0.0,10396.211163249984,719.325270219986,361013.603450504,0.0,239566.7622804632,600580.3657309673,362550.23195854237,0.0,245611.11582056002,608161.3477791024
631,10031.9424,0.013497,541.976062852274,0.0,10573.904965852274,1196.26420552999,361013.603450504,0.0,239566.7622804632,600580.3657309673,362550.23195854237,0.0,245611.11582056002,608161.3477791024
632,10030.54105,0.02427,543.388185852269,0.0,10573.904965852269,1674.44580907998,361013.603450504,0.0,239566.7622804632,600580.3657309673,362550.23195854237,0.0,245611.11582056002,608161.3477791024
633,10029.13971,0.031299,544.796554852275,0.0,10573.904965852274,2153.86677734999,361013.603450504,0.0,239566.7622804632,600580.3657309673,362550.23195854237,0.0,245611.11582056002,608161.3477791024
634,10027.73837,0.03512,546.201715852276,0.0,10573.904965852274,2634.52428729999,361013.603450504,0.0,239566.7622804632,600580.3657309673,362550.23195854237,0.0,245611.11582056002,608161.3477791024
635,10026.17746,0.037347000000000005,547.764852852273,0.0,10573.904965852274,3116.55735780999,361013.603450504,0.0,239566.7622804632,600580.3657309673,362550.23195854237,0.0,245611.11582056002,608161.3477791024
636,10024.57592,0.037593,549.366638852274,0.0,10573.904965852274,3600.0,361013.603450504,0.0,239566.7622804632,600580.3657309673,362550.23195854237,0.0,245611.11582056002,608161.3477791024
637,10022.97438,0.035675,0.0,1000.0,9022.938705,2600.0,361013.603450504,0.0,239566.7622804632,600580.3657309673,362550.23195854237,0.0,245611.11582056002,608161.3477791024
638,10021.37285,0.030848,0.0,1000.0,9021.342002,1599.99999999999,361013.603450504,0.0,239566.7622804632,600580.3657309673,362550.23195854237,0.0,245611.11582056002,608161.3477791024
639,10019.77131,0.022366,0.0,876.022490499986,9143.726453500014,723.977509500006,361013.603450504,0.0,239566.7622804632,600580.3657309673,362550.23195854237,0.0,245611.11582056002,608161.3477791024
640,10018.16977,0.011845000000000001,0.0,67.9893635000008,9950.168561499999,655.988146000005,361013.603450504,0.0,239566.7622804632,600580.3657309673,362550.23195854237,0.0,245611.11582056002,608161.3477791024
641,10016.56824,0.001348,0.0,66.398330500002,9950.168561499999,589.589815500003,361013.603450504,0.0,239566.7622804632,600580.3657309673,362550.23195854237,0.0,245611.11582056002,608161.3477791024
642,10014.9667,0.0,0.0,64.7981385000021,9950.168561499999,524.791677000001,361013.603450504,0.0,239566.7622804632,600580.3657309673,362550.23195854237,0.0,245611.11582056002,608161.3477791024
643,10013.36517,0.0,0.0,63.1966085000004,9950.168561499999,461.595068500001,361013.603450504,0.0,239566.7622804632,600580.3657309673,362550.23195854237,0.0,245611.11582056002,608161.3477791024
644,10011.76363,0.0,0.0,61.5950685000007,9950.168561499999,400.0,361013.603450504,0.0,239566.7622804632,600580.3657309673,362550.23195854237,0.0,245611.11582056002,608161.3477791024
645,10010.26066,0.0,0.0,0.0,10010.26066,400.0,361013.603450504,0.0,239566.7622804632,600580.3657309673,362550.23195854237,0.0,245611.11582056002,608161.3477791024
646,10008.85931,0.0,0.0,0.0,10008.85931,400.0,361013.603450504,0.0,239566.7622804632,600580.3657309673,362550.23195854237,0.0,245611.11582056002,608161.3477791024
647,10007.45797,0.0,0.0,0.0,10007.45797,400.0,361013.603450504,0.0,239566.7622804632,600580.3657309673,362550.23195854237,0.0,245611.11582056002,608161.3477791024
648,10006.05663,0.0,0.0,0.0,10006.05663,400.0,361013.603450504,0.0,239566.7622804632,600580.3657309673,362550.23195854237,0.0,245611.11582056002,608161.3477791024
649,10004.65528,0.0,0.0,0.0,10004.65528,400.0,361013.603450504,0.0,239566.7622804632,600580.3657309673,362550.23195854237,0.0,245611.11582056002,608161.3477791024
650,10003.25394,0.0,0.0,0.0,10003.25394,400.0,361013.603450504,0.0,239566.7622804632,600580.3657309673,362550.23195854237,0.0,245611.11582056002,608161.3477791024
651,10001.85259,0.0,0.0,0.0,10001.85259,400.0,361013.603450504,0.0,239566.7622804632,600580.3657309673,362550.23195854237,0.0,245611.11582056002,608161.3477791024
652,10000.45125,0.0,0.0,0.0,10000.45125,400.0,361013.603450504,0.0,239566.7622804632,600580.3657309673,362550.23195854237,0.0,245611.11582056002,608161.3477791024
653,9999.049904,0.0,0.0,0.0,9999.049904,400.0,361013.603450504,0.0,239566.7622804632,600580.3657309673,362550.23195854237,0.0,245611.11582056002,608161.3477791024
654,9997.648559,0.001773,0.0,0.0,9997.646786,400.0,361013.603450504,0.0,239566.7622804632,600580.3657309673,362550.23195854237,0.0,245611.11582056002,608161.3477791024
655,9996.20965,0.01226,0.0,0.0,9996.197390000001,400.0,361013.603450504,0.0,239566.7622804632,600580.3657309673,362550.23195854237,0.0,245611.11582056002,608161.3477791024
656,9994.608113,0.022574000000000004,0.0,0.0,9994.585539,400.0,361013.603450504,0.0,239566.7622804632,600580.3657309673,362550.23195854237,0.0,245611.11582056002,608161.3477791024
657,9993.006577,0.030577000000000003,0.0,0.0,9992.976,400.0,361013.603450504,0.0,239566.7622804632,600580.3657309673,362550.23195854237,0.0,245611.11582056002,608161.3477791024
658,9991.40504,0.03621800000000001,0.0,0.0,9991.368822,400.0,361013.603450504,0.0,239566.7622804632,600580.3657309673,362550.23195854237,0.0,245611.11582056002,608161.3477791024
659,9989.803504,0.038575000000000005,0.0,0.0,9989.764928999999,400.0,361013.603450504,0.0,239566.7622804632,600580.3657309673,362550.23195854237,0.0,245611.11582056002,608161.3477791024
660,9988.194902,0.037693,0.0,0.0,9988.157208999999,400.0,361013.603450504,0.0,239566.7622804632,600580.3657309673,362550.23195854237,0.0,245611.11582056002,608161.3477791024
661,9986.393174,0.034914,0.0,0.0,9986.35826,400.0,361013.603450504,0.0,239566.7622804632,600580.3657309673,362550.23195854237,0.0,245611.11582056002,608161.3477791024
662,9984.591445,0.026267,0.0,0.0,9984.565178,400.0,361013.603450504,0.0,239566.7622804632,600580.3657309673,362550.23195854237,0.0,245611.11582056002,608161.3477791024
663,9982.789717,0.016939,0.0,0.0,9982.772778,400.0,361013.603450504,0.0,239566.7622804632,600580.3657309673,362550.23195854237,0.0,245611.11582056002,608161.3477791024
664,9980.987989,0.011474999999999999,0.0,0.0,9980.976514,400.0,361013.603450504,0.0,239566.7622804632,600580.3657309673,362550.23195854237,0.0,245611.11582056002,608161.3477791024
665,9979.18626,0.001067,0.0,0.0,9979.185193000001,400.0,361013.603450504,0.0,239566.7622804632,600580.3657309673,362550.23195854237,0.0,245611.11582056002,608161.3477791024
666,9977.207774,0.0,0.0,0.0,9977.207774,400.0,361013.603450504,0.0,239566.7622804632,600580.3657309673,362550.23195854237,0.0,245611.11582056002,608161.3477791024
667,9975.205853,0.0,0.0,0.0,9975.205853,400.0,361013.603450504,0.0,239566.7622804632,600580.3657309673,362550.23195854237,0.0,245611.11582056002,608161.3477791024
668,9973.203933,0.0,0.0,0.0,9973.203933,400.0,361013.603450504,0.0,239566.7622804632,600580.3657309673,362550.23195854237,0.0,245611.11582056002,608161.3477791024
669,9971.202013,0.0,0.0,0.0,9971.202013,400.0,361013.603450504,0.0,239566.7622804632,600580.3657309673,362550.23195854237,0.0,245611.11582056002,608161.3477791024
670,9969.200092,0.0,0.0,0.0,9969.200092,400.0,361013.603450504,0.0,239566.7622804632,600580.3657309673,362550.23195854237,0.0,245611.11582056002,608161.3477791024
671,9966.466882,0.0,0.0,0.0,9966.466882,400.0,361013.603450504,0.0,239566.7622804632,600580.3657309673,362550.23195854237,0.0,245611.11582056002,608161.3477791024
672,9963.464001,0.0,0.0,0.0,9963.464001,400.0,361013.603450504,0.0,239566.7622804632,600580.3657309673,362550.23195854237,0.0,245611.11582056002,608161.3477791024
673,9960.461121,0.0,0.0,0.0,9960.461121,400.0,361013.603450504,0.0,239566.7622804632,600580.3657309673,362550.23195854237,0.0,245611.11582056002,608161.3477791024
674,9957.45824,0.0,0.0,0.0,9957.45824,400.0,361013.603450504,0.0,239566.7622804632,600580.3657309673,362550.23195854237,0.0,245611.11582056002,608161.3477791024
675,9954.455359,0.0,0.0,0.0,9954.455359,400.0,361013.603450504,0.0,239566.7622804632,600580.3657309673,362550.23195854237,0.0,245611.11582056002,608161.3477791024
676,9952.378543,0.0,0.0,0.0,9952.378543,400.0,361013.603450504,0.0,239566.7622804632,600580.3657309673,362550.23195854237,0.0,245611.11582056002,608161.3477791024
677,9950.977199,0.0,0.0,0.0,9950.977199,400.0,361013.603450504,0.0,239566.7622804632,600580.3657309673,362550.23195854237,0.0,245611.11582056002,608161.3477791024
678,9949.575855,0.002069,0.0,0.0,9949.573785999999,400.0,361013.603450504,0.0,239566.7622804632,600580.3657309673,362550.23195854237,0.0,245611.11582056002,608161.3477791024
679,9948.174511,0.011545999999999999,0.0,0.0,9948.162965,400.0,361013.603450504,0.0,239566.7622804632,600580.3657309673,362550.23195854237,0.0,245611.11582056002,608161.3477791024
680,9946.773166,0.022393,0.0,0.0,9946.750773000002,400.0,361013.603450504,0.0,239566.7622804632,600580.3657309673,362550.23195854237,0.0,245611.11582056002,608161.3477791024
681,9945.116047,0.031962,0.0,0.0,9945.084085,400.0,361013.603450504,0.0,239566.7622804632,600580.3657309673,362550.23195854237,0.0,245611.11582056002,608161.3477791024
682,9943.114127,0.025988,0.0,0.0,9943.088139000001,400.0,361013.603450504,0.0,239566.7622804632,600580.3657309673,362550.23195854237,0.0,245611.11582056002,608161.3477791024
683,9941.112206,0.035549,0.0,0.0,9941.076657,400.0,361013.603450504,0.0,239566.7622804632,600580.3657309673,362550.23195854237,0.0,245611.11582056002,608161.3477791024
684,9939.110286,0.035979,0.0,0.0,9939.074306999999,400.0,361013.603450504,0.0,239566.7622804632,600580.3657309673,362550.23195854237,0.0,245611.11582056002,608161.3477791024
685,9937.108365,0.033821,0.0,0.0,9937.074544,400.0,361013.603450504,0.0,239566.7622804632,600580.3657309673,362550.23195854237,0.0,245611.11582056002,608161.3477791024
686,9935.106445,0.028907000000000002,0.0,0.0,9935.077538,400.0,361013.603450504,0.0,239566.7622804632,600580.3657309673,362550.23195854237,0.0,245611.11582056002,608161.3477791024
687,9933.104524,0.011321,0.0,0.0,9933.093203,400.0,361013.603450504,0.0,239566.7622804632,600580.3657309673,362550.23195854237,0.0,245611.11582056002,608161.3477791024
688,9931.102604,0.002367,0.0,0.0,9931.100237,400.0,361013.603450504,0.0,239566.7622804632,600580.3657309673,362550.23195854237,0.0,245611.11582056002,608161.3477791024
689,9929.100684,0.000229,0.0,0.0,9929.100455,400.0,361013.603450504,0.0,239566.7622804632,600580.3657309673,362550.23195854237,0.0,245611.11582056002,608161.3477791024
690,9927.098763,0.0,0.0,0.0,9927.098763,400.0,361013.603450504,0.0,239566.7622804632,600580.3657309673,362550.23195854237,0.0,245611.11582056002,608161.3477791024
691,9925.072584,0.0,0.0,0.0,9925.072584,400.0,361013.603450504,0.0,239566.7622804632,600580.3657309673,362550.23195854237,0.0,245611.11582056002,608161.3477791024
692,9922.870472,0.0,0.0,0.0,9922.870472,400.0,361013.603450504,0.0,239566.7622804632,600580.3657309673,362550.23195854237,0.0,245611.11582056002,608161.3477791024
693,9920.668359,0.0,0.0,0.0,9920.668359,400.0,361013.603450504,0.0,239566.7622804632,600580.3657309673,362550.23195854237,0.0,245611.11582056002,608161.3477791024
694,9918.466247,0.0,0.0,0.0,9918.466247,400.0,361013.603450504,0.0,239566.7622804632,600580.3657309673,362550.23195854237,0.0,245611.11582056002,608161.3477791024
695,9916.264134,0.0,0.0,0.0,9916.264134,400.0,361013.603450504,0.0,239566.7622804632,600580.3657309673,362550.23195854237,0.0,245611.11582056002,608161.3477791024
696,9914.062022,0.0,0.0,0.0,9914.062022,400.0,361013.603450504,0.0,239566.7622804632,600580.3657309673,362550.23195854237,0.0,245611.11582056002,608161.3477791024
697,9911.859909,0.0,0.0,0.0,9911.859909,400.0,361013.603450504,0.0,239566.7622804632,600580.3657309673,362550.23195854237,0.0,245611.11582056002,608161.3477791024
698,9909.657797,0.0,0.0,0.0,9909.657797,400.0,361013.603450504,0.0,239566.7622804632,600580.3657309673,362550.23195854237,0.0,245611.11582056002,608161.3477791024
699,9907.455684,0.0,0.0,0.0,9907.455684,400.0,361013.603450504,0.0,239566.7622804632,600580.3657309673,362550.23195854237,0.0,245611.11582056002,608161.3477791024
700,9905.253572,0.0,0.0,0.0,9905.253572,400.0,361013.603450504,0.0,239566.7622804632,600580.3657309673,362550.23195854237,0.0,245611.11582056002,608161.3477791024
701,9903.051459,0.0,0.0,0.0,9903.051459,400.0,361013.603450504,0.0,239566.7622804632,600580.3657309673,362550.23195854237,0.0,245611.11582056002,608161.3477791024
702,9901.176249,0.002138,0.0,0.0,9901.174111,400.0,361013.603450504,0.0,239566.7622804632,600580.3657309673,362550.23195854237,0.0,245611.11582056002,608161.3477791024
703,9899.37452,0.013053,237.492097102262,0.0,10136.85356410226,608.99304544999,361013.603450504,0.0,239566.7622804632,600580.3657309673,362550.23195854237,0.0,245611.11582056002,608161.3477791024
704,9897.572792,0.016485,676.348658852274,0.0,10573.904965852274,1204.17986523999,361013.603450504,0.0,239566.7622804632,600580.3657309673,362550.23195854237,0.0,245611.11582056002,608161.3477791024
705,9895.771063,0.01889,678.152792852278,0.0,10573.904965852278,1800.95432295,361013.603450504,0.0,239566.7622804632,600580.3657309673,362550.23195854237,0.0,245611.11582056002,608161.3477791024
706,9893.969335,0.024889,679.960519852275,0.0,10573.904965852274,2399.31958042,361013.603450504,0.0,239566.7622804632,600580.3657309673,362550.23195854237,0.0,245611.11582056002,608161.3477791024
707,9892.433509,0.036073,681.507529852273,0.0,10573.904965852274,2999.04620669,361013.603450504,0.0,239566.7622804632,600580.3657309673,362550.23195854237,0.0,245611.11582056002,608161.3477791024
708,9891.032164,0.029236,682.902037852275,0.0,10573.904965852274,3600.0,361013.603450504,0.0,239566.7622804632,600580.3657309673,362550.23195854237,0.0,245611.11582056002,608161.3477791024
709,9889.63082,0.017552,0.0,1000.0,8889.613268000001,2600.0,361013.603450504,0.0,239566.7622804632,600580.3657309673,362550.23195854237,0.0,245611.11582056002,608161.3477791024
710,9888.229476,0.020005,0.0,1000.0,8888.209471,1600.0,361013.603450504,0.0,239566.7622804632,600580.3657309673,362550.23195854237,0.0,245611.11582056002,608161.3477791024
711,9886.828131,0.014853,0.0,1000.0,8886.813278,600.0,361013.603450504,0.0,239566.7622804632,600580.3657309673,362550.23195854237,0.0,245611.11582056002,608161.3477791024
712,9885.324336,0.0058579999999999995,0.0,200.0,9685.318478,400.0,361013.603450504,0.0,239566.7622804632,600580.3657309673,362550.23195854237,0.0,245611.11582056002,608161.3477791024
713,9883.7228,0.0012360000000000001,0.0,0.0,9883.721564,400.0,361013.603450504,0.0,239566.7622804632,600580.3657309673,362550.23195854237,0.0,245611.11582056002,608161.3477791024
714,9882.121263,0.0,0.0,0.0,9882.121263,400.0,361013.603450504,0.0,239566.7622804632,600580.3657309673,362550.23195854237,0.0,245611.11582056002,608161.3477791024
715,9880.519727,0.0,0.0,0.0,9880.519727,400.0,361013.603450504,0.0,239566.7622804632,600580.3657309673,362550.23195854237,0.0,245611.11582056002,608161.3477791024
716,9878.918191,0.0,0.0,0.0,9878.918191,400.0,361013.603450504,0.0,239566.7622804632,600580.3657309673,362550.23195854237,0.0,245611.11582056002,608161.3477791024
717,9877.244703,0.0,696.660262852274,0.0,10573.904965852274,1013.06103131,361013.603450504,0.0,239566.7622804632,600580.3657309673,362550.23195854237,0.0,245611.11582056002,608161.3477791024
718,9875.442974,0.0,698.461991852275,0.0,10573.904965852274,1627.70758414,361013.603450504,0.0,239566.7622804632,600580.3657309673,362550.23195854237,0.0,245611.11582056002,608161.3477791024
719,9873.641246,0.0,423.059563477269,0.0,10296.700809477268,2000.0,361013.603450504,0.0,239566.7622804632,600580.3657309673,362550.23195854237,0.0,245611.11582056002,608161.3477791024
