time,Pload,Ppv,Pcharge,Pdischarge,Ptotal,state of charge,energy_charge_with_es,nem_charge_with_es,demand_charge_with_es,total_bill_with_es,energy_charge_without_es,nem_charge_without_es,demand_charge_without_es,total_bill_without_es
0,9871.839518,0.0,0.0,0.0,9871.839518,400.0,343062.3268915692,0.0,189387.03424436014,532449.3611359294,343132.6867056742,0.0,190187.3561694,533320.0428750742
1,9870.037789,0.0,0.0,0.0,9870.037789,400.0,343062.3268915692,0.0,189387.03424436014,532449.3611359294,343132.6867056742,0.0,190187.3561694,533320.0428750742
2,9868.277512,0.0,0.0,0.0,9868.277512,400.0,343062.3268915692,0.0,189387.03424436014,532449.3611359294,343132.6867056742,0.0,190187.3561694,533320.0428750742
3,9866.675976,0.0,0.0,0.0,9866.675976,400.0,343062.3268915692,0.0,189387.03424436014,532449.3611359294,343132.6867056742,0.0,190187.3561694,533320.0428750742
4,9865.07444,0.0,0.0,0.0,9865.07444,400.0,343062.3268915692,0.0,189387.03424436014,532449.3611359294,343132.6867056742,0.0,190187.3561694,533320.0428750742
5,9863.472903,0.0,0.0,0.0,9863.472903,400.0,343062.3268915692,0.0,189387.03424436014,532449.3611359294,343132.6867056742,0.0,190187.3561694,533320.0428750742
6,9861.871367,0.001905,0.0,0.0,9861.869462,400.0,343062.3268915692,0.0,189387.03424436014,532449.3611359294,343132.6867056742,0.0,190187.3561694,533320.0428750742
7,9860.280782,0.012696,0.0,0.0,9860.268086,400.0,343062.3268915692,0.0,189387.03424436014,532449.3611359294,343132.6867056742,0.0,190187.3561694,533320.0428750742
8,9858.879438,0.023673,0.0,0.0,9858.855765,400.0,343062.3268915692,0.0,189387.03424436014,532449.3611359294,343132.6867056742,0.0,190187.3561694,533320.0428750742
9,9857.478094,0.029825,63.6363636363636,0.0,9921.084632636364,456.0,343062.3268915692,0.0,189387.03424436014,532449.3611359294,343132.6867056742,0.0,190187.3561694,533320.0428750742
10,9856.076749,0.034332,100.0,0.0,9956.042417,544.0,343062.3268915692,0.0,189387.03424436014,532449.3611359294,343132.6867056742,0.0,190187.3561694,533320.0428750742
11,9854.675405,0.036597000000000005,100.0,0.0,9954.638808,632.0,343062.3268915692,0.0,189387.03424436014,532449.3611359294,343132.6867056742,0.0,190187.3561694,533320.0428750742
12,9853.274061,0.034432000000000004,100.0,0.0,9953.239629,720.0,343062.3268915692,0.0,189387.03424436014,532449.3611359294,343132.6867056742,0.0,190187.3561694,533320.0428750742
13,9851.692072,0.031338000000000005,0.0,100.0,9751.660734,620.0,343062.3268915692,0.0,189387.03424436014,532449.3611359294,343132.6867056742,0.0,190187.3561694,533320.0428750742
14,9850.090536,0.025588000000000003,0.0,100.0,9750.064948,520.0,343062.3268915692,0.0,189387.03424436014,532449.3611359294,343132.6867056742,0.0,190187.3561694,533320.0428750742
15,9848.489,0.018112,0.0,100.0,9748.470888,420.0,343062.3268915692,0.0,189387.03424436014,532449.3611359294,343132.6867056742,0.0,190187.3561694,533320.0428750742
16,9846.887463,0.0065309999999999995,0.0,100.0,9746.880931999998,320.0,343062.3268915692,0.0,189387.03424436014,532449.3611359294,343132.6867056742,0.0,190187.3561694,533320.0428750742
17,9845.285927,0.001192,0.0,100.0,9745.284735000001,220.0,343062.3268915692,0.0,189387.03424436014,532449.3611359294,343132.6867056742,0.0,190187.3561694,533320.0428750742
18,9843.684391,0.0,0.0,100.0,9743.684391,120.0,343062.3268915692,0.0,189387.03424436014,532449.3611359294,343132.6867056742,0.0,190187.3561694,533320.0428750742
19,9842.082854,0.0,0.0,40.0,9802.082854,80.0,343062.3268915692,0.0,189387.03424436014,532449.3611359294,343132.6867056742,0.0,190187.3561694,533320.0428750742
20,9840.481318,0.0,0.0,0.0,9840.481318,80.0,343062.3268915692,0.0,189387.03424436014,532449.3611359294,343132.6867056742,0.0,190187.3561694,533320.0428750742
21,9838.879782,0.0,100.0,0.0,9938.879782,168.0,343062.3268915692,0.0,189387.03424436014,532449.3611359294,343132.6867056742,0.0,190187.3561694,533320.0428750742
22,9837.278245,0.0,100.0,0.0,9937.278245,256.0,343062.3268915692,0.0,189387.03424436014,532449.3611359294,343132.6867056742,0.0,190187.3561694,533320.0428750742
23,9835.796353,0.0,27.2727272727273,0.0,9863.069080272728,280.0,343062.3268915692,0.0,189387.03424436014,532449.3611359294,343132.6867056742,0.0,190187.3561694,533320.0428750742
24,9834.395009,0.0,0.0,0.0,9834.395009,280.0,343062.3268915692,0.0,189387.03424436014,532449.3611359294,343132.6867056742,0.0,190187.3561694,533320.0428750742
25,9832.993664,0.0,0.0,0.0,9832.993664,280.0,343062.3268915692,0.0,189387.03424436014,532449.3611359294,343132.6867056742,0.0,190187.3561694,533320.0428750742
26,9831.59232,0.0,0.0,0.0,9831.59232,280.0,343062.3268915692,0.0,189387.03424436014,532449.3611359294,343132.6867056742,0.0,190187.3561694,533320.0428750742
27,9830.190976,0.0,0.0,0.0,9830.190976,280.0,343062.3268915692,0.0,189387.03424436014,532449.3611359294,343132.6867056742,0.0,190187.3561694,533320.0428750742
28,9828.878776,0.0,0.0,0.0,9828.878776,280.0,343062.3268915692,0.0,189387.03424436014,532449.3611359294,343132.6867056742,0.0,190187.3561694,533320.0428750742
29,9827.677624,0.0,0.0,0.0,9827.677624,280.0,343062.3268915692,0.0,189387.03424436014,532449.3611359294,343132.6867056742,0.0,190187.3561694,533320.0428750742
30,9826.476471,0.002404,0.0,0.0,9826.474067,280.0,343062.3268915692,0.0,189387.03424436014,532449.3611359294,343132.6867056742,0.0,190187.3561694,533320.0428750742
31,9825.275319,0.012403,0.0,0.0,9825.262916,280.0,343062.3268915692,0.0,189387.03424436014,532449.3611359294,343132.6867056742,0.0,190187.3561694,533320.0428750742
32,9824.074167,0.019907,100.0,0.0,9924.05426,368.0,343062.3268915692,0.0,189387.03424436014,532449.3611359294,343132.6867056742,0.0,190187.3561694,533320.0428750742
33,9822.81437,0.025544,100.0,0.0,9922.788826,456.0,343062.3268915692,0.0,189387.03424436014,532449.3611359294,343132.6867056742,0.0,190187.3561694,533320.0428750742
34,9821.413026,0.032333,100.0,0.0,9921.380693000001,544.0,343062.3268915692,0.0,189387.03424436014,532449.3611359294,343132.6867056742,0.0,190187.3561694,533320.0428750742
35,9820.011681,0.034851999999999994,100.0,0.0,9919.976829,632.0,343062.3268915692,0.0,189387.03424436014,532449.3611359294,343132.6867056742,0.0,190187.3561694,533320.0428750742
36,9818.610337,0.029908,100.0,0.0,9918.580429,720.0,343062.3268915692,0.0,189387.03424436014,532449.3611359294,343132.6867056742,0.0,190187.3561694,533320.0428750742
37,9817.208993,0.02305,0.0,100.0,9717.185943,620.0,343062.3268915692,0.0,189387.03424436014,532449.3611359294,343132.6867056742,0.0,190187.3561694,533320.0428750742
38,9815.863938,0.02675,0.0,100.0,9715.837188,520.0,343062.3268915692,0.0,189387.03424436014,532449.3611359294,343132.6867056742,0.0,190187.3561694,533320.0428750742
39,9814.862978,0.016184,0.0,100.0,9714.846794,420.0,343062.3268915692,0.0,189387.03424436014,532449.3611359294,343132.6867056742,0.0,190187.3561694,533320.0428750742
40,9813.862017,0.004417,0.0,100.0,9713.8576,320.0,343062.3268915692,0.0,189387.03424436014,532449.3611359294,343132.6867056742,0.0,190187.3561694,533320.0428750742
41,9812.861057,0.000277,0.0,100.0,9712.86078,220.0,343062.3268915692,0.0,189387.03424436014,532449.3611359294,343132.6867056742,0.0,190187.3561694,533320.0428750742
42,9811.860097,0.0,0.0,100.0,9711.860097,120.0,343062.3268915692,0.0,189387.03424436014,532449.3611359294,343132.6867056742,0.0,190187.3561694,533320.0428750742
43,9810.859137,0.0,0.0,40.0,9770.859137,80.0,343062.3268915692,0.0,189387.03424436014,532449.3611359294,343132.6867056742,0.0,190187.3561694,533320.0428750742
44,9810.25385,0.0,0.0,0.0,9810.25385,80.0,343062.3268915692,0.0,189387.03424436014,532449.3611359294,343132.6867056742,0.0,190187.3561694,533320.0428750742
45,9809.653274,0.0,100.0,0.0,9909.653274,168.0,343062.3268915692,0.0,189387.03424436014,532449.3611359294,343132.6867056742,0.0,190187.3561694,533320.0428750742
46,9809.052698,0.0,100.0,0.0,9909.052698,256.0,343062.3268915692,0.0,189387.03424436014,532449.3611359294,343132.6867056742,0.0,190187.3561694,533320.0428750742
47,9808.452122,0.0,27.2727272727273,0.0,9835.724849272729,280.0,343062.3268915692,0.0,189387.03424436014,532449.3611359294,343132.6867056742,0.0,190187.3561694,533320.0428750742
48,9807.851546,0.0,0.0,0.0,9807.851546,280.0,343062.3268915692,0.0,189387.03424436014,532449.3611359294,343132.6867056742,0.0,190187.3561694,533320.0428750742
49,9807.250969,0.0,0.0,0.0,9807.250969,280.0,343062.3268915692,0.0,189387.03424436014,532449.3611359294,343132.6867056742,0.0,190187.3561694,533320.0428750742
50,9806.650393,0.0,0.0,0.0,9806.650393,280.0,343062.3268915692,0.0,189387.03424436014,532449.3611359294,343132.6867056742,0.0,190187.3561694,533320.0428750742
51,9806.049817,0.0,0.0,0.0,9806.049817,280.0,343062.3268915692,0.0,189387.03424436014,532449.3611359294,343132.6867056742,0.0,190187.3561694,533320.0428750742
52,9805.449241,0.0,0.0,0.0,9805.449241,280.0,343062.3268915692,0.0,189387.03424436014,532449.3611359294,343132.6867056742,0.0,190187.3561694,533320.0428750742
53,9804.848665,0.0,0.0,0.0,9804.848665,280.0,343062.3268915692,0.0,189387.03424436014,532449.3611359294,343132.6867056742,0.0,190187.3561694,533320.0428750742
54,9804.248089,0.0007980000000000001,0.0,0.0,9804.247291000001,280.0,343062.3268915692,0.0,189387.03424436014,532449.3611359294,343132.6867056742,0.0,190187.3561694,533320.0428750742
55,9803.647513,0.006502,0.0,0.0,9803.641011,280.0,343062.3268915692,0.0,189387.03424436014,532449.3611359294,343132.6867056742,0.0,190187.3561694,533320.0428750742
56,9803.046937,0.022594000000000003,100.0,0.0,9903.024343,368.0,343062.3268915692,0.0,189387.03424436014,532449.3611359294,343132.6867056742,0.0,190187.3561694,533320.0428750742
57,9802.44636,0.030674,100.0,0.0,9902.415686,456.0,343062.3268915692,0.0,189387.03424436014,532449.3611359294,343132.6867056742,0.0,190187.3561694,533320.0428750742
58,9801.845784,0.025073,100.0,0.0,9901.820710999998,544.0,343062.3268915692,0.0,189387.03424436014,532449.3611359294,343132.6867056742,0.0,190187.3561694,533320.0428750742
59,9801.351545,0.023306,100.0,0.0,9901.328239,632.0,343062.3268915692,0.0,189387.03424436014,532449.3611359294,343132.6867056742,0.0,190187.3561694,533320.0428750742
60,9800.951161,0.031054,100.0,0.0,9900.920107000002,720.0,343062.3268915692,0.0,189387.03424436014,532449.3611359294,343132.6867056742,0.0,190187.3561694,533320.0428750742
61,9800.550777,0.034057000000000004,0.0,100.0,9700.51672,620.0,343062.3268915692,0.0,189387.03424436014,532449.3611359294,343132.6867056742,0.0,190187.3561694,533320.0428750742
62,9800.150393,0.028120000000000003,0.0,100.0,9700.122272999999,520.0,343062.3268915692,0.0,189387.03424436014,532449.3611359294,343132.6867056742,0.0,190187.3561694,533320.0428750742
63,9799.750009,0.020468,0.0,100.0,9699.729540999999,420.0,343062.3268915692,0.0,189387.03424436014,532449.3611359294,343132.6867056742,0.0,190187.3561694,533320.0428750742
64,9799.273788,0.009746000000000001,0.0,100.0,9699.264042,320.0,343062.3268915692,0.0,189387.03424436014,532449.3611359294,343132.6867056742,0.0,190187.3561694,533320.0428750742
65,9798.673211,0.001087,0.0,100.0,9698.672123999999,220.0,343062.3268915692,0.0,189387.03424436014,532449.3611359294,343132.6867056742,0.0,190187.3561694,533320.0428750742
66,9798.072635,0.0,0.0,100.0,9698.072635,120.0,343062.3268915692,0.0,189387.03424436014,532449.3611359294,343132.6867056742,0.0,190187.3561694,533320.0428750742
67,9797.472059,0.0,0.0,40.0,9757.472059,80.0,343062.3268915692,0.0,189387.03424436014,532449.3611359294,343132.6867056742,0.0,190187.3561694,533320.0428750742
68,9796.871483,0.0,0.0,0.0,9796.871483,80.0,343062.3268915692,0.0,189387.03424436014,532449.3611359294,343132.6867056742,0.0,190187.3561694,533320.0428750742
69,9796.316245,0.0,100.0,0.0,9896.316245,168.0,343062.3268915692,0.0,189387.03424436014,532449.3611359294,343132.6867056742,0.0,190187.3561694,533320.0428750742
70,9795.91586,0.0,100.0,0.0,9895.91586,256.0,343062.3268915692,0.0,189387.03424436014,532449.3611359294,343132.6867056742,0.0,190187.3561694,533320.0428750742
71,9795.515476,0.0,27.2727272727273,0.0,9822.788203272728,280.0,343062.3268915692,0.0,189387.03424436014,532449.3611359294,343132.6867056742,0.0,190187.3561694,533320.0428750742
72,9795.115092,0.0,0.0,0.0,9795.115092,280.0,343062.3268915692,0.0,189387.03424436014,532449.3611359294,343132.6867056742,0.0,190187.3561694,533320.0428750742
73,9794.714708,0.0,0.0,0.0,9794.714708,280.0,343062.3268915692,0.0,189387.03424436014,532449.3611359294,343132.6867056742,0.0,190187.3561694,533320.0428750742
74,9794.314324,0.0,0.0,0.0,9794.314324,280.0,343062.3268915692,0.0,189387.03424436014,532449.3611359294,343132.6867056742,0.0,190187.3561694,533320.0428750742
75,9793.91394,0.0,0.0,0.0,9793.91394,280.0,343062.3268915692,0.0,189387.03424436014,532449.3611359294,343132.6867056742,0.0,190187.3561694,533320.0428750742
76,9793.513556,0.0,0.0,0.0,9793.513556,280.0,343062.3268915692,0.0,189387.03424436014,532449.3611359294,343132.6867056742,0.0,190187.3561694,533320.0428750742
77,9793.113172,0.0,0.0,0.0,9793.113172,280.0,343062.3268915692,0.0,189387.03424436014,532449.3611359294,343132.6867056742,0.0,190187.3561694,533320.0428750742
78,9792.712788,0.002556,0.0,0.0,9792.710232000001,280.0,343062.3268915692,0.0,189387.03424436014,532449.3611359294,343132.6867056742,0.0,190187.3561694,533320.0428750742
79,9792.312404,0.013256,0.0,0.0,9792.299148,280.0,343062.3268915692,0.0,189387.03424436014,532449.3611359294,343132.6867056742,0.0,190187.3561694,533320.0428750742
80,9791.91202,0.024094,100.0,0.0,9891.887926,368.0,343062.3268915692,0.0,189387.03424436014,532449.3611359294,343132.6867056742,0.0,190187.3561694,533320.0428750742
81,9791.511635,0.031702,100.0,0.0,9891.479933,456.0,343062.3268915692,0.0,189387.03424436014,532449.3611359294,343132.6867056742,0.0,190187.3561694,533320.0428750742
82,9791.111251,0.036689,100.0,0.0,9891.074562,544.0,343062.3268915692,0.0,189387.03424436014,532449.3611359294,343132.6867056742,0.0,190187.3561694,533320.0428750742
83,9790.710867,0.038692000000000004,100.0,0.0,9890.672175,632.0,343062.3268915692,0.0,189387.03424436014,532449.3611359294,343132.6867056742,0.0,190187.3561694,533320.0428750742
84,9790.310483,0.038223,100.0,0.0,9890.27226,720.0,343062.3268915692,0.0,189387.03424436014,532449.3611359294,343132.6867056742,0.0,190187.3561694,533320.0428750742
85,9790.064129,0.0351,0.0,100.0,9690.029029000001,620.0,343062.3268915692,0.0,189387.03424436014,532449.3611359294,343132.6867056742,0.0,190187.3561694,533320.0428750742
86,9789.863937,0.027438,0.0,100.0,9689.836499000001,520.0,343062.3268915692,0.0,189387.03424436014,532449.3611359294,343132.6867056742,0.0,190187.3561694,533320.0428750742
87,9789.663745,0.020925000000000003,0.0,100.0,9689.64282,420.0,343062.3268915692,0.0,189387.03424436014,532449.3611359294,343132.6867056742,0.0,190187.3561694,533320.0428750742
88,9789.463553,0.010171,0.0,100.0,9689.453382,320.0,343062.3268915692,0.0,189387.03424436014,532449.3611359294,343132.6867056742,0.0,190187.3561694,533320.0428750742
89,9789.263361,0.0014190000000000001,0.0,100.0,9689.261942,220.0,343062.3268915692,0.0,189387.03424436014,532449.3611359294,343132.6867056742,0.0,190187.3561694,533320.0428750742
90,9788.939639,0.0,0.0,100.0,9688.939639,120.0,343062.3268915692,0.0,189387.03424436014,532449.3611359294,343132.6867056742,0.0,190187.3561694,533320.0428750742
91,9788.539255,0.0,0.0,40.0,9748.539255,80.0,343062.3268915692,0.0,189387.03424436014,532449.3611359294,343132.6867056742,0.0,190187.3561694,533320.0428750742
92,9788.138871,0.0,0.0,0.0,9788.138871,80.0,343062.3268915692,0.0,189387.03424436014,532449.3611359294,343132.6867056742,0.0,190187.3561694,533320.0428750742
93,9787.738486,0.0,0.0,0.0,9787.738486,80.0,343062.3268915692,0.0,189387.03424436014,532449.3611359294,343132.6867056742,0.0,190187.3561694,533320.0428750742
94,9787.338102,0.0,0.0,0.0,9787.338102,80.0,343062.3268915692,0.0,189387.03424436014,532449.3611359294,343132.6867056742,0.0,190187.3561694,533320.0428750742
95,9786.937718,0.0,0.0,0.0,9786.937718,80.0,343062.3268915692,0.0,189387.03424436014,532449.3611359294,343132.6867056742,0.0,190187.3561694,533320.0428750742
96,9786.537334,0.0,0.0,0.0,9786.537334,80.0,343062.3268915692,0.0,189387.03424436014,532449.3611359294,343132.6867056742,0.0,190187.3561694,533320.0428750742
97,9786.13695,0.0,0.0,0.0,9786.13695,80.0,343062.3268915692,0.0,189387.03424436014,532449.3611359294,343132.6867056742,0.0,190187.3561694,533320.0428750742
98,9785.736566,0.0,0.0,0.0,9785.736566,80.0,343062.3268915692,0.0,189387.03424436014,532449.3611359294,343132.6867056742,0.0,190187.3561694,533320.0428750742
99,9785.336182,0.0,0.0,0.0,9785.336182,80.0,343062.3268915692,0.0,189387.03424436014,532449.3611359294,343132.6867056742,0.0,190187.3561694,533320.0428750742
100,9784.998328,0.0,0.0,0.0,9784.998328,80.0,343062.3268915692,0.0,189387.03424436014,532449.3611359294,343132.6867056742,0.0,190187.3561694,533320.0428750742
101,9784.798136,0.0,0.0,0.0,9784.798136,80.0,343062.3268915692,0.0,189387.03424436014,532449.3611359294,343132.6867056742,0.0,190187.3561694,533320.0428750742
102,9784.597944,0.002416,0.0,0.0,9784.595528,80.0,343062.3268915692,0.0,189387.03424436014,532449.3611359294,343132.6867056742,0.0,190187.3561694,533320.0428750742
103,9784.397752,0.013003,0.0,0.0,9784.384749,80.0,343062.3268915692,0.0,189387.03424436014,532449.3611359294,343132.6867056742,0.0,190187.3561694,533320.0428750742
104,9784.19756,0.023814000000000002,0.0,0.0,9784.173746,80.0,343062.3268915692,0.0,189387.03424436014,532449.3611359294,343132.6867056742,0.0,190187.3561694,533320.0428750742
105,9783.997368,0.031163,0.0,0.0,9783.966205,80.0,343062.3268915692,0.0,189387.03424436014,532449.3611359294,343132.6867056742,0.0,190187.3561694,533320.0428750742
106,9783.797176,0.035262999999999996,0.0,0.0,9783.761913,80.0,343062.3268915692,0.0,189387.03424436014,532449.3611359294,343132.6867056742,0.0,190187.3561694,533320.0428750742
107,9783.596984,0.037097000000000005,0.0,0.0,9783.559887,80.0,343062.3268915692,0.0,189387.03424436014,532449.3611359294,343132.6867056742,0.0,190187.3561694,533320.0428750742
108,9783.396792,0.037083,100.0,0.0,9883.359709,168.0,343062.3268915692,0.0,189387.03424436014,532449.3611359294,343132.6867056742,0.0,190187.3561694,533320.0428750742
109,9783.1966,0.034436,100.0,0.0,9883.162164,256.0,343062.3268915692,0.0,189387.03424436014,532449.3611359294,343132.6867056742,0.0,190187.3561694,533320.0428750742
110,9782.997939,0.02702,27.2727272727273,0.0,9810.24364627273,280.0,343062.3268915692,0.0,189387.03424436014,532449.3611359294,343132.6867056742,0.0,190187.3561694,533320.0428750742
111,9782.997939,0.020749,0.0,0.0,9782.977190000001,280.0,343062.3268915692,0.0,189387.03424436014,532449.3611359294,343132.6867056742,0.0,190187.3561694,533320.0428750742
112,9782.997939,0.010143000000000001,0.0,0.0,9782.987796000001,280.0,343062.3268915692,0.0,189387.03424436014,532449.3611359294,343132.6867056742,0.0,190187.3561694,533320.0428750742
113,9782.997939,0.0012170000000000002,0.0,0.0,9782.996722,280.0,343062.3268915692,0.0,189387.03424436014,532449.3611359294,343132.6867056742,0.0,190187.3561694,533320.0428750742
114,9782.997939,0.0,0.0,0.0,9782.997939,280.0,343062.3268915692,0.0,189387.03424436014,532449.3611359294,343132.6867056742,0.0,190187.3561694,533320.0428750742
115,9782.997939,0.0,0.0,0.0,9782.997939,280.0,343062.3268915692,0.0,189387.03424436014,532449.3611359294,343132.6867056742,0.0,190187.3561694,533320.0428750742
116,9782.826716,0.0,0.0,0.0,9782.826716,280.0,343062.3268915692,0.0,189387.03424436014,532449.3611359294,343132.6867056742,0.0,190187.3561694,533320.0428750742
117,9782.626524,0.0,0.0,0.0,9782.626524,280.0,343062.3268915692,0.0,189387.03424436014,532449.3611359294,343132.6867056742,0.0,190187.3561694,533320.0428750742
118,9782.426332,0.0,0.0,0.0,9782.426332,280.0,343062.3268915692,0.0,189387.03424436014,532449.3611359294,343132.6867056742,0.0,190187.3561694,533320.0428750742
119,9782.22614,0.0,0.0,0.0,9782.22614,280.0,343062.3268915692,0.0,189387.03424436014,532449.3611359294,343132.6867056742,0.0,190187.3561694,533320.0428750742
120,9782.025948,0.0,0.0,0.0,9782.025948,280.0,343062.3268915692,0.0,189387.03424436014,532449.3611359294,343132.6867056742,0.0,190187.3561694,533320.0428750742
121,9781.825756,0.0,0.0,0.0,9781.825756,280.0,343062.3268915692,0.0,189387.03424436014,532449.3611359294,343132.6867056742,0.0,190187.3561694,533320.0428750742
122,9781.625563,0.0,0.0,0.0,9781.625563,280.0,343062.3268915692,0.0,189387.03424436014,532449.3611359294,343132.6867056742,0.0,190187.3561694,533320.0428750742
123,9781.425371,0.0,0.0,0.0,9781.425371,280.0,343062.3268915692,0.0,189387.03424436014,532449.3611359294,343132.6867056742,0.0,190187.3561694,533320.0428750742
124,9781.225179,0.0,0.0,0.0,9781.225179,280.0,343062.3268915692,0.0,189387.03424436014,532449.3611359294,343132.6867056742,0.0,190187.3561694,533320.0428750742
125,9781.024987,0.0,0.0,0.0,9781.024987,280.0,343062.3268915692,0.0,189387.03424436014,532449.3611359294,343132.6867056742,0.0,190187.3561694,533320.0428750742
126,9780.935019,0.002385,0.0,0.0,9780.932634,280.0,343062.3268915692,0.0,189387.03424436014,532449.3611359294,343132.6867056742,0.0,190187.3561694,533320.0428750742
127,9780.935019,0.012888,0.0,0.0,9780.922131000001,280.0,343062.3268915692,0.0,189387.03424436014,532449.3611359294,343132.6867056742,0.0,190187.3561694,533320.0428750742
128,9780.935019,0.022297,0.0,0.0,9780.912722000001,280.0,343062.3268915692,0.0,189387.03424436014,532449.3611359294,343132.6867056742,0.0,190187.3561694,533320.0428750742
129,9780.935019,0.030563,0.0,0.0,9780.904456,280.0,343062.3268915692,0.0,189387.03424436014,532449.3611359294,343132.6867056742,0.0,190187.3561694,533320.0428750742
130,9780.935019,0.036357999999999994,0.0,0.0,9780.898661000001,280.0,343062.3268915692,0.0,189387.03424436014,532449.3611359294,343132.6867056742,0.0,190187.3561694,533320.0428750742
131,9780.935019,0.038499000000000005,0.0,0.0,9780.89652,280.0,343062.3268915692,0.0,189387.03424436014,532449.3611359294,343132.6867056742,0.0,190187.3561694,533320.0428750742
132,9780.935019,0.03807,0.0,0.0,9780.896949,280.0,343062.3268915692,0.0,189387.03424436014,532449.3611359294,343132.6867056742,0.0,190187.3561694,533320.0428750742
133,9780.935019,0.034923,0.0,0.0,9780.900096000001,280.0,343062.3268915692,0.0,189387.03424436014,532449.3611359294,343132.6867056742,0.0,190187.3561694,533320.0428750742
134,9780.935019,0.028802,0.0,0.0,9780.906217,280.0,343062.3268915692,0.0,189387.03424436014,532449.3611359294,343132.6867056742,0.0,190187.3561694,533320.0428750742
135,9780.935019,0.020842,0.0,0.0,9780.914177,280.0,343062.3268915692,0.0,189387.03424436014,532449.3611359294,343132.6867056742,0.0,190187.3561694,533320.0428750742
136,9780.984242,0.010037,0.0,0.0,9780.974205,280.0,343062.3268915692,0.0,189387.03424436014,532449.3611359294,343132.6867056742,0.0,190187.3561694,533320.0428750742
137,9781.184434,0.0011279999999999999,0.0,0.0,9781.183306,280.0,343062.3268915692,0.0,189387.03424436014,532449.3611359294,343132.6867056742,0.0,190187.3561694,533320.0428750742
138,9781.384626,0.0,0.0,0.0,9781.384626,280.0,343062.3268915692,0.0,189387.03424436014,532449.3611359294,343132.6867056742,0.0,190187.3561694,533320.0428750742
139,9781.584819,0.0,0.0,0.0,9781.584819,280.0,343062.3268915692,0.0,189387.03424436014,532449.3611359294,343132.6867056742,0.0,190187.3561694,533320.0428750742
140,9781.785011,0.0,0.0,0.0,9781.785011,280.0,343062.3268915692,0.0,189387.03424436014,532449.3611359294,343132.6867056742,0.0,190187.3561694,533320.0428750742
141,9781.985203,0.0,0.0,0.0,9781.985203,280.0,343062.3268915692,0.0,189387.03424436014,532449.3611359294,343132.6867056742,0.0,190187.3561694,533320.0428750742
142,9782.185395,0.0,0.0,0.0,9782.185395,280.0,343062.3268915692,0.0,189387.03424436014,532449.3611359294,343132.6867056742,0.0,190187.3561694,533320.0428750742
143,9782.385587,0.0,0.0,0.0,9782.385587,280.0,343062.3268915692,0.0,189387.03424436014,532449.3611359294,343132.6867056742,0.0,190187.3561694,533320.0428750742
144,9782.585779,0.0,0.0,0.0,9782.585779,280.0,343062.3268915692,0.0,189387.03424436014,532449.3611359294,343132.6867056742,0.0,190187.3561694,533320.0428750742
145,9782.785971,0.0,0.0,0.0,9782.785971,280.0,343062.3268915692,0.0,189387.03424436014,532449.3611359294,343132.6867056742,0.0,190187.3561694,533320.0428750742
146,9782.986163,0.0,0.0,0.0,9782.986163,280.0,343062.3268915692,0.0,189387.03424436014,532449.3611359294,343132.6867056742,0.0,190187.3561694,533320.0428750742
147,9783.374771,0.0,0.0,0.0,9783.374771,280.0,343062.3268915692,0.0,189387.03424436014,532449.3611359294,343132.6867056742,0.0,190187.3561694,533320.0428750742
148,9783.775155,0.0,0.0,0.0,9783.775155,280.0,343062.3268915692,0.0,189387.03424436014,532449.3611359294,343132.6867056742,0.0,190187.3561694,533320.0428750742
149,9784.175539,0.0,0.0,0.0,9784.175539,280.0,343062.3268915692,0.0,189387.03424436014,532449.3611359294,343132.6867056742,0.0,190187.3561694,533320.0428750742
150,9784.575923,0.0011,0.0,0.0,9784.574823,280.0,343062.3268915692,0.0,189387.03424436014,532449.3611359294,343132.6867056742,0.0,190187.3561694,533320.0428750742
151,9784.976307,0.003562,0.0,0.0,9784.972745000001,280.0,343062.3268915692,0.0,189387.03424436014,532449.3611359294,343132.6867056742,0.0,190187.3561694,533320.0428750742
152,9786.008356,0.009678,100.0,0.0,9885.998678,368.0,343062.3268915692,0.0,189387.03424436014,532449.3611359294,343132.6867056742,0.0,190187.3561694,533320.0428750742
153,9787.209508,0.012585,100.0,0.0,9887.196923,456.0,343062.3268915692,0.0,189387.03424436014,532449.3611359294,343132.6867056742,0.0,190187.3561694,533320.0428750742
154,9788.410661,0.011711000000000001,100.0,0.0,9888.39895,544.0,343062.3268915692,0.0,189387.03424436014,532449.3611359294,343132.6867056742,0.0,190187.3561694,533320.0428750742
155,9789.611813,0.012614,100.0,0.0,9889.599199,632.0,343062.3268915692,0.0,189387.03424436014,532449.3611359294,343132.6867056742,0.0,190187.3561694,533320.0428750742
156,9790.812965,0.008105000000000001,100.0,0.0,9890.804859999998,720.0,343062.3268915692,0.0,189387.03424436014,532449.3611359294,343132.6867056742,0.0,190187.3561694,533320.0428750742
157,9792.141534,0.015114,0.0,100.0,9692.12642,620.0,343062.3268915692,0.0,189387.03424436014,532449.3611359294,343132.6867056742,0.0,190187.3561694,533320.0428750742
158,9793.542878,0.016272,0.0,100.0,9693.526606,520.0,343062.3268915692,0.0,189387.03424436014,532449.3611359294,343132.6867056742,0.0,190187.3561694,533320.0428750742
159,9794.944222,0.005433,0.0,100.0,9694.938789,420.0,343062.3268915692,0.0,189387.03424436014,532449.3611359294,343132.6867056742,0.0,190187.3561694,533320.0428750742
160,9796.345567,0.0018740000000000002,0.0,100.0,9696.343693,320.0,343062.3268915692,0.0,189387.03424436014,532449.3611359294,343132.6867056742,0.0,190187.3561694,533320.0428750742
161,9797.746911,5.800000000000001e-05,0.0,100.0,9697.746853,220.0,343062.3268915692,0.0,189387.03424436014,532449.3611359294,343132.6867056742,0.0,190187.3561694,533320.0428750742
162,9799.245172,0.0,0.0,100.0,9699.245172,120.0,343062.3268915692,0.0,189387.03424436014,532449.3611359294,343132.6867056742,0.0,190187.3561694,533320.0428750742
163,9800.846708,0.0,0.0,40.0,9760.846708,80.0,343062.3268915692,0.0,189387.03424436014,532449.3611359294,343132.6867056742,0.0,190187.3561694,533320.0428750742
164,9802.448245,0.0,0.0,0.0,9802.448245,80.0,343062.3268915692,0.0,189387.03424436014,532449.3611359294,343132.6867056742,0.0,190187.3561694,533320.0428750742
165,9804.049781,0.0,100.0,0.0,9904.049781,168.0,343062.3268915692,0.0,189387.03424436014,532449.3611359294,343132.6867056742,0.0,190187.3561694,533320.0428750742
166,9805.651317,0.0,100.0,0.0,9905.651317,256.0,343062.3268915692,0.0,189387.03424436014,532449.3611359294,343132.6867056742,0.0,190187.3561694,533320.0428750742
167,9807.12002,0.0,27.2727272727273,0.0,9834.392747272728,280.0,343062.3268915692,0.0,189387.03424436014,532449.3611359294,343132.6867056742,0.0,190187.3561694,533320.0428750742
168,9808.321173,0.0,0.0,0.0,9808.321173,280.0,343062.3268915692,0.0,189387.03424436014,532449.3611359294,343132.6867056742,0.0,190187.3561694,533320.0428750742
169,9809.522325,0.0,0.0,0.0,9809.522325,280.0,343062.3268915692,0.0,189387.03424436014,532449.3611359294,343132.6867056742,0.0,190187.3561694,533320.0428750742
170,9810.723477,0.0,0.0,0.0,9810.723477,280.0,343062.3268915692,0.0,189387.03424436014,532449.3611359294,343132.6867056742,0.0,190187.3561694,533320.0428750742
171,9811.924629,0.0,0.0,0.0,9811.924629,280.0,343062.3268915692,0.0,189387.03424436014,532449.3611359294,343132.6867056742,0.0,190187.3561694,533320.0428750742
172,9813.305366,0.0,0.0,0.0,9813.305366,280.0,343062.3268915692,0.0,189387.03424436014,532449.3611359294,343132.6867056742,0.0,190187.3561694,533320.0428750742
173,9815.507478,0.0,0.0,0.0,9815.507478,280.0,343062.3268915692,0.0,189387.03424436014,532449.3611359294,343132.6867056742,0.0,190187.3561694,533320.0428750742
174,9817.709591,0.002202,0.0,0.0,9817.707389000001,280.0,343062.3268915692,0.0,189387.03424436014,532449.3611359294,343132.6867056742,0.0,190187.3561694,533320.0428750742
175,9819.911703,0.012998,0.0,0.0,9819.898705,280.0,343062.3268915692,0.0,189387.03424436014,532449.3611359294,343132.6867056742,0.0,190187.3561694,533320.0428750742
176,9822.113816,0.020572,100.0,0.0,9922.093244,368.0,343062.3268915692,0.0,189387.03424436014,532449.3611359294,343132.6867056742,0.0,190187.3561694,533320.0428750742
177,9824.359264,0.030093,100.0,0.0,9924.329171000001,456.0,343062.3268915692,0.0,189387.03424436014,532449.3611359294,343132.6867056742,0.0,190187.3561694,533320.0428750742
178,9828.162913,0.034975,100.0,0.0,9928.127938,544.0,343062.3268915692,0.0,189387.03424436014,532449.3611359294,343132.6867056742,0.0,190187.3561694,533320.0428750742
179,9831.966562,0.036653,100.0,0.0,9931.929909,632.0,343062.3268915692,0.0,189387.03424436014,532449.3611359294,343132.6867056742,0.0,190187.3561694,533320.0428750742
180,9835.77021,0.036695,100.0,0.0,9935.733515,720.0,343062.3268915692,0.0,189387.03424436014,532449.3611359294,343132.6867056742,0.0,190187.3561694,533320.0428750742
181,9839.573859,0.035171,0.0,100.0,9739.538688,620.0,343062.3268915692,0.0,189387.03424436014,532449.3611359294,343132.6867056742,0.0,190187.3561694,533320.0428750742
182,9843.377508,0.029607,0.0,100.0,9743.347901,520.0,343062.3268915692,0.0,189387.03424436014,532449.3611359294,343132.6867056742,0.0,190187.3561694,533320.0428750742
183,9847.181157,0.021526,0.0,100.0,9747.159631,420.0,343062.3268915692,0.0,189387.03424436014,532449.3611359294,343132.6867056742,0.0,190187.3561694,533320.0428750742
184,9850.984806,0.010057,0.0,100.0,9750.974749,320.0,343062.3268915692,0.0,189387.03424436014,532449.3611359294,343132.6867056742,0.0,190187.3561694,533320.0428750742
185,9854.788455,0.000988,0.0,100.0,9754.787467,220.0,343062.3268915692,0.0,189387.03424436014,532449.3611359294,343132.6867056742,0.0,190187.3561694,533320.0428750742
186,9858.592103,0.0,0.0,100.0,9758.592103,120.0,343062.3268915692,0.0,189387.03424436014,532449.3611359294,343132.6867056742,0.0,190187.3561694,533320.0428750742
187,9862.395752,0.0,0.0,40.0,9822.395752,80.0,343062.3268915692,0.0,189387.03424436014,532449.3611359294,343132.6867056742,0.0,190187.3561694,533320.0428750742
188,9866.054792,0.0,0.0,0.0,9866.054792,80.0,343062.3268915692,0.0,189387.03424436014,532449.3611359294,343132.6867056742,0.0,190187.3561694,533320.0428750742
189,9869.658249,0.0,100.0,0.0,9969.658249,168.0,343062.3268915692,0.0,189387.03424436014,532449.3611359294,343132.6867056742,0.0,190187.3561694,533320.0428750742
190,9873.261705,0.0,100.0,0.0,9973.261705,256.0,343062.3268915692,0.0,189387.03424436014,532449.3611359294,343132.6867056742,0.0,190187.3561694,533320.0428750742
191,9876.865162,0.0,27.2727272727273,0.0,9904.137889272728,280.0,343062.3268915692,0.0,189387.03424436014,532449.3611359294,343132.6867056742,0.0,190187.3561694,533320.0428750742
192,9880.468619,0.0,0.0,0.0,9880.468619,280.0,343062.3268915692,0.0,189387.03424436014,532449.3611359294,343132.6867056742,0.0,190187.3561694,533320.0428750742
193,9883.27331,0.0,0.0,0.0,9883.27331,280.0,343062.3268915692,0.0,189387.03424436014,532449.3611359294,343132.6867056742,0.0,190187.3561694,533320.0428750742
194,9885.475422,0.0,0.0,0.0,9885.475422,280.0,343062.3268915692,0.0,189387.03424436014,532449.3611359294,343132.6867056742,0.0,190187.3561694,533320.0428750742
195,9887.677535,0.0,0.0,0.0,9887.677535,280.0,343062.3268915692,0.0,189387.03424436014,532449.3611359294,343132.6867056742,0.0,190187.3561694,533320.0428750742
196,9889.879647,0.0,0.0,0.0,9889.879647,280.0,343062.3268915692,0.0,189387.03424436014,532449.3611359294,343132.6867056742,0.0,190187.3561694,533320.0428750742
197,9892.08176,0.0,0.0,0.0,9892.08176,280.0,343062.3268915692,0.0,189387.03424436014,532449.3611359294,343132.6867056742,0.0,190187.3561694,533320.0428750742
198,9895.119968,0.002254,0.0,0.0,9895.117714,280.0,343062.3268915692,0.0,189387.03424436014,532449.3611359294,343132.6867056742,0.0,190187.3561694,533320.0428750742
199,9899.324001,0.012955,0.0,0.0,9899.311046,280.0,343062.3268915692,0.0,189387.03424436014,532449.3611359294,343132.6867056742,0.0,190187.3561694,533320.0428750742
200,9903.528034,0.02413,100.0,0.0,10003.503904000001,368.0,343062.3268915692,0.0,189387.03424436014,532449.3611359294,343132.6867056742,0.0,190187.3561694,533320.0428750742
201,9907.732067,0.031783,100.0,0.0,10007.700284,456.0,343062.3268915692,0.0,189387.03424436014,532449.3611359294,343132.6867056742,0.0,190187.3561694,533320.0428750742
202,9911.9361,0.035939,100.0,0.0,10011.900161000001,544.0,343062.3268915692,0.0,189387.03424436014,532449.3611359294,343132.6867056742,0.0,190187.3561694,533320.0428750742
203,9915.927694,0.035893,100.0,0.0,10015.891801,632.0,343062.3268915692,0.0,189387.03424436014,532449.3611359294,343132.6867056742,0.0,190187.3561694,533320.0428750742
204,9919.330959,0.037034,100.0,0.0,10019.293925,720.0,343062.3268915692,0.0,189387.03424436014,532449.3611359294,343132.6867056742,0.0,190187.3561694,533320.0428750742
205,9922.734223,0.034445,0.0,100.0,9822.699778,620.0,343062.3268915692,0.0,189387.03424436014,532449.3611359294,343132.6867056742,0.0,190187.3561694,533320.0428750742
206,9926.137488,0.029067,0.0,100.0,9826.108421,520.0,343062.3268915692,0.0,189387.03424436014,532449.3611359294,343132.6867056742,0.0,190187.3561694,533320.0428750742
207,9929.540753,0.020321000000000002,0.0,100.0,9829.520432,420.0,343062.3268915692,0.0,189387.03424436014,532449.3611359294,343132.6867056742,0.0,190187.3561694,533320.0428750742
208,9932.966627,0.0094,0.0,100.0,9832.957226999999,320.0,343062.3268915692,0.0,189387.03424436014,532449.3611359294,343132.6867056742,0.0,190187.3561694,533320.0428750742
209,9936.570084,0.000758,0.0,100.0,9836.569326,220.0,343062.3268915692,0.0,189387.03424436014,532449.3611359294,343132.6867056742,0.0,190187.3561694,533320.0428750742
210,9940.173541,0.0,0.0,100.0,9840.173541,120.0,343062.3268915692,0.0,189387.03424436014,532449.3611359294,343132.6867056742,0.0,190187.3561694,533320.0428750742
211,9943.776998,0.0,0.0,40.0,9903.776998,80.0,343062.3268915692,0.0,189387.03424436014,532449.3611359294,343132.6867056742,0.0,190187.3561694,533320.0428750742
212,9947.380455,0.0,0.0,0.0,9947.380455,80.0,343062.3268915692,0.0,189387.03424436014,532449.3611359294,343132.6867056742,0.0,190187.3561694,533320.0428750742
213,9950.983911,0.0,100.0,0.0,10050.983911,168.0,343062.3268915692,0.0,189387.03424436014,532449.3611359294,343132.6867056742,0.0,190187.3561694,533320.0428750742
214,9954.77967,0.0,100.0,0.0,10054.77967,256.0,343062.3268915692,0.0,189387.03424436014,532449.3611359294,343132.6867056742,0.0,190187.3561694,533320.0428750742
215,9958.583319,0.0,27.2727272727273,0.0,9985.856046272727,280.0,343062.3268915692,0.0,189387.03424436014,532449.3611359294,343132.6867056742,0.0,190187.3561694,533320.0428750742
216,9962.386968,0.0,0.0,0.0,9962.386968,280.0,343062.3268915692,0.0,189387.03424436014,532449.3611359294,343132.6867056742,0.0,190187.3561694,533320.0428750742
217,9966.190617,0.0,0.0,0.0,9966.190617,280.0,343062.3268915692,0.0,189387.03424436014,532449.3611359294,343132.6867056742,0.0,190187.3561694,533320.0428750742
218,9969.994266,0.0,0.0,0.0,9969.994266,280.0,343062.3268915692,0.0,189387.03424436014,532449.3611359294,343132.6867056742,0.0,190187.3561694,533320.0428750742
219,9973.797915,0.0,0.0,0.0,9973.797915,280.0,343062.3268915692,0.0,189387.03424436014,532449.3611359294,343132.6867056742,0.0,190187.3561694,533320.0428750742
220,9977.601563,0.0,0.0,0.0,9977.601563,280.0,343062.3268915692,0.0,189387.03424436014,532449.3611359294,343132.6867056742,0.0,190187.3561694,533320.0428750742
221,9981.405212,0.0,0.0,0.0,9981.405212,280.0,343062.3268915692,0.0,189387.03424436014,532449.3611359294,343132.6867056742,0.0,190187.3561694,533320.0428750742
222,9985.208861,0.0024990000000000004,0.0,0.0,9985.206361999999,280.0,343062.3268915692,0.0,189387.03424436014,532449.3611359294,343132.6867056742,0.0,190187.3561694,533320.0428750742
223,9989.01251,0.012902,0.0,0.0,9988.999608,280.0,343062.3268915692,0.0,189387.03424436014,532449.3611359294,343132.6867056742,0.0,190187.3561694,533320.0428750742
224,9991.897042,0.023236,100.0,0.0,10091.873806,368.0,343062.3268915692,0.0,189387.03424436014,532449.3611359294,343132.6867056742,0.0,190187.3561694,533320.0428750742
225,9994.299346,0.025721,100.0,0.0,10094.273625,456.0,343062.3268915692,0.0,189387.03424436014,532449.3611359294,343132.6867056742,0.0,190187.3561694,533320.0428750742
226,9996.701651,0.035686999999999997,100.0,0.0,10096.665964,544.0,343062.3268915692,0.0,189387.03424436014,532449.3611359294,343132.6867056742,0.0,190187.3561694,533320.0428750742
227,9999.103955,0.033280000000000004,100.0,0.0,10099.070675,632.0,343062.3268915692,0.0,189387.03424436014,532449.3611359294,343132.6867056742,0.0,190187.3561694,533320.0428750742
228,10001.50626,0.034545,100.0,0.0,10101.471715,720.0,343062.3268915692,0.0,189387.03424436014,532449.3611359294,343132.6867056742,0.0,190187.3561694,533320.0428750742
229,10003.70696,0.025006,0.0,100.0,9903.681954,620.0,343062.3268915692,0.0,189387.03424436014,532449.3611359294,343132.6867056742,0.0,190187.3561694,533320.0428750742
230,10005.70888,0.01986,0.0,100.0,9905.68902,520.0,343062.3268915692,0.0,189387.03424436014,532449.3611359294,343132.6867056742,0.0,190187.3561694,533320.0428750742
231,10007.7108,0.021289000000000002,0.0,100.0,9907.689511,420.0,343062.3268915692,0.0,189387.03424436014,532449.3611359294,343132.6867056742,0.0,190187.3561694,533320.0428750742
232,10009.71272,0.009937,0.0,100.0,9909.702782999999,320.0,343062.3268915692,0.0,189387.03424436014,532449.3611359294,343132.6867056742,0.0,190187.3561694,533320.0428750742
233,10011.71464,0.001009,0.0,100.0,9911.713631,220.0,343062.3268915692,0.0,189387.03424436014,532449.3611359294,343132.6867056742,0.0,190187.3561694,533320.0428750742
234,10014.34929,0.0,0.0,100.0,9914.34929,120.0,343062.3268915692,0.0,189387.03424436014,532449.3611359294,343132.6867056742,0.0,190187.3561694,533320.0428750742
235,10018.15294,0.0,0.0,40.0,9978.15294,80.0,343062.3268915692,0.0,189387.03424436014,532449.3611359294,343132.6867056742,0.0,190187.3561694,533320.0428750742
236,10021.95658,0.0,0.0,0.0,10021.95658,80.0,343062.3268915692,0.0,189387.03424436014,532449.3611359294,343132.6867056742,0.0,190187.3561694,533320.0428750742
237,10025.76023,0.0,100.0,0.0,10125.76023,168.0,343062.3268915692,0.0,189387.03424436014,532449.3611359294,343132.6867056742,0.0,190187.3561694,533320.0428750742
238,10029.56388,0.0,100.0,0.0,10129.56388,256.0,343062.3268915692,0.0,189387.03424436014,532449.3611359294,343132.6867056742,0.0,190187.3561694,533320.0428750742
239,10033.56654,0.0,27.2727272727273,0.0,10060.839267272728,280.0,343062.3268915692,0.0,189387.03424436014,532449.3611359294,343132.6867056742,0.0,190187.3561694,533320.0428750742
240,10038.37115,0.0,0.0,0.0,10038.37115,280.0,343062.3268915692,0.0,189387.03424436014,532449.3611359294,343132.6867056742,0.0,190187.3561694,533320.0428750742
241,10043.17576,0.0,0.0,0.0,10043.17576,280.0,343062.3268915692,0.0,189387.03424436014,532449.3611359294,343132.6867056742,0.0,190187.3561694,533320.0428750742
242,10047.98037,0.0,0.0,0.0,10047.98037,280.0,343062.3268915692,0.0,189387.03424436014,532449.3611359294,343132.6867056742,0.0,190187.3561694,533320.0428750742
243,10052.78498,0.0,0.0,0.0,10052.78498,280.0,343062.3268915692,0.0,189387.03424436014,532449.3611359294,343132.6867056742,0.0,190187.3561694,533320.0428750742
244,10057.56168,0.0,0.0,0.0,10057.56168,280.0,343062.3268915692,0.0,189387.03424436014,532449.3611359294,343132.6867056742,0.0,190187.3561694,533320.0428750742
245,10061.76571,0.0,0.0,0.0,10061.76571,280.0,343062.3268915692,0.0,189387.03424436014,532449.3611359294,343132.6867056742,0.0,190187.3561694,533320.0428750742
246,10065.96975,0.0014860000000000001,0.0,0.0,10065.968264000001,280.0,343062.3268915692,0.0,189387.03424436014,532449.3611359294,343132.6867056742,0.0,190187.3561694,533320.0428750742
247,10070.17378,0.009984,0.0,0.0,10070.163795999999,280.0,343062.3268915692,0.0,189387.03424436014,532449.3611359294,343132.6867056742,0.0,190187.3561694,533320.0428750742
248,10074.37781,0.01831,100.0,0.0,10174.3595,368.0,343062.3268915692,0.0,189387.03424436014,532449.3611359294,343132.6867056742,0.0,190187.3561694,533320.0428750742
249,10078.58185,0.022424,100.0,0.0,10178.559426,456.0,343062.3268915692,0.0,189387.03424436014,532449.3611359294,343132.6867056742,0.0,190187.3561694,533320.0428750742
250,10083.85985,0.022852,100.0,0.0,10183.836998,544.0,343062.3268915692,0.0,189387.03424436014,532449.3611359294,343132.6867056742,0.0,190187.3561694,533320.0428750742
251,10089.26504,0.033504,100.0,0.0,10189.231536,632.0,343062.3268915692,0.0,189387.03424436014,532449.3611359294,343132.6867056742,0.0,190187.3561694,533320.0428750742
252,10094.67022,0.038397,100.0,0.0,10194.631823,720.0,343062.3268915692,0.0,189387.03424436014,532449.3611359294,343132.6867056742,0.0,190187.3561694,533320.0428750742
253,10100.07541,0.030931,0.0,100.0,10000.044479,620.0,343062.3268915692,0.0,189387.03424436014,532449.3611359294,343132.6867056742,0.0,190187.3561694,533320.0428750742
254,10105.48059,0.024671,0.0,100.0,10005.455919,520.0,343062.3268915692,0.0,189387.03424436014,532449.3611359294,343132.6867056742,0.0,190187.3561694,533320.0428750742
255,10108.80684,0.018878,0.0,100.0,10008.787961999999,420.0,343062.3268915692,0.0,189387.03424436014,532449.3611359294,343132.6867056742,0.0,190187.3561694,533320.0428750742
256,10111.40934,0.0071330000000000005,0.0,100.0,10011.402207000001,320.0,343062.3268915692,0.0,189387.03424436014,532449.3611359294,343132.6867056742,0.0,190187.3561694,533320.0428750742
257,10114.01183,0.00046899999999999996,0.0,100.0,10014.011360999999,220.0,343062.3268915692,0.0,189387.03424436014,532449.3611359294,343132.6867056742,0.0,190187.3561694,533320.0428750742
258,10116.61433,0.0,0.0,100.0,10016.61433,120.0,343062.3268915692,0.0,189387.03424436014,532449.3611359294,343132.6867056742,0.0,190187.3561694,533320.0428750742
259,10119.21683,0.0,0.0,40.0,10079.21683,80.0,343062.3268915692,0.0,189387.03424436014,532449.3611359294,343132.6867056742,0.0,190187.3561694,533320.0428750742
260,10122.76329,0.0,0.0,0.0,10122.76329,80.0,343062.3268915692,0.0,189387.03424436014,532449.3611359294,343132.6867056742,0.0,190187.3561694,533320.0428750742
261,10126.96732,0.0,0.0,0.0,10126.96732,80.0,343062.3268915692,0.0,189387.03424436014,532449.3611359294,343132.6867056742,0.0,190187.3561694,533320.0428750742
262,10131.17135,0.0,0.0,0.0,10131.17135,80.0,343062.3268915692,0.0,189387.03424436014,532449.3611359294,343132.6867056742,0.0,190187.3561694,533320.0428750742
263,10135.37539,0.0,0.0,0.0,10135.37539,80.0,343062.3268915692,0.0,189387.03424436014,532449.3611359294,343132.6867056742,0.0,190187.3561694,533320.0428750742
264,10139.57942,0.0,0.0,0.0,10139.57942,80.0,343062.3268915692,0.0,189387.03424436014,532449.3611359294,343132.6867056742,0.0,190187.3561694,533320.0428750742
265,10143.52097,0.0,0.0,0.0,10143.52097,80.0,343062.3268915692,0.0,189387.03424436014,532449.3611359294,343132.6867056742,0.0,190187.3561694,533320.0428750742
266,10147.12442,0.0,0.0,0.0,10147.12442,80.0,343062.3268915692,0.0,189387.03424436014,532449.3611359294,343132.6867056742,0.0,190187.3561694,533320.0428750742
267,10150.72788,0.0,0.0,0.0,10150.72788,80.0,343062.3268915692,0.0,189387.03424436014,532449.3611359294,343132.6867056742,0.0,190187.3561694,533320.0428750742
268,10154.33134,0.0,0.0,0.0,10154.33134,80.0,343062.3268915692,0.0,189387.03424436014,532449.3611359294,343132.6867056742,0.0,190187.3561694,533320.0428750742
269,10157.93479,0.0,0.0,0.0,10157.93479,80.0,343062.3268915692,0.0,189387.03424436014,532449.3611359294,343132.6867056742,0.0,190187.3561694,533320.0428750742
270,10161.59525,0.00023300000000000003,0.0,0.0,10161.595017,80.0,343062.3268915692,0.0,189387.03424436014,532449.3611359294,343132.6867056742,0.0,190187.3561694,533320.0428750742
271,10165.39889,0.002565,0.0,0.0,10165.396325,80.0,343062.3268915692,0.0,189387.03424436014,532449.3611359294,343132.6867056742,0.0,190187.3561694,533320.0428750742
272,10169.20254,0.015731000000000002,0.0,0.0,10169.186809,80.0,343062.3268915692,0.0,189387.03424436014,532449.3611359294,343132.6867056742,0.0,190187.3561694,533320.0428750742
273,10173.00619,0.006908,0.0,0.0,10172.999282,80.0,343062.3268915692,0.0,189387.03424436014,532449.3611359294,343132.6867056742,0.0,190187.3561694,533320.0428750742
274,10176.80984,0.008375,0.0,0.0,10176.801465,80.0,343062.3268915692,0.0,189387.03424436014,532449.3611359294,343132.6867056742,0.0,190187.3561694,533320.0428750742
275,10180.61349,0.029629000000000003,0.0,0.0,10180.583861,80.0,343062.3268915692,0.0,189387.03424436014,532449.3611359294,343132.6867056742,0.0,190187.3561694,533320.0428750742
276,10184.41714,0.019607,0.0,0.0,10184.397533,80.0,343062.3268915692,0.0,189387.03424436014,532449.3611359294,343132.6867056742,0.0,190187.3561694,533320.0428750742
277,10188.22079,0.022522,0.0,0.0,10188.198268,80.0,343062.3268915692,0.0,189387.03424436014,532449.3611359294,343132.6867056742,0.0,190187.3561694,533320.0428750742
278,10192.02444,0.03157,0.0,0.0,10191.99287,80.0,343062.3268915692,0.0,189387.03424436014,532449.3611359294,343132.6867056742,0.0,190187.3561694,533320.0428750742
279,10195.82808,0.021369,0.0,0.0,10195.806711,80.0,343062.3268915692,0.0,189387.03424436014,532449.3611359294,343132.6867056742,0.0,190187.3561694,533320.0428750742
280,10199.63173,0.010553000000000002,0.0,0.0,10199.621176999999,80.0,343062.3268915692,0.0,189387.03424436014,532449.3611359294,343132.6867056742,0.0,190187.3561694,533320.0428750742
281,10202.84682,0.000988,0.0,0.0,10202.845832,80.0,343062.3268915692,0.0,189387.03424436014,532449.3611359294,343132.6867056742,0.0,190187.3561694,533320.0428750742
282,10206.04989,0.0,0.0,0.0,10206.04989,80.0,343062.3268915692,0.0,189387.03424436014,532449.3611359294,343132.6867056742,0.0,190187.3561694,533320.0428750742
283,10209.25296,0.0,0.0,0.0,10209.25296,80.0,343062.3268915692,0.0,189387.03424436014,532449.3611359294,343132.6867056742,0.0,190187.3561694,533320.0428750742
284,10212.45604,0.0,0.0,0.0,10212.45604,80.0,343062.3268915692,0.0,189387.03424436014,532449.3611359294,343132.6867056742,0.0,190187.3561694,533320.0428750742
285,10215.65911,0.0,0.0,0.0,10215.65911,80.0,343062.3268915692,0.0,189387.03424436014,532449.3611359294,343132.6867056742,0.0,190187.3561694,533320.0428750742
286,10218.03374,0.0,0.0,0.0,10218.03374,80.0,343062.3268915692,0.0,189387.03424436014,532449.3611359294,343132.6867056742,0.0,190187.3561694,533320.0428750742
287,10220.23585,0.0,0.0,0.0,10220.23585,80.0,343062.3268915692,0.0,189387.03424436014,532449.3611359294,343132.6867056742,0.0,190187.3561694,533320.0428750742
288,10222.43796,0.0,0.0,0.0,10222.43796,80.0,343062.3268915692,0.0,189387.03424436014,532449.3611359294,343132.6867056742,0.0,190187.3561694,533320.0428750742
289,10224.64008,0.0,0.0,0.0,10224.64008,80.0,343062.3268915692,0.0,189387.03424436014,532449.3611359294,343132.6867056742,0.0,190187.3561694,533320.0428750742
290,10226.84219,0.0,0.0,0.0,10226.84219,80.0,343062.3268915692,0.0,189387.03424436014,532449.3611359294,343132.6867056742,0.0,190187.3561694,533320.0428750742
291,10228.90911,0.0,0.0,0.0,10228.90911,80.0,343062.3268915692,0.0,189387.03424436014,532449.3611359294,343132.6867056742,0.0,190187.3561694,533320.0428750742
292,10230.91103,0.0,0.0,0.0,10230.91103,80.0,343062.3268915692,0.0,189387.03424436014,532449.3611359294,343132.6867056742,0.0,190187.3561694,533320.0428750742
293,10232.91295,0.0,0.0,0.0,10232.91295,80.0,343062.3268915692,0.0,189387.03424436014,532449.3611359294,343132.6867056742,0.0,190187.3561694,533320.0428750742
294,10234.91487,0.002746,0.0,0.0,10234.912124,80.0,343062.3268915692,0.0,189387.03424436014,532449.3611359294,343132.6867056742,0.0,190187.3561694,533320.0428750742
295,10236.9168,0.014567,0.0,0.0,10236.902233,80.0,343062.3268915692,0.0,189387.03424436014,532449.3611359294,343132.6867056742,0.0,190187.3561694,533320.0428750742
296,10238.70934,0.026785,56.9056984857981,0.0,10295.588253485797,130.077014667502,343062.3268915692,0.0,189387.03424436014,532449.3611359294,343132.6867056742,0.0,190187.3561694,533320.0428750742
297,10240.31087,0.035194,0.0,0.0,10240.275676,130.077014667502,343062.3268915692,0.0,189387.03424436014,532449.3611359294,343132.6867056742,0.0,190187.3561694,533320.0428750742
298,10241.91241,0.040787,0.0,0.0,10241.871623,130.077014667502,343062.3268915692,0.0,189387.03424436014,532449.3611359294,343132.6867056742,0.0,190187.3561694,533320.0428750742
299,10243.51395,0.041667,0.0,0.0,10243.472283000001,130.077014667502,343062.3268915692,0.0,189387.03424436014,532449.3611359294,343132.6867056742,0.0,190187.3561694,533320.0428750742
300,10245.11548,0.041015,0.0,0.0,10245.074465,130.077014667502,343062.3268915692,0.0,189387.03424436014,532449.3611359294,343132.6867056742,0.0,190187.3561694,533320.0428750742
301,10246.79121,0.038020000000000005,0.0,0.0,10246.75319,130.077014667502,343062.3268915692,0.0,189387.03424436014,532449.3611359294,343132.6867056742,0.0,190187.3561694,533320.0428750742
302,10248.59294,0.032194,0.0,0.0,10248.560746000001,130.077014667502,343062.3268915692,0.0,189387.03424436014,532449.3611359294,343132.6867056742,0.0,190187.3561694,533320.0428750742
303,10250.39467,0.02213,0.0,0.0,10250.37254,130.077014667502,343062.3268915692,0.0,189387.03424436014,532449.3611359294,343132.6867056742,0.0,190187.3561694,533320.0428750742
304,10252.19639,0.010702,0.0,0.0,10252.185688,130.077014667502,343062.3268915692,0.0,189387.03424436014,532449.3611359294,343132.6867056742,0.0,190187.3561694,533320.0428750742
305,10253.99812,0.000973,0.0,0.0,10253.997147,130.077014667502,343062.3268915692,0.0,189387.03424436014,532449.3611359294,343132.6867056742,0.0,190187.3561694,533320.0428750742
306,10255.79985,0.0,0.0,0.0,10255.79985,130.077014667502,343062.3268915692,0.0,189387.03424436014,532449.3611359294,343132.6867056742,0.0,190187.3561694,533320.0428750742
307,10257.60158,0.0,0.0,0.0,10257.60158,130.077014667502,343062.3268915692,0.0,189387.03424436014,532449.3611359294,343132.6867056742,0.0,190187.3561694,533320.0428750742
308,10259.40331,0.0,0.0,0.0,10259.40331,130.077014667502,343062.3268915692,0.0,189387.03424436014,532449.3611359294,343132.6867056742,0.0,190187.3561694,533320.0428750742
309,10261.20504,0.0,0.0,0.0,10261.20504,130.077014667502,343062.3268915692,0.0,189387.03424436014,532449.3611359294,343132.6867056742,0.0,190187.3561694,533320.0428750742
310,10263.00676,0.0,0.0,0.0,10263.00676,130.077014667502,343062.3268915692,0.0,189387.03424436014,532449.3611359294,343132.6867056742,0.0,190187.3561694,533320.0428750742
311,10264.7953,0.0,0.0,0.0,10264.7953,130.077014667502,343062.3268915692,0.0,189387.03424436014,532449.3611359294,343132.6867056742,0.0,190187.3561694,533320.0428750742
312,10266.39684,0.0,0.0,0.0,10266.39684,130.077014667502,343062.3268915692,0.0,189387.03424436014,532449.3611359294,343132.6867056742,0.0,190187.3561694,533320.0428750742
313,10267.99838,0.0,0.0,0.0,10267.99838,130.077014667502,343062.3268915692,0.0,189387.03424436014,532449.3611359294,343132.6867056742,0.0,190187.3561694,533320.0428750742
314,10269.59991,0.0,0.0,0.0,10269.59991,130.077014667502,343062.3268915692,0.0,189387.03424436014,532449.3611359294,343132.6867056742,0.0,190187.3561694,533320.0428750742
315,10271.20145,0.0,0.0,0.0,10271.20145,130.077014667502,343062.3268915692,0.0,189387.03424436014,532449.3611359294,343132.6867056742,0.0,190187.3561694,533320.0428750742
316,10272.80299,0.0,0.0,0.0,10272.80299,130.077014667502,343062.3268915692,0.0,189387.03424436014,532449.3611359294,343132.6867056742,0.0,190187.3561694,533320.0428750742
317,10274.40452,0.0,0.0,0.0,10274.40452,130.077014667502,343062.3268915692,0.0,189387.03424436014,532449.3611359294,343132.6867056742,0.0,190187.3561694,533320.0428750742
318,10276.00606,0.0024449999999999997,0.0,0.0,10276.003615,130.077014667502,343062.3268915692,0.0,189387.03424436014,532449.3611359294,343132.6867056742,0.0,190187.3561694,533320.0428750742
319,10277.60759,0.013755000000000002,0.0,0.0,10277.593835,130.077014667502,343062.3268915692,0.0,189387.03424436014,532449.3611359294,343132.6867056742,0.0,190187.3561694,533320.0428750742
320,10279.20913,0.025460999999999998,0.0,0.0,10279.183669,130.077014667502,343062.3268915692,0.0,189387.03424436014,532449.3611359294,343132.6867056742,0.0,190187.3561694,533320.0428750742
321,10280.81067,0.032731,0.0,0.0,10280.777939000001,130.077014667502,343062.3268915692,0.0,189387.03424436014,532449.3611359294,343132.6867056742,0.0,190187.3561694,533320.0428750742
322,10282.10744,0.035044,0.0,0.0,10282.072396,130.077014667502,343062.3268915692,0.0,189387.03424436014,532449.3611359294,343132.6867056742,0.0,190187.3561694,533320.0428750742
323,10283.30859,0.03677300000000001,0.0,0.0,10283.271817,130.077014667502,343062.3268915692,0.0,189387.03424436014,532449.3611359294,343132.6867056742,0.0,190187.3561694,533320.0428750742
324,10284.50975,0.036082,0.0,0.0,10284.473667999999,130.077014667502,343062.3268915692,0.0,189387.03424436014,532449.3611359294,343132.6867056742,0.0,190187.3561694,533320.0428750742
325,10285.7109,0.035022,0.0,0.0,10285.675878,130.077014667502,343062.3268915692,0.0,189387.03424436014,532449.3611359294,343132.6867056742,0.0,190187.3561694,533320.0428750742
326,10286.91205,0.029695,0.0,0.0,10286.882355000002,130.077014667502,343062.3268915692,0.0,189387.03424436014,532449.3611359294,343132.6867056742,0.0,190187.3561694,533320.0428750742
327,10288.1132,0.019875,0.0,0.0,10288.093325,130.077014667502,343062.3268915692,0.0,189387.03424436014,532449.3611359294,343132.6867056742,0.0,190187.3561694,533320.0428750742
328,10289.31435,0.009749,0.0,0.0,10289.304601,130.077014667502,343062.3268915692,0.0,189387.03424436014,532449.3611359294,343132.6867056742,0.0,190187.3561694,533320.0428750742
329,10290.51551,0.0007890000000000001,0.0,0.0,10290.514721,130.077014667502,343062.3268915692,0.0,189387.03424436014,532449.3611359294,343132.6867056742,0.0,190187.3561694,533320.0428750742
330,10291.71666,0.0,0.0,0.0,10291.71666,130.077014667502,343062.3268915692,0.0,189387.03424436014,532449.3611359294,343132.6867056742,0.0,190187.3561694,533320.0428750742
331,10292.91781,0.0,0.0,0.0,10292.91781,130.077014667502,343062.3268915692,0.0,189387.03424436014,532449.3611359294,343132.6867056742,0.0,190187.3561694,533320.0428750742
332,10294.11896,0.0,0.0,0.0,10294.11896,130.077014667502,343062.3268915692,0.0,189387.03424436014,532449.3611359294,343132.6867056742,0.0,190187.3561694,533320.0428750742
333,10295.32012,0.0,0.0,0.0,10295.32012,130.077014667502,343062.3268915692,0.0,189387.03424436014,532449.3611359294,343132.6867056742,0.0,190187.3561694,533320.0428750742
334,10296.52127,0.0,0.0,0.0,10296.52127,130.077014667502,343062.3268915692,0.0,189387.03424436014,532449.3611359294,343132.6867056742,0.0,190187.3561694,533320.0428750742
335,10297.72242,0.0,0.0,0.0,10297.72242,130.077014667502,343062.3268915692,0.0,189387.03424436014,532449.3611359294,343132.6867056742,0.0,190187.3561694,533320.0428750742
336,10298.92357,0.0,0.0,0.0,10298.92357,130.077014667502,343062.3268915692,0.0,189387.03424436014,532449.3611359294,343132.6867056742,0.0,190187.3561694,533320.0428750742
337,10300.12472,0.0,0.0,0.0,10300.12472,130.077014667502,343062.3268915692,0.0,189387.03424436014,532449.3611359294,343132.6867056742,0.0,190187.3561694,533320.0428750742
338,10301.32588,0.0,0.0,0.0,10301.32588,130.077014667502,343062.3268915692,0.0,189387.03424436014,532449.3611359294,343132.6867056742,0.0,190187.3561694,533320.0428750742
339,10302.52703,0.0,0.0,0.0,10302.52703,130.077014667502,343062.3268915692,0.0,189387.03424436014,532449.3611359294,343132.6867056742,0.0,190187.3561694,533320.0428750742
340,10303.72818,0.0,79.2914983096598,0.0,10383.01967830966,199.853533180003,343062.3268915692,0.0,189387.03424436014,532449.3611359294,343132.6867056742,0.0,190187.3561694,533320.0428750742
341,10304.92933,0.0,78.090348309659,0.0,10383.01967830966,268.573039692503,343062.3268915692,0.0,189387.03424436014,532449.3611359294,343132.6867056742,0.0,190187.3561694,533320.0428750742
342,10306.13049,0.002678,76.8918663096611,0.0,10383.01967830966,336.237882045005,343062.3268915692,0.0,189387.03424436014,532449.3611359294,343132.6867056742,0.0,190187.3561694,533320.0428750742
343,10307.33164,0.013911,75.7019493096595,0.0,10383.01967830966,402.855597437505,343062.3268915692,0.0,189387.03424436014,532449.3611359294,343132.6867056742,0.0,190187.3561694,533320.0428750742
344,10308.53279,0.02518,74.5120683096611,0.0,10383.01967830966,468.426217550007,343062.3268915692,0.0,189387.03424436014,532449.3611359294,343132.6867056742,0.0,190187.3561694,533320.0428750742
345,10309.73394,0.033282,73.3190203096601,0.0,10383.01967830966,532.946955422508,343062.3268915692,0.0,189387.03424436014,532449.3611359294,343132.6867056742,0.0,190187.3561694,533320.0428750742
346,10310.9351,0.035125,72.1197033096596,0.0,10383.01967830966,596.412294335008,343062.3268915692,0.0,189387.03424436014,532449.3611359294,343132.6867056742,0.0,190187.3561694,533320.0428750742
347,10312.13625,0.036821,70.92024930966,0.0,10383.01967830966,658.822113727509,343062.3268915692,0.0,189387.03424436014,532449.3611359294,343132.6867056742,0.0,190187.3561694,533320.0428750742
348,10313.53747,0.038117,69.5203253096606,0.0,10383.01967830966,720.0,343062.3268915692,0.0,189387.03424436014,532449.3611359294,343132.6867056742,0.0,190187.3561694,533320.0428750742
349,10314.93882,0.035001,0.0,100.0,10214.903819,620.0,343062.3268915692,0.0,189387.03424436014,532449.3611359294,343132.6867056742,0.0,190187.3561694,533320.0428750742
350,10316.34016,0.029279,0.0,100.0,10216.310881,520.0,343062.3268915692,0.0,189387.03424436014,532449.3611359294,343132.6867056742,0.0,190187.3561694,533320.0428750742
351,10317.74151,0.020954999999999998,0.0,55.7504598750002,10261.970095125,464.249540125,343062.3268915692,0.0,189387.03424436014,532449.3611359294,343132.6867056742,0.0,190187.3561694,533320.0428750742
352,10319.14285,0.009646000000000002,0.0,100.0,10219.133204,364.249540125009,343062.3268915692,0.0,189387.03424436014,532449.3611359294,343132.6867056742,0.0,190187.3561694,533320.0428750742
353,10320.20505,0.0007880000000000001,0.0,58.2341668750014,10261.970095125,306.015373250008,343062.3268915692,0.0,189387.03424436014,532449.3611359294,343132.6867056742,0.0,190187.3561694,533320.0428750742
354,10321.20601,0.0,0.0,64.7775383750068,10256.428471624993,241.237834875001,343062.3268915692,0.0,189387.03424436014,532449.3611359294,343132.6867056742,0.0,190187.3561694,533320.0428750742
355,10322.20697,0.0,0.0,100.0,10222.20697,141.237834875001,343062.3268915692,0.0,189387.03424436014,532449.3611359294,343132.6867056742,0.0,190187.3561694,533320.0428750742
356,10323.20793,0.0,0.0,61.2378348750008,10261.970095125,80.0,343062.3268915692,0.0,189387.03424436014,532449.3611359294,343132.6867056742,0.0,190187.3561694,533320.0428750742
357,10324.20889,0.0,0.0,0.0,10324.20889,80.0,343062.3268915692,0.0,189387.03424436014,532449.3611359294,343132.6867056742,0.0,190187.3561694,533320.0428750742
358,10324.9317,0.0,0.0,0.0,10324.9317,80.0,343062.3268915692,0.0,189387.03424436014,532449.3611359294,343132.6867056742,0.0,190187.3561694,533320.0428750742
359,10325.53227,0.0,46.8966252471503,0.0,10372.42889524715,121.269030217492,343062.3268915692,0.0,189387.03424436014,532449.3611359294,343132.6867056742,0.0,190187.3561694,533320.0428750742
360,10326.13285,0.0,56.8868283096599,0.0,10383.01967830966,171.329439129993,343062.3268915692,0.0,189387.03424436014,532449.3611359294,343132.6867056742,0.0,190187.3561694,533320.0428750742
361,10326.73343,0.0,56.2862483096596,0.0,10383.01967830966,220.861337642493,343062.3268915692,0.0,189387.03424436014,532449.3611359294,343132.6867056742,0.0,190187.3561694,533320.0428750742
362,10327.334,0.0,55.6856783096591,0.0,10383.01967830966,269.864734554994,343062.3268915692,0.0,189387.03424436014,532449.3611359294,343132.6867056742,0.0,190187.3561694,533320.0428750742
363,10328.04315,0.0,54.9765283096604,0.0,10383.01967830966,318.244079467495,343062.3268915692,0.0,189387.03424436014,532449.3611359294,343132.6867056742,0.0,190187.3561694,533320.0428750742
364,10328.84392,0.0,54.1757583096605,0.0,10383.01967830966,365.918746779996,343062.3268915692,0.0,189387.03424436014,532449.3611359294,343132.6867056742,0.0,190187.3561694,533320.0428750742
365,10329.64469,0.0,53.3749883096607,0.0,10383.01967830966,412.888736492497,343062.3268915692,0.0,189387.03424436014,532449.3611359294,343132.6867056742,0.0,190187.3561694,533320.0428750742
366,10330.44546,0.001676,52.5758943096589,0.0,10383.01967830966,459.155523484997,343062.3268915692,0.0,189387.03424436014,532449.3611359294,343132.6867056742,0.0,190187.3561694,533320.0428750742
367,10331.24623,0.012459,51.7859073096588,0.0,10383.01967830966,504.727121917497,343062.3268915692,0.0,189387.03424436014,532449.3611359294,343132.6867056742,0.0,190187.3561694,533320.0428750742
368,10332.12507,0.023767,50.9183753096604,0.0,10383.01967830966,549.535292189998,343062.3268915692,0.0,189387.03424436014,532449.3611359294,343132.6867056742,0.0,190187.3561694,533320.0428750742
369,10333.12603,0.031914000000000005,49.9255623096597,0.0,10383.01967830966,593.469787022499,343062.3268915692,0.0,189387.03424436014,532449.3611359294,343132.6867056742,0.0,190187.3561694,533320.0428750742
370,10334.12699,0.036421999999999996,48.9291103096584,0.0,10383.01967830966,636.527404094998,343062.3268915692,0.0,189387.03424436014,532449.3611359294,343132.6867056742,0.0,190187.3561694,533320.0428750742
371,10335.12795,0.038216,47.9299443096606,0.0,10383.01967830966,678.705755087499,343062.3268915692,0.0,189387.03424436014,532449.3611359294,343132.6867056742,0.0,190187.3561694,533320.0428750742
372,10336.12891,0.03451,46.9252783096599,0.0,10383.01967830966,720.0,343062.3268915692,0.0,189387.03424436014,532449.3611359294,343132.6867056742,0.0,190187.3561694,533320.0428750742
373,10336.93957,0.026556000000000003,0.0,74.942918875,10261.970095125,645.057081125,343062.3268915692,0.0,189387.03424436014,532449.3611359294,343132.6867056742,0.0,190187.3561694,533320.0428750742
374,10337.13976,0.024578,0.0,75.1450868749998,10261.970095125,569.91199425,343062.3268915692,0.0,189387.03424436014,532449.3611359294,343132.6867056742,0.0,190187.3561694,533320.0428750742
375,10337.33995,0.019899999999999998,0.0,75.3499548750005,10261.970095125,494.562039375,343062.3268915692,0.0,189387.03424436014,532449.3611359294,343132.6867056742,0.0,190187.3561694,533320.0428750742
376,10337.54015,0.008672000000000001,0.0,75.5613828750011,10261.970095125,419.0006565,343062.3268915692,0.0,189387.03424436014,532449.3611359294,343132.6867056742,0.0,190187.3561694,533320.0428750742
377,10337.74034,0.00039400000000000004,0.0,75.769850875,10261.970095125,343.230805625,343062.3268915692,0.0,189387.03424436014,532449.3611359294,343132.6867056742,0.0,190187.3561694,533320.0428750742
378,10337.94053,0.0,0.0,75.9704348750001,10261.970095125,267.26037075,343062.3268915692,0.0,189387.03424436014,532449.3611359294,343132.6867056742,0.0,190187.3561694,533320.0428750742
379,10338.14072,0.0,0.0,76.1706248749997,10261.970095125,191.089745875001,343062.3268915692,0.0,189387.03424436014,532449.3611359294,343132.6867056742,0.0,190187.3561694,533320.0428750742
380,10338.34092,0.0,0.0,76.3708248750008,10261.970095125,114.718921,343062.3268915692,0.0,189387.03424436014,532449.3611359294,343132.6867056742,0.0,190187.3561694,533320.0428750742
381,10338.54111,0.0,44.4785683096597,0.0,10383.01967830966,153.860061112493,343062.3268915692,0.0,189387.03424436014,532449.3611359294,343132.6867056742,0.0,190187.3561694,533320.0428750742
382,10338.7413,0.0,44.2783783096602,0.0,10383.01967830966,192.82503402498,343062.3268915692,0.0,189387.03424436014,532449.3611359294,343132.6867056742,0.0,190187.3561694,533320.0428750742
383,10338.94149,0.0,44.0781883096606,0.0,10383.01967830966,231.61383973749,343062.3268915692,0.0,189387.03424436014,532449.3611359294,343132.6867056742,0.0,190187.3561694,533320.0428750742
384,10339.14168,0.0,43.8779983096592,0.0,10383.01967830966,270.22647824999,343062.3268915692,0.0,189387.03424436014,532449.3611359294,343132.6867056742,0.0,190187.3561694,533320.0428750742
385,10339.34188,0.0,43.6777983096599,0.0,10383.01967830966,308.66294076249,343062.3268915692,0.0,189387.03424436014,532449.3611359294,343132.6867056742,0.0,190187.3561694,533320.0428750742
386,10339.54207,0.0,43.4776083096604,0.0,10383.01967830966,346.92323607499,343062.3268915692,0.0,189387.03424436014,532449.3611359294,343132.6867056742,0.0,190187.3561694,533320.0428750742
387,10339.74226,0.0,43.277418309659,0.0,10383.01967830966,385.00736418749,343062.3268915692,0.0,189387.03424436014,532449.3611359294,343132.6867056742,0.0,190187.3561694,533320.0428750742
388,10339.94245,0.0,43.0772283096594,0.0,10383.01967830966,422.91532509999,343062.3268915692,0.0,189387.03424436014,532449.3611359294,343132.6867056742,0.0,190187.3561694,533320.0428750742
389,10340.14264,0.0,42.8770383096598,0.0,10383.01967830966,460.647118812491,343062.3268915692,0.0,189387.03424436014,532449.3611359294,343132.6867056742,0.0,190187.3561694,533320.0428750742
390,10340.34284,0.00223,42.6790683096606,0.0,10383.01967830966,498.204698924992,343062.3268915692,0.0,189387.03424436014,532449.3611359294,343132.6867056742,0.0,190187.3561694,533320.0428750742
391,10340.54303,0.013059,42.4897073096599,0.0,10383.01967830966,535.595641357491,343062.3268915692,0.0,189387.03424436014,532449.3611359294,343132.6867056742,0.0,190187.3561694,533320.0428750742
392,10340.74322,0.023048,42.2995063096587,0.0,10383.01967830966,572.81920690999,343062.3268915692,0.0,189387.03424436014,532449.3611359294,343132.6867056742,0.0,190187.3561694,533320.0428750742
393,10340.94341,0.032137,42.1084053096602,0.0,10383.01967830966,609.874603582495,343062.3268915692,0.0,189387.03424436014,532449.3611359294,343132.6867056742,0.0,190187.3561694,533320.0428750742
394,10341.1436,0.036975,41.9130533096613,0.0,10383.01967830966,646.758090495001,343062.3268915692,0.0,189387.03424436014,532449.3611359294,343132.6867056742,0.0,190187.3561694,533320.0428750742
395,10341.3438,0.039261000000000004,41.7151393096592,0.0,10383.01967830966,683.4674130875,343062.3268915692,0.0,189387.03424436014,532449.3611359294,343132.6867056742,0.0,190187.3561694,533320.0428750742
396,10341.54399,0.038615000000000003,41.5143033096592,0.0,10383.01967830966,720.0,343062.3268915692,0.0,189387.03424436014,532449.3611359294,343132.6867056742,0.0,190187.3561694,533320.0428750742
397,10341.74418,0.034894,0.0,79.7391908749996,10261.970095125,640.260809125,343062.3268915692,0.0,189387.03424436014,532449.3611359294,343132.6867056742,0.0,190187.3561694,533320.0428750742
398,10341.94437,0.029098,0.0,79.9451768749987,10261.970095125,560.315632250004,343062.3268915692,0.0,189387.03424436014,532449.3611359294,343132.6867056742,0.0,190187.3561694,533320.0428750742
399,10342.0493,0.020356000000000003,0.0,80.058848875,10261.970095125,480.256783375004,343062.3268915692,0.0,189387.03424436014,532449.3611359294,343132.6867056742,0.0,190187.3561694,533320.0428750742
400,10342.0493,0.009217000000000001,0.0,80.0699878750002,10261.970095125,400.186795500003,343062.3268915692,0.0,189387.03424436014,532449.3611359294,343132.6867056742,0.0,190187.3561694,533320.0428750742
401,10342.0493,0.000484,0.0,80.0787208750007,10261.970095125,320.108074625001,343062.3268915692,0.0,189387.03424436014,532449.3611359294,343132.6867056742,0.0,190187.3561694,533320.0428750742
402,10342.0493,0.0,0.0,80.0792048750009,10261.970095125,240.028869750004,343062.3268915692,0.0,189387.03424436014,532449.3611359294,343132.6867056742,0.0,190187.3561694,533320.0428750742
403,10342.0493,0.0,0.0,80.0792048750009,10261.970095125,159.949664875001,343062.3268915692,0.0,189387.03424436014,532449.3611359294,343132.6867056742,0.0,190187.3561694,533320.0428750742
404,10341.91976,0.0,0.0,79.949664875001,10261.970095125,80.0,343062.3268915692,0.0,189387.03424436014,532449.3611359294,343132.6867056742,0.0,190187.3561694,533320.0428750742
405,10341.51938,0.0,41.5002983096718,0.0,10383.01967830967,116.520262512511,343062.3268915692,0.0,189387.03424436014,532449.3611359294,343132.6867056742,0.0,190187.3561694,533320.0428750742
406,10341.11899,0.0,41.9006883096413,0.0,10383.019678309642,153.392868224996,343062.3268915692,0.0,189387.03424436014,532449.3611359294,343132.6867056742,0.0,190187.3561694,533320.0428750742
407,10340.71861,0.0,42.30106830966,0.0,10383.01967830966,190.617808337496,343062.3268915692,0.0,189387.03424436014,532449.3611359294,343132.6867056742,0.0,190187.3561694,533320.0428750742
408,10340.31822,0.0,42.7014583096607,0.0,10383.01967830966,228.195091649998,343062.3268915692,0.0,189387.03424436014,532449.3611359294,343132.6867056742,0.0,190187.3561694,533320.0428750742
409,10339.88357,0.0,43.1361083096599,0.0,10383.01967830966,266.154866962498,343062.3268915692,0.0,189387.03424436014,532449.3611359294,343132.6867056742,0.0,190187.3561694,533320.0428750742
410,10339.283,0.0,43.7366783096604,0.0,10383.01967830966,304.643143875,343062.3268915692,0.0,189387.03424436014,532449.3611359294,343132.6867056742,0.0,190187.3561694,533320.0428750742
411,10338.68242,0.0,44.3372583096607,0.0,10383.01967830966,343.659931187501,343062.3268915692,0.0,189387.03424436014,532449.3611359294,343132.6867056742,0.0,190187.3561694,533320.0428750742
412,10338.08184,0.0,44.9378383096591,0.0,10383.01967830966,383.205228900001,343062.3268915692,0.0,189387.03424436014,532449.3611359294,343132.6867056742,0.0,190187.3561694,533320.0428750742
413,10337.48127,0.0,45.5384083096596,0.0,10383.01967830966,423.279028212501,343062.3268915692,0.0,189387.03424436014,532449.3611359294,343132.6867056742,0.0,190187.3561694,533320.0428750742
414,10336.88069,0.0022480000000000004,46.1412363096606,0.0,10383.01967830966,463.883316165003,343062.3268915692,0.0,189387.03424436014,532449.3611359294,343132.6867056742,0.0,190187.3561694,533320.0428750742
415,10336.28011,0.012501,46.7520693096594,0.0,10383.01967830966,505.025137157503,343062.3268915692,0.0,189387.03424436014,532449.3611359294,343132.6867056742,0.0,190187.3561694,533320.0428750742
416,10335.67954,0.024201,47.3643393096609,0.0,10383.01967830966,546.705755750005,343062.3268915692,0.0,189387.03424436014,532449.3611359294,343132.6867056742,0.0,190187.3561694,533320.0428750742
417,10335.07896,0.032238,47.9729563096589,0.0,10383.01967830966,588.921957302505,343062.3268915692,0.0,189387.03424436014,532449.3611359294,343132.6867056742,0.0,190187.3561694,533320.0428750742
418,10334.47839,0.037351,48.5786393096605,0.0,10383.01967830966,631.671159895006,343062.3268915692,0.0,189387.03424436014,532449.3611359294,343132.6867056742,0.0,190187.3561694,533320.0428750742
419,10333.87781,0.03778,49.1796483096605,0.0,10383.01967830966,674.949250407507,343062.3268915692,0.0,189387.03424436014,532449.3611359294,343132.6867056742,0.0,190187.3561694,533320.0428750742
420,10333.27723,0.035147,49.7775953096607,0.0,10383.01967830966,718.753534280008,343062.3268915692,0.0,189387.03424436014,532449.3611359294,343132.6867056742,0.0,190187.3561694,533320.0428750742
421,10332.67666,0.035379,0.0,100.0,10232.641280999998,618.753534280008,343062.3268915692,0.0,189387.03424436014,532449.3611359294,343132.6867056742,0.0,190187.3561694,533320.0428750742
422,10332.07608,0.027075,0.0,99.0634009050375,10232.985604094963,519.690133374971,343062.3268915692,0.0,189387.03424436014,532449.3611359294,343132.6867056742,0.0,190187.3561694,533320.0428750742
423,10331.47551,0.020349,0.0,69.4850658750001,10261.970095125,450.205067499971,343062.3268915692,0.0,189387.03424436014,532449.3611359294,343132.6867056742,0.0,190187.3561694,533320.0428750742
424,10330.87493,0.009082000000000002,0.0,68.8957528749997,10261.970095125,381.309314624971,343062.3268915692,0.0,189387.03424436014,532449.3611359294,343132.6867056742,0.0,190187.3561694,533320.0428750742
425,10330.27435,0.000549,0.0,100.0,10230.273801,281.309314625001,343062.3268915692,0.0,189387.03424436014,532449.3611359294,343132.6867056742,0.0,190187.3561694,533320.0428750742
426,10329.67378,0.0,0.0,67.7036848749995,10261.970095125,213.605629750002,343062.3268915692,0.0,189387.03424436014,532449.3611359294,343132.6867056742,0.0,190187.3561694,533320.0428750742
427,10329.0732,0.0,0.0,67.103104875001,10261.970095125,146.502524875001,343062.3268915692,0.0,189387.03424436014,532449.3611359294,343132.6867056742,0.0,190187.3561694,533320.0428750742
428,10328.47262,0.0,0.0,66.5025248750007,10261.970095125,80.0,343062.3268915692,0.0,189387.03424436014,532449.3611359294,343132.6867056742,0.0,190187.3561694,533320.0428750742
429,10327.87205,0.0,0.0,0.0,10327.87205,80.0,343062.3268915692,0.0,189387.03424436014,532449.3611359294,343132.6867056742,0.0,190187.3561694,533320.0428750742
430,10327.27147,0.0,0.0,0.0,10327.27147,80.0,343062.3268915692,0.0,189387.03424436014,532449.3611359294,343132.6867056742,0.0,190187.3561694,533320.0428750742
431,10326.6709,0.0,0.0,0.0,10326.6709,80.0,343062.3268915692,0.0,189387.03424436014,532449.3611359294,343132.6867056742,0.0,190187.3561694,533320.0428750742
432,10326.07032,0.0,0.0,0.0,10326.07032,80.0,343062.3268915692,0.0,189387.03424436014,532449.3611359294,343132.6867056742,0.0,190187.3561694,533320.0428750742
433,10325.46974,0.0,0.0,0.0,10325.46974,80.0,343062.3268915692,0.0,189387.03424436014,532449.3611359294,343132.6867056742,0.0,190187.3561694,533320.0428750742
434,10324.86917,0.0,0.0,0.0,10324.86917,80.0,343062.3268915692,0.0,189387.03424436014,532449.3611359294,343132.6867056742,0.0,190187.3561694,533320.0428750742
435,10324.26859,0.0,0.0,0.0,10324.26859,80.0,343062.3268915692,0.0,189387.03424436014,532449.3611359294,343132.6867056742,0.0,190187.3561694,533320.0428750742
436,10323.66802,0.0,0.0,0.0,10323.66802,80.0,343062.3268915692,0.0,189387.03424436014,532449.3611359294,343132.6867056742,0.0,190187.3561694,533320.0428750742
437,10323.06744,0.0,0.0,0.0,10323.06744,80.0,343062.3268915692,0.0,189387.03424436014,532449.3611359294,343132.6867056742,0.0,190187.3561694,533320.0428750742
438,10322.46686,0.002363,0.0,0.0,10322.464497,80.0,343062.3268915692,0.0,189387.03424436014,532449.3611359294,343132.6867056742,0.0,190187.3561694,533320.0428750742
439,10321.86629,0.013286,0.0,0.0,10321.853004,80.0,343062.3268915692,0.0,189387.03424436014,532449.3611359294,343132.6867056742,0.0,190187.3561694,533320.0428750742
440,10321.11133,0.02431,0.0,0.0,10321.087019999999,80.0,343062.3268915692,0.0,189387.03424436014,532449.3611359294,343132.6867056742,0.0,190187.3561694,533320.0428750742
441,10319.91018,0.031811,0.0,0.0,10319.878369,80.0,343062.3268915692,0.0,189387.03424436014,532449.3611359294,343132.6867056742,0.0,190187.3561694,533320.0428750742
442,10318.70902,0.035981,0.0,0.0,10318.673039,80.0,343062.3268915692,0.0,189387.03424436014,532449.3611359294,343132.6867056742,0.0,190187.3561694,533320.0428750742
443,10317.50787,0.037926,0.0,0.0,10317.469943999999,80.0,343062.3268915692,0.0,189387.03424436014,532449.3611359294,343132.6867056742,0.0,190187.3561694,533320.0428750742
444,10316.30672,0.038585,66.7515433096596,0.0,10383.01967830966,138.7413581125,343062.3268915692,0.0,189387.03424436014,532449.3611359294,343132.6867056742,0.0,190187.3561694,533320.0428750742
445,10315.04268,0.029053000000000002,60.5211839630677,0.0,10375.534810963069,192.0,343062.3268915692,0.0,189387.03424436014,532449.3611359294,343132.6867056742,0.0,190187.3561694,533320.0428750742
446,10313.24095,0.028685,0.0,0.0,10313.212265,192.0,343062.3268915692,0.0,189387.03424436014,532449.3611359294,343132.6867056742,0.0,190187.3561694,533320.0428750742
447,10311.43923,0.020350000000000004,0.0,0.0,10311.41888,192.0,343062.3268915692,0.0,189387.03424436014,532449.3611359294,343132.6867056742,0.0,190187.3561694,533320.0428750742
448,10309.6375,0.009250999999999999,0.0,0.0,10309.628249000001,192.0,343062.3268915692,0.0,189387.03424436014,532449.3611359294,343132.6867056742,0.0,190187.3561694,533320.0428750742
449,10307.83577,0.000498,0.0,0.0,10307.835272,192.0,343062.3268915692,0.0,189387.03424436014,532449.3611359294,343132.6867056742,0.0,190187.3561694,533320.0428750742
450,10306.03404,0.0,0.0,0.0,10306.03404,192.0,343062.3268915692,0.0,189387.03424436014,532449.3611359294,343132.6867056742,0.0,190187.3561694,533320.0428750742
451,10304.23231,0.0,0.0,0.0,10304.23231,192.0,343062.3268915692,0.0,189387.03424436014,532449.3611359294,343132.6867056742,0.0,190187.3561694,533320.0428750742
452,10302.43058,0.0,0.0,0.0,10302.43058,192.0,343062.3268915692,0.0,189387.03424436014,532449.3611359294,343132.6867056742,0.0,190187.3561694,533320.0428750742
453,10300.62886,0.0,0.0,0.0,10300.62886,192.0,343062.3268915692,0.0,189387.03424436014,532449.3611359294,343132.6867056742,0.0,190187.3561694,533320.0428750742
454,10298.82713,0.0,0.0,0.0,10298.82713,192.0,343062.3268915692,0.0,189387.03424436014,532449.3611359294,343132.6867056742,0.0,190187.3561694,533320.0428750742
455,10297.0254,0.0,0.0,0.0,10297.0254,192.0,343062.3268915692,0.0,189387.03424436014,532449.3611359294,343132.6867056742,0.0,190187.3561694,533320.0428750742
456,10295.38382,0.0,0.0,0.0,10295.38382,192.0,343062.3268915692,0.0,189387.03424436014,532449.3611359294,343132.6867056742,0.0,190187.3561694,533320.0428750742
457,10293.78229,0.0,0.0,0.0,10293.78229,192.0,343062.3268915692,0.0,189387.03424436014,532449.3611359294,343132.6867056742,0.0,190187.3561694,533320.0428750742
458,10292.18075,0.0,0.0,0.0,10292.18075,192.0,343062.3268915692,0.0,189387.03424436014,532449.3611359294,343132.6867056742,0.0,190187.3561694,533320.0428750742
459,10290.57921,0.0,0.0,0.0,10290.57921,192.0,343062.3268915692,0.0,189387.03424436014,532449.3611359294,343132.6867056742,0.0,190187.3561694,533320.0428750742
460,10288.97768,0.0,0.0,0.0,10288.97768,192.0,343062.3268915692,0.0,189387.03424436014,532449.3611359294,343132.6867056742,0.0,190187.3561694,533320.0428750742
461,10287.24649,0.0,0.0,0.0,10287.24649,192.0,343062.3268915692,0.0,189387.03424436014,532449.3611359294,343132.6867056742,0.0,190187.3561694,533320.0428750742
462,10285.44476,0.0015780000000000002,0.0,0.0,10285.443182,192.0,343062.3268915692,0.0,189387.03424436014,532449.3611359294,343132.6867056742,0.0,190187.3561694,533320.0428750742
463,10283.64303,0.007038,0.0,0.0,10283.635992,192.0,343062.3268915692,0.0,189387.03424436014,532449.3611359294,343132.6867056742,0.0,190187.3561694,533320.0428750742
464,10281.8413,0.005628,0.0,0.0,10281.835672,192.0,343062.3268915692,0.0,189387.03424436014,532449.3611359294,343132.6867056742,0.0,190187.3561694,533320.0428750742
465,10280.03957,0.007983,0.0,0.0,10280.031587000001,192.0,343062.3268915692,0.0,189387.03424436014,532449.3611359294,343132.6867056742,0.0,190187.3561694,533320.0428750742
466,10278.43615,0.028207000000000003,0.0,0.0,10278.407943,192.0,343062.3268915692,0.0,189387.03424436014,532449.3611359294,343132.6867056742,0.0,190187.3561694,533320.0428750742
467,10277.03481,0.029592,0.0,0.0,10277.005217999998,192.0,343062.3268915692,0.0,189387.03424436014,532449.3611359294,343132.6867056742,0.0,190187.3561694,533320.0428750742
468,10275.63347,0.030239000000000002,0.0,0.0,10275.603231000001,192.0,343062.3268915692,0.0,189387.03424436014,532449.3611359294,343132.6867056742,0.0,190187.3561694,533320.0428750742
469,10274.23212,0.028939,0.0,0.0,10274.203181,192.0,343062.3268915692,0.0,189387.03424436014,532449.3611359294,343132.6867056742,0.0,190187.3561694,533320.0428750742
470,10272.83078,0.028005,0.0,0.0,10272.802775,192.0,343062.3268915692,0.0,189387.03424436014,532449.3611359294,343132.6867056742,0.0,190187.3561694,533320.0428750742
471,10271.42943,0.015778,0.0,0.0,10271.413652,192.0,343062.3268915692,0.0,189387.03424436014,532449.3611359294,343132.6867056742,0.0,190187.3561694,533320.0428750742
472,10270.02809,0.008153,0.0,0.0,10270.019937,192.0,343062.3268915692,0.0,189387.03424436014,532449.3611359294,343132.6867056742,0.0,190187.3561694,533320.0428750742
473,10268.62674,0.00019,0.0,0.0,10268.626549999999,192.0,343062.3268915692,0.0,189387.03424436014,532449.3611359294,343132.6867056742,0.0,190187.3561694,533320.0428750742
474,10267.2254,0.0,0.0,0.0,10267.2254,192.0,343062.3268915692,0.0,189387.03424436014,532449.3611359294,343132.6867056742,0.0,190187.3561694,533320.0428750742
475,10265.82406,0.0,0.0,0.0,10265.82406,192.0,343062.3268915692,0.0,189387.03424436014,532449.3611359294,343132.6867056742,0.0,190187.3561694,533320.0428750742
476,10264.42271,0.0,0.0,0.0,10264.42271,192.0,343062.3268915692,0.0,189387.03424436014,532449.3611359294,343132.6867056742,0.0,190187.3561694,533320.0428750742
477,10263.02137,0.0,0.0,0.0,10263.02137,192.0,343062.3268915692,0.0,189387.03424436014,532449.3611359294,343132.6867056742,0.0,190187.3561694,533320.0428750742
478,10261.62002,0.0,0.0,0.0,10261.62002,192.0,343062.3268915692,0.0,189387.03424436014,532449.3611359294,343132.6867056742,0.0,190187.3561694,533320.0428750742
479,10260.21868,0.0,0.0,0.0,10260.21868,192.0,343062.3268915692,0.0,189387.03424436014,532449.3611359294,343132.6867056742,0.0,190187.3561694,533320.0428750742
480,10258.81733,0.0,0.0,0.0,10258.81733,192.0,343062.3268915692,0.0,189387.03424436014,532449.3611359294,343132.6867056742,0.0,190187.3561694,533320.0428750742
481,10257.41599,0.0,0.0,0.0,10257.41599,192.0,343062.3268915692,0.0,189387.03424436014,532449.3611359294,343132.6867056742,0.0,190187.3561694,533320.0428750742
482,10256.01465,0.0,0.0,0.0,10256.01465,192.0,343062.3268915692,0.0,189387.03424436014,532449.3611359294,343132.6867056742,0.0,190187.3561694,533320.0428750742
483,10254.6133,0.0,0.0,0.0,10254.6133,192.0,343062.3268915692,0.0,189387.03424436014,532449.3611359294,343132.6867056742,0.0,190187.3561694,533320.0428750742
484,10253.21196,0.0,0.0,0.0,10253.21196,192.0,343062.3268915692,0.0,189387.03424436014,532449.3611359294,343132.6867056742,0.0,190187.3561694,533320.0428750742
485,10251.81061,0.0,0.0,0.0,10251.81061,192.0,343062.3268915692,0.0,189387.03424436014,532449.3611359294,343132.6867056742,0.0,190187.3561694,533320.0428750742
486,10250.40927,0.002323,0.0,0.0,10250.406947,192.0,343062.3268915692,0.0,189387.03424436014,532449.3611359294,343132.6867056742,0.0,190187.3561694,533320.0428750742
487,10249.00792,0.013502,100.0,0.0,10348.994418,280.0,343062.3268915692,0.0,189387.03424436014,532449.3611359294,343132.6867056742,0.0,190187.3561694,533320.0428750742
488,10247.60658,0.02481,100.0,0.0,10347.581769999999,368.0,343062.3268915692,0.0,189387.03424436014,532449.3611359294,343132.6867056742,0.0,190187.3561694,533320.0428750742
489,10246.20524,0.031965,100.0,0.0,10346.173275,456.0,343062.3268915692,0.0,189387.03424436014,532449.3611359294,343132.6867056742,0.0,190187.3561694,533320.0428750742
490,10244.80389,0.034654000000000004,100.0,0.0,10344.769236,544.0,343062.3268915692,0.0,189387.03424436014,532449.3611359294,343132.6867056742,0.0,190187.3561694,533320.0428750742
491,10243.40255,0.039368,100.0,0.0,10343.363182000001,632.0,343062.3268915692,0.0,189387.03424436014,532449.3611359294,343132.6867056742,0.0,190187.3561694,533320.0428750742
492,10242.0012,0.038744,100.0,0.0,10341.962456000001,720.0,343062.3268915692,0.0,189387.03424436014,532449.3611359294,343132.6867056742,0.0,190187.3561694,533320.0428750742
493,10240.59986,0.035802999999999995,0.0,100.0,10140.564057,620.0,343062.3268915692,0.0,189387.03424436014,532449.3611359294,343132.6867056742,0.0,190187.3561694,533320.0428750742
494,10239.19851,0.029911000000000004,0.0,100.0,10139.168599,520.0,343062.3268915692,0.0,189387.03424436014,532449.3611359294,343132.6867056742,0.0,190187.3561694,533320.0428750742
495,10237.79717,0.019521,0.0,100.0,10137.777649,420.0,343062.3268915692,0.0,189387.03424436014,532449.3611359294,343132.6867056742,0.0,190187.3561694,533320.0428750742
496,10236.39583,0.009337999999999999,0.0,100.0,10136.386492,320.0,343062.3268915692,0.0,189387.03424436014,532449.3611359294,343132.6867056742,0.0,190187.3561694,533320.0428750742
497,10234.87813,0.00045000000000000004,0.0,100.0,10134.87768,220.0,343062.3268915692,0.0,189387.03424436014,532449.3611359294,343132.6867056742,0.0,190187.3561694,533320.0428750742
498,10233.2766,0.0,0.0,100.0,10133.2766,120.0,343062.3268915692,0.0,189387.03424436014,532449.3611359294,343132.6867056742,0.0,190187.3561694,533320.0428750742
499,10231.67506,0.0,0.0,40.0,10191.67506,80.0,343062.3268915692,0.0,189387.03424436014,532449.3611359294,343132.6867056742,0.0,190187.3561694,533320.0428750742
500,10230.07352,0.0,0.0,0.0,10230.07352,80.0,343062.3268915692,0.0,189387.03424436014,532449.3611359294,343132.6867056742,0.0,190187.3561694,533320.0428750742
501,10228.47199,0.0,100.0,0.0,10328.47199,168.0,343062.3268915692,0.0,189387.03424436014,532449.3611359294,343132.6867056742,0.0,190187.3561694,533320.0428750742
502,10226.61291,0.0,100.0,0.0,10326.61291,256.0,343062.3268915692,0.0,189387.03424436014,532449.3611359294,343132.6867056742,0.0,190187.3561694,533320.0428750742
503,10224.4108,0.0,27.2727272727273,0.0,10251.683527272728,280.0,343062.3268915692,0.0,189387.03424436014,532449.3611359294,343132.6867056742,0.0,190187.3561694,533320.0428750742
504,10222.20869,0.0,0.0,0.0,10222.20869,280.0,343062.3268915692,0.0,189387.03424436014,532449.3611359294,343132.6867056742,0.0,190187.3561694,533320.0428750742
505,10220.00657,0.0,0.0,0.0,10220.00657,280.0,343062.3268915692,0.0,189387.03424436014,532449.3611359294,343132.6867056742,0.0,190187.3561694,533320.0428750742
506,10217.80446,0.0,0.0,0.0,10217.80446,280.0,343062.3268915692,0.0,189387.03424436014,532449.3611359294,343132.6867056742,0.0,190187.3561694,533320.0428750742
507,10215.71304,0.0,0.0,0.0,10215.71304,280.0,343062.3268915692,0.0,189387.03424436014,532449.3611359294,343132.6867056742,0.0,190187.3561694,533320.0428750742
508,10213.91131,0.0,0.0,0.0,10213.91131,280.0,343062.3268915692,0.0,189387.03424436014,532449.3611359294,343132.6867056742,0.0,190187.3561694,533320.0428750742
509,10212.10959,0.0,0.0,0.0,10212.10959,280.0,343062.3268915692,0.0,189387.03424436014,532449.3611359294,343132.6867056742,0.0,190187.3561694,533320.0428750742
510,10210.30786,0.0019890000000000003,0.0,0.0,10210.305871,280.0,343062.3268915692,0.0,189387.03424436014,532449.3611359294,343132.6867056742,0.0,190187.3561694,533320.0428750742
511,10208.50613,0.012456,0.0,0.0,10208.493674,280.0,343062.3268915692,0.0,189387.03424436014,532449.3611359294,343132.6867056742,0.0,190187.3561694,533320.0428750742
512,10206.62986,0.018471,100.0,0.0,10306.611389,368.0,343062.3268915692,0.0,189387.03424436014,532449.3611359294,343132.6867056742,0.0,190187.3561694,533320.0428750742
513,10204.22755,0.025955,100.0,0.0,10304.201595,456.0,343062.3268915692,0.0,189387.03424436014,532449.3611359294,343132.6867056742,0.0,190187.3561694,533320.0428750742
514,10201.82525,0.032357,100.0,0.0,10301.792893,544.0,343062.3268915692,0.0,189387.03424436014,532449.3611359294,343132.6867056742,0.0,190187.3561694,533320.0428750742
515,10199.42295,0.021207999999999998,100.0,0.0,10299.401742,632.0,343062.3268915692,0.0,189387.03424436014,532449.3611359294,343132.6867056742,0.0,190187.3561694,533320.0428750742
516,10197.02064,0.010458,100.0,0.0,10297.010182,720.0,343062.3268915692,0.0,189387.03424436014,532449.3611359294,343132.6867056742,0.0,190187.3561694,533320.0428750742
517,10194.61834,0.012446,0.0,100.0,10094.605894,620.0,343062.3268915692,0.0,189387.03424436014,532449.3611359294,343132.6867056742,0.0,190187.3561694,533320.0428750742
518,10192.21603,0.005982,0.0,100.0,10092.210047999999,520.0,343062.3268915692,0.0,189387.03424436014,532449.3611359294,343132.6867056742,0.0,190187.3561694,533320.0428750742
519,10189.81373,0.005017000000000001,0.0,100.0,10089.808713,420.0,343062.3268915692,0.0,189387.03424436014,532449.3611359294,343132.6867056742,0.0,190187.3561694,533320.0428750742
520,10187.41142,0.0019450000000000001,0.0,100.0,10087.409475,320.0,343062.3268915692,0.0,189387.03424436014,532449.3611359294,343132.6867056742,0.0,190187.3561694,533320.0428750742
521,10185.00912,0.0,0.0,100.0,10085.00912,220.0,343062.3268915692,0.0,189387.03424436014,532449.3611359294,343132.6867056742,0.0,190187.3561694,533320.0428750742
522,10182.60681,0.0,0.0,100.0,10082.60681,120.0,343062.3268915692,0.0,189387.03424436014,532449.3611359294,343132.6867056742,0.0,190187.3561694,533320.0428750742
523,10180.53259,0.0,0.0,40.0,10140.53259,80.0,343062.3268915692,0.0,189387.03424436014,532449.3611359294,343132.6867056742,0.0,190187.3561694,533320.0428750742
524,10178.53067,0.0,0.0,0.0,10178.53067,80.0,343062.3268915692,0.0,189387.03424436014,532449.3611359294,343132.6867056742,0.0,190187.3561694,533320.0428750742
525,10176.52875,0.0,100.0,0.0,10276.52875,168.0,343062.3268915692,0.0,189387.03424436014,532449.3611359294,343132.6867056742,0.0,190187.3561694,533320.0428750742
526,10174.52683,0.0,100.0,0.0,10274.52683,256.0,343062.3268915692,0.0,189387.03424436014,532449.3611359294,343132.6867056742,0.0,190187.3561694,533320.0428750742
527,10172.52491,0.0,100.0,0.0,10272.52491,344.0,343062.3268915692,0.0,189387.03424436014,532449.3611359294,343132.6867056742,0.0,190187.3561694,533320.0428750742
528,10170.52299,0.0,27.2727272727273,0.0,10197.795717272727,368.0,343062.3268915692,0.0,189387.03424436014,532449.3611359294,343132.6867056742,0.0,190187.3561694,533320.0428750742
529,10168.52107,0.0,0.0,0.0,10168.52107,368.0,343062.3268915692,0.0,189387.03424436014,532449.3611359294,343132.6867056742,0.0,190187.3561694,533320.0428750742
530,10166.51915,0.0,0.0,0.0,10166.51915,368.0,343062.3268915692,0.0,189387.03424436014,532449.3611359294,343132.6867056742,0.0,190187.3561694,533320.0428750742
531,10164.51722,0.0,0.0,0.0,10164.51722,368.0,343062.3268915692,0.0,189387.03424436014,532449.3611359294,343132.6867056742,0.0,190187.3561694,533320.0428750742
532,10162.5153,0.0,0.0,0.0,10162.5153,368.0,343062.3268915692,0.0,189387.03424436014,532449.3611359294,343132.6867056742,0.0,190187.3561694,533320.0428750742
533,10160.41034,0.0,0.0,0.0,10160.41034,368.0,343062.3268915692,0.0,189387.03424436014,532449.3611359294,343132.6867056742,0.0,190187.3561694,533320.0428750742
534,10158.20823,0.00202,0.0,0.0,10158.20621,368.0,343062.3268915692,0.0,189387.03424436014,532449.3611359294,343132.6867056742,0.0,190187.3561694,533320.0428750742
535,10156.00612,0.012768000000000002,0.0,0.0,10155.993352,368.0,343062.3268915692,0.0,189387.03424436014,532449.3611359294,343132.6867056742,0.0,190187.3561694,533320.0428750742
536,10153.80401,0.024085000000000002,0.0,0.0,10153.779925,368.0,343062.3268915692,0.0,189387.03424436014,532449.3611359294,343132.6867056742,0.0,190187.3561694,533320.0428750742
537,10151.60189,0.03198,100.0,0.0,10251.56991,456.0,343062.3268915692,0.0,189387.03424436014,532449.3611359294,343132.6867056742,0.0,190187.3561694,533320.0428750742
538,10149.83502,0.036747,100.0,0.0,10249.798273,544.0,343062.3268915692,0.0,189387.03424436014,532449.3611359294,343132.6867056742,0.0,190187.3561694,533320.0428750742
539,10148.83406,0.018958,100.0,0.0,10248.815101999999,632.0,343062.3268915692,0.0,189387.03424436014,532449.3611359294,343132.6867056742,0.0,190187.3561694,533320.0428750742
540,10147.8331,0.040181,100.0,0.0,10247.792919,720.0,343062.3268915692,0.0,189387.03424436014,532449.3611359294,343132.6867056742,0.0,190187.3561694,533320.0428750742
541,10146.83214,0.028325,0.0,100.0,10046.803815000001,620.0,343062.3268915692,0.0,189387.03424436014,532449.3611359294,343132.6867056742,0.0,190187.3561694,533320.0428750742
542,10145.83118,0.029104,0.0,100.0,10045.802076,520.0,343062.3268915692,0.0,189387.03424436014,532449.3611359294,343132.6867056742,0.0,190187.3561694,533320.0428750742
543,10144.7041,0.00475,0.0,100.0,10044.69935,420.0,343062.3268915692,0.0,189387.03424436014,532449.3611359294,343132.6867056742,0.0,190187.3561694,533320.0428750742
544,10143.10256,0.001734,0.0,100.0,10043.100826,320.0,343062.3268915692,0.0,189387.03424436014,532449.3611359294,343132.6867056742,0.0,190187.3561694,533320.0428750742
545,10141.50103,0.0,0.0,100.0,10041.50103,220.0,343062.3268915692,0.0,189387.03424436014,532449.3611359294,343132.6867056742,0.0,190187.3561694,533320.0428750742
546,10139.89949,0.0,0.0,100.0,10039.89949,120.0,343062.3268915692,0.0,189387.03424436014,532449.3611359294,343132.6867056742,0.0,190187.3561694,533320.0428750742
547,10138.29795,0.0,0.0,40.0,10098.29795,80.0,343062.3268915692,0.0,189387.03424436014,532449.3611359294,343132.6867056742,0.0,190187.3561694,533320.0428750742
548,10136.70796,0.0,0.0,0.0,10136.70796,80.0,343062.3268915692,0.0,189387.03424436014,532449.3611359294,343132.6867056742,0.0,190187.3561694,533320.0428750742
549,10135.30661,0.0,100.0,0.0,10235.30661,168.0,343062.3268915692,0.0,189387.03424436014,532449.3611359294,343132.6867056742,0.0,190187.3561694,533320.0428750742
550,10133.90527,0.0,100.0,0.0,10233.90527,256.0,343062.3268915692,0.0,189387.03424436014,532449.3611359294,343132.6867056742,0.0,190187.3561694,533320.0428750742
551,10132.50393,0.0,100.0,0.0,10232.50393,344.0,343062.3268915692,0.0,189387.03424436014,532449.3611359294,343132.6867056742,0.0,190187.3561694,533320.0428750742
552,10131.10258,0.0,27.2727272727273,0.0,10158.375307272729,368.0,343062.3268915692,0.0,189387.03424436014,532449.3611359294,343132.6867056742,0.0,190187.3561694,533320.0428750742
553,10129.70124,0.0,0.0,0.0,10129.70124,368.0,343062.3268915692,0.0,189387.03424436014,532449.3611359294,343132.6867056742,0.0,190187.3561694,533320.0428750742
554,10128.11866,0.0,0.0,0.0,10128.11866,368.0,343062.3268915692,0.0,189387.03424436014,532449.3611359294,343132.6867056742,0.0,190187.3561694,533320.0428750742
555,10126.51712,0.0,0.0,0.0,10126.51712,368.0,343062.3268915692,0.0,189387.03424436014,532449.3611359294,343132.6867056742,0.0,190187.3561694,533320.0428750742
556,10124.91559,0.0,0.0,0.0,10124.91559,368.0,343062.3268915692,0.0,189387.03424436014,532449.3611359294,343132.6867056742,0.0,190187.3561694,533320.0428750742
557,10123.31405,0.0,0.0,0.0,10123.31405,368.0,343062.3268915692,0.0,189387.03424436014,532449.3611359294,343132.6867056742,0.0,190187.3561694,533320.0428750742
558,10121.71252,0.0005729999999999999,0.0,0.0,10121.711947,368.0,343062.3268915692,0.0,189387.03424436014,532449.3611359294,343132.6867056742,0.0,190187.3561694,533320.0428750742
559,10120.41244,0.003637,0.0,0.0,10120.408803,368.0,343062.3268915692,0.0,189387.03424436014,532449.3611359294,343132.6867056742,0.0,190187.3561694,533320.0428750742
560,10119.21129,0.005335,0.0,0.0,10119.205955,368.0,343062.3268915692,0.0,189387.03424436014,532449.3611359294,343132.6867056742,0.0,190187.3561694,533320.0428750742
561,10118.01014,0.0077220000000000006,100.0,0.0,10218.002418,456.0,343062.3268915692,0.0,189387.03424436014,532449.3611359294,343132.6867056742,0.0,190187.3561694,533320.0428750742
562,10116.80899,0.013711000000000001,100.0,0.0,10216.795279,544.0,343062.3268915692,0.0,189387.03424436014,532449.3611359294,343132.6867056742,0.0,190187.3561694,533320.0428750742
563,10115.60784,0.016729,100.0,0.0,10215.591111,632.0,343062.3268915692,0.0,189387.03424436014,532449.3611359294,343132.6867056742,0.0,190187.3561694,533320.0428750742
564,10114.16622,0.02158,100.0,0.0,10214.144639999999,720.0,343062.3268915692,0.0,189387.03424436014,532449.3611359294,343132.6867056742,0.0,190187.3561694,533320.0428750742
565,10112.56468,0.007535,0.0,100.0,10012.557144999999,620.0,343062.3268915692,0.0,189387.03424436014,532449.3611359294,343132.6867056742,0.0,190187.3561694,533320.0428750742
566,10110.96314,0.00605,0.0,100.0,10010.95709,520.0,343062.3268915692,0.0,189387.03424436014,532449.3611359294,343132.6867056742,0.0,190187.3561694,533320.0428750742
567,10109.36161,0.01345,0.0,100.0,10009.34816,420.0,343062.3268915692,0.0,189387.03424436014,532449.3611359294,343132.6867056742,0.0,190187.3561694,533320.0428750742
568,10107.76007,0.001314,0.0,100.0,10007.758756000001,320.0,343062.3268915692,0.0,189387.03424436014,532449.3611359294,343132.6867056742,0.0,190187.3561694,533320.0428750742
569,10106.0688,0.0,0.0,100.0,10006.0688,220.0,343062.3268915692,0.0,189387.03424436014,532449.3611359294,343132.6867056742,0.0,190187.3561694,533320.0428750742
570,10104.26707,0.0,0.0,100.0,10004.26707,120.0,343062.3268915692,0.0,189387.03424436014,532449.3611359294,343132.6867056742,0.0,190187.3561694,533320.0428750742
571,10102.46535,0.0,0.0,40.0,10062.46535,80.0,343062.3268915692,0.0,189387.03424436014,532449.3611359294,343132.6867056742,0.0,190187.3561694,533320.0428750742
572,10100.66362,0.0,0.0,0.0,10100.66362,80.0,343062.3268915692,0.0,189387.03424436014,532449.3611359294,343132.6867056742,0.0,190187.3561694,533320.0428750742
573,10098.86189,0.0,100.0,0.0,10198.86189,168.0,343062.3268915692,0.0,189387.03424436014,532449.3611359294,343132.6867056742,0.0,190187.3561694,533320.0428750742
574,10097.00093,0.0,100.0,0.0,10197.00093,256.0,343062.3268915692,0.0,189387.03424436014,532449.3611359294,343132.6867056742,0.0,190187.3561694,533320.0428750742
575,10094.99901,0.0,100.0,0.0,10194.99901,344.0,343062.3268915692,0.0,189387.03424436014,532449.3611359294,343132.6867056742,0.0,190187.3561694,533320.0428750742
576,10092.99709,0.0,27.2727272727273,0.0,10120.269817272729,368.0,343062.3268915692,0.0,189387.03424436014,532449.3611359294,343132.6867056742,0.0,190187.3561694,533320.0428750742
577,10090.99517,0.0,0.0,0.0,10090.99517,368.0,343062.3268915692,0.0,189387.03424436014,532449.3611359294,343132.6867056742,0.0,190187.3561694,533320.0428750742
578,10088.99325,0.0,0.0,0.0,10088.99325,368.0,343062.3268915692,0.0,189387.03424436014,532449.3611359294,343132.6867056742,0.0,190187.3561694,533320.0428750742
579,10086.99132,0.0,0.0,0.0,10086.99132,368.0,343062.3268915692,0.0,189387.03424436014,532449.3611359294,343132.6867056742,0.0,190187.3561694,533320.0428750742
580,10084.9894,0.0,0.0,0.0,10084.9894,368.0,343062.3268915692,0.0,189387.03424436014,532449.3611359294,343132.6867056742,0.0,190187.3561694,533320.0428750742
581,10082.98748,0.0,0.0,0.0,10082.98748,368.0,343062.3268915692,0.0,189387.03424436014,532449.3611359294,343132.6867056742,0.0,190187.3561694,533320.0428750742
582,10080.98556,7.7e-05,0.0,0.0,10080.985482999999,368.0,343062.3268915692,0.0,189387.03424436014,532449.3611359294,343132.6867056742,0.0,190187.3561694,533320.0428750742
583,10078.98364,0.001498,0.0,0.0,10078.982142,368.0,343062.3268915692,0.0,189387.03424436014,532449.3611359294,343132.6867056742,0.0,190187.3561694,533320.0428750742
584,10076.98172,0.003743,0.0,0.0,10076.977977,368.0,343062.3268915692,0.0,189387.03424436014,532449.3611359294,343132.6867056742,0.0,190187.3561694,533320.0428750742
585,10075.17823,0.00579,100.0,0.0,10175.17244,456.0,343062.3268915692,0.0,189387.03424436014,532449.3611359294,343132.6867056742,0.0,190187.3561694,533320.0428750742
586,10073.3765,0.007266,100.0,0.0,10173.369234,544.0,343062.3268915692,0.0,189387.03424436014,532449.3611359294,343132.6867056742,0.0,190187.3561694,533320.0428750742
587,10071.57477,0.028585000000000003,100.0,0.0,10171.546185,632.0,343062.3268915692,0.0,189387.03424436014,532449.3611359294,343132.6867056742,0.0,190187.3561694,533320.0428750742
588,10069.77304,0.007838,100.0,0.0,10169.765202,720.0,343062.3268915692,0.0,189387.03424436014,532449.3611359294,343132.6867056742,0.0,190187.3561694,533320.0428750742
589,10067.97131,0.006819,0.0,100.0,9967.964491,620.0,343062.3268915692,0.0,189387.03424436014,532449.3611359294,343132.6867056742,0.0,190187.3561694,533320.0428750742
590,10066.33751,0.014439,0.0,100.0,9966.323070999999,520.0,343062.3268915692,0.0,189387.03424436014,532449.3611359294,343132.6867056742,0.0,190187.3561694,533320.0428750742
591,10064.73598,0.007037,0.0,100.0,9964.728943,420.0,343062.3268915692,0.0,189387.03424436014,532449.3611359294,343132.6867056742,0.0,190187.3561694,533320.0428750742
592,10063.13444,0.0010960000000000002,0.0,100.0,9963.133344,320.0,343062.3268915692,0.0,189387.03424436014,532449.3611359294,343132.6867056742,0.0,190187.3561694,533320.0428750742
593,10061.5329,0.0,0.0,100.0,9961.5329,220.0,343062.3268915692,0.0,189387.03424436014,532449.3611359294,343132.6867056742,0.0,190187.3561694,533320.0428750742
594,10059.93137,0.0,0.0,100.0,9959.93137,120.0,343062.3268915692,0.0,189387.03424436014,532449.3611359294,343132.6867056742,0.0,190187.3561694,533320.0428750742
595,10058.74211,0.0,0.0,40.0,10018.74211,80.0,343062.3268915692,0.0,189387.03424436014,532449.3611359294,343132.6867056742,0.0,190187.3561694,533320.0428750742
596,10057.74115,0.0,0.0,0.0,10057.74115,80.0,343062.3268915692,0.0,189387.03424436014,532449.3611359294,343132.6867056742,0.0,190187.3561694,533320.0428750742
597,10056.74019,0.0,0.0,0.0,10056.74019,80.0,343062.3268915692,0.0,189387.03424436014,532449.3611359294,343132.6867056742,0.0,190187.3561694,533320.0428750742
598,10055.73923,0.0,0.0,0.0,10055.73923,80.0,343062.3268915692,0.0,189387.03424436014,532449.3611359294,343132.6867056742,0.0,190187.3561694,533320.0428750742
599,10054.73827,0.0,0.0,0.0,10054.73827,80.0,343062.3268915692,0.0,189387.03424436014,532449.3611359294,343132.6867056742,0.0,190187.3561694,533320.0428750742
600,10053.73731,0.0,0.0,0.0,10053.73731,80.0,343062.3268915692,0.0,189387.03424436014,532449.3611359294,343132.6867056742,0.0,190187.3561694,533320.0428750742
601,10052.73635,0.0,0.0,0.0,10052.73635,80.0,343062.3268915692,0.0,189387.03424436014,532449.3611359294,343132.6867056742,0.0,190187.3561694,533320.0428750742
602,10051.73539,0.0,0.0,0.0,10051.73539,80.0,343062.3268915692,0.0,189387.03424436014,532449.3611359294,343132.6867056742,0.0,190187.3561694,533320.0428750742
603,10050.73443,0.0,0.0,0.0,10050.73443,80.0,343062.3268915692,0.0,189387.03424436014,532449.3611359294,343132.6867056742,0.0,190187.3561694,533320.0428750742
604,10049.73347,0.0,0.0,0.0,10049.73347,80.0,343062.3268915692,0.0,189387.03424436014,532449.3611359294,343132.6867056742,0.0,190187.3561694,533320.0428750742
605,10048.65608,0.0,0.0,0.0,10048.65608,80.0,343062.3268915692,0.0,189387.03424436014,532449.3611359294,343132.6867056742,0.0,190187.3561694,533320.0428750742
606,10047.45493,0.0016200000000000001,0.0,0.0,10047.45331,80.0,343062.3268915692,0.0,189387.03424436014,532449.3611359294,343132.6867056742,0.0,190187.3561694,533320.0428750742
607,10046.25377,0.012808,0.0,0.0,10046.240962,80.0,343062.3268915692,0.0,189387.03424436014,532449.3611359294,343132.6867056742,0.0,190187.3561694,533320.0428750742
608,10045.05262,0.024812,0.0,0.0,10045.027808,80.0,343062.3268915692,0.0,189387.03424436014,532449.3611359294,343132.6867056742,0.0,190187.3561694,533320.0428750742
609,10043.85147,0.033532,0.0,0.0,10043.817938,80.0,343062.3268915692,0.0,189387.03424436014,532449.3611359294,343132.6867056742,0.0,190187.3561694,533320.0428750742
610,10042.60439,0.037875,0.0,0.0,10042.566515,80.0,343062.3268915692,0.0,189387.03424436014,532449.3611359294,343132.6867056742,0.0,190187.3561694,533320.0428750742
611,10041.20305,0.037415,0.0,0.0,10041.165635,80.0,343062.3268915692,0.0,189387.03424436014,532449.3611359294,343132.6867056742,0.0,190187.3561694,533320.0428750742
612,10039.8017,0.036496,0.0,0.0,10039.765204,80.0,343062.3268915692,0.0,189387.03424436014,532449.3611359294,343132.6867056742,0.0,190187.3561694,533320.0428750742
613,10038.40036,0.033497,100.0,0.0,10138.366863,168.0,343062.3268915692,0.0,189387.03424436014,532449.3611359294,343132.6867056742,0.0,190187.3561694,533320.0428750742
614,10036.99901,0.02958,100.0,0.0,10136.96943,256.0,343062.3268915692,0.0,189387.03424436014,532449.3611359294,343132.6867056742,0.0,190187.3561694,533320.0428750742
615,10035.6131,0.019018,100.0,0.0,10135.594082,344.0,343062.3268915692,0.0,189387.03424436014,532449.3611359294,343132.6867056742,0.0,190187.3561694,533320.0428750742
616,10034.41194,0.007857000000000001,27.2727272727273,0.0,10061.676810272727,368.0,343062.3268915692,0.0,189387.03424436014,532449.3611359294,343132.6867056742,0.0,190187.3561694,533320.0428750742
617,10033.21079,0.0,0.0,0.0,10033.21079,368.0,343062.3268915692,0.0,189387.03424436014,532449.3611359294,343132.6867056742,0.0,190187.3561694,533320.0428750742
618,10032.00964,0.0,0.0,0.0,10032.00964,368.0,343062.3268915692,0.0,189387.03424436014,532449.3611359294,343132.6867056742,0.0,190187.3561694,533320.0428750742
619,10030.80849,0.0,0.0,0.0,10030.80849,368.0,343062.3268915692,0.0,189387.03424436014,532449.3611359294,343132.6867056742,0.0,190187.3561694,533320.0428750742
620,10029.60733,0.0,0.0,0.0,10029.60733,368.0,343062.3268915692,0.0,189387.03424436014,532449.3611359294,343132.6867056742,0.0,190187.3561694,533320.0428750742
621,10028.40618,0.0,0.0,0.0,10028.40618,368.0,343062.3268915692,0.0,189387.03424436014,532449.3611359294,343132.6867056742,0.0,190187.3561694,533320.0428750742
622,10027.20503,0.0,0.0,0.0,10027.20503,368.0,343062.3268915692,0.0,189387.03424436014,532449.3611359294,343132.6867056742,0.0,190187.3561694,533320.0428750742
623,10026.00388,0.0,0.0,0.0,10026.00388,368.0,343062.3268915692,0.0,189387.03424436014,532449.3611359294,343132.6867056742,0.0,190187.3561694,533320.0428750742
624,10024.80273,0.0,0.0,0.0,10024.80273,368.0,343062.3268915692,0.0,189387.03424436014,532449.3611359294,343132.6867056742,0.0,190187.3561694,533320.0428750742
625,10023.60157,0.0,0.0,0.0,10023.60157,368.0,343062.3268915692,0.0,189387.03424436014,532449.3611359294,343132.6867056742,0.0,190187.3561694,533320.0428750742
626,10022.2458,0.0,0.0,0.0,10022.2458,368.0,343062.3268915692,0.0,189387.03424436014,532449.3611359294,343132.6867056742,0.0,190187.3561694,533320.0428750742
627,10020.84446,0.0,0.0,0.0,10020.84446,368.0,343062.3268915692,0.0,189387.03424436014,532449.3611359294,343132.6867056742,0.0,190187.3561694,533320.0428750742
628,10019.44311,0.0,0.0,0.0,10019.44311,368.0,343062.3268915692,0.0,189387.03424436014,532449.3611359294,343132.6867056742,0.0,190187.3561694,533320.0428750742
629,10018.04177,0.0,0.0,0.0,10018.04177,368.0,343062.3268915692,0.0,189387.03424436014,532449.3611359294,343132.6867056742,0.0,190187.3561694,533320.0428750742
630,10016.64043,0.002143,0.0,0.0,10016.638287,368.0,343062.3268915692,0.0,189387.03424436014,532449.3611359294,343132.6867056742,0.0,190187.3561694,533320.0428750742
631,10015.23908,0.013876,0.0,0.0,10015.225203999998,368.0,343062.3268915692,0.0,189387.03424436014,532449.3611359294,343132.6867056742,0.0,190187.3561694,533320.0428750742
632,10013.83774,0.024405000000000003,0.0,0.0,10013.813335,368.0,343062.3268915692,0.0,189387.03424436014,532449.3611359294,343132.6867056742,0.0,190187.3561694,533320.0428750742
633,10012.43639,0.033728,0.0,0.0,10012.402662,368.0,343062.3268915692,0.0,189387.03424436014,532449.3611359294,343132.6867056742,0.0,190187.3561694,533320.0428750742
634,10011.03505,0.037756,0.0,0.0,10010.997294,368.0,343062.3268915692,0.0,189387.03424436014,532449.3611359294,343132.6867056742,0.0,190187.3561694,533320.0428750742
635,10009.6337,0.037353000000000004,0.0,0.0,10009.596347,368.0,343062.3268915692,0.0,189387.03424436014,532449.3611359294,343132.6867056742,0.0,190187.3561694,533320.0428750742
636,10007.9515,0.040033,0.0,0.0,10007.911467,368.0,343062.3268915692,0.0,189387.03424436014,532449.3611359294,343132.6867056742,0.0,190187.3561694,533320.0428750742
637,10005.94958,0.034792000000000003,0.0,0.0,10005.914788,368.0,343062.3268915692,0.0,189387.03424436014,532449.3611359294,343132.6867056742,0.0,190187.3561694,533320.0428750742
638,10003.94766,0.029575,0.0,0.0,10003.918085,368.0,343062.3268915692,0.0,189387.03424436014,532449.3611359294,343132.6867056742,0.0,190187.3561694,533320.0428750742
639,10001.94574,0.020539,0.0,0.0,10001.925201,368.0,343062.3268915692,0.0,189387.03424436014,532449.3611359294,343132.6867056742,0.0,190187.3561694,533320.0428750742
640,9999.94382,0.008881,0.0,0.0,9999.934939,368.0,343062.3268915692,0.0,189387.03424436014,532449.3611359294,343132.6867056742,0.0,190187.3561694,533320.0428750742
641,9997.941899,0.0,0.0,0.0,9997.941899,368.0,343062.3268915692,0.0,189387.03424436014,532449.3611359294,343132.6867056742,0.0,190187.3561694,533320.0428750742
642,9995.939979,0.0,0.0,0.0,9995.939979,368.0,343062.3268915692,0.0,189387.03424436014,532449.3611359294,343132.6867056742,0.0,190187.3561694,533320.0428750742
643,9993.938059,0.0,0.0,0.0,9993.938059,368.0,343062.3268915692,0.0,189387.03424436014,532449.3611359294,343132.6867056742,0.0,190187.3561694,533320.0428750742
644,9991.936138,0.0,0.0,0.0,9991.936138,368.0,343062.3268915692,0.0,189387.03424436014,532449.3611359294,343132.6867056742,0.0,190187.3561694,533320.0428750742
645,9989.934218,0.0,0.0,0.0,9989.934218,368.0,343062.3268915692,0.0,189387.03424436014,532449.3611359294,343132.6867056742,0.0,190187.3561694,533320.0428750742
646,9987.964917,0.0,0.0,0.0,9987.964917,368.0,343062.3268915692,0.0,189387.03424436014,532449.3611359294,343132.6867056742,0.0,190187.3561694,533320.0428750742
647,9986.163188,0.0,0.0,0.0,9986.163188,368.0,343062.3268915692,0.0,189387.03424436014,532449.3611359294,343132.6867056742,0.0,190187.3561694,533320.0428750742
648,9984.36146,0.0,0.0,0.0,9984.36146,368.0,343062.3268915692,0.0,189387.03424436014,532449.3611359294,343132.6867056742,0.0,190187.3561694,533320.0428750742
649,9982.559732,0.0,0.0,0.0,9982.559732,368.0,343062.3268915692,0.0,189387.03424436014,532449.3611359294,343132.6867056742,0.0,190187.3561694,533320.0428750742
650,9980.758003,0.0,0.0,0.0,9980.758003,368.0,343062.3268915692,0.0,189387.03424436014,532449.3611359294,343132.6867056742,0.0,190187.3561694,533320.0428750742
651,9978.960514,0.0,0.0,0.0,9978.960514,368.0,343062.3268915692,0.0,189387.03424436014,532449.3611359294,343132.6867056742,0.0,190187.3561694,533320.0428750742
652,9977.55917,0.0,0.0,0.0,9977.55917,368.0,343062.3268915692,0.0,189387.03424436014,532449.3611359294,343132.6867056742,0.0,190187.3561694,533320.0428750742
653,9976.157826,0.0,0.0,0.0,9976.157826,368.0,343062.3268915692,0.0,189387.03424436014,532449.3611359294,343132.6867056742,0.0,190187.3561694,533320.0428750742
654,9974.756481,0.000897,0.0,0.0,9974.755584,368.0,343062.3268915692,0.0,189387.03424436014,532449.3611359294,343132.6867056742,0.0,190187.3561694,533320.0428750742
655,9973.355137,0.01166,0.0,0.0,9973.343477,368.0,343062.3268915692,0.0,189387.03424436014,532449.3611359294,343132.6867056742,0.0,190187.3561694,533320.0428750742
656,9971.953793,0.022771,0.0,0.0,9971.931022,368.0,343062.3268915692,0.0,189387.03424436014,532449.3611359294,343132.6867056742,0.0,190187.3561694,533320.0428750742
657,9969.006141,0.031507,100.0,0.0,10068.974634,456.0,343062.3268915692,0.0,189387.03424436014,532449.3611359294,343132.6867056742,0.0,190187.3561694,533320.0428750742
658,9965.803069,0.036836,100.0,0.0,10065.766233,544.0,343062.3268915692,0.0,189387.03424436014,532449.3611359294,343132.6867056742,0.0,190187.3561694,533320.0428750742
659,9962.599996,0.039484000000000005,100.0,0.0,10062.560512,632.0,343062.3268915692,0.0,189387.03424436014,532449.3611359294,343132.6867056742,0.0,190187.3561694,533320.0428750742
660,9959.396923,0.037304000000000004,100.0,0.0,10059.359619,720.0,343062.3268915692,0.0,189387.03424436014,532449.3611359294,343132.6867056742,0.0,190187.3561694,533320.0428750742
661,9956.193851,0.034610999999999996,0.0,100.0,9856.15924,620.0,343062.3268915692,0.0,189387.03424436014,532449.3611359294,343132.6867056742,0.0,190187.3561694,533320.0428750742
662,9952.42553,0.028217,0.0,100.0,9852.397313000001,520.0,343062.3268915692,0.0,189387.03424436014,532449.3611359294,343132.6867056742,0.0,190187.3561694,533320.0428750742
663,9948.421689,0.019356,0.0,100.0,9848.402333,420.0,343062.3268915692,0.0,189387.03424436014,532449.3611359294,343132.6867056742,0.0,190187.3561694,533320.0428750742
664,9944.417848,0.007581000000000001,0.0,100.0,9844.410267,320.0,343062.3268915692,0.0,189387.03424436014,532449.3611359294,343132.6867056742,0.0,190187.3561694,533320.0428750742
665,9940.414007,0.0,0.0,100.0,9840.414007,220.0,343062.3268915692,0.0,189387.03424436014,532449.3611359294,343132.6867056742,0.0,190187.3561694,533320.0428750742
666,9936.410166,0.0,0.0,100.0,9836.410166,120.0,343062.3268915692,0.0,189387.03424436014,532449.3611359294,343132.6867056742,0.0,190187.3561694,533320.0428750742
667,9932.517137,0.0,0.0,40.0,9892.517137,80.0,343062.3268915692,0.0,189387.03424436014,532449.3611359294,343132.6867056742,0.0,190187.3561694,533320.0428750742
668,9928.713489,0.0,0.0,0.0,9928.713489,80.0,343062.3268915692,0.0,189387.03424436014,532449.3611359294,343132.6867056742,0.0,190187.3561694,533320.0428750742
669,9924.90984,0.0,100.0,0.0,10024.90984,168.0,343062.3268915692,0.0,189387.03424436014,532449.3611359294,343132.6867056742,0.0,190187.3561694,533320.0428750742
670,9921.106191,0.0,100.0,0.0,10021.106191,256.0,343062.3268915692,0.0,189387.03424436014,532449.3611359294,343132.6867056742,0.0,190187.3561694,533320.0428750742
671,9917.302542,0.0,100.0,0.0,10017.302542,344.0,343062.3268915692,0.0,189387.03424436014,532449.3611359294,343132.6867056742,0.0,190187.3561694,533320.0428750742
672,9913.659518,0.0,27.2727272727273,0.0,9940.932245272728,368.0,343062.3268915692,0.0,189387.03424436014,532449.3611359294,343132.6867056742,0.0,190187.3561694,533320.0428750742
673,9910.256253,0.0,0.0,0.0,9910.256253,368.0,343062.3268915692,0.0,189387.03424436014,532449.3611359294,343132.6867056742,0.0,190187.3561694,533320.0428750742
674,9906.852988,0.0,0.0,0.0,9906.852988,368.0,343062.3268915692,0.0,189387.03424436014,532449.3611359294,343132.6867056742,0.0,190187.3561694,533320.0428750742
675,9903.449724,0.0,0.0,0.0,9903.449724,368.0,343062.3268915692,0.0,189387.03424436014,532449.3611359294,343132.6867056742,0.0,190187.3561694,533320.0428750742
676,9900.046459,0.0,0.0,0.0,9900.046459,368.0,343062.3268915692,0.0,189387.03424436014,532449.3611359294,343132.6867056742,0.0,190187.3561694,533320.0428750742
677,9896.643194,0.0,0.0,0.0,9896.643194,368.0,343062.3268915692,0.0,189387.03424436014,532449.3611359294,343132.6867056742,0.0,190187.3561694,533320.0428750742
678,9893.239929,0.001639,0.0,0.0,9893.23829,368.0,343062.3268915692,0.0,189387.03424436014,532449.3611359294,343132.6867056742,0.0,190187.3561694,533320.0428750742
679,9889.836665,0.012618,0.0,0.0,9889.824047,368.0,343062.3268915692,0.0,189387.03424436014,532449.3611359294,343132.6867056742,0.0,190187.3561694,533320.0428750742
680,9886.4334,0.022832,0.0,0.0,9886.410568,368.0,343062.3268915692,0.0,189387.03424436014,532449.3611359294,343132.6867056742,0.0,190187.3561694,533320.0428750742
681,9883.030135,0.025768000000000003,100.0,0.0,9983.004367000001,456.0,343062.3268915692,0.0,189387.03424436014,532449.3611359294,343132.6867056742,0.0,190187.3561694,533320.0428750742
682,9879.781372,0.036786,100.0,0.0,9979.744585999999,544.0,343062.3268915692,0.0,189387.03424436014,532449.3611359294,343132.6867056742,0.0,190187.3561694,533320.0428750742
683,9877.979643,0.020353000000000003,100.0,0.0,9977.95929,632.0,343062.3268915692,0.0,189387.03424436014,532449.3611359294,343132.6867056742,0.0,190187.3561694,533320.0428750742
684,9876.177915,0.012527,100.0,0.0,9976.165388,720.0,343062.3268915692,0.0,189387.03424436014,532449.3611359294,343132.6867056742,0.0,190187.3561694,533320.0428750742
685,9874.376186,0.016846,0.0,100.0,9774.359339999999,620.0,343062.3268915692,0.0,189387.03424436014,532449.3611359294,343132.6867056742,0.0,190187.3561694,533320.0428750742
686,9872.574458,0.019162,0.0,100.0,9772.555295999999,520.0,343062.3268915692,0.0,189387.03424436014,532449.3611359294,343132.6867056742,0.0,190187.3561694,533320.0428750742
687,9870.77273,0.013561,0.0,100.0,9770.759169,420.0,343062.3268915692,0.0,189387.03424436014,532449.3611359294,343132.6867056742,0.0,190187.3561694,533320.0428750742
688,9869.349011,0.007667,0.0,100.0,9769.341344,320.0,343062.3268915692,0.0,189387.03424436014,532449.3611359294,343132.6867056742,0.0,190187.3561694,533320.0428750742
689,9867.947666,4.1e-05,0.0,100.0,9767.947625,220.0,343062.3268915692,0.0,189387.03424436014,532449.3611359294,343132.6867056742,0.0,190187.3561694,533320.0428750742
690,9866.546322,0.0,0.0,100.0,9766.546322,120.0,343062.3268915692,0.0,189387.03424436014,532449.3611359294,343132.6867056742,0.0,190187.3561694,533320.0428750742
691,9865.144978,0.0,0.0,40.0,9825.144978,80.0,343062.3268915692,0.0,189387.03424436014,532449.3611359294,343132.6867056742,0.0,190187.3561694,533320.0428750742
692,9863.743634,0.0,0.0,0.0,9863.743634,80.0,343062.3268915692,0.0,189387.03424436014,532449.3611359294,343132.6867056742,0.0,190187.3561694,533320.0428750742
693,9861.708269,0.0,100.0,0.0,9961.708269,168.0,343062.3268915692,0.0,189387.03424436014,532449.3611359294,343132.6867056742,0.0,190187.3561694,533320.0428750742
694,9859.506157,0.0,100.0,0.0,9959.506157,256.0,343062.3268915692,0.0,189387.03424436014,532449.3611359294,343132.6867056742,0.0,190187.3561694,533320.0428750742
695,9857.304044,0.0,100.0,0.0,9957.304044,344.0,343062.3268915692,0.0,189387.03424436014,532449.3611359294,343132.6867056742,0.0,190187.3561694,533320.0428750742
696,9855.101932,0.0,27.2727272727273,0.0,9882.374659272728,368.0,343062.3268915692,0.0,189387.03424436014,532449.3611359294,343132.6867056742,0.0,190187.3561694,533320.0428750742
697,9852.899819,0.0,0.0,0.0,9852.899819,368.0,343062.3268915692,0.0,189387.03424436014,532449.3611359294,343132.6867056742,0.0,190187.3561694,533320.0428750742
698,9850.185686,0.0,0.0,0.0,9850.185686,368.0,343062.3268915692,0.0,189387.03424436014,532449.3611359294,343132.6867056742,0.0,190187.3561694,533320.0428750742
699,9847.182806,0.0,0.0,0.0,9847.182806,368.0,343062.3268915692,0.0,189387.03424436014,532449.3611359294,343132.6867056742,0.0,190187.3561694,533320.0428750742
700,9844.179925,0.0,0.0,0.0,9844.179925,368.0,343062.3268915692,0.0,189387.03424436014,532449.3611359294,343132.6867056742,0.0,190187.3561694,533320.0428750742
701,9841.177044,0.0,0.0,0.0,9841.177044,368.0,343062.3268915692,0.0,189387.03424436014,532449.3611359294,343132.6867056742,0.0,190187.3561694,533320.0428750742
702,9838.174164,0.00166,0.0,0.0,9838.172504,368.0,343062.3268915692,0.0,189387.03424436014,532449.3611359294,343132.6867056742,0.0,190187.3561694,533320.0428750742
703,9835.756315,0.012915,0.0,0.0,9835.743400000001,368.0,343062.3268915692,0.0,189387.03424436014,532449.3611359294,343132.6867056742,0.0,190187.3561694,533320.0428750742
704,9833.954586,0.023907,0.0,0.0,9833.930679,368.0,343062.3268915692,0.0,189387.03424436014,532449.3611359294,343132.6867056742,0.0,190187.3561694,533320.0428750742
705,9832.152858,0.031603,100.0,0.0,9932.121255,456.0,343062.3268915692,0.0,189387.03424436014,532449.3611359294,343132.6867056742,0.0,190187.3561694,533320.0428750742
706,9830.35113,0.036237000000000005,100.0,0.0,9930.314892999999,544.0,343062.3268915692,0.0,189387.03424436014,532449.3611359294,343132.6867056742,0.0,190187.3561694,533320.0428750742
707,9828.549401,0.039625,100.0,0.0,9928.509776,632.0,343062.3268915692,0.0,189387.03424436014,532449.3611359294,343132.6867056742,0.0,190187.3561694,533320.0428750742
708,9826.747673,0.041008,100.0,0.0,9926.706665,720.0,343062.3268915692,0.0,189387.03424436014,532449.3611359294,343132.6867056742,0.0,190187.3561694,533320.0428750742
709,9824.945944,0.037276000000000004,0.0,100.0,9724.908668,620.0,343062.3268915692,0.0,189387.03424436014,532449.3611359294,343132.6867056742,0.0,190187.3561694,533320.0428750742
710,9823.144216,0.030376,0.0,100.0,9723.11384,520.0,343062.3268915692,0.0,189387.03424436014,532449.3611359294,343132.6867056742,0.0,190187.3561694,533320.0428750742
711,9821.342488,0.020413,0.0,100.0,9721.322075,420.0,343062.3268915692,0.0,189387.03424436014,532449.3611359294,343132.6867056742,0.0,190187.3561694,533320.0428750742
712,9819.540759,0.005806,0.0,100.0,9719.534953,320.0,343062.3268915692,0.0,189387.03424436014,532449.3611359294,343132.6867056742,0.0,190187.3561694,533320.0428750742
713,9817.593008,0.0,0.0,100.0,9717.593008,220.0,343062.3268915692,0.0,189387.03424436014,532449.3611359294,343132.6867056742,0.0,190187.3561694,533320.0428750742
714,9814.990512,0.0,0.0,100.0,9714.990512,120.0,343062.3268915692,0.0,189387.03424436014,532449.3611359294,343132.6867056742,0.0,190187.3561694,533320.0428750742
715,9812.388015,0.0,0.0,40.0,9772.388015,80.0,343062.3268915692,0.0,189387.03424436014,532449.3611359294,343132.6867056742,0.0,190187.3561694,533320.0428750742
716,9809.785519,0.0,0.0,0.0,9809.785519,80.0,343062.3268915692,0.0,189387.03424436014,532449.3611359294,343132.6867056742,0.0,190187.3561694,533320.0428750742
717,9807.183022,0.0,100.0,0.0,9907.183022,168.0,343062.3268915692,0.0,189387.03424436014,532449.3611359294,343132.6867056742,0.0,190187.3561694,533320.0428750742
718,9804.592537,0.0,100.0,0.0,9904.592537,256.0,343062.3268915692,0.0,189387.03424436014,532449.3611359294,343132.6867056742,0.0,190187.3561694,533320.0428750742
719,9802.390424,0.0,27.2727272727273,0.0,9829.663151272727,280.0,343062.3268915692,0.0,189387.03424436014,532449.3611359294,343132.6867056742,0.0,190187.3561694,533320.0428750742
720,9800.188312,0.0,0.0,0.0,9800.188312,280.0,343062.3268915692,0.0,189387.03424436014,532449.3611359294,343132.6867056742,0.0,190187.3561694,533320.0428750742
721,9797.986199,0.0,0.0,0.0,9797.986199,280.0,343062.3268915692,0.0,189387.03424436014,532449.3611359294,343132.6867056742,0.0,190187.3561694,533320.0428750742
722,9795.784087,0.0,0.0,0.0,9795.784087,280.0,343062.3268915692,0.0,189387.03424436014,532449.3611359294,343132.6867056742,0.0,190187.3561694,533320.0428750742
723,9793.581974,0.0,0.0,0.0,9793.581974,280.0,343062.3268915692,0.0,189387.03424436014,532449.3611359294,343132.6867056742,0.0,190187.3561694,533320.0428750742
724,9789.974278,0.0,0.0,0.0,9789.974278,280.0,343062.3268915692,0.0,189387.03424436014,532449.3611359294,343132.6867056742,0.0,190187.3561694,533320.0428750742
725,9786.170629,0.0,0.0,0.0,9786.170629,280.0,343062.3268915692,0.0,189387.03424436014,532449.3611359294,343132.6867056742,0.0,190187.3561694,533320.0428750742
726,9782.366981,0.001406,0.0,0.0,9782.365575,280.0,343062.3268915692,0.0,189387.03424436014,532449.3611359294,343132.6867056742,0.0,190187.3561694,533320.0428750742
727,9778.563332,0.012338,0.0,0.0,9778.550994,280.0,343062.3268915692,0.0,189387.03424436014,532449.3611359294,343132.6867056742,0.0,190187.3561694,533320.0428750742
728,9774.759683,0.023216,100.0,0.0,9874.736467,368.0,343062.3268915692,0.0,189387.03424436014,532449.3611359294,343132.6867056742,0.0,190187.3561694,533320.0428750742
729,9771.24643,0.031819,100.0,0.0,9871.214611,456.0,343062.3268915692,0.0,189387.03424436014,532449.3611359294,343132.6867056742,0.0,190187.3561694,533320.0428750742
730,9767.843166,0.036778,100.0,0.0,9867.806388,544.0,343062.3268915692,0.0,189387.03424436014,532449.3611359294,343132.6867056742,0.0,190187.3561694,533320.0428750742
731,9764.439901,0.038562,100.0,0.0,9864.401339,632.0,343062.3268915692,0.0,189387.03424436014,532449.3611359294,343132.6867056742,0.0,190187.3561694,533320.0428750742
732,9761.036636,0.037416,100.0,0.0,9860.999220000002,720.0,343062.3268915692,0.0,189387.03424436014,532449.3611359294,343132.6867056742,0.0,190187.3561694,533320.0428750742
733,9757.633371,0.035667000000000004,0.0,100.0,9657.597704,620.0,343062.3268915692,0.0,189387.03424436014,532449.3611359294,343132.6867056742,0.0,190187.3561694,533320.0428750742
734,9754.230107,0.029125,0.0,100.0,9654.200982,520.0,343062.3268915692,0.0,189387.03424436014,532449.3611359294,343132.6867056742,0.0,190187.3561694,533320.0428750742
735,9750.826842,0.019651000000000002,0.0,100.0,9650.807191,420.0,343062.3268915692,0.0,189387.03424436014,532449.3611359294,343132.6867056742,0.0,190187.3561694,533320.0428750742
736,9747.423577,0.007655,0.0,100.0,9647.415922,320.0,343062.3268915692,0.0,189387.03424436014,532449.3611359294,343132.6867056742,0.0,190187.3561694,533320.0428750742
737,9744.020312,0.0,0.0,100.0,9644.020312,220.0,343062.3268915692,0.0,189387.03424436014,532449.3611359294,343132.6867056742,0.0,190187.3561694,533320.0428750742
738,9740.617048,0.0,0.0,84.0,9656.617048,136.0,343062.3268915692,0.0,189387.03424436014,532449.3611359294,343132.6867056742,0.0,190187.3561694,533320.0428750742
739,9737.550576,0.0,0.0,0.0,9737.550576,136.0,343062.3268915692,0.0,189387.03424436014,532449.3611359294,343132.6867056742,0.0,190187.3561694,533320.0428750742
740,9734.94808,0.0,0.0,0.0,9734.94808,136.0,343062.3268915692,0.0,189387.03424436014,532449.3611359294,343132.6867056742,0.0,190187.3561694,533320.0428750742
741,9732.345583,0.0,100.0,0.0,9832.345583,224.0,343062.3268915692,0.0,189387.03424436014,532449.3611359294,343132.6867056742,0.0,190187.3561694,533320.0428750742
742,9729.743087,0.0,100.0,0.0,9829.743087,312.0,343062.3268915692,0.0,189387.03424436014,532449.3611359294,343132.6867056742,0.0,190187.3561694,533320.0428750742
743,9727.14059,0.0,100.0,0.0,9827.14059,400.0,343062.3268915692,0.0,189387.03424436014,532449.3611359294,343132.6867056742,0.0,190187.3561694,533320.0428750742
