time,Pload,Ppv,Pcharge,Pdischarge,Ptotal,state of charge,energy_charge_with_es,nem_charge_with_es,demand_charge_with_es,total_bill_with_es,energy_charge_without_es,nem_charge_without_es,demand_charge_without_es,total_bill_without_es
0,9966.658478,0.0,0.0,0.0,9966.658478,400.0,362244.77257050405,0.0,244385.30773500857,606630.0803055126,362550.23195854237,0.0,245611.11582056002,608161.3477791024
1,9959.744551,0.0,0.0,0.0,9959.744551,400.0,362244.77257050405,0.0,244385.30773500857,606630.0803055126,362550.23195854237,0.0,245611.11582056002,608161.3477791024
2,9952.737829,0.0,0.0,0.0,9952.737829,400.0,362244.77257050405,0.0,244385.30773500857,606630.0803055126,362550.23195854237,0.0,245611.11582056002,608161.3477791024
3,9945.731108,0.0,0.0,0.0,9945.731108,400.0,362244.77257050405,0.0,244385.30773500857,606630.0803055126,362550.23195854237,0.0,245611.11582056002,608161.3477791024
4,9938.724386,0.0,0.0,0.0,9938.724386,400.0,362244.77257050405,0.0,244385.30773500857,606630.0803055126,362550.23195854237,0.0,245611.11582056002,608161.3477791024
5,9931.717665,0.000147,0.0,0.0,9931.717518,400.0,362244.77257050405,0.0,244385.30773500857,606630.0803055126,362550.23195854237,0.0,245611.11582056002,608161.3477791024
6,9924.172662,0.002594,0.0,0.0,9924.170068000001,400.0,362244.77257050405,0.0,244385.30773500857,606630.0803055126,362550.23195854237,0.0,245611.11582056002,608161.3477791024
7,9915.764596,0.011929,0.0,0.0,9915.752667,400.0,362244.77257050405,0.0,244385.30773500857,606630.0803055126,362550.23195854237,0.0,245611.11582056002,608161.3477791024
8,9907.35653,0.022288000000000002,0.0,0.0,9907.334241999999,400.0,362244.77257050405,0.0,244385.30773500857,606630.0803055126,362550.23195854237,0.0,245611.11582056002,608161.3477791024
9,9898.948464,0.029835,0.0,0.0,9898.918629,400.0,362244.77257050405,0.0,244385.30773500857,606630.0803055126,362550.23195854237,0.0,245611.11582056002,608161.3477791024
10,9890.540399,0.034695000000000004,0.0,0.0,9890.505704,400.0,362244.77257050405,0.0,244385.30773500857,606630.0803055126,362550.23195854237,0.0,245611.11582056002,608161.3477791024
11,9882.921089,0.036579,0.0,0.0,9882.88451,400.0,362244.77257050405,0.0,244385.30773500857,606630.0803055126,362550.23195854237,0.0,245611.11582056002,608161.3477791024
12,9877.916288,0.035884,0.0,0.0,9877.880404,400.0,362244.77257050405,0.0,244385.30773500857,606630.0803055126,362550.23195854237,0.0,245611.11582056002,608161.3477791024
13,9872.911487,0.03491,0.0,0.0,9872.876576999999,400.0,362244.77257050405,0.0,244385.30773500857,606630.0803055126,362550.23195854237,0.0,245611.11582056002,608161.3477791024
14,9867.906686,0.029717,0.0,0.0,9867.876969,400.0,362244.77257050405,0.0,244385.30773500857,606630.0803055126,362550.23195854237,0.0,245611.11582056002,608161.3477791024
15,9862.901885,0.019370000000000002,0.0,0.0,9862.882515,400.0,362244.77257050405,0.0,244385.30773500857,606630.0803055126,362550.23195854237,0.0,245611.11582056002,608161.3477791024
16,9858.230933,0.01034,0.0,0.0,9858.220593,400.0,362244.77257050405,0.0,244385.30773500857,606630.0803055126,362550.23195854237,0.0,245611.11582056002,608161.3477791024
17,9857.430165,0.003983,0.0,0.0,9857.426182,400.0,362244.77257050405,0.0,244385.30773500857,606630.0803055126,362550.23195854237,0.0,245611.11582056002,608161.3477791024
18,9856.629397,0.00023200000000000003,0.0,0.0,9856.629165,400.0,362244.77257050405,0.0,244385.30773500857,606630.0803055126,362550.23195854237,0.0,245611.11582056002,608161.3477791024
19,9855.828629,0.0,0.0,0.0,9855.828629,400.0,362244.77257050405,0.0,244385.30773500857,606630.0803055126,362550.23195854237,0.0,245611.11582056002,608161.3477791024
20,9855.027861,0.0,0.0,0.0,9855.027861,400.0,362244.77257050405,0.0,244385.30773500857,606630.0803055126,362550.23195854237,0.0,245611.11582056002,608161.3477791024
21,9854.227093,0.0,0.0,0.0,9854.227093,400.0,362244.77257050405,0.0,244385.30773500857,606630.0803055126,362550.23195854237,0.0,245611.11582056002,608161.3477791024
22,9852.869555,0.0,0.0,0.0,9852.869555,400.0,362244.77257050405,0.0,244385.30773500857,606630.0803055126,362550.23195854237,0.0,245611.11582056002,608161.3477791024
23,9851.468211,0.0,0.0,0.0,9851.468211,400.0,362244.77257050405,0.0,244385.30773500857,606630.0803055126,362550.23195854237,0.0,245611.11582056002,608161.3477791024
24,9850.066866,0.0,0.0,0.0,9850.066866,400.0,362244.77257050405,0.0,244385.30773500857,606630.0803055126,362550.23195854237,0.0,245611.11582056002,608161.3477791024
25,9848.665522,0.0,0.0,0.0,9848.665522,400.0,362244.77257050405,0.0,244385.30773500857,606630.0803055126,362550.23195854237,0.0,245611.11582056002,608161.3477791024
26,9847.264178,0.0,0.0,0.0,9847.264178,400.0,362244.77257050405,0.0,244385.30773500857,606630.0803055126,362550.23195854237,0.0,245611.11582056002,608161.3477791024
27,9846.328103,0.0,0.0,0.0,9846.328103,400.0,362244.77257050405,0.0,244385.30773500857,606630.0803055126,362550.23195854237,0.0,245611.11582056002,608161.3477791024
28,9845.527335,0.0,0.0,0.0,9845.527335,400.0,362244.77257050405,0.0,244385.30773500857,606630.0803055126,362550.23195854237,0.0,245611.11582056002,608161.3477791024
29,9844.726567,0.0,0.0,0.0,9844.726567,400.0,362244.77257050405,0.0,244385.30773500857,606630.0803055126,362550.23195854237,0.0,245611.11582056002,608161.3477791024
30,9843.925799,0.002218,0.0,0.0,9843.923581000001,400.0,362244.77257050405,0.0,244385.30773500857,606630.0803055126,362550.23195854237,0.0,245611.11582056002,608161.3477791024
31,9843.125031,0.011682000000000001,0.0,0.0,9843.113349,400.0,362244.77257050405,0.0,244385.30773500857,606630.0803055126,362550.23195854237,0.0,245611.11582056002,608161.3477791024
32,9842.199672,0.02154,0.0,0.0,9842.178132000001,400.0,362244.77257050405,0.0,244385.30773500857,606630.0803055126,362550.23195854237,0.0,245611.11582056002,608161.3477791024
33,9841.198712,0.029325,0.0,0.0,9841.169387,400.0,362244.77257050405,0.0,244385.30773500857,606630.0803055126,362550.23195854237,0.0,245611.11582056002,608161.3477791024
34,9840.197752,0.03426100000000001,0.0,0.0,9840.163491,400.0,362244.77257050405,0.0,244385.30773500857,606630.0803055126,362550.23195854237,0.0,245611.11582056002,608161.3477791024
35,9839.196792,0.036563000000000005,0.0,0.0,9839.160229000001,400.0,362244.77257050405,0.0,244385.30773500857,606630.0803055126,362550.23195854237,0.0,245611.11582056002,608161.3477791024
36,9838.195831,0.035225,0.0,0.0,9838.160606000001,400.0,362244.77257050405,0.0,244385.30773500857,606630.0803055126,362550.23195854237,0.0,245611.11582056002,608161.3477791024
37,9837.288961,0.033826,0.0,0.0,9837.255135,400.0,362244.77257050405,0.0,244385.30773500857,606630.0803055126,362550.23195854237,0.0,245611.11582056002,608161.3477791024
38,9836.488193,0.028718,0.0,0.0,9836.459475,400.0,362244.77257050405,0.0,244385.30773500857,606630.0803055126,362550.23195854237,0.0,245611.11582056002,608161.3477791024
39,9835.687425,0.02234,0.0,0.0,9835.665085,400.0,362244.77257050405,0.0,244385.30773500857,606630.0803055126,362550.23195854237,0.0,245611.11582056002,608161.3477791024
40,9834.886657,0.013237,0.0,0.0,9834.87342,400.0,362244.77257050405,0.0,244385.30773500857,606630.0803055126,362550.23195854237,0.0,245611.11582056002,608161.3477791024
41,9834.085889,0.0032300000000000002,0.0,0.0,9834.082659,400.0,362244.77257050405,0.0,244385.30773500857,606630.0803055126,362550.23195854237,0.0,245611.11582056002,608161.3477791024
42,9833.22153,0.0,0.0,0.0,9833.22153,400.0,362244.77257050405,0.0,244385.30773500857,606630.0803055126,362550.23195854237,0.0,245611.11582056002,608161.3477791024
43,9832.22057,0.0,0.0,0.0,9832.22057,400.0,362244.77257050405,0.0,244385.30773500857,606630.0803055126,362550.23195854237,0.0,245611.11582056002,608161.3477791024
44,9831.21961,0.0,0.0,0.0,9831.21961,400.0,362244.77257050405,0.0,244385.30773500857,606630.0803055126,362550.23195854237,0.0,245611.11582056002,608161.3477791024
45,9830.218649,0.0,0.0,0.0,9830.218649,400.0,362244.77257050405,0.0,244385.30773500857,606630.0803055126,362550.23195854237,0.0,245611.11582056002,608161.3477791024
46,9829.217689,0.0,0.0,0.0,9829.217689,400.0,362244.77257050405,0.0,244385.30773500857,606630.0803055126,362550.23195854237,0.0,245611.11582056002,608161.3477791024
47,9828.24982,0.0,0.0,0.0,9828.24982,400.0,362244.77257050405,0.0,244385.30773500857,606630.0803055126,362550.23195854237,0.0,245611.11582056002,608161.3477791024
48,9827.449051,0.0,0.0,0.0,9827.449051,400.0,362244.77257050405,0.0,244385.30773500857,606630.0803055126,362550.23195854237,0.0,245611.11582056002,608161.3477791024
49,9826.648283,0.0,0.0,0.0,9826.648283,400.0,362244.77257050405,0.0,244385.30773500857,606630.0803055126,362550.23195854237,0.0,245611.11582056002,608161.3477791024
50,9825.847515,0.0,0.0,0.0,9825.847515,400.0,362244.77257050405,0.0,244385.30773500857,606630.0803055126,362550.23195854237,0.0,245611.11582056002,608161.3477791024
51,9825.046747,0.0,0.0,0.0,9825.046747,400.0,362244.77257050405,0.0,244385.30773500857,606630.0803055126,362550.23195854237,0.0,245611.11582056002,608161.3477791024
52,9824.248569,0.0,0.0,0.0,9824.248569,400.0,362244.77257050405,0.0,244385.30773500857,606630.0803055126,362550.23195854237,0.0,245611.11582056002,608161.3477791024
53,9823.647993,0.0,0.0,0.0,9823.647993,400.0,362244.77257050405,0.0,244385.30773500857,606630.0803055126,362550.23195854237,0.0,245611.11582056002,608161.3477791024
54,9823.047417,0.002585,100.0,0.0,9923.044832,488.0,362244.77257050405,0.0,244385.30773500857,606630.0803055126,362550.23195854237,0.0,245611.11582056002,608161.3477791024
55,9822.446841,0.012714000000000001,100.0,0.0,9922.434127,576.0,362244.77257050405,0.0,244385.30773500857,606630.0803055126,362550.23195854237,0.0,245611.11582056002,608161.3477791024
56,9821.846265,0.020917,100.0,0.0,9921.825348,664.0,362244.77257050405,0.0,244385.30773500857,606630.0803055126,362550.23195854237,0.0,245611.11582056002,608161.3477791024
57,9821.245689,0.027846,63.6363636363636,0.0,9884.854206636363,720.0,362244.77257050405,0.0,244385.30773500857,606630.0803055126,362550.23195854237,0.0,245611.11582056002,608161.3477791024
58,9820.300547,0.033201999999999995,0.0,0.0,9820.267345,720.0,362244.77257050405,0.0,244385.30773500857,606630.0803055126,362550.23195854237,0.0,245611.11582056002,608161.3477791024
59,9819.299587,0.034765000000000004,0.0,0.0,9819.264822,720.0,362244.77257050405,0.0,244385.30773500857,606630.0803055126,362550.23195854237,0.0,245611.11582056002,608161.3477791024
60,9818.298626,0.035921999999999996,0.0,0.0,9818.262704,720.0,362244.77257050405,0.0,244385.30773500857,606630.0803055126,362550.23195854237,0.0,245611.11582056002,608161.3477791024
61,9817.297666,0.037906999999999996,0.0,100.0,9717.259759,620.0,362244.77257050405,0.0,244385.30773500857,606630.0803055126,362550.23195854237,0.0,245611.11582056002,608161.3477791024
62,9816.296706,0.016621,0.0,100.0,9716.280084999999,520.0,362244.77257050405,0.0,244385.30773500857,606630.0803055126,362550.23195854237,0.0,245611.11582056002,608161.3477791024
63,9815.579312,0.005086,0.0,100.0,9715.574226,420.0,362244.77257050405,0.0,244385.30773500857,606630.0803055126,362550.23195854237,0.0,245611.11582056002,608161.3477791024
64,9814.978736,0.0045460000000000006,0.0,100.0,9714.974189999999,320.0,362244.77257050405,0.0,244385.30773500857,606630.0803055126,362550.23195854237,0.0,245611.11582056002,608161.3477791024
65,9814.37816,0.004103,0.0,100.0,9714.374057,220.0,362244.77257050405,0.0,244385.30773500857,606630.0803055126,362550.23195854237,0.0,245611.11582056002,608161.3477791024
66,9813.777583,0.00035099999999999997,0.0,100.0,9713.777231999999,120.0,362244.77257050405,0.0,244385.30773500857,606630.0803055126,362550.23195854237,0.0,245611.11582056002,608161.3477791024
67,9813.177007,0.0,0.0,40.0,9773.177007,80.0,362244.77257050405,0.0,244385.30773500857,606630.0803055126,362550.23195854237,0.0,245611.11582056002,608161.3477791024
68,9812.576431,0.0,0.0,0.0,9812.576431,80.0,362244.77257050405,0.0,244385.30773500857,606630.0803055126,362550.23195854237,0.0,245611.11582056002,608161.3477791024
69,9811.975855,0.0,0.0,0.0,9811.975855,80.0,362244.77257050405,0.0,244385.30773500857,606630.0803055126,362550.23195854237,0.0,245611.11582056002,608161.3477791024
70,9811.375279,0.0,0.0,0.0,9811.375279,80.0,362244.77257050405,0.0,244385.30773500857,606630.0803055126,362550.23195854237,0.0,245611.11582056002,608161.3477791024
71,9810.774703,0.0,0.0,0.0,9810.774703,80.0,362244.77257050405,0.0,244385.30773500857,606630.0803055126,362550.23195854237,0.0,245611.11582056002,608161.3477791024
72,9810.174127,0.0,0.0,0.0,9810.174127,80.0,362244.77257050405,0.0,244385.30773500857,606630.0803055126,362550.23195854237,0.0,245611.11582056002,608161.3477791024
73,9809.57355,0.0,0.0,0.0,9809.57355,80.0,362244.77257050405,0.0,244385.30773500857,606630.0803055126,362550.23195854237,0.0,245611.11582056002,608161.3477791024
74,9808.972974,0.0,0.0,0.0,9808.972974,80.0,362244.77257050405,0.0,244385.30773500857,606630.0803055126,362550.23195854237,0.0,245611.11582056002,608161.3477791024
75,9808.372398,0.0,0.0,0.0,9808.372398,80.0,362244.77257050405,0.0,244385.30773500857,606630.0803055126,362550.23195854237,0.0,245611.11582056002,608161.3477791024
76,9807.771822,0.0,0.0,0.0,9807.771822,80.0,362244.77257050405,0.0,244385.30773500857,606630.0803055126,362550.23195854237,0.0,245611.11582056002,608161.3477791024
77,9807.171246,0.0,27.2727272727273,0.0,9834.443973272728,104.0,362244.77257050405,0.0,244385.30773500857,606630.0803055126,362550.23195854237,0.0,245611.11582056002,608161.3477791024
78,9806.57067,0.00276,100.0,0.0,9906.56791,192.0,362244.77257050405,0.0,244385.30773500857,606630.0803055126,362550.23195854237,0.0,245611.11582056002,608161.3477791024
79,9805.970094,0.007965,100.0,0.0,9905.962129,280.0,362244.77257050405,0.0,244385.30773500857,606630.0803055126,362550.23195854237,0.0,245611.11582056002,608161.3477791024
80,9805.369518,0.006849,100.0,0.0,9905.362669,368.0,362244.77257050405,0.0,244385.30773500857,606630.0803055126,362550.23195854237,0.0,245611.11582056002,608161.3477791024
81,9804.768941,0.011301,100.0,0.0,9904.75764,456.0,362244.77257050405,0.0,244385.30773500857,606630.0803055126,362550.23195854237,0.0,245611.11582056002,608161.3477791024
82,9804.168365,0.027566,100.0,0.0,9904.140798999999,544.0,362244.77257050405,0.0,244385.30773500857,606630.0803055126,362550.23195854237,0.0,245611.11582056002,608161.3477791024
83,9803.567789,0.020977,100.0,0.0,9903.546812,632.0,362244.77257050405,0.0,244385.30773500857,606630.0803055126,362550.23195854237,0.0,245611.11582056002,608161.3477791024
84,9802.967213,0.022639,100.0,0.0,9902.944574,720.0,362244.77257050405,0.0,244385.30773500857,606630.0803055126,362550.23195854237,0.0,245611.11582056002,608161.3477791024
85,9802.366637,0.020742999999999998,0.0,100.0,9702.345894,620.0,362244.77257050405,0.0,244385.30773500857,606630.0803055126,362550.23195854237,0.0,245611.11582056002,608161.3477791024
86,9801.766061,0.014065,0.0,100.0,9701.751996,520.0,362244.77257050405,0.0,244385.30773500857,606630.0803055126,362550.23195854237,0.0,245611.11582056002,608161.3477791024
87,9801.165485,0.019009,0.0,100.0,9701.146476,420.0,362244.77257050405,0.0,244385.30773500857,606630.0803055126,362550.23195854237,0.0,245611.11582056002,608161.3477791024
88,9800.564908,0.013353,0.0,100.0,9700.551555,320.0,362244.77257050405,0.0,244385.30773500857,606630.0803055126,362550.23195854237,0.0,245611.11582056002,608161.3477791024
89,9800.722236,0.004017000000000001,0.0,100.0,9700.718219,220.0,362244.77257050405,0.0,244385.30773500857,606630.0803055126,362550.23195854237,0.0,245611.11582056002,608161.3477791024
90,9800.922428,0.0,0.0,100.0,9700.922428,120.0,362244.77257050405,0.0,244385.30773500857,606630.0803055126,362550.23195854237,0.0,245611.11582056002,608161.3477791024
91,9801.12262,0.0,0.0,40.0,9761.12262,80.0,362244.77257050405,0.0,244385.30773500857,606630.0803055126,362550.23195854237,0.0,245611.11582056002,608161.3477791024
92,9801.322812,0.0,0.0,0.0,9801.322812,80.0,362244.77257050405,0.0,244385.30773500857,606630.0803055126,362550.23195854237,0.0,245611.11582056002,608161.3477791024
93,9801.523004,0.0,0.0,0.0,9801.523004,80.0,362244.77257050405,0.0,244385.30773500857,606630.0803055126,362550.23195854237,0.0,245611.11582056002,608161.3477791024
94,9801.56422,0.0,0.0,0.0,9801.56422,80.0,362244.77257050405,0.0,244385.30773500857,606630.0803055126,362550.23195854237,0.0,245611.11582056002,608161.3477791024
95,9801.56422,0.0,0.0,0.0,9801.56422,80.0,362244.77257050405,0.0,244385.30773500857,606630.0803055126,362550.23195854237,0.0,245611.11582056002,608161.3477791024
96,9801.56422,0.0,0.0,0.0,9801.56422,80.0,362244.77257050405,0.0,244385.30773500857,606630.0803055126,362550.23195854237,0.0,245611.11582056002,608161.3477791024
97,9801.56422,0.0,0.0,0.0,9801.56422,80.0,362244.77257050405,0.0,244385.30773500857,606630.0803055126,362550.23195854237,0.0,245611.11582056002,608161.3477791024
98,9801.56422,0.0,0.0,0.0,9801.56422,80.0,362244.77257050405,0.0,244385.30773500857,606630.0803055126,362550.23195854237,0.0,245611.11582056002,608161.3477791024
99,9801.692696,0.0,0.0,0.0,9801.692696,80.0,362244.77257050405,0.0,244385.30773500857,606630.0803055126,362550.23195854237,0.0,245611.11582056002,608161.3477791024
100,9801.892888,0.0,0.0,0.0,9801.892888,80.0,362244.77257050405,0.0,244385.30773500857,606630.0803055126,362550.23195854237,0.0,245611.11582056002,608161.3477791024
101,9802.09308,0.0,27.2727272727273,0.0,9829.365807272728,104.0,362244.77257050405,0.0,244385.30773500857,606630.0803055126,362550.23195854237,0.0,245611.11582056002,608161.3477791024
102,9802.293272,0.000643,100.0,0.0,9902.292629000001,192.0,362244.77257050405,0.0,244385.30773500857,606630.0803055126,362550.23195854237,0.0,245611.11582056002,608161.3477791024
103,9802.493464,0.009215,100.0,0.0,9902.484249,280.0,362244.77257050405,0.0,244385.30773500857,606630.0803055126,362550.23195854237,0.0,245611.11582056002,608161.3477791024
104,9802.497704,0.017343,100.0,0.0,9902.480361,368.0,362244.77257050405,0.0,244385.30773500857,606630.0803055126,362550.23195854237,0.0,245611.11582056002,608161.3477791024
105,9802.297512,0.017478999999999998,100.0,0.0,9902.280033,456.0,362244.77257050405,0.0,244385.30773500857,606630.0803055126,362550.23195854237,0.0,245611.11582056002,608161.3477791024
106,9802.09732,0.029070000000000002,100.0,0.0,9902.06825,544.0,362244.77257050405,0.0,244385.30773500857,606630.0803055126,362550.23195854237,0.0,245611.11582056002,608161.3477791024
107,9801.897128,0.032269,100.0,0.0,9901.864859000001,632.0,362244.77257050405,0.0,244385.30773500857,606630.0803055126,362550.23195854237,0.0,245611.11582056002,608161.3477791024
108,9801.696936,0.038484000000000004,100.0,0.0,9901.658452,720.0,362244.77257050405,0.0,244385.30773500857,606630.0803055126,362550.23195854237,0.0,245611.11582056002,608161.3477791024
109,9801.496744,0.034224,0.0,100.0,9701.46252,620.0,362244.77257050405,0.0,244385.30773500857,606630.0803055126,362550.23195854237,0.0,245611.11582056002,608161.3477791024
110,9801.296552,0.02188,0.0,100.0,9701.274672,520.0,362244.77257050405,0.0,244385.30773500857,606630.0803055126,362550.23195854237,0.0,245611.11582056002,608161.3477791024
111,9801.096359,0.011898,0.0,100.0,9701.084460999999,420.0,362244.77257050405,0.0,244385.30773500857,606630.0803055126,362550.23195854237,0.0,245611.11582056002,608161.3477791024
112,9800.896167,0.00376,0.0,100.0,9700.892407000001,320.0,362244.77257050405,0.0,244385.30773500857,606630.0803055126,362550.23195854237,0.0,245611.11582056002,608161.3477791024
113,9800.695975,0.001822,0.0,100.0,9700.694153,220.0,362244.77257050405,0.0,244385.30773500857,606630.0803055126,362550.23195854237,0.0,245611.11582056002,608161.3477791024
114,9800.495783,0.0,0.0,100.0,9700.495783,120.0,362244.77257050405,0.0,244385.30773500857,606630.0803055126,362550.23195854237,0.0,245611.11582056002,608161.3477791024
115,9800.295591,0.0,0.0,40.0,9760.295591,80.0,362244.77257050405,0.0,244385.30773500857,606630.0803055126,362550.23195854237,0.0,245611.11582056002,608161.3477791024
116,9800.095399,0.0,0.0,0.0,9800.095399,80.0,362244.77257050405,0.0,244385.30773500857,606630.0803055126,362550.23195854237,0.0,245611.11582056002,608161.3477791024
117,9799.895207,0.0,0.0,0.0,9799.895207,80.0,362244.77257050405,0.0,244385.30773500857,606630.0803055126,362550.23195854237,0.0,245611.11582056002,608161.3477791024
118,9799.695015,0.0,0.0,0.0,9799.695015,80.0,362244.77257050405,0.0,244385.30773500857,606630.0803055126,362550.23195854237,0.0,245611.11582056002,608161.3477791024
119,9799.488346,0.0,0.0,0.0,9799.488346,80.0,362244.77257050405,0.0,244385.30773500857,606630.0803055126,362550.23195854237,0.0,245611.11582056002,608161.3477791024
120,9799.087962,0.0,0.0,0.0,9799.087962,80.0,362244.77257050405,0.0,244385.30773500857,606630.0803055126,362550.23195854237,0.0,245611.11582056002,608161.3477791024
121,9798.687578,0.0,0.0,0.0,9798.687578,80.0,362244.77257050405,0.0,244385.30773500857,606630.0803055126,362550.23195854237,0.0,245611.11582056002,608161.3477791024
122,9798.287194,0.0,0.0,0.0,9798.287194,80.0,362244.77257050405,0.0,244385.30773500857,606630.0803055126,362550.23195854237,0.0,245611.11582056002,608161.3477791024
123,9797.88681,0.0,0.0,0.0,9797.88681,80.0,362244.77257050405,0.0,244385.30773500857,606630.0803055126,362550.23195854237,0.0,245611.11582056002,608161.3477791024
124,9797.486426,0.0,0.0,0.0,9797.486426,80.0,362244.77257050405,0.0,244385.30773500857,606630.0803055126,362550.23195854237,0.0,245611.11582056002,608161.3477791024
125,9797.086042,0.0,27.2727272727273,0.0,9824.358769272729,104.0,362244.77257050405,0.0,244385.30773500857,606630.0803055126,362550.23195854237,0.0,245611.11582056002,608161.3477791024
126,9796.685658,0.0023889999999999996,100.0,0.0,9896.683269000001,192.0,362244.77257050405,0.0,244385.30773500857,606630.0803055126,362550.23195854237,0.0,245611.11582056002,608161.3477791024
127,9796.285274,0.00614,100.0,0.0,9896.279134,280.0,362244.77257050405,0.0,244385.30773500857,606630.0803055126,362550.23195854237,0.0,245611.11582056002,608161.3477791024
128,9795.88489,0.015705,100.0,0.0,9895.869185,368.0,362244.77257050405,0.0,244385.30773500857,606630.0803055126,362550.23195854237,0.0,245611.11582056002,608161.3477791024
129,9795.484505,0.030045000000000002,100.0,0.0,9895.45446,456.0,362244.77257050405,0.0,244385.30773500857,606630.0803055126,362550.23195854237,0.0,245611.11582056002,608161.3477791024
130,9795.084121,0.033375,100.0,0.0,9895.050745999999,544.0,362244.77257050405,0.0,244385.30773500857,606630.0803055126,362550.23195854237,0.0,245611.11582056002,608161.3477791024
131,9794.683737,0.03631,100.0,0.0,9894.647427,632.0,362244.77257050405,0.0,244385.30773500857,606630.0803055126,362550.23195854237,0.0,245611.11582056002,608161.3477791024
132,9794.283353,0.034746000000000006,100.0,0.0,9894.248607000001,720.0,362244.77257050405,0.0,244385.30773500857,606630.0803055126,362550.23195854237,0.0,245611.11582056002,608161.3477791024
133,9793.882969,0.032092,0.0,100.0,9693.850877,620.0,362244.77257050405,0.0,244385.30773500857,606630.0803055126,362550.23195854237,0.0,245611.11582056002,608161.3477791024
134,9793.482585,0.027098,0.0,100.0,9693.455487,520.0,362244.77257050405,0.0,244385.30773500857,606630.0803055126,362550.23195854237,0.0,245611.11582056002,608161.3477791024
135,9793.31254,0.023005,0.0,100.0,9693.289535000002,420.0,362244.77257050405,0.0,244385.30773500857,606630.0803055126,362550.23195854237,0.0,245611.11582056002,608161.3477791024
136,9793.31254,0.011885,0.0,100.0,9693.300655000001,320.0,362244.77257050405,0.0,244385.30773500857,606630.0803055126,362550.23195854237,0.0,245611.11582056002,608161.3477791024
137,9793.31254,0.0008309999999999999,0.0,100.0,9693.311709000001,220.0,362244.77257050405,0.0,244385.30773500857,606630.0803055126,362550.23195854237,0.0,245611.11582056002,608161.3477791024
138,9793.31254,0.0,0.0,100.0,9693.31254,120.0,362244.77257050405,0.0,244385.30773500857,606630.0803055126,362550.23195854237,0.0,245611.11582056002,608161.3477791024
139,9793.31254,0.0,0.0,40.0,9753.31254,80.0,362244.77257050405,0.0,244385.30773500857,606630.0803055126,362550.23195854237,0.0,245611.11582056002,608161.3477791024
140,9793.566548,0.0,0.0,0.0,9793.566548,80.0,362244.77257050405,0.0,244385.30773500857,606630.0803055126,362550.23195854237,0.0,245611.11582056002,608161.3477791024
141,9794.167124,0.0,0.0,0.0,9794.167124,80.0,362244.77257050405,0.0,244385.30773500857,606630.0803055126,362550.23195854237,0.0,245611.11582056002,608161.3477791024
142,9794.7677,0.0,0.0,0.0,9794.7677,80.0,362244.77257050405,0.0,244385.30773500857,606630.0803055126,362550.23195854237,0.0,245611.11582056002,608161.3477791024
143,9795.368276,0.0,0.0,0.0,9795.368276,80.0,362244.77257050405,0.0,244385.30773500857,606630.0803055126,362550.23195854237,0.0,245611.11582056002,608161.3477791024
144,9795.968852,0.0,0.0,0.0,9795.968852,80.0,362244.77257050405,0.0,244385.30773500857,606630.0803055126,362550.23195854237,0.0,245611.11582056002,608161.3477791024
145,9796.677768,0.0,0.0,0.0,9796.677768,80.0,362244.77257050405,0.0,244385.30773500857,606630.0803055126,362550.23195854237,0.0,245611.11582056002,608161.3477791024
146,9797.678728,0.0,0.0,0.0,9797.678728,80.0,362244.77257050405,0.0,244385.30773500857,606630.0803055126,362550.23195854237,0.0,245611.11582056002,608161.3477791024
147,9798.679688,0.0,0.0,0.0,9798.679688,80.0,362244.77257050405,0.0,244385.30773500857,606630.0803055126,362550.23195854237,0.0,245611.11582056002,608161.3477791024
148,9799.680648,0.0,0.0,0.0,9799.680648,80.0,362244.77257050405,0.0,244385.30773500857,606630.0803055126,362550.23195854237,0.0,245611.11582056002,608161.3477791024
149,9800.681609,0.0,0.0,0.0,9800.681609,80.0,362244.77257050405,0.0,244385.30773500857,606630.0803055126,362550.23195854237,0.0,245611.11582056002,608161.3477791024
150,9801.706239,0.0014399999999999999,0.0,0.0,9801.704799,80.0,362244.77257050405,0.0,244385.30773500857,606630.0803055126,362550.23195854237,0.0,245611.11582056002,608161.3477791024
151,9802.907391,0.006793,0.0,0.0,9802.900598,80.0,362244.77257050405,0.0,244385.30773500857,606630.0803055126,362550.23195854237,0.0,245611.11582056002,608161.3477791024
152,9804.108543,0.015283,0.0,0.0,9804.09326,80.0,362244.77257050405,0.0,244385.30773500857,606630.0803055126,362550.23195854237,0.0,245611.11582056002,608161.3477791024
153,9805.309695,0.01194,0.0,0.0,9805.297755,80.0,362244.77257050405,0.0,244385.30773500857,606630.0803055126,362550.23195854237,0.0,245611.11582056002,608161.3477791024
154,9806.510848,0.019486,0.0,0.0,9806.491362,80.0,362244.77257050405,0.0,244385.30773500857,606630.0803055126,362550.23195854237,0.0,245611.11582056002,608161.3477791024
155,9807.712,0.025255,0.0,0.0,9807.686744999999,80.0,362244.77257050405,0.0,244385.30773500857,606630.0803055126,362550.23195854237,0.0,245611.11582056002,608161.3477791024
156,9808.913152,0.030979,0.0,0.0,9808.882173,80.0,362244.77257050405,0.0,244385.30773500857,606630.0803055126,362550.23195854237,0.0,245611.11582056002,608161.3477791024
157,9810.114305,0.027607,0.0,0.0,9810.086698,80.0,362244.77257050405,0.0,244385.30773500857,606630.0803055126,362550.23195854237,0.0,245611.11582056002,608161.3477791024
158,9811.315457,0.012966,0.0,0.0,9811.302491,80.0,362244.77257050405,0.0,244385.30773500857,606630.0803055126,362550.23195854237,0.0,245611.11582056002,608161.3477791024
159,9812.516609,0.010322,0.0,0.0,9812.506287,80.0,362244.77257050405,0.0,244385.30773500857,606630.0803055126,362550.23195854237,0.0,245611.11582056002,608161.3477791024
160,9813.717761,0.005409,0.0,0.0,9813.712352,80.0,362244.77257050405,0.0,244385.30773500857,606630.0803055126,362550.23195854237,0.0,245611.11582056002,608161.3477791024
161,9814.918914,0.002173,0.0,0.0,9814.916741,80.0,362244.77257050405,0.0,244385.30773500857,606630.0803055126,362550.23195854237,0.0,245611.11582056002,608161.3477791024
162,9816.120066,0.0,0.0,0.0,9816.120066,80.0,362244.77257050405,0.0,244385.30773500857,606630.0803055126,362550.23195854237,0.0,245611.11582056002,608161.3477791024
163,9817.321218,0.0,0.0,0.0,9817.321218,80.0,362244.77257050405,0.0,244385.30773500857,606630.0803055126,362550.23195854237,0.0,245611.11582056002,608161.3477791024
164,9818.52237,0.0,0.0,0.0,9818.52237,80.0,362244.77257050405,0.0,244385.30773500857,606630.0803055126,362550.23195854237,0.0,245611.11582056002,608161.3477791024
165,9819.723523,0.0,0.0,0.0,9819.723523,80.0,362244.77257050405,0.0,244385.30773500857,606630.0803055126,362550.23195854237,0.0,245611.11582056002,608161.3477791024
166,9820.924675,0.0,0.0,0.0,9820.924675,80.0,362244.77257050405,0.0,244385.30773500857,606630.0803055126,362550.23195854237,0.0,245611.11582056002,608161.3477791024
167,9822.125827,0.0,0.0,0.0,9822.125827,80.0,362244.77257050405,0.0,244385.30773500857,606630.0803055126,362550.23195854237,0.0,245611.11582056002,608161.3477791024
168,9823.326979,0.0,0.0,0.0,9823.326979,80.0,362244.77257050405,0.0,244385.30773500857,606630.0803055126,362550.23195854237,0.0,245611.11582056002,608161.3477791024
169,9824.528132,0.0,0.0,0.0,9824.528132,80.0,362244.77257050405,0.0,244385.30773500857,606630.0803055126,362550.23195854237,0.0,245611.11582056002,608161.3477791024
170,9825.729284,0.0,0.0,0.0,9825.729284,80.0,362244.77257050405,0.0,244385.30773500857,606630.0803055126,362550.23195854237,0.0,245611.11582056002,608161.3477791024
171,9827.847198,0.0,0.0,0.0,9827.847198,80.0,362244.77257050405,0.0,244385.30773500857,606630.0803055126,362550.23195854237,0.0,245611.11582056002,608161.3477791024
172,9830.850079,0.0,0.0,0.0,9830.850079,80.0,362244.77257050405,0.0,244385.30773500857,606630.0803055126,362550.23195854237,0.0,245611.11582056002,608161.3477791024
173,9833.852959,0.0,0.0,0.0,9833.852959,80.0,362244.77257050405,0.0,244385.30773500857,606630.0803055126,362550.23195854237,0.0,245611.11582056002,608161.3477791024
174,9836.85584,0.00029099999999999997,0.0,0.0,9836.855549,80.0,362244.77257050405,0.0,244385.30773500857,606630.0803055126,362550.23195854237,0.0,245611.11582056002,608161.3477791024
175,9839.858721,0.0011899999999999999,0.0,0.0,9839.857531,80.0,362244.77257050405,0.0,244385.30773500857,606630.0803055126,362550.23195854237,0.0,245611.11582056002,608161.3477791024
176,9843.218414,0.004439,0.0,0.0,9843.213975,80.0,362244.77257050405,0.0,244385.30773500857,606630.0803055126,362550.23195854237,0.0,245611.11582056002,608161.3477791024
177,9847.222255,0.007439,0.0,0.0,9847.214816,80.0,362244.77257050405,0.0,244385.30773500857,606630.0803055126,362550.23195854237,0.0,245611.11582056002,608161.3477791024
178,9851.226096,0.011782,0.0,0.0,9851.214314,80.0,362244.77257050405,0.0,244385.30773500857,606630.0803055126,362550.23195854237,0.0,245611.11582056002,608161.3477791024
179,9855.229937,0.01617,0.0,0.0,9855.213767,80.0,362244.77257050405,0.0,244385.30773500857,606630.0803055126,362550.23195854237,0.0,245611.11582056002,608161.3477791024
180,9859.233778,0.021244,0.0,0.0,9859.212534,80.0,362244.77257050405,0.0,244385.30773500857,606630.0803055126,362550.23195854237,0.0,245611.11582056002,608161.3477791024
181,9863.237619,0.023876,0.0,0.0,9863.213743,80.0,362244.77257050405,0.0,244385.30773500857,606630.0803055126,362550.23195854237,0.0,245611.11582056002,608161.3477791024
182,9867.24146,0.019152000000000002,0.0,0.0,9867.222307999999,80.0,362244.77257050405,0.0,244385.30773500857,606630.0803055126,362550.23195854237,0.0,245611.11582056002,608161.3477791024
183,9871.2453,0.014444000000000002,0.0,0.0,9871.230856,80.0,362244.77257050405,0.0,244385.30773500857,606630.0803055126,362550.23195854237,0.0,245611.11582056002,608161.3477791024
184,9875.249141,0.006881,0.0,0.0,9875.24226,80.0,362244.77257050405,0.0,244385.30773500857,606630.0803055126,362550.23195854237,0.0,245611.11582056002,608161.3477791024
185,9879.252982,0.0027400000000000002,0.0,0.0,9879.250242,80.0,362244.77257050405,0.0,244385.30773500857,606630.0803055126,362550.23195854237,0.0,245611.11582056002,608161.3477791024
186,9883.225735,0.000144,0.0,0.0,9883.225591,80.0,362244.77257050405,0.0,244385.30773500857,606630.0803055126,362550.23195854237,0.0,245611.11582056002,608161.3477791024
187,9886.628999,0.0,0.0,0.0,9886.628999,80.0,362244.77257050405,0.0,244385.30773500857,606630.0803055126,362550.23195854237,0.0,245611.11582056002,608161.3477791024
188,9890.032264,0.0,0.0,0.0,9890.032264,80.0,362244.77257050405,0.0,244385.30773500857,606630.0803055126,362550.23195854237,0.0,245611.11582056002,608161.3477791024
189,9893.435529,0.0,0.0,0.0,9893.435529,80.0,362244.77257050405,0.0,244385.30773500857,606630.0803055126,362550.23195854237,0.0,245611.11582056002,608161.3477791024
190,9896.838794,0.0,0.0,0.0,9896.838794,80.0,362244.77257050405,0.0,244385.30773500857,606630.0803055126,362550.23195854237,0.0,245611.11582056002,608161.3477791024
191,9900.242058,0.0,0.0,0.0,9900.242058,80.0,362244.77257050405,0.0,244385.30773500857,606630.0803055126,362550.23195854237,0.0,245611.11582056002,608161.3477791024
192,9902.925103,0.0,0.0,0.0,9902.925103,80.0,362244.77257050405,0.0,244385.30773500857,606630.0803055126,362550.23195854237,0.0,245611.11582056002,608161.3477791024
193,9905.527599,0.0,0.0,0.0,9905.527599,80.0,362244.77257050405,0.0,244385.30773500857,606630.0803055126,362550.23195854237,0.0,245611.11582056002,608161.3477791024
194,9908.130096,0.0,0.0,0.0,9908.130096,80.0,362244.77257050405,0.0,244385.30773500857,606630.0803055126,362550.23195854237,0.0,245611.11582056002,608161.3477791024
195,9910.732592,0.0,0.0,0.0,9910.732592,80.0,362244.77257050405,0.0,244385.30773500857,606630.0803055126,362550.23195854237,0.0,245611.11582056002,608161.3477791024
196,9913.335089,0.0,0.0,0.0,9913.335089,80.0,362244.77257050405,0.0,244385.30773500857,606630.0803055126,362550.23195854237,0.0,245611.11582056002,608161.3477791024
197,9916.087141,0.0,27.2727272727273,0.0,9943.359868272728,104.0,362244.77257050405,0.0,244385.30773500857,606630.0803055126,362550.23195854237,0.0,245611.11582056002,608161.3477791024
198,9918.889829,0.002047,100.0,0.0,10018.887782,192.0,362244.77257050405,0.0,244385.30773500857,606630.0803055126,362550.23195854237,0.0,245611.11582056002,608161.3477791024
199,9921.692518,0.010909,100.0,0.0,10021.681609,280.0,362244.77257050405,0.0,244385.30773500857,606630.0803055126,362550.23195854237,0.0,245611.11582056002,608161.3477791024
200,9924.495207,0.021607,100.0,0.0,10024.4736,368.0,362244.77257050405,0.0,244385.30773500857,606630.0803055126,362550.23195854237,0.0,245611.11582056002,608161.3477791024
201,9927.297895,0.029105000000000002,100.0,0.0,10027.26879,456.0,362244.77257050405,0.0,244385.30773500857,606630.0803055126,362550.23195854237,0.0,245611.11582056002,608161.3477791024
202,9929.624362,0.03497,100.0,0.0,10029.589392,544.0,362244.77257050405,0.0,244385.30773500857,606630.0803055126,362550.23195854237,0.0,245611.11582056002,608161.3477791024
203,9931.626283,0.037474,100.0,0.0,10031.588808999999,632.0,362244.77257050405,0.0,244385.30773500857,606630.0803055126,362550.23195854237,0.0,245611.11582056002,608161.3477791024
204,9933.628203,0.038261,100.0,0.0,10033.589942,720.0,362244.77257050405,0.0,244385.30773500857,606630.0803055126,362550.23195854237,0.0,245611.11582056002,608161.3477791024
205,9935.630124,0.035796999999999995,0.0,100.0,9835.594326999999,620.0,362244.77257050405,0.0,244385.30773500857,606630.0803055126,362550.23195854237,0.0,245611.11582056002,608161.3477791024
206,9937.632044,0.031304,0.0,100.0,9837.60074,520.0,362244.77257050405,0.0,244385.30773500857,606630.0803055126,362550.23195854237,0.0,245611.11582056002,608161.3477791024
207,9939.899631,0.023041000000000002,0.0,100.0,9839.87659,420.0,362244.77257050405,0.0,244385.30773500857,606630.0803055126,362550.23195854237,0.0,245611.11582056002,608161.3477791024
208,9942.502128,0.009876,0.0,100.0,9842.492252,320.0,362244.77257050405,0.0,244385.30773500857,606630.0803055126,362550.23195854237,0.0,245611.11582056002,608161.3477791024
209,9945.104624,0.0033650000000000004,0.0,100.0,9845.101259,220.0,362244.77257050405,0.0,244385.30773500857,606630.0803055126,362550.23195854237,0.0,245611.11582056002,608161.3477791024
210,9947.707121,0.0,0.0,100.0,9847.707121,120.0,362244.77257050405,0.0,244385.30773500857,606630.0803055126,362550.23195854237,0.0,245611.11582056002,608161.3477791024
211,9950.309618,0.0,0.0,40.0,9910.309618,80.0,362244.77257050405,0.0,244385.30773500857,606630.0803055126,362550.23195854237,0.0,245611.11582056002,608161.3477791024
212,9952.912114,0.0,0.0,0.0,9952.912114,80.0,362244.77257050405,0.0,244385.30773500857,606630.0803055126,362550.23195854237,0.0,245611.11582056002,608161.3477791024
213,9955.514611,0.0,0.0,0.0,9955.514611,80.0,362244.77257050405,0.0,244385.30773500857,606630.0803055126,362550.23195854237,0.0,245611.11582056002,608161.3477791024
214,9958.117107,0.0,0.0,0.0,9958.117107,80.0,362244.77257050405,0.0,244385.30773500857,606630.0803055126,362550.23195854237,0.0,245611.11582056002,608161.3477791024
215,9960.719604,0.0,0.0,0.0,9960.719604,80.0,362244.77257050405,0.0,244385.30773500857,606630.0803055126,362550.23195854237,0.0,245611.11582056002,608161.3477791024
216,9963.3221,0.0,0.0,0.0,9963.3221,80.0,362244.77257050405,0.0,244385.30773500857,606630.0803055126,362550.23195854237,0.0,245611.11582056002,608161.3477791024
217,9965.952153,0.0,0.0,0.0,9965.952153,80.0,362244.77257050405,0.0,244385.30773500857,606630.0803055126,362550.23195854237,0.0,245611.11582056002,608161.3477791024
218,9968.754841,0.0,0.0,0.0,9968.754841,80.0,362244.77257050405,0.0,244385.30773500857,606630.0803055126,362550.23195854237,0.0,245611.11582056002,608161.3477791024
219,9971.55753,0.0,0.0,0.0,9971.55753,80.0,362244.77257050405,0.0,244385.30773500857,606630.0803055126,362550.23195854237,0.0,245611.11582056002,608161.3477791024
220,9974.360219,0.0,0.0,0.0,9974.360219,80.0,362244.77257050405,0.0,244385.30773500857,606630.0803055126,362550.23195854237,0.0,245611.11582056002,608161.3477791024
221,9977.162907,0.0,27.2727272727273,0.0,10004.435634272728,104.0,362244.77257050405,0.0,244385.30773500857,606630.0803055126,362550.23195854237,0.0,245611.11582056002,608161.3477791024
222,9979.965596,0.003206,100.0,0.0,10079.96239,192.0,362244.77257050405,0.0,244385.30773500857,606630.0803055126,362550.23195854237,0.0,245611.11582056002,608161.3477791024
223,9982.373789,0.005771,100.0,0.0,10082.368018,280.0,362244.77257050405,0.0,244385.30773500857,606630.0803055126,362550.23195854237,0.0,245611.11582056002,608161.3477791024
224,9984.776093,0.018298,100.0,0.0,10084.757795,368.0,362244.77257050405,0.0,244385.30773500857,606630.0803055126,362550.23195854237,0.0,245611.11582056002,608161.3477791024
225,9987.178398,0.03063,100.0,0.0,10087.147768,456.0,362244.77257050405,0.0,244385.30773500857,606630.0803055126,362550.23195854237,0.0,245611.11582056002,608161.3477791024
226,9989.580702,0.035338,100.0,0.0,10089.545364,544.0,362244.77257050405,0.0,244385.30773500857,606630.0803055126,362550.23195854237,0.0,245611.11582056002,608161.3477791024
227,9991.983007,0.037552999999999996,100.0,0.0,10091.945454,632.0,362244.77257050405,0.0,244385.30773500857,606630.0803055126,362550.23195854237,0.0,245611.11582056002,608161.3477791024
228,9995.219052,0.037138,100.0,0.0,10095.181914,720.0,362244.77257050405,0.0,244385.30773500857,606630.0803055126,362550.23195854237,0.0,245611.11582056002,608161.3477791024
229,9998.622317,0.03529,0.0,100.0,9898.587027,620.0,362244.77257050405,0.0,244385.30773500857,606630.0803055126,362550.23195854237,0.0,245611.11582056002,608161.3477791024
230,10002.02558,0.02606,0.0,100.0,9901.99952,520.0,362244.77257050405,0.0,244385.30773500857,606630.0803055126,362550.23195854237,0.0,245611.11582056002,608161.3477791024
231,10005.42885,0.017497,0.0,100.0,9905.411353,420.0,362244.77257050405,0.0,244385.30773500857,606630.0803055126,362550.23195854237,0.0,245611.11582056002,608161.3477791024
232,10008.83211,0.006526,0.0,100.0,9908.825584,320.0,362244.77257050405,0.0,244385.30773500857,606630.0803055126,362550.23195854237,0.0,245611.11582056002,608161.3477791024
233,10013.18911,0.0020080000000000002,0.0,100.0,9913.187102,220.0,362244.77257050405,0.0,244385.30773500857,606630.0803055126,362550.23195854237,0.0,245611.11582056002,608161.3477791024
234,10017.99372,0.000174,0.0,100.0,9917.993546,120.0,362244.77257050405,0.0,244385.30773500857,606630.0803055126,362550.23195854237,0.0,245611.11582056002,608161.3477791024
235,10022.79833,0.0,0.0,40.0,9982.79833,80.0,362244.77257050405,0.0,244385.30773500857,606630.0803055126,362550.23195854237,0.0,245611.11582056002,608161.3477791024
236,10027.60294,0.0,0.0,0.0,10027.60294,80.0,362244.77257050405,0.0,244385.30773500857,606630.0803055126,362550.23195854237,0.0,245611.11582056002,608161.3477791024
237,10032.40755,0.0,0.0,0.0,10032.40755,80.0,362244.77257050405,0.0,244385.30773500857,606630.0803055126,362550.23195854237,0.0,245611.11582056002,608161.3477791024
238,10037.10641,0.0,0.0,0.0,10037.10641,80.0,362244.77257050405,0.0,244385.30773500857,606630.0803055126,362550.23195854237,0.0,245611.11582056002,608161.3477791024
239,10041.71083,0.0,0.0,0.0,10041.71083,80.0,362244.77257050405,0.0,244385.30773500857,606630.0803055126,362550.23195854237,0.0,245611.11582056002,608161.3477791024
240,10046.31525,0.0,0.0,0.0,10046.31525,80.0,362244.77257050405,0.0,244385.30773500857,606630.0803055126,362550.23195854237,0.0,245611.11582056002,608161.3477791024
241,10050.91966,0.0,0.0,0.0,10050.91966,80.0,362244.77257050405,0.0,244385.30773500857,606630.0803055126,362550.23195854237,0.0,245611.11582056002,608161.3477791024
242,10055.52408,0.0,0.0,0.0,10055.52408,80.0,362244.77257050405,0.0,244385.30773500857,606630.0803055126,362550.23195854237,0.0,245611.11582056002,608161.3477791024
243,10060.27899,0.0,0.0,0.0,10060.27899,80.0,362244.77257050405,0.0,244385.30773500857,606630.0803055126,362550.23195854237,0.0,245611.11582056002,608161.3477791024
244,10065.28379,0.0,0.0,0.0,10065.28379,80.0,362244.77257050405,0.0,244385.30773500857,606630.0803055126,362550.23195854237,0.0,245611.11582056002,608161.3477791024
245,10070.2886,0.0,27.2727272727273,0.0,10097.561327272728,104.0,362244.77257050405,0.0,244385.30773500857,606630.0803055126,362550.23195854237,0.0,245611.11582056002,608161.3477791024
246,10075.2934,0.0026680000000000002,100.0,0.0,10175.290732000001,192.0,362244.77257050405,0.0,244385.30773500857,606630.0803055126,362550.23195854237,0.0,245611.11582056002,608161.3477791024
247,10080.2982,0.011446999999999999,100.0,0.0,10180.286752999998,280.0,362244.77257050405,0.0,244385.30773500857,606630.0803055126,362550.23195854237,0.0,245611.11582056002,608161.3477791024
248,10085.48199,0.023291,100.0,0.0,10185.458699,368.0,362244.77257050405,0.0,244385.30773500857,606630.0803055126,362550.23195854237,0.0,245611.11582056002,608161.3477791024
249,10091.28756,0.030083,100.0,0.0,10191.257477000001,456.0,362244.77257050405,0.0,244385.30773500857,606630.0803055126,362550.23195854237,0.0,245611.11582056002,608161.3477791024
250,10097.09313,0.035691,100.0,0.0,10197.057439,544.0,362244.77257050405,0.0,244385.30773500857,606630.0803055126,362550.23195854237,0.0,245611.11582056002,608161.3477791024
251,10102.8987,0.036851,100.0,0.0,10202.861848999999,632.0,362244.77257050405,0.0,244385.30773500857,606630.0803055126,362550.23195854237,0.0,245611.11582056002,608161.3477791024
252,10108.70427,0.037649,100.0,0.0,10208.666621,720.0,362244.77257050405,0.0,244385.30773500857,606630.0803055126,362550.23195854237,0.0,245611.11582056002,608161.3477791024
253,10114.28186,0.032323000000000005,0.0,100.0,10014.249537,620.0,362244.77257050405,0.0,244385.30773500857,606630.0803055126,362550.23195854237,0.0,245611.11582056002,608161.3477791024
254,10116.88435,0.028478000000000003,0.0,100.0,10016.855872,520.0,362244.77257050405,0.0,244385.30773500857,606630.0803055126,362550.23195854237,0.0,245611.11582056002,608161.3477791024
255,10119.48685,0.022318,0.0,100.0,10019.464532,420.0,362244.77257050405,0.0,244385.30773500857,606630.0803055126,362550.23195854237,0.0,245611.11582056002,608161.3477791024
256,10122.08935,0.005621,0.0,100.0,10022.083729,320.0,362244.77257050405,0.0,244385.30773500857,606630.0803055126,362550.23195854237,0.0,245611.11582056002,608161.3477791024
257,10124.69184,0.002186,0.0,100.0,10024.689654,220.0,362244.77257050405,0.0,244385.30773500857,606630.0803055126,362550.23195854237,0.0,245611.11582056002,608161.3477791024
258,10127.29434,0.000133,0.0,100.0,10027.294207,120.0,362244.77257050405,0.0,244385.30773500857,606630.0803055126,362550.23195854237,0.0,245611.11582056002,608161.3477791024
259,10130.44866,0.0,0.0,40.0,10090.44866,80.0,362244.77257050405,0.0,244385.30773500857,606630.0803055126,362550.23195854237,0.0,245611.11582056002,608161.3477791024
260,10133.65173,0.0,0.0,0.0,10133.65173,80.0,362244.77257050405,0.0,244385.30773500857,606630.0803055126,362550.23195854237,0.0,245611.11582056002,608161.3477791024
261,10136.85481,0.0,0.0,0.0,10136.85481,80.0,362244.77257050405,0.0,244385.30773500857,606630.0803055126,362550.23195854237,0.0,245611.11582056002,608161.3477791024
262,10140.05788,0.0,0.0,0.0,10140.05788,80.0,362244.77257050405,0.0,244385.30773500857,606630.0803055126,362550.23195854237,0.0,245611.11582056002,608161.3477791024
263,10143.26095,0.0,0.0,0.0,10143.26095,80.0,362244.77257050405,0.0,244385.30773500857,606630.0803055126,362550.23195854237,0.0,245611.11582056002,608161.3477791024
264,10146.46402,0.0,0.0,0.0,10146.46402,80.0,362244.77257050405,0.0,244385.30773500857,606630.0803055126,362550.23195854237,0.0,245611.11582056002,608161.3477791024
265,10149.6671,0.0,0.0,0.0,10149.6671,80.0,362244.77257050405,0.0,244385.30773500857,606630.0803055126,362550.23195854237,0.0,245611.11582056002,608161.3477791024
266,10152.87017,0.0,0.0,0.0,10152.87017,80.0,362244.77257050405,0.0,244385.30773500857,606630.0803055126,362550.23195854237,0.0,245611.11582056002,608161.3477791024
267,10156.07324,0.0,0.0,0.0,10156.07324,80.0,362244.77257050405,0.0,244385.30773500857,606630.0803055126,362550.23195854237,0.0,245611.11582056002,608161.3477791024
268,10159.27631,0.0,0.0,0.0,10159.27631,80.0,362244.77257050405,0.0,244385.30773500857,606630.0803055126,362550.23195854237,0.0,245611.11582056002,608161.3477791024
269,10161.98762,0.0,27.2727272727273,0.0,10189.260347272728,104.0,362244.77257050405,0.0,244385.30773500857,606630.0803055126,362550.23195854237,0.0,245611.11582056002,608161.3477791024
270,10164.38993,0.002297,100.0,0.0,10264.387632999998,192.0,362244.77257050405,0.0,244385.30773500857,606630.0803055126,362550.23195854237,0.0,245611.11582056002,608161.3477791024
271,10166.79223,0.011972,100.0,0.0,10266.780257999999,280.0,362244.77257050405,0.0,244385.30773500857,606630.0803055126,362550.23195854237,0.0,245611.11582056002,608161.3477791024
272,10169.19454,0.0212,100.0,0.0,10269.173340000001,368.0,362244.77257050405,0.0,244385.30773500857,606630.0803055126,362550.23195854237,0.0,245611.11582056002,608161.3477791024
273,10171.59684,0.029988,100.0,0.0,10271.566852,456.0,362244.77257050405,0.0,244385.30773500857,606630.0803055126,362550.23195854237,0.0,245611.11582056002,608161.3477791024
274,10174.18403,0.034718000000000006,100.0,0.0,10274.149312,544.0,362244.77257050405,0.0,244385.30773500857,606630.0803055126,362550.23195854237,0.0,245611.11582056002,608161.3477791024
275,10176.98672,0.037785,100.0,0.0,10276.948935,632.0,362244.77257050405,0.0,244385.30773500857,606630.0803055126,362550.23195854237,0.0,245611.11582056002,608161.3477791024
276,10179.7894,0.038047,100.0,0.0,10279.751353,720.0,362244.77257050405,0.0,244385.30773500857,606630.0803055126,362550.23195854237,0.0,245611.11582056002,608161.3477791024
277,10182.59209,0.034673,0.0,100.0,10082.557417,620.0,362244.77257050405,0.0,244385.30773500857,606630.0803055126,362550.23195854237,0.0,245611.11582056002,608161.3477791024
278,10185.39478,0.030215,0.0,100.0,10085.364565,520.0,362244.77257050405,0.0,244385.30773500857,606630.0803055126,362550.23195854237,0.0,245611.11582056002,608161.3477791024
279,10188.07359,0.01771,0.0,100.0,10088.05588,420.0,362244.77257050405,0.0,244385.30773500857,606630.0803055126,362550.23195854237,0.0,245611.11582056002,608161.3477791024
280,10190.47589,0.011719,0.0,100.0,10090.464171,320.0,362244.77257050405,0.0,244385.30773500857,606630.0803055126,362550.23195854237,0.0,245611.11582056002,608161.3477791024
281,10192.8782,0.002888,0.0,100.0,10092.875311999998,220.0,362244.77257050405,0.0,244385.30773500857,606630.0803055126,362550.23195854237,0.0,245611.11582056002,608161.3477791024
282,10195.2805,0.0,0.0,100.0,10095.2805,120.0,362244.77257050405,0.0,244385.30773500857,606630.0803055126,362550.23195854237,0.0,245611.11582056002,608161.3477791024
283,10197.68281,0.0,0.0,40.0,10157.68281,80.0,362244.77257050405,0.0,244385.30773500857,606630.0803055126,362550.23195854237,0.0,245611.11582056002,608161.3477791024
284,10200.14799,0.0,0.0,0.0,10200.14799,80.0,362244.77257050405,0.0,244385.30773500857,606630.0803055126,362550.23195854237,0.0,245611.11582056002,608161.3477791024
285,10202.95068,0.0,0.0,0.0,10202.95068,80.0,362244.77257050405,0.0,244385.30773500857,606630.0803055126,362550.23195854237,0.0,245611.11582056002,608161.3477791024
286,10205.75337,0.0,0.0,0.0,10205.75337,80.0,362244.77257050405,0.0,244385.30773500857,606630.0803055126,362550.23195854237,0.0,245611.11582056002,608161.3477791024
287,10208.55606,0.0,0.0,0.0,10208.55606,80.0,362244.77257050405,0.0,244385.30773500857,606630.0803055126,362550.23195854237,0.0,245611.11582056002,608161.3477791024
288,10211.35875,0.0,0.0,0.0,10211.35875,80.0,362244.77257050405,0.0,244385.30773500857,606630.0803055126,362550.23195854237,0.0,245611.11582056002,608161.3477791024
289,10214.15955,0.0,0.0,0.0,10214.15955,80.0,362244.77257050405,0.0,244385.30773500857,606630.0803055126,362550.23195854237,0.0,245611.11582056002,608161.3477791024
290,10216.56186,0.0,0.0,0.0,10216.56186,80.0,362244.77257050405,0.0,244385.30773500857,606630.0803055126,362550.23195854237,0.0,245611.11582056002,608161.3477791024
291,10218.96416,0.0,0.0,0.0,10218.96416,80.0,362244.77257050405,0.0,244385.30773500857,606630.0803055126,362550.23195854237,0.0,245611.11582056002,608161.3477791024
292,10221.36647,0.0,0.0,0.0,10221.36647,80.0,362244.77257050405,0.0,244385.30773500857,606630.0803055126,362550.23195854237,0.0,245611.11582056002,608161.3477791024
293,10223.76877,0.0,27.2727272727273,0.0,10251.041497272729,104.0,362244.77257050405,0.0,244385.30773500857,606630.0803055126,362550.23195854237,0.0,245611.11582056002,608161.3477791024
294,10226.17108,0.002455,100.0,0.0,10326.168625,192.0,362244.77257050405,0.0,244385.30773500857,606630.0803055126,362550.23195854237,0.0,245611.11582056002,608161.3477791024
295,10228.23211,0.012638,100.0,0.0,10328.219472,280.0,362244.77257050405,0.0,244385.30773500857,606630.0803055126,362550.23195854237,0.0,245611.11582056002,608161.3477791024
296,10230.23403,0.021716000000000003,100.0,0.0,10330.212314,368.0,362244.77257050405,0.0,244385.30773500857,606630.0803055126,362550.23195854237,0.0,245611.11582056002,608161.3477791024
297,10232.23595,0.03036,100.0,0.0,10332.20559,456.0,362244.77257050405,0.0,244385.30773500857,606630.0803055126,362550.23195854237,0.0,245611.11582056002,608161.3477791024
298,10234.23787,0.034645,100.0,0.0,10334.203225000001,544.0,362244.77257050405,0.0,244385.30773500857,606630.0803055126,362550.23195854237,0.0,245611.11582056002,608161.3477791024
299,10236.23979,0.037966,100.0,0.0,10336.201824,632.0,362244.77257050405,0.0,244385.30773500857,606630.0803055126,362550.23195854237,0.0,245611.11582056002,608161.3477791024
300,10238.52198,0.041667,100.0,0.0,10338.480313,720.0,362244.77257050405,0.0,244385.30773500857,606630.0803055126,362550.23195854237,0.0,245611.11582056002,608161.3477791024
301,10240.92429,0.03347,0.0,100.0,10140.89082,620.0,362244.77257050405,0.0,244385.30773500857,606630.0803055126,362550.23195854237,0.0,245611.11582056002,608161.3477791024
302,10243.32659,0.032756,0.0,100.0,10143.293834,520.0,362244.77257050405,0.0,244385.30773500857,606630.0803055126,362550.23195854237,0.0,245611.11582056002,608161.3477791024
303,10245.7289,0.021407,0.0,100.0,10145.707493,420.0,362244.77257050405,0.0,244385.30773500857,606630.0803055126,362550.23195854237,0.0,245611.11582056002,608161.3477791024
304,10248.1312,0.012762,0.0,100.0,10148.118438,320.0,362244.77257050405,0.0,244385.30773500857,606630.0803055126,362550.23195854237,0.0,245611.11582056002,608161.3477791024
305,10250.75277,0.002584,0.0,100.0,10150.750186,220.0,362244.77257050405,0.0,244385.30773500857,606630.0803055126,362550.23195854237,0.0,245611.11582056002,608161.3477791024
306,10253.55546,5.3e-05,0.0,100.0,10153.555407,120.0,362244.77257050405,0.0,244385.30773500857,606630.0803055126,362550.23195854237,0.0,245611.11582056002,608161.3477791024
307,10256.35815,0.0,0.0,40.0,10216.35815,80.0,362244.77257050405,0.0,244385.30773500857,606630.0803055126,362550.23195854237,0.0,245611.11582056002,608161.3477791024
308,10259.16084,0.0,0.0,0.0,10259.16084,80.0,362244.77257050405,0.0,244385.30773500857,606630.0803055126,362550.23195854237,0.0,245611.11582056002,608161.3477791024
309,10261.96353,0.0,0.0,0.0,10261.96353,80.0,362244.77257050405,0.0,244385.30773500857,606630.0803055126,362550.23195854237,0.0,245611.11582056002,608161.3477791024
310,10264.60795,0.0,0.0,0.0,10264.60795,80.0,362244.77257050405,0.0,244385.30773500857,606630.0803055126,362550.23195854237,0.0,245611.11582056002,608161.3477791024
311,10267.01025,0.0,0.0,0.0,10267.01025,80.0,362244.77257050405,0.0,244385.30773500857,606630.0803055126,362550.23195854237,0.0,245611.11582056002,608161.3477791024
312,10269.41256,0.0,0.0,0.0,10269.41256,80.0,362244.77257050405,0.0,244385.30773500857,606630.0803055126,362550.23195854237,0.0,245611.11582056002,608161.3477791024
313,10271.81486,0.0,0.0,0.0,10271.81486,80.0,362244.77257050405,0.0,244385.30773500857,606630.0803055126,362550.23195854237,0.0,245611.11582056002,608161.3477791024
314,10274.21717,0.0,0.0,0.0,10274.21717,80.0,362244.77257050405,0.0,244385.30773500857,606630.0803055126,362550.23195854237,0.0,245611.11582056002,608161.3477791024
315,10276.57084,0.0,0.0,0.0,10276.57084,80.0,362244.77257050405,0.0,244385.30773500857,606630.0803055126,362550.23195854237,0.0,245611.11582056002,608161.3477791024
316,10278.77295,0.0,0.0,0.0,10278.77295,80.0,362244.77257050405,0.0,244385.30773500857,606630.0803055126,362550.23195854237,0.0,245611.11582056002,608161.3477791024
317,10280.97506,0.0,0.0,0.0,10280.97506,80.0,362244.77257050405,0.0,244385.30773500857,606630.0803055126,362550.23195854237,0.0,245611.11582056002,608161.3477791024
318,10283.17717,0.0024649999999999997,0.0,0.0,10283.174705000001,80.0,362244.77257050405,0.0,244385.30773500857,606630.0803055126,362550.23195854237,0.0,245611.11582056002,608161.3477791024
319,10285.37929,0.012785000000000001,0.0,0.0,10285.366505,80.0,362244.77257050405,0.0,244385.30773500857,606630.0803055126,362550.23195854237,0.0,245611.11582056002,608161.3477791024
320,10287.5814,0.022974,0.0,0.0,10287.558426,80.0,362244.77257050405,0.0,244385.30773500857,606630.0803055126,362550.23195854237,0.0,245611.11582056002,608161.3477791024
321,10289.78351,0.030772,0.0,0.0,10289.752738,80.0,362244.77257050405,0.0,244385.30773500857,606630.0803055126,362550.23195854237,0.0,245611.11582056002,608161.3477791024
322,10291.98562,0.035076,0.0,0.0,10291.950544,80.0,362244.77257050405,0.0,244385.30773500857,606630.0803055126,362550.23195854237,0.0,245611.11582056002,608161.3477791024
323,10294.18774,0.036761,0.0,0.0,10294.150979,80.0,362244.77257050405,0.0,244385.30773500857,606630.0803055126,362550.23195854237,0.0,245611.11582056002,608161.3477791024
324,10296.38985,0.038262000000000004,0.0,0.0,10296.351588,80.0,362244.77257050405,0.0,244385.30773500857,606630.0803055126,362550.23195854237,0.0,245611.11582056002,608161.3477791024
325,10298.59196,0.034251,0.0,0.0,10298.557709,80.0,362244.77257050405,0.0,244385.30773500857,606630.0803055126,362550.23195854237,0.0,245611.11582056002,608161.3477791024
326,10300.23059,0.027960000000000002,0.0,0.0,10300.20263,80.0,362244.77257050405,0.0,244385.30773500857,606630.0803055126,362550.23195854237,0.0,245611.11582056002,608161.3477791024
327,10301.83213,0.010846999999999999,0.0,0.0,10301.821283000001,80.0,362244.77257050405,0.0,244385.30773500857,606630.0803055126,362550.23195854237,0.0,245611.11582056002,608161.3477791024
328,10303.43366,0.009167,0.0,0.0,10303.424493,80.0,362244.77257050405,0.0,244385.30773500857,606630.0803055126,362550.23195854237,0.0,245611.11582056002,608161.3477791024
329,10305.0352,0.001425,0.0,0.0,10305.033775,80.0,362244.77257050405,0.0,244385.30773500857,606630.0803055126,362550.23195854237,0.0,245611.11582056002,608161.3477791024
330,10306.63674,0.0,0.0,0.0,10306.63674,80.0,362244.77257050405,0.0,244385.30773500857,606630.0803055126,362550.23195854237,0.0,245611.11582056002,608161.3477791024
331,10307.76629,0.0,0.0,0.0,10307.76629,80.0,362244.77257050405,0.0,244385.30773500857,606630.0803055126,362550.23195854237,0.0,245611.11582056002,608161.3477791024
332,10308.76725,0.0,0.0,0.0,10308.76725,80.0,362244.77257050405,0.0,244385.30773500857,606630.0803055126,362550.23195854237,0.0,245611.11582056002,608161.3477791024
333,10309.76821,0.0,0.0,0.0,10309.76821,80.0,362244.77257050405,0.0,244385.30773500857,606630.0803055126,362550.23195854237,0.0,245611.11582056002,608161.3477791024
334,10310.76917,0.0,0.0,0.0,10310.76917,80.0,362244.77257050405,0.0,244385.30773500857,606630.0803055126,362550.23195854237,0.0,245611.11582056002,608161.3477791024
335,10311.77013,0.0,0.0,0.0,10311.77013,80.0,362244.77257050405,0.0,244385.30773500857,606630.0803055126,362550.23195854237,0.0,245611.11582056002,608161.3477791024
336,10312.89792,0.0,0.0,0.0,10312.89792,80.0,362244.77257050405,0.0,244385.30773500857,606630.0803055126,362550.23195854237,0.0,245611.11582056002,608161.3477791024
337,10314.09907,0.0,0.0,0.0,10314.09907,80.0,362244.77257050405,0.0,244385.30773500857,606630.0803055126,362550.23195854237,0.0,245611.11582056002,608161.3477791024
338,10315.30022,0.0,0.0,0.0,10315.30022,80.0,362244.77257050405,0.0,244385.30773500857,606630.0803055126,362550.23195854237,0.0,245611.11582056002,608161.3477791024
339,10316.50138,0.0,0.0,0.0,10316.50138,80.0,362244.77257050405,0.0,244385.30773500857,606630.0803055126,362550.23195854237,0.0,245611.11582056002,608161.3477791024
340,10317.70253,0.0,0.0,0.0,10317.70253,80.0,362244.77257050405,0.0,244385.30773500857,606630.0803055126,362550.23195854237,0.0,245611.11582056002,608161.3477791024
341,10318.90368,0.0,0.0,0.0,10318.90368,80.0,362244.77257050405,0.0,244385.30773500857,606630.0803055126,362550.23195854237,0.0,245611.11582056002,608161.3477791024
342,10320.10483,0.002585,0.0,0.0,10320.102245,80.0,362244.77257050405,0.0,244385.30773500857,606630.0803055126,362550.23195854237,0.0,245611.11582056002,608161.3477791024
343,10321.30599,0.009263,0.0,0.0,10321.296727,80.0,362244.77257050405,0.0,244385.30773500857,606630.0803055126,362550.23195854237,0.0,245611.11582056002,608161.3477791024
344,10322.50714,0.02299,0.0,0.0,10322.48415,80.0,362244.77257050405,0.0,244385.30773500857,606630.0803055126,362550.23195854237,0.0,245611.11582056002,608161.3477791024
345,10323.70829,0.028947,0.0,0.0,10323.679343,80.0,362244.77257050405,0.0,244385.30773500857,606630.0803055126,362550.23195854237,0.0,245611.11582056002,608161.3477791024
346,10324.97527,0.029987,0.0,0.0,10324.945283000001,80.0,362244.77257050405,0.0,244385.30773500857,606630.0803055126,362550.23195854237,0.0,245611.11582056002,608161.3477791024
347,10326.37661,0.037615,0.0,0.0,10326.338995,80.0,362244.77257050405,0.0,244385.30773500857,606630.0803055126,362550.23195854237,0.0,245611.11582056002,608161.3477791024
348,10327.77796,0.035373,0.0,0.0,10327.742586999999,80.0,362244.77257050405,0.0,244385.30773500857,606630.0803055126,362550.23195854237,0.0,245611.11582056002,608161.3477791024
349,10329.1793,0.035035,0.0,0.0,10329.144264999999,80.0,362244.77257050405,0.0,244385.30773500857,606630.0803055126,362550.23195854237,0.0,245611.11582056002,608161.3477791024
350,10330.58065,0.025733000000000002,0.0,0.0,10330.554917,80.0,362244.77257050405,0.0,244385.30773500857,606630.0803055126,362550.23195854237,0.0,245611.11582056002,608161.3477791024
351,10331.84068,0.019361999999999997,0.0,0.0,10331.821318,80.0,362244.77257050405,0.0,244385.30773500857,606630.0803055126,362550.23195854237,0.0,245611.11582056002,608161.3477791024
352,10332.44126,0.009239,0.0,0.0,10332.432020999999,80.0,362244.77257050405,0.0,244385.30773500857,606630.0803055126,362550.23195854237,0.0,245611.11582056002,608161.3477791024
353,10333.04183,0.001608,0.0,0.0,10333.040222,80.0,362244.77257050405,0.0,244385.30773500857,606630.0803055126,362550.23195854237,0.0,245611.11582056002,608161.3477791024
354,10333.64241,0.000101,0.0,0.0,10333.642309,80.0,362244.77257050405,0.0,244385.30773500857,606630.0803055126,362550.23195854237,0.0,245611.11582056002,608161.3477791024
355,10334.24298,0.0,0.0,0.0,10334.24298,80.0,362244.77257050405,0.0,244385.30773500857,606630.0803055126,362550.23195854237,0.0,245611.11582056002,608161.3477791024
356,10334.84839,0.0,0.0,0.0,10334.84839,80.0,362244.77257050405,0.0,244385.30773500857,606630.0803055126,362550.23195854237,0.0,245611.11582056002,608161.3477791024
357,10335.64916,0.0,0.0,0.0,10335.64916,80.0,362244.77257050405,0.0,244385.30773500857,606630.0803055126,362550.23195854237,0.0,245611.11582056002,608161.3477791024
358,10336.44992,0.0,24.5445627954843,0.0,10360.994482795484,101.599215260026,362244.77257050405,0.0,244385.30773500857,606630.0803055126,362550.23195854237,0.0,245611.11582056002,608161.3477791024
359,10337.25069,0.0,54.8360940340881,0.0,10392.086784034089,149.854978010024,362244.77257050405,0.0,244385.30773500857,606630.0803055126,362550.23195854237,0.0,245611.11582056002,608161.3477791024
360,10338.05146,0.0,54.0353240340883,0.0,10392.086784034089,197.406063160021,362244.77257050405,0.0,244385.30773500857,606630.0803055126,362550.23195854237,0.0,245611.11582056002,608161.3477791024
361,10338.85223,0.0,53.2345540340884,0.0,10392.086784034089,244.252470710019,362244.77257050405,0.0,244385.30773500857,606630.0803055126,362550.23195854237,0.0,245611.11582056002,608161.3477791024
362,10339.653,0.0,52.4337840340886,0.0,10392.086784034089,290.394200660017,362244.77257050405,0.0,244385.30773500857,606630.0803055126,362550.23195854237,0.0,245611.11582056002,608161.3477791024
363,10340.45377,0.0,51.6330140340888,0.0,10392.086784034089,335.831253010015,362244.77257050405,0.0,244385.30773500857,606630.0803055126,362550.23195854237,0.0,245611.11582056002,608161.3477791024
364,10341.25453,0.0,50.8322540340887,0.0,10392.086784034089,380.563636560013,362244.77257050405,0.0,244385.30773500857,606630.0803055126,362550.23195854237,0.0,245611.11582056002,608161.3477791024
365,10342.0553,0.0,50.0314840340889,0.0,10392.086784034089,424.591342510012,362244.77257050405,0.0,244385.30773500857,606630.0803055126,362550.23195854237,0.0,245611.11582056002,608161.3477791024
366,10342.85607,0.0022069999999999998,49.2329210340886,0.0,10392.086784034089,467.91631302001,362244.77257050405,0.0,244385.30773500857,606630.0803055126,362550.23195854237,0.0,245611.11582056002,608161.3477791024
367,10343.3688,0.011563,48.7295470340887,0.0,10392.086784034089,510.798314410008,362244.77257050405,0.0,244385.30773500857,606630.0803055126,362550.23195854237,0.0,245611.11582056002,608161.3477791024
368,10343.76918,0.015958,48.3335620340895,0.0,10392.086784034089,553.331849000006,362244.77257050405,0.0,244385.30773500857,606630.0803055126,362550.23195854237,0.0,245611.11582056002,608161.3477791024
369,10344.16957,0.029140000000000003,47.9463540340894,0.0,10392.086784034089,595.524640550005,362244.77257050405,0.0,244385.30773500857,606630.0803055126,362550.23195854237,0.0,245611.11582056002,608161.3477791024
370,10344.56995,0.031192,47.5480260340901,0.0,10392.086784034089,637.366903460004,362244.77257050405,0.0,244385.30773500857,606630.0803055126,362550.23195854237,0.0,245611.11582056002,608161.3477791024
371,10344.97033,0.036337,47.1527910340883,0.0,10392.086784034089,678.861359570002,362244.77257050405,0.0,244385.30773500857,606630.0803055126,362550.23195854237,0.0,245611.11582056002,608161.3477791024
372,10345.37072,0.032390999999999996,46.7484550340887,0.0,10392.086784034089,720.0,362244.77257050405,0.0,244385.30773500857,606630.0803055126,362550.23195854237,0.0,245611.11582056002,608161.3477791024
373,10345.7711,0.030015999999999998,0.0,75.5725224999987,10270.1685615,644.427477500001,362244.77257050405,0.0,244385.30773500857,606630.0803055126,362550.23195854237,0.0,245611.11582056002,608161.3477791024
374,10346.17149,0.025762,0.0,75.9771665000007,10270.1685615,568.450311000001,362244.77257050405,0.0,244385.30773500857,606630.0803055126,362550.23195854237,0.0,245611.11582056002,608161.3477791024
375,10346.57187,0.021699000000000003,0.0,76.3816094999984,10270.1685615,492.068701500002,362244.77257050405,0.0,244385.30773500857,606630.0803055126,362550.23195854237,0.0,245611.11582056002,608161.3477791024
376,10346.97225,0.008645,0.0,76.7950435000002,10270.1685615,415.273658000002,362244.77257050405,0.0,244385.30773500857,606630.0803055126,362550.23195854237,0.0,245611.11582056002,608161.3477791024
377,10347.2066,0.001392,0.0,77.0366464999988,10270.1685615,338.237011500003,362244.77257050405,0.0,244385.30773500857,606630.0803055126,362550.23195854237,0.0,245611.11582056002,608161.3477791024
378,10347.2066,0.0,0.0,77.0380384999989,10270.1685615,261.198973000004,362244.77257050405,0.0,244385.30773500857,606630.0803055126,362550.23195854237,0.0,245611.11582056002,608161.3477791024
379,10347.2066,0.0,0.0,77.0380384999989,10270.1685615,184.160934500005,362244.77257050405,0.0,244385.30773500857,606630.0803055126,362550.23195854237,0.0,245611.11582056002,608161.3477791024
380,10347.2066,0.0,0.0,77.0380384999989,10270.1685615,107.122896000006,362244.77257050405,0.0,244385.30773500857,606630.0803055126,362550.23195854237,0.0,245611.11582056002,608161.3477791024
381,10347.2066,0.0,44.8801840340893,0.0,10392.086784034089,146.617457950005,362244.77257050405,0.0,244385.30773500857,606630.0803055126,362550.23195854237,0.0,245611.11582056002,608161.3477791024
382,10347.25912,0.0,44.8276640340882,0.0,10392.086784034089,186.065802300002,362244.77257050405,0.0,244385.30773500857,606630.0803055126,362550.23195854237,0.0,245611.11582056002,608161.3477791024
383,10347.45931,0.0,44.6274740340887,0.0,10392.086784034089,225.337979450014,362244.77257050405,0.0,244385.30773500857,606630.0803055126,362550.23195854237,0.0,245611.11582056002,608161.3477791024
384,10347.6595,0.0,44.4272840340891,0.0,10392.086784034089,264.433989400011,362244.77257050405,0.0,244385.30773500857,606630.0803055126,362550.23195854237,0.0,245611.11582056002,608161.3477791024
385,10347.85969,0.0,44.2270940340895,0.0,10392.086784034089,303.35383215001,362244.77257050405,0.0,244385.30773500857,606630.0803055126,362550.23195854237,0.0,245611.11582056002,608161.3477791024
386,10348.05989,0.0,44.0268940340884,0.0,10392.086784034089,342.097498900008,362244.77257050405,0.0,244385.30773500857,606630.0803055126,362550.23195854237,0.0,245611.11582056002,608161.3477791024
387,10348.26008,0.0,43.8267040340888,0.0,10392.086784034089,380.664998450006,362244.77257050405,0.0,244385.30773500857,606630.0803055126,362550.23195854237,0.0,245611.11582056002,608161.3477791024
388,10348.46027,0.0,43.6265140340893,0.0,10392.086784034089,419.056330800005,362244.77257050405,0.0,244385.30773500857,606630.0803055126,362550.23195854237,0.0,245611.11582056002,608161.3477791024
389,10348.66046,0.0,43.4263240340897,0.0,10392.086784034089,457.271495950004,362244.77257050405,0.0,244385.30773500857,606630.0803055126,362550.23195854237,0.0,245611.11582056002,608161.3477791024
390,10348.86065,0.001304,43.2274380340878,0.0,10392.086784034089,495.311641420001,362244.77257050405,0.0,244385.30773500857,606630.0803055126,362550.23195854237,0.0,245611.11582056002,608161.3477791024
391,10349.06085,0.012041000000000001,43.037975034089,0.0,10392.086784034089,533.185059449999,362244.77257050405,0.0,244385.30773500857,606630.0803055126,362550.23195854237,0.0,245611.11582056002,608161.3477791024
392,10349.26104,0.023411,42.8491550340897,0.0,10392.086784034089,570.89231588001,362244.77257050405,0.0,244385.30773500857,606630.0803055126,362550.23195854237,0.0,245611.11582056002,608161.3477791024
393,10349.46123,0.03093,42.6564840340889,0.0,10392.086784034089,608.430021830005,362244.77257050405,0.0,244385.30773500857,606630.0803055126,362550.23195854237,0.0,245611.11582056002,608161.3477791024
394,10349.66142,0.033728,42.4590920340888,0.0,10392.086784034089,645.794022820002,362244.77257050405,0.0,244385.30773500857,606630.0803055126,362550.23195854237,0.0,245611.11582056002,608161.3477791024
395,10349.86161,0.037968,42.2631420340895,0.0,10392.086784034089,682.985587810002,362244.77257050405,0.0,244385.30773500857,606630.0803055126,362550.23195854237,0.0,245611.11582056002,608161.3477791024
396,10350.06181,0.036857999999999995,42.0618320340885,0.0,10392.086784034089,720.0,362244.77257050405,0.0,244385.30773500857,606630.0803055126,362550.23195854237,0.0,245611.11582056002,608161.3477791024
397,10350.262,0.03558,0.0,80.0578585000003,10270.1685615,639.9421415,362244.77257050405,0.0,244385.30773500857,606630.0803055126,362550.23195854237,0.0,245611.11582056002,608161.3477791024
398,10350.30098,0.029244,0.0,80.1031745,10270.1685615,559.838967,362244.77257050405,0.0,244385.30773500857,606630.0803055126,362550.23195854237,0.0,245611.11582056002,608161.3477791024
399,10350.30098,0.020597,0.0,80.1118214999988,10270.1685615,479.727145500001,362244.77257050405,0.0,244385.30773500857,606630.0803055126,362550.23195854237,0.0,245611.11582056002,608161.3477791024
400,10350.30098,0.009647000000000001,0.0,80.1227714999986,10270.1685615,399.604374000002,362244.77257050405,0.0,244385.30773500857,606630.0803055126,362550.23195854237,0.0,245611.11582056002,608161.3477791024
401,10350.30098,0.00206,0.0,80.1303584999987,10270.1685615,319.474015500004,362244.77257050405,0.0,244385.30773500857,606630.0803055126,362550.23195854237,0.0,245611.11582056002,608161.3477791024
402,10350.30098,0.0,0.0,80.1324184999994,10270.1685615,239.341596999999,362244.77257050405,0.0,244385.30773500857,606630.0803055126,362550.23195854237,0.0,245611.11582056002,608161.3477791024
403,10350.03955,0.0,0.0,79.8709884999989,10270.1685615,159.4706085,362244.77257050405,0.0,244385.30773500857,606630.0803055126,362550.23195854237,0.0,245611.11582056002,608161.3477791024
404,10349.63917,0.0,0.0,79.4706084999998,10270.1685615,80.0,362244.77257050405,0.0,244385.30773500857,606630.0803055126,362550.23195854237,0.0,245611.11582056002,608161.3477791024
405,10349.23878,0.0,19.4131377614047,0.0,10368.651917761405,97.0835612300361,362244.77257050405,0.0,244385.30773500857,606630.0803055126,362550.23195854237,0.0,245611.11582056002,608161.3477791024
406,10348.8384,0.0,43.2483840340573,0.0,10392.086784034058,135.142139180007,362244.77257050405,0.0,244385.30773500857,606630.0803055126,362550.23195854237,0.0,245611.11582056002,608161.3477791024
407,10348.43801,0.0,43.648774034089,0.0,10392.086784034089,173.553060330005,362244.77257050405,0.0,244385.30773500857,606630.0803055126,362550.23195854237,0.0,245611.11582056002,608161.3477791024
408,10347.93742,0.0,44.1493640340886,0.0,10392.086784034089,212.404500680003,362244.77257050405,0.0,244385.30773500857,606630.0803055126,362550.23195854237,0.0,245611.11582056002,608161.3477791024
409,10347.33684,0.0,44.7499440340889,0.0,10392.086784034089,251.784451430001,362244.77257050405,0.0,244385.30773500857,606630.0803055126,362550.23195854237,0.0,245611.11582056002,608161.3477791024
410,10346.73626,0.0,45.3505240340892,0.0,10392.086784034089,291.69291258,362244.77257050405,0.0,244385.30773500857,606630.0803055126,362550.23195854237,0.0,245611.11582056002,608161.3477791024
411,10346.13569,0.0,45.9510940340897,0.0,10392.086784034089,332.129875329999,362244.77257050405,0.0,244385.30773500857,606630.0803055126,362550.23195854237,0.0,245611.11582056002,608161.3477791024
412,10345.53511,0.0,46.5516740340881,0.0,10392.086784034089,373.095348479996,362244.77257050405,0.0,244385.30773500857,606630.0803055126,362550.23195854237,0.0,245611.11582056002,608161.3477791024
413,10344.93453,0.0,47.1522540340884,0.0,10392.086784034089,414.589332029994,362244.77257050405,0.0,244385.30773500857,606630.0803055126,362550.23195854237,0.0,245611.11582056002,608161.3477791024
414,10344.33396,0.002143,47.7549670340886,0.0,10392.086784034089,456.613703019992,362244.77257050405,0.0,244385.30773500857,606630.0803055126,362550.23195854237,0.0,245611.11582056002,608161.3477791024
415,10343.73338,0.011474,48.36487803409,0.0,10392.086784034089,499.174795689991,362244.77257050405,0.0,244385.30773500857,606630.0803055126,362550.23195854237,0.0,245611.11582056002,608161.3477791024
416,10343.13281,0.021943999999999998,48.9759180340898,0.0,10392.086784034089,542.27360355999,362244.77257050405,0.0,244385.30773500857,606630.0803055126,362550.23195854237,0.0,245611.11582056002,608161.3477791024
417,10342.53223,0.030278,49.5848320340883,0.0,10392.086784034089,585.908255749988,362244.77257050405,0.0,244385.30773500857,606630.0803055126,362550.23195854237,0.0,245611.11582056002,608161.3477791024
418,10341.93165,0.035268,50.190402034088,0.0,10392.086784034089,630.075809539985,362244.77257050405,0.0,244385.30773500857,606630.0803055126,362550.23195854237,0.0,245611.11582056002,608161.3477791024
419,10341.33108,0.037569000000000005,50.793273034089,0.0,10392.086784034089,674.773889809984,362244.77257050405,0.0,244385.30773500857,606630.0803055126,362550.23195854237,0.0,245611.11582056002,608161.3477791024
420,10340.7305,0.03702300000000001,51.39330703409,0.0,10392.086784034089,720.0,362244.77257050405,0.0,244385.30773500857,606630.0803055126,362550.23195854237,0.0,245611.11582056002,608161.3477791024
421,10340.12993,0.03469100000000001,0.0,100.0,10240.095238999998,620.0,362244.77257050405,0.0,244385.30773500857,606630.0803055126,362550.23195854237,0.0,245611.11582056002,608161.3477791024
422,10339.52935,0.030482,0.0,100.0,10239.498868,520.000000000002,362244.77257050405,0.0,244385.30773500857,606630.0803055126,362550.23195854237,0.0,245611.11582056002,608161.3477791024
423,10338.92877,0.022612,0.0,100.0,10238.906158,420.000000000002,362244.77257050405,0.0,244385.30773500857,606630.0803055126,362550.23195854237,0.0,245611.11582056002,608161.3477791024
424,10338.3282,0.012407,0.0,73.3692740000042,10264.946518999996,346.630725999998,362244.77257050405,0.0,244385.30773500857,606630.0803055126,362550.23195854237,0.0,245611.11582056002,608161.3477791024
425,10337.72762,0.002048,0.0,67.5570104999988,10270.1685615,279.073715499999,362244.77257050405,0.0,244385.30773500857,606630.0803055126,362550.23195854237,0.0,245611.11582056002,608161.3477791024
426,10337.12704,0.0,0.0,66.9584784999988,10270.1685615,212.115237,362244.77257050405,0.0,244385.30773500857,606630.0803055126,362550.23195854237,0.0,245611.11582056002,608161.3477791024
427,10336.52647,0.0,0.0,66.3579085000001,10270.1685615,145.7573285,362244.77257050405,0.0,244385.30773500857,606630.0803055126,362550.23195854237,0.0,245611.11582056002,608161.3477791024
428,10335.92589,0.0,0.0,65.7573284999999,10270.1685615,80.0,362244.77257050405,0.0,244385.30773500857,606630.0803055126,362550.23195854237,0.0,245611.11582056002,608161.3477791024
429,10335.32532,0.0,0.0,0.0,10335.32532,80.0,362244.77257050405,0.0,244385.30773500857,606630.0803055126,362550.23195854237,0.0,245611.11582056002,608161.3477791024
430,10334.72474,0.0,0.0,0.0,10334.72474,80.0,362244.77257050405,0.0,244385.30773500857,606630.0803055126,362550.23195854237,0.0,245611.11582056002,608161.3477791024
431,10334.12416,0.0,0.0,0.0,10334.12416,80.0,362244.77257050405,0.0,244385.30773500857,606630.0803055126,362550.23195854237,0.0,245611.11582056002,608161.3477791024
432,10333.52359,0.0,0.0,0.0,10333.52359,80.0,362244.77257050405,0.0,244385.30773500857,606630.0803055126,362550.23195854237,0.0,245611.11582056002,608161.3477791024
433,10332.92301,0.0,23.9272848977568,0.0,10356.850294897757,101.056010710026,362244.77257050405,0.0,244385.30773500857,606630.0803055126,362550.23195854237,0.0,245611.11582056002,608161.3477791024
434,10332.17453,0.0,59.9122540340886,0.0,10392.086784034089,153.778794260024,362244.77257050405,0.0,244385.30773500857,606630.0803055126,362550.23195854237,0.0,245611.11582056002,608161.3477791024
435,10331.37376,0.0,60.7130240340884,0.0,10392.086784034089,207.206255410022,362244.77257050405,0.0,244385.30773500857,606630.0803055126,362550.23195854237,0.0,245611.11582056002,608161.3477791024
436,10330.57299,0.0,61.5137940340883,0.0,10392.086784034089,261.33839416002,362244.77257050405,0.0,244385.30773500857,606630.0803055126,362550.23195854237,0.0,245611.11582056002,608161.3477791024
437,10329.77222,0.0,62.3145640340881,0.0,10392.086784034089,316.175210510017,362244.77257050405,0.0,244385.30773500857,606630.0803055126,362550.23195854237,0.0,245611.11582056002,608161.3477791024
438,10328.97146,0.002234,63.1175580340878,0.0,10392.086784034089,371.718661580014,362244.77257050405,0.0,244385.30773500857,606630.0803055126,362550.23195854237,0.0,245611.11582056002,608161.3477791024
439,10328.17069,0.012784,63.9288780340885,0.0,10392.086784034089,427.976074250012,362244.77257050405,0.0,244385.30773500857,606630.0803055126,362550.23195854237,0.0,245611.11582056002,608161.3477791024
440,10327.36992,0.023444,64.74030803409,0.0,10392.086784034089,484.947545320011,362244.77257050405,0.0,244385.30773500857,606630.0803055126,362550.23195854237,0.0,245611.11582056002,608161.3477791024
441,10326.56915,0.03149,65.5491240340889,0.0,10392.086784034089,542.63077447001,362244.77257050405,0.0,244385.30773500857,606630.0803055126,362550.23195854237,0.0,245611.11582056002,608161.3477791024
442,10325.76838,0.036489,66.3548930340894,0.0,10392.086784034089,601.023080340008,362244.77257050405,0.0,244385.30773500857,606630.0803055126,362550.23195854237,0.0,245611.11582056002,608161.3477791024
443,10324.96762,0.037156999999999996,67.1563210340901,0.0,10392.086784034089,660.120642850008,362244.77257050405,0.0,244385.30773500857,606630.0803055126,362550.23195854237,0.0,245611.11582056002,608161.3477791024
444,10324.07994,0.037880000000000004,68.0447240340891,0.0,10392.086784034089,720.0,362244.77257050405,0.0,244385.30773500857,606630.0803055126,362550.23195854237,0.0,245611.11582056002,608161.3477791024
445,10323.07898,0.035025,0.0,100.0,10223.043955000001,620.0,362244.77257050405,0.0,244385.30773500857,606630.0803055126,362550.23195854237,0.0,245611.11582056002,608161.3477791024
446,10322.07802,0.029762,0.0,100.0,10222.048258,520.0,362244.77257050405,0.0,244385.30773500857,606630.0803055126,362550.23195854237,0.0,245611.11582056002,608161.3477791024
447,10321.07706,0.022233,0.0,100.0,10221.054827,420.0,362244.77257050405,0.0,244385.30773500857,606630.0803055126,362550.23195854237,0.0,245611.11582056002,608161.3477791024
448,10320.0761,0.013176,0.0,100.0,10220.062924,320.0,362244.77257050405,0.0,244385.30773500857,606630.0803055126,362550.23195854237,0.0,245611.11582056002,608161.3477791024
449,10319.07514,0.002294,0.0,99.2860245000011,10219.7868215,220.713975499999,362244.77257050405,0.0,244385.30773500857,606630.0803055126,362550.23195854237,0.0,245611.11582056002,608161.3477791024
450,10318.07418,0.0,0.0,47.905618499999,10270.1685615,172.808357,362244.77257050405,0.0,244385.30773500857,606630.0803055126,362550.23195854237,0.0,245611.11582056002,608161.3477791024
451,10317.07322,0.0,0.0,46.9046584999996,10270.1685615,125.9036985,362244.77257050405,0.0,244385.30773500857,606630.0803055126,362550.23195854237,0.0,245611.11582056002,608161.3477791024
452,10316.07226,0.0,0.0,45.9036985000002,10270.1685615,80.0,362244.77257050405,0.0,244385.30773500857,606630.0803055126,362550.23195854237,0.0,245611.11582056002,608161.3477791024
453,10315.0713,0.0,0.0,0.0,10315.0713,80.0,362244.77257050405,0.0,244385.30773500857,606630.0803055126,362550.23195854237,0.0,245611.11582056002,608161.3477791024
454,10314.04443,0.0,0.0,0.0,10314.04443,80.0,362244.77257050405,0.0,244385.30773500857,606630.0803055126,362550.23195854237,0.0,245611.11582056002,608161.3477791024
455,10312.84328,0.0,0.0,0.0,10312.84328,80.0,362244.77257050405,0.0,244385.30773500857,606630.0803055126,362550.23195854237,0.0,245611.11582056002,608161.3477791024
456,10311.64213,0.0,0.0,0.0,10311.64213,80.0,362244.77257050405,0.0,244385.30773500857,606630.0803055126,362550.23195854237,0.0,245611.11582056002,608161.3477791024
457,10310.44097,0.0,0.0,0.0,10310.44097,80.0,362244.77257050405,0.0,244385.30773500857,606630.0803055126,362550.23195854237,0.0,245611.11582056002,608161.3477791024
458,10309.23982,0.0,0.0,0.0,10309.23982,80.0,362244.77257050405,0.0,244385.30773500857,606630.0803055126,362550.23195854237,0.0,245611.11582056002,608161.3477791024
459,10308.03867,0.0,0.0,0.0,10308.03867,80.0,362244.77257050405,0.0,244385.30773500857,606630.0803055126,362550.23195854237,0.0,245611.11582056002,608161.3477791024
460,10307.03312,0.0,8.76924500001885,0.0,10315.80236500002,87.7169356000166,362244.77257050405,0.0,244385.30773500857,606630.0803055126,362550.23195854237,0.0,245611.11582056002,608161.3477791024
461,10306.03216,0.0,86.0546240340882,0.0,10392.086784034089,163.445004750014,362244.77257050405,0.0,244385.30773500857,606630.0803055126,362550.23195854237,0.0,245611.11582056002,608161.3477791024
462,10305.0312,0.0022280000000000004,87.0578120340888,0.0,10392.086784034089,240.055879340012,362244.77257050405,0.0,244385.30773500857,606630.0803055126,362550.23195854237,0.0,245611.11582056002,608161.3477791024
463,10304.03024,0.012979,88.069523034088,0.0,10392.086784034089,317.55705961001,362244.77257050405,0.0,244385.30773500857,606630.0803055126,362550.23195854237,0.0,245611.11582056002,608161.3477791024
464,10303.02928,0.023227,89.0807310340879,0.0,10392.086784034089,395.948102920007,362244.77257050405,0.0,244385.30773500857,606630.0803055126,362550.23195854237,0.0,245611.11582056002,608161.3477791024
465,10301.86322,0.030729,90.2542930340896,0.0,10392.086784034089,475.371880790006,362244.77257050405,0.0,244385.30773500857,606630.0803055126,362550.23195854237,0.0,245611.11582056002,608161.3477791024
466,10300.66206,0.036103,91.4608270340887,0.0,10392.086784034089,555.857408580004,362244.77257050405,0.0,244385.30773500857,606630.0803055126,362550.23195854237,0.0,245611.11582056002,608161.3477791024
467,10299.46091,0.034985,92.6608590340893,0.0,10392.086784034089,637.398964530003,362244.77257050405,0.0,244385.30773500857,606630.0803055126,362550.23195854237,0.0,245611.11582056002,608161.3477791024
468,10298.25976,0.037789,93.864813034088,0.0,10392.086784034089,720.0,362244.77257050405,0.0,244385.30773500857,606630.0803055126,362550.23195854237,0.0,245611.11582056002,608161.3477791024
469,10297.05861,0.034456,0.0,100.0,10197.024154,620.0,362244.77257050405,0.0,244385.30773500857,606630.0803055126,362550.23195854237,0.0,245611.11582056002,608161.3477791024
470,10296.12665,0.029401,0.0,100.0,10196.097249,520.0,362244.77257050405,0.0,244385.30773500857,606630.0803055126,362550.23195854237,0.0,245611.11582056002,608161.3477791024
471,10295.32589,0.021847000000000002,0.0,100.0,10195.304043,420.0,362244.77257050405,0.0,244385.30773500857,606630.0803055126,362550.23195854237,0.0,245611.11582056002,608161.3477791024
472,10294.52512,0.012385,0.0,100.0,10194.512735,320.0,362244.77257050405,0.0,244385.30773500857,606630.0803055126,362550.23195854237,0.0,245611.11582056002,608161.3477791024
473,10293.72435,0.001871,0.0,100.0,10193.722479,220.0,362244.77257050405,0.0,244385.30773500857,606630.0803055126,362550.23195854237,0.0,245611.11582056002,608161.3477791024
474,10292.92358,0.0,0.0,98.117443000001,10194.806137,121.882556999999,362244.77257050405,0.0,244385.30773500857,606630.0803055126,362550.23195854237,0.0,245611.11582056002,608161.3477791024
475,10291.81051,0.0,0.0,21.6419484999988,10270.1685615,100.2406085,362244.77257050405,0.0,244385.30773500857,606630.0803055126,362550.23195854237,0.0,245611.11582056002,608161.3477791024
476,10290.40917,0.0,0.0,20.2406085000002,10270.1685615,80.0,362244.77257050405,0.0,244385.30773500857,606630.0803055126,362550.23195854237,0.0,245611.11582056002,608161.3477791024
477,10289.00783,0.0,0.0,0.0,10289.00783,80.0,362244.77257050405,0.0,244385.30773500857,606630.0803055126,362550.23195854237,0.0,245611.11582056002,608161.3477791024
478,10287.60648,0.0,0.0,0.0,10287.60648,80.0,362244.77257050405,0.0,244385.30773500857,606630.0803055126,362550.23195854237,0.0,245611.11582056002,608161.3477791024
479,10286.20514,0.0,0.0,0.0,10286.20514,80.0,362244.77257050405,0.0,244385.30773500857,606630.0803055126,362550.23195854237,0.0,245611.11582056002,608161.3477791024
480,10284.95099,0.0,0.0,0.0,10284.95099,80.0,362244.77257050405,0.0,244385.30773500857,606630.0803055126,362550.23195854237,0.0,245611.11582056002,608161.3477791024
481,10283.95003,0.0,0.0,0.0,10283.95003,80.0,362244.77257050405,0.0,244385.30773500857,606630.0803055126,362550.23195854237,0.0,245611.11582056002,608161.3477791024
482,10282.94907,0.0,0.0,0.0,10282.94907,80.0,362244.77257050405,0.0,244385.30773500857,606630.0803055126,362550.23195854237,0.0,245611.11582056002,608161.3477791024
483,10281.94811,0.0,0.0,0.0,10281.94811,80.0,362244.77257050405,0.0,244385.30773500857,606630.0803055126,362550.23195854237,0.0,245611.11582056002,608161.3477791024
484,10280.94715,0.0,0.0,0.0,10280.94715,80.0,362244.77257050405,0.0,244385.30773500857,606630.0803055126,362550.23195854237,0.0,245611.11582056002,608161.3477791024
485,10279.60139,0.0,0.0,0.0,10279.60139,80.0,362244.77257050405,0.0,244385.30773500857,606630.0803055126,362550.23195854237,0.0,245611.11582056002,608161.3477791024
486,10276.99889,0.002239,0.0,0.0,10276.996651000001,80.0,362244.77257050405,0.0,244385.30773500857,606630.0803055126,362550.23195854237,0.0,245611.11582056002,608161.3477791024
487,10274.3964,0.012758,0.0,0.0,10274.383641999999,80.0,362244.77257050405,0.0,244385.30773500857,606630.0803055126,362550.23195854237,0.0,245611.11582056002,608161.3477791024
488,10271.7939,0.021787,0.0,0.0,10271.772113,80.0,362244.77257050405,0.0,244385.30773500857,606630.0803055126,362550.23195854237,0.0,245611.11582056002,608161.3477791024
489,10269.1914,0.02996,0.0,0.0,10269.16144,80.0,362244.77257050405,0.0,244385.30773500857,606630.0803055126,362550.23195854237,0.0,245611.11582056002,608161.3477791024
490,10266.61411,0.034998,0.0,0.0,10266.579112000001,80.0,362244.77257050405,0.0,244385.30773500857,606630.0803055126,362550.23195854237,0.0,245611.11582056002,608161.3477791024
491,10264.412,0.036891,0.0,0.0,10264.375109,80.0,362244.77257050405,0.0,244385.30773500857,606630.0803055126,362550.23195854237,0.0,245611.11582056002,608161.3477791024
492,10262.20988,0.035456,0.0,0.0,10262.174424,80.0,362244.77257050405,0.0,244385.30773500857,606630.0803055126,362550.23195854237,0.0,245611.11582056002,608161.3477791024
493,10260.00777,0.033796,0.0,0.0,10259.973974,80.0,362244.77257050405,0.0,244385.30773500857,606630.0803055126,362550.23195854237,0.0,245611.11582056002,608161.3477791024
494,10257.80566,0.028735,0.0,0.0,10257.776925,80.0,362244.77257050405,0.0,244385.30773500857,606630.0803055126,362550.23195854237,0.0,245611.11582056002,608161.3477791024
495,10255.60355,0.02156,0.0,0.0,10255.58199,80.0,362244.77257050405,0.0,244385.30773500857,606630.0803055126,362550.23195854237,0.0,245611.11582056002,608161.3477791024
496,10253.40143,0.011597,0.0,0.0,10253.389833,80.0,362244.77257050405,0.0,244385.30773500857,606630.0803055126,362550.23195854237,0.0,245611.11582056002,608161.3477791024
497,10251.19932,0.001833,0.0,0.0,10251.197487,80.0,362244.77257050405,0.0,244385.30773500857,606630.0803055126,362550.23195854237,0.0,245611.11582056002,608161.3477791024
498,10248.99721,0.0,0.0,0.0,10248.99721,80.0,362244.77257050405,0.0,244385.30773500857,606630.0803055126,362550.23195854237,0.0,245611.11582056002,608161.3477791024
499,10246.7951,0.0,0.0,0.0,10246.7951,80.0,362244.77257050405,0.0,244385.30773500857,606630.0803055126,362550.23195854237,0.0,245611.11582056002,608161.3477791024
500,10244.59298,0.0,0.0,0.0,10244.59298,80.0,362244.77257050405,0.0,244385.30773500857,606630.0803055126,362550.23195854237,0.0,245611.11582056002,608161.3477791024
501,10242.23908,0.0,0.0,0.0,10242.23908,80.0,362244.77257050405,0.0,244385.30773500857,606630.0803055126,362550.23195854237,0.0,245611.11582056002,608161.3477791024
502,10239.83677,0.0,0.0,0.0,10239.83677,80.0,362244.77257050405,0.0,244385.30773500857,606630.0803055126,362550.23195854237,0.0,245611.11582056002,608161.3477791024
503,10237.43447,0.0,0.0,0.0,10237.43447,80.0,362244.77257050405,0.0,244385.30773500857,606630.0803055126,362550.23195854237,0.0,245611.11582056002,608161.3477791024
504,10235.03216,0.0,0.0,0.0,10235.03216,80.0,362244.77257050405,0.0,244385.30773500857,606630.0803055126,362550.23195854237,0.0,245611.11582056002,608161.3477791024
505,10232.62986,0.0,0.0,0.0,10232.62986,80.0,362244.77257050405,0.0,244385.30773500857,606630.0803055126,362550.23195854237,0.0,245611.11582056002,608161.3477791024
506,10230.47014,0.0,0.0,0.0,10230.47014,80.0,362244.77257050405,0.0,244385.30773500857,606630.0803055126,362550.23195854237,0.0,245611.11582056002,608161.3477791024
507,10228.46822,0.0,0.0,0.0,10228.46822,80.0,362244.77257050405,0.0,244385.30773500857,606630.0803055126,362550.23195854237,0.0,245611.11582056002,608161.3477791024
508,10226.4663,0.0,0.0,0.0,10226.4663,80.0,362244.77257050405,0.0,244385.30773500857,606630.0803055126,362550.23195854237,0.0,245611.11582056002,608161.3477791024
509,10224.46438,0.0,0.0,0.0,10224.46438,80.0,362244.77257050405,0.0,244385.30773500857,606630.0803055126,362550.23195854237,0.0,245611.11582056002,608161.3477791024
510,10222.46246,0.0016220000000000002,0.0,0.0,10222.460838,80.0,362244.77257050405,0.0,244385.30773500857,606630.0803055126,362550.23195854237,0.0,245611.11582056002,608161.3477791024
511,10220.73292,0.009493,0.0,0.0,10220.723427,80.0,362244.77257050405,0.0,244385.30773500857,606630.0803055126,362550.23195854237,0.0,245611.11582056002,608161.3477791024
512,10219.33157,0.018479,0.0,0.0,10219.313091,80.0,362244.77257050405,0.0,244385.30773500857,606630.0803055126,362550.23195854237,0.0,245611.11582056002,608161.3477791024
513,10217.93023,0.022288000000000002,0.0,0.0,10217.907942,80.0,362244.77257050405,0.0,244385.30773500857,606630.0803055126,362550.23195854237,0.0,245611.11582056002,608161.3477791024
514,10216.52888,0.029922999999999998,0.0,0.0,10216.498957,80.0,362244.77257050405,0.0,244385.30773500857,606630.0803055126,362550.23195854237,0.0,245611.11582056002,608161.3477791024
515,10215.12754,0.033168,0.0,0.0,10215.094372,80.0,362244.77257050405,0.0,244385.30773500857,606630.0803055126,362550.23195854237,0.0,245611.11582056002,608161.3477791024
516,10213.6659,0.032898000000000004,0.0,0.0,10213.633002,80.0,362244.77257050405,0.0,244385.30773500857,606630.0803055126,362550.23195854237,0.0,245611.11582056002,608161.3477791024
517,10212.06437,0.032903,0.0,0.0,10212.031467,80.0,362244.77257050405,0.0,244385.30773500857,606630.0803055126,362550.23195854237,0.0,245611.11582056002,608161.3477791024
518,10210.46283,0.025383,0.0,0.0,10210.437447,80.0,362244.77257050405,0.0,244385.30773500857,606630.0803055126,362550.23195854237,0.0,245611.11582056002,608161.3477791024
519,10208.86129,0.016333,0.0,0.0,10208.844957000001,80.0,362244.77257050405,0.0,244385.30773500857,606630.0803055126,362550.23195854237,0.0,245611.11582056002,608161.3477791024
520,10207.25976,0.007147000000000001,0.0,0.0,10207.252613,80.0,362244.77257050405,0.0,244385.30773500857,606630.0803055126,362550.23195854237,0.0,245611.11582056002,608161.3477791024
521,10205.68801,0.001805,0.0,0.0,10205.686205,80.0,362244.77257050405,0.0,244385.30773500857,606630.0803055126,362550.23195854237,0.0,245611.11582056002,608161.3477791024
522,10204.28667,0.0,0.0,0.0,10204.28667,80.0,362244.77257050405,0.0,244385.30773500857,606630.0803055126,362550.23195854237,0.0,245611.11582056002,608161.3477791024
523,10202.88533,0.0,0.0,0.0,10202.88533,80.0,362244.77257050405,0.0,244385.30773500857,606630.0803055126,362550.23195854237,0.0,245611.11582056002,608161.3477791024
524,10201.48398,0.0,0.0,0.0,10201.48398,80.0,362244.77257050405,0.0,244385.30773500857,606630.0803055126,362550.23195854237,0.0,245611.11582056002,608161.3477791024
525,10200.08264,0.0,0.0,0.0,10200.08264,80.0,362244.77257050405,0.0,244385.30773500857,606630.0803055126,362550.23195854237,0.0,245611.11582056002,608161.3477791024
526,10198.68129,0.0,0.0,0.0,10198.68129,80.0,362244.77257050405,0.0,244385.30773500857,606630.0803055126,362550.23195854237,0.0,245611.11582056002,608161.3477791024
527,10197.08046,0.0,0.0,0.0,10197.08046,80.0,362244.77257050405,0.0,244385.30773500857,606630.0803055126,362550.23195854237,0.0,245611.11582056002,608161.3477791024
528,10195.47893,0.0,0.0,0.0,10195.47893,80.0,362244.77257050405,0.0,244385.30773500857,606630.0803055126,362550.23195854237,0.0,245611.11582056002,608161.3477791024
529,10193.87739,0.0,0.0,0.0,10193.87739,80.0,362244.77257050405,0.0,244385.30773500857,606630.0803055126,362550.23195854237,0.0,245611.11582056002,608161.3477791024
530,10192.27585,0.0,0.0,0.0,10192.27585,80.0,362244.77257050405,0.0,244385.30773500857,606630.0803055126,362550.23195854237,0.0,245611.11582056002,608161.3477791024
531,10190.67432,0.0,0.0,0.0,10190.67432,80.0,362244.77257050405,0.0,244385.30773500857,606630.0803055126,362550.23195854237,0.0,245611.11582056002,608161.3477791024
532,10189.41075,0.0,0.0,0.0,10189.41075,80.0,362244.77257050405,0.0,244385.30773500857,606630.0803055126,362550.23195854237,0.0,245611.11582056002,608161.3477791024
533,10188.2096,0.0,27.2727272727273,0.0,10215.482327272728,104.0,362244.77257050405,0.0,244385.30773500857,606630.0803055126,362550.23195854237,0.0,245611.11582056002,608161.3477791024
534,10187.00845,0.001075,100.0,0.0,10287.007375,192.0,362244.77257050405,0.0,244385.30773500857,606630.0803055126,362550.23195854237,0.0,245611.11582056002,608161.3477791024
535,10185.8073,0.003557,100.0,0.0,10285.803743,280.0,362244.77257050405,0.0,244385.30773500857,606630.0803055126,362550.23195854237,0.0,245611.11582056002,608161.3477791024
536,10184.60614,0.006541000000000001,100.0,0.0,10284.599599,368.0,362244.77257050405,0.0,244385.30773500857,606630.0803055126,362550.23195854237,0.0,245611.11582056002,608161.3477791024
537,10183.26651,0.008685,100.0,0.0,10283.257824999999,456.0,362244.77257050405,0.0,244385.30773500857,606630.0803055126,362550.23195854237,0.0,245611.11582056002,608161.3477791024
538,10181.86516,0.011599,100.0,0.0,10281.853561,544.0,362244.77257050405,0.0,244385.30773500857,606630.0803055126,362550.23195854237,0.0,245611.11582056002,608161.3477791024
539,10180.46382,0.016027000000000003,100.0,0.0,10280.447793000001,632.0,362244.77257050405,0.0,244385.30773500857,606630.0803055126,362550.23195854237,0.0,245611.11582056002,608161.3477791024
540,10179.06247,0.027944,100.0,0.0,10279.034526000001,720.0,362244.77257050405,0.0,244385.30773500857,606630.0803055126,362550.23195854237,0.0,245611.11582056002,608161.3477791024
541,10177.66113,0.013391,0.0,100.0,10077.647739,620.0,362244.77257050405,0.0,244385.30773500857,606630.0803055126,362550.23195854237,0.0,245611.11582056002,608161.3477791024
542,10175.82784,0.014634000000000001,0.0,100.0,10075.813206,520.0,362244.77257050405,0.0,244385.30773500857,606630.0803055126,362550.23195854237,0.0,245611.11582056002,608161.3477791024
543,10173.62573,0.006854,0.0,100.0,10073.618876,420.0,362244.77257050405,0.0,244385.30773500857,606630.0803055126,362550.23195854237,0.0,245611.11582056002,608161.3477791024
544,10171.42361,0.0032770000000000004,0.0,100.0,10071.420333,320.0,362244.77257050405,0.0,244385.30773500857,606630.0803055126,362550.23195854237,0.0,245611.11582056002,608161.3477791024
545,10169.2215,0.0008070000000000001,0.0,100.0,10069.220693,220.0,362244.77257050405,0.0,244385.30773500857,606630.0803055126,362550.23195854237,0.0,245611.11582056002,608161.3477791024
546,10167.01939,0.0,0.0,100.0,10067.01939,120.0,362244.77257050405,0.0,244385.30773500857,606630.0803055126,362550.23195854237,0.0,245611.11582056002,608161.3477791024
547,10164.66231,0.0,0.0,40.0,10124.66231,80.0,362244.77257050405,0.0,244385.30773500857,606630.0803055126,362550.23195854237,0.0,245611.11582056002,608161.3477791024
548,10162.05981,0.0,0.0,0.0,10162.05981,80.0,362244.77257050405,0.0,244385.30773500857,606630.0803055126,362550.23195854237,0.0,245611.11582056002,608161.3477791024
549,10159.45731,0.0,0.0,0.0,10159.45731,80.0,362244.77257050405,0.0,244385.30773500857,606630.0803055126,362550.23195854237,0.0,245611.11582056002,608161.3477791024
550,10156.85482,0.0,0.0,0.0,10156.85482,80.0,362244.77257050405,0.0,244385.30773500857,606630.0803055126,362550.23195854237,0.0,245611.11582056002,608161.3477791024
551,10154.25232,0.0,0.0,0.0,10154.25232,80.0,362244.77257050405,0.0,244385.30773500857,606630.0803055126,362550.23195854237,0.0,245611.11582056002,608161.3477791024
552,10151.69681,0.0,0.0,0.0,10151.69681,80.0,362244.77257050405,0.0,244385.30773500857,606630.0803055126,362550.23195854237,0.0,245611.11582056002,608161.3477791024
553,10149.2945,0.0,0.0,0.0,10149.2945,80.0,362244.77257050405,0.0,244385.30773500857,606630.0803055126,362550.23195854237,0.0,245611.11582056002,608161.3477791024
554,10146.8922,0.0,0.0,0.0,10146.8922,80.0,362244.77257050405,0.0,244385.30773500857,606630.0803055126,362550.23195854237,0.0,245611.11582056002,608161.3477791024
555,10144.48989,0.0,0.0,0.0,10144.48989,80.0,362244.77257050405,0.0,244385.30773500857,606630.0803055126,362550.23195854237,0.0,245611.11582056002,608161.3477791024
556,10142.08759,0.0,0.0,0.0,10142.08759,80.0,362244.77257050405,0.0,244385.30773500857,606630.0803055126,362550.23195854237,0.0,245611.11582056002,608161.3477791024
557,10139.70177,0.0,27.2727272727273,0.0,10166.974497272728,104.0,362244.77257050405,0.0,244385.30773500857,606630.0803055126,362550.23195854237,0.0,245611.11582056002,608161.3477791024
558,10137.49966,0.002206,100.0,0.0,10237.497454,192.0,362244.77257050405,0.0,244385.30773500857,606630.0803055126,362550.23195854237,0.0,245611.11582056002,608161.3477791024
559,10135.29755,0.008297,100.0,0.0,10235.289252999999,280.0,362244.77257050405,0.0,244385.30773500857,606630.0803055126,362550.23195854237,0.0,245611.11582056002,608161.3477791024
560,10133.09543,0.009942000000000001,100.0,0.0,10233.085487999999,368.0,362244.77257050405,0.0,244385.30773500857,606630.0803055126,362550.23195854237,0.0,245611.11582056002,608161.3477791024
561,10130.89332,0.019062000000000003,100.0,0.0,10230.874258,456.0,362244.77257050405,0.0,244385.30773500857,606630.0803055126,362550.23195854237,0.0,245611.11582056002,608161.3477791024
562,10128.69121,0.029755,100.0,0.0,10228.661455000001,544.0,362244.77257050405,0.0,244385.30773500857,606630.0803055126,362550.23195854237,0.0,245611.11582056002,608161.3477791024
563,10126.30292,0.031823000000000004,100.0,0.0,10226.271097,632.0,362244.77257050405,0.0,244385.30773500857,606630.0803055126,362550.23195854237,0.0,245611.11582056002,608161.3477791024
564,10123.90061,0.039052,100.0,0.0,10223.861558,720.0,362244.77257050405,0.0,244385.30773500857,606630.0803055126,362550.23195854237,0.0,245611.11582056002,608161.3477791024
565,10121.49831,0.035088,0.0,100.0,10021.463222,620.0,362244.77257050405,0.0,244385.30773500857,606630.0803055126,362550.23195854237,0.0,245611.11582056002,608161.3477791024
566,10119.09601,0.028897,0.0,100.0,10019.067113,520.0,362244.77257050405,0.0,244385.30773500857,606630.0803055126,362550.23195854237,0.0,245611.11582056002,608161.3477791024
567,10116.6937,0.020757,0.0,100.0,10016.672943,420.0,362244.77257050405,0.0,244385.30773500857,606630.0803055126,362550.23195854237,0.0,245611.11582056002,608161.3477791024
568,10115.22547,0.011864000000000001,0.0,100.0,10015.213606,320.0,362244.77257050405,0.0,244385.30773500857,606630.0803055126,362550.23195854237,0.0,245611.11582056002,608161.3477791024
569,10114.02432,0.0016719999999999999,0.0,100.0,10014.022648,220.0,362244.77257050405,0.0,244385.30773500857,606630.0803055126,362550.23195854237,0.0,245611.11582056002,608161.3477791024
570,10112.82316,0.0,0.0,100.0,10012.82316,120.0,362244.77257050405,0.0,244385.30773500857,606630.0803055126,362550.23195854237,0.0,245611.11582056002,608161.3477791024
571,10111.62201,0.0,0.0,40.0,10071.62201,80.0,362244.77257050405,0.0,244385.30773500857,606630.0803055126,362550.23195854237,0.0,245611.11582056002,608161.3477791024
572,10110.42086,0.0,0.0,0.0,10110.42086,80.0,362244.77257050405,0.0,244385.30773500857,606630.0803055126,362550.23195854237,0.0,245611.11582056002,608161.3477791024
573,10109.09453,0.0,0.0,0.0,10109.09453,80.0,362244.77257050405,0.0,244385.30773500857,606630.0803055126,362550.23195854237,0.0,245611.11582056002,608161.3477791024
574,10107.69318,0.0,0.0,0.0,10107.69318,80.0,362244.77257050405,0.0,244385.30773500857,606630.0803055126,362550.23195854237,0.0,245611.11582056002,608161.3477791024
575,10106.29184,0.0,0.0,0.0,10106.29184,80.0,362244.77257050405,0.0,244385.30773500857,606630.0803055126,362550.23195854237,0.0,245611.11582056002,608161.3477791024
576,10104.8905,0.0,0.0,0.0,10104.8905,80.0,362244.77257050405,0.0,244385.30773500857,606630.0803055126,362550.23195854237,0.0,245611.11582056002,608161.3477791024
577,10103.48915,0.0,0.0,0.0,10103.48915,80.0,362244.77257050405,0.0,244385.30773500857,606630.0803055126,362550.23195854237,0.0,245611.11582056002,608161.3477791024
578,10102.18249,0.0,0.0,0.0,10102.18249,80.0,362244.77257050405,0.0,244385.30773500857,606630.0803055126,362550.23195854237,0.0,245611.11582056002,608161.3477791024
579,10100.98133,0.0,0.0,0.0,10100.98133,80.0,362244.77257050405,0.0,244385.30773500857,606630.0803055126,362550.23195854237,0.0,245611.11582056002,608161.3477791024
580,10099.78018,0.0,0.0,0.0,10099.78018,80.0,362244.77257050405,0.0,244385.30773500857,606630.0803055126,362550.23195854237,0.0,245611.11582056002,608161.3477791024
581,10098.57903,0.0,27.2727272727273,0.0,10125.851757272729,104.0,362244.77257050405,0.0,244385.30773500857,606630.0803055126,362550.23195854237,0.0,245611.11582056002,608161.3477791024
582,10097.37788,0.00235,100.0,0.0,10197.37553,192.0,362244.77257050405,0.0,244385.30773500857,606630.0803055126,362550.23195854237,0.0,245611.11582056002,608161.3477791024
583,10096.11255,0.009651,100.0,0.0,10196.102899,280.0,362244.77257050405,0.0,244385.30773500857,606630.0803055126,362550.23195854237,0.0,245611.11582056002,608161.3477791024
584,10094.7112,0.020994,100.0,0.0,10194.690206,368.0,362244.77257050405,0.0,244385.30773500857,606630.0803055126,362550.23195854237,0.0,245611.11582056002,608161.3477791024
585,10093.30986,0.030706,100.0,0.0,10193.279154,456.0,362244.77257050405,0.0,244385.30773500857,606630.0803055126,362550.23195854237,0.0,245611.11582056002,608161.3477791024
586,10091.90851,0.035828000000000006,100.0,0.0,10191.872682,544.0,362244.77257050405,0.0,244385.30773500857,606630.0803055126,362550.23195854237,0.0,245611.11582056002,608161.3477791024
587,10090.50717,0.038414000000000004,100.0,0.0,10190.468756,632.0,362244.77257050405,0.0,244385.30773500857,606630.0803055126,362550.23195854237,0.0,245611.11582056002,608161.3477791024
588,10089.1395,0.037966,100.0,0.0,10189.101534,720.0,362244.77257050405,0.0,244385.30773500857,606630.0803055126,362550.23195854237,0.0,245611.11582056002,608161.3477791024
589,10087.93835,0.03496200000000001,0.0,100.0,9987.903388,620.0,362244.77257050405,0.0,244385.30773500857,606630.0803055126,362550.23195854237,0.0,245611.11582056002,608161.3477791024
590,10086.7372,0.02929,0.0,100.0,9986.70791,520.0,362244.77257050405,0.0,244385.30773500857,606630.0803055126,362550.23195854237,0.0,245611.11582056002,608161.3477791024
591,10085.53605,0.021478,0.0,100.0,9985.514572,420.0,362244.77257050405,0.0,244385.30773500857,606630.0803055126,362550.23195854237,0.0,245611.11582056002,608161.3477791024
592,10084.33489,0.011912,0.0,100.0,9984.322978,320.0,362244.77257050405,0.0,244385.30773500857,606630.0803055126,362550.23195854237,0.0,245611.11582056002,608161.3477791024
593,10083.13374,0.001598,0.0,100.0,9983.132141999999,220.0,362244.77257050405,0.0,244385.30773500857,606630.0803055126,362550.23195854237,0.0,245611.11582056002,608161.3477791024
594,10081.93259,0.0,0.0,100.0,9981.93259,120.0,362244.77257050405,0.0,244385.30773500857,606630.0803055126,362550.23195854237,0.0,245611.11582056002,608161.3477791024
595,10080.73144,0.0,0.0,40.0,10040.73144,80.0,362244.77257050405,0.0,244385.30773500857,606630.0803055126,362550.23195854237,0.0,245611.11582056002,608161.3477791024
596,10079.53028,0.0,0.0,0.0,10079.53028,80.0,362244.77257050405,0.0,244385.30773500857,606630.0803055126,362550.23195854237,0.0,245611.11582056002,608161.3477791024
597,10078.32913,0.0,0.0,0.0,10078.32913,80.0,362244.77257050405,0.0,244385.30773500857,606630.0803055126,362550.23195854237,0.0,245611.11582056002,608161.3477791024
598,10077.12798,0.0,0.0,0.0,10077.12798,80.0,362244.77257050405,0.0,244385.30773500857,606630.0803055126,362550.23195854237,0.0,245611.11582056002,608161.3477791024
599,10076.27257,0.0,0.0,0.0,10076.27257,80.0,362244.77257050405,0.0,244385.30773500857,606630.0803055126,362550.23195854237,0.0,245611.11582056002,608161.3477791024
600,10075.4718,0.0,0.0,0.0,10075.4718,80.0,362244.77257050405,0.0,244385.30773500857,606630.0803055126,362550.23195854237,0.0,245611.11582056002,608161.3477791024
601,10074.67104,0.0,0.0,0.0,10074.67104,80.0,362244.77257050405,0.0,244385.30773500857,606630.0803055126,362550.23195854237,0.0,245611.11582056002,608161.3477791024
602,10073.87027,0.0,0.0,0.0,10073.87027,80.0,362244.77257050405,0.0,244385.30773500857,606630.0803055126,362550.23195854237,0.0,245611.11582056002,608161.3477791024
603,10073.0695,0.0,0.0,0.0,10073.0695,80.0,362244.77257050405,0.0,244385.30773500857,606630.0803055126,362550.23195854237,0.0,245611.11582056002,608161.3477791024
604,10071.69924,0.0,0.0,0.0,10071.69924,80.0,362244.77257050405,0.0,244385.30773500857,606630.0803055126,362550.23195854237,0.0,245611.11582056002,608161.3477791024
605,10070.09771,0.0,27.2727272727273,0.0,10097.370437272728,104.0,362244.77257050405,0.0,244385.30773500857,606630.0803055126,362550.23195854237,0.0,245611.11582056002,608161.3477791024
606,10068.49617,0.0022240000000000003,100.0,0.0,10168.493946,192.0,362244.77257050405,0.0,244385.30773500857,606630.0803055126,362550.23195854237,0.0,245611.11582056002,608161.3477791024
607,10066.89463,0.013172000000000001,100.0,0.0,10166.881458,280.0,362244.77257050405,0.0,244385.30773500857,606630.0803055126,362550.23195854237,0.0,245611.11582056002,608161.3477791024
608,10065.2931,0.02336,100.0,0.0,10165.269740000002,368.0,362244.77257050405,0.0,244385.30773500857,606630.0803055126,362550.23195854237,0.0,245611.11582056002,608161.3477791024
609,10063.57969,0.030843,100.0,0.0,10163.548847,456.0,362244.77257050405,0.0,244385.30773500857,606630.0803055126,362550.23195854237,0.0,245611.11582056002,608161.3477791024
610,10061.77796,0.036341000000000005,100.0,0.0,10161.741618999999,544.0,362244.77257050405,0.0,244385.30773500857,606630.0803055126,362550.23195854237,0.0,245611.11582056002,608161.3477791024
611,10059.97623,0.037359,100.0,0.0,10159.938871,632.0,362244.77257050405,0.0,244385.30773500857,606630.0803055126,362550.23195854237,0.0,245611.11582056002,608161.3477791024
612,10058.1745,0.037527000000000005,100.0,0.0,10158.136972999999,720.0,362244.77257050405,0.0,244385.30773500857,606630.0803055126,362550.23195854237,0.0,245611.11582056002,608161.3477791024
613,10056.37278,0.034677,0.0,100.0,9956.338103,620.0,362244.77257050405,0.0,244385.30773500857,606630.0803055126,362550.23195854237,0.0,245611.11582056002,608161.3477791024
614,10055.05928,0.030121,0.0,100.0,9955.029159,520.0,362244.77257050405,0.0,244385.30773500857,606630.0803055126,362550.23195854237,0.0,245611.11582056002,608161.3477791024
615,10054.4587,0.021994,0.0,100.0,9954.436705999999,420.0,362244.77257050405,0.0,244385.30773500857,606630.0803055126,362550.23195854237,0.0,245611.11582056002,608161.3477791024
616,10053.85813,0.011351000000000002,0.0,100.0,9953.846779000001,320.0,362244.77257050405,0.0,244385.30773500857,606630.0803055126,362550.23195854237,0.0,245611.11582056002,608161.3477791024
617,10053.25755,0.001442,0.0,100.0,9953.256108,220.0,362244.77257050405,0.0,244385.30773500857,606630.0803055126,362550.23195854237,0.0,245611.11582056002,608161.3477791024
618,10052.65698,0.0,0.0,100.0,9952.65698,120.0,362244.77257050405,0.0,244385.30773500857,606630.0803055126,362550.23195854237,0.0,245611.11582056002,608161.3477791024
619,10051.90378,0.0,0.0,40.0,10011.90378,80.0,362244.77257050405,0.0,244385.30773500857,606630.0803055126,362550.23195854237,0.0,245611.11582056002,608161.3477791024
620,10050.70263,0.0,0.0,0.0,10050.70263,80.0,362244.77257050405,0.0,244385.30773500857,606630.0803055126,362550.23195854237,0.0,245611.11582056002,608161.3477791024
621,10049.50148,0.0,0.0,0.0,10049.50148,80.0,362244.77257050405,0.0,244385.30773500857,606630.0803055126,362550.23195854237,0.0,245611.11582056002,608161.3477791024
622,10048.30033,0.0,0.0,0.0,10048.30033,80.0,362244.77257050405,0.0,244385.30773500857,606630.0803055126,362550.23195854237,0.0,245611.11582056002,608161.3477791024
623,10047.09917,0.0,0.0,0.0,10047.09917,80.0,362244.77257050405,0.0,244385.30773500857,606630.0803055126,362550.23195854237,0.0,245611.11582056002,608161.3477791024
624,10045.79616,0.0,0.0,0.0,10045.79616,80.0,362244.77257050405,0.0,244385.30773500857,606630.0803055126,362550.23195854237,0.0,245611.11582056002,608161.3477791024
625,10043.59405,0.0,0.0,0.0,10043.59405,80.0,362244.77257050405,0.0,244385.30773500857,606630.0803055126,362550.23195854237,0.0,245611.11582056002,608161.3477791024
626,10041.39193,0.0,0.0,0.0,10041.39193,80.0,362244.77257050405,0.0,244385.30773500857,606630.0803055126,362550.23195854237,0.0,245611.11582056002,608161.3477791024
627,10039.18982,0.0,0.0,0.0,10039.18982,80.0,362244.77257050405,0.0,244385.30773500857,606630.0803055126,362550.23195854237,0.0,245611.11582056002,608161.3477791024
628,10036.98771,0.0,0.0,0.0,10036.98771,80.0,362244.77257050405,0.0,244385.30773500857,606630.0803055126,362550.23195854237,0.0,245611.11582056002,608161.3477791024
629,10034.7856,0.0,27.2727272727273,0.0,10062.058327272727,104.0,362244.77257050405,0.0,244385.30773500857,606630.0803055126,362550.23195854237,0.0,245611.11582056002,608161.3477791024
630,10033.34374,0.002202,100.0,0.0,10133.341538,192.0,362244.77257050405,0.0,244385.30773500857,606630.0803055126,362550.23195854237,0.0,245611.11582056002,608161.3477791024
631,10031.9424,0.013497,100.0,0.0,10131.928903,280.0,362244.77257050405,0.0,244385.30773500857,606630.0803055126,362550.23195854237,0.0,245611.11582056002,608161.3477791024
632,10030.54105,0.02427,100.0,0.0,10130.51678,368.0,362244.77257050405,0.0,244385.30773500857,606630.0803055126,362550.23195854237,0.0,245611.11582056002,608161.3477791024
633,10029.13971,0.031299,100.0,0.0,10129.108411,456.0,362244.77257050405,0.0,244385.30773500857,606630.0803055126,362550.23195854237,0.0,245611.11582056002,608161.3477791024
634,10027.73837,0.03512,100.0,0.0,10127.703249999999,544.0,362244.77257050405,0.0,244385.30773500857,606630.0803055126,362550.23195854237,0.0,245611.11582056002,608161.3477791024
635,10026.17746,0.037347000000000005,100.0,0.0,10126.140113000001,632.0,362244.77257050405,0.0,244385.30773500857,606630.0803055126,362550.23195854237,0.0,245611.11582056002,608161.3477791024
636,10024.57592,0.037593,100.0,0.0,10124.538327,720.0,362244.77257050405,0.0,244385.30773500857,606630.0803055126,362550.23195854237,0.0,245611.11582056002,608161.3477791024
637,10022.97438,0.035675,0.0,100.0,9922.938705,620.0,362244.77257050405,0.0,244385.30773500857,606630.0803055126,362550.23195854237,0.0,245611.11582056002,608161.3477791024
638,10021.37285,0.030848,0.0,100.0,9921.342002,520.0,362244.77257050405,0.0,244385.30773500857,606630.0803055126,362550.23195854237,0.0,245611.11582056002,608161.3477791024
639,10019.77131,0.022366,0.0,100.0,9919.748944,420.0,362244.77257050405,0.0,244385.30773500857,606630.0803055126,362550.23195854237,0.0,245611.11582056002,608161.3477791024
640,10018.16977,0.011845000000000001,0.0,100.0,9918.157925,320.0,362244.77257050405,0.0,244385.30773500857,606630.0803055126,362550.23195854237,0.0,245611.11582056002,608161.3477791024
641,10016.56824,0.001348,0.0,100.0,9916.566892,220.0,362244.77257050405,0.0,244385.30773500857,606630.0803055126,362550.23195854237,0.0,245611.11582056002,608161.3477791024
642,10014.9667,0.0,0.0,100.0,9914.9667,120.0,362244.77257050405,0.0,244385.30773500857,606630.0803055126,362550.23195854237,0.0,245611.11582056002,608161.3477791024
643,10013.36517,0.0,0.0,40.0,9973.36517,80.0,362244.77257050405,0.0,244385.30773500857,606630.0803055126,362550.23195854237,0.0,245611.11582056002,608161.3477791024
644,10011.76363,0.0,0.0,0.0,10011.76363,80.0,362244.77257050405,0.0,244385.30773500857,606630.0803055126,362550.23195854237,0.0,245611.11582056002,608161.3477791024
645,10010.26066,0.0,0.0,0.0,10010.26066,80.0,362244.77257050405,0.0,244385.30773500857,606630.0803055126,362550.23195854237,0.0,245611.11582056002,608161.3477791024
646,10008.85931,0.0,0.0,0.0,10008.85931,80.0,362244.77257050405,0.0,244385.30773500857,606630.0803055126,362550.23195854237,0.0,245611.11582056002,608161.3477791024
647,10007.45797,0.0,0.0,0.0,10007.45797,80.0,362244.77257050405,0.0,244385.30773500857,606630.0803055126,362550.23195854237,0.0,245611.11582056002,608161.3477791024
648,10006.05663,0.0,0.0,0.0,10006.05663,80.0,362244.77257050405,0.0,244385.30773500857,606630.0803055126,362550.23195854237,0.0,245611.11582056002,608161.3477791024
649,10004.65528,0.0,0.0,0.0,10004.65528,80.0,362244.77257050405,0.0,244385.30773500857,606630.0803055126,362550.23195854237,0.0,245611.11582056002,608161.3477791024
650,10003.25394,0.0,0.0,0.0,10003.25394,80.0,362244.77257050405,0.0,244385.30773500857,606630.0803055126,362550.23195854237,0.0,245611.11582056002,608161.3477791024
651,10001.85259,0.0,0.0,0.0,10001.85259,80.0,362244.77257050405,0.0,244385.30773500857,606630.0803055126,362550.23195854237,0.0,245611.11582056002,608161.3477791024
652,10000.45125,0.0,0.0,0.0,10000.45125,80.0,362244.77257050405,0.0,244385.30773500857,606630.0803055126,362550.23195854237,0.0,245611.11582056002,608161.3477791024
653,9999.049904,0.0,0.0,0.0,9999.049904,80.0,362244.77257050405,0.0,244385.30773500857,606630.0803055126,362550.23195854237,0.0,245611.11582056002,608161.3477791024
654,9997.648559,0.001773,0.0,0.0,9997.646786,80.0,362244.77257050405,0.0,244385.30773500857,606630.0803055126,362550.23195854237,0.0,245611.11582056002,608161.3477791024
655,9996.20965,0.01226,0.0,0.0,9996.197390000001,80.0,362244.77257050405,0.0,244385.30773500857,606630.0803055126,362550.23195854237,0.0,245611.11582056002,608161.3477791024
656,9994.608113,0.022574000000000004,0.0,0.0,9994.585539,80.0,362244.77257050405,0.0,244385.30773500857,606630.0803055126,362550.23195854237,0.0,245611.11582056002,608161.3477791024
657,9993.006577,0.030577000000000003,0.0,0.0,9992.976,80.0,362244.77257050405,0.0,244385.30773500857,606630.0803055126,362550.23195854237,0.0,245611.11582056002,608161.3477791024
658,9991.40504,0.03621800000000001,0.0,0.0,9991.368822,80.0,362244.77257050405,0.0,244385.30773500857,606630.0803055126,362550.23195854237,0.0,245611.11582056002,608161.3477791024
659,9989.803504,0.038575000000000005,0.0,0.0,9989.764928999999,80.0,362244.77257050405,0.0,244385.30773500857,606630.0803055126,362550.23195854237,0.0,245611.11582056002,608161.3477791024
660,9988.194902,0.037693,0.0,0.0,9988.157208999999,80.0,362244.77257050405,0.0,244385.30773500857,606630.0803055126,362550.23195854237,0.0,245611.11582056002,608161.3477791024
661,9986.393174,0.034914,0.0,0.0,9986.35826,80.0,362244.77257050405,0.0,244385.30773500857,606630.0803055126,362550.23195854237,0.0,245611.11582056002,608161.3477791024
662,9984.591445,0.026267,0.0,0.0,9984.565178,80.0,362244.77257050405,0.0,244385.30773500857,606630.0803055126,362550.23195854237,0.0,245611.11582056002,608161.3477791024
663,9982.789717,0.016939,0.0,0.0,9982.772778,80.0,362244.77257050405,0.0,244385.30773500857,606630.0803055126,362550.23195854237,0.0,245611.11582056002,608161.3477791024
664,9980.987989,0.011474999999999999,0.0,0.0,9980.976514,80.0,362244.77257050405,0.0,244385.30773500857,606630.0803055126,362550.23195854237,0.0,245611.11582056002,608161.3477791024
665,9979.18626,0.001067,0.0,0.0,9979.185193000001,80.0,362244.77257050405,0.0,244385.30773500857,606630.0803055126,362550.23195854237,0.0,245611.11582056002,608161.3477791024
666,9977.207774,0.0,0.0,0.0,9977.207774,80.0,362244.77257050405,0.0,244385.30773500857,606630.0803055126,362550.23195854237,0.0,245611.11582056002,608161.3477791024
667,9975.205853,0.0,0.0,0.0,9975.205853,80.0,362244.77257050405,0.0,244385.30773500857,606630.0803055126,362550.23195854237,0.0,245611.11582056002,608161.3477791024
668,9973.203933,0.0,0.0,0.0,9973.203933,80.0,362244.77257050405,0.0,244385.30773500857,606630.0803055126,362550.23195854237,0.0,245611.11582056002,608161.3477791024
669,9971.202013,0.0,0.0,0.0,9971.202013,80.0,362244.77257050405,0.0,244385.30773500857,606630.0803055126,362550.23195854237,0.0,245611.11582056002,608161.3477791024
670,9969.200092,0.0,0.0,0.0,9969.200092,80.0,362244.77257050405,0.0,244385.30773500857,606630.0803055126,362550.23195854237,0.0,245611.11582056002,608161.3477791024
671,9966.466882,0.0,0.0,0.0,9966.466882,80.0,362244.77257050405,0.0,244385.30773500857,606630.0803055126,362550.23195854237,0.0,245611.11582056002,608161.3477791024
672,9963.464001,0.0,0.0,0.0,9963.464001,80.0,362244.77257050405,0.0,244385.30773500857,606630.0803055126,362550.23195854237,0.0,245611.11582056002,608161.3477791024
673,9960.461121,0.0,0.0,0.0,9960.461121,80.0,362244.77257050405,0.0,244385.30773500857,606630.0803055126,362550.23195854237,0.0,245611.11582056002,608161.3477791024
674,9957.45824,0.0,0.0,0.0,9957.45824,80.0,362244.77257050405,0.0,244385.30773500857,606630.0803055126,362550.23195854237,0.0,245611.11582056002,608161.3477791024
675,9954.455359,0.0,0.0,0.0,9954.455359,80.0,362244.77257050405,0.0,244385.30773500857,606630.0803055126,362550.23195854237,0.0,245611.11582056002,608161.3477791024
676,9952.378543,0.0,0.0,0.0,9952.378543,80.0,362244.77257050405,0.0,244385.30773500857,606630.0803055126,362550.23195854237,0.0,245611.11582056002,608161.3477791024
677,9950.977199,0.0,0.0,0.0,9950.977199,80.0,362244.77257050405,0.0,244385.30773500857,606630.0803055126,362550.23195854237,0.0,245611.11582056002,608161.3477791024
678,9949.575855,0.002069,0.0,0.0,9949.573785999999,80.0,362244.77257050405,0.0,244385.30773500857,606630.0803055126,362550.23195854237,0.0,245611.11582056002,608161.3477791024
679,9948.174511,0.011545999999999999,0.0,0.0,9948.162965,80.0,362244.77257050405,0.0,244385.30773500857,606630.0803055126,362550.23195854237,0.0,245611.11582056002,608161.3477791024
680,9946.773166,0.022393,0.0,0.0,9946.750773000002,80.0,362244.77257050405,0.0,244385.30773500857,606630.0803055126,362550.23195854237,0.0,245611.11582056002,608161.3477791024
681,9945.116047,0.031962,0.0,0.0,9945.084085,80.0,362244.77257050405,0.0,244385.30773500857,606630.0803055126,362550.23195854237,0.0,245611.11582056002,608161.3477791024
682,9943.114127,0.025988,0.0,0.0,9943.088139000001,80.0,362244.77257050405,0.0,244385.30773500857,606630.0803055126,362550.23195854237,0.0,245611.11582056002,608161.3477791024
683,9941.112206,0.035549,0.0,0.0,9941.076657,80.0,362244.77257050405,0.0,244385.30773500857,606630.0803055126,362550.23195854237,0.0,245611.11582056002,608161.3477791024
684,9939.110286,0.035979,0.0,0.0,9939.074306999999,80.0,362244.77257050405,0.0,244385.30773500857,606630.0803055126,362550.23195854237,0.0,245611.11582056002,608161.3477791024
685,9937.108365,0.033821,0.0,0.0,9937.074544,80.0,362244.77257050405,0.0,244385.30773500857,606630.0803055126,362550.23195854237,0.0,245611.11582056002,608161.3477791024
686,9935.106445,0.028907000000000002,0.0,0.0,9935.077538,80.0,362244.77257050405,0.0,244385.30773500857,606630.0803055126,362550.23195854237,0.0,245611.11582056002,608161.3477791024
687,9933.104524,0.011321,0.0,0.0,9933.093203,80.0,362244.77257050405,0.0,244385.30773500857,606630.0803055126,362550.23195854237,0.0,245611.11582056002,608161.3477791024
688,9931.102604,0.002367,0.0,0.0,9931.100237,80.0,362244.77257050405,0.0,244385.30773500857,606630.0803055126,362550.23195854237,0.0,245611.11582056002,608161.3477791024
689,9929.100684,0.000229,0.0,0.0,9929.100455,80.0,362244.77257050405,0.0,244385.30773500857,606630.0803055126,362550.23195854237,0.0,245611.11582056002,608161.3477791024
690,9927.098763,0.0,0.0,0.0,9927.098763,80.0,362244.77257050405,0.0,244385.30773500857,606630.0803055126,362550.23195854237,0.0,245611.11582056002,608161.3477791024
691,9925.072584,0.0,0.0,0.0,9925.072584,80.0,362244.77257050405,0.0,244385.30773500857,606630.0803055126,362550.23195854237,0.0,245611.11582056002,608161.3477791024
692,9922.870472,0.0,0.0,0.0,9922.870472,80.0,362244.77257050405,0.0,244385.30773500857,606630.0803055126,362550.23195854237,0.0,245611.11582056002,608161.3477791024
693,9920.668359,0.0,0.0,0.0,9920.668359,80.0,362244.77257050405,0.0,244385.30773500857,606630.0803055126,362550.23195854237,0.0,245611.11582056002,608161.3477791024
694,9918.466247,0.0,0.0,0.0,9918.466247,80.0,362244.77257050405,0.0,244385.30773500857,606630.0803055126,362550.23195854237,0.0,245611.11582056002,608161.3477791024
695,9916.264134,0.0,0.0,0.0,9916.264134,80.0,362244.77257050405,0.0,244385.30773500857,606630.0803055126,362550.23195854237,0.0,245611.11582056002,608161.3477791024
696,9914.062022,0.0,0.0,0.0,9914.062022,80.0,362244.77257050405,0.0,244385.30773500857,606630.0803055126,362550.23195854237,0.0,245611.11582056002,608161.3477791024
697,9911.859909,0.0,0.0,0.0,9911.859909,80.0,362244.77257050405,0.0,244385.30773500857,606630.0803055126,362550.23195854237,0.0,245611.11582056002,608161.3477791024
698,9909.657797,0.0,0.0,0.0,9909.657797,80.0,362244.77257050405,0.0,244385.30773500857,606630.0803055126,362550.23195854237,0.0,245611.11582056002,608161.3477791024
699,9907.455684,0.0,0.0,0.0,9907.455684,80.0,362244.77257050405,0.0,244385.30773500857,606630.0803055126,362550.23195854237,0.0,245611.11582056002,608161.3477791024
700,9905.253572,0.0,0.0,0.0,9905.253572,80.0,362244.77257050405,0.0,244385.30773500857,606630.0803055126,362550.23195854237,0.0,245611.11582056002,608161.3477791024
701,9903.051459,0.0,27.2727272727273,0.0,9930.324186272728,104.0,362244.77257050405,0.0,244385.30773500857,606630.0803055126,362550.23195854237,0.0,245611.11582056002,608161.3477791024
702,9901.176249,0.002138,100.0,0.0,10001.174111,192.0,362244.77257050405,0.0,244385.30773500857,606630.0803055126,362550.23195854237,0.0,245611.11582056002,608161.3477791024
703,9899.37452,0.013053,100.0,0.0,9999.361466999999,280.0,362244.77257050405,0.0,244385.30773500857,606630.0803055126,362550.23195854237,0.0,245611.11582056002,608161.3477791024
704,9897.572792,0.016485,100.0,0.0,9997.556307,368.0,362244.77257050405,0.0,244385.30773500857,606630.0803055126,362550.23195854237,0.0,245611.11582056002,608161.3477791024
705,9895.771063,0.01889,100.0,0.0,9995.752173,456.0,362244.77257050405,0.0,244385.30773500857,606630.0803055126,362550.23195854237,0.0,245611.11582056002,608161.3477791024
706,9893.969335,0.024889,100.0,0.0,9993.944446,544.0,362244.77257050405,0.0,244385.30773500857,606630.0803055126,362550.23195854237,0.0,245611.11582056002,608161.3477791024
707,9892.433509,0.036073,100.0,0.0,9992.397436000001,632.0,362244.77257050405,0.0,244385.30773500857,606630.0803055126,362550.23195854237,0.0,245611.11582056002,608161.3477791024
708,9891.032164,0.029236,100.0,0.0,9991.002928,720.0,362244.77257050405,0.0,244385.30773500857,606630.0803055126,362550.23195854237,0.0,245611.11582056002,608161.3477791024
709,9889.63082,0.017552,0.0,100.0,9789.613268000001,620.0,362244.77257050405,0.0,244385.30773500857,606630.0803055126,362550.23195854237,0.0,245611.11582056002,608161.3477791024
710,9888.229476,0.020005,0.0,100.0,9788.209471,520.0,362244.77257050405,0.0,244385.30773500857,606630.0803055126,362550.23195854237,0.0,245611.11582056002,608161.3477791024
711,9886.828131,0.014853,0.0,100.0,9786.813278,420.0,362244.77257050405,0.0,244385.30773500857,606630.0803055126,362550.23195854237,0.0,245611.11582056002,608161.3477791024
712,9885.324336,0.0058579999999999995,0.0,100.0,9785.318478,320.0,362244.77257050405,0.0,244385.30773500857,606630.0803055126,362550.23195854237,0.0,245611.11582056002,608161.3477791024
713,9883.7228,0.0012360000000000001,0.0,100.0,9783.721564,220.0,362244.77257050405,0.0,244385.30773500857,606630.0803055126,362550.23195854237,0.0,245611.11582056002,608161.3477791024
714,9882.121263,0.0,0.0,84.0,9798.121263,136.0,362244.77257050405,0.0,244385.30773500857,606630.0803055126,362550.23195854237,0.0,245611.11582056002,608161.3477791024
715,9880.519727,0.0,0.0,0.0,9880.519727,136.0,362244.77257050405,0.0,244385.30773500857,606630.0803055126,362550.23195854237,0.0,245611.11582056002,608161.3477791024
716,9878.918191,0.0,0.0,0.0,9878.918191,136.0,362244.77257050405,0.0,244385.30773500857,606630.0803055126,362550.23195854237,0.0,245611.11582056002,608161.3477791024
717,9877.244703,0.0,100.0,0.0,9977.244703,224.0,362244.77257050405,0.0,244385.30773500857,606630.0803055126,362550.23195854237,0.0,245611.11582056002,608161.3477791024
718,9875.442974,0.0,100.0,0.0,9975.442974,312.0,362244.77257050405,0.0,244385.30773500857,606630.0803055126,362550.23195854237,0.0,245611.11582056002,608161.3477791024
719,9873.641246,0.0,100.0,0.0,9973.641246,400.0,362244.77257050405,0.0,244385.30773500857,606630.0803055126,362550.23195854237,0.0,245611.11582056002,608161.3477791024
